                                                          Cloudy 23.01
                                                         www.nublado.org

                                                  PRNG seed: 0x5f1dad7a79719dc0

                       **************************************23Jul25**************************************
                       *                                                                                 *
                       * title IC443 grid point v shock=24 km/s                                          *
                       * hden 1.8802                                                                     *
                       * constant temperature, t=10000 K linear                                          *
                       * stop column density 20.15                                                       *
                       * iterate                                                                         *
                       * save results last "v24.rlt"                                                     *
                       *                                                                                 *
                       ***********************************************************************************



 NOTE Setcon: continuum has zero intensity starting at  3.0447e-09 Ryd.
  9244 cells in the incident continuum have zero intensity.  Problems???

 NOTE There is no hydrogen-ionizing radiation.
 Was this intended?

 NOTE There is no Balmer continuum radiation.<<<<
 Was this intended?

           9244CellPeak3.04E-09   Lo 3.04e-09=  29.98m   Hi-Con:7.13E+06 Ryd   E(hi):7.35E+06Ryd     E(hi):     100.00 MeV
           I(nu>1ryd):   0.0000   Average nu:0.000E+00   I( X-ray):   0.0000   I(BalC): -30.0000     Phi(BalmrC): -30.0000
           phi(1.0-1.8): 0.0000   phi(1.8-4.0):  0.000   phi(4.0-20):  0.000   phi(20--):  0.000     Ion pht flx:0.000E+00
           I(gam ray):   0.0000   phi(gam r):   0.0000   I(Infred):   0.0000   Alf(ox):   0.0000     Total inten: -35.9298
           U(1.0----):0.000E+00   U(4.0----):0.000E+00   T(En-Den):0.000E+00   T(Comp):0.000E+00     nuJnu(912A):0.000E+00
           Occ(FarIR):0.000E+00   Occ(H n=6):0.000E+00   Occ(1Ryd):0.000E+00   Occ(4R):0.000E+00     Occ (Nu-hi):0.000E+00
           Tbr(FarIR):0.000E+00   Tbr(H n=6):0.000E+00   Tbr(1Ryd):0.000E+00   Tbr(4R):0.000E+00     Tbr (Nu-hi):0.000E+00
  
                                                  Gas Phase Chemical Composition
        H :  0.0000  He: -1.0000  Li: -8.6904  Be:-10.5800  B : -9.2097  C : -3.6108  N : -4.0701  O : -3.3098  F : -7.5200
        Ne: -4.0000  Na: -5.6696  Mg: -4.4597  Al: -5.5302  Si: -4.4597  P : -6.4949  S : -4.7352  Cl: -6.7190  Ar: -5.6003
        K : -6.8794  Ca: -5.6402  Sc: -8.8297  Ti: -6.9788  V : -8.0000  Cr: -6.3298  Mn: -6.5406  Fe: -4.5498  Co: -7.0799
                                               Ni: -5.7496  Cu: -7.7905  Zn: -7.4001
 
 ####  1  Te:1.000E+04 Hden:7.589E+01 Ne:4.188E-02 R:1.000E+30 R-R0:1.558E+12 dR:3.115E+12 NTR:  1 Htot:2.489E-27 T912: 1.50e-03###
 Hydrogen      1.00e+00 4.64e-04 H+o/Hden 1.00e+00 2.83e-09 H-    H2 5.54e-06 1.89e-10 H2+ HeH+ 2.87e-11 Ho+ ColD 2.36e+14 1.10e+11
 Helium        1.00e+00 2.05e-12 0.00e+00 HeI 2s3S 2.60e-16 Comp H,C 0.00e+00 0.00e+00 Fill Fac 1.00e+00 Gam1/tot 5.03e-09
 He singlet n  1.00e+00 1.32e-22 7.90e-31 6.04e-30 8.67e-32 7.61e-31 He tripl 2.60e-16 1.55e-28 1.00e-29 9.64e-30 4.27e-31
 Pressure      NgasTgas 8.36e+05 P(total) 1.15e-10 P( gas ) 1.15e-10 P(Radtn) 0.00e+00 Rad accl 0.00e+00 ForceMul 0.00e+00
 Texc(La)      2.23e+03 T(I con) 0.00e+00 T(D con) 3.37e-02 T(U tot) 3.37e-02 nT (c+d) 8.15e+03 Prad/Gas 0.00e+00 Pmag/Gas 0.00e+00
 Molecules     CH/Ctot: 2.67e-06 CH+/Ctot 2.49e-08 CO/Ctot: 6.07e-01 CO+/Ctot 2.85e-08 H2O/Otot 8.98e-12 OH/Ototl 2.17e-06
 Lithium       5.88e-03 9.94e-01 0.00e+00 0.00e+00 Berylliu 9.51e-01 4.93e-02 1.60e-08 0.00e+00 0.00e+00 sec ion: 0.00e+00
 Boron         4.64e-01 5.36e-01 2.91e-14 0.00e+00 0.00e+00 0.00e+00
 Carbon        3.87e-01 5.81e-03 1.60e-14 0.00e+00 0.00e+00 0.00e+00 0.00e+00 H2O+/O   8.32e-10 OH+/Otot 5.14e-06 Hex(tot) 0.00e+00
 Nitrogen      9.59e-01 5.04e-04 7.02e-20 0.00e+00 0.00e+00 0.00e+00 0.00e+00 0.00e+00 O2/Ototl 9.36e-11 O2+/Otot 1.34e-07
 Oxygen        6.96e-01 2.60e-04 2.76e-24 0.00e+00 0.00e+00 0.00e+00 0.00e+00 0.00e+00 0.00e+00
 Fluorine      7.69e-01 4.73e-06 1.50e-21 0.00e+00 0.00e+00 0.00e+00 0.00e+00 0.00e+00 0.00e+00 0.00e+00
 Neon          1.00e+00 4.70e-07 0.00e+00 0.00e+00 0.00e+00 0.00e+00 0.00e+00 0.00e+00 0.00e+00 0.00e+00 0.00e+00
 Sodium        1.20e-03 9.99e-01 5.03e-22 0.00e+00 0.00e+00 0.00e+00 0.00e+00 0.00e+00 0.00e+00 0.00e+00 0.00e+00 0.00e+00
 Magnesium     6.03e-02 9.40e-01 7.25e-05 0.00e+00 0.00e+00 0.00e+00 0.00e+00 0.00e+00 0.00e+00 0.00e+00 0.00e+00 0.00e+00 0.00e+00
 Aluminium  0  8.87e-04 9.99e-01 1.78e-07 0.00e+00 0.00e+00 0.00e+00 0.00e+00 0.00e+00 0.00e+00 0.00e+00 0.00e+00 0.00e+00 0.00e+00
 Silicon    0  1.09e-01 3.90e-01 2.92e-06 0.00e+00 0.00e+00 0.00e+00 0.00e+00 0.00e+00 0.00e+00 0.00e+00 0.00e+00 0.00e+00 0.00e+00
 Phosphorus 0  1.12e-03 9.99e-01 8.13e-10 0.00e+00 0.00e+00 0.00e+00 0.00e+00 0.00e+00 0.00e+00 0.00e+00 0.00e+00 0.00e+00 0.00e+00
 Sulphur    0  4.76e-02 7.68e-03 9.42e-13 0.00e+00 0.00e+00 0.00e+00 0.00e+00 0.00e+00 0.00e+00 0.00e+00 0.00e+00 0.00e+00 0.00e+00
 Chlorine   0  1.37e-02 9.86e-01 1.37e-09 0.00e+00 0.00e+00 0.00e+00 0.00e+00 0.00e+00 0.00e+00 0.00e+00 0.00e+00 0.00e+00 0.00e+00
 Argon      0  1.00e+00 2.42e-05 4.23e-17 0.00e+00 0.00e+00 0.00e+00 0.00e+00 0.00e+00 0.00e+00 0.00e+00 0.00e+00 0.00e+00 0.00e+00
 Potassium  0  2.87e-04 1.00e+00 1.19e-13 0.00e+00 0.00e+00 0.00e+00 0.00e+00 0.00e+00 0.00e+00 0.00e+00 0.00e+00 0.00e+00 0.00e+00
 Calcium    0  7.50e-03 9.83e-01 9.31e-03 0.00e+00 0.00e+00 0.00e+00 0.00e+00 0.00e+00 0.00e+00 0.00e+00 0.00e+00 0.00e+00 0.00e+00
 Scandium   0  3.77e-03 9.90e-01 6.34e-03 0.00e+00 0.00e+00 0.00e+00 0.00e+00 0.00e+00 0.00e+00 0.00e+00 0.00e+00 0.00e+00 0.00e+00
 Titanium   0  2.69e-04 9.99e-01 5.36e-04 0.00e+00 0.00e+00 0.00e+00 0.00e+00 0.00e+00 0.00e+00 0.00e+00 0.00e+00 0.00e+00 0.00e+00
 Vanadium   0  9.83e-03 9.90e-01 3.99e-05 0.00e+00 0.00e+00 0.00e+00 0.00e+00 0.00e+00 0.00e+00 0.00e+00 0.00e+00 0.00e+00 0.00e+00
 Chromium   0  1.59e-02 9.84e-01 1.34e-04 0.00e+00 0.00e+00 0.00e+00 0.00e+00 0.00e+00 0.00e+00 0.00e+00 0.00e+00 0.00e+00 0.00e+00
 Manganese  0  2.83e-04 1.00e+00 7.45e-05 0.00e+00 0.00e+00 0.00e+00 0.00e+00 0.00e+00 0.00e+00 0.00e+00 0.00e+00 0.00e+00 0.00e+00
 Iron       0  2.85e-04 1.00e+00 3.83e-05 0.00e+00 0.00e+00 0.00e+00 0.00e+00 0.00e+00 0.00e+00 0.00e+00 0.00e+00 0.00e+00 0.00e+00
 Cobalt     0  8.79e-02 9.12e-01 3.09e-07 0.00e+00 0.00e+00 0.00e+00 0.00e+00 0.00e+00 0.00e+00 0.00e+00 0.00e+00 0.00e+00 0.00e+00
 Nickel     0  3.73e-04 1.00e+00 1.23e-12 0.00e+00 0.00e+00 0.00e+00 0.00e+00 0.00e+00 0.00e+00 0.00e+00 0.00e+00 0.00e+00 0.00e+00
 Copper     0  1.88e-01 8.12e-01 1.81e-11 0.00e+00 0.00e+00 0.00e+00 0.00e+00 0.00e+00 0.00e+00 0.00e+00 0.00e+00 0.00e+00 0.00e+00
 Zinc       0  5.64e-01 4.36e-01 9.87e-08 0.00e+00 0.00e+00 0.00e+00 0.00e+00 0.00e+00 0.00e+00 0.00e+00 0.00e+00 0.00e+00 0.00e+00
 ####237  Te:1.000E+04 Hden:7.589E+01 Ne:5.883E-02 R:1.000E+30 R-R0:1.856E+18 dR:9.790E+15 NTR:  1 Htot:4.401E-27 T912: 8.96e+02###
 Hydrogen      9.99e-01 6.64e-04 H+o/Hden 1.00e+00 4.20e-09 H-    H2 6.96e-06 3.10e-10 H2+ HeH+ 4.70e-11 Ho+ ColD 1.41e+20 8.82e+16
 Helium        1.00e+00 5.71e-11 0.00e+00 HeI 2s3S 3.40e-16 Comp H,C 1.34e-35 4.04e-35 Fill Fac 1.00e+00 Gam1/tot 7.28e-05
 He singlet n  1.00e+00 1.93e-22 4.95e-28 8.11e-30 4.66e-30 1.01e-30 He tripl 3.40e-16 2.03e-28 1.31e-29 1.27e-29 5.72e-31
 Pressure      NgasTgas 8.36e+05 P(total) 1.15e-10 P( gas ) 1.15e-10 P(Radtn) 9.43e-15 Rad accl 1.33e-12 ForceMul 1.20e+06
 Texc(La)      3.05e+03 T(I con) 0.00e+00 T(D con) 9.07e-01 T(U tot) 9.07e-01 nT (c+d) 2.19e+05 Prad/Gas 8.17e-05 Pmag/Gas 0.00e+00
 Molecules     CH/Ctot: 8.60e-06 CH+/Ctot 5.50e-08 CO/Ctot: 4.32e-04 CO+/Ctot 7.00e-11 H2O/Otot 1.88e-11 OH/Ototl 3.87e-06
 Lithium       2.99e-03 9.97e-01 0.00e+00 0.00e+00 Berylliu 2.31e-01 7.69e-01 3.17e-07 0.00e+00 0.00e+00 sec ion: 0.00e+00
 Boron         2.11e-03 9.98e-01 7.10e-14 0.00e+00 0.00e+00 0.00e+00
 Carbon        9.96e-01 3.94e-03 1.52e-14 0.00e+00 0.00e+00 0.00e+00 0.00e+00 H2O+/O   8.46e-10 OH+/Otot 5.84e-06 Hex(tot) 0.00e+00
 Nitrogen      9.92e-01 8.24e-04 3.15e-18 0.00e+00 0.00e+00 0.00e+00 0.00e+00 0.00e+00 O2/Ototl 1.61e-10 O2+/Otot 1.56e-07
 Oxygen        9.99e-01 5.35e-04 7.43e-24 0.00e+00 0.00e+00 0.00e+00 0.00e+00 0.00e+00 0.00e+00
 Fluorine      9.15e-01 5.78e-06 2.23e-21 0.00e+00 0.00e+00 0.00e+00 0.00e+00 0.00e+00 0.00e+00 0.00e+00
 Neon          1.00e+00 4.27e-07 0.00e+00 0.00e+00 0.00e+00 0.00e+00 0.00e+00 0.00e+00 0.00e+00 0.00e+00 0.00e+00
 Sodium        1.31e-03 9.99e-01 6.40e-22 0.00e+00 0.00e+00 0.00e+00 0.00e+00 0.00e+00 0.00e+00 0.00e+00 0.00e+00 0.00e+00
 Magnesium     5.06e-02 9.49e-01 1.04e-04 0.00e+00 0.00e+00 0.00e+00 0.00e+00 0.00e+00 0.00e+00 0.00e+00 0.00e+00 0.00e+00 0.00e+00
 Aluminium  0  6.46e-04 9.99e-01 2.07e-07 0.00e+00 0.00e+00 0.00e+00 0.00e+00 0.00e+00 0.00e+00 0.00e+00 0.00e+00 0.00e+00 0.00e+00
 Silicon    0  1.54e-03 9.98e-01 1.07e-05 0.00e+00 0.00e+00 0.00e+00 0.00e+00 0.00e+00 0.00e+00 0.00e+00 0.00e+00 0.00e+00 0.00e+00
 Phosphorus 0  1.11e-03 9.99e-01 1.06e-09 0.00e+00 0.00e+00 0.00e+00 0.00e+00 0.00e+00 0.00e+00 0.00e+00 0.00e+00 0.00e+00 0.00e+00
 Sulphur    0  7.56e-01 2.44e-01 4.40e-10 0.00e+00 0.00e+00 0.00e+00 0.00e+00 0.00e+00 0.00e+00 0.00e+00 0.00e+00 0.00e+00 0.00e+00
 Chlorine   0  1.22e-02 9.88e-01 1.64e-09 0.00e+00 0.00e+00 0.00e+00 0.00e+00 0.00e+00 0.00e+00 0.00e+00 0.00e+00 0.00e+00 0.00e+00
 Argon      0  1.00e+00 3.95e-05 1.91e-15 0.00e+00 0.00e+00 0.00e+00 0.00e+00 0.00e+00 0.00e+00 0.00e+00 0.00e+00 0.00e+00 0.00e+00
 Potassium  0  3.07e-04 1.00e+00 1.47e-13 0.00e+00 0.00e+00 0.00e+00 0.00e+00 0.00e+00 0.00e+00 0.00e+00 0.00e+00 0.00e+00 0.00e+00
 Calcium    0  3.49e-03 9.88e-01 8.84e-03 0.00e+00 0.00e+00 0.00e+00 0.00e+00 0.00e+00 0.00e+00 0.00e+00 0.00e+00 0.00e+00 0.00e+00
 Scandium   0  2.14e-03 9.92e-01 5.96e-03 0.00e+00 0.00e+00 0.00e+00 0.00e+00 0.00e+00 0.00e+00 0.00e+00 0.00e+00 0.00e+00 0.00e+00
 Titanium   0  2.64e-04 9.99e-01 5.01e-04 0.00e+00 0.00e+00 0.00e+00 0.00e+00 0.00e+00 0.00e+00 0.00e+00 0.00e+00 0.00e+00 0.00e+00
 Vanadium   0  9.94e-03 9.90e-01 4.78e-05 0.00e+00 0.00e+00 0.00e+00 0.00e+00 0.00e+00 0.00e+00 0.00e+00 0.00e+00 0.00e+00 0.00e+00
 Chromium   0  2.96e-03 9.97e-01 1.94e-04 0.00e+00 0.00e+00 0.00e+00 0.00e+00 0.00e+00 0.00e+00 0.00e+00 0.00e+00 0.00e+00 0.00e+00
 Manganese  0  2.80e-04 1.00e+00 1.07e-04 0.00e+00 0.00e+00 0.00e+00 0.00e+00 0.00e+00 0.00e+00 0.00e+00 0.00e+00 0.00e+00 0.00e+00
 Iron       0  2.76e-04 1.00e+00 5.48e-05 0.00e+00 0.00e+00 0.00e+00 0.00e+00 0.00e+00 0.00e+00 0.00e+00 0.00e+00 0.00e+00 0.00e+00
 Cobalt     0  2.53e-02 9.75e-01 4.72e-07 0.00e+00 0.00e+00 0.00e+00 0.00e+00 0.00e+00 0.00e+00 0.00e+00 0.00e+00 0.00e+00 0.00e+00
 Nickel     0  3.65e-04 1.00e+00 1.61e-12 0.00e+00 0.00e+00 0.00e+00 0.00e+00 0.00e+00 0.00e+00 0.00e+00 0.00e+00 0.00e+00 0.00e+00
 Copper     0  5.81e-02 9.42e-01 2.78e-11 0.00e+00 0.00e+00 0.00e+00 0.00e+00 0.00e+00 0.00e+00 0.00e+00 0.00e+00 0.00e+00 0.00e+00
 Zinc       0  6.21e-02 9.38e-01 2.67e-07 0.00e+00 0.00e+00 0.00e+00 0.00e+00 0.00e+00 0.00e+00 0.00e+00 0.00e+00 0.00e+00 0.00e+00
   IC443 grid point v shock=24 km/s  
   Calculation stopped because H column dens reached. Iteration 1 of 2
   The geometry is plane-parallel.
  !Ionization rate fell below background cosmic ray ionization rate.  Should this be added too?
  !   Use the COSMIC RAY BACKGROUND command.
  !Compton cooling rate underflows to zero.  Is this important?
  !Some input lines contained underscores, these were changed to spaces.
  !There is no hydrogen-ionizing radiation.  Was this intended?
  !Thermal collisional ionization of H reached 82.02% of the local ionization rate.
  !Charge transfer H => H+ reached 84561.8% of the local H ionization rate.
  !Charge transfer heating reached 101.75% of the local heating.
  !Continuum zero at some energies.
  !AGE: Cloud age was not set.  Longest timescale was 9.91e+13 s = 3.14e+06 years.
  !Heating - cooling mismatch =200.0%. Caused by constant temperature assumption. 
  !Mutual neutralization production of H-alpha was significant.
  !Incident radiation field energy density is less than 2.7K.  Add background with CMB command.
  !The CMB was not included.  This is added with the CMB command.
  !The intensity of the incident radiation field is less than 10 times the Habing diffuse ISM field.  Is this OK?
  !   Consider adding diffuse ISM emission with TABLE ISM command.
  !An ionization jump occurred elem S  1, by 192% from 4.76e-02 (zone 1) to 3.33e-01 (zone 2) to 6.40e-01 (zone 3)
   H2 deexec cooling reached 0.82% of the local heating.
   The density is too low to l-mix the lowest H  I collapsed level.  More resolved levels are needed for accurate line ratios.
   The density is too low to l-mix the lowest He I collapsed level.  More resolved levels are needed for accurate line ratios.
   Grains were not present but might survive in this environment (energy density temperature was 0.00e+00K)
   The local H2 cooling rate reached 4.3% of the local cooling.
   H- absorption heating was 9.4% of the total.
   The fraction of N in NH reached 0.123% at some point in the cloud.
   The fraction of N in N2 reached 0.483% at some point in the cloud.
   The fraction of F in HF reached 8.52% at some point in the cloud.

                       *********************************> Cloudy 23.01 <**********************************
                       * title IC443 grid point v shock=24 km/s                                          *
                       * hden 1.8802                                                                     *
                       * constant temperature, t=10000 K linear                                          *
                       * stop column density 20.15                                                       *
                       * iterate                                                                         *
                       * save results last "v24.rlt"                                                     *
                       *********************************> Log(U):-37.00 <*********************************

                     Emission Line Spectrum.   Constant  Density Model.    Open geometry.  Iteration 1 of 2.
                                                     Intensity (erg/s/cm^2).


                                                   Intrinsic line intensities
general properties.............................      Ca 1                4226.73A   -8.208    0.1211      Fe 2                5060.09A   -9.965    0.0021
TotH                      0    -8.148    0.1390      Ca 1                6439.08A   -9.199    0.0124      Fe 2                4576.40A  -10.217    0.0012
TotC                      0    -3.474 6563.6309      Ca 1                6449.81A  -10.286    0.0010      Fe 2                1.34608m  -10.264    0.0011
TotM                      0    -8.864    0.0268      Ca 1                6462.57A   -9.397    0.0078      Fe 2                1.11648m  -10.081    0.0016
CT H                      0    -8.297    0.0988      Ca 1                6471.66A  -10.250    0.0011      Fe 2                5048.19A   -9.931    0.0023
H FB                      0    -8.654    0.0434      Ca 1                6493.78A   -9.585    0.0051      Fe 2                1.71482m   -9.516    0.0060
HFBc                      0    -8.654    0.0434      Ca 1                6499.65A  -10.290    0.0010      Fe 2                9949.21A   -9.848    0.0028
H  1c                     0    -4.385  806.1847      Cl 1                11.3303m   -8.525    0.0584      Fe 2                7975.22A  -10.030    0.0018
NOc                       0    -9.601    0.0049      Co 2                9335.96A   -9.439    0.0071      Fe 2                1.47063m  -10.286    0.0010
CNc                       0    -8.406    0.0767      Co 2                9639.13A   -9.876    0.0026      Fe 2                1.01273m   -9.961    0.0021
OHc                       0    -9.449    0.0070      Co 2                10.5199m   -8.273    0.1043      Fe 2                6353.11A  -10.082    0.0016
HFc                       0    -9.131    0.0145      Co 2                15.4548m   -9.158    0.0136      Fe 2                1.80228m  -10.183    0.0013
COc                       0    -5.645   44.2939      Co 2                2.98382m   -7.758    0.3410      Fe 2                1.00387m  -10.111    0.0015
^13COc                    0    -7.165    1.3384      Co 2                14.7345m   -8.803    0.0307      Fe 2                9469.41A   -9.995    0.0020
SiOc                      0    -9.441    0.0071      Co 2                18.7989m   -9.322    0.0093      Fe 2                9384.77A   -9.485    0.0064
SiSc                      0    -9.575    0.0052      Co 2                25.6819m  -10.010    0.0019      Fe 2                2.39329m   -9.535    0.0057
OH+c                      0    -9.365    0.0084      Co 2                1.01879m   -8.490    0.0633      Fe 2                4825.73A   -9.012    0.0190
CHc                       0    -9.601    0.0049      Co 2                1.12804m   -9.461    0.0068      Fe 2                2.50030m   -9.872    0.0026
CHc                       0    -9.191    0.0126      Co 2                1.54700m   -8.735    0.0360      Fe 2                4867.73A  -10.053    0.0017
Al 1c                     0    -9.972    0.0021      Co 2                1.72847m   -9.731    0.0036      Fe 2                2.59860m  -10.255    0.0011
C  1c                     0    -4.587  505.7944      Co 2                1.90349m   -9.571    0.0052      Fe 2                4903.85A   -9.505    0.0061
C  2c                     0    -6.589    5.0371      Co 2                1.02452m   -9.294    0.0099      Fe 2                1.04657m  -10.288    0.0010
Ca 1c                     0    -8.116    0.1495      Co 2                1.09726m   -9.922    0.0023      Fe 2                3.58120m   -9.880    0.0026
Cl 1c                     0    -8.525    0.0584      Co 2                1.49674m  -10.159    0.0014      Fe 2                3.15558m   -9.910    0.0024
Co 2c                     0    -7.409    0.7620      Co 2                1.62622m  -10.147    0.0014      Fe 2                5171.63A   -9.313    0.0095
Cr 2c                     0    -6.971    2.0893      Co 2                1.73616m   -9.853    0.0027      Fe 2                5169.03A   -8.515    0.0598
Cu 1c                     0    -9.962    0.0021      Co 2                1.02803m   -9.892    0.0025      Fe 2                5018.44A  -10.248    0.0011
Fe 1c                     0    -7.826    0.2921      Co 2                8580.39A   -9.948    0.0022      Fe 2                6044.54A   -9.757    0.0034
Fe 2c                     0    -4.666  422.0490      Co 2                9342.40A   -8.643    0.0444      Fe 2                5316.61A  -10.213    0.0012
Fe 3c                     0    -9.522    0.0059      Co 2                9943.48A   -8.991    0.0200      Fe 3                22.9190m  -10.239    0.0011
K  1c                     0    -9.976    0.0021      Co 2                7539.01A   -9.312    0.0095      Fe 3                4985.87A  -10.100    0.0016
Mg 1c                     0    -6.211   12.0160      Co 2                8121.00A   -9.024    0.0185      K  1                7664.90A  -10.153    0.0014
Mn 2c                     0    -7.307    0.9637      Co 2                8571.41A   -9.631    0.0046      Mg 1                2025.82A   -8.996    0.0197
N  1c                     0    -5.581   51.3379      Co 2                6.21176m  -10.273    0.0010      Mg 1                2852.13A   -6.727    3.6649
Na 1c                     0    -8.641    0.0447      Co 2                8027.34A   -9.490    0.0063      Mg 1                3832.30A   -9.798    0.0031
Ni 1c                     0    -8.886    0.0254      Co 2                8467.14A   -9.903    0.0024      Mg 1                3838.29A   -9.381    0.0081
O  1c                     0    -3.881 2573.8047      Co 2                8333.76A   -9.671    0.0042      Mg 1                3838.29A  -10.276    0.0010
O  2c                     0    -8.071    0.1659      Cr 2                8000.08A   -7.474    0.6558      Mg 1                4562.60A   -6.532    5.7391
P  2c                     0    -6.651    4.3633      Cr 2                8125.30A   -7.548    0.5532      Mg 1                4571.10A   -6.971    2.0914
S  1c                     0    -6.497    6.2258      Cr 2                8229.67A   -7.643    0.4453      Mg 1                4575.29A   -7.899    0.2469
S  2c                     0    -5.700   38.9762      Cr 2                8308.49A   -7.830    0.2893      Mg 1                5167.32A   -9.057    0.0171
Sc 2c                     0    -8.691    0.0398      Cr 2                8357.64A   -8.127    0.1458      Mg 1                5172.68A   -8.583    0.0511
Si 1c                     0    -7.998    0.1964      Cu 1                3247.54A  -10.136    0.0014      Mg 1                5183.60A   -8.363    0.0848
Si 2c                     0    -4.127 1460.6862      Fe 1                24.0358m   -7.925    0.2322      Mg 1                8806.76A   -8.644    0.0444
Zn 2c                     0    -9.024    0.0185      Fe 1                34.7038m   -8.513    0.0599      Mg 1                1.18282m   -8.831    0.0289
Al 2c                     0    -6.487    6.3633      Fe 2                25.9813m   -5.839   28.3186      Mg 1                1.50250m   -9.623    0.0047
Ca 2c                     0    -5.221  117.5883      Fe 2                5.33871m   -5.317   94.2439      Mg 1                1.50402m  -10.068    0.0017
Cl 2c                     0    -7.045    1.7635      Fe 2                4.11387m   -7.679    0.4092      Mg 1                1.71087m   -9.383    0.0081
Mg 2c                     0    -4.991  199.7554      Fe 2                1.25668m   -6.588    5.0464      Mn 2                2576.10A   -7.689    0.4004
N  2c                     0    -8.229    0.1154      Fe 2                1.19129m   -9.373    0.0083      Mn 2                2593.72A   -7.782    0.3229
Ni 2c                     0    -6.026   18.3988      Fe 2                6309.53A  -10.219    0.0012      Mn 2                2605.68A   -7.922    0.2337
continua.......................................      Fe 2                4799.30A  -10.116    0.0015      Mn 2                3438.97A   -9.561    0.0054
Bac                 3646.00A   -7.930    0.2299      Fe 2                4704.22A   -9.341    0.0089      Mn 2                3460.03A  -10.171    0.0013
nFnu                3645.00A   -5.376   82.2516      Fe 2                4632.28A   -7.548    0.5534      N  1                1134.17A  -10.178    0.0013
nFnu                3647.00A   -5.377   82.0217      Fe 2                4604.48A   -9.331    0.0091      N  1                1134.41A   -9.915    0.0024
cout                3646.00A   -8.231    0.1149      Fe 2                4416.27A   -7.530    0.5775      N  1                1134.98A   -9.774    0.0033
cref                3646.00A   -8.231    0.1149      Fe 2                4382.74A   -8.499    0.0619      N  1                1199.55A   -9.451    0.0069
thin                3646.00A   -7.930    0.2299      Fe 2                4287.39A   -6.567    5.3002      N  1                1200.22A   -9.623    0.0047
Ba C                      0    -8.686    0.0403      Fe 2                3931.44A  -10.161    0.0013      N  1                1200.71A   -9.925    0.0023
PA C                      0    -9.103    0.0154      Fe 2                3874.07A   -9.792    0.0032      N  1                3466.50A   -7.927    0.2315
FIR                 83.0000m   -3.859 2706.6423      Fe 2                3175.38A   -8.378    0.0818      N  1                3466.54A   -8.600    0.0492
TIR                 1800.00m   -5.319   93.8629      Fe 2                2599.40A   -8.404    0.0770      N  1                5197.90A   -5.995   19.7608
NIRa                2.85000m   -3.962 2134.1877      Fe 2                2585.88A   -9.414    0.0075      N  1                5200.26A   -5.819   29.6711
NIRb                3.00000m   -5.128  145.5389      Fe 2                2382.04A   -6.762    3.3805      N  1                1.03977m   -7.431    0.7244
MIRa                15.0000m   -5.223  117.1017      Fe 2                2373.74A  -10.022    0.0019      N  1                1.03982m   -7.954    0.2174
MIRb                22.5000m   -4.085 1606.1953      Fe 2                2343.50A   -9.214    0.0119      N  1                1.04072m   -7.779    0.3251
NMIR                21.7500m   -3.962 2134.1877      Fe 2                35.3391m   -6.501    6.1717      N  1                1.04076m   -7.767    0.3345
TFIR                611.250m   -4.574  521.4926      Fe 2                6.71944m   -6.457    6.8321      Na 1                5889.95A   -8.941    0.0224
TALL                10000.0A   -3.488 6351.0752      Fe 2                4.88781m   -7.343    0.8881      Na 1                5895.92A   -8.941    0.0224
F12                 12.0000m   -7.123    1.4719      Fe 2                4.07521m   -8.164    0.1339      Ni 1                7.50454m   -8.886    0.0254
F25                 25.0000m   -5.735   36.0124      Fe 2                1.32055m   -7.085    1.6089      O  1                1027.43A  -10.204    0.0012
F60                 60.0000m   -3.935 2270.2317      Fe 2                1.24854m   -8.119    0.1487      O  1                1027.43A   -9.912    0.0024
F100                100.000m   -6.432    7.2213      Fe 2                1.20512m   -9.931    0.0023      O  1                1028.16A  -10.080    0.0016
MIPS                24.0000m   -5.735   36.0072      Fe 2                7637.52A   -7.388    0.7992      O  1                1304.86A   -8.556    0.0544
MIPS                70.0000m   -3.936 2266.5786      Fe 2                7523.28A   -9.436    0.0072      O  1                1306.03A   -9.049    0.0175
MIPS                160.000m   -4.941  223.7688      Fe 2                4889.62A   -7.412    0.7571      O  1                1355.60A   -8.595    0.0497
IRAC                3.60000m   -8.350    0.0873      Fe 2                4750.27A  -10.144    0.0014      O  1                1358.51A   -9.069    0.0167
IRAC                4.50000m   -7.029    1.8282      Fe 2                4716.37A   -8.426    0.0733      O  1                2972.29A   -8.077    0.1638
IRAC                5.80000m   -5.316   94.3956      Fe 2                4687.56A   -8.629    0.0459      O  1                5577.34A   -7.127    1.4586
IRAC                8.00000m   -6.324    9.2802      Fe 2                4492.64A   -8.399    0.0780      O  1                6300.30A   -5.430   72.6077
SPR1                250.000m   -6.477    6.5204      Fe 2                4457.95A   -7.797    0.3118      O  1                6363.78A   -5.926   23.1941
SPR2                350.000m   -5.021  186.4237      Fe 2                4432.45A   -8.591    0.0501      O  1                6391.73A   -9.254    0.0109
SPR3                500.000m   -6.655    4.3269      Fe 2                4359.33A   -6.698    3.9210      O  1                44.0453m   -9.561    0.0054
PAC1                70.0000m   -3.936 2267.6482      Fe 2                3224.54A   -9.475    0.0066      O  1                63.1679m   -3.936 2264.0681
PAC2                100.000m   -6.432    7.2219      Fe 2                3214.67A   -8.892    0.0251      O  1                145.495m   -4.964  212.1576
PAC3                160.000m   -4.933  228.1732      Fe 2                2625.67A   -5.854   27.3466      O  2                2470.34A  -10.098    0.0016
PAH                 3.30000m   -9.156    0.0136      Fe 2                2611.87A   -6.579    5.1566      O  2                3728.81A   -8.305    0.0969
PAHC                3.23000m   -9.436    0.0072      Fe 2                2598.37A   -7.810    0.3031      O  2                3726.03A   -8.481    0.0646
PAHC                3.37000m   -9.426    0.0073      Fe 2                2395.63A   -6.863    2.6820      P  2                60.6263m   -7.389    0.7986
PAH                 6.20000m   -9.204    0.0122      Fe 2                2388.63A   -7.908    0.2417      P  2                1532.53A   -9.924    0.0023
PAHC                5.65000m   -8.113    0.1508      Fe 2                2383.06A   -9.831    0.0029      P  2                32.8620m   -7.492    0.6294
PAH                 7.90000m   -8.707    0.0383      Fe 2                2364.83A   -7.264    1.0653      P  2                1.14682m   -7.409    0.7618
PAHC                6.90000m   -6.326    9.2366      Fe 2                2332.80A   -8.332    0.0910      P  2                4669.25A   -9.074    0.0165
PAH                 11.3000m   -8.507    0.0608      Fe 2                2279.91A   -9.915    0.0024      P  2                2195.57A   -9.353    0.0087
PAHC                10.9000m   -8.206    0.1217      Fe 2                51.2868m   -7.019    1.8722      P  2                1536.42A  -10.011    0.0019
PAH                 11.8000m   -9.891    0.0025      Fe 2                5.67236m   -8.154    0.1371      P  2                1535.92A   -9.787    0.0032
PAHC                12.6500m   -7.953    0.2179      Fe 2                4.60641m   -7.964    0.2125      P  2                1.18828m   -6.986    2.0192
PAH                 13.3000m   -9.686    0.0040      Fe 2                4.08085m   -8.710    0.0381      P  2                2210.34A   -8.900    0.0246
PAHC                14.1000m   -7.614    0.4757      Fe 2                1.37181m   -7.328    0.9184      P  2                1542.30A  -10.076    0.0016
Bcon                3640.00A   -4.268 1055.0887      Fe 2                1.29427m   -7.904    0.2437      P  2                7875.99A   -8.326    0.0923
Pcon                5000.00A   -4.692  397.4925      Fe 2                7806.23A   -9.161    0.0135      S  1                1483.04A   -9.905    0.0024
O3bn                5007.00A   -6.551    5.4980      Fe 2                7686.93A   -7.466    0.6685      S  1                1820.34A   -8.610    0.0480
HFFc                      0    -7.441    0.7078      Fe 2                7552.40A   -9.945    0.0022      S  1                1826.24A   -9.093    0.0158
H FF                      0    -9.052    0.0173      Fe 2                4958.23A   -9.263    0.0107      S  1                25.2421m   -6.547    5.5504
MeFB                      0    -9.451    0.0069      Fe 2                4750.57A   -9.260    0.0108      S  1                56.2957m   -7.506    0.6096
MeFF                      0    -9.802    0.0031      Fe 2                4728.07A   -8.060    0.1701      S  2                6730.82A   -6.123   14.7268
ToFF                      0    -8.981    0.0204      Fe 2                4514.90A   -8.423    0.0738      S  2                6716.44A   -5.962   21.3563
Mion                      0    -8.379    0.0817      Fe 2                4488.75A   -8.142    0.1409      S  2                4076.35A   -7.671    0.4169
nFnu                122.400m   -9.972    0.0021      Fe 2                4470.30A   -9.345    0.0088      S  2                4068.60A   -7.180    1.2918
nFnu                60.8322m   -9.598    0.0049      Fe 2                4413.78A   -6.849    2.7682      S  2                1.03364m   -7.809    0.3033
nFnu                41.2152m   -9.383    0.0081      Fe 2                3254.24A   -8.952    0.0218      S  2                1.02867m   -7.806    0.3055
nFnu                30.8695m   -9.222    0.0117      Fe 2                3244.18A   -9.247    0.0111      S  2                1.03705m   -8.131    0.1445
nFnu                24.7829m   -9.097    0.0156      Fe 2                2631.32A   -6.833    2.8687      S  2                1.03205m   -7.672    0.4156
nFnu                24.2998m   -9.085    0.0161      Fe 2                2617.62A   -8.278    0.1031      S  2                1259.52A   -9.428    0.0073
nFnu                22.8302m   -9.051    0.0174      Fe 2                2607.09A   -8.153    0.1374      S  2                1253.81A   -9.507    0.0061
nFnu                21.4199m   -9.014    0.0189      Fe 2                2404.89A   -7.854    0.2733      S  2                1250.58A   -9.818    0.0030
nFnu                21.1235m   -9.005    0.0193      Fe 2                2399.24A   -8.674    0.0414      Sc 2                4246.82A   -9.846    0.0028
nFnu                19.6199m   -8.962    0.0213      Fe 2                2395.42A   -9.683    0.0041      Sc 2                7043.49A   -9.616    0.0047
nFnu                17.6534m   -8.901    0.0246      Fe 2                2380.76A   -6.669    4.1878      Sc 2                8261.17A  -10.130    0.0014
nFnu                17.3700m   -8.891    0.0251      Fe 2                2348.30A   -8.417    0.0748      Sc 2                8271.28A  -10.016    0.0019
nFnu                15.6901m   -8.829    0.0290      Fe 2                2327.40A   -9.007    0.0192      Sc 2                8326.62A  -10.270    0.0010
nFnu                14.6036m   -8.786    0.0320      Fe 2                87.3597m   -7.721    0.3719      Sc 2                8347.28A   -9.835    0.0029
nFnu                12.4300m   -8.685    0.0404      Fe 2                5.06097m   -8.622    0.0467      Sc 2                8384.33A  -10.147    0.0014
nFnu                11.4000m   -8.630    0.0458      Fe 2                4.43363m   -8.539    0.0565      Sc 2                1.07804m  -10.214    0.0012
nFnu                10.4600m   -8.574    0.0522      Fe 2                1.40951m   -9.949    0.0022      Sc 2                2.03194m   -9.752    0.0035
nFnu                9.48002m   -8.510    0.0605      Fe 2                1.32777m   -8.088    0.1597      Sc 2                2.04712m  -10.099    0.0016
nFnu                9.32488m   -8.498    0.0620      Fe 2                1.27877m   -8.145    0.1401      Sc 2                2.07591m   -9.743    0.0035
nFnu                8.21035m   -8.411    0.0759      Fe 2                1.25214m   -9.185    0.0128      Sc 2                2.07842m   -9.577    0.0052
nFnu                7.58000m   -8.354    0.0864      Fe 2                7926.88A   -9.422    0.0074      Sc 2                2.08152m   -9.846    0.0028
nFnu                7.05026m   -8.301    0.0978      Fe 2                7803.89A   -9.163    0.0134      Sc 2                2.11129m  -10.020    0.0019
nFnu                4.11370m   -7.862    0.2689      Fe 2                7665.28A   -8.416    0.0750      Sc 2                2.12445m  -10.018    0.0019
nFnu                2.32440m   -7.306    0.9671      Fe 2                5006.63A   -8.563    0.0535      Si 1                2207.98A  -10.190    0.0013
nFnu                1.64313m   -6.939    2.2506      Fe 2                4772.06A   -9.376    0.0082      Si 1                2211.75A   -9.726    0.0037
nFnu                1.48022m   -6.824    2.9346      Fe 2                4639.67A   -9.060    0.0170      Si 1                2514.32A  -10.047    0.0018
nFnu                1.43649m   -6.789    3.1800      Fe 2                4528.39A   -8.671    0.0417      Si 1                2519.20A   -9.104    0.0154
nFnu                1.11867m   -6.509    6.0551      Fe 2                4509.61A   -9.018    0.0187      Si 1                2528.51A   -8.888    0.0253
nFnu                8329.68A   -6.192   12.5555      Fe 2                4452.10A   -7.041    1.7775      Si 1                68.4548m   -8.389    0.0799
nFnu                8078.61A   -6.160   13.5178      Fe 2                3277.55A   -9.176    0.0130      Si 1                129.641m   -8.458    0.0681
nFnu                6209.66A   -5.892   25.0690      Fe 2                3277.12A  -10.080    0.0016      Si 2                34.8046m   -4.131 1446.8175
nFnu                4885.36A   -5.656   43.1450      Fe 2                3275.02A   -9.252    0.0109      Si 2                2334.41A   -7.289    1.0038
nFnu                3704.34A   -5.392   79.3362      Fe 2                2631.05A   -8.001    0.1951      Si 2                2328.52A   -7.906    0.2426
nFnu                3587.67A   -5.363   84.8352      Fe 2                2620.41A   -9.891    0.0025      Si 2                1808.01A   -7.218    1.1821
nFnu                2430.05A   -5.010  191.0569      Fe 2                2613.82A   -8.768    0.0333      Si 2                1260.42A   -9.442    0.0071
nFnu                2392.03A   -4.996  197.3859      Fe 2                2410.52A   -8.638    0.0450      Si 2                2350.17A   -7.161    1.3503
nFnu                2071.34A   -4.877  259.3516      Fe 2                2406.66A   -8.911    0.0240      Si 2                2344.20A   -6.758    3.4167
nFnu                2052.68A   -4.869  264.0848      Fe 2                2404.43A   -9.747    0.0035      Si 2                2334.60A   -6.866    2.6629
nFnu                1793.44A   -4.773  329.9897      Fe 2                2359.11A   -8.728    0.0366      Si 2                1817.45A   -7.353    0.8679
nFnu                1585.12A   -4.706  384.9290      Fe 2                2338.01A   -8.785    0.0321      Si 2                1816.93A   -6.902    2.4470
nFnu                1458.33A   -4.698  391.5791      Fe 2                4.67067m   -9.164    0.0134      Si 2                1533.43A   -7.703    0.3870
nFnu                1356.96A   -4.739  356.7051      Fe 2                1.29777m   -8.475    0.0654      Si 2                1309.28A   -8.489    0.0634
nFnu                1297.29A   -4.851  275.3287      Fe 2                1.27034m   -8.347    0.0879      Si 2                1265.00A   -8.263    0.1068
nFnu                1262.79A   -5.028  183.0855      Fe 2                7999.47A  -10.169    0.0013      Si 2                1264.74A   -8.698    0.0392
nFnu                1218.08A   -9.087    0.0160      Fe 2                7874.24A   -8.517    0.0595      Si 2                1197.39A   -8.582    0.0512
nFnu                1196.33A   -8.591    0.0501      Fe 2                7733.14A   -9.063    0.0169      Si 2                1194.50A   -8.791    0.0316
nFnu                1175.06A   -8.536    0.0570      Fe 2                4798.28A   -8.926    0.0232      Si 2                3862.60A   -9.891    0.0025
nFnu                1143.64A   -8.660    0.0428      Fe 2                4664.45A   -9.574    0.0052      Si 2                3856.02A   -9.865    0.0027
nFnu                1113.22A   -8.773    0.0330      Fe 2                4533.01A   -9.566    0.0053      Si 2                6371.37A   -9.808    0.0030
nFnu                1103.23A   -8.802    0.0309      Fe 2                4474.90A   -7.354    0.8658      Si 2                6347.11A   -9.731    0.0036
nFnu                1073.86A   -9.072    0.0166      Fe 2                3289.89A   -9.562    0.0054      Zn 2                2062.00A   -9.428    0.0073
nFnu                1064.34A   -9.115    0.0150      Fe 2                3289.46A   -9.341    0.0089      Zn 2                2025.48A   -9.195    0.0125
nFnu                1035.92A   -9.232    0.0115      Fe 2                2628.29A   -8.449    0.0696      Al 2                2669.15A   -6.936    2.2641
nFnu                1000.00A   -9.398    0.0078      Fe 2                2621.67A   -9.356    0.0086      Al 2                2660.35A   -6.762    3.3783
nFnu                925.144A   -9.367    0.0084      Fe 2                2413.31A   -9.154    0.0137      Al 2                1670.79A   -7.434    0.7201
nFnu                897.800A   -9.814    0.0030      Fe 2                2411.07A   -9.164    0.0134      Al 2                3900.67A  -10.172    0.0013
RRC............................................      Fe 2                2344.28A   -8.868    0.0265      Ca 2                7323.89A   -5.710   38.0987
H  1                911.753A   -8.044    0.1767      Fe 2                17.9311m   -6.305    9.6937      Ca 2                7291.47A   -5.541   56.2746
H  1                3645.98A   -9.108    0.0152      Fe 2                1.64355m   -5.410   76.0021      Ca 2                3968.47A   -7.277    1.0334
H  1                3645.98A   -8.762    0.0338      Fe 2                1.53348m   -6.536    5.6955      Ca 2                8662.14A   -6.455    6.8560
H  1                8203.57A   -9.843    0.0028      Fe 2                8616.95A   -6.799    3.1056      Ca 2                3933.66A   -7.244    1.1149
H  1                8203.57A   -9.449    0.0070      Fe 2                7155.17A   -6.928    2.3079      Ca 2                8498.02A   -7.138    1.4232
H  1                8203.57A   -9.552    0.0055      Fe 2                6896.17A   -8.380    0.0816      Ca 2                8542.09A   -6.191   12.5912
H  1                1.45842m   -9.928    0.0023      Fe 2                5413.37A   -8.838    0.0284      Ca 2                3706.02A   -8.802    0.0308
H  1                1.45842m   -9.924    0.0023      Fe 2                5280.27A   -9.374    0.0083      Ca 2                3736.90A   -8.506    0.0610
H  1                1.45842m  -10.266    0.0011      Fe 2                5273.36A   -6.926    2.3172      Ca 2                3158.87A   -8.823    0.0294
H  1                2.27878m  -10.286    0.0010      Fe 2                5158.79A   -6.315    9.4603      Ca 2                3181.27A   -9.528    0.0058
H  1                2.27878m  -10.250    0.0011      Fe 2                5111.64A   -7.222    1.1724      Ca 2                3179.33A   -8.574    0.0522
Al 1                2070.66A  -10.247    0.0011      Fe 2                5072.41A   -6.968    2.1061      Ca 2                1.19497m  -10.258    0.0011
Si 1                1520.96A   -9.244    0.0111      Fe 2                5039.10A   -8.402    0.0775      Ca 2                1.18390m   -9.950    0.0022
S  1                1196.76A   -9.754    0.0034      Fe 2                4814.54A   -7.272    1.0455      Ca 2                1838.01A   -9.760    0.0034
grains.........................................      Fe 2                4774.73A   -7.712    0.3798      Ca 2                1840.03A   -9.604    0.0049
H-like iso-sequence............................      Fe 2                4745.49A   -8.763    0.0337      Ca 2                2112.76A  -10.232    0.0011
Cool                1215.67A   -4.605  485.3254      Fe 2                4661.78A   -9.862    0.0027      Cl 2                14.3639m   -7.615    0.4740
Crst                960.000A   -4.785  320.8593      Fe 2                4243.97A   -6.641    4.4631      Cl 2                33.2721m   -8.696    0.0394
CION                      0    -6.846    2.7885      Fe 2                4177.20A   -7.731    0.3629      Cl 2                8578.70A   -7.303    0.9723
Dest                1215.67A   -9.812    0.0030      Fe 2                4146.65A   -9.307    0.0096      Cl 2                9123.60A   -7.888    0.2529
Ca B                1215.67A   -7.682    0.4068      Fe 2                4114.48A   -9.647    0.0044      Cl 2                3677.85A   -9.226    0.0116
CaBo                4861.32A   -9.215    0.0119      Fe 2                3929.35A   -9.900    0.0025      Cl 2                6161.84A   -9.180    0.0129
Ca A                1215.67A   -7.872    0.2622      Fe 2                3387.09A   -8.147    0.1394      Mg 2                2802.71A   -5.465   66.9438
Ca A                1025.72A   -8.519    0.0592      Fe 2                3376.20A   -7.349    0.8750      Mg 2                2795.53A   -5.169  132.4629
Ca A                972.537A   -8.930    0.0230      Fe 2                2732.45A   -8.479    0.0649      Mg 2                2936.52A   -8.397    0.0784
Ca A                949.743A   -9.233    0.0114      Fe 2                2493.30A   -6.098   15.6048      Mg 2                2928.64A   -8.698    0.0391
Ca A                937.803A   -9.476    0.0065      Fe 2                2484.20A   -9.673    0.0041      Mg 2                2797.93A   -9.137    0.0143
Ca A                930.748A   -9.678    0.0041      Fe 2                2360.00A   -7.966    0.2116      Mg 2                2790.77A   -8.434    0.0719
Ca A                926.226A   -9.852    0.0028      Fe 2                2348.12A   -8.009    0.1915      Mg 2                2798.00A   -8.181    0.1288
Ca A                923.150A  -10.004    0.0019      Fe 2                2331.31A   -9.728    0.0037      Mg 2                9244.22A  -10.261    0.0011
Ca A                920.963A  -10.141    0.0014      Fe 2                24.5126m   -7.004    1.9349      Mg 2                9218.22A   -9.961    0.0021
Ca A                919.351A  -10.264    0.0011      Fe 2                1.80940m   -6.011   19.0586      N  2                205.283m   -9.501    0.0062
Ca A                6562.80A   -8.942    0.0224      Fe 2                1.67688m   -6.961    2.1387      N  2                121.769m   -9.726    0.0037
Ca A                4861.32A   -9.392    0.0079      Fe 2                1.59948m   -6.868    2.6490      N  2                6548.05A   -8.875    0.0261
Ca A                4340.46A   -9.717    0.0038      Fe 2                9051.95A   -6.640    4.4744      N  2                6583.45A   -8.406    0.0768
Ca A                4101.73A   -9.971    0.0021      Fe 2                8891.93A   -7.065    1.6834      N  2                5754.59A  -10.254    0.0011
Ca A                3970.07A  -10.180    0.0013      Fe 2                7452.56A   -7.420    0.7435      N  2                2142.77A  -10.259    0.0011
Ca A                1.87510m   -9.734    0.0036      Fe 2                7172.00A   -7.335    0.9040      Ni 2                1.19102m   -6.286   10.1186
Ca A                1.28181m  -10.061    0.0017      Fe 2                6275.53A   -9.293    0.0100      Ni 2                6.63416m   -6.914    2.3818
Ca B                6562.80A   -8.760    0.0340      Fe 2                5527.36A   -7.910    0.2407      Ni 2                1.07151m   -7.908    0.2417
Ca B                4861.32A   -9.217    0.0119      Fe 2                5440.48A   -9.667    0.0042      Ni 2                10.6793m   -7.545    0.5569
Ca B                4340.46A   -9.546    0.0056      Fe 2                5433.15A   -7.440    0.7097      Ni 2                1.27792m   -9.732    0.0036
Ca B                4101.73A   -9.803    0.0031      Fe 2                5261.63A   -6.695    3.9427      Ni 2                1.16130m   -8.423    0.0738
Ca B                3970.07A  -10.015    0.0019      Fe 2                5220.08A   -7.971    0.2091      Ni 2                12.7253m   -7.960    0.2143
Ca B                3889.05A  -10.195    0.0012      Fe 2                5184.80A   -7.866    0.2660      Ni 2                9882.95A   -9.172    0.0131
Ca B                1.87510m   -9.687    0.0040      Fe 2                5158.01A   -7.816    0.2988      Ni 2                1.09177m   -8.710    0.0381
Ca B                1.28181m  -10.004    0.0019      Fe 2                4947.39A   -7.216    1.1899      Ni 2                18.2355m   -8.677    0.0412
Ca B                1.09381m  -10.260    0.0011      Fe 2                4905.35A   -7.567    0.5302      Ni 2                9374.87A   -9.465    0.0067
H  1                2431.34A   -4.822  294.1989      Fe 2                4874.50A   -7.609    0.4804      Ni 2                7377.83A   -7.076    1.6409
H  1                1215.67A   -4.588  504.9754      Fe 2                4852.74A   -8.970    0.0209      Ni 2                8300.99A   -8.372    0.0830
H  1                6562.80A   -6.529    5.7843      Fe 2                4346.86A   -7.269    1.0526      Ni 2                1.93877m   -7.784    0.3215
H  1                4861.32A   -7.291    1.0000      Fe 2                4276.84A   -7.193    1.2546      Ni 2                2.36883m   -9.071    0.0166
H  1                4340.46A   -7.672    0.4161      Fe 2                4244.82A   -8.004    0.1935      Ni 2                2.91064m   -8.739    0.0356
H  1                4101.73A   -9.367    0.0084      Fe 2                4231.56A   -9.605    0.0049      Ni 2                6666.80A   -7.920    0.2348
H  1                3970.07A   -9.658    0.0043      Fe 2                4211.11A   -9.581    0.0051      Ni 2                7411.61A   -7.702    0.3886
H  1                3889.05A   -9.891    0.0025      Fe 2                3455.11A   -8.253    0.1092      Ni 2                1.76458m   -9.847    0.0028
H  1                3835.38A  -10.086    0.0016      Fe 2                3452.31A   -7.942    0.2236      Ni 2                2.04866m   -9.425    0.0074
H  1                3797.90A  -10.253    0.0011      Fe 2                3440.99A   -7.828    0.2907      Ni 2                2.30794m   -8.881    0.0257
H  1                3770.63A   -9.998    0.0020      Fe 2                2774.73A   -9.720    0.0037      Ni 2                6.91767m   -9.180    0.0129
H  1                3750.15A  -10.115    0.0015      Fe 2                2759.34A  -10.123    0.0015      Ni 2                4326.24A   -7.868    0.2650
H  1                3734.37A  -10.220    0.0012      Fe 2                2485.07A   -9.900    0.0025      Ni 2                4628.05A   -8.290    0.1003
H  1                1.87510m   -8.063    0.1689      Fe 2                2391.48A   -8.990    0.0200      Ni 2                6794.20A   -9.346    0.0088
H  1                1.28181m   -8.376    0.0822      Fe 2                2379.28A   -9.722    0.0037      Ni 2                7255.82A   -8.223    0.1171
H  1                1.09381m   -9.751    0.0035      Fe 2                2362.02A   -8.433    0.0721      Ni 2                7694.56A   -9.293    0.0100
H  1                1.00494m  -10.061    0.0017      Fe 2                35.7675m   -7.804    0.3067      Ni 2                8033.54A   -9.457    0.0068
H  1                4.05115m   -8.933    0.0228      Fe 2                1.95361m   -6.922    2.3390      Ni 2                1.04597m   -8.706    0.0384
H  1                2.62515m   -9.928    0.0023      Fe 2                1.80002m   -6.977    2.0627      Ni 2                1.23230m   -8.734    0.0361
H  1                2.16553m  -10.280    0.0010      Fe 2                1.71113m   -7.546    0.5563      Ni 2                4201.17A   -8.050    0.1742
H  1                7.45782m   -9.962    0.0021      Fe 2                1.66377m   -7.165    1.3366      Ni 2                4485.21A   -8.503    0.0614
He-like iso-sequence...........................      Fe 2                9399.04A   -7.062    1.6929      Ni 2                7307.65A   -8.398    0.0782
Pho+                3889.00A   -9.988    0.0020      Fe 2                9226.63A   -7.008    1.9173      Ni 2                7612.72A   -8.726    0.0367
extra Lyman....................................      Fe 2                9033.49A   -8.085    0.1609      Ni 2                1.13597m   -9.409    0.0076
database lines.................................      Fe 2                7388.17A   -7.455    0.6857      Ni 2                4285.31A   -9.258    0.0108
CN                  2648.35m   -9.643    0.0045      Fe 2                6440.41A   -8.408    0.0764      Ni 2                6791.48A   -8.973    0.0208
CN                  2640.74m   -9.341    0.0089      Fe 2                6229.28A   -9.558    0.0054      Ni 2                7054.20A   -8.877    0.0259
CN                  1322.30m   -9.745    0.0035      Fe 2                5654.87A   -8.870    0.0264      Ni 2                9.61508m  -10.167    0.0013
CN                  1321.03m   -9.489    0.0063      Fe 2                5556.31A   -8.109    0.1520      Ni 2                4033.04A   -8.316    0.0945
CN                  881.421m   -9.737    0.0036      Fe 2                5412.67A   -8.638    0.0450      Ni 2                4294.09A   -8.436    0.0716
CN                  880.858m   -9.582    0.0051      Fe 2                5333.66A   -6.983    2.0351      Ni 2                6467.29A   -9.470    0.0066
CN                  661.044m   -9.639    0.0045      Fe 2                5296.84A   -8.265    0.1061      Ni 2                6813.57A   -8.458    0.0681
CN                  660.727m   -9.526    0.0058      Fe 2                5268.89A   -7.986    0.2020      Ni 2                7078.04A   -9.007    0.0192
CN                  528.842m   -9.753    0.0035      Fe 2                5107.96A   -8.921    0.0234      Ni 2                1.02090m   -9.788    0.0032
CN                  528.639m   -9.663    0.0042      Fe 2                5049.30A   -7.389    0.7982      Ni 2                3993.06A   -7.971    0.2089
CN                  440.721m   -9.763    0.0034      Fe 2                5005.52A   -7.443    0.7050      Ni 2                4248.80A   -8.447    0.0699
CN                  440.580m   -9.689    0.0040      Fe 2                4973.40A   -7.710    0.3808      Ni 2                6007.06A   -9.561    0.0054
CN                  377.785m   -9.911    0.0024      Fe 2                4950.76A   -8.056    0.1718      Ni 2                6365.10A   -8.445    0.0702
CN                  377.682m   -9.848    0.0028      Fe 2                4352.79A   -7.508    0.6063      Ni 2                6700.24A   -9.838    0.0028
CN                  330.590m   -9.995    0.0020      Fe 2                4319.62A   -7.774    0.3286      Ni 2                6955.82A   -9.873    0.0026
CN                  330.511m   -9.940    0.0022      Fe 2                4305.90A   -8.577    0.0517      Ni 2                8703.87A   -8.900    0.0246
CN                  293.888m  -10.155    0.0014      Fe 2                4084.33A   -9.905    0.0024      Ni 2                9956.63A   -9.127    0.0146
CN                  293.825m  -10.106    0.0015      Fe 2                3504.51A   -8.556    0.0544      Ni 2                5.18504m   -9.906    0.0024
CN                  264.480m  -10.254    0.0011      Fe 2                3504.02A   -8.413    0.0756      Ni 2                3438.88A   -8.160    0.1353
HF                  243.178m   -9.231    0.0115      Fe 2                3501.63A   -7.976    0.2064      Ni 2                3626.89A   -8.467    0.0667
HF                  121.664m  -10.221    0.0012      Fe 2                3489.99A   -8.656    0.0432      Ni 2                3378.16A   -8.774    0.0329
CO                  2600.05m   -8.082    0.1619      Fe 2                2385.01A   -9.260    0.0107      Ni 2                3559.41A   -8.753    0.0345
CO                  1300.05m   -7.297    0.9857      Fe 2                2.06648m   -8.315    0.0945      level 1 lines..................................
CO                  866.727m   -7.096    1.5689      Fe 2                1.89541m   -7.712    0.3790      recombination..................................
CO                  650.074m   -7.027    1.8357      Fe 2                1.79711m   -7.199    1.2359      level2 lines...................................
CO                  520.089m   -6.985    2.0228      Fe 2                1.74494m   -7.488    0.6360      C  1                1247.50A   -9.158    0.0136
CO                  433.438m   -6.958    2.1547      Fe 2                9652.70A   -7.911    0.2398      C  1                1314.77A   -9.082    0.0162
CO                  371.549m   -6.948    2.2023      Fe 2                9470.94A   -7.399    0.7801      C  1                1165.98A  -10.090    0.0016
CO                  325.137m   -6.941    2.2390      Fe 2                9267.56A   -7.781    0.3236      C  1                1233.29A   -9.662    0.0043
CO                  289.041m   -6.946    2.2133      Fe 2                7544.00A  -10.094    0.0016      C  1                1250.68A   -9.808    0.0030
CO                  260.169m   -6.952    2.1824      Fe 2                6558.51A   -8.622    0.0467      Mg 1                1817.31A   -9.894    0.0025
CO                  236.549m   -6.968    2.1062      Fe 2                5745.71A   -9.241    0.0112      Mg 1                1739.09A  -10.116    0.0015
CO                  216.868m   -6.987    2.0129      Fe 2                5643.98A   -9.082    0.0162      Mg 1                1699.05A  -10.253    0.0011
CO                  200.218m   -7.014    1.8933      Fe 2                5495.84A   -8.914    0.0238      Si 1                1853.05A   -9.684    0.0040
CO                  185.949m   -7.035    1.8022      Fe 2                5376.47A   -7.377    0.8211      Si 1                1693.70A  -10.238    0.0011
CO                  173.584m   -7.061    1.7002      Fe 2                5347.66A   -8.491    0.0631      Si 1                1999.94A  -10.067    0.0017
CO                  162.767m   -7.087    1.6006      Fe 2                5181.96A   -8.767    0.0334      Si 2                1179.59A   -9.264    0.0106
CO                  153.225m   -7.115    1.4988      Fe 2                5076.57A   -8.047    0.1754      Si 2                993.354A  -10.066    0.0017
CO                  144.745m   -7.145    1.3985      Fe 2                5043.53A   -7.917    0.2367      S  1                1356.05A   -9.693    0.0040
CO                  137.159m   -7.176    1.3027      Fe 2                5020.25A   -8.033    0.1811      S  1                1392.25A  -10.017    0.0019
CO                  130.333m   -7.208    1.2106      Fe 2                4372.43A   -8.049    0.1747      S  1                1335.92A  -10.289    0.0010
CO                  124.160m   -7.245    1.1116      Fe 2                4358.37A   -8.260    0.1074      Fe 1                2484.25A   -9.942    0.0022
CO                  118.548m   -7.285    1.0134      Fe 2                4080.00A   -9.934    0.0023      Fe 1                2526.51A  -10.224    0.0012
CO                  113.427m   -7.326    0.9231      Fe 2                3539.19A   -8.260    0.1074      Sc 2                3627.22A   -8.615    0.0474
CO                  108.733m   -7.369    0.8360      Fe 2                3538.69A   -8.554    0.0546      Sc 2                3575.45A   -8.738    0.0358
CO                  104.416m   -7.412    0.7565      Fe 2                3536.25A   -8.680    0.0409      Sc 2                3368.13A   -9.303    0.0097
CO                  100.433m   -7.458    0.6807      Fe 2                3524.38A   -9.988    0.0020      Ti 2                3364.74A   -7.040    1.7833
CO                  96.7462m   -7.505    0.6107      Fe 2                22.8961m   -9.310    0.0096      Ti 2                3237.15A   -7.280    1.0267
CO                  93.3237m   -7.555    0.5452      Fe 2                1.81139m   -9.589    0.0050      Ti 2                1904.17A   -9.149    0.0139
CO                  90.1384m   -7.605    0.4850      Fe 2                7764.71A   -8.795    0.0314      Ti 2                1907.36A   -8.889    0.0252
CO                  87.1666m   -7.658    0.4296      Fe 2                7336.73A   -9.084    0.0161      V  2                2710.94A   -9.374    0.0083
CO                  84.3877m   -7.712    0.3795      Fe 2                7267.25A  -10.053    0.0017      V  2                2684.22A   -9.136    0.0143
CO                  81.7835m   -7.767    0.3340      Fe 2                6809.24A   -9.062    0.0169      V  2                2139.33A   -9.794    0.0031
CO                  79.3383m   -7.825    0.2922      Fe 2                6729.87A   -9.343    0.0089      Cr 1                4269.56A   -9.541    0.0056
CO                  77.0375m   -7.886    0.2544      Fe 2                6671.93A   -9.906    0.0024      Cr 1                3589.90A   -9.357    0.0086
CO                  74.8697m   -7.946    0.2213      Fe 2                5721.37A  -10.179    0.0013      Cr 2                2059.78A   -7.641    0.4467
CO                  72.8231m   -8.009    0.1914      Fe 2                5163.96A   -9.092    0.0158      Mn 2                1198.85A   -9.994    0.0020
CO                  70.8878m   -8.074    0.1650      Fe 2                4266.35A   -9.792    0.0032      Co 2                2060.90A   -9.118    0.0149
CO                  69.0557m   -8.137    0.1425      Fe 2                4249.08A  -10.063    0.0017      Co 2                2018.80A   -9.153    0.0137
CO                  67.3181m   -8.203    0.1226      Fe 2                4157.92A  -10.070    0.0017      Co 2                1949.74A   -9.231    0.0115
CO                  65.6684m   -8.269    0.1053      Fe 2                3277.35A   -8.609    0.0481      Co 2                1575.91A   -9.758    0.0034
CO                  64.0998m   -8.335    0.0904      Fe 2                3255.89A   -9.873    0.0026      Co 2                1470.18A   -9.816    0.0030
CO                  62.6072m   -8.402    0.0775      Fe 2                2926.59A   -9.527    0.0058      Ni 2                1751.83A   -8.674    0.0414
CO                  61.1843m   -8.469    0.0664      Fe 2                2880.76A   -9.174    0.0131      Ni 2                1744.24A   -8.481    0.0645
CO                  59.8271m   -8.536    0.0569      Fe 2                2755.74A   -7.528    0.5796      Ni 2                1484.97A   -9.780    0.0032
CO                  58.5311m   -8.604    0.0487      Fe 2                2739.55A   -8.271    0.1046      Ni 2                1472.74A   -9.483    0.0064
CO                  57.2920m   -8.673    0.0415      Fe 2                2716.70A   -8.374    0.0825      Ni 2                1400.37A   -9.784    0.0032
CO                  56.1066m   -8.743    0.0353      Fe 2                34.6508m  -10.180    0.0013      Ni 2                1375.73A   -9.469    0.0066
CO                  54.9712m   -8.815    0.0300      Fe 2                1.00287m   -8.783    0.0322      Ni 2                1324.11A   -9.568    0.0053
CO                  53.8829m   -8.886    0.0254      Fe 2                8245.16A  -10.282    0.0010      Zn 1                2138.57A  -10.114    0.0015
CO                  52.8388m   -8.957    0.0216      Fe 2                8037.28A   -9.312    0.0095      hyperfine structure............................
CO                  51.8365m   -9.029    0.0183      Fe 2                7579.61A   -9.803    0.0031      inner shell....................................
CO                  50.8731m   -9.102    0.0155      Fe 2                7017.95A   -9.722    0.0037      molecules......................................
CO                  49.9472m   -9.174    0.0131      Fe 2                6933.67A  -10.088    0.0016      H2 l                2.00000m   -4.854  273.6224
CO                  49.0559m   -9.249    0.0110      Fe 2                6872.19A   -9.254    0.0109      H2 v                      0    -6.504    6.1239
CO                  48.1977m   -9.324    0.0093      Fe 2                6829.03A  -10.288    0.0010      H-FB                      0    -7.219    1.1803
CO                  47.3709m   -9.401    0.0078      Fe 2                5746.98A   -9.141    0.0141      H-FF                      0    -7.454    0.6874
CO                  46.5738m   -9.478    0.0065      Fe 2                5283.12A   -9.700    0.0039      H-CT                6562.80A   -8.543    0.0560
CO                  45.8046m   -9.557    0.0054      Fe 2                5199.18A   -9.915    0.0024      H- H                      0    -9.176    0.0130
CO                  45.0623m   -9.638    0.0045      Fe 2                4351.81A  -10.062    0.0017      H2+                       0    -7.625    0.4638
CO                  44.3452m   -9.720    0.0037      Fe 2                4347.36A   -9.431    0.0072      bands..........................................
CO                  43.6523m   -9.806    0.0031      Fe 2                4329.43A   -8.778    0.0326      Fe 2b               2500.00A   -5.473   65.7509
CO                  42.9823m   -9.897    0.0025      Fe 2                2953.77A  -10.220    0.0012      Fe 2b               5000.00A   -5.529   57.7738
CO                  42.3344m   -9.991    0.0020      Fe 2                2772.73A   -8.333    0.0909      Fe 2b               7000.00A   -6.472    6.5891
CO                  41.7069m  -10.095    0.0016      Fe 2                2749.32A   -8.340    0.0893      Fe 2b               10000.0A   -5.152  137.7545
CO                  41.0997m  -10.208    0.0012      Fe 2                9795.19A   -9.561    0.0054      Fe 2b               2355.00A   -6.184   12.7867
^13CO               2719.67m   -9.634    0.0045      Fe 2                8228.13A   -9.475    0.0065      Fe 2b               2430.00A   -5.480   64.7126
^13CO               1359.86m   -8.811    0.0302      Fe 2                7613.14A   -9.883    0.0026      Fe 2b               2445.00A   -5.480   64.7125
^13CO               906.599m   -8.598    0.0493      Fe 2                7011.24A  -10.289    0.0010      Fe 2b               2495.00A   -6.098   15.6123
^13CO               679.978m   -8.526    0.0583      Fe 2                6966.33A   -9.646    0.0044      Fe 2b               2610.00A   -5.731   36.3091
^13CO               544.012m   -8.483    0.0643      Fe 2                5477.25A   -9.645    0.0044      Fe 2b               2695.00A   -8.374    0.0826
^13CO               453.374m   -8.456    0.0685      Fe 2                5278.38A  -10.113    0.0015      Fe 2b               2758.00A   -7.321    0.9345
^13CO               388.637m   -8.447    0.0699      Fe 2                4402.59A   -9.897    0.0025      Fe 2b               2780.00A   -7.278    1.0305
^13CO               340.088m   -8.440    0.0709      Fe 2                4384.21A   -9.829    0.0029      Fe 2b               2935.00A   -8.973    0.0208
^13CO               302.332m   -8.446    0.0700      Fe 2                1.05081m  -10.041    0.0018      Fe 2b               2960.00A   -9.402    0.0077
^13CO               272.130m   -8.452    0.0690      Fe 2                7710.80A  -10.194    0.0013      Fe 2b               3180.00A   -7.895    0.2491
^13CO               247.423m   -8.468    0.0665      Fe 2                7048.01A   -9.860    0.0027      Fe 2b               3250.00A   -7.189    1.2637
^13CO               226.836m   -8.488    0.0635      Fe 2                5901.28A  -10.091    0.0016      Fe 2b               3590.00A   -7.208    1.2101
^13CO               209.419m   -8.516    0.0596      Fe 2                5527.62A  -10.203    0.0012      Fe 2b               3910.00A   -9.259    0.0108
^13CO               194.493m   -8.538    0.0567      Fe 2                2.04602m   -8.728    0.0366      Fe 2b               4060.00A   -9.917    0.0024
^13CO               181.558m   -8.564    0.0534      Fe 2                1.41956m   -9.283    0.0102      Fe 2b               4255.00A   -5.963   21.3108
^13CO               170.243m   -8.591    0.0501      Fe 2                1.35904m  -10.087    0.0016      Fe 2b               4558.00A   -6.693    3.9657
^13CO               160.261m   -8.621    0.0468      Fe 2                1.23314m   -9.076    0.0164      Fe 2b               4600.00A   -6.663    4.2464
^13CO               151.390m   -8.652    0.0435      Fe 2                1.09108m   -8.998    0.0196      Fe 2b               4743.00A   -7.412    0.7576
^13CO               143.454m   -8.685    0.0404      Fe 2                1.07084m   -9.437    0.0071      Fe 2b               4855.00A   -6.833    2.8690
^13CO               136.314m   -8.718    0.0374      Fe 2                1.05625m   -9.887    0.0025      Fe 2b               4920.00A   -6.318    9.3888
^13CO               129.855m   -8.758    0.0341      Fe 2                1.01565m   -9.690    0.0040      Fe 2b               4975.00A   -6.848    2.7735
^13CO               123.985m   -8.800    0.0310      Fe 2                8119.18A  -10.167    0.0013      Fe 2b               4971.00A   -6.891    2.5127
^13CO               118.627m   -8.843    0.0281      Fe 2                5588.16A   -8.992    0.0199      Fe 2b               5070.00A   -6.770    3.3211
^13CO               113.717m   -8.889    0.0252      Fe 2                5586.91A   -9.854    0.0027      Fe 2b               5143.00A   -6.237   11.3397
^13CO               109.201m   -8.937    0.0226      Fe 2                5580.82A   -8.424    0.0737      Fe 2b               5270.00A   -5.952   21.8428
^13CO               105.034m   -8.988    0.0201      Fe 2                5551.32A   -8.142    0.1411      Fe 2b               5318.00A   -6.270   10.5027
^13CO               101.176m   -9.042    0.0177      Fe 2                3227.74A   -9.888    0.0025      Fe 2b               5540.00A   -7.418    0.7475
^13CO               97.5955m   -9.099    0.0156      Fe 2                3196.07A   -9.377    0.0082      Fe 2b               5865.00A   -8.018    0.1875
^13CO               94.2629m   -9.159    0.0136      Fe 2                2.13278m   -8.983    0.0203      Fe 2b               6265.00A   -8.831    0.0288
^13CO               91.1537m   -9.223    0.0117      Fe 2                1.46079m   -9.830    0.0029      Fe 2b               6565.00A   -8.173    0.1311
^13CO               88.2461m   -9.291    0.0100      Fe 2                1.39678m   -9.890    0.0025      Fe 2b               6910.00A   -8.112    0.1509
^13CO               85.5213m   -9.364    0.0085      Fe 2                1.30943m   -9.910    0.0024      Fe 2b               7445.00A   -6.494    6.2736
^13CO               82.9627m   -9.443    0.0071      Fe 2                1.24364m  -10.095    0.0016      Fe 2b               8625.00A   -6.161   13.4943
^13CO               80.5556m   -9.529    0.0058      Fe 2                1.09413m   -9.196    0.0125      Fe 2b               1.03250m   -7.219    1.1816
^13CO               78.2869m   -9.624    0.0046      Fe 2                1.07890m   -9.292    0.0100      Fe 2b               1.88900m   -5.867   26.5345
^13CO               76.1453m   -9.732    0.0036      Fe 2                1.06830m  -10.050    0.0017      Fe 2b               2.20000m   -7.952    0.2181
^13CO               74.1205m   -9.858    0.0027      Fe 2                1.03658m  -10.061    0.0017      miscellaneous..................................
^13CO               72.2030m  -10.012    0.0019      Fe 2                5650.95A   -8.971    0.0209      Blnd                8446.00A  -10.055    0.0017
^13CO               70.3848m  -10.217    0.0012      Fe 2                5649.67A   -8.945    0.0222      Blnd                1304.00A   -8.434    0.0720
OH+                 308.406m  -10.054    0.0017      Fe 2                5643.44A  -10.082    0.0016      Blnd                2798.00A   -4.991  199.4067
OH+                 290.103m  -10.284    0.0010      Fe 2                5613.27A   -8.358    0.0858      Blnd                6720.00A   -5.734   36.0831
C  1                1560.31A   -9.071    0.0166      Fe 2                2.24366m   -9.321    0.0093      Blnd                4074.00A   -7.058    1.7087
C  1                1560.68A   -9.209    0.0121      Fe 2                2.00672m   -8.666    0.0421      Blnd                1.03300m   -7.167    1.3299
C  1                1560.71A   -8.950    0.0219      Fe 2                1.10657m   -9.539    0.0056      Blnd                1256.00A   -9.077    0.0164
C  1                1561.34A   -8.404    0.0770      Fe 2                1.09542m   -9.643    0.0044      Blnd                5892.00A   -8.640    0.0448
C  1                1561.37A   -8.565    0.0532      Fe 2                5725.92A   -9.242    0.0112      Blnd                2665.00A   -6.540    5.6424
C  1                1561.44A   -8.740    0.0356      Fe 2                5718.22A   -8.692    0.0397      Blnd                2335.00A   -6.353    8.6763
C  1                1656.27A   -8.619    0.0470      Fe 2                2.22379m   -8.077    0.1638      Blnd                8579.00A   -5.972   20.8704
C  1                1656.93A   -8.915    0.0238      Fe 2                2.01513m   -8.396    0.0785      Blnd                7306.00A   -5.316   94.3733
C  1                1657.01A   -7.949    0.2200      Fe 2                9682.08A   -8.908    0.0242      Blnd                3933.00A   -6.959    2.1483
C  1                1657.38A   -8.611    0.0479      Fe 2                9513.85A   -9.714    0.0038      Blnd                1657.00A   -7.439    0.7119
C  1                1657.91A   -8.185    0.1276      Fe 2                8715.81A   -9.541    0.0056      Blnd                9850.00A   -4.918  235.9442
C  1                1658.12A   -7.901    0.2457      Fe 2                6873.84A   -9.205    0.0122      Blnd                2326.00A   -8.238    0.1131
C  1                1993.62A   -8.841    0.0282      Fe 2                6700.65A  -10.175    0.0013      Blnd                1335.00A   -9.432    0.0072
C  1                2582.90A  -10.106    0.0015      Fe 2                6188.55A   -9.386    0.0080      Blnd                3467.00A   -7.843    0.2806
C  1                9824.13A   -5.519   59.1707      Fe 2                5870.02A   -9.635    0.0045      Blnd                5199.00A   -5.597   49.4319
C  1                9850.26A   -5.044  176.7735      Fe 2                5673.20A   -9.669    0.0042      Blnd                1.04030m   -7.087    1.6015
C  1                370.269m   -5.031  181.9564      Fe 2                4898.61A   -9.406    0.0077      Blnd                2141.00A  -10.110    0.0015
C  1                609.590m   -5.352   86.9491      Fe 2                2.25348m   -8.914    0.0238      Blnd                6300.00A   -5.310   95.8127
C  2                1334.53A   -9.975    0.0021      Fe 2                1.02005m  -10.123    0.0015      Blnd                2471.00A   -9.995    0.0020
C  2                1335.66A   -9.846    0.0028      Fe 2                1.00139m   -9.566    0.0053      Blnd                7323.00A  -10.162    0.0013
C  2                1335.71A   -9.914    0.0024      Fe 2                9133.66A  -10.290    0.0010      Blnd                7332.00A  -10.244    0.0011
C  2                2323.50A   -9.458    0.0068      Fe 2                8885.67A  -10.014    0.0019      Blnd                3727.00A   -8.083    0.1615
C  2                2324.69A   -9.123    0.0147      Fe 2                7131.14A  -10.180    0.0013      Blnd                7325.00A   -9.900    0.0025
C  2                2325.40A   -8.764    0.0337      Fe 2                6944.91A   -9.747    0.0035      N 1C                5199.00A   -9.663    0.0043
C  2                2326.93A   -8.676    0.0412      Fe 2                6473.88A   -9.785    0.0032      N 1T                5199.00A   -9.690    0.0040
C  2                2328.12A   -9.070    0.0167      Fe 2                6044.10A  -10.215    0.0012
C  2                157.636m   -6.599    4.9193      Fe 2                5835.45A   -9.884    0.0026

                                                    Emergent line intensities
 Caution: emergent intensities are not reliable on the first iteration.
general properties.............................      Fe 2                4470.30A   -9.345    0.0088      Mn 2                2576.10A   -7.689    0.4005
continua.......................................      Fe 2                4413.78A   -6.849    2.7683      Mn 2                2593.72A   -7.782    0.3229
FIR                 83.0000m   -3.859 2706.7683      Fe 2                3254.24A   -8.952    0.0218      Mn 2                2605.68A   -7.922    0.2338
TIR                 1800.00m   -5.319   93.8672      Fe 2                3244.18A   -9.247    0.0111      Mn 2                3438.97A   -9.561    0.0054
NIRa                2.85000m   -3.962 2134.2871      Fe 2                2631.32A   -6.833    2.8687      Mn 2                3460.03A  -10.171    0.0013
NIRb                3.00000m   -5.128  145.5457      Fe 2                2617.62A   -8.278    0.1031      N  1                1134.17A  -10.207    0.0012
MIRa                15.0000m   -5.223  117.1072      Fe 2                2607.09A   -8.153    0.1374      N  1                1134.41A   -9.944    0.0022
MIRb                22.5000m   -4.085 1606.2700      Fe 2                2404.89A   -7.854    0.2733      N  1                1134.98A   -9.802    0.0031
NMIR                21.7500m   -3.962 2134.2871      Fe 2                2399.24A   -8.674    0.0414      N  1                1199.55A   -9.454    0.0069
TFIR                611.250m   -4.574  521.5169      Fe 2                2395.42A   -9.683    0.0041      N  1                1200.22A   -9.626    0.0046
TALL                10000.0A   -3.493 6280.4009      Fe 2                2380.76A   -6.669    4.1879      N  1                1200.71A   -9.927    0.0023
F12                 12.0000m   -7.123    1.4719      Fe 2                2348.30A   -8.417    0.0748      N  1                3466.50A   -7.927    0.2315
F25                 25.0000m   -5.735   36.0141      Fe 2                2327.40A   -9.007    0.0192      N  1                3466.54A   -8.600    0.0492
F60                 60.0000m   -3.935 2270.3374      Fe 2                87.3597m   -7.721    0.3719      N  1                5197.90A   -5.995   19.7607
F100                100.000m   -6.432    7.2216      Fe 2                5.06097m   -8.622    0.0467      N  1                5200.26A   -5.819   29.6710
MIPS                24.0000m   -5.735   36.0089      Fe 2                4.43363m   -8.539    0.0565      N  1                1.03977m   -7.431    0.7244
MIPS                70.0000m   -3.936 2266.6841      Fe 2                1.40951m   -9.949    0.0022      N  1                1.03982m   -7.954    0.2174
MIPS                160.000m   -4.941  223.7792      Fe 2                1.32777m   -8.088    0.1597      N  1                1.04072m   -7.779    0.3251
IRAC                3.60000m   -8.350    0.0873      Fe 2                1.27877m   -8.145    0.1401      N  1                1.04076m   -7.767    0.3345
IRAC                4.50000m   -7.029    1.8283      Fe 2                1.25214m   -9.185    0.0128      Na 1                5889.95A   -8.941    0.0224
IRAC                5.80000m   -5.316   94.4000      Fe 2                7926.88A   -9.422    0.0074      Na 1                5895.92A   -8.941    0.0224
IRAC                8.00000m   -6.324    9.2806      Fe 2                7803.89A   -9.163    0.0134      Ni 1                7.50454m   -8.886    0.0254
SPR1                250.000m   -6.477    6.5207      Fe 2                7665.28A   -8.416    0.0750      O  1                1027.43A  -10.038    0.0018
SPR2                350.000m   -5.021  186.4323      Fe 2                5006.63A   -8.563    0.0535      O  1                1028.16A  -10.207    0.0012
SPR3                500.000m   -6.655    4.3271      Fe 2                4772.06A   -9.376    0.0082      O  1                1304.86A   -8.559    0.0540
PAC1                70.0000m   -3.936 2267.7539      Fe 2                4639.67A   -9.060    0.0170      O  1                1306.03A   -9.052    0.0173
PAC2                100.000m   -6.432    7.2222      Fe 2                4528.39A   -8.671    0.0417      O  1                1355.60A   -8.599    0.0492
PAC3                160.000m   -4.933  228.1839      Fe 2                4509.61A   -9.018    0.0187      O  1                1358.51A   -9.072    0.0165
PAH                 3.30000m   -9.156    0.0136      Fe 2                4452.10A   -7.041    1.7775      O  1                2972.29A   -8.077    0.1638
PAHC                3.23000m   -9.436    0.0072      Fe 2                3277.55A   -9.176    0.0130      O  1                5577.34A   -7.127    1.4586
PAHC                3.37000m   -9.426    0.0073      Fe 2                3277.12A  -10.080    0.0016      O  1                6300.30A   -5.430   72.6068
PAH                 6.20000m   -9.204    0.0122      Fe 2                3275.02A   -9.252    0.0109      O  1                6363.78A   -5.926   23.1939
PAHC                5.65000m   -8.113    0.1508      Fe 2                2631.05A   -8.001    0.1951      O  1                6391.73A   -9.254    0.0109
PAH                 7.90000m   -8.707    0.0383      Fe 2                2620.41A   -9.891    0.0025      O  1                44.0453m   -9.561    0.0054
PAHC                6.90000m   -6.326    9.2370      Fe 2                2613.82A   -8.768    0.0333      O  1                63.1679m   -3.936 2264.1733
PAH                 11.3000m   -8.507    0.0608      Fe 2                2410.52A   -8.638    0.0450      O  1                145.495m   -4.964  212.1675
PAHC                10.9000m   -8.206    0.1217      Fe 2                2406.66A   -8.911    0.0240      O  2                2470.34A  -10.098    0.0016
PAH                 11.8000m   -9.891    0.0025      Fe 2                2404.43A   -9.747    0.0035      O  2                3728.81A   -8.305    0.0969
PAHC                12.6500m   -7.953    0.2179      Fe 2                2359.11A   -8.728    0.0366      O  2                3726.03A   -8.481    0.0646
PAH                 13.3000m   -9.686    0.0040      Fe 2                2338.01A   -8.785    0.0321      P  2                60.6263m   -7.389    0.7987
PAHC                14.1000m   -7.614    0.4757      Fe 2                4.67067m   -9.164    0.0134      P  2                1532.53A   -9.924    0.0023
Bcon                3640.00A   -4.268 1054.9985      Fe 2                1.29777m   -8.475    0.0654      P  2                32.8620m   -7.492    0.6294
Pcon                5000.00A   -4.692  397.4720      Fe 2                1.27034m   -8.347    0.0879      P  2                1.14682m   -7.409    0.7618
O3bn                5007.00A   -6.551    5.4978      Fe 2                7999.47A  -10.169    0.0013      P  2                4669.25A   -9.074    0.0165
RRC............................................      Fe 2                7874.24A   -8.517    0.0595      P  2                2195.57A   -9.353    0.0087
grains.........................................      Fe 2                7733.14A   -9.063    0.0169      P  2                1536.42A  -10.011    0.0019
H-like iso-sequence............................      Fe 2                4798.28A   -8.926    0.0232      P  2                1535.92A   -9.787    0.0032
H  1                1215.67A   -4.591  501.6888      Fe 2                4664.45A   -9.574    0.0052      P  2                1.18828m   -6.986    2.0192
H  1                6562.80A   -6.529    5.7843      Fe 2                4533.01A   -9.566    0.0053      P  2                2210.34A   -8.900    0.0246
H  1                4861.32A   -7.291    1.0000      Fe 2                4474.90A   -7.354    0.8658      P  2                1542.30A  -10.076    0.0016
H  1                4340.46A   -7.672    0.4161      Fe 2                3289.89A   -9.562    0.0054      P  2                7875.99A   -8.326    0.0923
H  1                4101.73A   -9.368    0.0084      Fe 2                3289.46A   -9.341    0.0089      S  1                1483.04A   -9.910    0.0024
H  1                3970.07A   -9.658    0.0043      Fe 2                2628.29A   -8.449    0.0696      S  1                1820.34A   -8.610    0.0480
H  1                3889.05A   -9.891    0.0025      Fe 2                2621.67A   -9.356    0.0086      S  1                1826.24A   -9.093    0.0158
H  1                3835.38A  -10.086    0.0016      Fe 2                2413.31A   -9.154    0.0137      S  1                25.2421m   -6.547    5.5506
H  1                3797.90A  -10.253    0.0011      Fe 2                2411.07A   -9.164    0.0134      S  1                56.2957m   -7.506    0.6096
H  1                3770.63A   -9.998    0.0020      Fe 2                2344.28A   -8.868    0.0265      S  2                6730.82A   -6.123   14.7265
H  1                3750.15A  -10.115    0.0015      Fe 2                17.9311m   -6.305    9.6941      S  2                6716.44A   -5.962   21.3559
H  1                3734.37A  -10.220    0.0012      Fe 2                1.64355m   -5.410   76.0056      S  2                4076.35A   -7.671    0.4169
H  1                1.87510m   -8.063    0.1689      Fe 2                1.53348m   -6.536    5.6957      S  2                4068.60A   -7.180    1.2919
H  1                1.28181m   -8.376    0.0822      Fe 2                8616.95A   -6.799    3.1055      S  2                1.03364m   -7.809    0.3033
H  1                1.09381m   -9.751    0.0035      Fe 2                7155.17A   -6.928    2.3079      S  2                1.02867m   -7.806    0.3055
H  1                1.00494m  -10.061    0.0017      Fe 2                6896.17A   -8.380    0.0816      S  2                1.03705m   -8.131    0.1445
H  1                4.05115m   -8.933    0.0228      Fe 2                5413.37A   -8.838    0.0284      S  2                1.03205m   -7.672    0.4156
H  1                2.62515m   -9.928    0.0023      Fe 2                5280.27A   -9.374    0.0083      S  2                1259.52A   -9.431    0.0073
H  1                2.16553m  -10.280    0.0010      Fe 2                5273.36A   -6.926    2.3172      S  2                1253.81A   -9.510    0.0060
H  1                7.45782m   -9.962    0.0021      Fe 2                5158.79A   -6.315    9.4603      S  2                1250.58A   -9.821    0.0030
He-like iso-sequence...........................      Fe 2                5111.64A   -7.222    1.1724      Sc 2                4246.82A   -9.846    0.0028
extra Lyman....................................      Fe 2                5072.41A   -6.968    2.1061      Sc 2                7043.49A   -9.616    0.0047
database lines.................................      Fe 2                5039.10A   -8.402    0.0775      Sc 2                8261.17A  -10.130    0.0014
CN                  2648.35m   -9.643    0.0045      Fe 2                4814.54A   -7.272    1.0455      Sc 2                8271.28A  -10.016    0.0019
CN                  2640.74m   -9.341    0.0089      Fe 2                4774.73A   -7.712    0.3798      Sc 2                8326.62A  -10.270    0.0010
CN                  1322.30m   -9.745    0.0035      Fe 2                4745.49A   -8.763    0.0337      Sc 2                8347.28A   -9.835    0.0029
CN                  1321.03m   -9.489    0.0063      Fe 2                4661.78A   -9.862    0.0027      Sc 2                8384.33A  -10.147    0.0014
CN                  881.421m   -9.737    0.0036      Fe 2                4243.97A   -6.641    4.4632      Sc 2                1.07804m  -10.214    0.0012
CN                  880.858m   -9.582    0.0051      Fe 2                4177.20A   -7.731    0.3629      Sc 2                2.03194m   -9.752    0.0035
CN                  661.044m   -9.639    0.0045      Fe 2                4146.65A   -9.307    0.0096      Sc 2                2.04712m  -10.099    0.0016
CN                  660.727m   -9.526    0.0058      Fe 2                4114.48A   -9.647    0.0044      Sc 2                2.07591m   -9.743    0.0035
CN                  528.842m   -9.753    0.0035      Fe 2                3929.35A   -9.900    0.0025      Sc 2                2.07842m   -9.577    0.0052
CN                  528.639m   -9.663    0.0042      Fe 2                3387.09A   -8.147    0.1394      Sc 2                2.08152m   -9.846    0.0028
CN                  440.721m   -9.763    0.0034      Fe 2                3376.20A   -7.349    0.8750      Sc 2                2.11129m  -10.020    0.0019
CN                  440.580m   -9.689    0.0040      Fe 2                2732.45A   -8.479    0.0649      Sc 2                2.12445m  -10.018    0.0019
CN                  377.785m   -9.911    0.0024      Fe 2                2493.30A   -6.098   15.6051      Si 1                2207.98A  -10.190    0.0013
CN                  377.682m   -9.848    0.0028      Fe 2                2484.20A   -9.673    0.0041      Si 1                2211.75A   -9.726    0.0037
CN                  330.590m   -9.995    0.0020      Fe 2                2360.00A   -7.966    0.2116      Si 1                2514.32A  -10.047    0.0018
CN                  330.511m   -9.940    0.0022      Fe 2                2348.12A   -8.009    0.1916      Si 1                2519.20A   -9.104    0.0154
CN                  293.888m  -10.155    0.0014      Fe 2                2331.31A   -9.728    0.0037      Si 1                2528.51A   -8.888    0.0253
CN                  293.825m  -10.106    0.0015      Fe 2                24.5126m   -7.004    1.9349      Si 1                68.4548m   -8.389    0.0799
CN                  264.480m  -10.254    0.0011      Fe 2                1.80940m   -6.011   19.0595      Si 1                129.641m   -8.458    0.0681
HF                  243.178m   -9.231    0.0115      Fe 2                1.67688m   -6.961    2.1388      Si 2                34.8046m   -4.131 1446.8848
HF                  121.664m  -10.221    0.0012      Fe 2                1.59948m   -6.868    2.6491      Si 2                2334.41A   -7.289    1.0039
CO                  2600.05m   -8.082    0.1619      Fe 2                9051.95A   -6.640    4.4743      Si 2                2328.52A   -7.906    0.2426
CO                  1300.05m   -7.297    0.9858      Fe 2                8891.93A   -7.065    1.6833      Si 2                1808.01A   -7.218    1.1821
CO                  866.727m   -7.096    1.5690      Fe 2                7452.56A   -7.420    0.7435      Si 2                1260.42A   -9.445    0.0070
CO                  650.074m   -7.027    1.8358      Fe 2                7172.00A   -7.335    0.9040      Si 2                2350.17A   -7.161    1.3504
CO                  520.089m   -6.985    2.0229      Fe 2                6275.53A   -9.293    0.0100      Si 2                2344.20A   -6.758    3.4168
CO                  433.438m   -6.958    2.1548      Fe 2                5527.36A   -7.910    0.2407      Si 2                2334.60A   -6.866    2.6630
CO                  371.549m   -6.948    2.2024      Fe 2                5440.48A   -9.667    0.0042      Si 2                1817.45A   -7.353    0.8679
CO                  325.137m   -6.941    2.2391      Fe 2                5433.15A   -7.440    0.7097      Si 2                1816.93A   -6.903    2.4469
CO                  289.041m   -6.946    2.2134      Fe 2                5261.63A   -6.695    3.9427      Si 2                1533.43A   -7.704    0.3867
CO                  260.169m   -6.952    2.1825      Fe 2                5220.08A   -7.971    0.2091      Si 2                1309.28A   -8.492    0.0629
CO                  236.549m   -6.968    2.1063      Fe 2                5184.80A   -7.866    0.2660      Si 2                1265.00A   -8.266    0.1060
CO                  216.868m   -6.987    2.0130      Fe 2                5158.01A   -7.816    0.2988      Si 2                1264.74A   -8.701    0.0389
CO                  200.218m   -7.014    1.8934      Fe 2                4947.39A   -7.216    1.1899      Si 2                1197.39A   -8.611    0.0478
CO                  185.949m   -7.035    1.8023      Fe 2                4905.35A   -7.567    0.5302      Si 2                1194.50A   -8.821    0.0295
CO                  173.584m   -7.061    1.7003      Fe 2                4874.50A   -7.609    0.4804      Si 2                3862.60A   -9.891    0.0025
CO                  162.767m   -7.087    1.6006      Fe 2                4852.74A   -8.970    0.0209      Si 2                3856.02A   -9.865    0.0027
CO                  153.225m   -7.115    1.4988      Fe 2                4346.86A   -7.269    1.0526      Si 2                6371.37A   -9.808    0.0030
CO                  144.745m   -7.145    1.3985      Fe 2                4276.84A   -7.193    1.2546      Si 2                6347.11A   -9.731    0.0036
CO                  137.159m   -7.176    1.3027      Fe 2                4244.82A   -8.004    0.1935      Zn 2                2062.00A   -9.428    0.0073
CO                  130.333m   -7.208    1.2107      Fe 2                4231.56A   -9.605    0.0049      Zn 2                2025.48A   -9.195    0.0125
CO                  124.160m   -7.245    1.1117      Fe 2                4211.11A   -9.581    0.0051      Al 2                2669.15A   -6.936    2.2642
CO                  118.548m   -7.285    1.0134      Fe 2                3455.11A   -8.253    0.1092      Al 2                2660.35A   -6.762    3.3784
CO                  113.427m   -7.326    0.9232      Fe 2                3452.31A   -7.942    0.2236      Al 2                1670.79A   -7.434    0.7201
CO                  108.733m   -7.369    0.8361      Fe 2                3440.99A   -7.828    0.2907      Al 2                3900.67A  -10.172    0.0013
CO                  104.416m   -7.412    0.7566      Fe 2                2774.73A   -9.720    0.0037      Ca 2                7323.89A   -5.710   38.0980
CO                  100.433m   -7.458    0.6808      Fe 2                2759.34A  -10.123    0.0015      Ca 2                7291.47A   -5.541   56.2737
CO                  96.7462m   -7.505    0.6107      Fe 2                2485.07A   -9.900    0.0025      Ca 2                3968.47A   -7.277    1.0335
CO                  93.3237m   -7.555    0.5452      Fe 2                2391.48A   -8.990    0.0200      Ca 2                8662.14A   -6.455    6.8559
CO                  90.1384m   -7.605    0.4850      Fe 2                2379.28A   -9.722    0.0037      Ca 2                3933.66A   -7.244    1.1149
CO                  87.1666m   -7.658    0.4296      Fe 2                2362.02A   -8.433    0.0721      Ca 2                8498.02A   -7.138    1.4232
CO                  84.3877m   -7.712    0.3795      Fe 2                35.7675m   -7.804    0.3068      Ca 2                8542.09A   -6.191   12.5910
CO                  81.7835m   -7.767    0.3340      Fe 2                1.95361m   -6.922    2.3391      Ca 2                3706.02A   -8.802    0.0308
CO                  79.3383m   -7.825    0.2922      Fe 2                1.80002m   -6.977    2.0628      Ca 2                3736.90A   -8.506    0.0610
CO                  77.0375m   -7.886    0.2544      Fe 2                1.71113m   -7.546    0.5563      Ca 2                3158.87A   -8.823    0.0294
CO                  74.8697m   -7.946    0.2213      Fe 2                1.66377m   -7.165    1.3367      Ca 2                3181.27A   -9.528    0.0058
CO                  72.8231m   -8.009    0.1914      Fe 2                9399.04A   -7.063    1.6929      Ca 2                3179.33A   -8.574    0.0522
CO                  70.8878m   -8.074    0.1650      Fe 2                9226.63A   -7.008    1.9172      Ca 2                1.19497m  -10.258    0.0011
CO                  69.0557m   -8.137    0.1425      Fe 2                9033.49A   -8.085    0.1609      Ca 2                1.18390m   -9.950    0.0022
CO                  67.3181m   -8.203    0.1226      Fe 2                7388.17A   -7.455    0.6856      Ca 2                1838.01A   -9.760    0.0034
CO                  65.6684m   -8.269    0.1053      Fe 2                6440.41A   -8.408    0.0764      Ca 2                1840.03A   -9.604    0.0049
CO                  64.0998m   -8.335    0.0904      Fe 2                6229.28A   -9.558    0.0054      Ca 2                2112.76A  -10.232    0.0011
CO                  62.6072m   -8.402    0.0775      Fe 2                5654.87A   -8.870    0.0264      Cl 2                14.3639m   -7.615    0.4740
CO                  61.1843m   -8.469    0.0664      Fe 2                5556.31A   -8.109    0.1520      Cl 2                33.2721m   -8.696    0.0394
CO                  59.8271m   -8.536    0.0569      Fe 2                5412.67A   -8.638    0.0450      Cl 2                8578.70A   -7.303    0.9722
CO                  58.5311m   -8.604    0.0487      Fe 2                5333.66A   -6.983    2.0351      Cl 2                9123.60A   -7.888    0.2529
CO                  57.2920m   -8.673    0.0415      Fe 2                5296.84A   -8.266    0.1061      Cl 2                3677.85A   -9.226    0.0116
CO                  56.1066m   -8.743    0.0353      Fe 2                5268.89A   -7.986    0.2020      Cl 2                6161.84A   -9.180    0.0129
CO                  54.9712m   -8.815    0.0300      Fe 2                5107.96A   -8.921    0.0234      Mg 2                2802.71A   -5.465   66.9452
CO                  53.8829m   -8.886    0.0254      Fe 2                5049.30A   -7.389    0.7982      Mg 2                2795.53A   -5.169  132.4657
CO                  52.8388m   -8.957    0.0216      Fe 2                5005.52A   -7.443    0.7050      Mg 2                2936.52A   -8.397    0.0784
CO                  51.8365m   -9.029    0.0183      Fe 2                4973.40A   -7.710    0.3808      Mg 2                2928.64A   -8.698    0.0391
CO                  50.8731m   -9.102    0.0155      Fe 2                4950.76A   -8.056    0.1718      Mg 2                2797.93A   -9.137    0.0143
CO                  49.9472m   -9.174    0.0131      Fe 2                4352.79A   -7.508    0.6063      Mg 2                2790.77A   -8.434    0.0719
CO                  49.0559m   -9.249    0.0110      Fe 2                4319.62A   -7.774    0.3286      Mg 2                2798.00A   -8.181    0.1288
CO                  48.1977m   -9.324    0.0093      Fe 2                4305.90A   -8.577    0.0517      Mg 2                9244.22A  -10.261    0.0011
CO                  47.3709m   -9.401    0.0078      Fe 2                4084.33A   -9.905    0.0024      Mg 2                9218.22A   -9.961    0.0021
CO                  46.5738m   -9.478    0.0065      Fe 2                3504.51A   -8.556    0.0544      N  2                205.283m   -9.501    0.0062
CO                  45.8046m   -9.557    0.0054      Fe 2                3504.02A   -8.413    0.0756      N  2                121.769m   -9.726    0.0037
CO                  45.0623m   -9.638    0.0045      Fe 2                3501.63A   -7.976    0.2064      N  2                6548.05A   -8.875    0.0261
CO                  44.3452m   -9.720    0.0037      Fe 2                3489.99A   -8.656    0.0432      N  2                6583.45A   -8.406    0.0768
CO                  43.6523m   -9.806    0.0031      Fe 2                2385.01A   -9.260    0.0107      N  2                5754.59A  -10.254    0.0011
CO                  42.9823m   -9.897    0.0025      Fe 2                2.06648m   -8.315    0.0946      N  2                2142.77A  -10.259    0.0011
CO                  42.3344m   -9.991    0.0020      Fe 2                1.89541m   -7.712    0.3790      Ni 2                1.19102m   -6.286   10.1186
CO                  41.7069m  -10.095    0.0016      Fe 2                1.79711m   -7.199    1.2360      Ni 2                6.63416m   -6.914    2.3819
CO                  41.0997m  -10.208    0.0012      Fe 2                1.74494m   -7.488    0.6360      Ni 2                1.07151m   -7.908    0.2417
^13CO               2719.67m   -9.634    0.0045      Fe 2                9652.70A   -7.911    0.2398      Ni 2                10.6793m   -7.545    0.5569
^13CO               1359.86m   -8.811    0.0302      Fe 2                9470.94A   -7.399    0.7801      Ni 2                1.27792m   -9.732    0.0036
^13CO               906.599m   -8.598    0.0493      Fe 2                9267.56A   -7.781    0.3236      Ni 2                1.16130m   -8.423    0.0738
^13CO               679.978m   -8.526    0.0583      Fe 2                7544.00A  -10.094    0.0016      Ni 2                12.7253m   -7.960    0.2143
^13CO               544.012m   -8.483    0.0643      Fe 2                6558.51A   -8.622    0.0467      Ni 2                9882.95A   -9.172    0.0131
^13CO               453.374m   -8.456    0.0685      Fe 2                5745.71A   -9.241    0.0112      Ni 2                1.09177m   -8.710    0.0381
^13CO               388.637m   -8.447    0.0699      Fe 2                5643.98A   -9.082    0.0162      Ni 2                18.2355m   -8.677    0.0412
^13CO               340.088m   -8.440    0.0709      Fe 2                5495.84A   -8.914    0.0238      Ni 2                9374.87A   -9.465    0.0067
^13CO               302.332m   -8.446    0.0700      Fe 2                5376.47A   -7.377    0.8211      Ni 2                7377.83A   -7.076    1.6408
^13CO               272.130m   -8.452    0.0690      Fe 2                5347.66A   -8.491    0.0631      Ni 2                8300.99A   -8.372    0.0830
^13CO               247.423m   -8.468    0.0665      Fe 2                5181.96A   -8.767    0.0334      Ni 2                1.93877m   -7.784    0.3215
^13CO               226.836m   -8.488    0.0635      Fe 2                5076.57A   -8.047    0.1754      Ni 2                2.36883m   -9.071    0.0166
^13CO               209.419m   -8.516    0.0596      Fe 2                5043.53A   -7.917    0.2367      Ni 2                2.91064m   -8.739    0.0356
^13CO               194.493m   -8.538    0.0567      Fe 2                5020.25A   -8.033    0.1811      Ni 2                6666.80A   -7.920    0.2348
^13CO               181.558m   -8.564    0.0534      Fe 2                4372.43A   -8.049    0.1747      Ni 2                7411.61A   -7.702    0.3886
^13CO               170.243m   -8.591    0.0501      Fe 2                4358.37A   -8.260    0.1074      Ni 2                1.76458m   -9.847    0.0028
^13CO               160.261m   -8.621    0.0468      Fe 2                4080.00A   -9.934    0.0023      Ni 2                2.04866m   -9.425    0.0074
^13CO               151.390m   -8.652    0.0435      Fe 2                3539.19A   -8.260    0.1074      Ni 2                2.30794m   -8.881    0.0257
^13CO               143.454m   -8.685    0.0404      Fe 2                3538.69A   -8.554    0.0546      Ni 2                6.91767m   -9.180    0.0129
^13CO               136.314m   -8.718    0.0374      Fe 2                3536.25A   -8.680    0.0409      Ni 2                4326.24A   -7.868    0.2650
^13CO               129.855m   -8.758    0.0341      Fe 2                3524.38A   -9.988    0.0020      Ni 2                4628.05A   -8.290    0.1003
^13CO               123.985m   -8.800    0.0310      Fe 2                22.8961m   -9.310    0.0096      Ni 2                6794.20A   -9.346    0.0088
^13CO               118.627m   -8.843    0.0281      Fe 2                1.81139m   -9.589    0.0050      Ni 2                7255.82A   -8.223    0.1171
^13CO               113.717m   -8.889    0.0252      Fe 2                7764.71A   -8.795    0.0314      Ni 2                7694.56A   -9.293    0.0100
^13CO               109.201m   -8.937    0.0226      Fe 2                7336.73A   -9.084    0.0161      Ni 2                8033.54A   -9.457    0.0068
^13CO               105.034m   -8.988    0.0201      Fe 2                7267.25A  -10.053    0.0017      Ni 2                1.04597m   -8.706    0.0384
^13CO               101.176m   -9.042    0.0177      Fe 2                6809.24A   -9.062    0.0169      Ni 2                1.23230m   -8.734    0.0361
^13CO               97.5955m   -9.099    0.0156      Fe 2                6729.87A   -9.343    0.0089      Ni 2                4201.17A   -8.050    0.1742
^13CO               94.2629m   -9.159    0.0136      Fe 2                6671.93A   -9.906    0.0024      Ni 2                4485.21A   -8.503    0.0614
^13CO               91.1537m   -9.223    0.0117      Fe 2                5721.37A  -10.180    0.0013      Ni 2                7307.65A   -8.398    0.0782
^13CO               88.2461m   -9.291    0.0100      Fe 2                5163.96A   -9.092    0.0158      Ni 2                7612.72A   -8.726    0.0367
^13CO               85.5213m   -9.364    0.0085      Fe 2                4266.35A   -9.792    0.0032      Ni 2                1.13597m   -9.409    0.0076
^13CO               82.9627m   -9.443    0.0071      Fe 2                4249.08A  -10.063    0.0017      Ni 2                4285.31A   -9.258    0.0108
^13CO               80.5556m   -9.529    0.0058      Fe 2                4157.92A  -10.070    0.0017      Ni 2                6791.48A   -8.973    0.0208
^13CO               78.2869m   -9.624    0.0046      Fe 2                3277.35A   -8.609    0.0481      Ni 2                7054.20A   -8.877    0.0259
^13CO               76.1453m   -9.732    0.0036      Fe 2                3255.89A   -9.873    0.0026      Ni 2                9.61508m  -10.167    0.0013
^13CO               74.1205m   -9.858    0.0027      Fe 2                2926.59A   -9.527    0.0058      Ni 2                4033.04A   -8.316    0.0945
^13CO               72.2030m  -10.012    0.0019      Fe 2                2880.76A   -9.174    0.0131      Ni 2                4294.09A   -8.436    0.0716
^13CO               70.3848m  -10.217    0.0012      Fe 2                2755.74A   -7.528    0.5797      Ni 2                6467.29A   -9.470    0.0066
OH+                 308.406m  -10.054    0.0017      Fe 2                2739.55A   -8.271    0.1046      Ni 2                6813.57A   -8.458    0.0681
OH+                 290.103m  -10.284    0.0010      Fe 2                2716.70A   -8.374    0.0825      Ni 2                7078.04A   -9.007    0.0192
C  1                1560.31A   -9.071    0.0166      Fe 2                34.6508m  -10.180    0.0013      Ni 2                1.02090m   -9.788    0.0032
C  1                1560.68A   -9.209    0.0121      Fe 2                1.00287m   -8.783    0.0322      Ni 2                3993.06A   -7.971    0.2089
C  1                1560.71A   -8.950    0.0219      Fe 2                8245.16A  -10.282    0.0010      Ni 2                4248.80A   -8.447    0.0699
C  1                1561.34A   -8.405    0.0770      Fe 2                8037.28A   -9.312    0.0095      Ni 2                6007.06A   -9.561    0.0054
C  1                1561.37A   -8.565    0.0532      Fe 2                7579.61A   -9.803    0.0031      Ni 2                6365.10A   -8.445    0.0702
C  1                1561.44A   -8.740    0.0356      Fe 2                7017.95A   -9.722    0.0037      Ni 2                6700.24A   -9.838    0.0028
C  1                1656.27A   -8.619    0.0470      Fe 2                6933.67A  -10.088    0.0016      Ni 2                6955.82A   -9.873    0.0026
C  1                1656.93A   -8.915    0.0238      Fe 2                6872.19A   -9.254    0.0109      Ni 2                8703.87A   -8.900    0.0246
C  1                1657.01A   -7.949    0.2200      Fe 2                6829.03A  -10.288    0.0010      Ni 2                9956.63A   -9.127    0.0146
C  1                1657.38A   -8.611    0.0479      Fe 2                5746.98A   -9.141    0.0141      Ni 2                5.18504m   -9.906    0.0024
C  1                1657.91A   -8.185    0.1276      Fe 2                5283.12A   -9.700    0.0039      Ni 2                3438.88A   -8.160    0.1353
C  1                1658.12A   -7.901    0.2457      Fe 2                5199.18A   -9.915    0.0024      Ni 2                3626.89A   -8.467    0.0667
C  1                1993.62A   -8.841    0.0282      Fe 2                4351.81A  -10.062    0.0017      Ni 2                3378.16A   -8.774    0.0329
C  1                2582.90A  -10.106    0.0015      Fe 2                4347.36A   -9.431    0.0072      Ni 2                3559.41A   -8.753    0.0345
C  1                9824.13A   -5.519   59.1697      Fe 2                4329.43A   -8.778    0.0326      level 1 lines..................................
C  1                9850.26A   -5.044  176.7707      Fe 2                2953.77A  -10.220    0.0012      recombination..................................
C  1                370.269m   -5.031  181.9648      Fe 2                2772.73A   -8.333    0.0909      level2 lines...................................
C  1                609.590m   -5.352   86.9532      Fe 2                2749.32A   -8.341    0.0893      C  1                1247.50A   -9.161    0.0135
C  2                1334.53A   -9.979    0.0021      Fe 2                9795.19A   -9.561    0.0054      C  1                1314.77A   -9.086    0.0161
C  2                1335.66A   -9.849    0.0028      Fe 2                8228.13A   -9.475    0.0065      C  1                1165.98A  -10.117    0.0015
C  2                1335.71A   -9.918    0.0024      Fe 2                7613.14A   -9.883    0.0026      C  1                1233.29A   -9.665    0.0042
C  2                2323.50A   -9.458    0.0068      Fe 2                7011.24A  -10.289    0.0010      C  1                1250.68A   -9.811    0.0030
C  2                2324.69A   -9.123    0.0147      Fe 2                6966.33A   -9.647    0.0044      Mg 1                1817.31A   -9.894    0.0025
C  2                2325.40A   -8.764    0.0337      Fe 2                5477.25A   -9.645    0.0044      Mg 1                1739.09A  -10.116    0.0015
C  2                2326.93A   -8.676    0.0412      Fe 2                5278.38A  -10.113    0.0015      Mg 1                1699.05A  -10.253    0.0011
C  2                2328.12A   -9.070    0.0167      Fe 2                4402.59A   -9.897    0.0025      Si 1                1853.05A   -9.684    0.0040
C  2                157.636m   -6.599    4.9195      Fe 2                4384.21A   -9.829    0.0029      Si 1                1693.70A  -10.238    0.0011
Ca 1                4226.73A   -8.208    0.1211      Fe 2                1.05081m  -10.041    0.0018      Si 1                1999.94A  -10.067    0.0017
Ca 1                6439.08A   -9.199    0.0124      Fe 2                7710.80A  -10.194    0.0013      Si 2                1179.59A   -9.292    0.0100
Ca 1                6449.81A  -10.286    0.0010      Fe 2                7048.01A   -9.860    0.0027      Si 2                993.354A  -10.179    0.0013
Ca 1                6462.57A   -9.397    0.0078      Fe 2                5901.28A  -10.091    0.0016      S  1                1356.05A   -9.696    0.0039
Ca 1                6471.66A  -10.250    0.0011      Fe 2                5527.62A  -10.203    0.0012      S  1                1392.25A  -10.020    0.0019
Ca 1                6493.78A   -9.585    0.0051      Fe 2                2.04602m   -8.728    0.0366      Fe 1                2484.25A   -9.942    0.0022
Ca 1                6499.65A  -10.290    0.0010      Fe 2                1.41956m   -9.283    0.0102      Fe 1                2526.51A  -10.224    0.0012
Cl 1                11.3303m   -8.525    0.0584      Fe 2                1.35904m  -10.087    0.0016      Sc 2                3627.22A   -8.615    0.0474
Co 2                9335.96A   -9.439    0.0071      Fe 2                1.23314m   -9.076    0.0164      Sc 2                3575.45A   -8.738    0.0358
Co 2                9639.13A   -9.876    0.0026      Fe 2                1.09108m   -8.998    0.0196      Sc 2                3368.13A   -9.303    0.0097
Co 2                10.5199m   -8.273    0.1043      Fe 2                1.07084m   -9.437    0.0071      Ti 2                3364.74A   -7.040    1.7833
Co 2                15.4548m   -9.158    0.0136      Fe 2                1.05625m   -9.887    0.0025      Ti 2                3237.15A   -7.280    1.0267
Co 2                2.98382m   -7.758    0.3410      Fe 2                1.01565m   -9.690    0.0040      Ti 2                1904.17A   -9.149    0.0139
Co 2                14.7345m   -8.803    0.0307      Fe 2                8119.18A  -10.167    0.0013      Ti 2                1907.36A   -8.889    0.0252
Co 2                18.7989m   -9.322    0.0093      Fe 2                5588.16A   -8.992    0.0199      V  2                2710.94A   -9.374    0.0083
Co 2                25.6819m  -10.010    0.0019      Fe 2                5586.91A   -9.854    0.0027      V  2                2684.22A   -9.136    0.0143
Co 2                1.01879m   -8.490    0.0633      Fe 2                5580.82A   -8.424    0.0737      V  2                2139.33A   -9.794    0.0031
Co 2                1.12804m   -9.461    0.0068      Fe 2                5551.32A   -8.142    0.1411      Cr 1                4269.56A   -9.541    0.0056
Co 2                1.54700m   -8.735    0.0360      Fe 2                3227.74A   -9.888    0.0025      Cr 1                3589.90A   -9.357    0.0086
Co 2                1.72847m   -9.731    0.0036      Fe 2                3196.07A   -9.377    0.0082      Cr 2                2059.78A   -7.641    0.4467
Co 2                1.90349m   -9.571    0.0052      Fe 2                2.13278m   -8.983    0.0203      Mn 2                1198.85A   -9.997    0.0020
Co 2                1.02452m   -9.294    0.0099      Fe 2                1.46079m   -9.830    0.0029      Co 2                2060.90A   -9.118    0.0149
Co 2                1.09726m   -9.922    0.0023      Fe 2                1.39678m   -9.890    0.0025      Co 2                2018.80A   -9.153    0.0137
Co 2                1.49674m  -10.159    0.0014      Fe 2                1.30943m   -9.910    0.0024      Co 2                1949.74A   -9.231    0.0115
Co 2                1.62622m  -10.147    0.0014      Fe 2                1.24364m  -10.095    0.0016      Co 2                1575.91A   -9.758    0.0034
Co 2                1.73616m   -9.853    0.0027      Fe 2                1.09413m   -9.196    0.0125      Co 2                1470.18A   -9.820    0.0030
Co 2                1.02803m   -9.892    0.0025      Fe 2                1.07890m   -9.292    0.0100      Ni 2                1751.83A   -8.674    0.0414
Co 2                8580.39A   -9.948    0.0022      Fe 2                1.06830m  -10.050    0.0017      Ni 2                1744.24A   -8.481    0.0645
Co 2                9342.40A   -8.643    0.0444      Fe 2                1.03658m  -10.061    0.0017      Ni 2                1484.97A   -9.785    0.0032
Co 2                9943.48A   -8.991    0.0200      Fe 2                5650.95A   -8.971    0.0209      Ni 2                1472.74A   -9.487    0.0064
Co 2                7539.01A   -9.312    0.0095      Fe 2                5649.67A   -8.945    0.0222      Ni 2                1400.37A   -9.788    0.0032
Co 2                8121.00A   -9.024    0.0185      Fe 2                5643.44A  -10.082    0.0016      Ni 2                1375.73A   -9.473    0.0066
Co 2                8571.41A   -9.631    0.0046      Fe 2                5613.27A   -8.358    0.0858      Ni 2                1324.11A   -9.572    0.0052
Co 2                6.21176m  -10.273    0.0010      Fe 2                2.24366m   -9.321    0.0093      Zn 1                2138.57A  -10.114    0.0015
Co 2                8027.34A   -9.490    0.0063      Fe 2                2.00672m   -8.666    0.0421      hyperfine structure............................
Co 2                8467.14A   -9.903    0.0024      Fe 2                1.10657m   -9.539    0.0056      inner shell....................................
Co 2                8333.76A   -9.671    0.0042      Fe 2                1.09542m   -9.643    0.0044      molecules......................................
Cr 2                8000.08A   -7.474    0.6558      Fe 2                5725.92A   -9.242    0.0112      bands..........................................
Cr 2                8125.30A   -7.548    0.5532      Fe 2                5718.22A   -8.692    0.0397      Fe 2b               2500.00A   -5.473   65.7524
Cr 2                8229.67A   -7.643    0.4452      Fe 2                2.22379m   -8.077    0.1638      Fe 2b               5000.00A   -5.529   57.7737
Cr 2                8308.49A   -7.830    0.2893      Fe 2                2.01513m   -8.396    0.0785      Fe 2b               7000.00A   -6.472    6.5890
Cr 2                8357.64A   -8.127    0.1458      Fe 2                9682.08A   -8.908    0.0242      Fe 2b               10000.0A   -5.152  137.7524
Cu 1                3247.54A  -10.136    0.0014      Fe 2                9513.85A   -9.714    0.0038      Fe 2b               2355.00A   -6.184   12.7870
Fe 1                24.0358m   -7.925    0.2322      Fe 2                8715.81A   -9.541    0.0056      Fe 2b               2430.00A   -5.480   64.7143
Fe 1                34.7038m   -8.513    0.0599      Fe 2                6873.84A   -9.205    0.0122      Fe 2b               2445.00A   -5.480   64.7141
Fe 2                25.9813m   -5.839   28.3199      Fe 2                6700.65A  -10.175    0.0013      Fe 2b               2495.00A   -6.098   15.6127
Fe 2                5.33871m   -5.317   94.2483      Fe 2                6188.55A   -9.386    0.0080      Fe 2b               2610.00A   -5.731   36.3099
Fe 2                4.11387m   -7.679    0.4092      Fe 2                5870.02A   -9.635    0.0045      Fe 2b               2695.00A   -8.374    0.0826
Fe 2                1.25668m   -6.588    5.0464      Fe 2                5673.20A   -9.669    0.0042      Fe 2b               2758.00A   -7.321    0.9345
Fe 2                1.19129m   -9.373    0.0083      Fe 2                4898.61A   -9.406    0.0077      Fe 2b               2780.00A   -7.278    1.0305
Fe 2                6309.53A  -10.219    0.0012      Fe 2                2.25348m   -8.914    0.0238      Fe 2b               2935.00A   -8.973    0.0208
Fe 2                4799.30A  -10.116    0.0015      Fe 2                1.02005m  -10.123    0.0015      Fe 2b               2960.00A   -9.402    0.0077
Fe 2                4704.22A   -9.341    0.0089      Fe 2                1.00139m   -9.566    0.0053      Fe 2b               3180.00A   -7.895    0.2491
Fe 2                4632.28A   -7.548    0.5534      Fe 2                9133.66A  -10.290    0.0010      Fe 2b               3250.00A   -7.189    1.2637
Fe 2                4604.48A   -9.331    0.0091      Fe 2                8885.67A  -10.014    0.0019      Fe 2b               3590.00A   -7.208    1.2101
Fe 2                4416.27A   -7.530    0.5775      Fe 2                7131.14A  -10.180    0.0013      Fe 2b               3910.00A   -9.259    0.0108
Fe 2                4382.74A   -8.499    0.0619      Fe 2                6944.91A   -9.747    0.0035      Fe 2b               4060.00A   -9.917    0.0024
Fe 2                4287.39A   -6.567    5.3002      Fe 2                6473.88A   -9.785    0.0032      Fe 2b               4255.00A   -5.963   21.3109
Fe 2                3931.44A  -10.161    0.0013      Fe 2                6044.10A  -10.215    0.0012      Fe 2b               4558.00A   -6.693    3.9657
Fe 2                3874.07A   -9.792    0.0032      Fe 2                5835.45A   -9.884    0.0026      Fe 2b               4600.00A   -6.663    4.2464
Fe 2                3175.38A   -8.378    0.0818      Fe 2                5060.09A   -9.965    0.0021      Fe 2b               4743.00A   -7.412    0.7576
Fe 2                2599.40A   -8.404    0.0770      Fe 2                4576.40A  -10.217    0.0012      Fe 2b               4855.00A   -6.833    2.8690
Fe 2                2585.88A   -9.414    0.0075      Fe 2                1.34608m  -10.264    0.0011      Fe 2b               4920.00A   -6.319    9.3888
Fe 2                2382.04A   -6.762    3.3806      Fe 2                1.11648m  -10.081    0.0016      Fe 2b               4975.00A   -6.848    2.7735
Fe 2                2373.74A  -10.022    0.0019      Fe 2                5048.19A   -9.931    0.0023      Fe 2b               4971.00A   -6.891    2.5127
Fe 2                2343.50A   -9.214    0.0119      Fe 2                1.71482m   -9.516    0.0060      Fe 2b               5070.00A   -6.770    3.3211
Fe 2                35.3391m   -6.501    6.1720      Fe 2                9949.21A   -9.848    0.0028      Fe 2b               5143.00A   -6.237   11.3397
Fe 2                6.71944m   -6.457    6.8324      Fe 2                7975.22A  -10.030    0.0018      Fe 2b               5270.00A   -5.952   21.8427
Fe 2                4.88781m   -7.343    0.8881      Fe 2                1.47063m  -10.286    0.0010      Fe 2b               5318.00A   -6.270   10.5026
Fe 2                4.07521m   -8.164    0.1340      Fe 2                1.01273m   -9.961    0.0021      Fe 2b               5540.00A   -7.418    0.7475
Fe 2                1.32055m   -7.085    1.6089      Fe 2                6353.11A  -10.082    0.0016      Fe 2b               5865.00A   -8.018    0.1875
Fe 2                1.24854m   -8.119    0.1487      Fe 2                1.80228m  -10.183    0.0013      Fe 2b               6265.00A   -8.831    0.0288
Fe 2                1.20512m   -9.931    0.0023      Fe 2                1.00387m  -10.111    0.0015      Fe 2b               6565.00A   -8.173    0.1311
Fe 2                7637.52A   -7.388    0.7992      Fe 2                9469.41A   -9.995    0.0020      Fe 2b               6910.00A   -8.112    0.1509
Fe 2                7523.28A   -9.436    0.0072      Fe 2                9384.77A   -9.485    0.0064      Fe 2b               7445.00A   -6.494    6.2735
Fe 2                4889.62A   -7.412    0.7571      Fe 2                2.39329m   -9.535    0.0057      Fe 2b               8625.00A   -6.161   13.4940
Fe 2                4750.27A  -10.144    0.0014      Fe 2                4825.73A   -9.012    0.0190      Fe 2b               1.03250m   -7.219    1.1816
Fe 2                4716.37A   -8.426    0.0733      Fe 2                2.50030m   -9.872    0.0026      Fe 2b               1.88900m   -5.867   26.5357
Fe 2                4687.56A   -8.629    0.0459      Fe 2                4867.73A  -10.053    0.0017      Fe 2b               2.20000m   -7.952    0.2181
Fe 2                4492.64A   -8.399    0.0780      Fe 2                2.59860m  -10.255    0.0011      miscellaneous..................................
Fe 2                4457.95A   -7.797    0.3118      Fe 2                4903.85A   -9.505    0.0061      Blnd                8446.00A  -10.055    0.0017
Fe 2                4432.45A   -8.591    0.0501      Fe 2                1.04657m  -10.288    0.0010      Blnd                1304.00A   -8.437    0.0714
Fe 2                4359.33A   -6.698    3.9211      Fe 2                3.58120m   -9.880    0.0026      Blnd                2798.00A   -4.991  199.4108
Fe 2                3224.54A   -9.475    0.0066      Fe 2                3.15558m   -9.910    0.0024      Blnd                6720.00A   -5.734   36.0824
Fe 2                3214.67A   -8.892    0.0251      Fe 2                5171.63A   -9.313    0.0095      Blnd                4074.00A   -7.058    1.7087
Fe 2                2625.67A   -5.854   27.3472      Fe 2                5169.03A   -8.515    0.0598      Blnd                1.03300m   -7.167    1.3299
Fe 2                2611.87A   -6.579    5.1567      Fe 2                5018.44A  -10.248    0.0011      Blnd                1256.00A   -9.080    0.0162
Fe 2                2598.37A   -7.810    0.3031      Fe 2                6044.54A   -9.757    0.0034      Blnd                5892.00A   -8.640    0.0448
Fe 2                2395.63A   -6.863    2.6820      Fe 2                5316.61A  -10.213    0.0012      Blnd                2665.00A   -6.540    5.6425
Fe 2                2388.63A   -7.908    0.2417      Fe 3                22.9190m  -10.239    0.0011      Blnd                2335.00A   -6.353    8.6766
Fe 2                2383.06A   -9.831    0.0029      Fe 3                4985.87A  -10.100    0.0016      Blnd                8579.00A   -5.972   20.8700
Fe 2                2364.83A   -7.264    1.0653      K  1                7664.90A  -10.153    0.0014      Blnd                7306.00A   -5.316   94.3717
Fe 2                2332.80A   -8.332    0.0910      Mg 1                2025.82A   -8.996    0.0197      Blnd                3933.00A   -6.959    2.1484
Fe 2                2279.91A   -9.915    0.0024      Mg 1                2852.13A   -6.727    3.6649      Blnd                1657.00A   -7.439    0.7119
Fe 2                51.2868m   -7.019    1.8723      Mg 1                3832.30A   -9.798    0.0031      Blnd                9850.00A   -4.918  235.9404
Fe 2                5.67236m   -8.154    0.1371      Mg 1                3838.29A   -9.381    0.0081      Blnd                2326.00A   -8.238    0.1131
Fe 2                4.60641m   -7.964    0.2125      Mg 1                3838.29A  -10.276    0.0010      Blnd                1335.00A   -9.435    0.0072
Fe 2                4.08085m   -8.710    0.0381      Mg 1                4562.60A   -6.532    5.7391      Blnd                3467.00A   -7.843    0.2806
Fe 2                1.37181m   -7.328    0.9184      Mg 1                4571.10A   -6.971    2.0914      Blnd                5199.00A   -5.597   49.4318
Fe 2                1.29427m   -7.904    0.2437      Mg 1                4575.29A   -7.899    0.2469      Blnd                1.04030m   -7.087    1.6015
Fe 2                7806.23A   -9.161    0.0135      Mg 1                5167.32A   -9.057    0.0171      Blnd                2141.00A  -10.110    0.0015
Fe 2                7686.93A   -7.466    0.6685      Mg 1                5172.68A   -8.583    0.0511      Blnd                6300.00A   -5.310   95.8116
Fe 2                7552.40A   -9.945    0.0022      Mg 1                5183.60A   -8.363    0.0848      Blnd                2471.00A   -9.995    0.0020
Fe 2                4958.23A   -9.263    0.0107      Mg 1                8806.76A   -8.644    0.0444      Blnd                7323.00A  -10.162    0.0013
Fe 2                4750.57A   -9.260    0.0108      Mg 1                1.18282m   -8.831    0.0289      Blnd                7332.00A  -10.244    0.0011
Fe 2                4728.07A   -8.060    0.1701      Mg 1                1.50250m   -9.623    0.0047      Blnd                3727.00A   -8.083    0.1615
Fe 2                4514.90A   -8.423    0.0738      Mg 1                1.50402m  -10.068    0.0017      Blnd                7325.00A   -9.900    0.0025
Fe 2                4488.75A   -8.142    0.1409      Mg 1                1.71087m   -9.383    0.0081



 IC443 grid point v shock=24 km/s  
 Cooling:  H  1c                     0 :0.123 C  1c                     0 :0.077 Fe 2c                     0 :0.064 O  1c                     0 :0.392 Si 2c                     0 :0.223  
 Heating:  TotM                      0 :0.192 CT H                      0 :0.710 H- H                      0 :0.094  

 These are some of the most important databases used by Cloudy:
 Many recombination coefficients were taken from http://amdpp.phys.strath.ac.uk/tamoc/RR/ and http://amdpp.phys.strath.ac.uk/tamoc/DR/
      and are based on the following papers:
        Badnell N. R., et al., A&A 406, 1151 (2003) [http://adsabs.harvard.edu/abs/2003A%26A...406.1151B]
        Badnell N. R., ApJS 167, 334 (2006) [http://adsabs.harvard.edu/abs/2006ApJS..167..334B]
 Much of the molecular emission data is from LAMDA as accessed on June 30, 2015. This database is described in:
        Schoeier F.L., et al., A&A 432, 369 (2005) [http://adsabs.harvard.edu/abs/2005A%26A...432..369S]
      This database is in part based on the work of the following groups:
        JPL: Pickett H. M. et al., JQSRT, 60, 883 (1998). [http://adsabs.harvard.edu/abs/1998JQSRT..60..883P]
        CDMS: Mueller H. S. et al., A&A 370, L49 (2001). [http://adsabs.harvard.edu/abs/2001A%26A...370L..49M]
              Mueller H. S. et al., J. Mol. Struct. 742, 215 (2005). [http://adsabs.harvard.edu/abs/2005JMoSt.742..215M]
 Some of the ionic emission data is from version 10.0.1 of CHIANTI. CHIANTI is a collaborative project involving the NRL (USA), the
      Universities of Florence (Italy) and Cambridge (UK), and George Mason University (USA). These papers describe Chianti:
        Dere K. P., et al., A&AS, 125, 149 (1997) [http://adsabs.harvard.edu/abs/1997A%26AS..125..149D]
        Landi E., et al., ApJ, 744, 99 (2012) [http://adsabs.harvard.edu/abs/2012ApJ...744...99L]
 Much of the H_2 data is from this web site: http://molat.obspm.fr/index.php?page=pages/Molecules/H2/H2can94.php. These data are
      described in:
        Abgrall H. et al., Can. J. Phys., 72, 856 (1994) [http://adsabs.harvard.edu/abs/1994CaJPh..72..856A]
        Wrathmall S. A. & Flower D. R., J. Phys. B, 40, 3221 (2007) [http://adsabs.harvard.edu/abs/2007JPhB...40.3221W]
 The Case A and Case B recombination predictions for one-electron systems are from
	Storey, P.J. & Hummer, D.G., 1995, MNRAS 272, 41 http://adsabs.harvard.edu/abs/1995MNRAS.272...41S
 The He I recombination predictions are from
	Porter, R. L.; Ferland, G. J.; Storey, P. J.; Detisch, M. J., 2012, MNRAS, 425, 28p http://adsabs.harvard.edu/abs/2012MNRAS.425L..28P
		http://adsabs.harvard.edu/abs/2013MNRAS.433L..89P

 If you find some process or data set to be particularly critical to a result, please follow the trail of references back to the
 original source and cite that.  This will support and encourage atomic, molecular, and chemical physicists to continue their
 valuable work.

 IONIZE PARMET:  U(1-)-37.0000  U(4-):-37.0000  U(sp):-37.00  Q(ion):   -3.448  L(ion)-13.970    Q(low):  9.669    L(low) -3.813
 ENERGY BUDGET:  Heat:  -8.148  Coolg:  -3.474  Error:4720407.0%  Rec Lin:  -4.822  F-F  H  0.000    P(rad/tot)max     8.17E-05    R(F Con):1.737e+05

     Col(Heff):      1.181E+20  snd travl time  2.32E+12 sec  Te-low: 1.00E+04  Te-hi: 1.00E+04  G0TH85: 0.00E+00  G0DB96:0.00E+00
  Emiss Measure    n(e)n(p) dl       4.917E+15  n(e)n(He+)dl         3.721E+07  En(e)n(He++) dl         0.000E+00  ne nC+:6.92E+12
 He/Ha:2.67E-08  =   0.00*true  Lthin:1.38E+07  itr/zn: 1.34  H2 itr/zn:  0.00  File Opacity: F  MassTot 3.35e-04  (gm/cm^2)
   Temps(21 cm)   T(21cm/Ly a)  7.63E+03        T(<nH/Tkin>)  1.00E+04          T(<nH/Tspin>)    8.18E+03          TB21cm:3.43E+00
                   N(H0/Tspin)  1.73E+16        N(OH/Tkin)    2.57E+07          B(21cm)          0.00E+00
   <a>:5.08E-13  erdeFe0.0E+00  Tcompt0.00E+00  Tthr9.76E+11  <Tden>: 1.00E+04  <dens>:1.80E-22  <MolWgt>1.29E+00
     Mean Jeans  l(cm)4.10E+20  M(sun)3.26E+06  smallest:     len(cm):4.10E+20  M(sun):3.26E+06  a_ox tran:  0.00
 Rion:1.000E+30  Dist:0.00E+00  Diam:0.000E+00
 Hatom level 70  HatomType: add  HInducImp  F  He tot level: 63  He2 level:   70  ExecTime    25.7
 ConvrgError(%)  <eden>  0.145  MaxEden  0.935  <H-C> 100.00  Max(H-C)  100.00  <Press>   0.000  MaxPrs er  0.000
  Continuity(%)  chng Te   0.0  elec den   1.2  n(H2)    0.0  n(CO)        5.8

                                                        Averaged Quantities
             Te      Te(Ne)   Te(NeNp)  Te(NeHe+)Te(NeHe2+) Te(NeO+)  Te(NeO2+)  Te(H2)     N(H)     Ne(O2+)   Ne(Np)
 Radius:  1.00e+04  1.00e+04  1.00e+04  1.00e+04  0.00e+00  1.00e+04  1.00e+04  1.00e+04  7.59e+01  5.58e-02  5.58e-02
 
 Peimbert T(OIIIr)0.00E+00 T(Bac)0.00E+00 T(Hth)6.95E+03 t2(Hstrc) 3.31e-32 T(O3-BAC)5.55E+03 t2(O3-BC)-1.49e-01 t2(O3str) 3.31e-32

 Contin Optical Depths: COMP: 6.90e-08    H-: 2.18e-05 R(1300): 9.47e-04  H2+: 2.81e-07  Bra:6.90E-08
                          Pa: 6.97e-08    Ba: 2.01e-05      Hb: 1.56e-05   La: 2.33e+00     1r:8.964E+02  1.8:2.80E+02 4.:4.227E+01

 Old, new H  1 continuum optical depths:
     1 1.00e+08     2 0.00e+00     3 0.00e+00     4 0.00e+00     5 0.00e+00     6 0.00e+00     7 0.00e+00     8 0.00e+00
     9 0.00e+00    10 0.00e+00    11 0.00e+00    12 0.00e+00    13 0.00e+00    14 0.00e+00    15 0.00e+00    16 0.00e+00
    17 0.00e+00    18 0.00e+00    19 0.00e+00    20 0.00e+00    21 0.00e+00    22 0.00e+00    23 0.00e+00    24 0.00e+00
    25 0.00e+00    26 0.00e+00    27 0.00e+00    28 0.00e+00    29 0.00e+00    30 0.00e+00    31 0.00e+00    32 0.00e+00
    33 0.00e+00    34 0.00e+00    35 0.00e+00    36 0.00e+00    37 0.00e+00    38 0.00e+00    39 0.00e+00    40 0.00e+00
    41 0.00e+00    42 0.00e+00    43 0.00e+00    44 0.00e+00    45 0.00e+00    46 0.00e+00    47 0.00e+00    48 0.00e+00
    49 0.00e+00    50 0.00e+00    51 0.00e+00    52 0.00e+00    53 0.00e+00    54 0.00e+00
     1 8.96e+02     2 1.12e-05     3 2.20e-05     4 2.20e-05     5 2.20e-05     6 5.67e-06     7 5.67e-06     8 5.67e-06
     9 5.67e-06    10 2.61e-19    11 2.61e-19    12 2.61e-19    13 2.61e-19    14 2.61e-19    15 3.73e-19    16 3.73e-19
    17 3.73e-19    18 3.73e-19    19 3.73e-19    20 3.73e-19    21 6.48e-19    22 6.48e-19    23 6.48e-19    24 6.48e-19
    25 6.48e-19    26 6.48e-19    27 6.48e-19    28 1.04e-18    29 1.04e-18    30 1.04e-18    31 1.04e-18    32 1.04e-18
    33 1.04e-18    34 1.04e-18    35 1.04e-18    36 1.60e-18    37 1.60e-18    38 1.60e-18    39 1.60e-18    40 1.60e-18
    41 1.60e-18    42 1.60e-18    43 1.60e-18    44 1.60e-18    45 2.33e-18    46 2.33e-18    47 2.33e-18    48 2.33e-18
    49 2.33e-18    50 2.33e-18    51 2.33e-18    52 2.33e-18    53 2.33e-18    54 2.33e-18

 Old, new H  1 mean line optical depths:
  2- 1 1.73e+07  3- 2 0.00e+00  4- 3 0.00e+00  5- 4 0.00e+00  6- 5 0.00e+00  7- 6 0.00e+00  8- 7 0.00e+00
  9- 8 0.00e+00 10- 9 0.00e+00 11-10 0.00e+00 12-11 0.00e+00 13-12 0.00e+00 14-13 0.00e+00 15-14 0.00e+00 16-15 0.00e+00
 17-16 0.00e+00 18-17 0.00e+00 19-18 0.00e+00 20-19 0.00e+00 21-20 0.00e+00 22-21 0.00e+00 23-22 0.00e+00 24-23 0.00e+00
 25-24 0.00e+00
  2- 1 1.48e+07  3- 2 7.38e-08  4- 3 1.28e-14  5- 4 6.78e-15  6- 5 1.62e-14  7- 6-4.34e-16  8- 7 6.07e-16
  9- 8 5.15e-15 10- 9 1.74e-14 11-10 7.35e-14 12-11 1.22e-15 13-12 7.09e-16 14-13-6.46e-16 15-14-3.52e-15 16-15-9.02e-15
 17-16-1.88e-14 18-17-3.57e-14 19-18-6.38e-14 20-19-1.10e-13 21-20-1.87e-13 22-21-3.23e-13 23-22-6.08e-13 24-23-1.50e-12
 25-24-4.65e-11

 Old, new He 2 continuum optical depths:
     1 3.43e+06     2 9.96e+07     3 0.00e+00     4 0.00e+00     5 0.00e+00     6 0.00e+00     7 0.00e+00     8 0.00e+00
     9 0.00e+00    10 0.00e+00    11 0.00e+00    12 0.00e+00    13 0.00e+00    14 0.00e+00    15 0.00e+00    16 0.00e+00
    17 0.00e+00    18 0.00e+00    19 0.00e+00    20 0.00e+00    21 0.00e+00    22 0.00e+00    23 0.00e+00    24 0.00e+00
    25 0.00e+00    26 0.00e+00    27 0.00e+00    28 0.00e+00    29 0.00e+00    30 0.00e+00    31 0.00e+00    32 0.00e+00
    33 0.00e+00    34 0.00e+00    35 0.00e+00    36 0.00e+00    37 0.00e+00    38 0.00e+00    39 0.00e+00    40 0.00e+00
    41 0.00e+00    42 0.00e+00    43 0.00e+00    44 0.00e+00    45 0.00e+00    46 0.00e+00    47 0.00e+00    48 0.00e+00
    49 0.00e+00    50 0.00e+00    51 0.00e+00    52 0.00e+00    53 0.00e+00    54 0.00e+00
     1 4.23e+01     2 8.92e+02     3 2.07e-05     4 2.07e-05     5 2.07e-05     6 1.12e-05     7 1.12e-05     8 1.12e-05
     9 1.12e-05    10 1.78e-05    11 1.78e-05    12 1.78e-05    13 1.78e-05    14 1.78e-05    15 2.20e-05    16 2.20e-05
    17 2.20e-05    18 2.20e-05    19 2.20e-05    20 2.20e-05    21 1.85e-05    22 1.85e-05    23 1.85e-05    24 1.85e-05
    25 1.85e-05    26 1.85e-05    27 1.85e-05    28 5.67e-06    29 5.67e-06    30 5.67e-06    31 5.67e-06    32 5.67e-06
    33 5.67e-06    34 5.67e-06    35 5.67e-06    36 1.69e-19    37 1.69e-19    38 1.69e-19    39 1.69e-19    40 1.69e-19
    41 1.69e-19    42 1.69e-19    43 1.69e-19    44 1.69e-19    45 2.61e-19    46 2.61e-19    47 2.61e-19    48 2.61e-19
    49 2.61e-19    50 2.61e-19    51 2.61e-19    52 2.61e-19    53 2.61e-19    54 2.61e-19

 Old, new He 2 mean line optical depths:
  2- 1 1.73e+06  3- 2 0.00e+00  4- 3 0.00e+00  5- 4 0.00e+00  6- 5 0.00e+00  7- 6 0.00e+00  8- 7 0.00e+00
  9- 8 0.00e+00 10- 9 0.00e+00 11-10 0.00e+00 12-11 0.00e+00 13-12 0.00e+00 14-13 0.00e+00 15-14 0.00e+00 16-15 0.00e+00
 17-16 0.00e+00 18-17 0.00e+00 19-18 0.00e+00 20-19 0.00e+00 21-20 0.00e+00 22-21 0.00e+00 23-22 0.00e+00 24-23 0.00e+00
 25-24 0.00e+00
  2- 1 0.00e+00  3- 2 0.00e+00  4- 3 0.00e+00  5- 4 0.00e+00  6- 5 0.00e+00  7- 6 0.00e+00  8- 7 0.00e+00
  9- 8 0.00e+00 10- 9 0.00e+00 11-10 0.00e+00 12-11 0.00e+00 13-12 0.00e+00 14-13 0.00e+00 15-14 0.00e+00 16-15 0.00e+00
 17-16 0.00e+00 18-17 0.00e+00 19-18 0.00e+00 20-19 0.00e+00 21-20 0.00e+00 22-21 0.00e+00 23-22 0.00e+00 24-23 0.00e+00
 25-24 0.00e+00

 Old He Is optical depths:    1 2.36e+07    2 0.00e+00    3 0.00e+00    4 0.00e+00    5 0.00e+00
 New He Is optical depths:    1 2.80e+02    2 7.35e-06    3 9.31e-06    4 1.04e-05    5 1.04e-05
          Old He Is Lines:  584 0.00e+00 3889 0.00e+00 5016 0.00e+00 5876 0.00e+00
          New He Is Lines:  584 9.38e+05 3889 4.77e-10 5016 8.13e-16 5876 0.00e+00
IC443 grid point v shock=24 km/s  


          Start Iteration Number 2                                            IC443 grid point v shock=24 km/s  


 ####  1  Te:1.000E+04 Hden:7.589E+01 Ne:4.169E-02 R:1.000E+30 R-R0:1.558E+12 dR:3.115E+12 NTR:  1 Htot:2.476E-27 T912: 1.50e-03###
 Hydrogen      1.00e+00 4.62e-04 H+o/Hden 1.00e+00 2.82e-09 H-    H2 5.52e-06 1.87e-10 H2+ HeH+ 2.85e-11 Ho+ ColD 2.36e+14 1.09e+11
 Helium        1.00e+00 2.04e-12 0.00e+00 HeI 2s3S 2.59e-16 Comp H,C 0.00e+00 0.00e+00 Fill Fac 1.00e+00 Gam1/tot 8.12e-08
 He singlet n  1.00e+00 1.32e-22 1.57e-30 6.02e-30 1.69e-31 7.60e-31 He tripl 2.59e-16 1.55e-28 9.97e-30 9.61e-30 4.29e-31
 Pressure      NgasTgas 8.36e+05 P(total) 1.15e-10 P( gas ) 1.15e-10 P(Radtn) 0.00e+00 Rad accl 0.00e+00 ForceMul 0.00e+00
 Texc(La)      2.23e+03 T(I con) 0.00e+00 T(D con) 3.33e-02 T(U tot) 3.33e-02 nT (c+d) 8.04e+03 Prad/Gas 0.00e+00 Pmag/Gas 0.00e+00
 Molecules     CH/Ctot: 2.65e-06 CH+/Ctot 2.48e-08 CO/Ctot: 6.08e-01 CO+/Ctot 2.85e-08 H2O/Otot 8.91e-12 OH/Ototl 2.16e-06
 Lithium       5.83e-03 9.94e-01 0.00e+00 0.00e+00 Berylliu 9.51e-01 4.94e-02 1.60e-08 0.00e+00 0.00e+00 sec ion: 0.00e+00
 Boron         4.62e-01 5.38e-01 2.91e-14 0.00e+00 0.00e+00 0.00e+00
 Carbon        3.86e-01 5.80e-03 1.59e-14 0.00e+00 0.00e+00 0.00e+00 0.00e+00 H2O+/O   8.33e-10 OH+/Otot 5.14e-06 Hex(tot) 0.00e+00
 Nitrogen      9.59e-01 5.01e-04 6.95e-20 0.00e+00 0.00e+00 0.00e+00 0.00e+00 0.00e+00 O2/Ototl 9.36e-11 O2+/Otot 1.35e-07
 Oxygen        6.96e-01 2.59e-04 2.74e-24 0.00e+00 0.00e+00 0.00e+00 0.00e+00 0.00e+00 0.00e+00
 Fluorine      7.70e-01 4.74e-06 1.50e-21 0.00e+00 0.00e+00 0.00e+00 0.00e+00 0.00e+00 0.00e+00 0.00e+00
 Neon          1.00e+00 4.71e-07 0.00e+00 0.00e+00 0.00e+00 0.00e+00 0.00e+00 0.00e+00 0.00e+00 0.00e+00 0.00e+00
 Sodium        1.20e-03 9.99e-01 5.01e-22 0.00e+00 0.00e+00 0.00e+00 0.00e+00 0.00e+00 0.00e+00 0.00e+00 0.00e+00 0.00e+00
 Magnesium     6.03e-02 9.40e-01 7.21e-05 0.00e+00 0.00e+00 0.00e+00 0.00e+00 0.00e+00 0.00e+00 0.00e+00 0.00e+00 0.00e+00 0.00e+00
 Aluminium  0  8.83e-04 9.99e-01 1.77e-07 0.00e+00 0.00e+00 0.00e+00 0.00e+00 0.00e+00 0.00e+00 0.00e+00 0.00e+00 0.00e+00 0.00e+00
 Silicon    0  1.09e-01 3.90e-01 2.90e-06 0.00e+00 0.00e+00 0.00e+00 0.00e+00 0.00e+00 0.00e+00 0.00e+00 0.00e+00 0.00e+00 0.00e+00
 Phosphorus 0  1.12e-03 9.99e-01 8.10e-10 0.00e+00 0.00e+00 0.00e+00 0.00e+00 0.00e+00 0.00e+00 0.00e+00 0.00e+00 0.00e+00 0.00e+00
 Sulphur    0  4.74e-02 7.65e-03 9.33e-13 0.00e+00 0.00e+00 0.00e+00 0.00e+00 0.00e+00 0.00e+00 0.00e+00 0.00e+00 0.00e+00 0.00e+00
 Chlorine   0  1.37e-02 9.86e-01 1.37e-09 0.00e+00 0.00e+00 0.00e+00 0.00e+00 0.00e+00 0.00e+00 0.00e+00 0.00e+00 0.00e+00 0.00e+00
 Argon      0  1.00e+00 2.42e-05 4.20e-17 0.00e+00 0.00e+00 0.00e+00 0.00e+00 0.00e+00 0.00e+00 0.00e+00 0.00e+00 0.00e+00 0.00e+00
 Potassium  0  2.86e-04 1.00e+00 1.19e-13 0.00e+00 0.00e+00 0.00e+00 0.00e+00 0.00e+00 0.00e+00 0.00e+00 0.00e+00 0.00e+00 0.00e+00
 Calcium    0  7.37e-03 9.83e-01 9.32e-03 0.00e+00 0.00e+00 0.00e+00 0.00e+00 0.00e+00 0.00e+00 0.00e+00 0.00e+00 0.00e+00 0.00e+00
 Scandium   0  3.76e-03 9.90e-01 6.35e-03 0.00e+00 0.00e+00 0.00e+00 0.00e+00 0.00e+00 0.00e+00 0.00e+00 0.00e+00 0.00e+00 0.00e+00
 Titanium   0  2.69e-04 9.99e-01 5.37e-04 0.00e+00 0.00e+00 0.00e+00 0.00e+00 0.00e+00 0.00e+00 0.00e+00 0.00e+00 0.00e+00 0.00e+00
 Vanadium   0  9.79e-03 9.90e-01 3.98e-05 0.00e+00 0.00e+00 0.00e+00 0.00e+00 0.00e+00 0.00e+00 0.00e+00 0.00e+00 0.00e+00 0.00e+00
 Chromium   0  1.59e-02 9.84e-01 1.33e-04 0.00e+00 0.00e+00 0.00e+00 0.00e+00 0.00e+00 0.00e+00 0.00e+00 0.00e+00 0.00e+00 0.00e+00
 Manganese  0  2.83e-04 1.00e+00 7.42e-05 0.00e+00 0.00e+00 0.00e+00 0.00e+00 0.00e+00 0.00e+00 0.00e+00 0.00e+00 0.00e+00 0.00e+00
 Iron       0  2.85e-04 1.00e+00 3.81e-05 0.00e+00 0.00e+00 0.00e+00 0.00e+00 0.00e+00 0.00e+00 0.00e+00 0.00e+00 0.00e+00 0.00e+00
 Cobalt     0  8.77e-02 9.12e-01 3.07e-07 0.00e+00 0.00e+00 0.00e+00 0.00e+00 0.00e+00 0.00e+00 0.00e+00 0.00e+00 0.00e+00 0.00e+00
 Nickel     0  3.73e-04 1.00e+00 1.22e-12 0.00e+00 0.00e+00 0.00e+00 0.00e+00 0.00e+00 0.00e+00 0.00e+00 0.00e+00 0.00e+00 0.00e+00
 Copper     0  1.88e-01 8.12e-01 1.80e-11 0.00e+00 0.00e+00 0.00e+00 0.00e+00 0.00e+00 0.00e+00 0.00e+00 0.00e+00 0.00e+00 0.00e+00
 Zinc       0  5.63e-01 4.37e-01 9.85e-08 0.00e+00 0.00e+00 0.00e+00 0.00e+00 0.00e+00 0.00e+00 0.00e+00 0.00e+00 0.00e+00 0.00e+00
 ####238  Te:1.000E+04 Hden:7.589E+01 Ne:5.835E-02 R:1.000E+30 R-R0:1.854E+18 dR:1.537E+16 NTR:  1 Htot:3.986E-27 T912: 8.96e+02###
 Hydrogen      9.99e-01 6.58e-04 H+o/Hden 1.00e+00 4.18e-09 H-    H2 6.94e-06 3.07e-10 H2+ HeH+ 4.66e-11 Ho+ ColD 1.41e+20 8.81e+16
 Helium        1.00e+00 5.69e-11 0.00e+00 HeI 2s3S 3.38e-16 Comp H,C 1.39e-35 4.01e-35 Fill Fac 1.00e+00 Gam1/tot 2.48e-05
 He singlet n  1.00e+00 1.92e-22 4.81e-28 8.05e-30 4.62e-30 1.00e-30 He tripl 3.38e-16 2.02e-28 1.30e-29 1.26e-29 5.68e-31
 Pressure      NgasTgas 8.36e+05 P(total) 1.15e-10 P( gas ) 1.15e-10 P(Radtn) 4.55e-17 Rad accl 1.54e-12 ForceMul 1.40e+06
 Texc(La)      2.89e+03 T(I con) 0.00e+00 T(D con) 9.09e-01 T(U tot) 9.09e-01 nT (c+d) 2.20e+05 Prad/Gas 3.94e-07 Pmag/Gas 0.00e+00
 Molecules     CH/Ctot: 8.58e-06 CH+/Ctot 5.50e-08 CO/Ctot: 3.88e-04 CO+/Ctot 6.56e-11 H2O/Otot 1.87e-11 OH/Ototl 3.87e-06
 Lithium       3.14e-03 9.97e-01 0.00e+00 0.00e+00 Berylliu 2.40e-01 7.60e-01 3.11e-07 0.00e+00 0.00e+00 sec ion: 0.00e+00
 Boron         2.22e-03 9.98e-01 7.05e-14 0.00e+00 0.00e+00 0.00e+00
 Carbon        9.96e-01 3.67e-03 1.41e-14 0.00e+00 0.00e+00 0.00e+00 0.00e+00 H2O+/O   8.55e-10 OH+/Otot 5.86e-06 Hex(tot) 0.00e+00
 Nitrogen      9.93e-01 8.17e-04 3.11e-18 0.00e+00 0.00e+00 0.00e+00 0.00e+00 0.00e+00 O2/Ototl 1.62e-10 O2+/Otot 1.58e-07
 Oxygen        9.99e-01 5.30e-04 7.32e-24 0.00e+00 0.00e+00 0.00e+00 0.00e+00 0.00e+00 0.00e+00
 Fluorine      9.19e-01 5.79e-06 2.22e-21 0.00e+00 0.00e+00 0.00e+00 0.00e+00 0.00e+00 0.00e+00 0.00e+00
 Neon          1.00e+00 4.27e-07 0.00e+00 0.00e+00 0.00e+00 0.00e+00 0.00e+00 0.00e+00 0.00e+00 0.00e+00 0.00e+00
 Sodium        1.31e-03 9.99e-01 6.36e-22 0.00e+00 0.00e+00 0.00e+00 0.00e+00 0.00e+00 0.00e+00 0.00e+00 0.00e+00 0.00e+00
 Magnesium     5.10e-02 9.49e-01 1.03e-04 0.00e+00 0.00e+00 0.00e+00 0.00e+00 0.00e+00 0.00e+00 0.00e+00 0.00e+00 0.00e+00 0.00e+00
 Aluminium  0  6.68e-04 9.99e-01 2.06e-07 0.00e+00 0.00e+00 0.00e+00 0.00e+00 0.00e+00 0.00e+00 0.00e+00 0.00e+00 0.00e+00 0.00e+00
 Silicon    0  1.63e-03 9.98e-01 1.06e-05 0.00e+00 0.00e+00 0.00e+00 0.00e+00 0.00e+00 0.00e+00 0.00e+00 0.00e+00 0.00e+00 0.00e+00
 Phosphorus 0  1.11e-03 9.99e-01 1.06e-09 0.00e+00 0.00e+00 0.00e+00 0.00e+00 0.00e+00 0.00e+00 0.00e+00 0.00e+00 0.00e+00 0.00e+00
 Sulphur    0  7.89e-01 2.11e-01 3.80e-10 0.00e+00 0.00e+00 0.00e+00 0.00e+00 0.00e+00 0.00e+00 0.00e+00 0.00e+00 0.00e+00 0.00e+00
 Chlorine   0  1.23e-02 9.88e-01 1.63e-09 0.00e+00 0.00e+00 0.00e+00 0.00e+00 0.00e+00 0.00e+00 0.00e+00 0.00e+00 0.00e+00 0.00e+00
 Argon      0  1.00e+00 3.93e-05 1.89e-15 0.00e+00 0.00e+00 0.00e+00 0.00e+00 0.00e+00 0.00e+00 0.00e+00 0.00e+00 0.00e+00 0.00e+00
 Potassium  0  3.12e-04 1.00e+00 1.47e-13 0.00e+00 0.00e+00 0.00e+00 0.00e+00 0.00e+00 0.00e+00 0.00e+00 0.00e+00 0.00e+00 0.00e+00
 Calcium    0  3.71e-03 9.88e-01 8.79e-03 0.00e+00 0.00e+00 0.00e+00 0.00e+00 0.00e+00 0.00e+00 0.00e+00 0.00e+00 0.00e+00 0.00e+00
 Scandium   0  2.19e-03 9.92e-01 5.96e-03 0.00e+00 0.00e+00 0.00e+00 0.00e+00 0.00e+00 0.00e+00 0.00e+00 0.00e+00 0.00e+00 0.00e+00
 Titanium   0  2.64e-04 9.99e-01 5.02e-04 0.00e+00 0.00e+00 0.00e+00 0.00e+00 0.00e+00 0.00e+00 0.00e+00 0.00e+00 0.00e+00 0.00e+00
 Vanadium   0  1.01e-02 9.90e-01 4.76e-05 0.00e+00 0.00e+00 0.00e+00 0.00e+00 0.00e+00 0.00e+00 0.00e+00 0.00e+00 0.00e+00 0.00e+00
 Chromium   0  3.08e-03 9.97e-01 1.92e-04 0.00e+00 0.00e+00 0.00e+00 0.00e+00 0.00e+00 0.00e+00 0.00e+00 0.00e+00 0.00e+00 0.00e+00
 Manganese  0  2.81e-04 1.00e+00 1.06e-04 0.00e+00 0.00e+00 0.00e+00 0.00e+00 0.00e+00 0.00e+00 0.00e+00 0.00e+00 0.00e+00 0.00e+00
 Iron       0  2.77e-04 1.00e+00 5.43e-05 0.00e+00 0.00e+00 0.00e+00 0.00e+00 0.00e+00 0.00e+00 0.00e+00 0.00e+00 0.00e+00 0.00e+00
 Cobalt     0  2.66e-02 9.73e-01 4.67e-07 0.00e+00 0.00e+00 0.00e+00 0.00e+00 0.00e+00 0.00e+00 0.00e+00 0.00e+00 0.00e+00 0.00e+00
 Nickel     0  3.66e-04 1.00e+00 1.60e-12 0.00e+00 0.00e+00 0.00e+00 0.00e+00 0.00e+00 0.00e+00 0.00e+00 0.00e+00 0.00e+00 0.00e+00
 Copper     0  6.09e-02 9.39e-01 2.76e-11 0.00e+00 0.00e+00 0.00e+00 0.00e+00 0.00e+00 0.00e+00 0.00e+00 0.00e+00 0.00e+00 0.00e+00
 Zinc       0  6.61e-02 9.34e-01 2.64e-07 0.00e+00 0.00e+00 0.00e+00 0.00e+00 0.00e+00 0.00e+00 0.00e+00 0.00e+00 0.00e+00 0.00e+00
   IC443 grid point v shock=24 km/s  
   Calculation stopped because H column dens reached. Iteration 2 of 2
   The geometry is plane-parallel.
  !Ionization rate fell below background cosmic ray ionization rate.  Should this be added too?
  !   Use the COSMIC RAY BACKGROUND command.
  !Compton cooling rate underflows to zero.  Is this important?
  !Some input lines contained underscores, these were changed to spaces.
  !There is no hydrogen-ionizing radiation.  Was this intended?
  !Thermal collisional ionization of H reached 81.90% of the local ionization rate.
  !Charge transfer H => H+ reached 84377.5% of the local H ionization rate.
  !Charge transfer heating reached 101.57% of the local heating.
  !Continuum zero at some energies.
  !AGE: Cloud age was not set.  Longest timescale was 9.95e+13 s = 3.15e+06 years.
  !Heating - cooling mismatch =200.0%. Caused by constant temperature assumption. 
  !Mutual neutralization production of H-alpha was significant.
  !Incident radiation field energy density is less than 2.7K.  Add background with CMB command.
  !The CMB was not included.  This is added with the CMB command.
  !The intensity of the incident radiation field is less than 10 times the Habing diffuse ISM field.  Is this OK?
  !   Consider adding diffuse ISM emission with TABLE ISM command.
  !An ionization jump occurred elem S  1, by 200% from 4.74e-02 (zone 1) to 3.13e-01 (zone 2) to 6.26e-01 (zone 3)
   H2 deexec cooling reached 0.82% of the local heating.
   The density is too low to l-mix the lowest H  I collapsed level.  More resolved levels are needed for accurate line ratios.
   The density is too low to l-mix the lowest He I collapsed level.  More resolved levels are needed for accurate line ratios.
   Grains were not present but might survive in this environment (energy density temperature was 0.00e+00K)
   The local H2 cooling rate reached 4.3% of the local cooling.
   H- absorption heating was 8.2% of the total.
   The fraction of N in NH reached 0.124% at some point in the cloud.
   The fraction of N in N2 reached 0.453% at some point in the cloud.
   The fraction of F in HF reached 8.06% at some point in the cloud.

                       *********************************> Cloudy 23.01 <**********************************
                       * title IC443 grid point v shock=24 km/s                                          *
                       * hden 1.8802                                                                     *
                       * constant temperature, t=10000 K linear                                          *
                       * stop column density 20.15                                                       *
                       * iterate                                                                         *
                       * save results last "v24.rlt"                                                     *
                       *********************************> Log(U):-37.00 <*********************************

                     Emission Line Spectrum.   Constant  Density Model.    Open geometry.  Iteration 2 of 2.
                                                     Intensity (erg/s/cm^2).


                                                   Intrinsic line intensities
general properties.............................      Ca 1                6449.81A  -10.284    0.0010      Fe 2                4576.40A  -10.217    0.0012
TotH                      0    -8.151    0.1381      Ca 1                6462.57A   -9.396    0.0079      Fe 2                1.34608m  -10.264    0.0011
TotC                      0    -3.474 6563.3140      Ca 1                6471.66A  -10.251    0.0011      Fe 2                1.11648m  -10.081    0.0016
TotM                      0    -8.860    0.0270      Ca 1                6493.78A   -9.583    0.0051      Fe 2                5048.19A   -9.931    0.0023
CT H                      0    -8.295    0.0992      Ca 1                6499.65A  -10.290    0.0010      Fe 2                1.71482m   -9.516    0.0060
H  1c                     0    -4.385  806.1851      Cl 1                11.3303m   -8.525    0.0584      Fe 2                9949.21A   -9.848    0.0028
NOc                       0    -9.603    0.0049      Co 2                9335.96A   -9.439    0.0071      Fe 2                7975.22A  -10.030    0.0018
CNc                       0    -8.415    0.0753      Co 2                9639.13A   -9.876    0.0026      Fe 2                1.47063m  -10.286    0.0010
OHc                       0    -9.448    0.0070      Co 2                10.5199m   -8.273    0.1043      Fe 2                1.01273m   -9.961    0.0021
HFc                       0    -9.142    0.0141      Co 2                15.4548m   -9.158    0.0136      Fe 2                6353.11A  -10.082    0.0016
COc                       0    -5.652   43.5778      Co 2                2.98382m   -7.758    0.3410      Fe 2                1.80228m  -10.183    0.0013
^13COc                    0    -7.172    1.3168      Co 2                14.7345m   -8.803    0.0307      Fe 2                1.00387m  -10.111    0.0015
SiOc                      0    -9.447    0.0070      Co 2                18.7989m   -9.322    0.0093      Fe 2                9469.41A   -9.995    0.0020
SiSc                      0    -9.565    0.0053      Co 2                25.6819m  -10.010    0.0019      Fe 2                9384.77A   -9.485    0.0064
OH+c                      0    -9.364    0.0084      Co 2                1.01879m   -8.490    0.0633      Fe 2                2.39329m   -9.535    0.0057
CHc                       0    -9.601    0.0049      Co 2                1.12804m   -9.461    0.0068      Fe 2                4825.73A   -9.028    0.0183
CHc                       0    -9.191    0.0126      Co 2                1.54700m   -8.735    0.0360      Fe 2                2.50030m   -9.872    0.0026
Al 1c                     0    -9.971    0.0021      Co 2                1.72847m   -9.731    0.0036      Fe 2                4867.73A  -10.069    0.0017
C  1c                     0    -4.587  505.9140      Co 2                1.90349m   -9.571    0.0052      Fe 2                2.59860m  -10.255    0.0011
C  2c                     0    -6.596    4.9610      Co 2                1.02452m   -9.294    0.0099      Fe 2                4903.85A   -9.521    0.0059
Ca 1c                     0    -8.116    0.1496      Co 2                1.09726m   -9.922    0.0023      Fe 2                1.04657m  -10.288    0.0010
Cl 1c                     0    -8.525    0.0584      Co 2                1.49674m  -10.159    0.0014      Fe 2                3.58120m   -9.880    0.0026
Co 2c                     0    -7.409    0.7620      Co 2                1.62622m  -10.147    0.0014      Fe 2                3.15558m   -9.910    0.0024
Cr 2c                     0    -6.971    2.0895      Co 2                1.73616m   -9.853    0.0027      Fe 2                5171.63A   -9.330    0.0092
Cu 1c                     0    -9.962    0.0021      Co 2                1.02803m   -9.892    0.0025      Fe 2                5169.03A   -8.515    0.0598
Fe 1c                     0    -7.825    0.2922      Co 2                8580.39A   -9.948    0.0022      Fe 2                5018.44A  -10.249    0.0011
Fe 2c                     0    -4.666  422.0536      Co 2                9342.40A   -8.643    0.0445      Fe 2                6044.54A   -9.773    0.0033
Fe 3c                     0    -9.523    0.0059      Co 2                9943.48A   -8.991    0.0200      Fe 2                5316.61A  -10.213    0.0012
K  1c                     0    -9.975    0.0021      Co 2                7539.01A   -9.312    0.0095      Fe 3                22.9190m  -10.240    0.0011
Mg 1c                     0    -6.211   12.0278      Co 2                8121.00A   -9.024    0.0185      Fe 3                4985.87A  -10.101    0.0016
Mn 2c                     0    -7.204    1.2225      Co 2                8571.41A   -9.631    0.0046      K  1                7664.90A  -10.152    0.0014
N  1c                     0    -5.581   51.3542      Co 2                6.21176m  -10.273    0.0010      Mg 1                2025.82A   -8.935    0.0227
Na 1c                     0    -8.640    0.0447      Co 2                8027.34A   -9.490    0.0063      Mg 1                2852.13A   -6.727    3.6664
Ni 1c                     0    -8.886    0.0254      Co 2                8467.14A   -9.903    0.0024      Mg 1                3832.30A   -9.798    0.0031
O  1c                     0    -3.881 2574.2964      Co 2                8333.76A   -9.671    0.0042      Mg 1                3838.29A   -9.381    0.0081
O  2c                     0    -8.071    0.1659      Cr 2                8000.08A   -7.474    0.6558      Mg 1                3838.29A  -10.276    0.0010
P  2c                     0    -6.651    4.3634      Cr 2                8125.30A   -7.548    0.5532      Mg 1                4562.60A   -6.532    5.7447
S  1c                     0    -6.494    6.2649      Cr 2                8229.67A   -7.643    0.4453      Mg 1                4571.10A   -6.970    2.0934
S  2c                     0    -5.711   38.0312      Cr 2                8308.49A   -7.830    0.2893      Mg 1                4575.29A   -7.898    0.2471
Sc 2c                     0    -8.691    0.0398      Cr 2                8357.64A   -8.127    0.1458      Mg 1                5167.32A   -9.057    0.0172
Si 1c                     0    -8.003    0.1941      Cu 1                3247.54A  -10.135    0.0014      Mg 1                5172.68A   -8.583    0.0511
Si 2c                     0    -4.126 1461.0859      Fe 1                24.0358m   -7.925    0.2323      Mg 1                5183.60A   -8.362    0.0849
Zn 2c                     0    -9.021    0.0186      Fe 1                34.7038m   -8.513    0.0600      Mg 1                8806.76A   -8.644    0.0443
Al 2c                     0    -6.487    6.3633      Fe 2                25.9813m   -5.839   28.3186      Mg 1                1.18282m   -8.837    0.0284
Ca 2c                     0    -5.221  117.5913      Fe 2                5.33871m   -5.317   94.2201      Mg 1                1.50250m   -9.623    0.0047
Cl 2c                     0    -7.045    1.7635      Fe 2                4.11387m   -7.679    0.4092      Mg 1                1.50402m  -10.067    0.0017
Mg 2c                     0    -4.991  199.7465      Fe 2                1.25668m   -6.588    5.0465      Mg 1                1.71087m   -9.399    0.0078
N  2c                     0    -8.229    0.1154      Fe 2                1.19129m   -9.373    0.0083      Mn 2                2576.10A   -7.584    0.5093
Ni 2c                     0    -6.026   18.3990      Fe 2                6309.53A  -10.219    0.0012      Mn 2                2593.72A   -7.677    0.4110
continua.......................................      Fe 2                4799.30A  -10.116    0.0015      Mn 2                2605.68A   -7.818    0.2970
Bac                 3646.00A   -7.930    0.2298      Fe 2                4704.22A   -9.341    0.0089      Mn 2                3438.97A   -9.634    0.0045
nFnu                3645.00A   -5.376   82.2516      Fe 2                4632.28A   -7.548    0.5533      Mn 2                3460.03A  -10.223    0.0012
nFnu                3647.00A   -5.377   82.0218      Fe 2                4604.48A   -9.332    0.0091      N  1                1134.17A  -10.163    0.0013
cout                3646.00A   -8.231    0.1149      Fe 2                4416.27A   -7.530    0.5774      N  1                1134.41A   -9.887    0.0025
cref                3646.00A   -8.231    0.1149      Fe 2                4382.74A   -8.499    0.0619      N  1                1134.98A   -9.735    0.0036
thin                3646.00A   -7.930    0.2298      Fe 2                4287.39A   -6.567    5.3002      N  1                1199.55A   -9.451    0.0069
Ba C                      0    -8.686    0.0403      Fe 2                3931.44A  -10.161    0.0013      N  1                1200.22A   -9.623    0.0047
PA C                      0    -9.103    0.0154      Fe 2                3874.07A   -9.792    0.0032      N  1                1200.71A   -9.925    0.0023
FIR                 83.0000m   -3.859 2706.4771      Fe 2                3175.38A   -8.378    0.0818      N  1                3466.50A   -7.927    0.2315
TIR                 1800.00m   -5.319   93.7746      Fe 2                2599.40A   -8.466    0.0669      N  1                3466.54A   -8.599    0.0492
NIRa                2.85000m   -3.962 2134.3684      Fe 2                2585.88A   -9.510    0.0060      N  1                5197.90A   -5.995   19.7670
NIRb                3.00000m   -5.128  145.5119      Fe 2                2382.04A   -6.690    3.9882      N  1                5200.26A   -5.819   29.6805
MIRa                15.0000m   -5.223  117.0766      Fe 2                2373.74A  -10.101    0.0016      N  1                1.03977m   -7.431    0.7246
MIRb                22.5000m   -4.085 1606.6027      Fe 2                2343.50A   -9.291    0.0100      N  1                1.03982m   -7.954    0.2175
NMIR                21.7500m   -3.962 2134.3684      Fe 2                35.3391m   -6.501    6.1718      N  1                1.04072m   -7.779    0.3252
TFIR                611.250m   -4.574  520.9651      Fe 2                6.71944m   -6.457    6.8304      N  1                1.04076m   -7.767    0.3346
TALL                10000.0A   -3.488 6351.4785      Fe 2                4.88781m   -7.343    0.8881      Na 1                5889.95A   -8.941    0.0224
F12                 12.0000m   -7.123    1.4720      Fe 2                4.07521m   -8.164    0.1340      Na 1                5895.92A   -8.941    0.0224
F25                 25.0000m   -5.734   36.0473      Fe 2                1.32055m   -7.085    1.6089      Ni 1                7.50454m   -8.886    0.0254
F60                 60.0000m   -3.935 2270.6414      Fe 2                1.24854m   -8.119    0.1487      O  1                1027.43A  -10.204    0.0012
F100                100.000m   -6.439    7.1108      Fe 2                1.20512m   -9.931    0.0023      O  1                1027.43A   -9.912    0.0024
MIPS                24.0000m   -5.734   36.0421      Fe 2                7637.52A   -7.388    0.7993      O  1                1028.16A  -10.078    0.0016
MIPS                70.0000m   -3.936 2266.9902      Fe 2                7523.28A   -9.436    0.0072      O  1                1304.86A   -8.557    0.0542
MIPS                160.000m   -4.942  223.6379      Fe 2                4889.62A   -7.412    0.7571      O  1                1306.03A   -9.045    0.0176
IRAC                3.60000m   -8.350    0.0872      Fe 2                4750.27A  -10.144    0.0014      O  1                1355.60A   -8.595    0.0497
IRAC                4.50000m   -7.029    1.8283      Fe 2                4716.37A   -8.426    0.0733      O  1                1358.51A   -9.069    0.0167
IRAC                5.80000m   -5.316   94.3719      Fe 2                4687.56A   -8.629    0.0459      O  1                2972.29A   -8.077    0.1638
IRAC                8.00000m   -6.324    9.2785      Fe 2                4492.64A   -8.399    0.0780      O  1                5577.34A   -7.127    1.4588
SPR1                250.000m   -6.484    6.4148      Fe 2                4457.95A   -7.797    0.3118      O  1                6300.30A   -5.430   72.6150
SPR2                350.000m   -5.021  186.3969      Fe 2                4432.45A   -8.591    0.0501      O  1                6363.78A   -5.926   23.1965
SPR3                500.000m   -6.662    4.2570      Fe 2                4359.33A   -6.698    3.9211      O  1                6391.73A   -9.254    0.0109
PAC1                70.0000m   -3.936 2268.0557      Fe 2                3224.54A   -9.475    0.0066      O  1                44.0453m   -9.561    0.0054
PAC2                100.000m   -6.439    7.1114      Fe 2                3214.67A   -8.892    0.0251      O  1                63.1679m   -3.936 2264.5088
PAC3                160.000m   -4.933  227.9712      Fe 2                2625.67A   -5.854   27.3568      O  1                145.495m   -4.964  212.2042
PAH                 3.30000m   -9.156    0.0136      Fe 2                2611.87A   -6.579    5.1574      O  2                2470.34A  -10.098    0.0016
PAHC                3.23000m   -9.436    0.0072      Fe 2                2598.37A   -7.810    0.3031      O  2                3728.81A   -8.305    0.0969
PAHC                3.37000m   -9.427    0.0073      Fe 2                2395.63A   -6.863    2.6823      O  2                3726.03A   -8.481    0.0646
PAH                 6.20000m   -9.204    0.0122      Fe 2                2388.63A   -7.908    0.2417      P  2                60.6263m   -7.389    0.7986
PAHC                5.65000m   -8.113    0.1508      Fe 2                2383.06A   -9.831    0.0029      P  2                1532.53A   -9.921    0.0023
PAH                 7.90000m   -8.707    0.0383      Fe 2                2364.83A   -7.264    1.0656      P  2                32.8620m   -7.492    0.6294
PAHC                6.90000m   -6.326    9.2349      Fe 2                2332.80A   -8.331    0.0912      P  2                1.14682m   -7.409    0.7618
PAH                 11.3000m   -8.507    0.0608      Fe 2                2279.91A   -9.915    0.0024      P  2                4669.25A   -9.075    0.0165
PAHC                10.9000m   -8.206    0.1217      Fe 2                51.2868m   -7.019    1.8722      P  2                2195.57A   -9.353    0.0087
PAH                 11.8000m   -9.891    0.0025      Fe 2                5.67236m   -8.154    0.1371      P  2                1536.42A  -10.013    0.0019
PAHC                12.6500m   -7.953    0.2179      Fe 2                4.60641m   -7.964    0.2125      P  2                1535.92A   -9.787    0.0032
PAH                 13.3000m   -9.682    0.0041      Fe 2                4.08085m   -8.710    0.0381      P  2                1.18828m   -6.986    2.0192
PAHC                14.1000m   -7.614    0.4757      Fe 2                1.37181m   -7.328    0.9184      P  2                2210.34A   -8.900    0.0246
Bcon                3640.00A   -4.268 1055.4324      Fe 2                1.29427m   -7.904    0.2437      P  2                1542.30A  -10.076    0.0016
Pcon                5000.00A   -4.693  396.7243      Fe 2                7806.23A   -9.161    0.0135      P  2                7875.99A   -8.326    0.0923
O3bn                5007.00A   -6.551    5.4979      Fe 2                7686.93A   -7.466    0.6685      S  1                1483.04A   -9.903    0.0024
HFFc                      0    -7.441    0.7078      Fe 2                7552.40A   -9.945    0.0022      S  1                1820.34A   -8.608    0.0482
H FF                      0    -9.052    0.0173      Fe 2                4958.23A   -9.263    0.0107      S  1                1826.24A   -9.091    0.0159
MeFB                      0    -9.451    0.0069      Fe 2                4750.57A   -9.260    0.0108      S  1                25.2421m   -6.544    5.5852
MeFF                      0    -9.802    0.0031      Fe 2                4728.07A   -8.060    0.1701      S  1                56.2957m   -7.503    0.6134
ToFF                      0    -8.981    0.0204      Fe 2                4514.90A   -8.423    0.0738      S  2                6730.82A   -6.134   14.3697
Mion                      0    -8.379    0.0818      Fe 2                4488.75A   -8.142    0.1409      S  2                6716.44A   -5.972   20.8385
nFnu                122.400m   -9.972    0.0021      Fe 2                4470.30A   -9.345    0.0088      S  2                4076.35A   -7.682    0.4068
nFnu                60.8322m   -9.598    0.0049      Fe 2                4413.78A   -6.849    2.7683      S  2                4068.60A   -7.191    1.2605
nFnu                41.2152m   -9.383    0.0081      Fe 2                3254.24A   -8.952    0.0218      S  2                1.03364m   -7.820    0.2959
nFnu                30.8695m   -9.222    0.0117      Fe 2                3244.18A   -9.247    0.0111      S  2                1.02867m   -7.817    0.2981
nFnu                24.7829m   -9.097    0.0156      Fe 2                2631.32A   -6.833    2.8694      S  2                1.03705m   -8.142    0.1410
nFnu                24.2998m   -9.085    0.0161      Fe 2                2617.62A   -8.278    0.1031      S  2                1.03205m   -7.683    0.4056
nFnu                22.8302m   -9.051    0.0174      Fe 2                2607.09A   -8.153    0.1374      S  2                1259.52A   -9.438    0.0071
nFnu                21.4199m   -9.014    0.0189      Fe 2                2404.89A   -7.854    0.2733      S  2                1253.81A   -9.518    0.0059
nFnu                21.1235m   -9.005    0.0193      Fe 2                2399.24A   -8.674    0.0414      S  2                1250.58A   -9.828    0.0029
nFnu                19.6199m   -8.962    0.0213      Fe 2                2395.42A   -9.683    0.0041      Sc 2                4246.82A   -9.846    0.0028
nFnu                17.6534m   -8.901    0.0246      Fe 2                2380.76A   -6.669    4.1893      Sc 2                7043.49A   -9.616    0.0047
nFnu                17.3700m   -8.891    0.0251      Fe 2                2348.30A   -8.418    0.0747      Sc 2                8261.17A  -10.130    0.0014
nFnu                15.6901m   -8.829    0.0290      Fe 2                2327.40A   -9.007    0.0192      Sc 2                8271.28A  -10.016    0.0019
nFnu                14.6036m   -8.786    0.0320      Fe 2                87.3597m   -7.721    0.3719      Sc 2                8326.62A  -10.270    0.0010
nFnu                12.4300m   -8.685    0.0404      Fe 2                5.06097m   -8.622    0.0467      Sc 2                8347.28A   -9.835    0.0029
nFnu                11.4000m   -8.630    0.0458      Fe 2                4.43363m   -8.539    0.0565      Sc 2                8384.33A  -10.147    0.0014
nFnu                10.4600m   -8.574    0.0522      Fe 2                1.40951m   -9.949    0.0022      Sc 2                1.07804m  -10.214    0.0012
nFnu                9.48002m   -8.510    0.0605      Fe 2                1.32777m   -8.088    0.1597      Sc 2                2.03194m   -9.752    0.0035
nFnu                9.32488m   -8.498    0.0620      Fe 2                1.27877m   -8.145    0.1401      Sc 2                2.04712m  -10.099    0.0016
nFnu                8.21035m   -8.411    0.0759      Fe 2                1.25214m   -9.185    0.0128      Sc 2                2.07591m   -9.743    0.0035
nFnu                7.58000m   -8.354    0.0864      Fe 2                7926.88A   -9.422    0.0074      Sc 2                2.07842m   -9.577    0.0052
nFnu                7.05026m   -8.301    0.0978      Fe 2                7803.89A   -9.163    0.0134      Sc 2                2.08152m   -9.846    0.0028
nFnu                4.11370m   -7.862    0.2689      Fe 2                7665.28A   -8.416    0.0750      Sc 2                2.11129m  -10.020    0.0019
nFnu                2.32440m   -7.306    0.9671      Fe 2                5006.63A   -8.563    0.0535      Sc 2                2.12445m  -10.018    0.0019
nFnu                1.64313m   -6.939    2.2506      Fe 2                4772.06A   -9.376    0.0082      Si 1                2207.98A  -10.163    0.0013
nFnu                1.48022m   -6.824    2.9346      Fe 2                4639.67A   -9.060    0.0170      Si 1                2211.75A   -9.742    0.0035
nFnu                1.43649m   -6.789    3.1800      Fe 2                4528.39A   -8.671    0.0417      Si 1                2514.32A  -10.044    0.0018
nFnu                1.11867m   -6.509    6.0551      Fe 2                4509.61A   -9.018    0.0187      Si 1                2519.20A   -9.109    0.0152
nFnu                8329.68A   -6.192   12.5555      Fe 2                4452.10A   -7.041    1.7775      Si 1                2528.51A   -8.894    0.0250
nFnu                8078.61A   -6.160   13.5178      Fe 2                3277.55A   -9.176    0.0130      Si 1                68.4548m   -8.394    0.0789
nFnu                6209.66A   -5.892   25.0690      Fe 2                3277.12A  -10.080    0.0016      Si 1                129.641m   -8.464    0.0672
nFnu                4885.36A   -5.656   43.1450      Fe 2                3275.02A   -9.252    0.0109      Si 2                34.8046m   -4.131 1447.2151
nFnu                3704.34A   -5.392   79.3362      Fe 2                2631.05A   -8.001    0.1951      Si 2                2334.41A   -7.289    1.0040
nFnu                3587.67A   -5.363   84.8352      Fe 2                2620.41A   -9.892    0.0025      Si 2                2328.52A   -7.906    0.2426
nFnu                2430.05A   -5.010  191.0570      Fe 2                2613.82A   -8.768    0.0333      Si 2                1808.01A   -7.215    1.1914
nFnu                2392.03A   -4.996  197.3860      Fe 2                2410.52A   -8.638    0.0450      Si 2                1260.42A   -9.500    0.0062
nFnu                2071.34A   -4.877  259.3518      Fe 2                2406.66A   -8.911    0.0240      Si 2                2350.17A   -7.161    1.3505
nFnu                2052.68A   -4.869  264.0850      Fe 2                2404.43A   -9.747    0.0035      Si 2                2344.20A   -6.757    3.4172
nFnu                1793.44A   -4.773  329.9899      Fe 2                2359.11A   -8.729    0.0365      Si 2                2334.60A   -6.866    2.6634
nFnu                1585.12A   -4.706  384.9294      Fe 2                2338.01A   -8.785    0.0321      Si 2                1817.45A   -7.357    0.8590
nFnu                1458.33A   -4.698  391.6222      Fe 2                4.67067m   -9.164    0.0134      Si 2                1816.93A   -6.902    2.4473
nFnu                1356.96A   -4.739  356.7386      Fe 2                1.29777m   -8.475    0.0654      Si 2                1533.43A   -7.703    0.3870
nFnu                1297.29A   -4.851  275.3516      Fe 2                1.27034m   -8.347    0.0879      Si 2                1309.28A   -8.489    0.0634
nFnu                1262.79A   -5.028  183.0996      Fe 2                7999.47A  -10.169    0.0013      Si 2                1265.00A   -8.252    0.1094
nFnu                1218.08A   -9.087    0.0160      Fe 2                7874.24A   -8.517    0.0595      Si 2                1264.74A   -8.697    0.0392
nFnu                1196.33A   -8.598    0.0493      Fe 2                7733.14A   -9.064    0.0169      Si 2                1197.39A   -8.582    0.0512
nFnu                1175.06A   -8.541    0.0563      Fe 2                4798.28A   -8.926    0.0232      Si 2                1194.50A   -8.791    0.0317
nFnu                1143.64A   -8.665    0.0422      Fe 2                4664.45A   -9.574    0.0052      Si 2                3862.60A   -9.891    0.0025
nFnu                1113.22A   -8.779    0.0325      Fe 2                4533.01A   -9.566    0.0053      Si 2                3856.02A   -9.865    0.0027
nFnu                1103.23A   -8.808    0.0304      Fe 2                4474.90A   -7.354    0.8658      Si 2                6371.37A   -9.808    0.0030
nFnu                1073.86A   -9.078    0.0163      Fe 2                3289.89A   -9.562    0.0054      Si 2                6347.11A   -9.731    0.0036
nFnu                1064.34A   -9.122    0.0148      Fe 2                3289.46A   -9.341    0.0089      Zn 2                2062.00A   -9.426    0.0073
nFnu                1035.92A   -9.239    0.0113      Fe 2                2628.29A   -8.449    0.0696      Zn 2                2025.48A   -9.193    0.0125
nFnu                1000.00A   -9.405    0.0077      Fe 2                2621.67A   -9.356    0.0086      Al 2                2669.15A   -6.936    2.2641
nFnu                925.144A   -9.370    0.0083      Fe 2                2413.31A   -9.154    0.0137      Al 2                2660.35A   -6.762    3.3783
nFnu                897.800A   -9.823    0.0029      Fe 2                2411.07A   -9.164    0.0134      Al 2                1670.79A   -7.434    0.7202
RRC............................................      Fe 2                2344.28A   -8.868    0.0265      Al 2                3900.67A  -10.172    0.0013
H  1                3645.98A   -9.108    0.0152      Fe 2                17.9311m   -6.305    9.6938      Ca 2                7323.89A   -5.711   38.0158
H  1                3645.98A   -8.762    0.0338      Fe 2                1.64355m   -5.410   76.0029      Ca 2                7291.47A   -5.541   56.2251
H  1                8203.57A   -9.843    0.0028      Fe 2                1.53348m   -6.536    5.6955      Ca 2                3968.47A   -7.220    1.1775
H  1                8203.57A   -9.449    0.0070      Fe 2                8616.95A   -6.799    3.1056      Ca 2                8662.14A   -6.459    6.7902
H  1                8203.57A   -9.552    0.0055      Fe 2                7155.17A   -6.928    2.3080      Ca 2                3933.66A   -7.205    1.2199
H  1                1.45842m   -9.929    0.0023      Fe 2                6896.17A   -8.380    0.0816      Ca 2                8498.02A   -7.139    1.4183
H  1                1.45842m   -9.925    0.0023      Fe 2                5413.37A   -8.838    0.0284      Ca 2                8542.09A   -6.193   12.5481
H  1                1.45842m  -10.266    0.0011      Fe 2                5280.27A   -9.374    0.0083      Ca 2                3706.02A   -8.803    0.0308
H  1                2.27878m  -10.286    0.0010      Fe 2                5273.36A   -6.926    2.3172      Ca 2                3736.90A   -8.506    0.0610
H  1                2.27878m  -10.250    0.0011      Fe 2                5158.79A   -6.315    9.4597      Ca 2                3158.87A   -8.823    0.0294
Al 1                2070.66A  -10.247    0.0011      Fe 2                5111.64A   -7.222    1.1724      Ca 2                3181.27A   -9.528    0.0058
Si 1                1520.96A   -9.249    0.0110      Fe 2                5072.41A   -6.968    2.1060      Ca 2                3179.33A   -8.574    0.0522
S  1                1196.76A   -9.860    0.0027      Fe 2                5039.10A   -8.402    0.0775      Ca 2                1.19497m  -10.258    0.0011
grains.........................................      Fe 2                4814.54A   -7.272    1.0454      Ca 2                1.18390m   -9.950    0.0022
H-like iso-sequence............................      Fe 2                4774.73A   -7.712    0.3798      Ca 2                1838.01A   -9.760    0.0034
Cool                1215.67A   -4.605  485.3257      Fe 2                4745.49A   -8.763    0.0337      Ca 2                1840.03A   -9.604    0.0049
Crst                960.000A   -4.785  320.8594      Fe 2                4661.78A   -9.862    0.0027      Ca 2                2112.76A  -10.232    0.0011
CION                      0    -6.846    2.7885      Fe 2                4243.97A   -6.642    4.4630      Cl 2                14.3639m   -7.615    0.4740
Dest                1215.67A   -9.851    0.0028      Fe 2                4177.20A   -7.731    0.3629      Cl 2                33.2721m   -8.696    0.0394
Ca B                1215.67A   -7.682    0.4066      Fe 2                4146.65A   -9.307    0.0096      Cl 2                8578.70A   -7.303    0.9723
CaBo                4861.32A   -9.215    0.0119      Fe 2                4114.48A   -9.647    0.0044      Cl 2                9123.60A   -7.888    0.2529
Ca A                1215.67A   -7.873    0.2621      Fe 2                3929.35A   -9.900    0.0025      Cl 2                3677.85A   -9.226    0.0116
Ca A                1025.72A   -8.519    0.0592      Fe 2                3387.09A   -8.147    0.1394      Cl 2                6161.84A   -9.180    0.0129
Ca A                972.537A   -8.930    0.0230      Fe 2                3376.20A   -7.349    0.8750      Mg 2                2802.71A   -5.465   66.9417
Ca A                949.743A   -9.234    0.0114      Fe 2                2732.45A   -8.479    0.0649      Mg 2                2795.53A   -5.169  132.4585
Ca A                937.803A   -9.476    0.0065      Fe 2                2493.30A   -6.114   15.0274      Mg 2                2936.52A   -8.397    0.0784
Ca A                930.748A   -9.678    0.0041      Fe 2                2484.20A   -9.673    0.0042      Mg 2                2928.64A   -8.699    0.0391
Ca A                926.226A   -9.852    0.0027      Fe 2                2360.00A   -7.966    0.2116      Mg 2                2797.93A   -9.137    0.0143
Ca A                923.150A  -10.005    0.0019      Fe 2                2348.12A   -8.009    0.1915      Mg 2                2790.77A   -8.434    0.0719
Ca A                920.963A  -10.141    0.0014      Fe 2                2331.31A   -9.728    0.0037      Mg 2                2798.00A   -8.181    0.1288
Ca A                919.351A  -10.264    0.0011      Fe 2                24.5126m   -7.005    1.9349      Mg 2                9244.22A  -10.261    0.0011
Ca A                6562.80A   -8.942    0.0224      Fe 2                1.80940m   -6.011   19.0588      Mg 2                9218.22A   -9.961    0.0021
Ca A                4861.32A   -9.392    0.0079      Fe 2                1.67688m   -6.961    2.1387      N  2                205.283m   -9.501    0.0062
Ca A                4340.46A   -9.717    0.0038      Fe 2                1.59948m   -6.868    2.6490      N  2                121.769m   -9.726    0.0037
Ca A                4101.73A   -9.971    0.0021      Fe 2                9051.95A   -6.640    4.4745      N  2                6548.05A   -8.875    0.0261
Ca A                3970.07A  -10.180    0.0013      Fe 2                8891.93A   -7.065    1.6834      N  2                6583.45A   -8.406    0.0768
Ca A                1.87510m   -9.734    0.0036      Fe 2                7452.56A   -7.420    0.7435      N  2                5754.59A  -10.254    0.0011
Ca A                1.28181m  -10.061    0.0017      Fe 2                7172.00A   -7.335    0.9040      N  2                2142.77A  -10.259    0.0011
Ca B                6562.80A   -8.760    0.0340      Fe 2                6275.53A   -9.293    0.0100      Ni 2                1.19102m   -6.286   10.1188
Ca B                4861.32A   -9.217    0.0119      Fe 2                5527.36A   -7.910    0.2407      Ni 2                6.63416m   -6.914    2.3819
Ca B                4340.46A   -9.546    0.0056      Fe 2                5440.48A   -9.667    0.0042      Ni 2                1.07151m   -7.908    0.2417
Ca B                4101.73A   -9.804    0.0031      Fe 2                5433.15A   -7.440    0.7097      Ni 2                10.6793m   -7.545    0.5569
Ca B                3970.07A  -10.015    0.0019      Fe 2                5261.63A   -6.695    3.9427      Ni 2                1.27792m   -9.732    0.0036
Ca B                3889.05A  -10.196    0.0012      Fe 2                5220.08A   -7.971    0.2091      Ni 2                1.16130m   -8.423    0.0738
Ca B                1.87510m   -9.687    0.0040      Fe 2                5184.80A   -7.866    0.2660      Ni 2                12.7253m   -7.960    0.2143
Ca B                1.28181m  -10.004    0.0019      Fe 2                5158.01A   -7.816    0.2989      Ni 2                9882.95A   -9.172    0.0131
Ca B                1.09381m  -10.260    0.0011      Fe 2                4947.39A   -7.216    1.1898      Ni 2                1.09177m   -8.710    0.0381
H  1                2431.34A   -4.823  294.1991      Fe 2                4905.35A   -7.567    0.5302      Ni 2                18.2355m   -8.677    0.0412
H  1                1215.67A   -4.588  504.9733      Fe 2                4874.50A   -7.610    0.4805      Ni 2                9374.87A   -9.465    0.0067
H  1                6562.80A   -6.529    5.7843      Fe 2                4852.74A   -8.970    0.0209      Ni 2                7377.83A   -7.076    1.6409
H  1                4861.32A   -7.291    1.0000      Fe 2                4346.86A   -7.269    1.0525      Ni 2                8300.99A   -8.372    0.0830
H  1                4340.46A   -7.672    0.4161      Fe 2                4276.84A   -7.193    1.2546      Ni 2                1.93877m   -7.784    0.3215
H  1                4101.73A   -9.368    0.0084      Fe 2                4244.82A   -8.004    0.1935      Ni 2                2.36883m   -9.071    0.0166
H  1                3970.07A   -9.658    0.0043      Fe 2                4231.56A   -9.605    0.0049      Ni 2                2.91064m   -8.739    0.0356
H  1                3889.05A   -9.891    0.0025      Fe 2                4211.11A   -9.581    0.0051      Ni 2                6666.80A   -7.921    0.2348
H  1                3835.38A  -10.086    0.0016      Fe 2                3455.11A   -8.253    0.1092      Ni 2                7411.61A   -7.702    0.3886
H  1                3797.90A  -10.253    0.0011      Fe 2                3452.31A   -7.942    0.2236      Ni 2                1.76458m   -9.847    0.0028
H  1                3770.63A   -9.999    0.0020      Fe 2                3440.99A   -7.828    0.2907      Ni 2                2.04866m   -9.425    0.0074
H  1                3750.15A  -10.115    0.0015      Fe 2                2774.73A   -9.719    0.0037      Ni 2                2.30794m   -8.881    0.0257
H  1                3734.37A  -10.220    0.0012      Fe 2                2759.34A  -10.123    0.0015      Ni 2                6.91767m   -9.181    0.0129
H  1                1.87510m   -8.063    0.1689      Fe 2                2485.07A   -9.900    0.0025      Ni 2                4326.24A   -7.868    0.2650
H  1                1.28181m   -8.376    0.0822      Fe 2                2391.48A   -8.990    0.0200      Ni 2                4628.05A   -8.290    0.1003
H  1                1.09381m   -9.752    0.0035      Fe 2                2379.28A   -9.722    0.0037      Ni 2                6794.20A   -9.346    0.0088
H  1                1.00494m  -10.061    0.0017      Fe 2                2362.02A   -8.433    0.0721      Ni 2                7255.82A   -8.223    0.1171
H  1                4.05115m   -8.934    0.0228      Fe 2                35.7675m   -7.804    0.3067      Ni 2                7694.56A   -9.293    0.0100
H  1                2.62515m   -9.928    0.0023      Fe 2                1.95361m   -6.922    2.3390      Ni 2                8033.54A   -9.457    0.0068
H  1                2.16553m  -10.280    0.0010      Fe 2                1.80002m   -6.977    2.0628      Ni 2                1.04597m   -8.706    0.0384
H  1                7.45782m   -9.963    0.0021      Fe 2                1.71113m   -7.546    0.5563      Ni 2                1.23230m   -8.734    0.0361
He-like iso-sequence...........................      Fe 2                1.66377m   -7.165    1.3366      Ni 2                4201.17A   -8.050    0.1742
Pho+                3889.00A   -9.988    0.0020      Fe 2                9399.04A   -7.063    1.6929      Ni 2                4485.21A   -8.503    0.0614
extra Lyman....................................      Fe 2                9226.63A   -7.008    1.9173      Ni 2                7307.65A   -8.398    0.0782
database lines.................................      Fe 2                9033.49A   -8.085    0.1609      Ni 2                7612.72A   -8.726    0.0367
CN                  2648.35m   -9.651    0.0044      Fe 2                7388.17A   -7.455    0.6857      Ni 2                1.13597m   -9.409    0.0076
CN                  2640.74m   -9.349    0.0087      Fe 2                6440.41A   -8.408    0.0764      Ni 2                4285.31A   -9.258    0.0108
CN                  1322.30m   -9.753    0.0035      Fe 2                6229.28A   -9.558    0.0054      Ni 2                6791.48A   -8.973    0.0208
CN                  1321.03m   -9.498    0.0062      Fe 2                5654.87A   -8.870    0.0264      Ni 2                7054.20A   -8.877    0.0259
CN                  881.421m   -9.746    0.0035      Fe 2                5556.31A   -8.109    0.1520      Ni 2                9.61508m  -10.167    0.0013
CN                  880.858m   -9.591    0.0050      Fe 2                5412.67A   -8.638    0.0450      Ni 2                4033.04A   -8.316    0.0945
CN                  661.044m   -9.647    0.0044      Fe 2                5333.66A   -6.983    2.0350      Ni 2                4294.09A   -8.437    0.0716
CN                  660.727m   -9.534    0.0057      Fe 2                5296.84A   -8.266    0.1061      Ni 2                6467.29A   -9.470    0.0066
CN                  528.842m   -9.761    0.0034      Fe 2                5268.89A   -7.986    0.2020      Ni 2                6813.57A   -8.458    0.0681
CN                  528.639m   -9.672    0.0042      Fe 2                5107.96A   -8.921    0.0234      Ni 2                7078.04A   -9.007    0.0192
CN                  440.721m   -9.771    0.0033      Fe 2                5049.30A   -7.389    0.7981      Ni 2                1.02090m   -9.788    0.0032
CN                  440.580m   -9.698    0.0039      Fe 2                5005.52A   -7.443    0.7050      Ni 2                3993.06A   -7.971    0.2089
CN                  377.785m   -9.920    0.0024      Fe 2                4973.40A   -7.710    0.3808      Ni 2                4248.80A   -8.447    0.0699
CN                  377.682m   -9.857    0.0027      Fe 2                4950.76A   -8.056    0.1718      Ni 2                6007.06A   -9.561    0.0054
CN                  330.590m  -10.004    0.0019      Fe 2                4352.79A   -7.508    0.6063      Ni 2                6365.10A   -8.445    0.0702
CN                  330.511m   -9.949    0.0022      Fe 2                4319.62A   -7.774    0.3286      Ni 2                6700.24A   -9.838    0.0028
CN                  293.888m  -10.164    0.0013      Fe 2                4305.90A   -8.577    0.0517      Ni 2                6955.82A   -9.873    0.0026
CN                  293.825m  -10.115    0.0015      Fe 2                4084.33A   -9.905    0.0024      Ni 2                8703.87A   -8.900    0.0246
CN                  264.480m  -10.262    0.0011      Fe 2                3504.51A   -8.556    0.0544      Ni 2                9956.63A   -9.127    0.0146
HF                  243.178m   -9.242    0.0112      Fe 2                3504.02A   -8.413    0.0756      Ni 2                5.18504m   -9.906    0.0024
HF                  121.664m  -10.232    0.0011      Fe 2                3501.63A   -7.976    0.2064      Ni 2                3438.88A   -8.160    0.1353
CO                  2600.05m   -8.089    0.1593      Fe 2                3489.99A   -8.656    0.0432      Ni 2                3626.89A   -8.467    0.0667
CO                  1300.05m   -7.304    0.9698      Fe 2                2385.01A   -9.260    0.0107      Ni 2                3378.16A   -8.774    0.0329
CO                  866.727m   -7.103    1.5435      Fe 2                2.06648m   -8.316    0.0945      Ni 2                3559.41A   -8.753    0.0345
CO                  650.074m   -7.034    1.8060      Fe 2                1.89541m   -7.713    0.3790      level 1 lines..................................
CO                  520.089m   -6.992    1.9901      Fe 2                1.79711m   -7.199    1.2360      recombination..................................
CO                  433.438m   -6.965    2.1199      Fe 2                1.74494m   -7.488    0.6360      level2 lines...................................
CO                  371.549m   -6.955    2.1667      Fe 2                9652.70A   -7.911    0.2398      C  1                1247.50A   -9.158    0.0136
CO                  325.137m   -6.948    2.2028      Fe 2                9470.94A   -7.399    0.7801      C  1                1314.77A   -9.082    0.0162
CO                  289.041m   -6.953    2.1775      Fe 2                9267.56A   -7.781    0.3236      C  1                1165.98A  -10.039    0.0018
CO                  260.169m   -6.959    2.1471      Fe 2                7544.00A  -10.094    0.0016      C  1                1233.29A   -9.662    0.0043
CO                  236.549m   -6.975    2.0721      Fe 2                6558.51A   -8.622    0.0467      C  1                1250.68A   -9.808    0.0030
CO                  216.868m   -6.994    1.9804      Fe 2                5745.71A   -9.241    0.0112      Mg 1                1817.31A   -9.893    0.0025
CO                  200.218m   -7.021    1.8627      Fe 2                5643.98A   -9.082    0.0162      Mg 1                1739.09A  -10.115    0.0015
CO                  185.949m   -7.042    1.7731      Fe 2                5495.84A   -8.914    0.0238      Mg 1                1699.05A  -10.252    0.0011
CO                  173.584m   -7.068    1.6728      Fe 2                5376.47A   -7.377    0.8211      Si 1                1853.05A   -9.689    0.0040
CO                  162.767m   -7.094    1.5747      Fe 2                5347.66A   -8.491    0.0631      Si 1                1693.70A  -10.243    0.0011
CO                  153.225m   -7.123    1.4745      Fe 2                5181.96A   -8.767    0.0334      Si 1                1999.94A  -10.071    0.0017
CO                  144.745m   -7.153    1.3759      Fe 2                5076.57A   -8.047    0.1754      Si 2                1179.59A   -9.243    0.0112
CO                  137.159m   -7.183    1.2816      Fe 2                5043.53A   -7.917    0.2367      Si 2                993.354A  -10.001    0.0020
CO                  130.333m   -7.215    1.1911      Fe 2                5020.25A   -8.033    0.1811      S  1                1356.05A   -9.690    0.0040
CO                  124.160m   -7.252    1.0937      Fe 2                4372.43A   -8.049    0.1747      S  1                1392.25A  -10.014    0.0019
CO                  118.548m   -7.292    0.9970      Fe 2                4358.37A   -8.260    0.1074      S  1                1335.92A  -10.285    0.0010
CO                  113.427m   -7.333    0.9082      Fe 2                4080.00A   -9.934    0.0023      Fe 1                2484.25A   -9.942    0.0022
CO                  108.733m   -7.376    0.8225      Fe 2                3539.19A   -8.260    0.1074      Fe 1                2526.51A  -10.224    0.0012
CO                  104.416m   -7.419    0.7443      Fe 2                3538.69A   -8.554    0.0546      Sc 2                3627.22A   -8.615    0.0474
CO                  100.433m   -7.465    0.6697      Fe 2                3536.25A   -8.680    0.0409      Sc 2                3575.45A   -8.738    0.0358
CO                  96.7462m   -7.512    0.6008      Fe 2                3524.38A   -9.988    0.0020      Sc 2                3368.13A   -9.303    0.0097
CO                  93.3237m   -7.562    0.5364      Fe 2                22.8961m   -9.310    0.0096      Ti 2                3364.74A   -7.040    1.7834
CO                  90.1384m   -7.613    0.4771      Fe 2                1.81139m   -9.589    0.0050      Ti 2                3237.15A   -7.280    1.0267
CO                  87.1666m   -7.665    0.4226      Fe 2                7764.71A   -8.795    0.0314      Ti 2                1904.17A   -9.149    0.0139
CO                  84.3877m   -7.719    0.3734      Fe 2                7336.73A   -9.084    0.0161      Ti 2                1907.36A   -8.889    0.0252
CO                  81.7835m   -7.775    0.3286      Fe 2                7267.25A  -10.053    0.0017      V  2                2710.94A   -9.374    0.0083
CO                  79.3383m   -7.833    0.2874      Fe 2                6809.24A   -9.062    0.0169      V  2                2684.22A   -9.136    0.0143
CO                  77.0375m   -7.893    0.2503      Fe 2                6729.87A   -9.343    0.0089      V  2                2139.33A   -9.794    0.0031
CO                  74.8697m   -7.953    0.2177      Fe 2                6671.93A   -9.906    0.0024      Cr 1                4269.56A   -9.546    0.0056
CO                  72.8231m   -8.016    0.1883      Fe 2                5721.37A  -10.180    0.0013      Cr 1                3589.90A   -9.362    0.0085
CO                  70.8878m   -8.081    0.1624      Fe 2                5163.96A   -9.092    0.0158      Cr 2                2059.78A   -7.641    0.4467
CO                  69.0557m   -8.145    0.1402      Fe 2                4266.35A   -9.792    0.0032      Mn 2                1198.85A   -9.994    0.0020
CO                  67.3181m   -8.210    0.1206      Fe 2                4249.08A  -10.063    0.0017      Co 2                2060.90A   -9.118    0.0149
CO                  65.6684m   -8.276    0.1036      Fe 2                4157.92A  -10.070    0.0017      Co 2                2018.80A   -9.153    0.0137
CO                  64.0998m   -8.342    0.0890      Fe 2                3277.35A   -8.609    0.0481      Co 2                1949.74A   -9.231    0.0115
CO                  62.6072m   -8.409    0.0762      Fe 2                3255.89A   -9.873    0.0026      Co 2                1575.91A   -9.757    0.0034
CO                  61.1843m   -8.476    0.0653      Fe 2                2926.59A   -9.527    0.0058      Co 2                1470.18A   -9.815    0.0030
CO                  59.8271m   -8.543    0.0560      Fe 2                2880.76A   -9.174    0.0131      Ni 2                1751.83A   -8.674    0.0415
CO                  58.5311m   -8.611    0.0479      Fe 2                2755.74A   -7.528    0.5797      Ni 2                1744.24A   -8.481    0.0645
CO                  57.2920m   -8.680    0.0409      Fe 2                2739.55A   -8.271    0.1047      Ni 2                1484.97A   -9.780    0.0032
CO                  56.1066m   -8.750    0.0347      Fe 2                2716.70A   -8.375    0.0825      Ni 2                1472.74A   -9.482    0.0064
CO                  54.9712m   -8.822    0.0295      Fe 2                34.6508m  -10.181    0.0013      Ni 2                1400.37A   -9.784    0.0032
CO                  53.8829m   -8.893    0.0250      Fe 2                1.00287m   -8.783    0.0322      Ni 2                1375.73A   -9.469    0.0066
CO                  52.8388m   -8.964    0.0212      Fe 2                8245.16A  -10.282    0.0010      Ni 2                1324.11A   -9.568    0.0053
CO                  51.8365m   -9.036    0.0180      Fe 2                8037.28A   -9.312    0.0095      Zn 1                2138.57A  -10.122    0.0015
CO                  50.8731m   -9.109    0.0152      Fe 2                7579.61A   -9.803    0.0031      hyperfine structure............................
CO                  49.9472m   -9.181    0.0129      Fe 2                7017.95A   -9.722    0.0037      inner shell....................................
CO                  49.0559m   -9.256    0.0108      Fe 2                6933.67A  -10.088    0.0016      molecules......................................
CO                  48.1977m   -9.331    0.0091      Fe 2                6872.19A   -9.254    0.0109      H2 l                2.00000m   -4.854  273.7752
CO                  47.3709m   -9.408    0.0076      Fe 2                6829.03A  -10.288    0.0010      H2 v                      0    -6.504    6.1274
CO                  46.5738m   -9.485    0.0064      Fe 2                5746.98A   -9.141    0.0141      H-FB                      0    -7.219    1.1802
CO                  45.8046m   -9.564    0.0053      Fe 2                5283.12A   -9.701    0.0039      H-FF                      0    -7.454    0.6873
CO                  45.0623m   -9.645    0.0044      Fe 2                5199.18A   -9.915    0.0024      H-CT                6562.80A   -8.543    0.0560
CO                  44.3452m   -9.728    0.0037      Fe 2                4351.81A  -10.062    0.0017      H- H                      0    -9.235    0.0114
CO                  43.6523m   -9.813    0.0030      Fe 2                4347.36A   -9.431    0.0072      H2+                       0    -7.625    0.4638
CO                  42.9823m   -9.905    0.0024      Fe 2                4329.43A   -8.778    0.0326      bands..........................................
CO                  42.3344m   -9.999    0.0020      Fe 2                2953.77A  -10.220    0.0012      Fe 2b               2500.00A   -5.473   65.7815
CO                  41.7069m  -10.102    0.0015      Fe 2                2772.73A   -8.333    0.0909      Fe 2b               5000.00A   -5.529   57.7716
CO                  41.0997m  -10.215    0.0012      Fe 2                2749.32A   -8.341    0.0893      Fe 2b               7000.00A   -6.472    6.5891
^13CO               2719.67m   -9.641    0.0045      Fe 2                9795.19A   -9.561    0.0054      Fe 2b               10000.0A   -5.152  137.7560
^13CO               1359.86m   -8.818    0.0297      Fe 2                8228.13A   -9.475    0.0065      Fe 2b               2355.00A   -6.164   13.3944
^13CO               906.599m   -8.605    0.0485      Fe 2                7613.14A   -9.883    0.0026      Fe 2b               2430.00A   -5.480   64.7432
^13CO               679.978m   -8.533    0.0573      Fe 2                7011.24A  -10.289    0.0010      Fe 2b               2445.00A   -5.480   64.7430
^13CO               544.012m   -8.490    0.0633      Fe 2                6966.33A   -9.647    0.0044      Fe 2b               2495.00A   -6.114   15.0349
^13CO               453.374m   -8.463    0.0674      Fe 2                5477.25A   -9.645    0.0044      Fe 2b               2610.00A   -5.731   36.3093
^13CO               388.637m   -8.454    0.0687      Fe 2                5278.38A  -10.113    0.0015      Fe 2b               2695.00A   -8.374    0.0826
^13CO               340.088m   -8.447    0.0698      Fe 2                4402.59A   -9.897    0.0025      Fe 2b               2758.00A   -7.321    0.9346
^13CO               302.332m   -8.453    0.0689      Fe 2                4384.21A   -9.829    0.0029      Fe 2b               2780.00A   -7.278    1.0306
^13CO               272.130m   -8.459    0.0679      Fe 2                1.05081m  -10.041    0.0018      Fe 2b               2935.00A   -8.973    0.0208
^13CO               247.423m   -8.475    0.0655      Fe 2                7710.80A  -10.194    0.0013      Fe 2b               2960.00A   -9.402    0.0077
^13CO               226.836m   -8.495    0.0625      Fe 2                7048.01A   -9.860    0.0027      Fe 2b               3180.00A   -7.895    0.2492
^13CO               209.419m   -8.523    0.0586      Fe 2                5901.28A  -10.091    0.0016      Fe 2b               3250.00A   -7.190    1.2638
^13CO               194.493m   -8.545    0.0558      Fe 2                5527.62A  -10.203    0.0012      Fe 2b               3590.00A   -7.208    1.2101
^13CO               181.558m   -8.571    0.0525      Fe 2                2.04602m   -8.728    0.0366      Fe 2b               3910.00A   -9.259    0.0108
^13CO               170.243m   -8.599    0.0493      Fe 2                1.41956m   -9.283    0.0102      Fe 2b               4060.00A   -9.917    0.0024
^13CO               160.261m   -8.628    0.0460      Fe 2                1.35904m  -10.087    0.0016      Fe 2b               4255.00A   -5.963   21.3108
^13CO               151.390m   -8.660    0.0428      Fe 2                1.23314m   -9.076    0.0164      Fe 2b               4558.00A   -6.693    3.9657
^13CO               143.454m   -8.692    0.0397      Fe 2                1.09108m   -8.999    0.0196      Fe 2b               4600.00A   -6.663    4.2465
^13CO               136.314m   -8.726    0.0368      Fe 2                1.07084m   -9.437    0.0071      Fe 2b               4743.00A   -7.412    0.7576
^13CO               129.855m   -8.765    0.0336      Fe 2                1.05625m   -9.887    0.0025      Fe 2b               4855.00A   -6.834    2.8679
^13CO               123.985m   -8.807    0.0305      Fe 2                1.01565m   -9.690    0.0040      Fe 2b               4920.00A   -6.319    9.3875
^13CO               118.627m   -8.850    0.0276      Fe 2                8119.18A  -10.167    0.0013      Fe 2b               4975.00A   -6.848    2.7734
^13CO               113.717m   -8.896    0.0248      Fe 2                5588.16A   -8.992    0.0199      Fe 2b               4971.00A   -6.891    2.5126
^13CO               109.201m   -8.944    0.0222      Fe 2                5586.91A   -9.854    0.0027      Fe 2b               5070.00A   -6.770    3.3210
^13CO               105.034m   -8.996    0.0198      Fe 2                5580.82A   -8.424    0.0737      Fe 2b               5143.00A   -6.237   11.3388
^13CO               101.176m   -9.049    0.0175      Fe 2                5551.32A   -8.142    0.1411      Fe 2b               5270.00A   -5.952   21.8419
^13CO               97.5955m   -9.106    0.0153      Fe 2                3227.74A   -9.888    0.0025      Fe 2b               5318.00A   -6.270   10.5027
^13CO               94.2629m   -9.166    0.0133      Fe 2                3196.07A   -9.377    0.0082      Fe 2b               5540.00A   -7.418    0.7475
^13CO               91.1537m   -9.230    0.0115      Fe 2                2.13278m   -8.983    0.0203      Fe 2b               5865.00A   -8.018    0.1874
^13CO               88.2461m   -9.298    0.0098      Fe 2                1.46079m   -9.830    0.0029      Fe 2b               6265.00A   -8.832    0.0288
^13CO               85.5213m   -9.371    0.0083      Fe 2                1.39678m   -9.890    0.0025      Fe 2b               6565.00A   -8.173    0.1311
^13CO               82.9627m   -9.450    0.0069      Fe 2                1.30943m   -9.910    0.0024      Fe 2b               6910.00A   -8.112    0.1509
^13CO               80.5556m   -9.536    0.0057      Fe 2                1.24364m  -10.095    0.0016      Fe 2b               7445.00A   -6.494    6.2736
^13CO               78.2869m   -9.631    0.0046      Fe 2                1.09413m   -9.196    0.0125      Fe 2b               8625.00A   -6.161   13.4944
^13CO               76.1453m   -9.739    0.0036      Fe 2                1.07890m   -9.292    0.0100      Fe 2b               1.03250m   -7.219    1.1816
^13CO               74.1205m   -9.865    0.0027      Fe 2                1.06830m  -10.050    0.0017      Fe 2b               1.88900m   -5.867   26.5347
^13CO               72.2030m  -10.019    0.0019      Fe 2                1.03658m  -10.061    0.0017      Fe 2b               2.20000m   -7.953    0.2181
^13CO               70.3848m  -10.224    0.0012      Fe 2                5650.95A   -8.971    0.0209      miscellaneous..................................
OH+                 308.406m  -10.054    0.0017      Fe 2                5649.67A   -8.945    0.0222      Blnd                8446.00A  -10.055    0.0017
OH+                 290.103m  -10.284    0.0010      Fe 2                5643.44A  -10.082    0.0016      Blnd                1304.00A   -8.434    0.0720
C  1                1560.31A   -9.028    0.0183      Fe 2                5613.27A   -8.358    0.0858      Blnd                2798.00A   -4.991  199.4002
C  1                1560.68A   -9.179    0.0130      Fe 2                2.24366m   -9.321    0.0093      Blnd                6720.00A   -5.745   35.2082
C  1                1560.71A   -8.914    0.0239      Fe 2                2.00672m   -8.666    0.0421      Blnd                4074.00A   -7.069    1.6673
C  1                1561.34A   -8.409    0.0763      Fe 2                1.10657m   -9.539    0.0056      Blnd                1.03300m   -7.178    1.2977
C  1                1561.37A   -8.594    0.0498      Fe 2                1.09542m   -9.643    0.0044      Blnd                1256.00A   -9.088    0.0160
C  1                1561.44A   -8.739    0.0356      Fe 2                5725.92A   -9.242    0.0112      Blnd                5892.00A   -8.640    0.0448
C  1                1656.27A   -8.616    0.0473      Fe 2                5718.22A   -8.692    0.0397      Blnd                2665.00A   -6.540    5.6425
C  1                1656.93A   -8.890    0.0252      Fe 2                2.22379m   -8.077    0.1638      Blnd                2335.00A   -6.353    8.6777
C  1                1657.01A   -7.949    0.2200      Fe 2                2.01513m   -8.396    0.0785      Blnd                8579.00A   -5.974   20.7566
C  1                1657.38A   -8.588    0.0505      Fe 2                9682.08A   -8.908    0.0242      Blnd                7306.00A   -5.317   94.2410
C  1                1657.91A   -8.185    0.1276      Fe 2                9513.85A   -9.714    0.0038      Blnd                3933.00A   -6.911    2.3974
C  1                1658.12A   -7.886    0.2543      Fe 2                8715.81A   -9.541    0.0056      Blnd                1657.00A   -7.431    0.7249
C  1                1993.62A   -9.026    0.0184      Fe 2                6873.84A   -9.205    0.0122      Blnd                9850.00A   -4.918  235.9906
C  1                2582.90A  -10.290    0.0010      Fe 2                6700.65A  -10.175    0.0013      Blnd                2326.00A   -8.245    0.1113
C  1                9824.13A   -5.519   59.1823      Fe 2                6188.55A   -9.386    0.0080      Blnd                1335.00A   -9.438    0.0071
C  1                9850.26A   -5.044  176.8083      Fe 2                5870.02A   -9.635    0.0045      Blnd                3467.00A   -7.843    0.2807
C  1                370.269m   -5.031  182.0051      Fe 2                5673.20A   -9.669    0.0042      Blnd                5199.00A   -5.597   49.4476
C  1                609.590m   -5.352   86.9713      Fe 2                4898.61A   -9.406    0.0077      Blnd                1.04030m   -7.087    1.6020
C  2                1334.53A   -9.945    0.0022      Fe 2                2.25348m   -8.914    0.0238      Blnd                2141.00A  -10.110    0.0015
C  2                1335.66A   -9.881    0.0026      Fe 2                1.02005m  -10.123    0.0015      Blnd                6300.00A   -5.310   95.8224
C  2                1335.71A   -9.922    0.0023      Fe 2                1.00139m   -9.566    0.0053      Blnd                2471.00A   -9.995    0.0020
C  2                2323.50A   -9.465    0.0067      Fe 2                9133.66A  -10.290    0.0010      Blnd                7323.00A  -10.162    0.0013
C  2                2324.69A   -9.130    0.0145      Fe 2                8885.67A  -10.015    0.0019      Blnd                7332.00A  -10.244    0.0011
C  2                2325.40A   -8.771    0.0332      Fe 2                7131.14A  -10.180    0.0013      Blnd                3727.00A   -8.083    0.1615
C  2                2326.93A   -8.683    0.0406      Fe 2                6944.91A   -9.747    0.0035      Blnd                7325.00A   -9.900    0.0025
C  2                2328.12A   -9.076    0.0164      Fe 2                6473.88A   -9.785    0.0032      N 1C                5199.00A   -9.646    0.0044
C  2                157.636m   -6.606    4.8450      Fe 2                6044.10A  -10.215    0.0012      N 1T                5199.00A   -9.690    0.0040
Ca 1                4226.73A   -8.208    0.1212      Fe 2                5835.45A   -9.884    0.0026
Ca 1                6439.08A   -9.201    0.0123      Fe 2                5060.09A   -9.965    0.0021

                                                    Emergent line intensities
general properties.............................      Fe 2                4470.30A   -9.345    0.0088      Mn 2                2576.10A   -7.584    0.5093
continua.......................................      Fe 2                4413.78A   -6.849    2.7683      Mn 2                2593.72A   -7.677    0.4110
FIR                 83.0000m   -3.859 2706.7271      Fe 2                3254.24A   -8.952    0.0218      Mn 2                2605.68A   -7.818    0.2970
TIR                 1800.00m   -5.319   93.7832      Fe 2                3244.18A   -9.247    0.0111      Mn 2                3438.97A   -9.635    0.0045
NIRa                2.85000m   -3.962 2134.5654      Fe 2                2631.32A   -6.833    2.8696      Mn 2                3460.03A  -10.223    0.0012
NIRb                3.00000m   -5.128  145.5254      Fe 2                2617.62A   -8.278    0.1031      N  1                1134.17A  -10.204    0.0012
MIRa                15.0000m   -5.223  117.0874      Fe 2                2607.09A   -8.153    0.1374      N  1                1134.41A   -9.927    0.0023
MIRb                22.5000m   -4.085 1606.7510      Fe 2                2404.89A   -7.854    0.2734      N  1                1134.98A   -9.775    0.0033
NMIR                21.7500m   -3.962 2134.5654      Fe 2                2399.24A   -8.674    0.0414      N  1                1199.55A   -9.453    0.0069
TFIR                611.250m   -4.574  521.0132      Fe 2                2395.42A   -9.683    0.0041      N  1                1200.22A   -9.626    0.0046
TALL                10000.0A   -3.493 6280.3232      Fe 2                2380.76A   -6.669    4.1895      N  1                1200.71A   -9.927    0.0023
F12                 12.0000m   -7.123    1.4721      Fe 2                2348.30A   -8.418    0.0747      N  1                3466.50A   -7.927    0.2315
F25                 25.0000m   -5.734   36.0506      Fe 2                2327.40A   -9.007    0.0192      N  1                3466.54A   -8.600    0.0492
F60                 60.0000m   -3.935 2270.8511      Fe 2                87.3597m   -7.721    0.3719      N  1                5197.90A   -5.995   19.7669
F100                100.000m   -6.439    7.1115      Fe 2                5.06097m   -8.622    0.0467      N  1                5200.26A   -5.819   29.6803
MIPS                24.0000m   -5.734   36.0455      Fe 2                4.43363m   -8.539    0.0565      N  1                1.03977m   -7.431    0.7246
MIPS                70.0000m   -3.936 2267.1995      Fe 2                1.40951m   -9.949    0.0022      N  1                1.03982m   -7.954    0.2175
MIPS                160.000m   -4.942  223.6585      Fe 2                1.32777m   -8.088    0.1597      N  1                1.04072m   -7.779    0.3252
IRAC                3.60000m   -8.350    0.0872      Fe 2                1.27877m   -8.145    0.1401      N  1                1.04076m   -7.767    0.3346
IRAC                4.50000m   -7.029    1.8284      Fe 2                1.25214m   -9.185    0.0128      Na 1                5889.95A   -8.941    0.0224
IRAC                5.80000m   -5.316   94.3806      Fe 2                7926.88A   -9.423    0.0074      Na 1                5895.92A   -8.941    0.0224
IRAC                8.00000m   -6.324    9.2793      Fe 2                7803.89A   -9.163    0.0134      Ni 1                7.50454m   -8.886    0.0254
SPR1                250.000m   -6.484    6.4154      Fe 2                7665.28A   -8.416    0.0750      O  1                1027.43A  -10.200    0.0012
SPR2                350.000m   -5.021  186.4141      Fe 2                5006.63A   -8.563    0.0535      O  1                1304.86A   -8.561    0.0537
SPR3                500.000m   -6.662    4.2574      Fe 2                4772.06A   -9.376    0.0082      O  1                1306.03A   -9.048    0.0175
PAC1                70.0000m   -3.936 2268.2651      Fe 2                4639.67A   -9.060    0.0170      O  1                1355.60A   -8.600    0.0492
PAC2                100.000m   -6.439    7.1121      Fe 2                4528.39A   -8.671    0.0417      O  1                1358.51A   -9.073    0.0165
PAC3                160.000m   -4.933  227.9922      Fe 2                4509.61A   -9.018    0.0187      O  1                2972.29A   -8.077    0.1638
PAH                 3.30000m   -9.156    0.0136      Fe 2                4452.10A   -7.041    1.7775      O  1                5577.34A   -7.127    1.4587
PAHC                3.23000m   -9.436    0.0072      Fe 2                3277.55A   -9.176    0.0130      O  1                6300.30A   -5.430   72.6134
PAHC                3.37000m   -9.427    0.0073      Fe 2                3277.12A  -10.080    0.0016      O  1                6363.78A   -5.926   23.1959
PAH                 6.20000m   -9.204    0.0122      Fe 2                3275.02A   -9.252    0.0109      O  1                6391.73A   -9.254    0.0109
PAHC                5.65000m   -8.113    0.1508      Fe 2                2631.05A   -8.001    0.1951      O  1                44.0453m   -9.561    0.0054
PAH                 7.90000m   -8.707    0.0384      Fe 2                2620.41A   -9.892    0.0025      O  1                63.1679m   -3.936 2264.7180
PAHC                6.90000m   -6.326    9.2357      Fe 2                2613.82A   -8.768    0.0334      O  1                145.495m   -4.964  212.2238
PAH                 11.3000m   -8.507    0.0609      Fe 2                2410.52A   -8.638    0.0450      O  2                2470.34A  -10.098    0.0016
PAHC                10.9000m   -8.206    0.1217      Fe 2                2406.66A   -8.911    0.0240      O  2                3728.81A   -8.305    0.0969
PAH                 11.8000m   -9.891    0.0025      Fe 2                2404.43A   -9.747    0.0035      O  2                3726.03A   -8.481    0.0646
PAHC                12.6500m   -7.953    0.2179      Fe 2                2359.11A   -8.729    0.0365      P  2                60.6263m   -7.389    0.7987
PAH                 13.3000m   -9.682    0.0041      Fe 2                2338.01A   -8.785    0.0321      P  2                1532.53A   -9.922    0.0023
PAHC                14.1000m   -7.614    0.4757      Fe 2                4.67067m   -9.164    0.0134      P  2                32.8620m   -7.492    0.6294
Bcon                3640.00A   -4.268 1055.3903      Fe 2                1.29777m   -8.475    0.0654      P  2                1.14682m   -7.409    0.7618
Pcon                5000.00A   -4.693  396.7220      Fe 2                1.27034m   -8.347    0.0879      P  2                4669.25A   -9.075    0.0165
O3bn                5007.00A   -6.551    5.4979      Fe 2                7999.47A  -10.169    0.0013      P  2                2195.57A   -9.353    0.0087
RRC............................................      Fe 2                7874.24A   -8.517    0.0595      P  2                1536.42A  -10.014    0.0019
grains.........................................      Fe 2                7733.14A   -9.064    0.0169      P  2                1535.92A   -9.788    0.0032
H-like iso-sequence............................      Fe 2                4798.28A   -8.926    0.0232      P  2                1.18828m   -6.986    2.0192
H  1                1215.67A   -4.591  501.7517      Fe 2                4664.45A   -9.574    0.0052      P  2                2210.34A   -8.900    0.0246
H  1                6562.80A   -6.529    5.7842      Fe 2                4533.01A   -9.566    0.0053      P  2                1542.30A  -10.076    0.0016
H  1                4861.32A   -7.291    1.0000      Fe 2                4474.90A   -7.354    0.8658      P  2                7875.99A   -8.326    0.0923
H  1                4340.46A   -7.672    0.4161      Fe 2                3289.89A   -9.562    0.0054      S  1                1483.04A   -9.908    0.0024
H  1                4101.73A   -9.368    0.0084      Fe 2                3289.46A   -9.341    0.0089      S  1                1820.34A   -8.608    0.0482
H  1                3970.07A   -9.658    0.0043      Fe 2                2628.29A   -8.449    0.0696      S  1                1826.24A   -9.091    0.0159
H  1                3889.05A   -9.891    0.0025      Fe 2                2621.67A   -9.356    0.0086      S  1                25.2421m   -6.544    5.5857
H  1                3835.38A  -10.086    0.0016      Fe 2                2413.31A   -9.154    0.0137      S  1                56.2957m   -7.503    0.6134
H  1                3797.90A  -10.253    0.0011      Fe 2                2411.07A   -9.164    0.0134      S  2                6730.82A   -6.134   14.3693
H  1                3770.63A   -9.999    0.0020      Fe 2                2344.28A   -8.868    0.0265      S  2                6716.44A   -5.972   20.8379
H  1                3750.15A  -10.115    0.0015      Fe 2                17.9311m   -6.305    9.6947      S  2                4076.35A   -7.682    0.4068
H  1                3734.37A  -10.220    0.0012      Fe 2                1.64355m   -5.410   76.0099      S  2                4068.60A   -7.191    1.2605
H  1                1.87510m   -8.063    0.1689      Fe 2                1.53348m   -6.536    5.6960      S  2                1.03364m   -7.820    0.2959
H  1                1.28181m   -8.376    0.0822      Fe 2                8616.95A   -6.799    3.1055      S  2                1.02867m   -7.817    0.2981
H  1                1.09381m   -9.752    0.0035      Fe 2                7155.17A   -6.928    2.3079      S  2                1.03705m   -8.142    0.1410
H  1                1.00494m  -10.061    0.0017      Fe 2                6896.17A   -8.380    0.0816      S  2                1.03205m   -7.683    0.4056
H  1                4.05115m   -8.934    0.0228      Fe 2                5413.37A   -8.838    0.0284      S  2                1259.52A   -9.441    0.0071
H  1                2.62515m   -9.928    0.0023      Fe 2                5280.27A   -9.374    0.0083      S  2                1253.81A   -9.521    0.0059
H  1                2.16553m  -10.280    0.0010      Fe 2                5273.36A   -6.926    2.3172      S  2                1250.58A   -9.832    0.0029
H  1                7.45782m   -9.963    0.0021      Fe 2                5158.79A   -6.315    9.4597      Sc 2                4246.82A   -9.846    0.0028
He-like iso-sequence...........................      Fe 2                5111.64A   -7.222    1.1724      Sc 2                7043.49A   -9.616    0.0047
extra Lyman....................................      Fe 2                5072.41A   -6.968    2.1060      Sc 2                8261.17A  -10.130    0.0014
database lines.................................      Fe 2                5039.10A   -8.402    0.0775      Sc 2                8271.28A  -10.016    0.0019
CN                  2648.35m   -9.651    0.0044      Fe 2                4814.54A   -7.272    1.0454      Sc 2                8326.62A  -10.270    0.0010
CN                  2640.74m   -9.349    0.0087      Fe 2                4774.73A   -7.712    0.3798      Sc 2                8347.28A   -9.835    0.0029
CN                  1322.30m   -9.753    0.0035      Fe 2                4745.49A   -8.763    0.0337      Sc 2                8384.33A  -10.147    0.0014
CN                  1321.03m   -9.498    0.0062      Fe 2                4661.78A   -9.862    0.0027      Sc 2                1.07804m  -10.214    0.0012
CN                  881.421m   -9.746    0.0035      Fe 2                4243.97A   -6.642    4.4631      Sc 2                2.03194m   -9.752    0.0035
CN                  880.858m   -9.591    0.0050      Fe 2                4177.20A   -7.731    0.3629      Sc 2                2.04712m  -10.099    0.0016
CN                  661.044m   -9.647    0.0044      Fe 2                4146.65A   -9.307    0.0096      Sc 2                2.07591m   -9.743    0.0035
CN                  660.727m   -9.534    0.0057      Fe 2                4114.48A   -9.647    0.0044      Sc 2                2.07842m   -9.577    0.0052
CN                  528.842m   -9.761    0.0034      Fe 2                3929.35A   -9.900    0.0025      Sc 2                2.08152m   -9.846    0.0028
CN                  528.639m   -9.672    0.0042      Fe 2                3387.09A   -8.147    0.1394      Sc 2                2.11129m  -10.020    0.0019
CN                  440.721m   -9.771    0.0033      Fe 2                3376.20A   -7.349    0.8751      Sc 2                2.12445m  -10.018    0.0019
CN                  440.580m   -9.698    0.0039      Fe 2                2732.45A   -8.479    0.0649      Si 1                2207.98A  -10.163    0.0013
CN                  377.785m   -9.920    0.0024      Fe 2                2493.30A   -6.114   15.0281      Si 1                2211.75A   -9.742    0.0035
CN                  377.682m   -9.857    0.0027      Fe 2                2484.20A   -9.673    0.0042      Si 1                2514.32A  -10.044    0.0018
CN                  330.590m  -10.004    0.0019      Fe 2                2360.00A   -7.966    0.2116      Si 1                2519.20A   -9.109    0.0152
CN                  330.511m   -9.949    0.0022      Fe 2                2348.12A   -8.009    0.1915      Si 1                2528.51A   -8.894    0.0250
CN                  293.888m  -10.164    0.0013      Fe 2                2331.31A   -9.728    0.0037      Si 1                68.4548m   -8.394    0.0789
CN                  293.825m  -10.115    0.0015      Fe 2                24.5126m   -7.005    1.9350      Si 1                129.641m   -8.464    0.0672
CN                  264.480m  -10.262    0.0011      Fe 2                1.80940m   -6.011   19.0606      Si 2                34.8046m   -4.131 1447.3486
HF                  243.178m   -9.242    0.0112      Fe 2                1.67688m   -6.961    2.1389      Si 2                2334.41A   -7.289    1.0041
HF                  121.664m  -10.232    0.0011      Fe 2                1.59948m   -6.868    2.6492      Si 2                2328.52A   -7.906    0.2426
CO                  2600.05m   -8.089    0.1593      Fe 2                9051.95A   -6.640    4.4743      Si 2                1808.01A   -7.215    1.1913
CO                  1300.05m   -7.304    0.9699      Fe 2                8891.93A   -7.065    1.6833      Si 2                1260.42A   -9.503    0.0061
CO                  866.727m   -7.103    1.5437      Fe 2                7452.56A   -7.420    0.7435      Si 2                2350.17A   -7.161    1.3506
CO                  650.074m   -7.034    1.8062      Fe 2                7172.00A   -7.335    0.9040      Si 2                2344.20A   -6.758    3.4174
CO                  520.089m   -6.992    1.9903      Fe 2                6275.53A   -9.293    0.0100      Si 2                2334.60A   -6.866    2.6635
CO                  433.438m   -6.965    2.1201      Fe 2                5527.36A   -7.910    0.2407      Si 2                1817.45A   -7.357    0.8590
CO                  371.549m   -6.955    2.1669      Fe 2                5440.48A   -9.667    0.0042      Si 2                1816.93A   -6.903    2.4472
CO                  325.137m   -6.948    2.2030      Fe 2                5433.15A   -7.440    0.7097      Si 2                1533.43A   -7.704    0.3865
CO                  289.041m   -6.953    2.1777      Fe 2                5261.63A   -6.695    3.9427      Si 2                1309.28A   -8.493    0.0628
CO                  260.169m   -6.959    2.1473      Fe 2                5220.08A   -7.971    0.2091      Si 2                1265.00A   -8.255    0.1086
CO                  236.549m   -6.975    2.0723      Fe 2                5184.80A   -7.866    0.2660      Si 2                1264.74A   -8.701    0.0390
CO                  216.868m   -6.994    1.9806      Fe 2                5158.01A   -7.816    0.2989      Si 2                1197.39A   -8.633    0.0455
CO                  200.218m   -7.021    1.8628      Fe 2                4947.39A   -7.216    1.1898      Si 2                1194.50A   -8.836    0.0285
CO                  185.949m   -7.042    1.7732      Fe 2                4905.35A   -7.567    0.5302      Si 2                3862.60A   -9.891    0.0025
CO                  173.584m   -7.068    1.6729      Fe 2                4874.50A   -7.610    0.4805      Si 2                3856.02A   -9.865    0.0027
CO                  162.767m   -7.094    1.5748      Fe 2                4852.74A   -8.970    0.0209      Si 2                6371.37A   -9.808    0.0030
CO                  153.225m   -7.123    1.4747      Fe 2                4346.86A   -7.269    1.0525      Si 2                6347.11A   -9.732    0.0036
CO                  144.745m   -7.153    1.3760      Fe 2                4276.84A   -7.193    1.2546      Zn 2                2062.00A   -9.426    0.0073
CO                  137.159m   -7.183    1.2817      Fe 2                4244.82A   -8.004    0.1935      Zn 2                2025.48A   -9.193    0.0125
CO                  130.333m   -7.215    1.1912      Fe 2                4231.56A   -9.605    0.0049      Al 2                2669.15A   -6.936    2.2642
CO                  124.160m   -7.252    1.0938      Fe 2                4211.11A   -9.581    0.0051      Al 2                2660.35A   -6.762    3.3785
CO                  118.548m   -7.292    0.9971      Fe 2                3455.11A   -8.253    0.1092      Al 2                1670.79A   -7.434    0.7202
CO                  113.427m   -7.333    0.9083      Fe 2                3452.31A   -7.942    0.2236      Al 2                3900.67A  -10.172    0.0013
CO                  108.733m   -7.376    0.8226      Fe 2                3440.99A   -7.828    0.2907      Ca 2                7323.89A   -5.711   38.0146
CO                  104.416m   -7.419    0.7444      Fe 2                2774.73A   -9.719    0.0037      Ca 2                7291.47A   -5.541   56.2233
CO                  100.433m   -7.465    0.6698      Fe 2                2759.34A  -10.123    0.0015      Ca 2                3968.47A   -7.220    1.1776
CO                  96.7462m   -7.512    0.6009      Fe 2                2485.07A   -9.900    0.0025      Ca 2                8662.14A   -6.459    6.7900
CO                  93.3237m   -7.562    0.5364      Fe 2                2391.48A   -8.990    0.0200      Ca 2                3933.66A   -7.205    1.2200
CO                  90.1384m   -7.613    0.4772      Fe 2                2379.28A   -9.722    0.0037      Ca 2                8498.02A   -7.139    1.4183
CO                  87.1666m   -7.665    0.4227      Fe 2                2362.02A   -8.433    0.0721      Ca 2                8542.09A   -6.193   12.5476
CO                  84.3877m   -7.719    0.3734      Fe 2                35.7675m   -7.804    0.3068      Ca 2                3706.02A   -8.803    0.0308
CO                  81.7835m   -7.775    0.3286      Fe 2                1.95361m   -6.922    2.3392      Ca 2                3736.90A   -8.506    0.0610
CO                  79.3383m   -7.833    0.2875      Fe 2                1.80002m   -6.977    2.0629      Ca 2                3158.87A   -8.823    0.0294
CO                  77.0375m   -7.893    0.2503      Fe 2                1.71113m   -7.546    0.5564      Ca 2                3181.27A   -9.528    0.0058
CO                  74.8697m   -7.953    0.2177      Fe 2                1.66377m   -7.165    1.3368      Ca 2                3179.33A   -8.574    0.0522
CO                  72.8231m   -8.016    0.1883      Fe 2                9399.04A   -7.063    1.6929      Ca 2                1.19497m  -10.258    0.0011
CO                  70.8878m   -8.081    0.1624      Fe 2                9226.63A   -7.009    1.9172      Ca 2                1.18390m   -9.950    0.0022
CO                  69.0557m   -8.145    0.1402      Fe 2                9033.49A   -8.085    0.1609      Ca 2                1838.01A   -9.760    0.0034
CO                  67.3181m   -8.210    0.1206      Fe 2                7388.17A   -7.455    0.6856      Ca 2                1840.03A   -9.604    0.0049
CO                  65.6684m   -8.276    0.1036      Fe 2                6440.41A   -8.408    0.0764      Ca 2                2112.76A  -10.232    0.0011
CO                  64.0998m   -8.342    0.0890      Fe 2                6229.28A   -9.558    0.0054      Cl 2                14.3639m   -7.615    0.4740
CO                  62.6072m   -8.409    0.0762      Fe 2                5654.87A   -8.870    0.0264      Cl 2                33.2721m   -8.696    0.0394
CO                  61.1843m   -8.476    0.0654      Fe 2                5556.31A   -8.109    0.1520      Cl 2                8578.70A   -7.303    0.9722
CO                  59.8271m   -8.543    0.0560      Fe 2                5412.67A   -8.638    0.0450      Cl 2                9123.60A   -7.888    0.2529
CO                  58.5311m   -8.611    0.0479      Fe 2                5333.66A   -6.983    2.0350      Cl 2                3677.85A   -9.226    0.0116
CO                  57.2920m   -8.680    0.0409      Fe 2                5296.84A   -8.266    0.1061      Cl 2                6161.84A   -9.180    0.0129
CO                  56.1066m   -8.750    0.0347      Fe 2                5268.89A   -7.986    0.2020      Mg 2                2802.71A   -5.465   66.9454
CO                  54.9712m   -8.822    0.0295      Fe 2                5107.96A   -8.921    0.0234      Mg 2                2795.53A   -5.169  132.4657
CO                  53.8829m   -8.893    0.0250      Fe 2                5049.30A   -7.389    0.7981      Mg 2                2936.52A   -8.397    0.0784
CO                  52.8388m   -8.964    0.0212      Fe 2                5005.52A   -7.443    0.7050      Mg 2                2928.64A   -8.699    0.0391
CO                  51.8365m   -9.036    0.0180      Fe 2                4973.40A   -7.710    0.3808      Mg 2                2797.93A   -9.137    0.0143
CO                  50.8731m   -9.109    0.0152      Fe 2                4950.76A   -8.056    0.1718      Mg 2                2790.77A   -8.434    0.0719
CO                  49.9472m   -9.181    0.0129      Fe 2                4352.79A   -7.509    0.6063      Mg 2                2798.00A   -8.181    0.1288
CO                  49.0559m   -9.256    0.0108      Fe 2                4319.62A   -7.775    0.3286      Mg 2                9244.22A  -10.261    0.0011
CO                  48.1977m   -9.331    0.0091      Fe 2                4305.90A   -8.577    0.0517      Mg 2                9218.22A   -9.961    0.0021
CO                  47.3709m   -9.408    0.0076      Fe 2                4084.33A   -9.905    0.0024      N  2                205.283m   -9.501    0.0062
CO                  46.5738m   -9.485    0.0064      Fe 2                3504.51A   -8.556    0.0544      N  2                121.769m   -9.726    0.0037
CO                  45.8046m   -9.564    0.0053      Fe 2                3504.02A   -8.413    0.0756      N  2                6548.05A   -8.875    0.0261
CO                  45.0623m   -9.645    0.0044      Fe 2                3501.63A   -7.976    0.2064      N  2                6583.45A   -8.406    0.0768
CO                  44.3452m   -9.728    0.0037      Fe 2                3489.99A   -8.656    0.0432      N  2                5754.59A  -10.254    0.0011
CO                  43.6523m   -9.813    0.0030      Fe 2                2385.01A   -9.261    0.0107      N  2                2142.77A  -10.259    0.0011
CO                  42.9823m   -9.905    0.0024      Fe 2                2.06648m   -8.316    0.0946      Ni 2                1.19102m   -6.286   10.1187
CO                  42.3344m   -9.999    0.0020      Fe 2                1.89541m   -7.713    0.3790      Ni 2                6.63416m   -6.914    2.3821
CO                  41.7069m  -10.102    0.0015      Fe 2                1.79711m   -7.199    1.2361      Ni 2                1.07151m   -7.908    0.2417
CO                  41.0997m  -10.215    0.0012      Fe 2                1.74494m   -7.488    0.6361      Ni 2                10.6793m   -7.545    0.5569
^13CO               2719.67m   -9.641    0.0045      Fe 2                9652.70A   -7.911    0.2398      Ni 2                1.27792m   -9.732    0.0036
^13CO               1359.86m   -8.818    0.0297      Fe 2                9470.94A   -7.399    0.7801      Ni 2                1.16130m   -8.423    0.0738
^13CO               906.599m   -8.605    0.0485      Fe 2                9267.56A   -7.781    0.3236      Ni 2                12.7253m   -7.960    0.2143
^13CO               679.978m   -8.533    0.0573      Fe 2                7544.00A  -10.094    0.0016      Ni 2                9882.95A   -9.172    0.0131
^13CO               544.012m   -8.490    0.0633      Fe 2                6558.51A   -8.622    0.0467      Ni 2                1.09177m   -8.710    0.0381
^13CO               453.374m   -8.463    0.0674      Fe 2                5745.71A   -9.241    0.0112      Ni 2                18.2355m   -8.677    0.0412
^13CO               388.637m   -8.454    0.0687      Fe 2                5643.98A   -9.082    0.0162      Ni 2                9374.87A   -9.465    0.0067
^13CO               340.088m   -8.447    0.0698      Fe 2                5495.84A   -8.914    0.0238      Ni 2                7377.83A   -7.076    1.6408
^13CO               302.332m   -8.453    0.0689      Fe 2                5376.47A   -7.377    0.8211      Ni 2                8300.99A   -8.372    0.0830
^13CO               272.130m   -8.459    0.0679      Fe 2                5347.66A   -8.491    0.0631      Ni 2                1.93877m   -7.784    0.3215
^13CO               247.423m   -8.475    0.0655      Fe 2                5181.96A   -8.767    0.0334      Ni 2                2.36883m   -9.071    0.0166
^13CO               226.836m   -8.495    0.0625      Fe 2                5076.57A   -8.047    0.1754      Ni 2                2.91064m   -8.739    0.0356
^13CO               209.419m   -8.523    0.0586      Fe 2                5043.53A   -7.917    0.2367      Ni 2                6666.80A   -7.921    0.2348
^13CO               194.493m   -8.545    0.0558      Fe 2                5020.25A   -8.033    0.1811      Ni 2                7411.61A   -7.702    0.3886
^13CO               181.558m   -8.571    0.0525      Fe 2                4372.43A   -8.049    0.1747      Ni 2                1.76458m   -9.847    0.0028
^13CO               170.243m   -8.599    0.0493      Fe 2                4358.37A   -8.260    0.1074      Ni 2                2.04866m   -9.425    0.0074
^13CO               160.261m   -8.628    0.0460      Fe 2                4080.00A   -9.934    0.0023      Ni 2                2.30794m   -8.881    0.0257
^13CO               151.390m   -8.660    0.0428      Fe 2                3539.19A   -8.260    0.1074      Ni 2                6.91767m   -9.181    0.0129
^13CO               143.454m   -8.692    0.0397      Fe 2                3538.69A   -8.554    0.0546      Ni 2                4326.24A   -7.868    0.2650
^13CO               136.314m   -8.726    0.0368      Fe 2                3536.25A   -8.680    0.0409      Ni 2                4628.05A   -8.290    0.1003
^13CO               129.855m   -8.765    0.0336      Fe 2                3524.38A   -9.988    0.0020      Ni 2                6794.20A   -9.346    0.0088
^13CO               123.985m   -8.807    0.0305      Fe 2                22.8961m   -9.310    0.0096      Ni 2                7255.82A   -8.223    0.1171
^13CO               118.627m   -8.850    0.0276      Fe 2                1.81139m   -9.589    0.0050      Ni 2                7694.56A   -9.293    0.0100
^13CO               113.717m   -8.896    0.0248      Fe 2                7764.71A   -8.795    0.0314      Ni 2                8033.54A   -9.458    0.0068
^13CO               109.201m   -8.944    0.0222      Fe 2                7336.73A   -9.084    0.0161      Ni 2                1.04597m   -8.706    0.0384
^13CO               105.034m   -8.996    0.0198      Fe 2                7267.25A  -10.053    0.0017      Ni 2                1.23230m   -8.734    0.0361
^13CO               101.176m   -9.049    0.0175      Fe 2                6809.24A   -9.062    0.0169      Ni 2                4201.17A   -8.050    0.1742
^13CO               97.5955m   -9.106    0.0153      Fe 2                6729.87A   -9.343    0.0089      Ni 2                4485.21A   -8.503    0.0614
^13CO               94.2629m   -9.166    0.0133      Fe 2                6671.93A   -9.906    0.0024      Ni 2                7307.65A   -8.398    0.0782
^13CO               91.1537m   -9.230    0.0115      Fe 2                5721.37A  -10.180    0.0013      Ni 2                7612.72A   -8.726    0.0367
^13CO               88.2461m   -9.298    0.0098      Fe 2                5163.96A   -9.093    0.0158      Ni 2                1.13597m   -9.409    0.0076
^13CO               85.5213m   -9.371    0.0083      Fe 2                4266.35A   -9.792    0.0032      Ni 2                4285.31A   -9.258    0.0108
^13CO               82.9627m   -9.450    0.0069      Fe 2                4249.08A  -10.063    0.0017      Ni 2                6791.48A   -8.973    0.0208
^13CO               80.5556m   -9.536    0.0057      Fe 2                4157.92A  -10.070    0.0017      Ni 2                7054.20A   -8.877    0.0259
^13CO               78.2869m   -9.631    0.0046      Fe 2                3277.35A   -8.609    0.0481      Ni 2                9.61508m  -10.167    0.0013
^13CO               76.1453m   -9.739    0.0036      Fe 2                3255.89A   -9.873    0.0026      Ni 2                4033.04A   -8.316    0.0945
^13CO               74.1205m   -9.865    0.0027      Fe 2                2926.59A   -9.527    0.0058      Ni 2                4294.09A   -8.437    0.0716
^13CO               72.2030m  -10.019    0.0019      Fe 2                2880.76A   -9.174    0.0131      Ni 2                6467.29A   -9.470    0.0066
^13CO               70.3848m  -10.224    0.0012      Fe 2                2755.74A   -7.528    0.5797      Ni 2                6813.57A   -8.458    0.0681
OH+                 308.406m  -10.054    0.0017      Fe 2                2739.55A   -8.271    0.1047      Ni 2                7078.04A   -9.007    0.0192
OH+                 290.103m  -10.284    0.0010      Fe 2                2716.70A   -8.375    0.0825      Ni 2                1.02090m   -9.788    0.0032
C  1                1560.31A   -9.028    0.0183      Fe 2                34.6508m  -10.181    0.0013      Ni 2                3993.06A   -7.971    0.2089
C  1                1560.68A   -9.179    0.0129      Fe 2                1.00287m   -8.783    0.0322      Ni 2                4248.80A   -8.447    0.0699
C  1                1560.71A   -8.914    0.0238      Fe 2                8245.16A  -10.282    0.0010      Ni 2                6007.06A   -9.561    0.0054
C  1                1561.34A   -8.409    0.0762      Fe 2                8037.28A   -9.312    0.0095      Ni 2                6365.10A   -8.445    0.0702
C  1                1561.37A   -8.595    0.0497      Fe 2                7579.61A   -9.803    0.0031      Ni 2                6700.24A   -9.838    0.0028
C  1                1561.44A   -8.740    0.0356      Fe 2                7017.95A   -9.722    0.0037      Ni 2                6955.82A   -9.873    0.0026
C  1                1656.27A   -8.616    0.0473      Fe 2                6933.67A  -10.088    0.0016      Ni 2                8703.87A   -8.900    0.0246
C  1                1656.93A   -8.890    0.0252      Fe 2                6872.19A   -9.254    0.0109      Ni 2                9956.63A   -9.127    0.0146
C  1                1657.01A   -7.949    0.2200      Fe 2                6829.03A  -10.288    0.0010      Ni 2                5.18504m   -9.906    0.0024
C  1                1657.38A   -8.588    0.0505      Fe 2                5746.98A   -9.141    0.0141      Ni 2                3438.88A   -8.160    0.1353
C  1                1657.91A   -8.185    0.1276      Fe 2                5283.12A   -9.701    0.0039      Ni 2                3626.89A   -8.467    0.0667
C  1                1658.12A   -7.886    0.2543      Fe 2                5199.18A   -9.915    0.0024      Ni 2                3378.16A   -8.774    0.0329
C  1                1993.62A   -9.026    0.0184      Fe 2                4351.81A  -10.062    0.0017      Ni 2                3559.41A   -8.753    0.0345
C  1                2582.90A  -10.290    0.0010      Fe 2                4347.36A   -9.431    0.0072      level 1 lines..................................
C  1                9824.13A   -5.519   59.1805      Fe 2                4329.43A   -8.778    0.0326      recombination..................................
C  1                9850.26A   -5.044  176.8028      Fe 2                2953.77A  -10.220    0.0012      level2 lines...................................
C  1                370.269m   -5.031  182.0219      Fe 2                2772.73A   -8.333    0.0909      C  1                1247.50A   -9.161    0.0135
C  1                609.590m   -5.352   86.9794      Fe 2                2749.32A   -8.341    0.0893      C  1                1314.77A   -9.085    0.0161
C  2                1334.53A   -9.949    0.0022      Fe 2                9795.19A   -9.561    0.0054      C  1                1165.98A  -10.078    0.0016
C  2                1335.66A   -9.886    0.0025      Fe 2                8228.13A   -9.475    0.0065      C  1                1233.29A   -9.664    0.0042
C  2                1335.71A   -9.926    0.0023      Fe 2                7613.14A   -9.883    0.0026      C  1                1250.68A   -9.811    0.0030
C  2                2323.50A   -9.465    0.0067      Fe 2                7011.24A  -10.289    0.0010      Mg 1                1817.31A   -9.893    0.0025
C  2                2324.69A   -9.130    0.0145      Fe 2                6966.33A   -9.647    0.0044      Mg 1                1739.09A  -10.115    0.0015
C  2                2325.40A   -8.771    0.0332      Fe 2                5477.25A   -9.645    0.0044      Mg 1                1699.05A  -10.252    0.0011
C  2                2326.93A   -8.683    0.0406      Fe 2                5278.38A  -10.113    0.0015      Si 1                1853.05A   -9.689    0.0040
C  2                2328.12A   -9.076    0.0164      Fe 2                4402.59A   -9.897    0.0025      Si 1                1693.70A  -10.243    0.0011
C  2                157.636m   -6.606    4.8454      Fe 2                4384.21A   -9.829    0.0029      Si 1                1999.94A  -10.071    0.0017
Ca 1                4226.73A   -8.208    0.1212      Fe 2                1.05081m  -10.041    0.0018      Si 2                1179.59A   -9.285    0.0101
Ca 1                6439.08A   -9.201    0.0123      Fe 2                7710.80A  -10.194    0.0013      Si 2                993.354A  -10.197    0.0012
Ca 1                6449.81A  -10.284    0.0010      Fe 2                7048.01A   -9.860    0.0027      S  1                1356.05A   -9.693    0.0040
Ca 1                6462.57A   -9.396    0.0079      Fe 2                5901.28A  -10.091    0.0016      S  1                1392.25A  -10.018    0.0019
Ca 1                6471.66A  -10.251    0.0011      Fe 2                5527.62A  -10.203    0.0012      S  1                1335.92A  -10.289    0.0010
Ca 1                6493.78A   -9.584    0.0051      Fe 2                2.04602m   -8.728    0.0366      Fe 1                2484.25A   -9.942    0.0022
Ca 1                6499.65A  -10.290    0.0010      Fe 2                1.41956m   -9.283    0.0102      Fe 1                2526.51A  -10.224    0.0012
Cl 1                11.3303m   -8.525    0.0584      Fe 2                1.35904m  -10.087    0.0016      Sc 2                3627.22A   -8.615    0.0474
Co 2                9335.96A   -9.439    0.0071      Fe 2                1.23314m   -9.076    0.0164      Sc 2                3575.45A   -8.738    0.0358
Co 2                9639.13A   -9.877    0.0026      Fe 2                1.09108m   -8.999    0.0196      Sc 2                3368.13A   -9.303    0.0097
Co 2                10.5199m   -8.273    0.1043      Fe 2                1.07084m   -9.437    0.0071      Ti 2                3364.74A   -7.040    1.7834
Co 2                15.4548m   -9.158    0.0136      Fe 2                1.05625m   -9.887    0.0025      Ti 2                3237.15A   -7.280    1.0268
Co 2                2.98382m   -7.758    0.3410      Fe 2                1.01565m   -9.690    0.0040      Ti 2                1904.17A   -9.149    0.0139
Co 2                14.7345m   -8.803    0.0307      Fe 2                8119.18A  -10.167    0.0013      Ti 2                1907.36A   -8.889    0.0252
Co 2                18.7989m   -9.322    0.0093      Fe 2                5588.16A   -8.992    0.0199      V  2                2710.94A   -9.374    0.0083
Co 2                25.6819m  -10.010    0.0019      Fe 2                5586.91A   -9.855    0.0027      V  2                2684.22A   -9.137    0.0143
Co 2                1.01879m   -8.490    0.0633      Fe 2                5580.82A   -8.424    0.0737      V  2                2139.33A   -9.794    0.0031
Co 2                1.12804m   -9.461    0.0068      Fe 2                5551.32A   -8.142    0.1411      Cr 1                4269.56A   -9.546    0.0056
Co 2                1.54700m   -8.735    0.0360      Fe 2                3227.74A   -9.888    0.0025      Cr 1                3589.90A   -9.362    0.0085
Co 2                1.72847m   -9.731    0.0036      Fe 2                3196.07A   -9.377    0.0082      Cr 2                2059.78A   -7.641    0.4467
Co 2                1.90349m   -9.571    0.0053      Fe 2                2.13278m   -8.983    0.0203      Mn 2                1198.85A   -9.997    0.0020
Co 2                1.02452m   -9.294    0.0099      Fe 2                1.46079m   -9.830    0.0029      Co 2                2060.90A   -9.118    0.0149
Co 2                1.09726m   -9.922    0.0023      Fe 2                1.39678m   -9.890    0.0025      Co 2                2018.80A   -9.153    0.0137
Co 2                1.49674m  -10.159    0.0014      Fe 2                1.30943m   -9.910    0.0024      Co 2                1949.74A   -9.231    0.0115
Co 2                1.62622m  -10.147    0.0014      Fe 2                1.24364m  -10.095    0.0016      Co 2                1575.91A   -9.758    0.0034
Co 2                1.73616m   -9.853    0.0027      Fe 2                1.09413m   -9.196    0.0125      Co 2                1470.18A   -9.820    0.0030
Co 2                1.02803m   -9.892    0.0025      Fe 2                1.07890m   -9.292    0.0100      Ni 2                1751.83A   -8.674    0.0415
Co 2                8580.39A   -9.948    0.0022      Fe 2                1.06830m  -10.050    0.0017      Ni 2                1744.24A   -8.481    0.0645
Co 2                9342.40A   -8.643    0.0444      Fe 2                1.03658m  -10.061    0.0017      Ni 2                1484.97A   -9.785    0.0032
Co 2                9943.48A   -8.991    0.0200      Fe 2                5650.95A   -8.971    0.0209      Ni 2                1472.74A   -9.487    0.0064
Co 2                7539.01A   -9.312    0.0095      Fe 2                5649.67A   -8.945    0.0222      Ni 2                1400.37A   -9.788    0.0032
Co 2                8121.00A   -9.024    0.0185      Fe 2                5643.44A  -10.082    0.0016      Ni 2                1375.73A   -9.473    0.0066
Co 2                8571.41A   -9.631    0.0046      Fe 2                5613.27A   -8.358    0.0858      Ni 2                1324.11A   -9.572    0.0052
Co 2                6.21176m  -10.273    0.0010      Fe 2                2.24366m   -9.321    0.0093      Zn 1                2138.57A  -10.122    0.0015
Co 2                8027.34A   -9.490    0.0063      Fe 2                2.00672m   -8.666    0.0421      hyperfine structure............................
Co 2                8467.14A   -9.903    0.0024      Fe 2                1.10657m   -9.539    0.0056      inner shell....................................
Co 2                8333.76A   -9.671    0.0042      Fe 2                1.09542m   -9.643    0.0044      molecules......................................
Cr 2                8000.08A   -7.474    0.6558      Fe 2                5725.92A   -9.242    0.0112      bands..........................................
Cr 2                8125.30A   -7.548    0.5532      Fe 2                5718.22A   -8.692    0.0397      Fe 2b               2500.00A   -5.473   65.7846
Cr 2                8229.67A   -7.643    0.4453      Fe 2                2.22379m   -8.077    0.1638      Fe 2b               5000.00A   -5.529   57.7715
Cr 2                8308.49A   -7.830    0.2893      Fe 2                2.01513m   -8.396    0.0785      Fe 2b               7000.00A   -6.472    6.5889
Cr 2                8357.64A   -8.127    0.1458      Fe 2                9682.08A   -8.908    0.0242      Fe 2b               10000.0A   -5.152  137.7519
Cu 1                3247.54A  -10.135    0.0014      Fe 2                9513.85A   -9.714    0.0038      Fe 2b               2355.00A   -6.164   13.3950
Fe 1                24.0358m   -7.925    0.2323      Fe 2                8715.81A   -9.541    0.0056      Fe 2b               2430.00A   -5.480   64.7464
Fe 1                34.7038m   -8.513    0.0600      Fe 2                6873.84A   -9.205    0.0122      Fe 2b               2445.00A   -5.480   64.7462
Fe 2                25.9813m   -5.839   28.3212      Fe 2                6700.65A  -10.175    0.0013      Fe 2b               2495.00A   -6.114   15.0357
Fe 2                5.33871m   -5.317   94.2288      Fe 2                6188.55A   -9.386    0.0080      Fe 2b               2610.00A   -5.731   36.3110
Fe 2                4.11387m   -7.679    0.4092      Fe 2                5870.02A   -9.635    0.0045      Fe 2b               2695.00A   -8.374    0.0826
Fe 2                1.25668m   -6.588    5.0465      Fe 2                5673.20A   -9.669    0.0042      Fe 2b               2758.00A   -7.321    0.9347
Fe 2                1.19129m   -9.373    0.0083      Fe 2                4898.61A   -9.406    0.0077      Fe 2b               2780.00A   -7.278    1.0307
Fe 2                6309.53A  -10.219    0.0012      Fe 2                2.25348m   -8.914    0.0239      Fe 2b               2935.00A   -8.973    0.0208
Fe 2                4799.30A  -10.116    0.0015      Fe 2                1.02005m  -10.123    0.0015      Fe 2b               2960.00A   -9.402    0.0077
Fe 2                4704.22A   -9.341    0.0089      Fe 2                1.00139m   -9.566    0.0053      Fe 2b               3180.00A   -7.895    0.2492
Fe 2                4632.28A   -7.548    0.5534      Fe 2                9133.66A  -10.290    0.0010      Fe 2b               3250.00A   -7.190    1.2638
Fe 2                4604.48A   -9.332    0.0091      Fe 2                8885.67A  -10.015    0.0019      Fe 2b               3590.00A   -7.208    1.2101
Fe 2                4416.27A   -7.530    0.5774      Fe 2                7131.14A  -10.180    0.0013      Fe 2b               3910.00A   -9.259    0.0108
Fe 2                4382.74A   -8.499    0.0619      Fe 2                6944.91A   -9.747    0.0035      Fe 2b               4060.00A   -9.917    0.0024
Fe 2                4287.39A   -6.567    5.3003      Fe 2                6473.88A   -9.785    0.0032      Fe 2b               4255.00A   -5.963   21.3110
Fe 2                3931.44A  -10.162    0.0013      Fe 2                6044.10A  -10.215    0.0012      Fe 2b               4558.00A   -6.693    3.9657
Fe 2                3874.07A   -9.792    0.0032      Fe 2                5835.45A   -9.884    0.0026      Fe 2b               4600.00A   -6.663    4.2465
Fe 2                3175.38A   -8.378    0.0818      Fe 2                5060.09A   -9.965    0.0021      Fe 2b               4743.00A   -7.412    0.7576
Fe 2                2599.40A   -8.466    0.0669      Fe 2                4576.40A  -10.217    0.0012      Fe 2b               4855.00A   -6.834    2.8679
Fe 2                2585.88A   -9.510    0.0060      Fe 2                1.34608m  -10.264    0.0011      Fe 2b               4920.00A   -6.319    9.3875
Fe 2                2382.04A   -6.690    3.9885      Fe 2                1.11648m  -10.081    0.0016      Fe 2b               4975.00A   -6.848    2.7734
Fe 2                2373.74A  -10.101    0.0016      Fe 2                5048.19A   -9.931    0.0023      Fe 2b               4971.00A   -6.891    2.5126
Fe 2                2343.50A   -9.291    0.0100      Fe 2                1.71482m   -9.516    0.0060      Fe 2b               5070.00A   -6.770    3.3210
Fe 2                35.3391m   -6.501    6.1723      Fe 2                9949.21A   -9.848    0.0028      Fe 2b               5143.00A   -6.237   11.3388
Fe 2                6.71944m   -6.457    6.8310      Fe 2                7975.22A  -10.030    0.0018      Fe 2b               5270.00A   -5.952   21.8417
Fe 2                4.88781m   -7.343    0.8882      Fe 2                1.47063m  -10.286    0.0010      Fe 2b               5318.00A   -6.270   10.5026
Fe 2                4.07521m   -8.164    0.1340      Fe 2                1.01273m   -9.962    0.0021      Fe 2b               5540.00A   -7.418    0.7475
Fe 2                1.32055m   -7.085    1.6089      Fe 2                6353.11A  -10.082    0.0016      Fe 2b               5865.00A   -8.018    0.1874
Fe 2                1.24854m   -8.119    0.1487      Fe 2                1.80228m  -10.183    0.0013      Fe 2b               6265.00A   -8.832    0.0288
Fe 2                1.20512m   -9.931    0.0023      Fe 2                1.00387m  -10.111    0.0015      Fe 2b               6565.00A   -8.174    0.1311
Fe 2                7637.52A   -7.389    0.7992      Fe 2                9469.41A   -9.995    0.0020      Fe 2b               6910.00A   -8.112    0.1509
Fe 2                7523.28A   -9.436    0.0072      Fe 2                9384.77A   -9.485    0.0064      Fe 2b               7445.00A   -6.494    6.2734
Fe 2                4889.62A   -7.412    0.7571      Fe 2                2.39329m   -9.535    0.0057      Fe 2b               8625.00A   -6.161   13.4939
Fe 2                4750.27A  -10.144    0.0014      Fe 2                4825.73A   -9.028    0.0183      Fe 2b               1.03250m   -7.219    1.1815
Fe 2                4716.37A   -8.426    0.0733      Fe 2                2.50030m   -9.872    0.0026      Fe 2b               1.88900m   -5.867   26.5372
Fe 2                4687.56A   -8.629    0.0459      Fe 2                4867.73A  -10.069    0.0017      Fe 2b               2.20000m   -7.953    0.2181
Fe 2                4492.64A   -8.399    0.0780      Fe 2                2.59860m  -10.255    0.0011      miscellaneous..................................
Fe 2                4457.95A   -7.797    0.3118      Fe 2                4903.85A   -9.521    0.0059      Blnd                8446.00A  -10.055    0.0017
Fe 2                4432.45A   -8.591    0.0501      Fe 2                1.04657m  -10.288    0.0010      Blnd                1304.00A   -8.438    0.0714
Fe 2                4359.33A   -6.698    3.9211      Fe 2                3.58120m   -9.880    0.0026      Blnd                2798.00A   -4.991  199.4111
Fe 2                3224.54A   -9.475    0.0066      Fe 2                3.15558m   -9.910    0.0024      Blnd                6720.00A   -5.745   35.2072
Fe 2                3214.67A   -8.892    0.0251      Fe 2                5171.63A   -9.330    0.0092      Blnd                4074.00A   -7.069    1.6673
Fe 2                2625.67A   -5.854   27.3580      Fe 2                5169.03A   -8.515    0.0598      Blnd                1.03300m   -7.178    1.2976
Fe 2                2611.87A   -6.579    5.1577      Fe 2                5018.44A  -10.249    0.0011      Blnd                1256.00A   -9.091    0.0159
Fe 2                2598.37A   -7.810    0.3031      Fe 2                6044.54A   -9.773    0.0033      Blnd                5892.00A   -8.640    0.0448
Fe 2                2395.63A   -6.863    2.6824      Fe 2                5316.61A  -10.213    0.0012      Blnd                2665.00A   -6.540    5.6427
Fe 2                2388.63A   -7.908    0.2417      Fe 3                22.9190m  -10.240    0.0011      Blnd                2335.00A   -6.353    8.6781
Fe 2                2383.06A   -9.831    0.0029      Fe 3                4985.87A  -10.101    0.0016      Blnd                8579.00A   -5.974   20.7558
Fe 2                2364.83A   -7.264    1.0657      K  1                7664.90A  -10.152    0.0014      Blnd                7306.00A   -5.317   94.2380
Fe 2                2332.80A   -8.331    0.0912      Mg 1                2025.82A   -8.935    0.0227      Blnd                3933.00A   -6.911    2.3976
Fe 2                2279.91A   -9.915    0.0024      Mg 1                2852.13A   -6.727    3.6666      Blnd                1657.00A   -7.431    0.7249
Fe 2                51.2868m   -7.019    1.8724      Mg 1                3832.30A   -9.798    0.0031      Blnd                9850.00A   -4.918  235.9832
Fe 2                5.67236m   -8.154    0.1371      Mg 1                3838.29A   -9.381    0.0081      Blnd                2326.00A   -8.245    0.1113
Fe 2                4.60641m   -7.964    0.2125      Mg 1                3838.29A  -10.276    0.0010      Blnd                1335.00A   -9.442    0.0071
Fe 2                4.08085m   -8.710    0.0381      Mg 1                4562.60A   -6.532    5.7447      Blnd                3467.00A   -7.843    0.2807
Fe 2                1.37181m   -7.328    0.9184      Mg 1                4571.10A   -6.970    2.0934      Blnd                5199.00A   -5.597   49.4473
Fe 2                1.29427m   -7.904    0.2437      Mg 1                4575.29A   -7.898    0.2471      Blnd                1.04030m   -7.087    1.6020
Fe 2                7806.23A   -9.161    0.0135      Mg 1                5167.32A   -9.057    0.0172      Blnd                2141.00A  -10.110    0.0015
Fe 2                7686.93A   -7.466    0.6685      Mg 1                5172.68A   -8.583    0.0511      Blnd                6300.00A   -5.310   95.8203
Fe 2                7552.40A   -9.946    0.0022      Mg 1                5183.60A   -8.362    0.0849      Blnd                2471.00A   -9.995    0.0020
Fe 2                4958.23A   -9.263    0.0107      Mg 1                8806.76A   -8.644    0.0443      Blnd                7323.00A  -10.163    0.0013
Fe 2                4750.57A   -9.260    0.0108      Mg 1                1.18282m   -8.837    0.0284      Blnd                7332.00A  -10.244    0.0011
Fe 2                4728.07A   -8.061    0.1701      Mg 1                1.50250m   -9.623    0.0047      Blnd                3727.00A   -8.083    0.1615
Fe 2                4514.90A   -8.423    0.0738      Mg 1                1.50402m  -10.067    0.0017      Blnd                7325.00A   -9.900    0.0025
Fe 2                4488.75A   -8.142    0.1409      Mg 1                1.71087m   -9.399    0.0078



 IC443 grid point v shock=24 km/s  
 Cooling:  H  1c                     0 :0.123 C  1c                     0 :0.077 Fe 2c                     0 :0.064 O  1c                     0 :0.392 Si 2c                     0 :0.223  
 Heating:  TotM                      0 :0.196 CT H                      0 :0.719 H- H                      0 :0.082  

 These are some of the most important databases used by Cloudy:
 Many recombination coefficients were taken from http://amdpp.phys.strath.ac.uk/tamoc/RR/ and http://amdpp.phys.strath.ac.uk/tamoc/DR/
      and are based on the following papers:
        Badnell N. R., et al., A&A 406, 1151 (2003) [http://adsabs.harvard.edu/abs/2003A%26A...406.1151B]
        Badnell N. R., ApJS 167, 334 (2006) [http://adsabs.harvard.edu/abs/2006ApJS..167..334B]
 Much of the molecular emission data is from LAMDA as accessed on June 30, 2015. This database is described in:
        Schoeier F.L., et al., A&A 432, 369 (2005) [http://adsabs.harvard.edu/abs/2005A%26A...432..369S]
      This database is in part based on the work of the following groups:
        JPL: Pickett H. M. et al., JQSRT, 60, 883 (1998). [http://adsabs.harvard.edu/abs/1998JQSRT..60..883P]
        CDMS: Mueller H. S. et al., A&A 370, L49 (2001). [http://adsabs.harvard.edu/abs/2001A%26A...370L..49M]
              Mueller H. S. et al., J. Mol. Struct. 742, 215 (2005). [http://adsabs.harvard.edu/abs/2005JMoSt.742..215M]
 Some of the ionic emission data is from version 10.0.1 of CHIANTI. CHIANTI is a collaborative project involving the NRL (USA), the
      Universities of Florence (Italy) and Cambridge (UK), and George Mason University (USA). These papers describe Chianti:
        Dere K. P., et al., A&AS, 125, 149 (1997) [http://adsabs.harvard.edu/abs/1997A%26AS..125..149D]
        Landi E., et al., ApJ, 744, 99 (2012) [http://adsabs.harvard.edu/abs/2012ApJ...744...99L]
 Much of the H_2 data is from this web site: http://molat.obspm.fr/index.php?page=pages/Molecules/H2/H2can94.php. These data are
      described in:
        Abgrall H. et al., Can. J. Phys., 72, 856 (1994) [http://adsabs.harvard.edu/abs/1994CaJPh..72..856A]
        Wrathmall S. A. & Flower D. R., J. Phys. B, 40, 3221 (2007) [http://adsabs.harvard.edu/abs/2007JPhB...40.3221W]
 The Case A and Case B recombination predictions for one-electron systems are from
	Storey, P.J. & Hummer, D.G., 1995, MNRAS 272, 41 http://adsabs.harvard.edu/abs/1995MNRAS.272...41S
 The He I recombination predictions are from
	Porter, R. L.; Ferland, G. J.; Storey, P. J.; Detisch, M. J., 2012, MNRAS, 425, 28p http://adsabs.harvard.edu/abs/2012MNRAS.425L..28P
		http://adsabs.harvard.edu/abs/2013MNRAS.433L..89P

 If you find some process or data set to be particularly critical to a result, please follow the trail of references back to the
 original source and cite that.  This will support and encourage atomic, molecular, and chemical physicists to continue their
 valuable work.

 IONIZE PARMET:  U(1-)-37.0000  U(4-):-37.0000  U(sp):-37.00  Q(ion):   -3.616  L(ion)-14.140    Q(low):  9.668    L(low) -3.811
 ENERGY BUDGET:  Heat:  -8.151  Coolg:  -3.474  Error:4753534.5%  Rec Lin:  -4.823  F-F  H  0.000    P(rad/tot)max     4.02E-05    R(F Con):1.737e+05

     Col(Heff):      1.181E+20  snd travl time  2.32E+12 sec  Te-low: 1.00E+04  Te-hi: 1.00E+04  G0TH85: 0.00E+00  G0DB96:0.00E+00
  Emiss Measure    n(e)n(p) dl       4.915E+15  n(e)n(He+)dl         3.739E+07  En(e)n(He++) dl         0.000E+00  ne nC+:6.81E+12
 He/Ha:2.67E-08  =   0.00*true  Lthin:1.38E+07  itr/zn: 1.36  H2 itr/zn:  0.00  File Opacity: F  MassTot 3.35e-04  (gm/cm^2)
   Temps(21 cm)   T(21cm/Ly a)  7.90E+03        T(<nH/Tkin>)  1.00E+04          T(<nH/Tspin>)    8.46E+03          TB21cm:3.43E+00
                   N(H0/Tspin)  1.67E+16        N(OH/Tkin)    2.57E+07          B(21cm)          0.00E+00
   <a>:5.91E-13  erdeFe0.0E+00  Tcompt0.00E+00  Tthr9.76E+11  <Tden>: 1.00E+04  <dens>:1.80E-22  <MolWgt>1.29E+00
     Mean Jeans  l(cm)4.10E+20  M(sun)3.26E+06  smallest:     len(cm):4.10E+20  M(sun):3.26E+06  a_ox tran:  0.00
 Rion:1.000E+30  Dist:0.00E+00  Diam:0.000E+00
 Hatom level 70  HatomType: add  HInducImp  F  He tot level: 63  He2 level:   70  ExecTime    42.2
 ConvrgError(%)  <eden>  0.136  MaxEden  0.938  <H-C> 100.00  Max(H-C)  100.00  <Press>   0.000  MaxPrs er  0.000
  Continuity(%)  chng Te   0.0  elec den   2.9  n(H2)    0.0  n(CO)        5.8

                                                        Averaged Quantities
             Te      Te(Ne)   Te(NeNp)  Te(NeHe+)Te(NeHe2+) Te(NeO+)  Te(NeO2+)  Te(H2)     N(H)     Ne(O2+)   Ne(Np)
 Radius:  1.00e+04  1.00e+04  1.00e+04  1.00e+04  0.00e+00  1.00e+04  1.00e+04  1.00e+04  7.59e+01  5.58e-02  5.58e-02
 
 Peimbert T(OIIIr)0.00E+00 T(Bac)0.00E+00 T(Hth)6.95E+03 t2(Hstrc) 3.31e-32 T(O3-BAC)5.55E+03 t2(O3-BC)-1.49e-01 t2(O3str) 1.32e-31

 Contin Optical Depths: COMP: 6.90e-08    H-: 2.18e-05 R(1300): 9.47e-04  H2+: 2.81e-07  Bra:6.90E-08
                          Pa: 6.96e-08    Ba: 2.01e-05      Hb: 1.56e-05   La: 2.33e+00     1r:8.964E+02  1.8:2.80E+02 4.:4.227E+01

 Old, new H  1 continuum optical depths:
     1 8.96e+02     2 1.12e-05     3 2.20e-05     4 2.20e-05     5 2.20e-05     6 5.67e-06     7 5.67e-06     8 5.67e-06
     9 5.67e-06    10 2.61e-19    11 2.61e-19    12 2.61e-19    13 2.61e-19    14 2.61e-19    15 3.73e-19    16 3.73e-19
    17 3.73e-19    18 3.73e-19    19 3.73e-19    20 3.73e-19    21 6.48e-19    22 6.48e-19    23 6.48e-19    24 6.48e-19
    25 6.48e-19    26 6.48e-19    27 6.48e-19    28 1.04e-18    29 1.04e-18    30 1.04e-18    31 1.04e-18    32 1.04e-18
    33 1.04e-18    34 1.04e-18    35 1.04e-18    36 1.60e-18    37 1.60e-18    38 1.60e-18    39 1.60e-18    40 1.60e-18
    41 1.60e-18    42 1.60e-18    43 1.60e-18    44 1.60e-18    45 2.33e-18    46 2.33e-18    47 2.33e-18    48 2.33e-18
    49 2.33e-18    50 2.33e-18    51 2.33e-18    52 2.33e-18    53 2.33e-18    54 2.33e-18
     1 8.96e+02     2 1.12e-05     3 2.20e-05     4 2.20e-05     5 2.20e-05     6 5.67e-06     7 5.67e-06     8 5.67e-06
     9 5.67e-06    10 2.61e-19    11 2.61e-19    12 2.61e-19    13 2.61e-19    14 2.61e-19    15 3.73e-19    16 3.73e-19
    17 3.73e-19    18 3.73e-19    19 3.73e-19    20 3.73e-19    21 6.48e-19    22 6.48e-19    23 6.48e-19    24 6.48e-19
    25 6.48e-19    26 6.48e-19    27 6.48e-19    28 1.04e-18    29 1.04e-18    30 1.04e-18    31 1.04e-18    32 1.04e-18
    33 1.04e-18    34 1.04e-18    35 1.04e-18    36 1.60e-18    37 1.60e-18    38 1.60e-18    39 1.60e-18    40 1.60e-18
    41 1.60e-18    42 1.60e-18    43 1.60e-18    44 1.60e-18    45 2.33e-18    46 2.33e-18    47 2.33e-18    48 2.33e-18
    49 2.33e-18    50 2.33e-18    51 2.33e-18    52 2.33e-18    53 2.33e-18    54 2.33e-18

 Old, new H  1 mean line optical depths:
  2- 1 1.48e+07  3- 2 7.38e-08  4- 3 1.28e-14  5- 4 6.78e-15  6- 5 1.62e-14  7- 6-4.34e-16  8- 7 6.07e-16
  9- 8 5.15e-15 10- 9 1.74e-14 11-10 7.35e-14 12-11 1.22e-15 13-12 7.09e-16 14-13-6.46e-16 15-14-3.52e-15 16-15-9.02e-15
 17-16-1.88e-14 18-17-3.57e-14 19-18-6.38e-14 20-19-1.10e-13 21-20-1.87e-13 22-21-3.23e-13 23-22-6.08e-13 24-23-1.50e-12
 25-24-4.65e-11
  2- 1 1.48e+07  3- 2 7.21e-08  4- 3 1.28e-14  5- 4 6.78e-15  6- 5 1.62e-14  7- 6-4.34e-16  8- 7 6.07e-16
  9- 8 5.15e-15 10- 9 1.74e-14 11-10 7.35e-14 12-11 1.21e-15 13-12 7.08e-16 14-13-6.48e-16 15-14-3.52e-15 16-15-9.02e-15
 17-16-1.88e-14 18-17-3.57e-14 19-18-6.39e-14 20-19-1.10e-13 21-20-1.87e-13 22-21-3.23e-13 23-22-6.08e-13 24-23-1.50e-12
 25-24-4.65e-11

 Old, new He 2 continuum optical depths:
     1 4.23e+01     2 8.92e+02     3 2.07e-05     4 2.07e-05     5 2.07e-05     6 1.12e-05     7 1.12e-05     8 1.12e-05
     9 1.12e-05    10 1.78e-05    11 1.78e-05    12 1.78e-05    13 1.78e-05    14 1.78e-05    15 2.20e-05    16 2.20e-05
    17 2.20e-05    18 2.20e-05    19 2.20e-05    20 2.20e-05    21 1.85e-05    22 1.85e-05    23 1.85e-05    24 1.85e-05
    25 1.85e-05    26 1.85e-05    27 1.85e-05    28 5.67e-06    29 5.67e-06    30 5.67e-06    31 5.67e-06    32 5.67e-06
    33 5.67e-06    34 5.67e-06    35 5.67e-06    36 1.69e-19    37 1.69e-19    38 1.69e-19    39 1.69e-19    40 1.69e-19
    41 1.69e-19    42 1.69e-19    43 1.69e-19    44 1.69e-19    45 2.61e-19    46 2.61e-19    47 2.61e-19    48 2.61e-19
    49 2.61e-19    50 2.61e-19    51 2.61e-19    52 2.61e-19    53 2.61e-19    54 2.61e-19
     1 4.23e+01     2 8.92e+02     3 2.07e-05     4 2.07e-05     5 2.07e-05     6 1.12e-05     7 1.12e-05     8 1.12e-05
     9 1.12e-05    10 1.79e-05    11 1.79e-05    12 1.79e-05    13 1.79e-05    14 1.79e-05    15 2.20e-05    16 2.20e-05
    17 2.20e-05    18 2.20e-05    19 2.20e-05    20 2.20e-05    21 1.85e-05    22 1.85e-05    23 1.85e-05    24 1.85e-05
    25 1.85e-05    26 1.85e-05    27 1.85e-05    28 5.67e-06    29 5.67e-06    30 5.67e-06    31 5.67e-06    32 5.67e-06
    33 5.67e-06    34 5.67e-06    35 5.67e-06    36 1.69e-19    37 1.69e-19    38 1.69e-19    39 1.69e-19    40 1.69e-19
    41 1.69e-19    42 1.69e-19    43 1.69e-19    44 1.69e-19    45 2.61e-19    46 2.61e-19    47 2.61e-19    48 2.61e-19
    49 2.61e-19    50 2.61e-19    51 2.61e-19    52 2.61e-19    53 2.61e-19    54 2.61e-19

 Old, new He 2 mean line optical depths:
  2- 1 0.00e+00  3- 2 0.00e+00  4- 3 0.00e+00  5- 4 0.00e+00  6- 5 0.00e+00  7- 6 0.00e+00  8- 7 0.00e+00
  9- 8 0.00e+00 10- 9 0.00e+00 11-10 0.00e+00 12-11 0.00e+00 13-12 0.00e+00 14-13 0.00e+00 15-14 0.00e+00 16-15 0.00e+00
 17-16 0.00e+00 18-17 0.00e+00 19-18 0.00e+00 20-19 0.00e+00 21-20 0.00e+00 22-21 0.00e+00 23-22 0.00e+00 24-23 0.00e+00
 25-24 0.00e+00
  2- 1 0.00e+00  3- 2 0.00e+00  4- 3 0.00e+00  5- 4 0.00e+00  6- 5 0.00e+00  7- 6 0.00e+00  8- 7 0.00e+00
  9- 8 0.00e+00 10- 9 0.00e+00 11-10 0.00e+00 12-11 0.00e+00 13-12 0.00e+00 14-13 0.00e+00 15-14 0.00e+00 16-15 0.00e+00
 17-16 0.00e+00 18-17 0.00e+00 19-18 0.00e+00 20-19 0.00e+00 21-20 0.00e+00 22-21 0.00e+00 23-22 0.00e+00 24-23 0.00e+00
 25-24 0.00e+00

 Old He Is optical depths:    1 2.80e+02    2 7.35e-06    3 9.31e-06    4 1.04e-05    5 1.04e-05
 New He Is optical depths:    1 2.80e+02    2 7.36e-06    3 9.32e-06    4 1.04e-05    5 1.04e-05
          Old He Is Lines:  584 9.38e+05 3889 4.77e-10 5016 8.13e-16 5876 0.00e+00
          New He Is Lines:  584 9.38e+05 3889 4.77e-10 5016 8.13e-16 5876 0.00e+00

==== H      compounds ====           Log10 column densities [cm^-2]
   H2        : 14.974   H2*       : 11.575   H2+       : 10.603   H3+       :  7.182
==== He     compounds ====
   HeH+      :  9.785
==== Li     compounds ====
   LiH       :  2.410   LiH+      :  0.305
==== C      compounds ====
   CH        : 11.452   CH+       :  9.271   CH2       :  7.112   CH2+      :  5.607   CH3       :  1.052   CH3+      :  1.042
   CH4       : -3.904   CH4+      : -5.673   CH5+      :-10.025   C2        : 10.791   C2+       :  9.496   C2H       :  5.696
   C2H+      :  5.677   C2H2      : -0.606   C2H2+     :  1.726   C2H3+     : -8.425   C3        :  1.023   C3+       :  3.539
   C3H       : -2.202   C3H+      :  0.233
==== N      compounds ====
   NH        : 13.178   NH+       : 12.484   NH2       :  9.175   NH2+      :  8.879   NH3       :  4.839   NH3+      :  4.586
   NH4+      : -1.618   CN        : 12.782   CN+       :  6.999   HCN       :  7.460   HCN+      :  6.409   HNC       :  5.366
   HCNH+     :  2.534   HC3N      : -3.691   N2        : 13.801   N2+       :  9.422   N2H+      :  3.001
==== O      compounds ====
   OH        : 11.409   OH+       : 11.611   H2O       :  6.082   H2O+      :  7.777   H3O+      :  3.671   CO        : 14.461
   CO+       :  7.305   HCO+      :  8.410   H2CO      :  3.081   NO        : 11.758   NO+       : 10.096   HNO       :  5.555
   HNO+      :  5.880   OCN       :  3.991   OCN+      :  7.984   N2O       :  6.727   O2        :  7.062   O2+       : 10.059
   NO2       :  5.359   NO2+      :  4.012
==== F      compounds ====
   HF        : 11.886   HF+       :  3.343   H2F+      :  0.333   CF+       :  8.544
==== Ne     compounds ====
   NeH+      :  8.122
==== Si     compounds ====
   SiH       :  4.388   SiH2+     :  3.181   SiN       :  2.110   SiN+      : 10.300   SiO       :  7.478   SiO+      :  8.775
   SiOH+     :  4.526
==== S      compounds ====
   HS        : 10.651   HS+       :  9.210   CS        :  9.223   CS+       :  8.356   HCS+      :  5.417   NS        :  9.883
   NS+       :  9.535   SO        :  9.421   SO+       :  8.538   OCS       :  3.191   OCS+      :  1.845   SO2       :-35.930
   SiS       : 11.043   S2        :  3.687   S2+       :  2.555
==== Cl     compounds ====
   HCl       :  6.822   HCl+      :  9.669   H2Cl+     :  6.066   CCl       :-12.773   CCl+      :  1.456   H2CCl+    :-15.539
   ClO       :-12.977   ClO+      :-17.447
==== Ar     compounds ====
   ArH+      :  8.199


               1      2      3      4      5      6      7      8      9     10     11     12     13     14     15     16     17

 Hydrogen   20.150 16.945 14.974 (H2)                Log10 Column density (cm^-2)
 Helium     19.150  8.824-30.000
 Lithium     9.101 11.458-30.000-30.000
 Beryllium   9.258  9.279  2.881-30.000-30.000
 Boron       9.226 10.932 -2.235-30.000-30.000-30.000
 Carbon     16.534 14.086  2.653-30.000-30.000-30.000-30.000
 Nitrogen   16.074 12.966 -1.530-30.000-30.000-30.000-30.000-30.000
 Oxygen     16.838 13.540 -6.336-30.000-30.000-30.000-30.000-30.000-30.000
 Fluorine   12.544  7.344 -8.083-30.000-30.000-30.000-30.000-30.000-30.000-30.000
 Neon       16.150  9.787-30.000-30.000-30.000-30.000-30.000-30.000-30.000-30.000-30.000
 Sodium     11.595 14.480 -6.730-30.000-30.000-30.000-30.000-30.000-30.000-30.000-30.000-30.000
 Magnesium  14.428 15.666 11.680-30.000-30.000-30.000-30.000-30.000-30.000-30.000-30.000-30.000-30.000
 Aluminium  11.503 14.619  7.925-30.000-30.000-30.000-30.000-30.000-30.000-30.000-30.000-30.000-30.000-30.000
 Silicon    13.768 15.685 10.688-30.000-30.000-30.000-30.000-30.000-30.000-30.000-30.000-30.000-30.000-30.000-30.000
 Phosphorus 10.702 13.655  4.663-30.000-30.000-30.000-30.000-30.000-30.000-30.000-30.000-30.000-30.000-30.000-30.000-30.000
 Sulphur    15.318 14.715  5.939-30.000-30.000-30.000-30.000-30.000-30.000-30.000-30.000-30.000-30.000-30.000-30.000-30.000-30.000
 Chlorine   11.525 13.426  4.633-30.000-30.000-30.000-30.000-30.000-30.000-30.000-30.000-30.000-30.000-30.000-30.000-30.000-30.000
-30.000
 Argon      14.550 10.143 -0.254-30.000-30.000-30.000-30.000-30.000-30.000-30.000-30.000-30.000-30.000-30.000-30.000-30.000-30.000
-30.000-30.000
 Potassium   9.759 13.270  0.424-30.000-30.000-30.000-30.000-30.000-30.000-30.000-30.000-30.000-30.000-30.000-30.000-30.000-30.000
-30.000-30.000-30.000
 Calcium    12.232 14.504 12.457-30.000-30.000-30.000-30.000-30.000-30.000-30.000-30.000-30.000-30.000-30.000-30.000-30.000-30.000
-30.000-30.000-30.000-30.000
 Scandium    8.796 11.316  9.099-30.000-30.000-30.000-30.000-30.000-30.000-30.000-30.000-30.000-30.000-30.000-30.000-30.000-30.000
-30.000-30.000-30.000-30.000-30.000
 Titanium    9.599 13.171  9.875-30.000-30.000-30.000-30.000-30.000-30.000-30.000-30.000-30.000-30.000-30.000-30.000-30.000-30.000
-30.000-30.000-30.000-30.000-30.000-30.000
 Vanadium   10.159 12.146  7.817-30.000-30.000-30.000-30.000-30.000-30.000-30.000-30.000-30.000-30.000-30.000-30.000-30.000-30.000
-30.000-30.000-30.000-30.000-30.000-30.000-30.000
 Chromium   11.676 13.817 10.079-30.000-30.000-30.000-30.000-30.000-30.000-30.000-30.000-30.000-30.000-30.000-30.000-30.000-30.000
-30.000-30.000-30.000-30.000-30.000-30.000-30.000-30.000
 Manganese  10.060 13.609  9.610-30.000-30.000-30.000-30.000-30.000-30.000-30.000-30.000-30.000-30.000-30.000-30.000-30.000-30.000
-30.000-30.000-30.000-30.000-30.000-30.000-30.000-30.000-30.000
 Iron       12.048 15.600 11.312-30.000-30.000-30.000-30.000-30.000-30.000-30.000-30.000-30.000-30.000-30.000-30.000-30.000-30.000
-30.000-30.000-30.000-30.000-30.000-30.000-30.000-30.000-30.000-30.000
 Cobalt     11.758 13.048  6.707-30.000-30.000-30.000-30.000-30.000-30.000-30.000-30.000-30.000-30.000-30.000-30.000-30.000-30.000
-30.000-30.000-30.000-30.000-30.000-30.000-30.000-30.000-30.000-30.000-30.000
 Nickel     10.969 14.400  2.589-30.000-30.000-30.000-30.000-30.000-30.000-30.000-30.000-30.000-30.000-30.000-30.000-30.000-30.000
-30.000-30.000-30.000-30.000-30.000-30.000-30.000-30.000-30.000-30.000-30.000-30.000
 Copper     11.392 12.310  1.762-30.000-30.000-30.000-30.000-30.000-30.000-30.000-30.000-30.000-30.000-30.000-30.000-30.000-30.000
-30.000-30.000-30.000-30.000-30.000-30.000-30.000-30.000-30.000-30.000-30.000-30.000-30.000
 Zinc       12.034 12.657  6.096-30.000-30.000-30.000-30.000-30.000-30.000-30.000-30.000-30.000-30.000-30.000-30.000-30.000-30.000
-30.000-30.000-30.000-30.000-30.000-30.000-30.000-30.000-30.000-30.000-30.000-30.000-30.000-30.000
 Exc state                  He[2]  3.662                 C+[2] 12.934                  C[1] 16.006                  C[2] 16.241
                             C[3] 15.822                  O[1] 16.838                  O[2] 13.638                  O[3] 13.657
                           Si+[1] 15.685                C+2[2] -1.881                C+2[3]-11.432                C+2[4] -6.951


 Hydrogen   -0.000 -3.205 -4.875 (H2)                 Log10 Mean Ionisation (over radius)
 Helium      0.000-10.326
 Lithium    -2.359 -0.002
 Beryllium  -0.312 -0.291 -6.689
 Boron      -1.714 -0.008-13.175
 Carbon     -0.005 -2.453-13.886
 Nitrogen   -0.006 -3.114-17.610
 Oxygen     -0.002 -3.300-23.176
 Fluorine   -0.086 -5.286-20.713
 Neon       -0.000 -6.363
 Sodium     -2.885 -0.001-21.211
 Magnesium  -1.263 -0.024 -4.010
 Aluminium  -3.117 -0.000 -6.695
 Silicon    -1.922 -0.005 -5.002
 Phosphorus -2.953 -0.000 -8.992
 Sulphur    -0.097 -0.700 -9.476
 Chlorine   -1.906 -0.006 -8.798
 Argon      -0.000 -4.407-14.804
 Potassium  -3.511 -0.000-12.847
 Calcium    -2.278 -0.006 -2.053
 Scandium   -2.525 -0.004 -2.222
 Titanium   -3.573 -0.000 -3.296
 Vanadium   -1.991 -0.004 -4.333
 Chromium   -2.144 -0.003 -3.742
 Manganese  -3.550 -0.000 -3.999
 Iron       -3.552 -0.000 -4.288
 Cobalt     -1.312 -0.022 -6.363
 Nickel     -3.432 -0.000-11.811
 Copper     -0.968 -0.050-10.598
 Zinc       -0.716 -0.093 -6.654

               1      2      3      4      5      6      7      8      9     10     11     12     13     14     15     16     17

 Hydrogen   -0.000 -3.204 -4.874 (H2)         Log10 Mean Ionisation (over radius*electron density)
 Helium      0.000-10.323
 Lithium    -2.361 -0.002
 Beryllium  -0.317 -0.285 -6.684
 Boron      -1.736 -0.008-13.175
 Carbon     -0.005 -2.452-13.885
 Nitrogen   -0.006 -3.113-17.607
 Oxygen     -0.002 -3.300-23.175
 Fluorine   -0.085 -5.284-20.711
 Neon       -0.000 -6.363
 Sodium     -2.885 -0.001-21.210
 Magnesium  -1.263 -0.024 -4.010
 Aluminium  -3.118 -0.000 -6.694
 Silicon    -1.942 -0.005 -5.002
 Phosphorus -2.953 -0.000 -8.992
 Sulphur    -0.097 -0.698 -9.473
 Chlorine   -1.906 -0.006 -8.797
 Argon      -0.000 -4.407-14.801
 Potassium  -3.511 -0.000-12.846
 Calcium    -2.281 -0.006 -2.053
 Scandium   -2.527 -0.004 -2.222
 Titanium   -3.573 -0.000 -3.296
 Vanadium   -1.991 -0.004 -4.333
 Chromium   -2.151 -0.003 -3.741
 Manganese  -3.550 -0.000 -3.998
 Iron       -3.552 -0.000 -4.288
 Cobalt     -1.317 -0.021 -6.362
 Nickel     -3.432 -0.000-11.811
 Copper     -0.972 -0.049-10.597
 Zinc       -0.725 -0.091 -6.652

               1      2      3      4      5      6      7      8      9     10     11     12     13     14     15     16     17

 Hydrogen    4.000  4.000  4.000 (H2)                  Log10 Mean Temperature (over radius)
 Helium      4.000  4.000
 Lithium     4.000  4.000
 Beryllium   4.000  4.000  4.000
 Boron       4.000  4.000  4.000
 Carbon      4.000  4.000  4.000
 Nitrogen    4.000  4.000  4.000
 Oxygen      4.000  4.000  4.000
 Fluorine    4.000  4.000  4.000
 Neon        4.000  4.000
 Sodium      4.000  4.000  4.000
 Magnesium   4.000  4.000  4.000
 Aluminium   4.000  4.000  4.000
 Silicon     4.000  4.000  4.000
 Phosphorus  4.000  4.000  4.000
 Sulphur     4.000  4.000  4.000
 Chlorine    4.000  4.000  4.000
 Argon       4.000  4.000  4.000
 Potassium   4.000  4.000  4.000
 Calcium     4.000  4.000  4.000
 Scandium    4.000  4.000  4.000
 Titanium    4.000  4.000  4.000
 Vanadium    4.000  4.000  4.000
 Chromium    4.000  4.000  4.000
 Manganese   4.000  4.000  4.000
 Iron        4.000  4.000  4.000
 Cobalt      4.000  4.000  4.000
 Nickel      4.000  4.000  4.000
 Copper      4.000  4.000  4.000
 Zinc        4.000  4.000  4.000

               1      2      3      4      5      6      7      8      9     10     11     12     13     14     15     16     17

 Hydrogen    4.000  4.000  4.000 (H2)          Log10 Mean Temperature (over radius*electron density)
 Helium      4.000  4.000
 Lithium     4.000  4.000
 Beryllium   4.000  4.000  4.000
 Boron       4.000  4.000  4.000
 Carbon      4.000  4.000  4.000
 Nitrogen    4.000  4.000  4.000
 Oxygen      4.000  4.000  4.000
 Fluorine    4.000  4.000  4.000
 Neon        4.000  4.000
 Sodium      4.000  4.000  4.000
 Magnesium   4.000  4.000  4.000
 Aluminium   4.000  4.000  4.000
 Silicon     4.000  4.000  4.000
 Phosphorus  4.000  4.000  4.000
 Sulphur     4.000  4.000  4.000
 Chlorine    4.000  4.000  4.000
 Argon       4.000  4.000  4.000
 Potassium   4.000  4.000  4.000
 Calcium     4.000  4.000  4.000
 Scandium    4.000  4.000  4.000
 Titanium    4.000  4.000  4.000
 Vanadium    4.000  4.000  4.000
 Chromium    4.000  4.000  4.000
 Manganese   4.000  4.000  4.000
 Iron        4.000  4.000  4.000
 Cobalt      4.000  4.000  4.000
 Nickel      4.000  4.000  4.000
 Copper      4.000  4.000  4.000
 Zinc        4.000  4.000  4.000

               1      2      3      4      5      6      7      8      9     10     11     12     13     14     15     16     17
IC443 grid point v shock=24 km/s  

---------------Convergence statistics---------------
      2.37 mean iterations/state convergence
         3 mean cx acceleration loops/iteration
      1.09 mean iso convergence loops/ion solve
      1.03 mean steps/chemistry solve
      1.02 mean step length searches/chemistry step
----------------------------------------------------

 Cloudy ends: 238 zones, 2 iterations. (single thread) ExecTime(s) 42.22
 [Stop in cdMain at maincl.cpp:593, Cloudy exited OK]
