                                                          Cloudy 23.01
                                                         www.nublado.org

                                                  PRNG seed: 0x35354cc14b4cacee

                       **************************************23Jul25**************************************
                       *                                                                                 *
                       * title IC443 grid point v shock=28 km/s                                          *
                       * hden 2.0181                                                                     *
                       * constant temperature, t=10000 K linear                                          *
                       * stop column density 20.29                                                       *
                       * iterate                                                                         *
                       * save results last "v28.rlt"                                                     *
                       *                                                                                 *
                       ***********************************************************************************



 NOTE Setcon: continuum has zero intensity starting at  3.0447e-09 Ryd.
  9244 cells in the incident continuum have zero intensity.  Problems???

 NOTE There is no hydrogen-ionizing radiation.
 Was this intended?

 NOTE There is no Balmer continuum radiation.<<<<
 Was this intended?

           9244CellPeak3.04E-09   Lo 3.04e-09=  29.98m   Hi-Con:7.13E+06 Ryd   E(hi):7.35E+06Ryd     E(hi):     100.00 MeV
           I(nu>1ryd):   0.0000   Average nu:0.000E+00   I( X-ray):   0.0000   I(BalC): -30.0000     Phi(BalmrC): -30.0000
           phi(1.0-1.8): 0.0000   phi(1.8-4.0):  0.000   phi(4.0-20):  0.000   phi(20--):  0.000     Ion pht flx:0.000E+00
           I(gam ray):   0.0000   phi(gam r):   0.0000   I(Infred):   0.0000   Alf(ox):   0.0000     Total inten: -35.9298
           U(1.0----):0.000E+00   U(4.0----):0.000E+00   T(En-Den):0.000E+00   T(Comp):0.000E+00     nuJnu(912A):0.000E+00
           Occ(FarIR):0.000E+00   Occ(H n=6):0.000E+00   Occ(1Ryd):0.000E+00   Occ(4R):0.000E+00     Occ (Nu-hi):0.000E+00
           Tbr(FarIR):0.000E+00   Tbr(H n=6):0.000E+00   Tbr(1Ryd):0.000E+00   Tbr(4R):0.000E+00     Tbr (Nu-hi):0.000E+00
  
                                                  Gas Phase Chemical Composition
        H :  0.0000  He: -1.0000  Li: -8.6904  Be:-10.5800  B : -9.2097  C : -3.6108  N : -4.0701  O : -3.3098  F : -7.5200
        Ne: -4.0000  Na: -5.6696  Mg: -4.4597  Al: -5.5302  Si: -4.4597  P : -6.4949  S : -4.7352  Cl: -6.7190  Ar: -5.6003
        K : -6.8794  Ca: -5.6402  Sc: -8.8297  Ti: -6.9788  V : -8.0000  Cr: -6.3298  Mn: -6.5406  Fe: -4.5498  Co: -7.0799
                                               Ni: -5.7496  Cu: -7.7905  Zn: -7.4001
 
 ####  1  Te:1.000E+04 Hden:1.043E+02 Ne:5.769E-02 R:1.000E+30 R-R0:1.134E+12 dR:2.268E+12 NTR:  1 Htot:4.726E-27 T912: 1.50e-03###
 Hydrogen      1.00e+00 4.65e-04 H+o/Hden 1.00e+00 3.09e-09 H-    H2 5.34e-06 1.85e-10 H2+ HeH+ 2.82e-11 Ho+ ColD 2.36e+14 1.10e+11
 Helium        1.00e+00 2.09e-12 0.00e+00 HeI 2s3S 3.57e-16 Comp H,C 0.00e+00 0.00e+00 Fill Fac 1.00e+00 Gam1/tot 5.03e-09
 He singlet n  1.00e+00 1.82e-22 1.09e-30 8.31e-30 1.19e-31 1.05e-30 He tripl 3.57e-16 2.14e-28 1.38e-29 1.33e-29 5.88e-31
 Pressure      NgasTgas 1.15e+06 P(total) 1.59e-10 P( gas ) 1.59e-10 P(Radtn) 0.00e+00 Rad accl 0.00e+00 ForceMul 0.00e+00
 Texc(La)      2.25e+03 T(I con) 0.00e+00 T(D con) 3.64e-02 T(U tot) 3.64e-02 nT (c+d) 8.80e+03 Prad/Gas 0.00e+00 Pmag/Gas 0.00e+00
 Molecules     CH/Ctot: 2.66e-06 CH+/Ctot 2.46e-08 CO/Ctot: 5.95e-01 CO+/Ctot 2.82e-08 H2O/Otot 8.44e-12 OH/Ototl 2.11e-06
 Lithium       6.12e-03 9.94e-01 0.00e+00 0.00e+00 Berylliu 9.51e-01 4.92e-02 1.60e-08 0.00e+00 0.00e+00 sec ion: 0.00e+00
 Boron         4.69e-01 5.31e-01 2.89e-14 0.00e+00 0.00e+00 0.00e+00
 Carbon        3.99e-01 5.75e-03 1.59e-14 0.00e+00 0.00e+00 0.00e+00 0.00e+00 H2O+/O   7.76e-10 OH+/Otot 4.98e-06 Hex(tot) 0.00e+00
 Nitrogen      9.61e-01 5.07e-04 7.20e-20 0.00e+00 0.00e+00 0.00e+00 0.00e+00 0.00e+00 O2/Ototl 9.18e-11 O2+/Otot 1.31e-07
 Oxygen        7.02e-01 2.64e-04 2.80e-24 0.00e+00 0.00e+00 0.00e+00 0.00e+00 0.00e+00 0.00e+00
 Fluorine      7.74e-01 4.90e-06 1.55e-21 0.00e+00 0.00e+00 0.00e+00 0.00e+00 0.00e+00 0.00e+00 0.00e+00
 Neon          1.00e+00 4.51e-07 0.00e+00 0.00e+00 0.00e+00 0.00e+00 0.00e+00 0.00e+00 0.00e+00 0.00e+00 0.00e+00
 Sodium        1.27e-03 9.99e-01 5.04e-22 0.00e+00 0.00e+00 0.00e+00 0.00e+00 0.00e+00 0.00e+00 0.00e+00 0.00e+00 0.00e+00
 Magnesium     6.04e-02 9.40e-01 7.27e-05 0.00e+00 0.00e+00 0.00e+00 0.00e+00 0.00e+00 0.00e+00 0.00e+00 0.00e+00 0.00e+00 0.00e+00
 Aluminium  0  8.93e-04 9.99e-01 1.78e-07 0.00e+00 0.00e+00 0.00e+00 0.00e+00 0.00e+00 0.00e+00 0.00e+00 0.00e+00 0.00e+00 0.00e+00
 Silicon    0  1.09e-01 3.91e-01 2.94e-06 0.00e+00 0.00e+00 0.00e+00 0.00e+00 0.00e+00 0.00e+00 0.00e+00 0.00e+00 0.00e+00 0.00e+00
 Phosphorus 0  1.14e-03 9.99e-01 8.14e-10 0.00e+00 0.00e+00 0.00e+00 0.00e+00 0.00e+00 0.00e+00 0.00e+00 0.00e+00 0.00e+00 0.00e+00
 Sulphur    0  5.02e-02 7.99e-03 1.00e-12 0.00e+00 0.00e+00 0.00e+00 0.00e+00 0.00e+00 0.00e+00 0.00e+00 0.00e+00 0.00e+00 0.00e+00
 Chlorine   0  1.32e-02 9.87e-01 1.38e-09 0.00e+00 0.00e+00 0.00e+00 0.00e+00 0.00e+00 0.00e+00 0.00e+00 0.00e+00 0.00e+00 0.00e+00
 Argon      0  1.00e+00 2.49e-05 4.43e-17 0.00e+00 0.00e+00 0.00e+00 0.00e+00 0.00e+00 0.00e+00 0.00e+00 0.00e+00 0.00e+00 0.00e+00
 Potassium  0  3.03e-04 1.00e+00 1.19e-13 0.00e+00 0.00e+00 0.00e+00 0.00e+00 0.00e+00 0.00e+00 0.00e+00 0.00e+00 0.00e+00 0.00e+00
 Calcium    0  7.67e-03 9.83e-01 9.30e-03 0.00e+00 0.00e+00 0.00e+00 0.00e+00 0.00e+00 0.00e+00 0.00e+00 0.00e+00 0.00e+00 0.00e+00
 Scandium   0  3.86e-03 9.90e-01 6.36e-03 0.00e+00 0.00e+00 0.00e+00 0.00e+00 0.00e+00 0.00e+00 0.00e+00 0.00e+00 0.00e+00 0.00e+00
 Titanium   0  2.75e-04 9.99e-01 5.36e-04 0.00e+00 0.00e+00 0.00e+00 0.00e+00 0.00e+00 0.00e+00 0.00e+00 0.00e+00 0.00e+00 0.00e+00
 Vanadium   0  1.01e-02 9.90e-01 4.00e-05 0.00e+00 0.00e+00 0.00e+00 0.00e+00 0.00e+00 0.00e+00 0.00e+00 0.00e+00 0.00e+00 0.00e+00
 Chromium   0  1.63e-02 9.84e-01 1.34e-04 0.00e+00 0.00e+00 0.00e+00 0.00e+00 0.00e+00 0.00e+00 0.00e+00 0.00e+00 0.00e+00 0.00e+00
 Manganese  0  2.89e-04 1.00e+00 7.48e-05 0.00e+00 0.00e+00 0.00e+00 0.00e+00 0.00e+00 0.00e+00 0.00e+00 0.00e+00 0.00e+00 0.00e+00
 Iron       0  2.88e-04 1.00e+00 3.84e-05 0.00e+00 0.00e+00 0.00e+00 0.00e+00 0.00e+00 0.00e+00 0.00e+00 0.00e+00 0.00e+00 0.00e+00
 Cobalt     0  8.96e-02 9.10e-01 3.09e-07 0.00e+00 0.00e+00 0.00e+00 0.00e+00 0.00e+00 0.00e+00 0.00e+00 0.00e+00 0.00e+00 0.00e+00
 Nickel     0  3.80e-04 1.00e+00 1.23e-12 0.00e+00 0.00e+00 0.00e+00 0.00e+00 0.00e+00 0.00e+00 0.00e+00 0.00e+00 0.00e+00 0.00e+00
 Copper     0  1.91e-01 8.09e-01 1.81e-11 0.00e+00 0.00e+00 0.00e+00 0.00e+00 0.00e+00 0.00e+00 0.00e+00 0.00e+00 0.00e+00 0.00e+00
 Zinc       0  5.68e-01 4.32e-01 9.78e-08 0.00e+00 0.00e+00 0.00e+00 0.00e+00 0.00e+00 0.00e+00 0.00e+00 0.00e+00 0.00e+00 0.00e+00
 ####240  Te:1.000E+04 Hden:1.043E+02 Ne:8.200E-02 R:1.000E+30 R-R0:1.865E+18 dR:9.736E+15 NTR:  1 Htot:9.039E-27 T912: 1.24e+03###
 Hydrogen      9.99e-01 6.75e-04 H+o/Hden 1.00e+00 4.70e-09 H-    H2 6.73e-06 3.08e-10 H2+ HeH+ 4.68e-11 Ho+ ColD 1.95e+20 1.22e+17
 Helium        1.00e+00 5.84e-11 0.00e+00 HeI 2s3S 4.73e-16 Comp H,C 3.35e-35 1.05e-34 Fill Fac 1.00e+00 Gam1/tot 8.98e-05
 He singlet n  1.00e+00 2.69e-22 6.88e-28 1.13e-29 6.48e-30 1.40e-30 He tripl 4.73e-16 2.83e-28 1.82e-29 1.76e-29 7.95e-31
 Pressure      NgasTgas 1.15e+06 P(total) 1.59e-10 P( gas ) 1.59e-10 P(Radtn) 1.78e-14 Rad accl 2.12e-12 ForceMul 1.01e+06
 Texc(La)      3.10e+03 T(I con) 0.00e+00 T(D con) 1.06e+00 T(U tot) 1.06e+00 nT (c+d) 2.56e+05 Prad/Gas 1.12e-04 Pmag/Gas 0.00e+00
 Molecules     CH/Ctot: 8.33e-06 CH+/Ctot 5.27e-08 CO/Ctot: 3.04e-04 CO+/Ctot 5.76e-11 H2O/Otot 1.76e-11 OH/Ototl 3.76e-06
 Lithium       2.65e-03 9.97e-01 0.00e+00 0.00e+00 Berylliu 1.90e-01 8.10e-01 3.37e-07 0.00e+00 0.00e+00 sec ion: 0.00e+00
 Boron         1.66e-03 9.98e-01 7.18e-14 0.00e+00 0.00e+00 0.00e+00
 Carbon        9.96e-01 3.93e-03 1.53e-14 0.00e+00 0.00e+00 0.00e+00 0.00e+00 H2O+/O   7.70e-10 OH+/Otot 5.57e-06 Hex(tot) 0.00e+00
 Nitrogen      9.94e-01 8.39e-04 3.28e-18 0.00e+00 0.00e+00 0.00e+00 0.00e+00 0.00e+00 O2/Ototl 1.54e-10 O2+/Otot 1.46e-07
 Oxygen        9.99e-01 5.44e-04 7.65e-24 0.00e+00 0.00e+00 0.00e+00 0.00e+00 0.00e+00 0.00e+00
 Fluorine      9.31e-01 6.08e-06 2.36e-21 0.00e+00 0.00e+00 0.00e+00 0.00e+00 0.00e+00 0.00e+00 0.00e+00
 Neon          1.00e+00 4.05e-07 0.00e+00 0.00e+00 0.00e+00 0.00e+00 0.00e+00 0.00e+00 0.00e+00 0.00e+00 0.00e+00
 Sodium        1.39e-03 9.99e-01 6.47e-22 0.00e+00 0.00e+00 0.00e+00 0.00e+00 0.00e+00 0.00e+00 0.00e+00 0.00e+00 0.00e+00
 Magnesium     4.87e-02 9.51e-01 1.06e-04 0.00e+00 0.00e+00 0.00e+00 0.00e+00 0.00e+00 0.00e+00 0.00e+00 0.00e+00 0.00e+00 0.00e+00
 Aluminium  0  5.94e-04 9.99e-01 2.08e-07 0.00e+00 0.00e+00 0.00e+00 0.00e+00 0.00e+00 0.00e+00 0.00e+00 0.00e+00 0.00e+00 0.00e+00
 Silicon    0  1.17e-03 9.99e-01 1.09e-05 0.00e+00 0.00e+00 0.00e+00 0.00e+00 0.00e+00 0.00e+00 0.00e+00 0.00e+00 0.00e+00 0.00e+00
 Phosphorus 0  1.13e-03 9.99e-01 1.08e-09 0.00e+00 0.00e+00 0.00e+00 0.00e+00 0.00e+00 0.00e+00 0.00e+00 0.00e+00 0.00e+00 0.00e+00
 Sulphur    0  7.49e-01 2.51e-01 4.67e-10 0.00e+00 0.00e+00 0.00e+00 0.00e+00 0.00e+00 0.00e+00 0.00e+00 0.00e+00 0.00e+00 0.00e+00
 Chlorine   0  1.17e-02 9.88e-01 1.65e-09 0.00e+00 0.00e+00 0.00e+00 0.00e+00 0.00e+00 0.00e+00 0.00e+00 0.00e+00 0.00e+00 0.00e+00
 Argon      0  1.00e+00 4.10e-05 2.03e-15 0.00e+00 0.00e+00 0.00e+00 0.00e+00 0.00e+00 0.00e+00 0.00e+00 0.00e+00 0.00e+00 0.00e+00
 Potassium  0  3.24e-04 1.00e+00 1.49e-13 0.00e+00 0.00e+00 0.00e+00 0.00e+00 0.00e+00 0.00e+00 0.00e+00 0.00e+00 0.00e+00 0.00e+00
 Calcium    0  2.98e-03 9.88e-01 8.82e-03 0.00e+00 0.00e+00 0.00e+00 0.00e+00 0.00e+00 0.00e+00 0.00e+00 0.00e+00 0.00e+00 0.00e+00
 Scandium   0  1.92e-03 9.92e-01 5.97e-03 0.00e+00 0.00e+00 0.00e+00 0.00e+00 0.00e+00 0.00e+00 0.00e+00 0.00e+00 0.00e+00 0.00e+00
 Titanium   0  2.70e-04 9.99e-01 5.00e-04 0.00e+00 0.00e+00 0.00e+00 0.00e+00 0.00e+00 0.00e+00 0.00e+00 0.00e+00 0.00e+00 0.00e+00
 Vanadium   0  9.98e-03 9.90e-01 4.82e-05 0.00e+00 0.00e+00 0.00e+00 0.00e+00 0.00e+00 0.00e+00 0.00e+00 0.00e+00 0.00e+00 0.00e+00
 Chromium   0  2.44e-03 9.97e-01 1.97e-04 0.00e+00 0.00e+00 0.00e+00 0.00e+00 0.00e+00 0.00e+00 0.00e+00 0.00e+00 0.00e+00 0.00e+00
 Manganese  0  2.87e-04 1.00e+00 1.08e-04 0.00e+00 0.00e+00 0.00e+00 0.00e+00 0.00e+00 0.00e+00 0.00e+00 0.00e+00 0.00e+00 0.00e+00
 Iron       0  2.78e-04 1.00e+00 5.57e-05 0.00e+00 0.00e+00 0.00e+00 0.00e+00 0.00e+00 0.00e+00 0.00e+00 0.00e+00 0.00e+00 0.00e+00
 Cobalt     0  2.09e-02 9.79e-01 4.82e-07 0.00e+00 0.00e+00 0.00e+00 0.00e+00 0.00e+00 0.00e+00 0.00e+00 0.00e+00 0.00e+00 0.00e+00
 Nickel     0  3.70e-04 1.00e+00 1.63e-12 0.00e+00 0.00e+00 0.00e+00 0.00e+00 0.00e+00 0.00e+00 0.00e+00 0.00e+00 0.00e+00 0.00e+00
 Copper     0  4.82e-02 9.52e-01 2.85e-11 0.00e+00 0.00e+00 0.00e+00 0.00e+00 0.00e+00 0.00e+00 0.00e+00 0.00e+00 0.00e+00 0.00e+00
 Zinc       0  5.02e-02 9.50e-01 2.73e-07 0.00e+00 0.00e+00 0.00e+00 0.00e+00 0.00e+00 0.00e+00 0.00e+00 0.00e+00 0.00e+00 0.00e+00
   IC443 grid point v shock=28 km/s  
   Calculation stopped because H column dens reached. Iteration 1 of 2
   The geometry is plane-parallel.
  !Ionization rate fell below background cosmic ray ionization rate.  Should this be added too?
  !   Use the COSMIC RAY BACKGROUND command.
  !Compton cooling rate underflows to zero.  Is this important?
  !Some input lines contained underscores, these were changed to spaces.
  !There is no hydrogen-ionizing radiation.  Was this intended?
  !Thermal collisional ionization of H reached 82.23% of the local ionization rate.
  !Charge transfer H => H+ reached 84958.1% of the local H ionization rate.
  !Charge transfer heating reached 102.05% of the local heating.
  !Continuum zero at some energies.
  !AGE: Cloud age was not set.  Longest timescale was 7.19e+13 s = 2.28e+06 years.
  !Heating - cooling mismatch =200.0%. Caused by constant temperature assumption. 
  !Mutual neutralization production of H-alpha was significant.
  !Incident radiation field energy density is less than 2.7K.  Add background with CMB command.
  !The CMB was not included.  This is added with the CMB command.
  !The intensity of the incident radiation field is less than 10 times the Habing diffuse ISM field.  Is this OK?
  !   Consider adding diffuse ISM emission with TABLE ISM command.
  !An ionization jump occurred elem S  1, by 190% from 5.02e-02 (zone 1) to 3.41e-01 (zone 2) to 6.47e-01 (zone 3)
   H2 deexec cooling reached 0.55% of the local heating.
   The density is too low to l-mix the lowest H  I collapsed level.  More resolved levels are needed for accurate line ratios.
   The density is too low to l-mix the lowest He I collapsed level.  More resolved levels are needed for accurate line ratios.
   Grains were not present but might survive in this environment (energy density temperature was 0.00e+00K)
   The local H2 cooling rate reached 4.2% of the local cooling.
   H- absorption heating was 13.0% of the total.
   The fraction of N in NH reached 0.117% at some point in the cloud.
   The fraction of N in N2 reached 0.380% at some point in the cloud.
   The fraction of F in HF reached 6.91% at some point in the cloud.

                       *********************************> Cloudy 23.01 <**********************************
                       * title IC443 grid point v shock=28 km/s                                          *
                       * hden 2.0181                                                                     *
                       * constant temperature, t=10000 K linear                                          *
                       * stop column density 20.29                                                       *
                       * iterate                                                                         *
                       * save results last "v28.rlt"                                                     *
                       *********************************> Log(U):-37.00 <*********************************

                     Emission Line Spectrum.   Constant  Density Model.    Open geometry.  Iteration 1 of 2.
                                                     Intensity (erg/s/cm^2).


                                                   Intrinsic line intensities
general properties.............................      Ca 1                6439.08A   -8.949    0.0115      Fe 2                5060.09A   -9.685    0.0021
TotH                      0    -7.851    0.1447      Ca 1                6462.57A   -9.159    0.0071      Fe 2                4576.40A   -9.937    0.0012
TotC                      0    -3.200 6478.2979      Ca 1                6471.66A   -9.999    0.0010      Fe 2                1.34608m   -9.984    0.0011
TotM                      0    -8.545    0.0293      Ca 1                6493.78A   -9.353    0.0046      Fe 2                1.11648m   -9.801    0.0016
CT H                      0    -8.029    0.0961      Cl 1                11.3303m   -8.262    0.0561      Fe 2                5048.19A   -9.651    0.0023
H FB                      0    -8.371    0.0437      Co 2                9335.96A   -9.156    0.0072      Fe 2                1.71482m   -9.236    0.0060
HFBc                      0    -8.371    0.0437      Co 2                9639.13A   -9.594    0.0026      Fe 2                9949.21A   -9.568    0.0028
H  1c                     0    -4.105  806.0852      Co 2                10.5199m   -7.990    0.1050      Fe 2                7975.22A   -9.750    0.0018
NOc                       0    -9.355    0.0045      Co 2                15.4548m   -8.876    0.0137      Fe 2                1.47063m  -10.006    0.0010
CNc                       0    -8.179    0.0679      Co 2                2.98382m   -7.476    0.3430      Fe 2                1.01273m   -9.682    0.0021
OHc                       0    -9.185    0.0067      Co 2                14.7345m   -8.521    0.0309      Fe 2                6353.11A   -9.802    0.0016
HFc                       0    -8.914    0.0125      Co 2                18.7989m   -9.040    0.0094      Fe 2                1.80228m   -9.903    0.0013
COc                       0    -5.491   33.1324      Co 2                25.6819m   -9.728    0.0019      Fe 2                1.00387m   -9.831    0.0015
^13COc                    0    -7.011    1.0010      Co 2                1.01879m   -8.207    0.0637      Fe 2                9469.41A   -9.715    0.0020
SiOc                      0    -9.352    0.0046      Co 2                1.12804m   -9.178    0.0068      Fe 2                9384.77A   -9.205    0.0064
SiSc                      0    -9.449    0.0037      Co 2                1.54700m   -8.453    0.0362      Fe 2                2.39329m   -9.255    0.0057
OH+c                      0    -9.103    0.0081      Co 2                1.72847m   -9.449    0.0037      Fe 2                4825.73A   -8.713    0.0199
CHc                       0    -9.338    0.0047      Co 2                1.90349m   -9.288    0.0053      Fe 2                2.50030m   -9.593    0.0026
CHc                       0    -8.928    0.0121      Co 2                1.02452m   -9.012    0.0100      Fe 2                4867.73A   -9.755    0.0018
Al 1c                     0    -9.711    0.0020      Co 2                1.09726m   -9.640    0.0024      Fe 2                2.59860m   -9.975    0.0011
C  1c                     0    -4.351  457.3391      Co 2                1.49674m   -9.876    0.0014      Fe 2                4903.85A   -9.207    0.0064
C  2c                     0    -6.329    4.8067      Co 2                1.62622m   -9.864    0.0014      Fe 2                1.04657m  -10.008    0.0010
Ca 1c                     0    -7.875    0.1368      Co 2                1.73616m   -9.570    0.0028      Fe 2                3.58120m   -9.600    0.0026
Cl 1c                     0    -8.262    0.0561      Co 2                1.02803m   -9.609    0.0025      Fe 2                3.15558m   -9.630    0.0024
Co 2c                     0    -7.127    0.7666      Co 2                8580.39A   -9.665    0.0022      Fe 2                5171.63A   -9.015    0.0099
Cr 2c                     0    -6.691    2.0909      Co 2                9342.40A   -8.361    0.0447      Fe 2                5169.03A   -8.234    0.0599
Cu 1c                     0    -9.741    0.0019      Co 2                9943.48A   -8.708    0.0201      Fe 2                5018.44A   -9.966    0.0011
Fe 1c                     0    -7.544    0.2935      Co 2                7539.01A   -9.030    0.0096      Fe 2                6044.54A   -9.459    0.0036
Fe 2c                     0    -4.386  421.9921      Co 2                8121.00A   -8.742    0.0186      Fe 2                5316.61A   -9.932    0.0012
Fe 3c                     0    -9.240    0.0059      Co 2                8571.41A   -9.349    0.0046      Fe 3                22.9190m   -9.957    0.0011
K  1c                     0    -9.672    0.0022      Co 2                6.21176m   -9.991    0.0010      Fe 3                4985.87A   -9.818    0.0016
Mg 1c                     0    -5.941   11.7529      Co 2                8027.34A   -9.208    0.0064      K  1                7664.90A   -9.849    0.0015
Mn 2c                     0    -7.083    0.8480      Co 2                8467.14A   -9.621    0.0025      Mg 1                2025.82A   -8.818    0.0156
N  1c                     0    -5.300   51.4192      Co 2                8333.76A   -9.389    0.0042      Mg 1                2852.13A   -6.457    3.5872
Na 1c                     0    -8.336    0.0473      Cr 2                8000.08A   -7.194    0.6563      Mg 1                3832.30A   -9.528    0.0030
Ni 1c                     0    -8.600    0.0258      Cr 2                8125.30A   -7.268    0.5536      Mg 1                3838.29A   -9.111    0.0079
O  1c                     0    -3.603 2562.6218      Cr 2                8229.67A   -7.362    0.4456      Mg 1                3838.29A  -10.006    0.0010
O  2c                     0    -7.788    0.1672      Cr 2                8308.49A   -7.550    0.2895      Mg 1                4562.60A   -6.262    5.6134
P  2c                     0    -6.372    4.3625      Cr 2                8357.64A   -7.847    0.1459      Mg 1                4571.10A   -6.701    2.0456
S  1c                     0    -6.221    6.1677      Cu 1                3247.54A   -9.911    0.0013      Mg 1                4575.29A   -7.628    0.2414
S  2c                     0    -5.405   40.3722      Fe 1                24.0358m   -7.643    0.2333      Mg 1                5167.32A   -8.787    0.0168
Sc 2c                     0    -8.411    0.0398      Fe 1                34.7038m   -8.232    0.0602      Mg 1                5172.68A   -8.313    0.0499
Si 1c                     0    -7.831    0.1514      Fe 2                25.9813m   -5.559   28.3154      Mg 1                5183.60A   -8.092    0.0830
Si 2c                     0    -3.848 1457.6936      Fe 2                5.33871m   -5.037   94.2584      Mg 1                8806.76A   -8.373    0.0435
Zn 2c                     0    -8.729    0.0192      Fe 2                4.11387m   -7.399    0.4091      Mg 1                1.18282m   -8.552    0.0288
Al 2c                     0    -6.208    6.3627      Fe 2                1.25668m   -6.308    5.0457      Mg 1                1.50250m   -9.353    0.0046
Ca 2c                     0    -4.941  117.6258      Fe 2                1.19129m   -9.093    0.0083      Mg 1                1.50402m   -9.798    0.0016
Cl 2c                     0    -6.765    1.7640      Fe 2                6309.53A   -9.939    0.0012      Mg 1                1.71087m   -9.093    0.0083
Mg 2c                     0    -4.710  199.9802      Fe 2                4799.30A   -9.837    0.0015      Mn 2                2576.10A   -7.465    0.3518
N  2c                     0    -7.945    0.1164      Fe 2                4704.22A   -9.061    0.0089      Mn 2                2593.72A   -7.559    0.2837
Ni 2c                     0    -5.747   18.3956      Fe 2                4632.28A   -7.268    0.5533      Mn 2                2605.68A   -7.699    0.2055
continua.......................................      Fe 2                4604.48A   -9.052    0.0091      Mn 2                3438.97A   -9.257    0.0057
Bac                 3646.00A   -7.647    0.2314      Fe 2                4416.27A   -7.250    0.5775      Mn 2                3460.03A   -9.867    0.0014
nFnu                3645.00A   -5.096   82.2430      Fe 2                4382.74A   -8.219    0.0619      N  1                1134.17A   -9.914    0.0013
nFnu                3647.00A   -5.097   82.0117      Fe 2                4287.39A   -6.287    5.2993      N  1                1134.41A   -9.666    0.0022
cout                3646.00A   -7.948    0.1157      Fe 2                3931.44A   -9.882    0.0013      N  1                1134.98A   -9.535    0.0030
cref                3646.00A   -7.948    0.1157      Fe 2                3874.07A   -9.513    0.0032      N  1                1199.55A   -9.171    0.0069
thin                3646.00A   -7.647    0.2313      Fe 2                3175.38A   -8.098    0.0818      N  1                1200.22A   -9.343    0.0047
Ba C                      0    -8.403    0.0406      Fe 2                2599.40A   -8.255    0.0571      N  1                1200.71A   -9.645    0.0023
PA C                      0    -8.820    0.0156      Fe 2                2585.88A   -9.267    0.0056      N  1                3466.50A   -7.646    0.2318
FIR                 83.0000m   -3.587 2658.5449      Fe 2                2382.04A   -6.584    2.6750      N  1                3466.54A   -8.319    0.0492
TIR                 1800.00m   -5.166   70.0385      Fe 2                2373.74A   -9.874    0.0014      N  1                5197.90A   -5.715   19.7924
NIRa                2.85000m   -3.682 2132.1650      Fe 2                2343.50A   -9.066    0.0088      N  1                5200.26A   -5.538   29.7176
NIRb                3.00000m   -4.848  145.5661      Fe 2                35.3391m   -6.221    6.1709      N  1                1.03977m   -7.151    0.7256
MIRa                15.0000m   -4.943  117.1157      Fe 2                6.71944m   -6.177    6.8332      N  1                1.03982m   -7.673    0.2178
MIRb                22.5000m   -3.806 1603.1223      Fe 2                4.88781m   -7.063    0.8880      N  1                1.04072m   -7.499    0.3257
NMIR                21.7500m   -3.682 2132.1650      Fe 2                4.07521m   -7.884    0.1339      N  1                1.04076m   -7.486    0.3351
TFIR                611.250m   -4.347  462.1868      Fe 2                1.32055m   -6.805    1.6087      Na 1                5889.95A   -8.637    0.0237
TALL                10000.0A   -3.213 6280.7847      Fe 2                1.24854m   -7.839    0.1487      Na 1                5895.92A   -8.637    0.0237
F12                 12.0000m   -6.844    1.4701      Fe 2                1.20512m   -9.651    0.0023      Ni 1                7.50454m   -8.600    0.0258
F25                 25.0000m   -5.456   35.9583      Fe 2                7637.52A   -7.109    0.7992      O  1                1027.43A   -9.981    0.0011
F60                 60.0000m   -3.657 2259.8064      Fe 2                7523.28A   -9.156    0.0072      O  1                1027.43A   -9.693    0.0021
F100                100.000m   -6.269    5.5297      Fe 2                4889.62A   -7.132    0.7570      O  1                1028.16A   -9.858    0.0014
MIPS                24.0000m   -5.456   35.9531      Fe 2                4750.27A   -9.864    0.0014      O  1                1304.86A   -8.270    0.0551
MIPS                70.0000m   -3.658 2256.2495      Fe 2                4716.37A   -8.146    0.0733      O  1                1306.03A   -8.764    0.0177
MIPS                160.000m   -4.668  220.6399      Fe 2                4687.56A   -8.349    0.0459      O  1                1355.60A   -8.316    0.0495
IRAC                3.60000m   -8.070    0.0873      Fe 2                4492.64A   -8.119    0.0780      O  1                1358.51A   -8.784    0.0169
IRAC                4.50000m   -6.749    1.8281      Fe 2                4457.95A   -7.518    0.3117      O  1                2972.29A   -7.797    0.1639
IRAC                5.80000m   -5.036   94.4103      Fe 2                4432.45A   -8.311    0.0501      O  1                5577.34A   -6.847    1.4600
IRAC                8.00000m   -6.044    9.2812      Fe 2                4359.33A   -6.418    3.9206      O  1                6300.30A   -5.150   72.6127
SPR1                250.000m   -6.320    4.9082      Fe 2                3224.54A   -9.195    0.0066      O  1                6363.78A   -5.646   23.1958
SPR2                350.000m   -4.812  158.2709      Fe 2                3214.67A   -8.612    0.0251      O  1                6391.73A   -8.974    0.0109
SPR3                500.000m   -6.501    3.2399      Fe 2                2625.67A   -5.574   27.3622      O  1                44.0453m   -9.284    0.0053
PAC1                70.0000m   -3.658 2257.2522      Fe 2                2611.87A   -6.300    5.1487      O  1                63.1679m   -3.658 2254.1897
PAC2                100.000m   -6.269    5.5312      Fe 2                2598.37A   -7.530    0.3026      O  1                145.495m   -4.687  210.8395
PAC3                160.000m   -4.661  223.9553      Fe 2                2395.63A   -6.583    2.6820      O  2                2470.34A   -9.815    0.0016
PAH                 3.30000m   -8.876    0.0136      Fe 2                2388.63A   -7.628    0.2415      O  2                7319.99A  -10.008    0.0010
PAHC                3.23000m   -9.156    0.0072      Fe 2                2383.06A   -9.550    0.0029      O  2                3728.81A   -8.022    0.0976
PAHC                3.37000m   -9.145    0.0074      Fe 2                2364.83A   -6.983    1.0663      O  2                3726.03A   -8.198    0.0651
PAH                 6.20000m   -8.924    0.0122      Fe 2                2332.80A   -8.054    0.0905      P  2                60.6263m   -7.109    0.7983
PAHC                5.65000m   -7.833    0.1508      Fe 2                2279.91A   -9.634    0.0024      P  2                1532.53A   -9.648    0.0023
PAH                 7.90000m   -8.424    0.0387      Fe 2                51.2868m   -6.739    1.8719      P  2                32.8620m   -7.212    0.6293
PAHC                6.90000m   -6.046    9.2373      Fe 2                5.67236m   -7.874    0.1371      P  2                1.14682m   -7.130    0.7617
PAH                 11.3000m   -8.243    0.0586      Fe 2                4.60641m   -7.684    0.2125      P  2                4669.25A   -8.795    0.0165
PAHC                10.9000m   -7.926    0.1217      Fe 2                4.08085m   -8.430    0.0381      P  2                2195.57A   -9.074    0.0087
PAH                 11.8000m   -9.611    0.0025      Fe 2                1.37181m   -7.048    0.9182      P  2                1536.42A   -9.704    0.0020
PAHC                12.6500m   -7.673    0.2179      Fe 2                1.29427m   -7.625    0.2437      P  2                1535.92A   -9.507    0.0032
PAH                 13.3000m   -9.466    0.0035      Fe 2                7806.23A   -8.881    0.0135      P  2                1.18828m   -6.706    2.0189
PAHC                14.1000m   -7.334    0.4758      Fe 2                7686.93A   -7.186    0.6684      P  2                2210.34A   -8.620    0.0246
Bcon                3640.00A   -3.989 1053.6083      Fe 2                7552.40A   -9.666    0.0022      P  2                1542.30A   -9.796    0.0016
Pcon                5000.00A   -4.411  398.5306      Fe 2                4958.23A   -8.983    0.0107      P  2                7875.99A   -8.046    0.0923
O3bn                5007.00A   -6.271    5.4976      Fe 2                4750.57A   -8.980    0.0108      S  1                1483.04A   -9.633    0.0024
HFFc                      0    -7.161    0.7085      Fe 2                4728.07A   -7.781    0.1701      S  1                1820.34A   -8.332    0.0478
H FF                      0    -8.769    0.0175      Fe 2                4514.90A   -8.143    0.0738      S  1                1826.24A   -8.815    0.0157
MeFB                      0    -9.169    0.0069      Fe 2                4488.75A   -7.862    0.1409      S  1                25.2421m   -6.271    5.4985
MeFF                      0    -9.521    0.0031      Fe 2                4470.30A   -9.066    0.0088      S  1                56.2957m   -7.230    0.6039
ToFF                      0    -8.698    0.0206      Fe 2                4413.78A   -6.569    2.7679      S  2                6730.82A   -5.828   15.2545
Mion                      0    -8.114    0.0789      Fe 2                3254.24A   -8.672    0.0218      S  2                6716.44A   -5.667   22.1209
nFnu                122.400m   -9.691    0.0021      Fe 2                3244.18A   -8.967    0.0111      S  2                4076.35A   -7.376    0.4318
nFnu                60.8322m   -9.317    0.0049      Fe 2                2631.32A   -6.552    2.8773      S  2                4068.60A   -6.885    1.3382
nFnu                41.2152m   -9.103    0.0081      Fe 2                2617.62A   -7.997    0.1033      S  2                1.03364m   -7.514    0.3141
nFnu                30.8695m   -8.941    0.0118      Fe 2                2607.09A   -7.873    0.1375      S  2                1.02867m   -7.511    0.3165
nFnu                24.7829m   -8.816    0.0157      Fe 2                2404.89A   -7.574    0.2736      S  2                1.03705m   -7.836    0.1497
nFnu                24.2998m   -8.805    0.0161      Fe 2                2399.24A   -8.394    0.0415      S  2                1.03205m   -7.377    0.4305
nFnu                22.8302m   -8.770    0.0174      Fe 2                2395.42A   -9.402    0.0041      S  2                1259.52A   -9.136    0.0075
nFnu                21.4199m   -8.734    0.0189      Fe 2                2380.76A   -6.389    4.1890      S  2                1253.81A   -9.215    0.0063
nFnu                21.1235m   -8.724    0.0194      Fe 2                2348.30A   -8.136    0.0751      S  2                1250.58A   -9.523    0.0031
nFnu                19.6199m   -8.681    0.0214      Fe 2                2327.40A   -8.727    0.0193      Sc 2                4246.82A   -9.566    0.0028
nFnu                17.6534m   -8.620    0.0246      Fe 2                87.3597m   -7.441    0.3718      Sc 2                7043.49A   -9.336    0.0047
nFnu                17.3700m   -8.611    0.0252      Fe 2                5.06097m   -8.342    0.0467      Sc 2                8261.17A   -9.850    0.0014
nFnu                15.6901m   -8.549    0.0290      Fe 2                4.43363m   -8.260    0.0565      Sc 2                8271.28A   -9.736    0.0019
nFnu                14.6036m   -8.506    0.0320      Fe 2                1.40951m   -9.670    0.0022      Sc 2                8326.62A   -9.990    0.0010
nFnu                12.4300m   -8.405    0.0404      Fe 2                1.32777m   -7.808    0.1597      Sc 2                8347.28A   -9.555    0.0029
nFnu                11.4000m   -8.350    0.0459      Fe 2                1.27877m   -7.865    0.1401      Sc 2                8384.33A   -9.868    0.0014
nFnu                10.4600m   -8.293    0.0522      Fe 2                1.25214m   -8.905    0.0128      Sc 2                1.07804m   -9.934    0.0012
nFnu                9.48002m   -8.229    0.0605      Fe 2                7926.88A   -9.143    0.0074      Sc 2                2.03194m   -9.472    0.0035
nFnu                9.32488m   -8.218    0.0621      Fe 2                7803.89A   -8.883    0.0134      Sc 2                2.04712m   -9.819    0.0016
nFnu                8.21035m   -8.131    0.0759      Fe 2                7665.28A   -8.136    0.0750      Sc 2                2.07591m   -9.463    0.0035
nFnu                7.58000m   -8.074    0.0865      Fe 2                5006.63A   -8.283    0.0535      Sc 2                2.07842m   -9.297    0.0052
nFnu                7.05026m   -8.020    0.0979      Fe 2                4772.06A   -9.096    0.0082      Sc 2                2.08152m   -9.566    0.0028
nFnu                4.11370m   -7.582    0.2690      Fe 2                4639.67A   -8.780    0.0170      Sc 2                2.11129m   -9.740    0.0019
nFnu                2.32440m   -7.026    0.9673      Fe 2                4528.39A   -8.391    0.0417      Sc 2                2.12445m   -9.738    0.0019
nFnu                1.64313m   -6.659    2.2506      Fe 2                4509.61A   -8.739    0.0187      Si 1                2211.75A   -9.552    0.0029
nFnu                1.48022m   -6.544    2.9347      Fe 2                4452.10A   -6.762    1.7773      Si 1                2514.32A   -9.904    0.0013
nFnu                1.43649m   -6.509    3.1800      Fe 2                3277.55A   -8.896    0.0130      Si 1                2519.20A   -8.936    0.0119
nFnu                1.11867m   -6.229    6.0550      Fe 2                3277.12A   -9.801    0.0016      Si 1                2528.51A   -8.720    0.0195
nFnu                8329.68A   -5.913   12.5548      Fe 2                3275.02A   -8.972    0.0109      Si 1                68.4548m   -8.222    0.0616
nFnu                8078.61A   -5.880   13.5172      Fe 2                2631.05A   -7.721    0.1952      Si 1                129.641m   -8.292    0.0524
nFnu                6209.66A   -5.612   25.0670      Fe 2                2620.41A   -9.611    0.0025      Si 2                34.8046m   -3.852 1443.7892
nFnu                4885.36A   -5.376   43.1405      Fe 2                2613.82A   -8.488    0.0333      Si 2                2334.41A   -7.010    1.0039
nFnu                3704.34A   -5.112   79.3266      Fe 2                2410.52A   -8.359    0.0450      Si 2                2328.52A   -7.625    0.2431
nFnu                3587.67A   -5.083   84.8262      Fe 2                2406.66A   -8.631    0.0240      Si 2                1808.01A   -6.957    1.1333
nFnu                2430.05A   -4.730  191.0325      Fe 2                2404.43A   -9.466    0.0035      Si 2                1260.42A   -9.140    0.0074
nFnu                2392.03A   -4.716  197.3607      Fe 2                2359.11A   -8.446    0.0367      Si 2                2350.17A   -6.879    1.3557
nFnu                2071.34A   -4.597  259.3141      Fe 2                2338.01A   -8.505    0.0321      Si 2                2344.20A   -6.477    3.4251
nFnu                2052.68A   -4.590  264.0467      Fe 2                4.67067m   -8.884    0.0134      Si 2                2334.60A   -6.585    2.6710
nFnu                1793.44A   -4.493  329.9407      Fe 2                1.29777m   -8.196    0.0654      Si 2                1817.45A   -7.047    0.9217
nFnu                1585.12A   -4.426  384.7512      Fe 2                1.27034m   -8.068    0.0879      Si 2                1816.93A   -6.622    2.4535
nFnu                1458.33A   -4.419  391.1919      Fe 2                7999.47A   -9.890    0.0013      Si 2                1533.43A   -7.422    0.3885
nFnu                1356.96A   -4.459  356.3959      Fe 2                7874.24A   -8.237    0.0595      Si 2                1309.28A   -8.205    0.0640
nFnu                1297.29A   -4.572  275.0953      Fe 2                7733.14A   -8.784    0.0169      Si 2                1265.00A   -7.988    0.1054
nFnu                1262.79A   -4.749  182.9034      Fe 2                4798.28A   -8.646    0.0232      Si 2                1264.74A   -8.417    0.0393
nFnu                1218.08A   -8.835    0.0150      Fe 2                4664.45A   -9.294    0.0052      Si 2                1197.39A   -8.301    0.0513
nFnu                1196.33A   -8.312    0.0500      Fe 2                4533.01A   -9.286    0.0053      Si 2                1194.50A   -8.511    0.0316
nFnu                1175.06A   -8.258    0.0566      Fe 2                4474.90A   -7.074    0.8657      Si 2                3862.60A   -9.610    0.0025
nFnu                1143.64A   -8.382    0.0426      Fe 2                3289.89A   -9.282    0.0054      Si 2                3856.02A   -9.584    0.0027
nFnu                1113.22A   -8.495    0.0328      Fe 2                3289.46A   -9.061    0.0089      Si 2                6371.37A   -9.527    0.0031
nFnu                1103.23A   -8.524    0.0307      Fe 2                2628.29A   -8.169    0.0695      Si 2                6347.11A   -9.450    0.0036
nFnu                1073.86A   -8.844    0.0147      Fe 2                2621.67A   -9.076    0.0086      Zn 2                2062.00A   -9.134    0.0075
nFnu                1064.34A   -8.887    0.0133      Fe 2                2413.31A   -8.874    0.0137      Zn 2                2025.48A   -8.902    0.0129
nFnu                1035.92A   -9.003    0.0102      Fe 2                2411.07A   -8.884    0.0134      Al 2                2669.15A   -6.656    2.2639
nFnu                1000.00A   -9.168    0.0070      Fe 2                2344.28A   -8.588    0.0265      Al 2                2660.35A   -6.483    3.3780
nFnu                925.144A   -9.140    0.0074      Fe 2                17.9311m   -6.025    9.6926      Al 2                1670.79A   -7.154    0.7206
nFnu                897.800A   -9.670    0.0022      Fe 2                1.64355m   -5.131   75.9921      Al 2                3900.67A   -9.892    0.0013
RRC............................................      Fe 2                1.53348m   -6.256    5.6950      Ca 2                7323.89A   -5.429   38.2601
H  1                911.753A   -7.761    0.1780      Fe 2                8616.95A   -6.519    3.1052      Ca 2                7291.47A   -5.260   56.4225
H  1                3645.98A   -8.825    0.0154      Fe 2                7155.17A   -6.648    2.3080      Ca 2                3968.47A   -7.116    0.7851
H  1                3645.98A   -8.478    0.0341      Fe 2                6896.17A   -8.100    0.0816      Ca 2                8662.14A   -6.168    6.9722
H  1                8203.57A   -9.560    0.0028      Fe 2                5413.37A   -8.558    0.0284      Ca 2                3933.66A   -7.083    0.8473
H  1                8203.57A   -9.166    0.0070      Fe 2                5280.27A   -9.094    0.0083      Ca 2                8498.02A   -6.854    1.4362
H  1                8203.57A   -9.268    0.0055      Fe 2                5273.36A   -6.646    2.3169      Ca 2                8542.09A   -5.907   12.7062
H  1                1.45842m   -9.645    0.0023      Fe 2                5158.79A   -6.035    9.4599      Ca 2                3706.02A   -8.522    0.0308
H  1                1.45842m   -9.641    0.0023      Fe 2                5111.64A   -6.942    1.1723      Ca 2                3736.90A   -8.226    0.0610
H  1                1.45842m   -9.982    0.0011      Fe 2                5072.41A   -6.688    2.1059      Ca 2                3158.87A   -8.543    0.0294
H  1                2.27878m  -10.003    0.0010      Fe 2                5039.10A   -8.122    0.0775      Ca 2                3181.27A   -9.248    0.0058
H  1                2.27878m   -9.967    0.0011      Fe 2                4814.54A   -6.992    1.0455      Ca 2                3179.33A   -8.294    0.0522
Al 1                2070.66A   -9.967    0.0011      Fe 2                4774.73A   -7.432    0.3797      Ca 2                1.19497m   -9.975    0.0011
Si 1                1520.96A   -8.964    0.0112      Fe 2                4745.49A   -8.483    0.0337      Ca 2                1.18390m   -9.668    0.0022
S  1                1196.76A   -9.472    0.0035      Fe 2                4661.78A   -9.582    0.0027      Ca 2                1838.01A   -9.480    0.0034
grains.........................................      Fe 2                4243.97A   -6.362    4.4627      Ca 2                1840.03A   -9.324    0.0049
H-like iso-sequence............................      Fe 2                4177.20A   -7.452    0.3629      Ca 2                2112.76A   -9.952    0.0011
Cool                1215.67A   -4.325  485.2655      Fe 2                4146.65A   -9.027    0.0096      Cl 2                14.3639m   -7.335    0.4741
Crst                960.000A   -4.505  320.8197      Fe 2                4114.48A   -9.367    0.0044      Cl 2                33.2721m   -8.416    0.0394
CION                      0    -6.566    2.7881      Fe 2                3929.35A   -9.620    0.0025      Cl 2                8578.70A   -7.023    0.9726
Dest                1215.67A   -9.598    0.0026      Fe 2                3387.09A   -7.867    0.1394      Cl 2                9123.60A   -7.608    0.2530
Ca B                1215.67A   -7.399    0.4099      Fe 2                3376.20A   -7.069    0.8749      Cl 2                3677.85A   -8.946    0.0116
CaBo                4861.32A   -8.932    0.0120      Fe 2                2732.45A   -8.198    0.0651      Cl 2                6161.84A   -8.900    0.0129
Ca A                1215.67A   -7.589    0.2643      Fe 2                2493.30A   -5.800   16.2728      Mg 2                2802.71A   -5.185   67.0178
Ca A                1025.72A   -8.236    0.0596      Fe 2                2484.20A   -9.388    0.0042      Mg 2                2795.53A   -4.889  132.6097
Ca A                972.537A   -8.647    0.0232      Fe 2                2360.00A   -7.692    0.2088      Mg 2                2936.52A   -8.116    0.0785
Ca A                949.743A   -8.950    0.0115      Fe 2                2348.12A   -7.737    0.1881      Mg 2                2928.64A   -8.418    0.0392
Ca A                937.803A   -9.193    0.0066      Fe 2                2331.31A   -9.449    0.0037      Mg 2                2797.93A   -8.856    0.0143
Ca A                930.748A   -9.395    0.0041      Fe 2                24.5126m   -6.725    1.9347      Mg 2                2790.77A   -8.154    0.0720
Ca A                926.226A   -9.569    0.0028      Fe 2                1.80940m   -5.731   19.0561      Mg 2                2798.00A   -7.901    0.1290
Ca A                923.150A   -9.721    0.0020      Fe 2                1.67688m   -6.681    2.1385      Mg 2                9244.22A   -9.979    0.0011
Ca A                920.963A   -9.857    0.0014      Fe 2                1.59948m   -6.588    2.6486      Mg 2                9218.22A   -9.679    0.0021
Ca A                919.351A   -9.981    0.0011      Fe 2                9051.95A   -6.361    4.4740      N  2                205.283m   -9.218    0.0062
Ca A                6562.80A   -8.658    0.0225      Fe 2                8891.93A   -6.785    1.6832      N  2                121.769m   -9.442    0.0037
Ca A                4861.32A   -9.109    0.0080      Fe 2                7452.56A   -7.140    0.7435      N  2                6548.05A   -8.592    0.0263
Ca A                4340.46A   -9.434    0.0038      Fe 2                7172.00A   -7.055    0.9039      N  2                6583.45A   -8.122    0.0775
Ca A                4101.73A   -9.687    0.0021      Fe 2                6275.53A   -9.013    0.0100      N  2                5754.59A   -9.971    0.0011
Ca A                3970.07A   -9.896    0.0013      Fe 2                5527.36A   -7.630    0.2407      N  2                2142.77A   -9.975    0.0011
Ca A                1.87510m   -9.451    0.0036      Fe 2                5440.48A   -9.387    0.0042      Ni 2                1.19102m   -6.006   10.1151
Ca A                1.28181m   -9.777    0.0017      Fe 2                5433.15A   -7.160    0.7096      Ni 2                6.63416m   -6.634    2.3814
Ca B                6562.80A   -8.477    0.0343      Fe 2                5261.63A   -6.416    3.9423      Ni 2                1.07151m   -7.628    0.2417
Ca B                4861.32A   -8.933    0.0120      Fe 2                5220.08A   -7.691    0.2091      Ni 2                10.6793m   -7.266    0.5569
Ca B                4340.46A   -9.263    0.0056      Fe 2                5184.80A   -7.586    0.2660      Ni 2                1.27792m   -9.452    0.0036
Ca B                4101.73A   -9.520    0.0031      Fe 2                5158.01A   -7.536    0.2988      Ni 2                1.16130m   -8.143    0.0738
Ca B                3970.07A   -9.732    0.0019      Fe 2                4947.39A   -6.936    1.1899      Ni 2                12.7253m   -7.680    0.2143
Ca B                3889.05A   -9.912    0.0013      Fe 2                4905.35A   -7.287    0.5301      Ni 2                9882.95A   -8.893    0.0131
Ca B                1.87510m   -9.404    0.0041      Fe 2                4874.50A   -7.330    0.4804      Ni 2                1.09177m   -8.430    0.0381
Ca B                1.28181m   -9.721    0.0020      Fe 2                4852.74A   -8.691    0.0209      Ni 2                18.2355m   -8.397    0.0411
Ca B                1.09381m   -9.977    0.0011      Fe 2                4346.86A   -6.989    1.0525      Ni 2                9374.87A   -9.185    0.0067
H  1                2431.34A   -4.543  294.1632      Fe 2                4276.84A   -6.913    1.2544      Ni 2                7377.83A   -6.796    1.6416
H  1                1215.67A   -4.308  504.9248      Fe 2                4244.82A   -7.725    0.1935      Ni 2                8300.99A   -8.092    0.0830
H  1                6562.80A   -6.249    5.7840      Fe 2                4231.56A   -9.325    0.0049      Ni 2                1.93877m   -7.504    0.3217
H  1                4861.32A   -7.011    1.0000      Fe 2                4211.11A   -9.301    0.0051      Ni 2                2.36883m   -8.791    0.0166
H  1                4340.46A   -7.392    0.4161      Fe 2                3455.11A   -7.973    0.1092      Ni 2                2.91064m   -8.459    0.0356
H  1                4101.73A   -9.086    0.0084      Fe 2                3452.31A   -7.662    0.2236      Ni 2                6666.80A   -7.641    0.2347
H  1                3970.07A   -9.376    0.0043      Fe 2                3440.99A   -7.548    0.2906      Ni 2                7411.61A   -7.422    0.3886
H  1                3889.05A   -9.609    0.0025      Fe 2                2774.73A   -9.439    0.0037      Ni 2                1.76458m   -9.567    0.0028
H  1                3835.38A   -9.804    0.0016      Fe 2                2759.34A   -9.841    0.0015      Ni 2                2.04866m   -9.145    0.0074
H  1                3797.90A   -9.971    0.0011      Fe 2                2485.07A   -9.619    0.0025      Ni 2                2.30794m   -8.601    0.0257
H  1                3770.63A   -9.717    0.0020      Fe 2                2391.48A   -8.708    0.0201      Ni 2                6.91767m   -8.901    0.0129
H  1                3750.15A   -9.833    0.0015      Fe 2                2379.28A   -9.436    0.0038      Ni 2                4326.24A   -7.588    0.2650
H  1                3734.37A   -9.938    0.0012      Fe 2                2362.02A   -8.154    0.0721      Ni 2                4628.05A   -8.010    0.1003
H  1                1.87510m   -7.784    0.1690      Fe 2                35.7675m   -7.525    0.3067      Ni 2                6794.20A   -9.066    0.0088
H  1                1.28181m   -8.097    0.0822      Fe 2                1.95361m   -6.642    2.3387      Ni 2                7255.82A   -7.943    0.1171
H  1                1.09381m   -9.470    0.0035      Fe 2                1.80002m   -6.697    2.0626      Ni 2                7694.56A   -9.013    0.0100
H  1                1.00494m   -9.779    0.0017      Fe 2                1.71113m   -7.266    0.5562      Ni 2                8033.54A   -9.178    0.0068
H  1                4.05115m   -8.654    0.0228      Fe 2                1.66377m   -6.885    1.3365      Ni 2                1.04597m   -8.427    0.0384
H  1                2.62515m   -9.647    0.0023      Fe 2                9399.04A   -6.783    1.6927      Ni 2                1.23230m   -8.454    0.0361
H  1                2.16553m   -9.999    0.0010      Fe 2                9226.63A   -6.729    1.9171      Ni 2                4201.17A   -7.770    0.1742
H  1                7.45782m   -9.682    0.0021      Fe 2                9033.49A   -7.805    0.1609      Ni 2                4485.21A   -8.223    0.0614
He-like iso-sequence...........................      Fe 2                7388.17A   -7.175    0.6856      Ni 2                7307.65A   -8.118    0.0782
Pho+                3889.00A   -9.706    0.0020      Fe 2                6440.41A   -8.128    0.0764      Ni 2                7612.72A   -8.446    0.0367
extra Lyman....................................      Fe 2                6229.28A   -9.278    0.0054      Ni 2                1.13597m   -9.129    0.0076
database lines.................................      Fe 2                5654.87A   -8.590    0.0264      Ni 2                4285.31A   -8.978    0.0108
CN                  2648.35m   -9.419    0.0039      Fe 2                5556.31A   -7.830    0.1520      Ni 2                6791.48A   -8.693    0.0208
CN                  2640.74m   -9.117    0.0078      Fe 2                5412.67A   -8.358    0.0450      Ni 2                7054.20A   -8.598    0.0259
CN                  1322.30m   -9.517    0.0031      Fe 2                5333.66A   -6.703    2.0349      Ni 2                9.61508m   -9.887    0.0013
CN                  1321.03m   -9.261    0.0056      Fe 2                5296.84A   -7.986    0.1061      Ni 2                4033.04A   -8.036    0.0944
CN                  881.421m   -9.509    0.0032      Fe 2                5268.89A   -7.706    0.2020      Ni 2                4294.09A   -8.157    0.0715
CN                  880.858m   -9.354    0.0045      Fe 2                5107.96A   -8.642    0.0234      Ni 2                6467.29A   -9.190    0.0066
CN                  661.044m   -9.412    0.0040      Fe 2                5049.30A   -7.109    0.7982      Ni 2                6813.57A   -8.178    0.0681
CN                  660.727m   -9.299    0.0052      Fe 2                5005.52A   -7.163    0.7049      Ni 2                7078.04A   -8.727    0.0192
CN                  528.842m   -9.525    0.0031      Fe 2                4973.40A   -7.431    0.3808      Ni 2                1.02090m   -9.508    0.0032
CN                  528.639m   -9.436    0.0038      Fe 2                4950.76A   -7.776    0.1717      Ni 2                3993.06A   -7.691    0.2089
CN                  440.721m   -9.536    0.0030      Fe 2                4352.79A   -7.229    0.6062      Ni 2                4248.80A   -8.167    0.0699
CN                  440.580m   -9.462    0.0035      Fe 2                4319.62A   -7.495    0.3286      Ni 2                6007.06A   -9.281    0.0054
CN                  377.785m   -9.684    0.0021      Fe 2                4305.90A   -8.298    0.0517      Ni 2                6365.10A   -8.165    0.0701
CN                  377.682m   -9.621    0.0025      Fe 2                4084.33A   -9.625    0.0024      Ni 2                6700.24A   -9.559    0.0028
CN                  330.590m   -9.768    0.0018      Fe 2                3504.51A   -8.276    0.0544      Ni 2                6955.82A   -9.593    0.0026
CN                  330.511m   -9.713    0.0020      Fe 2                3504.02A   -8.133    0.0756      Ni 2                8703.87A   -8.621    0.0246
CN                  293.888m   -9.928    0.0012      Fe 2                3501.63A   -7.697    0.2064      Ni 2                9956.63A   -8.847    0.0146
CN                  293.825m   -9.879    0.0014      Fe 2                3489.99A   -8.376    0.0432      Ni 2                5.18504m   -9.626    0.0024
HF                  243.178m   -9.015    0.0099      Fe 2                2385.01A   -8.981    0.0107      Ni 2                3438.88A   -7.880    0.1353
HF                  121.664m  -10.005    0.0010      Fe 2                2.06648m   -8.036    0.0945      Ni 2                3626.89A   -8.188    0.0666
CO                  2600.05m   -8.071    0.0872      Fe 2                1.89541m   -7.433    0.3790      Ni 2                3378.16A   -8.494    0.0329
CO                  1300.05m   -7.190    0.6624      Fe 2                1.79711m   -6.919    1.2358      Ni 2                3559.41A   -8.473    0.0345
CO                  866.727m   -6.956    1.1365      Fe 2                1.74494m   -7.208    0.6359      level 1 lines..................................
CO                  650.074m   -6.878    1.3599      Fe 2                9652.70A   -7.632    0.2397      recombination..................................
CO                  520.089m   -6.833    1.5087      Fe 2                9470.94A   -7.119    0.7800      level2 lines...................................
CO                  433.438m   -6.803    1.6168      Fe 2                9267.56A   -7.501    0.3236      C  1                1247.50A   -8.875    0.0137
CO                  371.549m   -6.793    1.6535      Fe 2                7544.00A   -9.815    0.0016      C  1                1314.77A   -8.799    0.0163
CO                  325.137m   -6.785    1.6840      Fe 2                6558.51A   -8.342    0.0467      C  1                1165.98A   -9.862    0.0014
CO                  289.041m   -6.790    1.6642      Fe 2                5745.71A   -8.961    0.0112      C  1                1233.29A   -9.381    0.0043
CO                  260.169m   -6.796    1.6427      Fe 2                5643.98A   -8.802    0.0162      C  1                1250.68A   -9.529    0.0030
CO                  236.549m   -6.812    1.5842      Fe 2                5495.84A   -8.635    0.0238      Mg 1                1817.31A   -9.631    0.0024
CO                  216.868m   -6.831    1.5148      Fe 2                5376.47A   -7.097    0.8210      Mg 1                1739.09A   -9.840    0.0015
CO                  200.218m   -6.858    1.4244      Fe 2                5347.66A   -8.211    0.0631      Mg 1                1699.05A   -9.935    0.0012
CO                  185.949m   -6.879    1.3564      Fe 2                5181.96A   -8.488    0.0334      Si 1                1853.05A   -9.514    0.0031
CO                  173.584m   -6.904    1.2798      Fe 2                5076.57A   -7.767    0.1754      Si 1                1999.94A   -9.892    0.0013
CO                  162.767m   -6.930    1.2046      Fe 2                5043.53A   -7.637    0.2366      Si 2                1179.59A   -9.010    0.0100
CO                  153.225m   -6.959    1.1279      Fe 2                5020.25A   -7.754    0.1810      Si 2                993.354A   -9.846    0.0015
CO                  144.745m   -6.989    1.0524      Fe 2                4372.43A   -7.769    0.1747      S  1                1356.05A   -9.412    0.0040
CO                  137.159m   -7.020    0.9803      Fe 2                4358.37A   -7.981    0.1074      S  1                1392.25A   -9.747    0.0018
CO                  130.333m   -7.052    0.9110      Fe 2                4080.00A   -9.654    0.0023      Fe 1                2484.25A   -9.654    0.0023
CO                  124.160m   -7.089    0.8365      Fe 2                3539.19A   -7.981    0.1073      Fe 1                2526.51A   -9.922    0.0012
CO                  118.548m   -7.129    0.7624      Fe 2                3538.69A   -8.274    0.0546      Sc 2                3627.22A   -8.335    0.0474
CO                  113.427m   -7.170    0.6946      Fe 2                3536.25A   -8.400    0.0409      Sc 2                3575.45A   -8.458    0.0358
CO                  108.733m   -7.213    0.6290      Fe 2                3524.38A   -9.708    0.0020      Sc 2                3368.13A   -9.023    0.0097
CO                  104.416m   -7.256    0.5693      Fe 2                22.8961m   -9.030    0.0096      Ti 2                3364.74A   -6.760    1.7830
CO                  100.433m   -7.302    0.5124      Fe 2                1.81139m   -9.309    0.0050      Ti 2                3237.15A   -7.000    1.0265
CO                  96.7462m   -7.349    0.4596      Fe 2                7764.71A   -8.515    0.0314      Ti 2                1904.17A   -8.867    0.0139
CO                  93.3237m   -7.398    0.4104      Fe 2                7336.73A   -8.805    0.0161      Ti 2                1907.36A   -8.609    0.0252
CO                  90.1384m   -7.449    0.3651      Fe 2                7267.25A   -9.773    0.0017      V  2                2710.94A   -9.094    0.0083
CO                  87.1666m   -7.501    0.3235      Fe 2                6809.24A   -8.782    0.0169      V  2                2684.22A   -8.856    0.0143
CO                  84.3877m   -7.555    0.2858      Fe 2                6729.87A   -9.063    0.0089      V  2                2139.33A   -9.510    0.0032
CO                  81.7835m   -7.611    0.2516      Fe 2                6671.93A   -9.626    0.0024      Cr 1                4269.56A   -9.320    0.0049
CO                  79.3383m   -7.669    0.2201      Fe 2                5721.37A   -9.900    0.0013      Cr 1                3589.90A   -9.136    0.0075
CO                  77.0375m   -7.729    0.1918      Fe 2                5163.96A   -8.812    0.0158      Cr 2                2059.78A   -7.361    0.4470
CO                  74.8697m   -7.789    0.1668      Fe 2                4266.35A   -9.512    0.0032      Mn 2                1198.85A   -9.715    0.0020
CO                  72.8231m   -7.852    0.1443      Fe 2                4249.08A   -9.783    0.0017      Co 2                2060.90A   -8.834    0.0150
CO                  70.8878m   -7.916    0.1245      Fe 2                4157.92A   -9.790    0.0017      Co 2                2018.80A   -8.869    0.0139
CO                  69.0557m   -7.980    0.1075      Fe 2                3277.35A   -8.328    0.0483      Co 2                1949.74A   -8.946    0.0116
CO                  67.3181m   -8.045    0.0925      Fe 2                3255.89A   -9.591    0.0026      Co 2                1575.91A   -9.467    0.0035
CO                  65.6684m   -8.111    0.0794      Fe 2                2926.59A   -9.242    0.0059      Co 2                1470.18A   -9.530    0.0030
CO                  64.0998m   -8.177    0.0682      Fe 2                2880.76A   -8.894    0.0131      Ni 2                1751.83A   -8.394    0.0414
CO                  62.6072m   -8.244    0.0585      Fe 2                2755.74A   -7.246    0.5820      Ni 2                1744.24A   -8.202    0.0645
CO                  61.1843m   -8.311    0.0501      Fe 2                2739.55A   -7.985    0.1062      Ni 2                1484.97A   -9.507    0.0032
CO                  59.8271m   -8.379    0.0429      Fe 2                2716.70A   -8.095    0.0826      Ni 2                1472.74A   -9.206    0.0064
CO                  58.5311m   -8.447    0.0367      Fe 2                34.6508m   -9.901    0.0013      Ni 2                1400.37A   -9.509    0.0032
CO                  57.2920m   -8.515    0.0313      Fe 2                1.00287m   -8.503    0.0322      Ni 2                1375.73A   -9.191    0.0066
CO                  56.1066m   -8.586    0.0266      Fe 2                8245.16A  -10.002    0.0010      Ni 2                1324.11A   -9.290    0.0053
CO                  54.9712m   -8.657    0.0226      Fe 2                8037.28A   -9.032    0.0095      Zn 1                2138.57A   -9.897    0.0013
CO                  53.8829m   -8.728    0.0192      Fe 2                7579.61A   -9.524    0.0031      hyperfine structure............................
CO                  52.8388m   -8.800    0.0163      Fe 2                7017.95A   -9.442    0.0037      inner shell....................................
CO                  51.8365m   -8.872    0.0138      Fe 2                6933.67A   -9.808    0.0016      molecules......................................
CO                  50.8731m   -8.944    0.0117      Fe 2                6872.19A   -8.974    0.0109      H2 l                2.00000m   -4.594  261.5747
CO                  49.9472m   -9.017    0.0099      Fe 2                6829.03A  -10.008    0.0010      H2 v                      0    -6.242    5.8736
CO                  49.0559m   -9.091    0.0083      Fe 2                5746.98A   -8.861    0.0141      H-FB                      0    -6.939    1.1812
CO                  48.1977m   -9.166    0.0070      Fe 2                5283.12A   -9.420    0.0039      H-FF                      0    -7.174    0.6879
CO                  47.3709m   -9.243    0.0059      Fe 2                5199.18A   -9.635    0.0024      H-CT                6562.80A   -8.218    0.0621
CO                  46.5738m   -9.321    0.0049      Fe 2                4351.81A   -9.782    0.0017      H- H                      0    -8.737    0.0188
CO                  45.8046m   -9.399    0.0041      Fe 2                4347.36A   -9.151    0.0072      H2+                       0    -7.344    0.4648
CO                  45.0623m   -9.480    0.0034      Fe 2                4329.43A   -8.498    0.0326      bands..........................................
CO                  44.3452m   -9.563    0.0028      Fe 2                2953.77A   -9.939    0.0012      Fe 2b               2500.00A   -5.194   65.7056
CO                  43.6523m   -9.649    0.0023      Fe 2                2772.73A   -8.047    0.0922      Fe 2b               5000.00A   -5.250   57.7700
CO                  42.9823m   -9.740    0.0019      Fe 2                2749.32A   -8.061    0.0893      Fe 2b               7000.00A   -6.192    6.5891
CO                  42.3344m   -9.834    0.0015      Fe 2                9795.19A   -9.281    0.0054      Fe 2b               10000.0A   -4.872  137.7376
CO                  41.7069m   -9.937    0.0012      Fe 2                8228.13A   -9.195    0.0065      Fe 2b               2355.00A   -5.929   12.0736
^13CO               2719.67m   -9.632    0.0024      Fe 2                7613.14A   -9.603    0.0026      Fe 2b               2430.00A   -5.201   64.6619
^13CO               1359.86m   -8.709    0.0201      Fe 2                7011.24A  -10.010    0.0010      Fe 2b               2445.00A   -5.201   64.6618
^13CO               906.599m   -8.461    0.0355      Fe 2                6966.33A   -9.367    0.0044      Fe 2b               2495.00A   -5.800   16.2804
^13CO               679.978m   -8.377    0.0431      Fe 2                5477.25A   -9.365    0.0044      Fe 2b               2610.00A   -5.451   36.3035
^13CO               544.012m   -8.331    0.0479      Fe 2                5278.38A   -9.833    0.0015      Fe 2b               2695.00A   -8.094    0.0826
^13CO               453.374m   -8.301    0.0514      Fe 2                4402.59A   -9.617    0.0025      Fe 2b               2758.00A   -7.038    0.9399
^13CO               388.637m   -8.291    0.0525      Fe 2                4384.21A   -9.550    0.0029      Fe 2b               2780.00A   -6.996    1.0359
^13CO               340.088m   -8.284    0.0534      Fe 2                1.05081m   -9.761    0.0018      Fe 2b               2935.00A   -8.691    0.0209
^13CO               302.332m   -8.289    0.0527      Fe 2                7710.80A   -9.914    0.0013      Fe 2b               2960.00A   -9.118    0.0078
^13CO               272.130m   -8.295    0.0520      Fe 2                7048.01A   -9.580    0.0027      Fe 2b               3180.00A   -7.615    0.2493
^13CO               247.423m   -8.311    0.0501      Fe 2                5901.28A   -9.811    0.0016      Fe 2b               3250.00A   -6.910    1.2637
^13CO               226.836m   -8.332    0.0478      Fe 2                5527.62A   -9.923    0.0012      Fe 2b               3590.00A   -6.929    1.2099
^13CO               209.419m   -8.359    0.0449      Fe 2                2.04602m   -8.448    0.0366      Fe 2b               3910.00A   -8.979    0.0108
^13CO               194.493m   -8.381    0.0427      Fe 2                1.41956m   -9.003    0.0102      Fe 2b               4060.00A   -9.637    0.0024
^13CO               181.558m   -8.407    0.0402      Fe 2                1.35904m   -9.808    0.0016      Fe 2b               4255.00A   -5.683   21.3083
^13CO               170.243m   -8.435    0.0377      Fe 2                1.23314m   -8.796    0.0164      Fe 2b               4558.00A   -6.413    3.9653
^13CO               160.261m   -8.465    0.0352      Fe 2                1.09108m   -8.719    0.0196      Fe 2b               4600.00A   -6.383    4.2460
^13CO               151.390m   -8.496    0.0328      Fe 2                1.07084m   -9.157    0.0071      Fe 2b               4743.00A   -7.132    0.7575
^13CO               143.454m   -8.528    0.0304      Fe 2                1.05625m   -9.607    0.0025      Fe 2b               4855.00A   -6.553    2.8699
^13CO               136.314m   -8.562    0.0281      Fe 2                1.01565m   -9.410    0.0040      Fe 2b               4920.00A   -6.039    9.3893
^13CO               129.855m   -8.601    0.0257      Fe 2                8119.18A   -9.887    0.0013      Fe 2b               4975.00A   -6.568    2.7733
^13CO               123.985m   -8.643    0.0233      Fe 2                5588.16A   -8.712    0.0199      Fe 2b               4971.00A   -6.611    2.5125
^13CO               118.627m   -8.687    0.0211      Fe 2                5586.91A   -9.575    0.0027      Fe 2b               5070.00A   -6.490    3.3209
^13CO               113.717m   -8.733    0.0190      Fe 2                5580.82A   -8.144    0.0736      Fe 2b               5143.00A   -5.957   11.3396
^13CO               109.201m   -8.781    0.0170      Fe 2                5551.32A   -7.862    0.1410      Fe 2b               5270.00A   -5.672   21.8416
^13CO               105.034m   -8.832    0.0151      Fe 2                3227.74A   -9.602    0.0026      Fe 2b               5318.00A   -5.990   10.5015
^13CO               101.176m   -8.885    0.0134      Fe 2                3196.07A   -9.097    0.0082      Fe 2b               5540.00A   -7.138    0.7474
^13CO               97.5955m   -8.942    0.0117      Fe 2                2.13278m   -8.703    0.0203      Fe 2b               5865.00A   -7.738    0.1877
^13CO               94.2629m   -9.002    0.0102      Fe 2                1.46079m   -9.550    0.0029      Fe 2b               6265.00A   -8.551    0.0289
^13CO               91.1537m   -9.066    0.0088      Fe 2                1.39678m   -9.610    0.0025      Fe 2b               6565.00A   -7.894    0.1311
^13CO               88.2461m   -9.134    0.0075      Fe 2                1.30943m   -9.630    0.0024      Fe 2b               6910.00A   -7.833    0.1509
^13CO               85.5213m   -9.207    0.0064      Fe 2                1.24364m   -9.815    0.0016      Fe 2b               7445.00A   -6.214    6.2734
^13CO               82.9627m   -9.286    0.0053      Fe 2                1.09413m   -8.916    0.0125      Fe 2b               8625.00A   -5.881   13.4929
^13CO               80.5556m   -9.372    0.0044      Fe 2                1.07890m   -9.012    0.0100      Fe 2b               1.03250m   -6.939    1.1815
^13CO               78.2869m   -9.467    0.0035      Fe 2                1.06830m   -9.770    0.0017      Fe 2b               1.88900m   -5.588   26.5312
^13CO               76.1453m   -9.575    0.0027      Fe 2                1.03658m   -9.781    0.0017      Fe 2b               2.20000m   -7.673    0.2181
^13CO               74.1205m   -9.700    0.0020      Fe 2                5650.95A   -8.691    0.0209      miscellaneous..................................
^13CO               72.2030m   -9.854    0.0014      Fe 2                5649.67A   -8.665    0.0222      Blnd                8446.00A   -9.768    0.0017
OH+                 308.406m   -9.792    0.0017      Fe 2                5643.44A   -9.803    0.0016      Blnd                1304.00A   -8.148    0.0729
C  1                1560.31A   -8.746    0.0184      Fe 2                5613.27A   -8.078    0.0858      Blnd                2798.00A   -4.711  199.6275
C  1                1560.68A   -8.875    0.0137      Fe 2                2.24366m   -9.041    0.0093      Blnd                6720.00A   -5.439   37.3754
C  1                1560.71A   -8.729    0.0192      Fe 2                2.00672m   -8.387    0.0421      Blnd                4074.00A   -6.763    1.7700
C  1                1561.34A   -8.115    0.0788      Fe 2                1.10657m   -9.259    0.0056      Blnd                1.03300m   -6.872    1.3776
C  1                1561.37A   -8.360    0.0448      Fe 2                1.09542m   -9.363    0.0044      Blnd                1256.00A   -8.785    0.0168
C  1                1561.44A   -8.391    0.0417      Fe 2                5725.92A   -8.963    0.0112      Blnd                5892.00A   -8.336    0.0474
C  1                1656.27A   -8.243    0.0586      Fe 2                5718.22A   -8.412    0.0397      Blnd                2665.00A   -6.260    5.6419
C  1                1656.93A   -8.545    0.0293      Fe 2                2.22379m   -7.797    0.1639      Blnd                2335.00A   -6.072    8.6989
C  1                1657.01A   -7.645    0.2323      Fe 2                2.01513m   -8.116    0.0785      Blnd                8579.00A   -5.687   21.1145
C  1                1657.38A   -8.352    0.0456      Fe 2                9682.08A   -8.628    0.0242      Blnd                7306.00A   -5.035   94.6827
C  1                1657.91A   -7.893    0.1314      Fe 2                9513.85A   -9.434    0.0038      Blnd                3933.00A   -6.799    1.6324
C  1                1658.12A   -7.708    0.2012      Fe 2                8715.81A   -9.261    0.0056      Blnd                1657.00A   -7.167    0.6985
C  1                1993.62A   -8.410    0.0399      Fe 2                6873.84A   -8.925    0.0122      Blnd                9850.00A   -4.638  236.4354
C  1                2582.90A   -9.674    0.0022      Fe 2                6700.65A   -9.895    0.0013      Blnd                2326.00A   -7.960    0.1126
C  1                9824.13A   -5.238   59.2939      Fe 2                6188.55A   -9.105    0.0081      Blnd                1335.00A   -9.128    0.0076
C  1                9850.26A   -4.763  177.1416      Fe 2                5870.02A   -9.355    0.0045      Blnd                3467.00A   -7.562    0.2811
C  1                370.269m   -4.821  154.9313      Fe 2                5673.20A   -9.389    0.0042      Blnd                5199.00A   -5.317   49.5100
C  1                609.590m   -5.198   65.0283      Fe 2                4898.61A   -9.126    0.0077      Blnd                1.04030m   -6.806    1.6042
C  2                1334.53A   -9.752    0.0018      Fe 2                2.25348m   -8.634    0.0238      Blnd                2141.00A   -9.827    0.0015
C  2                1335.66A   -9.535    0.0030      Fe 2                1.02005m   -9.843    0.0015      Blnd                6300.00A   -5.030   95.8194
C  2                1335.71A   -9.560    0.0028      Fe 2                1.00139m   -9.286    0.0053      Blnd                2471.00A   -9.712    0.0020
C  2                2323.50A   -9.184    0.0067      Fe 2                9133.66A  -10.010    0.0010      Blnd                7323.00A   -9.879    0.0014
C  2                2324.69A   -8.852    0.0144      Fe 2                8885.67A   -9.735    0.0019      Blnd                7332.00A   -9.961    0.0011
C  2                2325.40A   -8.474    0.0344      Fe 2                7131.14A   -9.900    0.0013      Blnd                3727.00A   -7.800    0.1627
C  2                2326.93A   -8.402    0.0407      Fe 2                6944.91A   -9.467    0.0035      Blnd                7325.00A   -9.617    0.0025
C  2                2328.12A   -8.798    0.0163      Fe 2                6473.88A   -9.505    0.0032      N 1C                5199.00A   -9.344    0.0046
C  2                157.636m   -6.340    4.6894      Fe 2                6044.10A   -9.935    0.0012      N 1T                5199.00A   -9.409    0.0040
Ca 1                4226.73A   -7.967    0.1107      Fe 2                5835.45A   -9.604    0.0026

                                                    Emergent line intensities
 Caution: emergent intensities are not reliable on the first iteration.
general properties.............................      Fe 2                2631.32A   -6.552    2.8774      Mn 2                2605.68A   -7.699    0.2055
continua.......................................      Fe 2                2617.62A   -7.997    0.1033      Mn 2                3438.97A   -9.257    0.0057
FIR                 83.0000m   -3.587 2658.7271      Fe 2                2607.09A   -7.873    0.1375      Mn 2                3460.03A   -9.867    0.0014
TIR                 1800.00m   -5.166   70.0433      Fe 2                2404.89A   -7.574    0.2736      N  1                1134.17A   -9.951    0.0011
NIRa                2.85000m   -3.682 2132.3110      Fe 2                2399.24A   -8.394    0.0415      N  1                1134.41A   -9.702    0.0020
NIRb                3.00000m   -4.848  145.5761      Fe 2                2395.42A   -9.402    0.0041      N  1                1134.98A   -9.569    0.0028
MIRa                15.0000m   -4.943  117.1237      Fe 2                2380.76A   -6.389    4.1891      N  1                1199.55A   -9.173    0.0069
MIRb                22.5000m   -3.806 1603.2321      Fe 2                2348.30A   -8.136    0.0751      N  1                1200.22A   -9.346    0.0046
NMIR                21.7500m   -3.682 2132.3110      Fe 2                2327.40A   -8.727    0.0193      N  1                1200.71A   -9.647    0.0023
TFIR                611.250m   -4.347  462.2184      Fe 2                87.3597m   -7.441    0.3718      N  1                3466.50A   -7.646    0.2318
TALL                10000.0A   -3.219 6205.7803      Fe 2                5.06097m   -8.342    0.0467      N  1                3466.54A   -8.319    0.0492
F12                 12.0000m   -6.844    1.4702      Fe 2                4.43363m   -8.260    0.0565      N  1                5197.90A   -5.715   19.7923
F25                 25.0000m   -5.456   35.9607      Fe 2                1.40951m   -9.670    0.0022      N  1                5200.26A   -5.538   29.7175
F60                 60.0000m   -3.657 2259.9612      Fe 2                1.32777m   -7.808    0.1597      N  1                1.03977m   -7.151    0.7256
F100                100.000m   -6.269    5.5301      Fe 2                1.27877m   -7.865    0.1401      N  1                1.03982m   -7.673    0.2178
MIPS                24.0000m   -5.456   35.9556      Fe 2                1.25214m   -8.905    0.0128      N  1                1.04072m   -7.499    0.3256
MIPS                70.0000m   -3.658 2256.4041      Fe 2                7926.88A   -9.143    0.0074      N  1                1.04076m   -7.486    0.3351
MIPS                160.000m   -4.668  220.6550      Fe 2                7803.89A   -8.883    0.0134      Na 1                5889.95A   -8.637    0.0237
IRAC                3.60000m   -8.070    0.0873      Fe 2                7665.28A   -8.136    0.0750      Na 1                5895.92A   -8.637    0.0237
IRAC                4.50000m   -6.749    1.8282      Fe 2                5006.63A   -8.283    0.0535      Ni 1                7.50454m   -8.600    0.0258
IRAC                5.80000m   -5.036   94.4167      Fe 2                4772.06A   -9.096    0.0082      O  1                1027.43A   -9.838    0.0015
IRAC                8.00000m   -6.044    9.2819      Fe 2                4639.67A   -8.780    0.0170      O  1                1028.16A  -10.004    0.0010
SPR1                250.000m   -6.320    4.9085      Fe 2                4528.39A   -8.391    0.0417      O  1                1304.86A   -8.274    0.0547
SPR2                350.000m   -4.812  158.2818      Fe 2                4509.61A   -8.739    0.0187      O  1                1306.03A   -8.768    0.0175
SPR3                500.000m   -6.501    3.2401      Fe 2                4452.10A   -6.762    1.7773      O  1                1355.60A   -8.320    0.0491
PAC1                70.0000m   -3.658 2257.4067      Fe 2                3277.55A   -8.896    0.0130      O  1                1358.51A   -8.788    0.0167
PAC2                100.000m   -6.269    5.5315      Fe 2                3277.12A   -9.801    0.0016      O  1                2972.29A   -7.797    0.1639
PAC3                160.000m   -4.661  223.9707      Fe 2                3275.02A   -8.972    0.0109      O  1                5577.34A   -6.847    1.4599
PAH                 3.30000m   -8.876    0.0136      Fe 2                2631.05A   -7.721    0.1952      O  1                6300.30A   -5.150   72.6115
PAHC                3.23000m   -9.156    0.0072      Fe 2                2620.41A   -9.611    0.0025      O  1                6363.78A   -5.646   23.1954
PAHC                3.37000m   -9.145    0.0074      Fe 2                2613.82A   -8.488    0.0333      O  1                6391.73A   -8.974    0.0109
PAH                 6.20000m   -8.924    0.0122      Fe 2                2410.52A   -8.359    0.0450      O  1                44.0453m   -9.284    0.0053
PAHC                5.65000m   -7.833    0.1508      Fe 2                2406.66A   -8.631    0.0240      O  1                63.1679m   -3.658 2254.3442
PAH                 7.90000m   -8.424    0.0387      Fe 2                2404.43A   -9.466    0.0035      O  1                145.495m   -4.687  210.8539
PAHC                6.90000m   -6.046    9.2379      Fe 2                2359.11A   -8.446    0.0367      O  2                2470.34A   -9.815    0.0016
PAH                 11.3000m   -8.243    0.0586      Fe 2                2338.01A   -8.505    0.0321      O  2                7319.99A  -10.008    0.0010
PAHC                10.9000m   -7.926    0.1217      Fe 2                4.67067m   -8.884    0.0134      O  2                3728.81A   -8.022    0.0977
PAH                 11.8000m   -9.611    0.0025      Fe 2                1.29777m   -8.196    0.0654      O  2                3726.03A   -8.198    0.0651
PAHC                12.6500m   -7.673    0.2179      Fe 2                1.27034m   -8.068    0.0879      P  2                60.6263m   -7.109    0.7984
PAH                 13.3000m   -9.466    0.0035      Fe 2                7999.47A   -9.890    0.0013      P  2                1532.53A   -9.649    0.0023
PAHC                14.1000m   -7.334    0.4758      Fe 2                7874.24A   -8.237    0.0595      P  2                32.8620m   -7.212    0.6293
Bcon                3640.00A   -3.989 1053.4985      Fe 2                7733.14A   -8.784    0.0169      P  2                1.14682m   -7.130    0.7617
Pcon                5000.00A   -4.411  398.5005      Fe 2                4798.28A   -8.646    0.0232      P  2                4669.25A   -8.795    0.0165
O3bn                5007.00A   -6.271    5.4972      Fe 2                4664.45A   -9.294    0.0052      P  2                2195.57A   -9.074    0.0087
RRC............................................      Fe 2                4533.01A   -9.286    0.0053      P  2                1536.42A   -9.705    0.0020
grains.........................................      Fe 2                4474.90A   -7.074    0.8657      P  2                1535.92A   -9.508    0.0032
H-like iso-sequence............................      Fe 2                3289.89A   -9.282    0.0054      P  2                1.18828m   -6.706    2.0189
H  1                1215.67A   -4.311  501.3553      Fe 2                3289.46A   -9.061    0.0089      P  2                2210.34A   -8.620    0.0246
H  1                6562.80A   -6.249    5.7839      Fe 2                2628.29A   -8.169    0.0695      P  2                1542.30A   -9.796    0.0016
H  1                4861.32A   -7.011    1.0000      Fe 2                2621.67A   -9.076    0.0086      P  2                7875.99A   -8.046    0.0923
H  1                4340.46A   -7.392    0.4161      Fe 2                2413.31A   -8.874    0.0137      S  1                1483.04A   -9.638    0.0024
H  1                4101.73A   -9.086    0.0084      Fe 2                2411.07A   -8.884    0.0134      S  1                1820.34A   -8.332    0.0478
H  1                3970.07A   -9.376    0.0043      Fe 2                2344.28A   -8.588    0.0265      S  1                1826.24A   -8.815    0.0157
H  1                3889.05A   -9.609    0.0025      Fe 2                17.9311m   -6.025    9.6933      S  1                25.2421m   -6.271    5.4989
H  1                3835.38A   -9.804    0.0016      Fe 2                1.64355m   -5.131   75.9973      S  1                56.2957m   -7.230    0.6039
H  1                3797.90A   -9.971    0.0011      Fe 2                1.53348m   -6.256    5.6953      S  2                6730.82A   -5.828   15.2541
H  1                3770.63A   -9.717    0.0020      Fe 2                8616.95A   -6.519    3.1052      S  2                6716.44A   -5.667   22.1203
H  1                3750.15A   -9.833    0.0015      Fe 2                7155.17A   -6.648    2.3080      S  2                4076.35A   -7.376    0.4318
H  1                3734.37A   -9.938    0.0012      Fe 2                6896.17A   -8.100    0.0816      S  2                4068.60A   -6.885    1.3382
H  1                1.87510m   -7.784    0.1690      Fe 2                5413.37A   -8.558    0.0284      S  2                1.03364m   -7.514    0.3141
H  1                1.28181m   -8.097    0.0822      Fe 2                5280.27A   -9.094    0.0083      S  2                1.02867m   -7.511    0.3165
H  1                1.09381m   -9.470    0.0035      Fe 2                5273.36A   -6.646    2.3169      S  2                1.03705m   -7.836    0.1497
H  1                1.00494m   -9.779    0.0017      Fe 2                5158.79A   -6.035    9.4598      S  2                1.03205m   -7.377    0.4305
H  1                4.05115m   -8.654    0.0228      Fe 2                5111.64A   -6.942    1.1723      S  2                1259.52A   -9.139    0.0074
H  1                2.62515m   -9.647    0.0023      Fe 2                5072.41A   -6.688    2.1059      S  2                1253.81A   -9.218    0.0062
H  1                2.16553m   -9.999    0.0010      Fe 2                5039.10A   -8.122    0.0775      S  2                1250.58A   -9.526    0.0031
H  1                7.45782m   -9.682    0.0021      Fe 2                4814.54A   -6.992    1.0455      Sc 2                4246.82A   -9.566    0.0028
He-like iso-sequence...........................      Fe 2                4774.73A   -7.432    0.3797      Sc 2                7043.49A   -9.336    0.0047
extra Lyman....................................      Fe 2                4745.49A   -8.484    0.0337      Sc 2                8261.17A   -9.850    0.0014
database lines.................................      Fe 2                4661.78A   -9.582    0.0027      Sc 2                8271.28A   -9.736    0.0019
CN                  2648.35m   -9.419    0.0039      Fe 2                4243.97A   -6.362    4.4628      Sc 2                8326.62A   -9.990    0.0010
CN                  2640.74m   -9.117    0.0078      Fe 2                4177.20A   -7.452    0.3629      Sc 2                8347.28A   -9.555    0.0029
CN                  1322.30m   -9.517    0.0031      Fe 2                4146.65A   -9.027    0.0096      Sc 2                8384.33A   -9.868    0.0014
CN                  1321.03m   -9.261    0.0056      Fe 2                4114.48A   -9.367    0.0044      Sc 2                1.07804m   -9.934    0.0012
CN                  881.421m   -9.509    0.0032      Fe 2                3929.35A   -9.620    0.0025      Sc 2                2.03194m   -9.472    0.0035
CN                  880.858m   -9.354    0.0045      Fe 2                3387.09A   -7.867    0.1394      Sc 2                2.04712m   -9.819    0.0016
CN                  661.044m   -9.412    0.0040      Fe 2                3376.20A   -7.069    0.8749      Sc 2                2.07591m   -9.463    0.0035
CN                  660.727m   -9.299    0.0052      Fe 2                2732.45A   -8.198    0.0651      Sc 2                2.07842m   -9.297    0.0052
CN                  528.842m   -9.525    0.0031      Fe 2                2493.30A   -5.800   16.2734      Sc 2                2.08152m   -9.566    0.0028
CN                  528.639m   -9.436    0.0038      Fe 2                2484.20A   -9.388    0.0042      Sc 2                2.11129m   -9.740    0.0019
CN                  440.721m   -9.536    0.0030      Fe 2                2360.00A   -7.692    0.2088      Sc 2                2.12445m   -9.738    0.0019
CN                  440.580m   -9.462    0.0035      Fe 2                2348.12A   -7.737    0.1881      Si 1                2211.75A   -9.552    0.0029
CN                  377.785m   -9.684    0.0021      Fe 2                2331.31A   -9.449    0.0037      Si 1                2514.32A   -9.904    0.0013
CN                  377.682m   -9.621    0.0025      Fe 2                24.5126m   -6.725    1.9348      Si 1                2519.20A   -8.936    0.0119
CN                  330.590m   -9.768    0.0018      Fe 2                1.80940m   -5.731   19.0574      Si 1                2528.51A   -8.720    0.0195
CN                  330.511m   -9.713    0.0020      Fe 2                1.67688m   -6.681    2.1387      Si 1                68.4548m   -8.222    0.0616
CN                  293.888m   -9.928    0.0012      Fe 2                1.59948m   -6.588    2.6488      Si 1                129.641m   -8.292    0.0524
CN                  293.825m   -9.879    0.0014      Fe 2                9051.95A   -6.361    4.4738      Si 2                34.8046m   -3.852 1443.8881
HF                  243.178m   -9.015    0.0099      Fe 2                8891.93A   -6.785    1.6831      Si 2                2334.41A   -7.010    1.0039
HF                  121.664m  -10.005    0.0010      Fe 2                7452.56A   -7.140    0.7435      Si 2                2328.52A   -7.625    0.2432
CO                  2600.05m   -8.071    0.0872      Fe 2                7172.00A   -7.055    0.9039      Si 2                1808.01A   -6.957    1.1333
CO                  1300.05m   -7.190    0.6624      Fe 2                6275.53A   -9.013    0.0100      Si 2                1260.42A   -9.143    0.0074
CO                  866.727m   -6.956    1.1366      Fe 2                5527.36A   -7.630    0.2407      Si 2                2350.17A   -6.879    1.3558
CO                  650.074m   -6.878    1.3600      Fe 2                5440.48A   -9.387    0.0042      Si 2                2344.20A   -6.477    3.4252
CO                  520.089m   -6.833    1.5088      Fe 2                5433.15A   -7.160    0.7096      Si 2                2334.60A   -6.585    2.6711
CO                  433.438m   -6.803    1.6169      Fe 2                5261.63A   -6.416    3.9422      Si 2                1817.45A   -7.047    0.9217
CO                  371.549m   -6.793    1.6536      Fe 2                5220.08A   -7.691    0.2091      Si 2                1816.93A   -6.622    2.4534
CO                  325.137m   -6.785    1.6841      Fe 2                5184.80A   -7.587    0.2660      Si 2                1533.43A   -7.422    0.3881
CO                  289.041m   -6.790    1.6644      Fe 2                5158.01A   -7.536    0.2988      Si 2                1309.28A   -8.209    0.0634
CO                  260.169m   -6.796    1.6428      Fe 2                4947.39A   -6.936    1.1899      Si 2                1265.00A   -7.992    0.1046
CO                  236.549m   -6.812    1.5843      Fe 2                4905.35A   -7.287    0.5301      Si 2                1264.74A   -8.420    0.0390
CO                  216.868m   -6.831    1.5149      Fe 2                4874.50A   -7.330    0.4804      Si 2                1197.39A   -8.338    0.0471
CO                  200.218m   -6.858    1.4245      Fe 2                4852.74A   -8.691    0.0209      Si 2                1194.50A   -8.549    0.0290
CO                  185.949m   -6.879    1.3565      Fe 2                4346.86A   -6.989    1.0525      Si 2                3862.60A   -9.610    0.0025
CO                  173.584m   -6.904    1.2798      Fe 2                4276.84A   -6.913    1.2544      Si 2                3856.02A   -9.584    0.0027
CO                  162.767m   -6.930    1.2047      Fe 2                4244.82A   -7.725    0.1935      Si 2                6371.37A   -9.527    0.0031
CO                  153.225m   -6.959    1.1280      Fe 2                4231.56A   -9.325    0.0049      Si 2                6347.11A   -9.450    0.0036
CO                  144.745m   -6.989    1.0525      Fe 2                4211.11A   -9.301    0.0051      Zn 2                2062.00A   -9.134    0.0075
CO                  137.159m   -7.020    0.9804      Fe 2                3455.11A   -7.973    0.1092      Zn 2                2025.48A   -8.902    0.0129
CO                  130.333m   -7.052    0.9110      Fe 2                3452.31A   -7.662    0.2236      Al 2                2669.15A   -6.656    2.2640
CO                  124.160m   -7.089    0.8366      Fe 2                3440.99A   -7.548    0.2906      Al 2                2660.35A   -6.483    3.3781
CO                  118.548m   -7.129    0.7625      Fe 2                2774.73A   -9.439    0.0037      Al 2                1670.79A   -7.154    0.7206
CO                  113.427m   -7.170    0.6946      Fe 2                2759.34A   -9.841    0.0015      Al 2                3900.67A   -9.892    0.0013
CO                  108.733m   -7.213    0.6290      Fe 2                2485.07A   -9.619    0.0025      Ca 2                7323.89A   -5.429   38.2592
CO                  104.416m   -7.256    0.5694      Fe 2                2391.48A   -8.708    0.0201      Ca 2                7291.47A   -5.260   56.4212
CO                  100.433m   -7.302    0.5124      Fe 2                2379.28A   -9.436    0.0038      Ca 2                3968.47A   -7.116    0.7851
CO                  96.7462m   -7.349    0.4596      Fe 2                2362.02A   -8.154    0.0721      Ca 2                8662.14A   -6.168    6.9720
CO                  93.3237m   -7.398    0.4104      Fe 2                35.7675m   -7.525    0.3067      Ca 2                3933.66A   -7.083    0.8473
CO                  90.1384m   -7.449    0.3652      Fe 2                1.95361m   -6.642    2.3389      Ca 2                8498.02A   -6.854    1.4361
CO                  87.1666m   -7.501    0.3235      Fe 2                1.80002m   -6.697    2.0627      Ca 2                8542.09A   -5.907   12.7058
CO                  84.3877m   -7.555    0.2859      Fe 2                1.71113m   -7.266    0.5563      Ca 2                3706.02A   -8.522    0.0308
CO                  81.7835m   -7.611    0.2516      Fe 2                1.66377m   -6.885    1.3366      Ca 2                3736.90A   -8.226    0.0610
CO                  79.3383m   -7.669    0.2201      Fe 2                9399.04A   -6.783    1.6927      Ca 2                3158.87A   -8.543    0.0294
CO                  77.0375m   -7.729    0.1918      Fe 2                9226.63A   -6.729    1.9170      Ca 2                3181.27A   -9.248    0.0058
CO                  74.8697m   -7.789    0.1668      Fe 2                9033.49A   -7.805    0.1609      Ca 2                3179.33A   -8.294    0.0522
CO                  72.8231m   -7.852    0.1443      Fe 2                7388.17A   -7.175    0.6856      Ca 2                1.19497m   -9.975    0.0011
CO                  70.8878m   -7.916    0.1245      Fe 2                6440.41A   -8.128    0.0764      Ca 2                1.18390m   -9.668    0.0022
CO                  69.0557m   -7.980    0.1075      Fe 2                6229.28A   -9.278    0.0054      Ca 2                1838.01A   -9.480    0.0034
CO                  67.3181m   -8.045    0.0925      Fe 2                5654.87A   -8.590    0.0264      Ca 2                1840.03A   -9.324    0.0049
CO                  65.6684m   -8.111    0.0794      Fe 2                5556.31A   -7.830    0.1520      Ca 2                2112.76A   -9.952    0.0011
CO                  64.0998m   -8.177    0.0682      Fe 2                5412.67A   -8.358    0.0450      Cl 2                14.3639m   -7.335    0.4742
CO                  62.6072m   -8.244    0.0585      Fe 2                5333.66A   -6.703    2.0349      Cl 2                33.2721m   -8.416    0.0394
CO                  61.1843m   -8.311    0.0501      Fe 2                5296.84A   -7.986    0.1061      Cl 2                8578.70A   -7.023    0.9725
CO                  59.8271m   -8.379    0.0429      Fe 2                5268.89A   -7.706    0.2020      Cl 2                9123.60A   -7.608    0.2530
CO                  58.5311m   -8.447    0.0367      Fe 2                5107.96A   -8.642    0.0234      Cl 2                3677.85A   -8.946    0.0116
CO                  57.2920m   -8.515    0.0313      Fe 2                5049.30A   -7.109    0.7982      Cl 2                6161.84A   -8.900    0.0129
CO                  56.1066m   -8.586    0.0266      Fe 2                5005.52A   -7.163    0.7049      Mg 2                2802.71A   -5.185   67.0198
CO                  54.9712m   -8.657    0.0226      Fe 2                4973.40A   -7.431    0.3808      Mg 2                2795.53A   -4.889  132.6137
CO                  53.8829m   -8.728    0.0192      Fe 2                4950.76A   -7.776    0.1717      Mg 2                2936.52A   -8.116    0.0785
CO                  52.8388m   -8.800    0.0163      Fe 2                4352.79A   -7.229    0.6062      Mg 2                2928.64A   -8.418    0.0392
CO                  51.8365m   -8.872    0.0138      Fe 2                4319.62A   -7.495    0.3286      Mg 2                2797.93A   -8.856    0.0143
CO                  50.8731m   -8.944    0.0117      Fe 2                4305.90A   -8.298    0.0517      Mg 2                2790.77A   -8.154    0.0720
CO                  49.9472m   -9.017    0.0099      Fe 2                4084.33A   -9.625    0.0024      Mg 2                2798.00A   -7.901    0.1290
CO                  49.0559m   -9.091    0.0083      Fe 2                3504.51A   -8.276    0.0544      Mg 2                9244.22A   -9.979    0.0011
CO                  48.1977m   -9.166    0.0070      Fe 2                3504.02A   -8.133    0.0756      Mg 2                9218.22A   -9.679    0.0021
CO                  47.3709m   -9.243    0.0059      Fe 2                3501.63A   -7.697    0.2064      N  2                205.283m   -9.218    0.0062
CO                  46.5738m   -9.321    0.0049      Fe 2                3489.99A   -8.376    0.0432      N  2                121.769m   -9.442    0.0037
CO                  45.8046m   -9.399    0.0041      Fe 2                2385.01A   -8.981    0.0107      N  2                6548.05A   -8.592    0.0263
CO                  45.0623m   -9.480    0.0034      Fe 2                2.06648m   -8.036    0.0945      N  2                6583.45A   -8.122    0.0775
CO                  44.3452m   -9.563    0.0028      Fe 2                1.89541m   -7.433    0.3790      N  2                5754.59A   -9.971    0.0011
CO                  43.6523m   -9.649    0.0023      Fe 2                1.79711m   -6.919    1.2359      N  2                2142.77A   -9.975    0.0011
CO                  42.9823m   -9.740    0.0019      Fe 2                1.74494m   -7.208    0.6360      Ni 2                1.19102m   -6.006   10.1151
CO                  42.3344m   -9.834    0.0015      Fe 2                9652.70A   -7.632    0.2397      Ni 2                6.63416m   -6.634    2.3816
CO                  41.7069m   -9.937    0.0012      Fe 2                9470.94A   -7.119    0.7800      Ni 2                1.07151m   -7.628    0.2417
^13CO               2719.67m   -9.632    0.0024      Fe 2                9267.56A   -7.501    0.3235      Ni 2                10.6793m   -7.266    0.5570
^13CO               1359.86m   -8.709    0.0201      Fe 2                7544.00A   -9.815    0.0016      Ni 2                1.27792m   -9.452    0.0036
^13CO               906.599m   -8.461    0.0355      Fe 2                6558.51A   -8.342    0.0467      Ni 2                1.16130m   -8.143    0.0738
^13CO               679.978m   -8.377    0.0431      Fe 2                5745.71A   -8.961    0.0112      Ni 2                12.7253m   -7.680    0.2143
^13CO               544.012m   -8.331    0.0479      Fe 2                5643.98A   -8.802    0.0162      Ni 2                9882.95A   -8.893    0.0131
^13CO               453.374m   -8.301    0.0514      Fe 2                5495.84A   -8.635    0.0238      Ni 2                1.09177m   -8.430    0.0381
^13CO               388.637m   -8.291    0.0525      Fe 2                5376.47A   -7.097    0.8210      Ni 2                18.2355m   -8.397    0.0412
^13CO               340.088m   -8.284    0.0534      Fe 2                5347.66A   -8.211    0.0631      Ni 2                9374.87A   -9.185    0.0067
^13CO               302.332m   -8.289    0.0527      Fe 2                5181.96A   -8.488    0.0334      Ni 2                7377.83A   -6.796    1.6416
^13CO               272.130m   -8.295    0.0520      Fe 2                5076.57A   -7.767    0.1754      Ni 2                8300.99A   -8.092    0.0830
^13CO               247.423m   -8.311    0.0501      Fe 2                5043.53A   -7.637    0.2366      Ni 2                1.93877m   -7.504    0.3217
^13CO               226.836m   -8.332    0.0478      Fe 2                5020.25A   -7.754    0.1810      Ni 2                2.36883m   -8.791    0.0166
^13CO               209.419m   -8.359    0.0449      Fe 2                4372.43A   -7.769    0.1747      Ni 2                2.91064m   -8.459    0.0356
^13CO               194.493m   -8.381    0.0427      Fe 2                4358.37A   -7.981    0.1074      Ni 2                6666.80A   -7.641    0.2347
^13CO               181.558m   -8.407    0.0402      Fe 2                4080.00A   -9.654    0.0023      Ni 2                7411.61A   -7.422    0.3885
^13CO               170.243m   -8.435    0.0377      Fe 2                3539.19A   -7.981    0.1073      Ni 2                1.76458m   -9.567    0.0028
^13CO               160.261m   -8.465    0.0352      Fe 2                3538.69A   -8.274    0.0546      Ni 2                2.04866m   -9.145    0.0074
^13CO               151.390m   -8.496    0.0328      Fe 2                3536.25A   -8.400    0.0409      Ni 2                2.30794m   -8.601    0.0257
^13CO               143.454m   -8.528    0.0304      Fe 2                3524.38A   -9.708    0.0020      Ni 2                6.91767m   -8.901    0.0129
^13CO               136.314m   -8.562    0.0282      Fe 2                22.8961m   -9.030    0.0096      Ni 2                4326.24A   -7.588    0.2650
^13CO               129.855m   -8.601    0.0257      Fe 2                1.81139m   -9.309    0.0050      Ni 2                4628.05A   -8.010    0.1003
^13CO               123.985m   -8.643    0.0233      Fe 2                7764.71A   -8.515    0.0314      Ni 2                6794.20A   -9.066    0.0088
^13CO               118.627m   -8.687    0.0211      Fe 2                7336.73A   -8.805    0.0161      Ni 2                7255.82A   -7.943    0.1171
^13CO               113.717m   -8.733    0.0190      Fe 2                7267.25A   -9.773    0.0017      Ni 2                7694.56A   -9.013    0.0100
^13CO               109.201m   -8.781    0.0170      Fe 2                6809.24A   -8.782    0.0169      Ni 2                8033.54A   -9.178    0.0068
^13CO               105.034m   -8.832    0.0151      Fe 2                6729.87A   -9.063    0.0089      Ni 2                1.04597m   -8.427    0.0384
^13CO               101.176m   -8.885    0.0134      Fe 2                6671.93A   -9.626    0.0024      Ni 2                1.23230m   -8.454    0.0361
^13CO               97.5955m   -8.942    0.0117      Fe 2                5721.37A   -9.900    0.0013      Ni 2                4201.17A   -7.770    0.1742
^13CO               94.2629m   -9.002    0.0102      Fe 2                5163.96A   -8.812    0.0158      Ni 2                4485.21A   -8.223    0.0614
^13CO               91.1537m   -9.066    0.0088      Fe 2                4266.35A   -9.512    0.0032      Ni 2                7307.65A   -8.118    0.0782
^13CO               88.2461m   -9.134    0.0075      Fe 2                4249.08A   -9.783    0.0017      Ni 2                7612.72A   -8.447    0.0367
^13CO               85.5213m   -9.207    0.0064      Fe 2                4157.92A   -9.790    0.0017      Ni 2                1.13597m   -9.129    0.0076
^13CO               82.9627m   -9.286    0.0053      Fe 2                3277.35A   -8.328    0.0483      Ni 2                4285.31A   -8.978    0.0108
^13CO               80.5556m   -9.372    0.0044      Fe 2                3255.89A   -9.591    0.0026      Ni 2                6791.48A   -8.693    0.0208
^13CO               78.2869m   -9.467    0.0035      Fe 2                2926.59A   -9.242    0.0059      Ni 2                7054.20A   -8.598    0.0259
^13CO               76.1453m   -9.575    0.0027      Fe 2                2880.76A   -8.894    0.0131      Ni 2                9.61508m   -9.887    0.0013
^13CO               74.1205m   -9.700    0.0020      Fe 2                2755.74A   -7.246    0.5820      Ni 2                4033.04A   -8.036    0.0944
^13CO               72.2030m   -9.854    0.0014      Fe 2                2739.55A   -7.985    0.1062      Ni 2                4294.09A   -8.157    0.0715
OH+                 308.406m   -9.792    0.0017      Fe 2                2716.70A   -8.095    0.0826      Ni 2                6467.29A   -9.190    0.0066
C  1                1560.31A   -8.747    0.0184      Fe 2                34.6508m   -9.901    0.0013      Ni 2                6813.57A   -8.178    0.0681
C  1                1560.68A   -8.876    0.0137      Fe 2                1.00287m   -8.503    0.0322      Ni 2                7078.04A   -8.727    0.0192
C  1                1560.71A   -8.729    0.0192      Fe 2                8245.16A  -10.002    0.0010      Ni 2                1.02090m   -9.509    0.0032
C  1                1561.34A   -8.116    0.0787      Fe 2                8037.28A   -9.032    0.0095      Ni 2                3993.06A   -7.692    0.2089
C  1                1561.37A   -8.361    0.0447      Fe 2                7579.61A   -9.524    0.0031      Ni 2                4248.80A   -8.167    0.0699
C  1                1561.44A   -8.392    0.0417      Fe 2                7017.95A   -9.443    0.0037      Ni 2                6007.06A   -9.281    0.0054
C  1                1656.27A   -8.243    0.0586      Fe 2                6933.67A   -9.808    0.0016      Ni 2                6365.10A   -8.165    0.0701
C  1                1656.93A   -8.545    0.0293      Fe 2                6872.19A   -8.974    0.0109      Ni 2                6700.24A   -9.559    0.0028
C  1                1657.01A   -7.645    0.2323      Fe 2                6829.03A  -10.008    0.0010      Ni 2                6955.82A   -9.593    0.0026
C  1                1657.38A   -8.352    0.0456      Fe 2                5746.98A   -8.861    0.0141      Ni 2                8703.87A   -8.621    0.0246
C  1                1657.91A   -7.893    0.1314      Fe 2                5283.12A   -9.421    0.0039      Ni 2                9956.63A   -8.847    0.0146
C  1                1658.12A   -7.708    0.2012      Fe 2                5199.18A   -9.635    0.0024      Ni 2                5.18504m   -9.626    0.0024
C  1                1993.62A   -8.410    0.0399      Fe 2                4351.81A   -9.782    0.0017      Ni 2                3438.88A   -7.880    0.1353
C  1                2582.90A   -9.674    0.0022      Fe 2                4347.36A   -9.151    0.0072      Ni 2                3626.89A   -8.188    0.0666
C  1                9824.13A   -5.238   59.2925      Fe 2                4329.43A   -8.498    0.0326      Ni 2                3378.16A   -8.494    0.0329
C  1                9850.26A   -4.763  177.1374      Fe 2                2953.77A   -9.939    0.0012      Ni 2                3559.41A   -8.473    0.0345
C  1                370.269m   -4.821  154.9419      Fe 2                2772.73A   -8.047    0.0922      level 1 lines..................................
C  1                609.590m   -5.198   65.0328      Fe 2                2749.32A   -8.061    0.0893      recombination..................................
C  2                1334.53A   -9.756    0.0018      Fe 2                9795.19A   -9.281    0.0054      level2 lines...................................
C  2                1335.66A   -9.539    0.0030      Fe 2                8228.13A   -9.195    0.0065      C  1                1247.50A   -8.878    0.0136
C  2                1335.71A   -9.564    0.0028      Fe 2                7613.14A   -9.603    0.0026      C  1                1314.77A   -8.803    0.0162
C  2                2323.50A   -9.184    0.0067      Fe 2                7011.24A  -10.010    0.0010      C  1                1165.98A   -9.895    0.0013
C  2                2324.69A   -8.852    0.0144      Fe 2                6966.33A   -9.367    0.0044      C  1                1233.29A   -9.384    0.0042
C  2                2325.40A   -8.475    0.0344      Fe 2                5477.25A   -9.365    0.0044      C  1                1250.68A   -9.532    0.0030
C  2                2326.93A   -8.402    0.0407      Fe 2                5278.38A   -9.833    0.0015      Mg 1                1817.31A   -9.631    0.0024
C  2                2328.12A   -8.798    0.0163      Fe 2                4402.59A   -9.618    0.0025      Mg 1                1739.09A   -9.841    0.0015
C  2                157.636m   -6.340    4.6897      Fe 2                4384.21A   -9.550    0.0029      Mg 1                1699.05A   -9.935    0.0012
Ca 1                4226.73A   -7.967    0.1107      Fe 2                1.05081m   -9.761    0.0018      Si 1                1853.05A   -9.514    0.0031
Ca 1                6439.08A   -8.949    0.0115      Fe 2                7710.80A   -9.914    0.0013      Si 1                1999.94A   -9.892    0.0013
Ca 1                6462.57A   -9.159    0.0071      Fe 2                7048.01A   -9.580    0.0027      Si 2                1179.59A   -9.045    0.0093
Ca 1                6471.66A  -10.000    0.0010      Fe 2                5901.28A   -9.811    0.0016      Si 2                993.354A   -9.977    0.0011
Ca 1                6493.78A   -9.353    0.0046      Fe 2                5527.62A   -9.923    0.0012      S  1                1356.05A   -9.416    0.0039
Cl 1                11.3303m   -8.262    0.0561      Fe 2                2.04602m   -8.448    0.0366      S  1                1392.25A   -9.751    0.0018
Co 2                9335.96A   -9.156    0.0072      Fe 2                1.41956m   -9.003    0.0102      Fe 1                2484.25A   -9.654    0.0023
Co 2                9639.13A   -9.594    0.0026      Fe 2                1.35904m   -9.808    0.0016      Fe 1                2526.51A   -9.922    0.0012
Co 2                10.5199m   -7.990    0.1050      Fe 2                1.23314m   -8.796    0.0164      Sc 2                3627.22A   -8.335    0.0474
Co 2                15.4548m   -8.876    0.0137      Fe 2                1.09108m   -8.719    0.0196      Sc 2                3575.45A   -8.458    0.0358
Co 2                2.98382m   -7.476    0.3430      Fe 2                1.07084m   -9.157    0.0071      Sc 2                3368.13A   -9.023    0.0097
Co 2                14.7345m   -8.521    0.0309      Fe 2                1.05625m   -9.608    0.0025      Ti 2                3364.74A   -6.760    1.7830
Co 2                18.7989m   -9.040    0.0094      Fe 2                1.01565m   -9.410    0.0040      Ti 2                3237.15A   -7.000    1.0266
Co 2                25.6819m   -9.728    0.0019      Fe 2                8119.18A   -9.887    0.0013      Ti 2                1904.17A   -8.867    0.0139
Co 2                1.01879m   -8.207    0.0637      Fe 2                5588.16A   -8.713    0.0199      Ti 2                1907.36A   -8.609    0.0252
Co 2                1.12804m   -9.178    0.0068      Fe 2                5586.91A   -9.575    0.0027      V  2                2710.94A   -9.094    0.0083
Co 2                1.54700m   -8.453    0.0362      Fe 2                5580.82A   -8.144    0.0736      V  2                2684.22A   -8.856    0.0143
Co 2                1.72847m   -9.449    0.0037      Fe 2                5551.32A   -7.862    0.1410      V  2                2139.33A   -9.510    0.0032
Co 2                1.90349m   -9.288    0.0053      Fe 2                3227.74A   -9.602    0.0026      Cr 1                4269.56A   -9.320    0.0049
Co 2                1.02452m   -9.012    0.0100      Fe 2                3196.07A   -9.097    0.0082      Cr 1                3589.90A   -9.136    0.0075
Co 2                1.09726m   -9.640    0.0024      Fe 2                2.13278m   -8.703    0.0203      Cr 2                2059.78A   -7.361    0.4470
Co 2                1.49674m   -9.876    0.0014      Fe 2                1.46079m   -9.550    0.0029      Mn 2                1198.85A   -9.718    0.0020
Co 2                1.62622m   -9.864    0.0014      Fe 2                1.39678m   -9.610    0.0025      Co 2                2060.90A   -8.834    0.0150
Co 2                1.73616m   -9.570    0.0028      Fe 2                1.30943m   -9.630    0.0024      Co 2                2018.80A   -8.869    0.0139
Co 2                1.02803m   -9.610    0.0025      Fe 2                1.24364m   -9.815    0.0016      Co 2                1949.74A   -8.946    0.0116
Co 2                8580.39A   -9.665    0.0022      Fe 2                1.09413m   -8.916    0.0125      Co 2                1575.91A   -9.467    0.0035
Co 2                9342.40A   -8.361    0.0447      Fe 2                1.07890m   -9.012    0.0100      Co 2                1470.18A   -9.535    0.0030
Co 2                9943.48A   -8.708    0.0201      Fe 2                1.06830m   -9.770    0.0017      Ni 2                1751.83A   -8.394    0.0414
Co 2                7539.01A   -9.030    0.0096      Fe 2                1.03658m   -9.782    0.0017      Ni 2                1744.24A   -8.202    0.0645
Co 2                8121.00A   -8.742    0.0186      Fe 2                5650.95A   -8.691    0.0209      Ni 2                1484.97A   -9.511    0.0032
Co 2                8571.41A   -9.349    0.0046      Fe 2                5649.67A   -8.665    0.0222      Ni 2                1472.74A   -9.211    0.0063
Co 2                6.21176m   -9.991    0.0010      Fe 2                5643.44A   -9.803    0.0016      Ni 2                1400.37A   -9.514    0.0031
Co 2                8027.34A   -9.208    0.0064      Fe 2                5613.27A   -8.078    0.0858      Ni 2                1375.73A   -9.195    0.0066
Co 2                8467.14A   -9.621    0.0025      Fe 2                2.24366m   -9.041    0.0093      Ni 2                1324.11A   -9.294    0.0052
Co 2                8333.76A   -9.389    0.0042      Fe 2                2.00672m   -8.387    0.0421      Zn 1                2138.57A   -9.897    0.0013
Cr 2                8000.08A   -7.194    0.6563      Fe 2                1.10657m   -9.259    0.0056      hyperfine structure............................
Cr 2                8125.30A   -7.268    0.5536      Fe 2                1.09542m   -9.363    0.0044      inner shell....................................
Cr 2                8229.67A   -7.362    0.4456      Fe 2                5725.92A   -8.963    0.0112      molecules......................................
Cr 2                8308.49A   -7.550    0.2895      Fe 2                5718.22A   -8.412    0.0397      bands..........................................
Cr 2                8357.64A   -7.847    0.1459      Fe 2                2.22379m   -7.797    0.1639      Fe 2b               2500.00A   -5.194   65.7079
Cu 1                3247.54A   -9.911    0.0013      Fe 2                2.01513m   -8.116    0.0785      Fe 2b               5000.00A   -5.250   57.7699
Fe 1                24.0358m   -7.643    0.2333      Fe 2                9682.08A   -8.628    0.0242      Fe 2b               7000.00A   -6.193    6.5890
Fe 1                34.7038m   -8.232    0.0602      Fe 2                9513.85A   -9.434    0.0038      Fe 2b               10000.0A   -4.872  137.7346
Fe 2                25.9813m   -5.559   28.3173      Fe 2                8715.81A   -9.261    0.0056      Fe 2b               2355.00A   -5.929   12.0741
Fe 2                5.33871m   -5.037   94.2649      Fe 2                6873.84A   -8.925    0.0122      Fe 2b               2430.00A   -5.201   64.6643
Fe 2                4.11387m   -7.399    0.4092      Fe 2                6700.65A   -9.895    0.0013      Fe 2b               2445.00A   -5.201   64.6642
Fe 2                1.25668m   -6.308    5.0458      Fe 2                6188.55A   -9.106    0.0081      Fe 2b               2495.00A   -5.800   16.2810
Fe 2                1.19129m   -9.093    0.0083      Fe 2                5870.02A   -9.355    0.0045      Fe 2b               2610.00A   -5.451   36.3047
Fe 2                6309.53A   -9.939    0.0012      Fe 2                5673.20A   -9.389    0.0042      Fe 2b               2695.00A   -8.094    0.0826
Fe 2                4799.30A   -9.837    0.0015      Fe 2                4898.61A   -9.126    0.0077      Fe 2b               2758.00A   -7.038    0.9399
Fe 2                4704.22A   -9.061    0.0089      Fe 2                2.25348m   -8.634    0.0238      Fe 2b               2780.00A   -6.996    1.0359
Fe 2                4632.28A   -7.268    0.5533      Fe 2                1.02005m   -9.843    0.0015      Fe 2b               2935.00A   -8.691    0.0209
Fe 2                4604.48A   -9.052    0.0091      Fe 2                1.00139m   -9.286    0.0053      Fe 2b               2960.00A   -9.118    0.0078
Fe 2                4416.27A   -7.250    0.5775      Fe 2                9133.66A  -10.010    0.0010      Fe 2b               3180.00A   -7.615    0.2493
Fe 2                4382.74A   -8.219    0.0619      Fe 2                8885.67A   -9.735    0.0019      Fe 2b               3250.00A   -6.910    1.2638
Fe 2                4287.39A   -6.287    5.2993      Fe 2                7131.14A   -9.900    0.0013      Fe 2b               3590.00A   -6.929    1.2099
Fe 2                3931.44A   -9.882    0.0013      Fe 2                6944.91A   -9.468    0.0035      Fe 2b               3910.00A   -8.979    0.0108
Fe 2                3874.07A   -9.513    0.0032      Fe 2                6473.88A   -9.505    0.0032      Fe 2b               4060.00A   -9.637    0.0024
Fe 2                3175.38A   -8.098    0.0818      Fe 2                6044.10A   -9.935    0.0012      Fe 2b               4255.00A   -5.683   21.3085
Fe 2                2599.40A   -8.255    0.0571      Fe 2                5835.45A   -9.604    0.0026      Fe 2b               4558.00A   -6.413    3.9653
Fe 2                2585.88A   -9.267    0.0056      Fe 2                5060.09A   -9.685    0.0021      Fe 2b               4600.00A   -6.383    4.2460
Fe 2                2382.04A   -6.584    2.6751      Fe 2                4576.40A   -9.937    0.0012      Fe 2b               4743.00A   -7.132    0.7575
Fe 2                2373.74A   -9.874    0.0014      Fe 2                1.34608m   -9.984    0.0011      Fe 2b               4855.00A   -6.553    2.8699
Fe 2                2343.50A   -9.066    0.0088      Fe 2                1.11648m   -9.801    0.0016      Fe 2b               4920.00A   -6.039    9.3893
Fe 2                35.3391m   -6.221    6.1713      Fe 2                5048.19A   -9.651    0.0023      Fe 2b               4975.00A   -6.568    2.7733
Fe 2                6.71944m   -6.177    6.8337      Fe 2                1.71482m   -9.236    0.0060      Fe 2b               4971.00A   -6.611    2.5125
Fe 2                4.88781m   -7.063    0.8881      Fe 2                9949.21A   -9.568    0.0028      Fe 2b               5070.00A   -6.490    3.3209
Fe 2                4.07521m   -7.884    0.1339      Fe 2                7975.22A   -9.750    0.0018      Fe 2b               5143.00A   -5.957   11.3396
Fe 2                1.32055m   -6.805    1.6087      Fe 2                1.47063m  -10.006    0.0010      Fe 2b               5270.00A   -5.672   21.8415
Fe 2                1.24854m   -7.839    0.1487      Fe 2                1.01273m   -9.682    0.0021      Fe 2b               5318.00A   -5.990   10.5015
Fe 2                1.20512m   -9.651    0.0023      Fe 2                6353.11A   -9.802    0.0016      Fe 2b               5540.00A   -7.138    0.7474
Fe 2                7637.52A   -7.109    0.7991      Fe 2                1.80228m   -9.903    0.0013      Fe 2b               5865.00A   -7.738    0.1877
Fe 2                7523.28A   -9.156    0.0072      Fe 2                1.00387m   -9.831    0.0015      Fe 2b               6265.00A   -8.551    0.0289
Fe 2                4889.62A   -7.132    0.7570      Fe 2                9469.41A   -9.715    0.0020      Fe 2b               6565.00A   -7.894    0.1311
Fe 2                4750.27A   -9.864    0.0014      Fe 2                9384.77A   -9.205    0.0064      Fe 2b               6910.00A   -7.833    0.1509
Fe 2                4716.37A   -8.146    0.0733      Fe 2                2.39329m   -9.255    0.0057      Fe 2b               7445.00A   -6.214    6.2732
Fe 2                4687.56A   -8.349    0.0459      Fe 2                4825.73A   -8.714    0.0199      Fe 2b               8625.00A   -5.881   13.4925
Fe 2                4492.64A   -8.119    0.0780      Fe 2                2.50030m   -9.593    0.0026      Fe 2b               1.03250m   -6.939    1.1814
Fe 2                4457.95A   -7.518    0.3117      Fe 2                4867.73A   -9.755    0.0018      Fe 2b               1.88900m   -5.588   26.5330
Fe 2                4432.45A   -8.311    0.0501      Fe 2                2.59860m   -9.975    0.0011      Fe 2b               2.20000m   -7.673    0.2181
Fe 2                4359.33A   -6.418    3.9206      Fe 2                4903.85A   -9.207    0.0064      miscellaneous..................................
Fe 2                3224.54A   -9.195    0.0066      Fe 2                1.04657m  -10.008    0.0010      Blnd                8446.00A   -9.768    0.0017
Fe 2                3214.67A   -8.612    0.0251      Fe 2                3.58120m   -9.600    0.0026      Blnd                1304.00A   -8.152    0.0723
Fe 2                2625.67A   -5.574   27.3631      Fe 2                3.15558m   -9.630    0.0024      Blnd                2798.00A   -4.711  199.6335
Fe 2                2611.87A   -6.300    5.1489      Fe 2                5171.63A   -9.015    0.0099      Blnd                6720.00A   -5.439   37.3743
Fe 2                2598.37A   -7.530    0.3026      Fe 2                5169.03A   -8.234    0.0599      Blnd                4074.00A   -6.763    1.7700
Fe 2                2395.63A   -6.583    2.6821      Fe 2                5018.44A   -9.966    0.0011      Blnd                1.03300m   -6.872    1.3776
Fe 2                2388.63A   -7.629    0.2415      Fe 2                6044.54A   -9.459    0.0036      Blnd                1256.00A   -8.788    0.0167
Fe 2                2383.06A   -9.550    0.0029      Fe 2                5316.61A   -9.932    0.0012      Blnd                5892.00A   -8.336    0.0474
Fe 2                2364.83A   -6.983    1.0663      Fe 3                22.9190m   -9.957    0.0011      Blnd                2665.00A   -6.260    5.6421
Fe 2                2332.80A   -8.054    0.0905      Fe 3                4985.87A   -9.818    0.0016      Blnd                2335.00A   -6.072    8.6992
Fe 2                2279.91A   -9.634    0.0024      K  1                7664.90A   -9.849    0.0015      Blnd                8579.00A   -5.687   21.1139
Fe 2                51.2868m   -6.739    1.8720      Mg 1                2025.82A   -8.818    0.0156      Blnd                7306.00A   -5.035   94.6804
Fe 2                5.67236m   -7.874    0.1371      Mg 1                2852.13A   -6.457    3.5874      Blnd                3933.00A   -6.799    1.6324
Fe 2                4.60641m   -7.684    0.2125      Mg 1                3832.30A   -9.528    0.0030      Blnd                1657.00A   -7.167    0.6984
Fe 2                4.08085m   -8.430    0.0381      Mg 1                3838.29A   -9.111    0.0079      Blnd                9850.00A   -4.638  236.4299
Fe 2                1.37181m   -7.048    0.9183      Mg 1                3838.29A  -10.006    0.0010      Blnd                2326.00A   -7.960    0.1126
Fe 2                1.29427m   -7.625    0.2437      Mg 1                4562.60A   -6.262    5.6134      Blnd                1335.00A   -9.132    0.0076
Fe 2                7806.23A   -8.881    0.0135      Mg 1                4571.10A   -6.701    2.0456      Blnd                3467.00A   -7.563    0.2811
Fe 2                7686.93A   -7.186    0.6684      Mg 1                4575.29A   -7.629    0.2414      Blnd                5199.00A   -5.317   49.5098
Fe 2                7552.40A   -9.666    0.0022      Mg 1                5167.32A   -8.787    0.0168      Blnd                1.04030m   -6.806    1.6041
Fe 2                4958.23A   -8.983    0.0107      Mg 1                5172.68A   -8.313    0.0499      Blnd                2141.00A   -9.827    0.0015
Fe 2                4750.57A   -8.980    0.0108      Mg 1                5183.60A   -8.092    0.0830      Blnd                6300.00A   -5.030   95.8178
Fe 2                4728.07A   -7.781    0.1701      Mg 1                8806.76A   -8.373    0.0435      Blnd                2471.00A   -9.712    0.0020
Fe 2                4514.90A   -8.143    0.0738      Mg 1                1.18282m   -8.553    0.0288      Blnd                7323.00A   -9.879    0.0014
Fe 2                4488.75A   -7.862    0.1409      Mg 1                1.50250m   -9.353    0.0046      Blnd                7332.00A   -9.961    0.0011
Fe 2                4470.30A   -9.066    0.0088      Mg 1                1.50402m   -9.798    0.0016      Blnd                3727.00A   -7.800    0.1627
Fe 2                4413.78A   -6.569    2.7680      Mg 1                1.71087m   -9.093    0.0083      Blnd                7325.00A   -9.617    0.0025
Fe 2                3254.24A   -8.672    0.0218      Mn 2                2576.10A   -7.465    0.3519
Fe 2                3244.18A   -8.967    0.0111      Mn 2                2593.72A   -7.559    0.2837



 IC443 grid point v shock=28 km/s  
 Cooling:  H  1c                     0 :0.124 C  1c                     0 :0.071 Fe 2c                     0 :0.065 O  1c                     0 :0.396 Si 2c                     0 :0.225  
 Heating:  TotM                      0 :0.202 CT H                      0 :0.664 H- H                      0 :0.130  

 These are some of the most important databases used by Cloudy:
 Many recombination coefficients were taken from http://amdpp.phys.strath.ac.uk/tamoc/RR/ and http://amdpp.phys.strath.ac.uk/tamoc/DR/
      and are based on the following papers:
        Badnell N. R., et al., A&A 406, 1151 (2003) [http://adsabs.harvard.edu/abs/2003A%26A...406.1151B]
        Badnell N. R., ApJS 167, 334 (2006) [http://adsabs.harvard.edu/abs/2006ApJS..167..334B]
 Much of the molecular emission data is from LAMDA as accessed on June 30, 2015. This database is described in:
        Schoeier F.L., et al., A&A 432, 369 (2005) [http://adsabs.harvard.edu/abs/2005A%26A...432..369S]
      This database is in part based on the work of the following groups:
        JPL: Pickett H. M. et al., JQSRT, 60, 883 (1998). [http://adsabs.harvard.edu/abs/1998JQSRT..60..883P]
        CDMS: Mueller H. S. et al., A&A 370, L49 (2001). [http://adsabs.harvard.edu/abs/2001A%26A...370L..49M]
              Mueller H. S. et al., J. Mol. Struct. 742, 215 (2005). [http://adsabs.harvard.edu/abs/2005JMoSt.742..215M]
 Some of the ionic emission data is from version 10.0.1 of CHIANTI. CHIANTI is a collaborative project involving the NRL (USA), the
      Universities of Florence (Italy) and Cambridge (UK), and George Mason University (USA). These papers describe Chianti:
        Dere K. P., et al., A&AS, 125, 149 (1997) [http://adsabs.harvard.edu/abs/1997A%26AS..125..149D]
        Landi E., et al., ApJ, 744, 99 (2012) [http://adsabs.harvard.edu/abs/2012ApJ...744...99L]
 Much of the H_2 data is from this web site: http://molat.obspm.fr/index.php?page=pages/Molecules/H2/H2can94.php. These data are
      described in:
        Abgrall H. et al., Can. J. Phys., 72, 856 (1994) [http://adsabs.harvard.edu/abs/1994CaJPh..72..856A]
        Wrathmall S. A. & Flower D. R., J. Phys. B, 40, 3221 (2007) [http://adsabs.harvard.edu/abs/2007JPhB...40.3221W]
 The Case A and Case B recombination predictions for one-electron systems are from
	Storey, P.J. & Hummer, D.G., 1995, MNRAS 272, 41 http://adsabs.harvard.edu/abs/1995MNRAS.272...41S
 The He I recombination predictions are from
	Porter, R. L.; Ferland, G. J.; Storey, P. J.; Detisch, M. J., 2012, MNRAS, 425, 28p http://adsabs.harvard.edu/abs/2012MNRAS.425L..28P
		http://adsabs.harvard.edu/abs/2013MNRAS.433L..89P

 If you find some process or data set to be particularly critical to a result, please follow the trail of references back to the
 original source and cite that.  This will support and encourage atomic, molecular, and chemical physicists to continue their
 valuable work.

 IONIZE PARMET:  U(1-)-37.0000  U(4-):-37.0000  U(sp):-37.00  Q(ion):   -3.454  L(ion)-13.969    Q(low):  9.913    L(low) -3.542
 ENERGY BUDGET:  Heat:  -7.851  Coolg:  -3.200  Error:4477315.0%  Rec Lin:  -4.543  F-F  H  0.000    P(rad/tot)max     1.12E-04    R(F Con):1.737e+05

     Col(Heff):      1.630E+20  snd travl time  2.33E+12 sec  Te-low: 1.00E+04  Te-hi: 1.00E+04  G0TH85: 0.00E+00  G0DB96:0.00E+00
  Emiss Measure    n(e)n(p) dl       9.439E+15  n(e)n(He+)dl         7.412E+07  En(e)n(He++) dl         0.000E+00  ne nC+:1.31E+13
 He/Ha:2.67E-08  =   0.00*true  Lthin:1.17E+07  itr/zn: 1.38  H2 itr/zn:  0.00  File Opacity: F  MassTot 4.62e-04  (gm/cm^2)
   Temps(21 cm)   T(21cm/Ly a)  7.28E+03        T(<nH/Tkin>)  1.00E+04          T(<nH/Tspin>)    7.80E+03          TB21cm:4.73E+00
                   N(H0/Tspin)  2.50E+16        N(OH/Tkin)    3.43E+07          B(21cm)          0.00E+00
   <a>:8.22E-13  erdeFe0.0E+00  Tcompt0.00E+00  Tthr7.19E+11  <Tden>: 1.00E+04  <dens>:2.47E-22  <MolWgt>1.29E+00
     Mean Jeans  l(cm)3.50E+20  M(sun)2.78E+06  smallest:     len(cm):3.50E+20  M(sun):2.78E+06  a_ox tran:  0.00
 Rion:1.000E+30  Dist:0.00E+00  Diam:0.000E+00
 Hatom level 70  HatomType: add  HInducImp  F  He tot level: 63  He2 level:   70  ExecTime    25.4
 ConvrgError(%)  <eden>  0.147  MaxEden  0.879  <H-C> 100.00  Max(H-C)  100.00  <Press>   0.000  MaxPrs er  0.000
  Continuity(%)  chng Te   0.0  elec den   1.1  n(H2)    0.0  n(CO)        5.7

                                                        Averaged Quantities
             Te      Te(Ne)   Te(NeNp)  Te(NeHe+)Te(NeHe2+) Te(NeO+)  Te(NeO2+)  Te(H2)     N(H)     Ne(O2+)   Ne(Np)
 Radius:  1.00e+04  1.00e+04  1.00e+04  1.00e+04  0.00e+00  1.00e+04  1.00e+04  1.00e+04  1.04e+02  7.72e-02  7.71e-02
 
 Peimbert T(OIIIr)0.00E+00 T(Bac)0.00E+00 T(Hth)6.97E+03 t2(Hstrc) 0.00e+00 T(O3-BAC)5.56E+03 t2(O3-BC)-1.49e-01 t2(O3str) 1.32e-31

 Contin Optical Depths: COMP: 9.57e-08    H-: 3.32e-05 R(1300): 1.31e-03  H2+: 3.81e-07  Bra:9.58E-08
                          Pa: 9.66e-08    Ba: 3.06e-05      Hb: 2.38e-05   La: 3.22e+00     1r:1.237E+03  1.8:3.86E+02 4.:5.835E+01

 Old, new H  1 continuum optical depths:
     1 1.00e+08     2 0.00e+00     3 0.00e+00     4 0.00e+00     5 0.00e+00     6 0.00e+00     7 0.00e+00     8 0.00e+00
     9 0.00e+00    10 0.00e+00    11 0.00e+00    12 0.00e+00    13 0.00e+00    14 0.00e+00    15 0.00e+00    16 0.00e+00
    17 0.00e+00    18 0.00e+00    19 0.00e+00    20 0.00e+00    21 0.00e+00    22 0.00e+00    23 0.00e+00    24 0.00e+00
    25 0.00e+00    26 0.00e+00    27 0.00e+00    28 0.00e+00    29 0.00e+00    30 0.00e+00    31 0.00e+00    32 0.00e+00
    33 0.00e+00    34 0.00e+00    35 0.00e+00    36 0.00e+00    37 0.00e+00    38 0.00e+00    39 0.00e+00    40 0.00e+00
    41 0.00e+00    42 0.00e+00    43 0.00e+00    44 0.00e+00    45 0.00e+00    46 0.00e+00    47 0.00e+00    48 0.00e+00
    49 0.00e+00    50 0.00e+00    51 0.00e+00    52 0.00e+00    53 0.00e+00    54 0.00e+00
     1 1.24e+03     2 1.71e-05     3 3.36e-05     4 3.36e-05     5 3.36e-05     6 8.65e-06     7 8.65e-06     8 8.65e-06
     9 8.65e-06    10 4.97e-19    11 4.97e-19    12 4.97e-19    13 4.97e-19    14 4.97e-19    15 7.12e-19    16 7.12e-19
    17 7.12e-19    18 7.12e-19    19 7.12e-19    20 7.12e-19    21 1.24e-18    22 1.24e-18    23 1.24e-18    24 1.24e-18
    25 1.24e-18    26 1.24e-18    27 1.24e-18    28 1.99e-18    29 1.99e-18    30 1.99e-18    31 1.99e-18    32 1.99e-18
    33 1.99e-18    34 1.99e-18    35 1.99e-18    36 3.04e-18    37 3.04e-18    38 3.04e-18    39 3.04e-18    40 3.04e-18
    41 3.04e-18    42 3.04e-18    43 3.04e-18    44 3.04e-18    45 4.44e-18    46 4.44e-18    47 4.44e-18    48 4.44e-18
    49 4.44e-18    50 4.44e-18    51 4.44e-18    52 4.44e-18    53 4.44e-18    54 4.44e-18

 Old, new H  1 mean line optical depths:
  2- 1 2.39e+07  3- 2 0.00e+00  4- 3 0.00e+00  5- 4 0.00e+00  6- 5 0.00e+00  7- 6 0.00e+00  8- 7 0.00e+00
  9- 8 0.00e+00 10- 9 0.00e+00 11-10 0.00e+00 12-11 0.00e+00 13-12 0.00e+00 14-13 0.00e+00 15-14 0.00e+00 16-15 0.00e+00
 17-16 0.00e+00 18-17 0.00e+00 19-18 0.00e+00 20-19 0.00e+00 21-20 0.00e+00 22-21 0.00e+00 23-22 0.00e+00 24-23 0.00e+00
 25-24 0.00e+00
  2- 1 2.04e+07  3- 2 1.46e-07  4- 3 2.43e-14  5- 4 1.29e-14  6- 5 3.09e-14  7- 6-8.32e-16  8- 7 1.15e-15
  9- 8 9.80e-15 10- 9 3.31e-14 11-10 1.40e-13 12-11 2.17e-15 13-12 1.07e-15 14-13-1.77e-15 15-14-7.68e-15 16-15-1.89e-14
 17-16-3.88e-14 18-17-7.28e-14 19-18-1.29e-13 20-19-2.22e-13 21-20-3.75e-13 22-21-6.44e-13 23-22-1.20e-12 24-23-2.93e-12
 25-24-8.94e-11

 Old, new He 2 continuum optical depths:
     1 3.43e+06     2 9.96e+07     3 0.00e+00     4 0.00e+00     5 0.00e+00     6 0.00e+00     7 0.00e+00     8 0.00e+00
     9 0.00e+00    10 0.00e+00    11 0.00e+00    12 0.00e+00    13 0.00e+00    14 0.00e+00    15 0.00e+00    16 0.00e+00
    17 0.00e+00    18 0.00e+00    19 0.00e+00    20 0.00e+00    21 0.00e+00    22 0.00e+00    23 0.00e+00    24 0.00e+00
    25 0.00e+00    26 0.00e+00    27 0.00e+00    28 0.00e+00    29 0.00e+00    30 0.00e+00    31 0.00e+00    32 0.00e+00
    33 0.00e+00    34 0.00e+00    35 0.00e+00    36 0.00e+00    37 0.00e+00    38 0.00e+00    39 0.00e+00    40 0.00e+00
    41 0.00e+00    42 0.00e+00    43 0.00e+00    44 0.00e+00    45 0.00e+00    46 0.00e+00    47 0.00e+00    48 0.00e+00
    49 0.00e+00    50 0.00e+00    51 0.00e+00    52 0.00e+00    53 0.00e+00    54 0.00e+00
     1 5.83e+01     2 1.23e+03     3 2.84e-05     4 2.84e-05     5 2.84e-05     6 1.71e-05     7 1.71e-05     8 1.71e-05
     9 1.71e-05    10 2.72e-05    11 2.72e-05    12 2.72e-05    13 2.72e-05    14 2.72e-05    15 3.36e-05    16 3.36e-05
    17 3.36e-05    18 3.36e-05    19 3.36e-05    20 3.36e-05    21 2.82e-05    22 2.82e-05    23 2.82e-05    24 2.82e-05
    25 2.82e-05    26 2.82e-05    27 2.82e-05    28 8.65e-06    29 8.65e-06    30 8.65e-06    31 8.65e-06    32 8.65e-06
    33 8.65e-06    34 8.65e-06    35 8.65e-06    36 3.22e-19    37 3.22e-19    38 3.22e-19    39 3.22e-19    40 3.22e-19
    41 3.22e-19    42 3.22e-19    43 3.22e-19    44 3.22e-19    45 4.97e-19    46 4.97e-19    47 4.97e-19    48 4.97e-19
    49 4.97e-19    50 4.97e-19    51 4.97e-19    52 4.97e-19    53 4.97e-19    54 4.97e-19

 Old, new He 2 mean line optical depths:
  2- 1 2.39e+06  3- 2 0.00e+00  4- 3 0.00e+00  5- 4 0.00e+00  6- 5 0.00e+00  7- 6 0.00e+00  8- 7 0.00e+00
  9- 8 0.00e+00 10- 9 0.00e+00 11-10 0.00e+00 12-11 0.00e+00 13-12 0.00e+00 14-13 0.00e+00 15-14 0.00e+00 16-15 0.00e+00
 17-16 0.00e+00 18-17 0.00e+00 19-18 0.00e+00 20-19 0.00e+00 21-20 0.00e+00 22-21 0.00e+00 23-22 0.00e+00 24-23 0.00e+00
 25-24 0.00e+00
  2- 1 0.00e+00  3- 2 0.00e+00  4- 3 0.00e+00  5- 4 0.00e+00  6- 5 0.00e+00  7- 6 0.00e+00  8- 7 0.00e+00
  9- 8 0.00e+00 10- 9 0.00e+00 11-10 0.00e+00 12-11 0.00e+00 13-12 0.00e+00 14-13 0.00e+00 15-14 0.00e+00 16-15 0.00e+00
 17-16 0.00e+00 18-17 0.00e+00 19-18 0.00e+00 20-19 0.00e+00 21-20 0.00e+00 22-21 0.00e+00 23-22 0.00e+00 24-23 0.00e+00
 25-24 0.00e+00

 Old He Is optical depths:    1 2.36e+07    2 0.00e+00    3 0.00e+00    4 0.00e+00    5 0.00e+00
 New He Is optical depths:    1 3.86e+02    2 1.12e-05    3 1.42e-05    4 1.59e-05    5 1.59e-05
          Old He Is Lines:  584 0.00e+00 3889 0.00e+00 5016 0.00e+00 5876 0.00e+00
          New He Is Lines:  584 1.29e+06 3889 9.08e-10 5016 1.55e-15 5876 0.00e+00
IC443 grid point v shock=28 km/s  


          Start Iteration Number 2                                            IC443 grid point v shock=28 km/s  


 ####  1  Te:1.000E+04 Hden:1.043E+02 Ne:5.736E-02 R:1.000E+30 R-R0:1.134E+12 dR:2.268E+12 NTR:  1 Htot:4.730E-27 T912: 1.50e-03###
 Hydrogen      1.00e+00 4.62e-04 H+o/Hden 1.00e+00 3.07e-09 H-    H2 5.32e-06 1.83e-10 H2+ HeH+ 2.79e-11 Ho+ ColD 2.36e+14 1.09e+11
 Helium        1.00e+00 2.07e-12 0.00e+00 HeI 2s3S 3.56e-16 Comp H,C 0.00e+00 0.00e+00 Fill Fac 1.00e+00 Gam1/tot 8.67e-08
 He singlet n  1.00e+00 1.81e-22 2.16e-30 8.28e-30 2.32e-31 1.04e-30 He tripl 3.56e-16 2.13e-28 1.37e-29 1.32e-29 5.90e-31
 Pressure      NgasTgas 1.15e+06 P(total) 1.59e-10 P( gas ) 1.59e-10 P(Radtn) 0.00e+00 Rad accl 0.00e+00 ForceMul 0.00e+00
 Texc(La)      2.25e+03 T(I con) 0.00e+00 T(D con) 3.59e-02 T(U tot) 3.59e-02 nT (c+d) 8.68e+03 Prad/Gas 0.00e+00 Pmag/Gas 0.00e+00
 Molecules     CH/Ctot: 2.63e-06 CH+/Ctot 2.45e-08 CO/Ctot: 5.97e-01 CO+/Ctot 2.81e-08 H2O/Otot 8.35e-12 OH/Ototl 2.10e-06
 Lithium       6.05e-03 9.94e-01 0.00e+00 0.00e+00 Berylliu 9.51e-01 4.93e-02 1.60e-08 0.00e+00 0.00e+00 sec ion: 0.00e+00
 Boron         4.67e-01 5.33e-01 2.89e-14 0.00e+00 0.00e+00 0.00e+00
 Carbon        3.97e-01 5.73e-03 1.58e-14 0.00e+00 0.00e+00 0.00e+00 0.00e+00 H2O+/O   7.76e-10 OH+/Otot 4.98e-06 Hex(tot) 0.00e+00
 Nitrogen      9.61e-01 5.04e-04 7.10e-20 0.00e+00 0.00e+00 0.00e+00 0.00e+00 0.00e+00 O2/Ototl 9.17e-11 O2+/Otot 1.32e-07
 Oxygen        7.01e-01 2.61e-04 2.77e-24 0.00e+00 0.00e+00 0.00e+00 0.00e+00 0.00e+00 0.00e+00
 Fluorine      7.74e-01 4.91e-06 1.55e-21 0.00e+00 0.00e+00 0.00e+00 0.00e+00 0.00e+00 0.00e+00 0.00e+00
 Neon          1.00e+00 4.52e-07 0.00e+00 0.00e+00 0.00e+00 0.00e+00 0.00e+00 0.00e+00 0.00e+00 0.00e+00 0.00e+00
 Sodium        1.26e-03 9.99e-01 5.02e-22 0.00e+00 0.00e+00 0.00e+00 0.00e+00 0.00e+00 0.00e+00 0.00e+00 0.00e+00 0.00e+00
 Magnesium     6.04e-02 9.40e-01 7.22e-05 0.00e+00 0.00e+00 0.00e+00 0.00e+00 0.00e+00 0.00e+00 0.00e+00 0.00e+00 0.00e+00 0.00e+00
 Aluminium  0  8.90e-04 9.99e-01 1.77e-07 0.00e+00 0.00e+00 0.00e+00 0.00e+00 0.00e+00 0.00e+00 0.00e+00 0.00e+00 0.00e+00 0.00e+00
 Silicon    0  1.09e-01 3.91e-01 2.91e-06 0.00e+00 0.00e+00 0.00e+00 0.00e+00 0.00e+00 0.00e+00 0.00e+00 0.00e+00 0.00e+00 0.00e+00
 Phosphorus 0  1.14e-03 9.99e-01 8.11e-10 0.00e+00 0.00e+00 0.00e+00 0.00e+00 0.00e+00 0.00e+00 0.00e+00 0.00e+00 0.00e+00 0.00e+00
 Sulphur    0  4.97e-02 7.91e-03 9.84e-13 0.00e+00 0.00e+00 0.00e+00 0.00e+00 0.00e+00 0.00e+00 0.00e+00 0.00e+00 0.00e+00 0.00e+00
 Chlorine   0  1.33e-02 9.87e-01 1.37e-09 0.00e+00 0.00e+00 0.00e+00 0.00e+00 0.00e+00 0.00e+00 0.00e+00 0.00e+00 0.00e+00 0.00e+00
 Argon      0  1.00e+00 2.48e-05 4.39e-17 0.00e+00 0.00e+00 0.00e+00 0.00e+00 0.00e+00 0.00e+00 0.00e+00 0.00e+00 0.00e+00 0.00e+00
 Potassium  0  3.02e-04 1.00e+00 1.19e-13 0.00e+00 0.00e+00 0.00e+00 0.00e+00 0.00e+00 0.00e+00 0.00e+00 0.00e+00 0.00e+00 0.00e+00
 Calcium    0  7.51e-03 9.83e-01 9.31e-03 0.00e+00 0.00e+00 0.00e+00 0.00e+00 0.00e+00 0.00e+00 0.00e+00 0.00e+00 0.00e+00 0.00e+00
 Scandium   0  3.85e-03 9.90e-01 6.37e-03 0.00e+00 0.00e+00 0.00e+00 0.00e+00 0.00e+00 0.00e+00 0.00e+00 0.00e+00 0.00e+00 0.00e+00
 Titanium   0  2.75e-04 9.99e-01 5.37e-04 0.00e+00 0.00e+00 0.00e+00 0.00e+00 0.00e+00 0.00e+00 0.00e+00 0.00e+00 0.00e+00 0.00e+00
 Vanadium   0  1.00e-02 9.90e-01 3.99e-05 0.00e+00 0.00e+00 0.00e+00 0.00e+00 0.00e+00 0.00e+00 0.00e+00 0.00e+00 0.00e+00 0.00e+00
 Chromium   0  1.63e-02 9.84e-01 1.33e-04 0.00e+00 0.00e+00 0.00e+00 0.00e+00 0.00e+00 0.00e+00 0.00e+00 0.00e+00 0.00e+00 0.00e+00
 Manganese  0  2.89e-04 1.00e+00 7.43e-05 0.00e+00 0.00e+00 0.00e+00 0.00e+00 0.00e+00 0.00e+00 0.00e+00 0.00e+00 0.00e+00 0.00e+00
 Iron       0  2.88e-04 1.00e+00 3.82e-05 0.00e+00 0.00e+00 0.00e+00 0.00e+00 0.00e+00 0.00e+00 0.00e+00 0.00e+00 0.00e+00 0.00e+00
 Cobalt     0  8.93e-02 9.11e-01 3.07e-07 0.00e+00 0.00e+00 0.00e+00 0.00e+00 0.00e+00 0.00e+00 0.00e+00 0.00e+00 0.00e+00 0.00e+00
 Nickel     0  3.80e-04 1.00e+00 1.23e-12 0.00e+00 0.00e+00 0.00e+00 0.00e+00 0.00e+00 0.00e+00 0.00e+00 0.00e+00 0.00e+00 0.00e+00
 Copper     0  1.91e-01 8.09e-01 1.80e-11 0.00e+00 0.00e+00 0.00e+00 0.00e+00 0.00e+00 0.00e+00 0.00e+00 0.00e+00 0.00e+00 0.00e+00
 Zinc       0  5.68e-01 4.32e-01 9.75e-08 0.00e+00 0.00e+00 0.00e+00 0.00e+00 0.00e+00 0.00e+00 0.00e+00 0.00e+00 0.00e+00 0.00e+00
 ####242  Te:1.000E+04 Hden:1.043E+02 Ne:8.090E-02 R:1.000E+30 R-R0:1.862E+18 dR:1.625E+16 NTR:  1 Htot:7.846E-27 T912: 1.24e+03###
 Hydrogen      9.99e-01 6.65e-04 H+o/Hden 1.00e+00 4.66e-09 H-    H2 6.71e-06 3.03e-10 H2+ HeH+ 4.60e-11 Ho+ ColD 1.95e+20 1.22e+17
 Helium        1.00e+00 5.79e-11 0.00e+00 HeI 2s3S 4.67e-16 Comp H,C 3.44e-35 1.04e-34 Fill Fac 1.00e+00 Gam1/tot 2.93e-05
 He singlet n  1.00e+00 2.65e-22 6.69e-28 1.11e-29 6.40e-30 1.39e-30 He tripl 4.67e-16 2.80e-28 1.80e-29 1.74e-29 7.87e-31
 Pressure      NgasTgas 1.15e+06 P(total) 1.59e-10 P( gas ) 1.59e-10 P(Radtn) 9.93e-17 Rad accl 2.44e-12 ForceMul 1.18e+06
 Texc(La)      2.93e+03 T(I con) 0.00e+00 T(D con) 1.06e+00 T(U tot) 1.06e+00 nT (c+d) 2.57e+05 Prad/Gas 6.26e-07 Pmag/Gas 0.00e+00
 Molecules     CH/Ctot: 8.30e-06 CH+/Ctot 5.27e-08 CO/Ctot: 2.76e-04 CO+/Ctot 5.45e-11 H2O/Otot 1.75e-11 OH/Ototl 3.75e-06
 Lithium       2.83e-03 9.97e-01 0.00e+00 0.00e+00 Berylliu 2.05e-01 7.95e-01 3.27e-07 0.00e+00 0.00e+00 sec ion: 0.00e+00
 Boron         1.79e-03 9.98e-01 7.11e-14 0.00e+00 0.00e+00 0.00e+00
 Carbon        9.96e-01 3.62e-03 1.40e-14 0.00e+00 0.00e+00 0.00e+00 0.00e+00 H2O+/O   7.83e-10 OH+/Otot 5.61e-06 Hex(tot) 0.00e+00
 Nitrogen      9.94e-01 8.27e-04 3.20e-18 0.00e+00 0.00e+00 0.00e+00 0.00e+00 0.00e+00 O2/Ototl 1.55e-10 O2+/Otot 1.49e-07
 Oxygen        9.99e-01 5.36e-04 7.46e-24 0.00e+00 0.00e+00 0.00e+00 0.00e+00 0.00e+00 0.00e+00
 Fluorine      9.34e-01 6.07e-06 2.34e-21 0.00e+00 0.00e+00 0.00e+00 0.00e+00 0.00e+00 0.00e+00 0.00e+00
 Neon          1.00e+00 4.06e-07 0.00e+00 0.00e+00 0.00e+00 0.00e+00 0.00e+00 0.00e+00 0.00e+00 0.00e+00 0.00e+00
 Sodium        1.39e-03 9.99e-01 6.41e-22 0.00e+00 0.00e+00 0.00e+00 0.00e+00 0.00e+00 0.00e+00 0.00e+00 0.00e+00 0.00e+00
 Magnesium     4.93e-02 9.51e-01 1.05e-04 0.00e+00 0.00e+00 0.00e+00 0.00e+00 0.00e+00 0.00e+00 0.00e+00 0.00e+00 0.00e+00 0.00e+00
 Aluminium  0  6.22e-04 9.99e-01 2.07e-07 0.00e+00 0.00e+00 0.00e+00 0.00e+00 0.00e+00 0.00e+00 0.00e+00 0.00e+00 0.00e+00 0.00e+00
 Silicon    0  1.27e-03 9.99e-01 1.07e-05 0.00e+00 0.00e+00 0.00e+00 0.00e+00 0.00e+00 0.00e+00 0.00e+00 0.00e+00 0.00e+00 0.00e+00
 Phosphorus 0  1.13e-03 9.99e-01 1.06e-09 0.00e+00 0.00e+00 0.00e+00 0.00e+00 0.00e+00 0.00e+00 0.00e+00 0.00e+00 0.00e+00 0.00e+00
 Sulphur    0  7.88e-01 2.11e-01 3.91e-10 0.00e+00 0.00e+00 0.00e+00 0.00e+00 0.00e+00 0.00e+00 0.00e+00 0.00e+00 0.00e+00 0.00e+00
 Chlorine   0  1.18e-02 9.88e-01 1.64e-09 0.00e+00 0.00e+00 0.00e+00 0.00e+00 0.00e+00 0.00e+00 0.00e+00 0.00e+00 0.00e+00 0.00e+00
 Argon      0  1.00e+00 4.08e-05 1.99e-15 0.00e+00 0.00e+00 0.00e+00 0.00e+00 0.00e+00 0.00e+00 0.00e+00 0.00e+00 0.00e+00 0.00e+00
 Potassium  0  3.30e-04 1.00e+00 1.47e-13 0.00e+00 0.00e+00 0.00e+00 0.00e+00 0.00e+00 0.00e+00 0.00e+00 0.00e+00 0.00e+00 0.00e+00
 Calcium    0  3.21e-03 9.88e-01 8.78e-03 0.00e+00 0.00e+00 0.00e+00 0.00e+00 0.00e+00 0.00e+00 0.00e+00 0.00e+00 0.00e+00 0.00e+00
 Scandium   0  1.99e-03 9.92e-01 5.98e-03 0.00e+00 0.00e+00 0.00e+00 0.00e+00 0.00e+00 0.00e+00 0.00e+00 0.00e+00 0.00e+00 0.00e+00
 Titanium   0  2.70e-04 9.99e-01 5.02e-04 0.00e+00 0.00e+00 0.00e+00 0.00e+00 0.00e+00 0.00e+00 0.00e+00 0.00e+00 0.00e+00 0.00e+00
 Vanadium   0  1.01e-02 9.90e-01 4.78e-05 0.00e+00 0.00e+00 0.00e+00 0.00e+00 0.00e+00 0.00e+00 0.00e+00 0.00e+00 0.00e+00 0.00e+00
 Chromium   0  2.60e-03 9.97e-01 1.94e-04 0.00e+00 0.00e+00 0.00e+00 0.00e+00 0.00e+00 0.00e+00 0.00e+00 0.00e+00 0.00e+00 0.00e+00
 Manganese  0  2.88e-04 1.00e+00 1.07e-04 0.00e+00 0.00e+00 0.00e+00 0.00e+00 0.00e+00 0.00e+00 0.00e+00 0.00e+00 0.00e+00 0.00e+00
 Iron       0  2.79e-04 1.00e+00 5.49e-05 0.00e+00 0.00e+00 0.00e+00 0.00e+00 0.00e+00 0.00e+00 0.00e+00 0.00e+00 0.00e+00 0.00e+00
 Cobalt     0  2.24e-02 9.78e-01 4.74e-07 0.00e+00 0.00e+00 0.00e+00 0.00e+00 0.00e+00 0.00e+00 0.00e+00 0.00e+00 0.00e+00 0.00e+00
 Nickel     0  3.72e-04 1.00e+00 1.61e-12 0.00e+00 0.00e+00 0.00e+00 0.00e+00 0.00e+00 0.00e+00 0.00e+00 0.00e+00 0.00e+00 0.00e+00
 Copper     0  5.14e-02 9.49e-01 2.80e-11 0.00e+00 0.00e+00 0.00e+00 0.00e+00 0.00e+00 0.00e+00 0.00e+00 0.00e+00 0.00e+00 0.00e+00
 Zinc       0  5.61e-02 9.44e-01 2.69e-07 0.00e+00 0.00e+00 0.00e+00 0.00e+00 0.00e+00 0.00e+00 0.00e+00 0.00e+00 0.00e+00 0.00e+00
   IC443 grid point v shock=28 km/s  
   Calculation stopped because H column dens reached. Iteration 2 of 2
   The geometry is plane-parallel.
  !Ionization rate fell below background cosmic ray ionization rate.  Should this be added too?
  !   Use the COSMIC RAY BACKGROUND command.
  !Compton cooling rate underflows to zero.  Is this important?
  !Some input lines contained underscores, these were changed to spaces.
  !There is no hydrogen-ionizing radiation.  Was this intended?
  !Thermal collisional ionization of H reached 82.04% of the local ionization rate.
  !Charge transfer H => H+ reached 84649.1% of the local H ionization rate.
  !Charge transfer heating reached 100.42% of the local heating.
  !Continuum zero at some energies.
  !AGE: Cloud age was not set.  Longest timescale was 7.23e+13 s = 2.29e+06 years.
  !Heating - cooling mismatch =200.0%. Caused by constant temperature assumption. 
  !Mutual neutralization production of H-alpha was significant.
  !Incident radiation field energy density is less than 2.7K.  Add background with CMB command.
  !The CMB was not included.  This is added with the CMB command.
  !The intensity of the incident radiation field is less than 10 times the Habing diffuse ISM field.  Is this OK?
  !   Consider adding diffuse ISM emission with TABLE ISM command.
  !An ionization jump occurred elem S  1, by 198% from 4.97e-02 (zone 1) to 3.20e-01 (zone 2) to 6.33e-01 (zone 3)
   H2 deexec cooling reached 0.54% of the local heating.
   The density is too low to l-mix the lowest H  I collapsed level.  More resolved levels are needed for accurate line ratios.
   The density is too low to l-mix the lowest He I collapsed level.  More resolved levels are needed for accurate line ratios.
   Grains were not present but might survive in this environment (energy density temperature was 0.00e+00K)
   The local H2 cooling rate reached 4.2% of the local cooling.
   H- absorption heating was 11.4% of the total.
   The fraction of N in NH reached 0.118% at some point in the cloud.
   The fraction of N in N2 reached 0.359% at some point in the cloud.
   The fraction of F in HF reached 6.55% at some point in the cloud.

                       *********************************> Cloudy 23.01 <**********************************
                       * title IC443 grid point v shock=28 km/s                                          *
                       * hden 2.0181                                                                     *
                       * constant temperature, t=10000 K linear                                          *
                       * stop column density 20.29                                                       *
                       * iterate                                                                         *
                       * save results last "v28.rlt"                                                     *
                       *********************************> Log(U):-37.00 <*********************************

                     Emission Line Spectrum.   Constant  Density Model.    Open geometry.  Iteration 2 of 2.
                                                     Intensity (erg/s/cm^2).


                                                   Intrinsic line intensities
general properties.............................      Ca 1                6493.78A   -9.350    0.0046      Fe 2                1.34608m   -9.985    0.0011
TotH                      0    -7.858    0.1427      Cl 1                11.3303m   -8.261    0.0563      Fe 2                1.11648m   -9.802    0.0016
TotC                      0    -3.200 6485.9390      Co 2                9335.96A   -9.157    0.0072      Fe 2                5048.19A   -9.652    0.0023
TotM                      0    -8.545    0.0293      Co 2                9639.13A   -9.595    0.0026      Fe 2                1.71482m   -9.237    0.0060
CT H                      0    -8.027    0.0966      Co 2                10.5199m   -7.991    0.1049      Fe 2                9949.21A   -9.569    0.0028
H  1c                     0    -4.106  806.1246      Co 2                15.4548m   -8.877    0.0137      Fe 2                7975.22A   -9.751    0.0018
NOc                       0    -9.356    0.0045      Co 2                2.98382m   -7.477    0.3429      Fe 2                1.47063m  -10.007    0.0010
CNc                       0    -8.188    0.0667      Co 2                14.7345m   -8.522    0.0309      Fe 2                1.01273m   -9.682    0.0021
OHc                       0    -9.185    0.0067      Co 2                18.7989m   -9.041    0.0094      Fe 2                6353.11A   -9.803    0.0016
HFc                       0    -8.926    0.0122      Co 2                25.6819m   -9.729    0.0019      Fe 2                1.80228m   -9.904    0.0013
COc                       0    -5.497   32.7719      Co 2                1.01879m   -8.208    0.0637      Fe 2                1.00387m   -9.832    0.0015
^13COc                    0    -7.017    0.9901      Co 2                1.12804m   -9.179    0.0068      Fe 2                9469.41A   -9.716    0.0020
SiOc                      0    -9.357    0.0045      Co 2                1.54700m   -8.454    0.0362      Fe 2                9384.77A   -9.206    0.0064
SiSc                      0    -9.438    0.0037      Co 2                1.72847m   -9.450    0.0037      Fe 2                2.39329m   -9.256    0.0057
OH+c                      0    -9.103    0.0081      Co 2                1.90349m   -9.289    0.0053      Fe 2                4825.73A   -8.726    0.0193
CHc                       0    -9.339    0.0047      Co 2                1.02452m   -9.013    0.0100      Fe 2                2.50030m   -9.593    0.0026
CHc                       0    -8.929    0.0121      Co 2                1.09726m   -9.641    0.0024      Fe 2                4867.73A   -9.767    0.0018
Al 1c                     0    -9.709    0.0020      Co 2                1.49674m   -9.877    0.0014      Fe 2                2.59860m   -9.976    0.0011
C  1c                     0    -4.352  457.8406      Co 2                1.62622m   -9.865    0.0014      Fe 2                4903.85A   -9.219    0.0062
C  2c                     0    -6.337    4.7296      Co 2                1.73616m   -9.571    0.0028      Fe 2                1.04657m  -10.009    0.0010
Ca 1c                     0    -7.875    0.1372      Co 2                1.02803m   -9.610    0.0025      Fe 2                3.58120m   -9.601    0.0026
Cl 1c                     0    -8.261    0.0563      Co 2                8580.39A   -9.666    0.0022      Fe 2                3.15558m   -9.631    0.0024
Co 2c                     0    -7.128    0.7664      Co 2                9342.40A   -8.362    0.0447      Fe 2                5171.63A   -9.028    0.0096
Cr 2c                     0    -6.692    2.0911      Co 2                9943.48A   -8.709    0.0201      Fe 2                5169.03A   -8.235    0.0599
Cu 1c                     0    -9.738    0.0019      Co 2                7539.01A   -9.031    0.0096      Fe 2                5018.44A   -9.968    0.0011
Fe 1c                     0    -7.543    0.2944      Co 2                8121.00A   -8.743    0.0186      Fe 2                6044.54A   -9.471    0.0035
Fe 2c                     0    -4.387  422.0080      Co 2                8571.41A   -9.350    0.0046      Fe 2                5316.61A   -9.932    0.0012
Fe 3c                     0    -9.242    0.0059      Co 2                6.21176m   -9.992    0.0010      Fe 3                22.9190m   -9.959    0.0011
K  1c                     0    -9.672    0.0022      Co 2                8027.34A   -9.209    0.0064      Fe 3                4985.87A   -9.820    0.0016
Mg 1c                     0    -5.941   11.7907      Co 2                8467.14A   -9.622    0.0025      K  1                7664.90A   -9.849    0.0015
Mn 2c                     0    -6.969    1.1054      Co 2                8333.76A   -9.390    0.0042      Mg 1                2025.82A   -8.753    0.0182
N  1c                     0    -5.301   51.4340      Cr 2                8000.08A   -7.195    0.6563      Mg 1                2852.13A   -6.456    3.5971
Na 1c                     0    -8.337    0.0473      Cr 2                8125.30A   -7.269    0.5537      Mg 1                3832.30A   -9.528    0.0031
Ni 1c                     0    -8.600    0.0259      Cr 2                8229.67A   -7.363    0.4456      Mg 1                3838.29A   -9.111    0.0080
O  1c                     0    -3.603 2567.8923      Cr 2                8308.49A   -7.551    0.2895      Mg 1                3838.29A  -10.006    0.0010
O  2c                     0    -7.791    0.1666      Cr 2                8357.64A   -7.848    0.1459      Mg 1                4562.60A   -6.262    5.6315
P  2c                     0    -6.372    4.3627      Cu 1                3247.54A   -9.908    0.0013      Mg 1                4571.10A   -6.700    2.0522
S  1c                     0    -6.219    6.2169      Fe 1                24.0358m   -7.643    0.2340      Mg 1                4575.29A   -7.628    0.2422
S  2c                     0    -5.419   39.1816      Fe 1                34.7038m   -8.231    0.0604      Mg 1                5167.32A   -8.786    0.0168
Sc 2c                     0    -8.412    0.0398      Fe 2                25.9813m   -5.560   28.3162      Mg 1                5172.68A   -8.312    0.0501
Si 1c                     0    -7.835    0.1503      Fe 2                5.33871m   -5.038   94.2431      Mg 1                5183.60A   -8.092    0.0832
Si 2c                     0    -3.848 1460.6810      Fe 2                4.11387m   -7.400    0.4091      Mg 1                8806.76A   -8.373    0.0436
Zn 2c                     0    -8.728    0.0192      Fe 2                1.25668m   -6.309    5.0459      Mg 1                1.18282m   -8.558    0.0285
Al 2c                     0    -6.209    6.3629      Fe 2                1.19129m   -9.094    0.0083      Mg 1                1.50250m   -9.353    0.0046
Ca 2c                     0    -4.942  117.6303      Fe 2                6309.53A   -9.940    0.0012      Mg 1                1.50402m   -9.797    0.0016
Cl 2c                     0    -6.766    1.7640      Fe 2                4799.30A   -9.837    0.0015      Mg 1                1.71087m   -9.106    0.0081
Mg 2c                     0    -4.711  199.9520      Fe 2                4704.22A   -9.062    0.0089      Mn 2                2576.10A   -7.349    0.4601
N  2c                     0    -7.948    0.1160      Fe 2                4632.28A   -7.269    0.5533      Mn 2                2593.72A   -7.443    0.3712
Ni 2c                     0    -5.747   18.3963      Fe 2                4604.48A   -9.053    0.0091      Mn 2                2605.68A   -7.583    0.2684
continua.......................................      Fe 2                4416.27A   -7.251    0.5774      Mn 2                3438.97A   -9.325    0.0049
Bac                 3646.00A   -7.649    0.2305      Fe 2                4382.74A   -8.220    0.0619      Mn 2                3460.03A   -9.917    0.0012
nFnu                3645.00A   -5.097   82.2454      Fe 2                4287.39A   -6.288    5.2995      N  1                1134.17A   -9.895    0.0013
nFnu                3647.00A   -5.098   82.0149      Fe 2                3931.44A   -9.883    0.0013      N  1                1134.41A   -9.630    0.0024
cout                3646.00A   -7.950    0.1153      Fe 2                3874.07A   -9.514    0.0032      N  1                1134.98A   -9.487    0.0034
cref                3646.00A   -7.951    0.1153      Fe 2                3175.38A   -8.099    0.0818      N  1                1199.55A   -9.171    0.0069
thin                3646.00A   -7.649    0.2306      Fe 2                2599.40A   -8.325    0.0487      N  1                1200.22A   -9.343    0.0047
Ba C                      0    -8.406    0.0404      Fe 2                2585.88A   -9.372    0.0044      N  1                1200.71A   -9.645    0.0023
PA C                      0    -8.822    0.0155      Fe 2                2382.04A   -6.516    3.1374      N  1                3466.50A   -7.647    0.2319
FIR                 83.0000m   -3.587 2663.7109      Fe 2                2373.74A   -9.964    0.0011      N  1                3466.54A   -8.320    0.0492
TIR                 1800.00m   -5.166   70.1243      Fe 2                2343.50A   -9.153    0.0072      N  1                5197.90A   -5.716   19.7981
NIRa                2.85000m   -3.683 2135.0396      Fe 2                35.3391m   -6.222    6.1711      N  1                5200.26A   -5.539   29.7261
NIRb                3.00000m   -4.849  145.5354      Fe 2                6.71944m   -6.178    6.8321      N  1                1.03977m   -7.151    0.7258
MIRa                15.0000m   -4.944  117.1008      Fe 2                4.88781m   -7.064    0.8880      N  1                1.03982m   -7.674    0.2179
MIRb                22.5000m   -3.806 1606.1412      Fe 2                4.07521m   -7.885    0.1339      N  1                1.04072m   -7.499    0.3257
NMIR                21.7500m   -3.683 2135.0396      Fe 2                1.32055m   -6.806    1.6087      N  1                1.04076m   -7.487    0.3352
TFIR                611.250m   -4.347  462.7399      Fe 2                1.24854m   -7.840    0.1487      Na 1                5889.95A   -8.637    0.0237
TALL                10000.0A   -3.214 6289.0010      Fe 2                1.20512m   -9.652    0.0023      Na 1                5895.92A   -8.638    0.0237
F12                 12.0000m   -6.845    1.4704      Fe 2                7637.52A   -7.110    0.7992      Ni 1                7.50454m   -8.600    0.0259
F25                 25.0000m   -5.456   36.0037      Fe 2                7523.28A   -9.157    0.0072      O  1                1027.43A   -9.981    0.0011
F60                 60.0000m   -3.657 2264.5728      Fe 2                4889.62A   -7.133    0.7570      O  1                1027.43A   -9.693    0.0021
F100                100.000m   -6.274    5.4738      Fe 2                4750.27A   -9.865    0.0014      O  1                1028.16A   -9.853    0.0014
MIPS                24.0000m   -5.456   35.9986      Fe 2                4716.37A   -8.147    0.0733      O  1                1304.86A   -8.273    0.0548
MIPS                70.0000m   -3.658 2261.0139      Fe 2                4687.56A   -8.350    0.0459      O  1                1306.03A   -8.758    0.0180
MIPS                160.000m   -4.668  220.9696      Fe 2                4492.64A   -8.120    0.0780      O  1                1355.60A   -8.317    0.0496
IRAC                3.60000m   -8.071    0.0873      Fe 2                4457.95A   -7.518    0.3118      O  1                1358.51A   -8.785    0.0169
IRAC                4.50000m   -6.750    1.8281      Fe 2                4432.45A   -8.312    0.0501      O  1                2972.29A   -7.798    0.1639
IRAC                5.80000m   -5.037   94.3949      Fe 2                4359.33A   -6.419    3.9208      O  1                5577.34A   -6.848    1.4601
IRAC                8.00000m   -6.045    9.2803      Fe 2                3224.54A   -9.196    0.0066      O  1                6300.30A   -5.151   72.6478
SPR1                250.000m   -6.326    4.8546      Fe 2                3214.67A   -8.613    0.0251      O  1                6363.78A   -5.647   23.2070
SPR2                350.000m   -4.812  158.5523      Fe 2                2625.67A   -5.575   27.3715      O  1                6391.73A   -8.975    0.0109
SPR3                500.000m   -6.506    3.2046      Fe 2                2611.87A   -6.300    5.1492      O  1                44.0453m   -9.284    0.0053
PAC1                70.0000m   -3.658 2262.0144      Fe 2                2598.37A   -7.531    0.3026      O  1                63.1679m   -3.658 2258.9678
PAC2                100.000m   -6.274    5.4752      Fe 2                2395.63A   -6.584    2.6823      O  1                145.495m   -4.687  211.2958
PAC3                160.000m   -4.661  224.2490      Fe 2                2388.63A   -7.629    0.2414      O  2                2470.34A   -9.817    0.0016
PAH                 3.30000m   -8.877    0.0136      Fe 2                2383.06A   -9.551    0.0029      O  2                7319.99A  -10.011    0.0010
PAHC                3.23000m   -9.157    0.0072      Fe 2                2364.83A   -6.984    1.0666      O  2                3728.81A   -8.024    0.0973
PAHC                3.37000m   -9.147    0.0073      Fe 2                2332.80A   -8.054    0.0908      O  2                3726.03A   -8.200    0.0649
PAH                 6.20000m   -8.925    0.0122      Fe 2                2279.91A   -9.635    0.0024      P  2                60.6263m   -7.110    0.7983
PAHC                5.65000m   -7.834    0.1508      Fe 2                51.2868m   -6.740    1.8720      P  2                1532.53A   -9.645    0.0023
PAH                 7.90000m   -8.424    0.0388      Fe 2                5.67236m   -7.875    0.1371      P  2                32.8620m   -7.213    0.6293
PAHC                6.90000m   -6.047    9.2362      Fe 2                4.60641m   -7.685    0.2125      P  2                1.14682m   -7.130    0.7617
PAH                 11.3000m   -8.243    0.0588      Fe 2                4.08085m   -8.431    0.0381      P  2                4669.25A   -8.796    0.0165
PAHC                10.9000m   -7.927    0.1217      Fe 2                1.37181m   -7.049    0.9183      P  2                2195.57A   -9.075    0.0087
PAH                 11.8000m   -9.612    0.0025      Fe 2                1.29427m   -7.625    0.2437      P  2                1536.42A   -9.709    0.0020
PAHC                12.6500m   -7.674    0.2179      Fe 2                7806.23A   -8.882    0.0135      P  2                1535.92A   -9.508    0.0032
PAH                 13.3000m   -9.463    0.0035      Fe 2                7686.93A   -7.187    0.6685      P  2                1.18828m   -6.707    2.0190
PAHC                14.1000m   -7.335    0.4758      Fe 2                7552.40A   -9.667    0.0022      P  2                2210.34A   -8.621    0.0246
Bcon                3640.00A   -3.989 1053.8734      Fe 2                4958.23A   -8.984    0.0107      P  2                1542.30A   -9.797    0.0016
Pcon                5000.00A   -4.413  397.5390      Fe 2                4750.57A   -8.981    0.0108      P  2                7875.99A   -8.047    0.0923
O3bn                5007.00A   -6.272    5.4976      Fe 2                4728.07A   -7.782    0.1701      S  1                1483.04A   -9.630    0.0024
HFFc                      0    -7.162    0.7081      Fe 2                4514.90A   -8.144    0.0738      S  1                1820.34A   -8.331    0.0480
H FF                      0    -8.772    0.0174      Fe 2                4488.75A   -7.863    0.1409      S  1                1826.24A   -8.814    0.0158
MeFB                      0    -9.171    0.0069      Fe 2                4470.30A   -9.066    0.0088      S  1                25.2421m   -6.269    5.5424
MeFF                      0    -9.522    0.0031      Fe 2                4413.78A   -6.570    2.7680      S  1                56.2957m   -7.228    0.6087
ToFF                      0    -8.701    0.0205      Fe 2                3254.24A   -8.673    0.0218      S  2                6730.82A   -5.842   14.8046
Mion                      0    -8.114    0.0791      Fe 2                3244.18A   -8.968    0.0111      S  2                6716.44A   -5.680   21.4685
nFnu                122.400m   -9.693    0.0021      Fe 2                2631.32A   -6.553    2.8784      S  2                4076.35A   -7.390    0.4191
nFnu                60.8322m   -9.319    0.0049      Fe 2                2617.62A   -7.998    0.1033      S  2                4068.60A   -6.899    1.2987
nFnu                41.2152m   -9.104    0.0081      Fe 2                2607.09A   -7.874    0.1375      S  2                1.03364m   -7.528    0.3049
nFnu                30.8695m   -8.942    0.0117      Fe 2                2404.89A   -7.575    0.2736      S  2                1.02867m   -7.525    0.3071
nFnu                24.7829m   -8.818    0.0157      Fe 2                2399.24A   -8.395    0.0415      S  2                1.03705m   -7.850    0.1453
nFnu                24.2998m   -8.806    0.0161      Fe 2                2395.42A   -9.403    0.0041      S  2                1.03205m   -7.391    0.4179
nFnu                22.8302m   -8.772    0.0174      Fe 2                2380.76A   -6.390    4.1903      S  2                1259.52A   -9.149    0.0073
nFnu                21.4199m   -8.735    0.0189      Fe 2                2348.30A   -8.138    0.0749      S  2                1253.81A   -9.228    0.0061
nFnu                21.1235m   -8.725    0.0194      Fe 2                2327.40A   -8.728    0.0193      S  2                1250.58A   -9.536    0.0030
nFnu                19.6199m   -8.683    0.0214      Fe 2                87.3597m   -7.442    0.3718      Sc 2                4246.82A   -9.567    0.0028
nFnu                17.6534m   -8.622    0.0246      Fe 2                5.06097m   -8.343    0.0467      Sc 2                7043.49A   -9.337    0.0047
nFnu                17.3700m   -8.612    0.0251      Fe 2                4.43363m   -8.261    0.0565      Sc 2                8261.17A   -9.851    0.0014
nFnu                15.6901m   -8.550    0.0290      Fe 2                1.40951m   -9.671    0.0022      Sc 2                8271.28A   -9.737    0.0019
nFnu                14.6036m   -8.507    0.0320      Fe 2                1.32777m   -7.809    0.1597      Sc 2                8326.62A   -9.991    0.0010
nFnu                12.4300m   -8.406    0.0404      Fe 2                1.27877m   -7.866    0.1401      Sc 2                8347.28A   -9.556    0.0029
nFnu                11.4000m   -8.351    0.0458      Fe 2                1.25214m   -8.906    0.0128      Sc 2                8384.33A   -9.868    0.0014
nFnu                10.4600m   -8.294    0.0522      Fe 2                7926.88A   -9.144    0.0074      Sc 2                1.07804m   -9.935    0.0012
nFnu                9.48002m   -8.230    0.0605      Fe 2                7803.89A   -8.884    0.0134      Sc 2                2.03194m   -9.473    0.0035
nFnu                9.32488m   -8.219    0.0621      Fe 2                7665.28A   -8.137    0.0750      Sc 2                2.04712m   -9.820    0.0016
nFnu                8.21035m   -8.132    0.0759      Fe 2                5006.63A   -8.284    0.0535      Sc 2                2.07591m   -9.464    0.0035
nFnu                7.58000m   -8.075    0.0865      Fe 2                4772.06A   -9.097    0.0082      Sc 2                2.07842m   -9.298    0.0052
nFnu                7.05026m   -8.022    0.0979      Fe 2                4639.67A   -8.781    0.0170      Sc 2                2.08152m   -9.567    0.0028
nFnu                4.11370m   -7.583    0.2689      Fe 2                4528.39A   -8.392    0.0417      Sc 2                2.11129m   -9.741    0.0019
nFnu                2.32440m   -7.027    0.9672      Fe 2                4509.61A   -8.739    0.0187      Sc 2                2.12445m   -9.739    0.0019
nFnu                1.64313m   -6.660    2.2506      Fe 2                4452.10A   -6.762    1.7773      Si 1                2207.98A  -10.006    0.0010
nFnu                1.48022m   -6.545    2.9346      Fe 2                3277.55A   -8.897    0.0130      Si 1                2211.75A   -9.567    0.0028
nFnu                1.43649m   -6.510    3.1799      Fe 2                3277.12A   -9.801    0.0016      Si 1                2514.32A   -9.895    0.0013
nFnu                1.11867m   -6.230    6.0549      Fe 2                3275.02A   -8.973    0.0109      Si 1                2519.20A   -8.941    0.0118
nFnu                8329.68A   -5.913   12.5548      Fe 2                2631.05A   -7.722    0.1953      Si 1                2528.51A   -8.725    0.0194
nFnu                8078.61A   -5.881   13.5171      Fe 2                2620.41A   -9.611    0.0025      Si 1                68.4548m   -8.226    0.0611
nFnu                6209.66A   -5.613   25.0673      Fe 2                2613.82A   -8.489    0.0333      Si 1                129.641m   -8.296    0.0521
nFnu                4885.36A   -5.377   43.1417      Fe 2                2410.52A   -8.359    0.0450      Si 2                34.8046m   -3.852 1446.7751
nFnu                3704.34A   -5.113   79.3296      Fe 2                2406.66A   -8.632    0.0240      Si 2                2334.41A   -7.010    1.0040
nFnu                3587.67A   -5.084   84.8288      Fe 2                2404.43A   -9.467    0.0035      Si 2                2328.52A   -7.626    0.2432
nFnu                2430.05A   -4.731  191.0410      Fe 2                2359.11A   -8.448    0.0366      Si 2                1808.01A   -6.953    1.1473
nFnu                2392.03A   -4.717  197.3695      Fe 2                2338.01A   -8.506    0.0321      Si 2                1260.42A   -9.198    0.0065
nFnu                2071.34A   -4.598  259.3262      Fe 2                4.67067m   -8.885    0.0134      Si 2                2350.17A   -6.880    1.3558
nFnu                2052.68A   -4.591  264.0590      Fe 2                1.29777m   -8.196    0.0654      Si 2                2344.20A   -6.478    3.4254
nFnu                1793.44A   -4.494  329.9564      Fe 2                1.27034m   -8.068    0.0879      Si 2                2334.60A   -6.586    2.6713
nFnu                1585.12A   -4.427  384.7699      Fe 2                7999.47A   -9.890    0.0013      Si 2                1817.45A   -7.054    0.9080
nFnu                1458.33A   -4.420  391.2515      Fe 2                7874.24A   -8.238    0.0595      Si 2                1816.93A   -6.622    2.4538
nFnu                1356.96A   -4.460  356.4449      Fe 2                7733.14A   -8.785    0.0169      Si 2                1533.43A   -7.423    0.3886
nFnu                1297.29A   -4.573  275.1302      Fe 2                4798.28A   -8.647    0.0232      Si 2                1309.28A   -8.206    0.0639
nFnu                1262.79A   -4.750  182.9254      Fe 2                4664.45A   -9.295    0.0052      Si 2                1265.00A   -7.976    0.1087
nFnu                1218.08A   -8.836    0.0150      Fe 2                4533.01A   -9.287    0.0053      Si 2                1264.74A   -8.418    0.0393
nFnu                1196.33A   -8.322    0.0490      Fe 2                4474.90A   -7.075    0.8658      Si 2                1197.39A   -8.302    0.0513
nFnu                1175.06A   -8.266    0.0558      Fe 2                3289.89A   -9.283    0.0054      Si 2                1194.50A   -8.511    0.0317
nFnu                1143.64A   -8.390    0.0419      Fe 2                3289.46A   -9.062    0.0089      Si 2                3862.60A   -9.611    0.0025
nFnu                1113.22A   -8.503    0.0323      Fe 2                2628.29A   -8.170    0.0695      Si 2                3856.02A   -9.585    0.0027
nFnu                1103.23A   -8.532    0.0302      Fe 2                2621.67A   -9.077    0.0086      Si 2                6371.37A   -9.528    0.0031
nFnu                1073.86A   -8.853    0.0144      Fe 2                2413.31A   -8.875    0.0137      Si 2                6347.11A   -9.451    0.0036
nFnu                1064.34A   -8.896    0.0131      Fe 2                2411.07A   -8.885    0.0134      Zn 2                2062.00A   -9.133    0.0076
nFnu                1035.92A   -9.013    0.0100      Fe 2                2344.28A   -8.589    0.0265      Zn 2                2025.48A   -8.901    0.0129
nFnu                1000.00A   -9.178    0.0068      Fe 2                17.9311m   -6.026    9.6930      Al 2                2669.15A   -6.657    2.2640
nFnu                925.144A   -9.145    0.0074      Fe 2                1.64355m   -5.131   75.9950      Al 2                2660.35A   -6.484    3.3781
nFnu                897.800A   -9.680    0.0022      Fe 2                1.53348m   -6.257    5.6952      Al 2                1670.79A   -7.154    0.7207
RRC............................................      Fe 2                8616.95A   -6.520    3.1053      Al 2                3900.67A   -9.893    0.0013
H  1                3645.98A   -8.828    0.0153      Fe 2                7155.17A   -6.649    2.3081      Ca 2                7323.89A   -5.430   38.2055
H  1                3645.98A   -8.481    0.0340      Fe 2                6896.17A   -8.101    0.0816      Ca 2                7291.47A   -5.261   56.3956
H  1                8203.57A   -9.562    0.0028      Fe 2                5413.37A   -8.559    0.0284      Ca 2                3968.47A   -7.066    0.8825
H  1                8203.57A   -9.168    0.0070      Fe 2                5280.27A   -9.095    0.0083      Ca 2                8662.14A   -6.172    6.9278
H  1                8203.57A   -9.271    0.0055      Fe 2                5273.36A   -6.647    2.3170      Ca 2                3933.66A   -7.054    0.9073
H  1                1.45842m   -9.648    0.0023      Fe 2                5158.79A   -6.036    9.4597      Ca 2                8498.02A   -6.856    1.4334
H  1                1.45842m   -9.644    0.0023      Fe 2                5111.64A   -6.943    1.1723      Ca 2                8542.09A   -5.909   12.6818
H  1                1.45842m   -9.985    0.0011      Fe 2                5072.41A   -6.689    2.1059      Ca 2                3706.02A   -8.523    0.0308
H  1                2.27878m  -10.005    0.0010      Fe 2                5039.10A   -8.123    0.0775      Ca 2                3736.90A   -8.227    0.0610
H  1                2.27878m   -9.969    0.0011      Fe 2                4814.54A   -6.993    1.0455      Ca 2                3158.87A   -8.544    0.0294
Al 1                2070.66A   -9.968    0.0011      Fe 2                4774.73A   -7.433    0.3798      Ca 2                3181.27A   -9.249    0.0058
Si 1                1520.96A   -8.971    0.0110      Fe 2                4745.49A   -8.484    0.0337      Ca 2                3179.33A   -8.294    0.0522
S  1                1196.76A   -9.602    0.0026      Fe 2                4661.78A   -9.583    0.0027      Ca 2                1.19497m   -9.976    0.0011
grains.........................................      Fe 2                4243.97A   -6.363    4.4628      Ca 2                1.18390m   -9.669    0.0022
H-like iso-sequence............................      Fe 2                4177.20A   -7.452    0.3629      Ca 2                1838.01A   -9.481    0.0034
Cool                1215.67A   -4.326  485.2893      Fe 2                4146.65A   -9.028    0.0096      Ca 2                1840.03A   -9.325    0.0049
Crst                960.000A   -4.506  320.8354      Fe 2                4114.48A   -9.368    0.0044      Ca 2                2112.76A   -9.953    0.0011
CION                      0    -6.567    2.7883      Fe 2                3929.35A   -9.621    0.0025      Cl 2                14.3639m   -7.336    0.4741
Dest                1215.67A   -9.636    0.0024      Fe 2                3387.09A   -7.868    0.1394      Cl 2                33.2721m   -8.417    0.0394
Ca B                1215.67A   -7.401    0.4082      Fe 2                3376.20A   -7.070    0.8749      Cl 2                8578.70A   -7.024    0.9726
CaBo                4861.32A   -8.935    0.0120      Fe 2                2732.45A   -8.199    0.0651      Cl 2                9123.60A   -7.609    0.2530
Ca A                1215.67A   -7.592    0.2632      Fe 2                2493.30A   -5.813   15.8340      Cl 2                3677.85A   -8.947    0.0116
Ca A                1025.72A   -8.239    0.0594      Fe 2                2484.20A   -9.389    0.0042      Cl 2                6161.84A   -8.901    0.0129
Ca A                972.537A   -8.649    0.0231      Fe 2                2360.00A   -7.693    0.2087      Mg 2                2802.71A   -5.186   67.0096
Ca A                949.743A   -8.953    0.0115      Fe 2                2348.12A   -7.738    0.1881      Mg 2                2795.53A   -4.890  132.5931
Ca A                937.803A   -9.195    0.0066      Fe 2                2331.31A   -9.450    0.0037      Mg 2                2936.52A   -8.117    0.0785
Ca A                930.748A   -9.397    0.0041      Fe 2                24.5126m   -6.726    1.9347      Mg 2                2928.64A   -8.419    0.0392
Ca A                926.226A   -9.571    0.0028      Fe 2                1.80940m   -5.732   19.0568      Mg 2                2797.93A   -8.857    0.0143
Ca A                923.150A   -9.724    0.0019      Fe 2                1.67688m   -6.682    2.1386      Mg 2                2790.77A   -8.155    0.0720
Ca A                920.963A   -9.860    0.0014      Fe 2                1.59948m   -6.589    2.6487      Mg 2                2798.00A   -7.902    0.1289
Ca A                919.351A   -9.983    0.0011      Fe 2                9051.95A   -6.362    4.4741      Mg 2                9244.22A   -9.980    0.0011
Ca A                6562.80A   -8.661    0.0224      Fe 2                8891.93A   -6.786    1.6832      Mg 2                9218.22A   -9.680    0.0021
Ca A                4861.32A   -9.112    0.0080      Fe 2                7452.56A   -7.141    0.7435      N  2                205.283m   -9.220    0.0062
Ca A                4340.46A   -9.436    0.0038      Fe 2                7172.00A   -7.056    0.9039      N  2                121.769m   -9.444    0.0037
Ca A                4101.73A   -9.690    0.0021      Fe 2                6275.53A   -9.014    0.0100      N  2                6548.05A   -8.594    0.0262
Ca A                3970.07A   -9.899    0.0013      Fe 2                5527.36A   -7.631    0.2408      N  2                6583.45A   -8.124    0.0772
Ca A                1.87510m   -9.453    0.0036      Fe 2                5440.48A   -9.388    0.0042      N  2                5754.59A   -9.973    0.0011
Ca A                1.28181m   -9.780    0.0017      Fe 2                5433.15A   -7.161    0.7096      N  2                2142.77A   -9.977    0.0011
Ca B                6562.80A   -8.479    0.0341      Fe 2                5261.63A   -6.416    3.9424      Ni 2                1.19102m   -6.007   10.1155
Ca B                4861.32A   -8.936    0.0119      Fe 2                5220.08A   -7.692    0.2091      Ni 2                6.63416m   -6.635    2.3815
Ca B                4340.46A   -9.266    0.0056      Fe 2                5184.80A   -7.587    0.2660      Ni 2                1.07151m   -7.629    0.2417
Ca B                4101.73A   -9.523    0.0031      Fe 2                5158.01A   -7.537    0.2988      Ni 2                10.6793m   -7.266    0.5570
Ca B                3970.07A   -9.735    0.0019      Fe 2                4947.39A   -6.937    1.1898      Ni 2                1.27792m   -9.453    0.0036
Ca B                3889.05A   -9.915    0.0013      Fe 2                4905.35A   -7.288    0.5301      Ni 2                1.16130m   -8.144    0.0738
Ca B                1.87510m   -9.406    0.0040      Fe 2                4874.50A   -7.331    0.4804      Ni 2                12.7253m   -7.681    0.2143
Ca B                1.28181m   -9.723    0.0019      Fe 2                4852.74A   -8.691    0.0209      Ni 2                9882.95A   -8.894    0.0131
Ca B                1.09381m   -9.980    0.0011      Fe 2                4346.86A   -6.990    1.0525      Ni 2                1.09177m   -8.431    0.0381
H  1                2431.34A   -4.544  294.1771      Fe 2                4276.84A   -6.914    1.2545      Ni 2                18.2355m   -8.398    0.0411
H  1                1215.67A   -4.309  504.9386      Fe 2                4244.82A   -7.726    0.1935      Ni 2                9374.87A   -9.186    0.0067
H  1                6562.80A   -6.250    5.7841      Fe 2                4231.56A   -9.326    0.0049      Ni 2                7377.83A   -6.797    1.6417
H  1                4861.32A   -7.012    1.0000      Fe 2                4211.11A   -9.302    0.0051      Ni 2                8300.99A   -8.093    0.0830
H  1                4340.46A   -7.393    0.4161      Fe 2                3455.11A   -7.974    0.1092      Ni 2                1.93877m   -7.505    0.3217
H  1                4101.73A   -9.088    0.0084      Fe 2                3452.31A   -7.663    0.2236      Ni 2                2.36883m   -8.792    0.0166
H  1                3970.07A   -9.378    0.0043      Fe 2                3440.99A   -7.549    0.2906      Ni 2                2.91064m   -8.460    0.0356
H  1                3889.05A   -9.611    0.0025      Fe 2                2774.73A   -9.439    0.0037      Ni 2                6666.80A   -7.642    0.2347
H  1                3835.38A   -9.806    0.0016      Fe 2                2759.34A   -9.842    0.0015      Ni 2                7411.61A   -7.423    0.3886
H  1                3797.90A   -9.973    0.0011      Fe 2                2485.07A   -9.620    0.0025      Ni 2                1.76458m   -9.568    0.0028
H  1                3770.63A   -9.718    0.0020      Fe 2                2391.48A   -8.709    0.0201      Ni 2                2.04866m   -9.146    0.0074
H  1                3750.15A   -9.834    0.0015      Fe 2                2379.28A   -9.437    0.0038      Ni 2                2.30794m   -8.602    0.0257
H  1                3734.37A   -9.939    0.0012      Fe 2                2362.02A   -8.154    0.0721      Ni 2                6.91767m   -8.902    0.0129
H  1                1.87510m   -7.784    0.1690      Fe 2                35.7675m   -7.525    0.3067      Ni 2                4326.24A   -7.589    0.2650
H  1                1.28181m   -8.097    0.0822      Fe 2                1.95361m   -6.643    2.3388      Ni 2                4628.05A   -8.011    0.1003
H  1                1.09381m   -9.472    0.0035      Fe 2                1.80002m   -6.698    2.0626      Ni 2                6794.20A   -9.067    0.0088
H  1                1.00494m   -9.781    0.0017      Fe 2                1.71113m   -7.267    0.5563      Ni 2                7255.82A   -7.944    0.1171
H  1                4.05115m   -8.654    0.0228      Fe 2                1.66377m   -6.886    1.3365      Ni 2                7694.56A   -9.014    0.0100
H  1                2.62515m   -9.648    0.0023      Fe 2                9399.04A   -6.784    1.6928      Ni 2                8033.54A   -9.179    0.0068
H  1                2.16553m  -10.000    0.0010      Fe 2                9226.63A   -6.730    1.9171      Ni 2                1.04597m   -8.428    0.0384
H  1                7.45782m   -9.683    0.0021      Fe 2                9033.49A   -7.806    0.1609      Ni 2                1.23230m   -8.455    0.0361
He-like iso-sequence...........................      Fe 2                7388.17A   -7.176    0.6856      Ni 2                4201.17A   -7.771    0.1742
Pho+                3889.00A   -9.708    0.0020      Fe 2                6440.41A   -8.129    0.0764      Ni 2                4485.21A   -8.224    0.0614
extra Lyman....................................      Fe 2                6229.28A   -9.279    0.0054      Ni 2                7307.65A   -8.119    0.0782
database lines.................................      Fe 2                5654.87A   -8.591    0.0264      Ni 2                7612.72A   -8.447    0.0367
CN                  2648.35m   -9.427    0.0038      Fe 2                5556.31A   -7.830    0.1520      Ni 2                1.13597m   -9.130    0.0076
CN                  2640.74m   -9.126    0.0077      Fe 2                5412.67A   -8.359    0.0450      Ni 2                4285.31A   -8.979    0.0108
CN                  1322.30m   -9.525    0.0031      Fe 2                5333.66A   -6.704    2.0350      Ni 2                6791.48A   -8.694    0.0208
CN                  1321.03m   -9.270    0.0055      Fe 2                5296.84A   -7.987    0.1061      Ni 2                7054.20A   -8.598    0.0259
CN                  881.421m   -9.518    0.0031      Fe 2                5268.89A   -7.707    0.2020      Ni 2                9.61508m   -9.888    0.0013
CN                  880.858m   -9.363    0.0045      Fe 2                5107.96A   -8.643    0.0234      Ni 2                4033.04A   -8.037    0.0944
CN                  661.044m   -9.421    0.0039      Fe 2                5049.30A   -7.110    0.7982      Ni 2                4294.09A   -8.158    0.0716
CN                  660.727m   -9.308    0.0051      Fe 2                5005.52A   -7.164    0.7050      Ni 2                6467.29A   -9.191    0.0066
CN                  528.842m   -9.534    0.0030      Fe 2                4973.40A   -7.432    0.3808      Ni 2                6813.57A   -8.179    0.0681
CN                  528.639m   -9.444    0.0037      Fe 2                4950.76A   -7.777    0.1718      Ni 2                7078.04A   -8.728    0.0192
CN                  440.721m   -9.545    0.0029      Fe 2                4352.79A   -7.230    0.6063      Ni 2                1.02090m   -9.509    0.0032
CN                  440.580m   -9.471    0.0035      Fe 2                4319.62A   -7.496    0.3286      Ni 2                3993.06A   -7.692    0.2089
CN                  377.785m   -9.692    0.0021      Fe 2                4305.90A   -8.299    0.0517      Ni 2                4248.80A   -8.168    0.0699
CN                  377.682m   -9.629    0.0024      Fe 2                4084.33A   -9.626    0.0024      Ni 2                6007.06A   -9.282    0.0054
CN                  330.590m   -9.777    0.0017      Fe 2                3504.51A   -8.277    0.0544      Ni 2                6365.10A   -8.166    0.0702
CN                  330.511m   -9.722    0.0020      Fe 2                3504.02A   -8.134    0.0756      Ni 2                6700.24A   -9.559    0.0028
CN                  293.888m   -9.936    0.0012      Fe 2                3501.63A   -7.697    0.2064      Ni 2                6955.82A   -9.594    0.0026
CN                  293.825m   -9.887    0.0013      Fe 2                3489.99A   -8.377    0.0432      Ni 2                8703.87A   -8.621    0.0246
HF                  243.178m   -9.026    0.0097      Fe 2                2385.01A   -8.981    0.0107      Ni 2                9956.63A   -8.848    0.0146
CO                  2600.05m   -8.077    0.0862      Fe 2                2.06648m   -8.037    0.0945      Ni 2                5.18504m   -9.627    0.0024
CO                  1300.05m   -7.196    0.6552      Fe 2                1.89541m   -7.434    0.3790      Ni 2                3438.88A   -7.881    0.1353
CO                  866.727m   -6.961    1.1241      Fe 2                1.79711m   -6.920    1.2358      Ni 2                3626.89A   -8.188    0.0666
CO                  650.074m   -6.883    1.3451      Fe 2                1.74494m   -7.209    0.6359      Ni 2                3378.16A   -8.495    0.0329
CO                  520.089m   -6.838    1.4923      Fe 2                9652.70A   -7.632    0.2398      Ni 2                3559.41A   -8.474    0.0345
CO                  433.438m   -6.808    1.5992      Fe 2                9470.94A   -7.120    0.7800      level 1 lines..................................
CO                  371.549m   -6.799    1.6355      Fe 2                9267.56A   -7.502    0.3236      recombination..................................
CO                  325.137m   -6.791    1.6657      Fe 2                7544.00A   -9.815    0.0016      level2 lines...................................
CO                  289.041m   -6.796    1.6461      Fe 2                6558.51A   -8.343    0.0467      C  1                1247.50A   -8.875    0.0137
CO                  260.169m   -6.801    1.6248      Fe 2                5745.71A   -8.962    0.0112      C  1                1314.77A   -8.799    0.0163
CO                  236.549m   -6.817    1.5670      Fe 2                5643.98A   -8.803    0.0162      C  1                1165.98A   -9.803    0.0016
CO                  216.868m   -6.837    1.4983      Fe 2                5495.84A   -8.635    0.0238      C  1                1233.29A   -9.381    0.0043
CO                  200.218m   -6.863    1.4089      Fe 2                5376.47A   -7.098    0.8211      C  1                1250.68A   -9.529    0.0030
CO                  185.949m   -6.885    1.3417      Fe 2                5347.66A   -8.212    0.0631      Mg 1                1817.31A   -9.630    0.0024
CO                  173.584m   -6.910    1.2658      Fe 2                5181.96A   -8.488    0.0334      Mg 1                1739.09A   -9.839    0.0015
CO                  162.767m   -6.936    1.1915      Fe 2                5076.57A   -7.768    0.1754      Mg 1                1699.05A   -9.933    0.0012
CO                  153.225m   -6.965    1.1157      Fe 2                5043.53A   -7.638    0.2366      Si 1                1853.05A   -9.518    0.0031
CO                  144.745m   -6.995    1.0410      Fe 2                5020.25A   -7.754    0.1810      Si 1                1999.94A   -9.895    0.0013
CO                  137.159m   -7.026    0.9696      Fe 2                4372.43A   -7.770    0.1747      Si 2                1179.59A   -8.984    0.0107
CO                  130.333m   -7.057    0.9010      Fe 2                4358.37A   -7.981    0.1074      Si 2                993.354A   -9.780    0.0017
CO                  124.160m   -7.094    0.8274      Fe 2                4080.00A   -9.655    0.0023      S  1                1356.05A   -9.409    0.0040
CO                  118.548m   -7.135    0.7541      Fe 2                3539.19A   -7.981    0.1073      S  1                1392.25A   -9.744    0.0019
CO                  113.427m   -7.175    0.6870      Fe 2                3538.69A   -8.275    0.0546      Fe 1                2484.25A   -9.654    0.0023
CO                  108.733m   -7.218    0.6221      Fe 2                3536.25A   -8.401    0.0409      Fe 1                2526.51A   -9.922    0.0012
CO                  104.416m   -7.262    0.5631      Fe 2                3524.38A   -9.709    0.0020      Sc 2                3627.22A   -8.336    0.0474
CO                  100.433m   -7.307    0.5068      Fe 2                22.8961m   -9.031    0.0096      Sc 2                3575.45A   -8.459    0.0358
CO                  96.7462m   -7.355    0.4546      Fe 2                1.81139m   -9.310    0.0050      Sc 2                3368.13A   -9.023    0.0097
CO                  93.3237m   -7.404    0.4059      Fe 2                7764.71A   -8.516    0.0314      Ti 2                3364.74A   -6.761    1.7831
CO                  90.1384m   -7.455    0.3612      Fe 2                7336.73A   -8.805    0.0161      Ti 2                3237.15A   -7.001    1.0266
CO                  87.1666m   -7.507    0.3200      Fe 2                7267.25A   -9.774    0.0017      Ti 2                1904.17A   -8.868    0.0139
CO                  84.3877m   -7.561    0.2827      Fe 2                6809.24A   -8.783    0.0169      Ti 2                1907.36A   -8.610    0.0252
CO                  81.7835m   -7.616    0.2488      Fe 2                6729.87A   -9.064    0.0089      V  2                2710.94A   -9.094    0.0083
CO                  79.3383m   -7.674    0.2177      Fe 2                6671.93A   -9.627    0.0024      V  2                2684.22A   -8.857    0.0143
CO                  77.0375m   -7.734    0.1897      Fe 2                5721.37A   -9.901    0.0013      V  2                2139.33A   -9.510    0.0032
CO                  74.8697m   -7.795    0.1650      Fe 2                5163.96A   -8.813    0.0158      Cr 1                4269.56A   -9.324    0.0049
CO                  72.8231m   -7.858    0.1427      Fe 2                4266.35A   -9.513    0.0032      Cr 1                3589.90A   -9.140    0.0075
CO                  70.8878m   -7.922    0.1231      Fe 2                4249.08A   -9.784    0.0017      Cr 2                2059.78A   -7.362    0.4471
CO                  69.0557m   -7.986    0.1063      Fe 2                4157.92A   -9.791    0.0017      Mn 2                1198.85A   -9.716    0.0020
CO                  67.3181m   -8.051    0.0915      Fe 2                3277.35A   -8.329    0.0483      Co 2                2060.90A   -8.835    0.0150
CO                  65.6684m   -8.117    0.0786      Fe 2                3255.89A   -9.592    0.0026      Co 2                2018.80A   -8.870    0.0139
CO                  64.0998m   -8.183    0.0675      Fe 2                2926.59A   -9.242    0.0059      Co 2                1949.74A   -8.947    0.0116
CO                  62.6072m   -8.250    0.0578      Fe 2                2880.76A   -8.895    0.0131      Co 2                1575.91A   -9.467    0.0035
CO                  61.1843m   -8.317    0.0496      Fe 2                2755.74A   -7.247    0.5820      Co 2                1470.18A   -9.530    0.0030
CO                  59.8271m   -8.384    0.0425      Fe 2                2739.55A   -7.986    0.1062      Ni 2                1751.83A   -8.395    0.0414
CO                  58.5311m   -8.452    0.0363      Fe 2                2716.70A   -8.095    0.0826      Ni 2                1744.24A   -8.203    0.0645
CO                  57.2920m   -8.521    0.0310      Fe 2                34.6508m   -9.902    0.0013      Ni 2                1484.97A   -9.507    0.0032
CO                  56.1066m   -8.591    0.0263      Fe 2                1.00287m   -8.504    0.0322      Ni 2                1472.74A   -9.206    0.0064
CO                  54.9712m   -8.663    0.0224      Fe 2                8245.16A  -10.003    0.0010      Ni 2                1400.37A   -9.510    0.0032
CO                  53.8829m   -8.734    0.0190      Fe 2                8037.28A   -9.033    0.0095      Ni 2                1375.73A   -9.191    0.0066
CO                  52.8388m   -8.806    0.0161      Fe 2                7579.61A   -9.524    0.0031      Ni 2                1324.11A   -9.291    0.0053
CO                  51.8365m   -8.878    0.0136      Fe 2                7017.95A   -9.443    0.0037      Zn 1                2138.57A   -9.903    0.0013
CO                  50.8731m   -8.950    0.0115      Fe 2                6933.67A   -9.809    0.0016      hyperfine structure............................
CO                  49.9472m   -9.023    0.0098      Fe 2                6872.19A   -8.975    0.0109      inner shell....................................
CO                  49.0559m   -9.097    0.0082      Fe 2                6829.03A  -10.009    0.0010      molecules......................................
CO                  48.1977m   -9.172    0.0069      Fe 2                5746.98A   -8.862    0.0141      H2 l                2.00000m   -4.594  261.7501
CO                  47.3709m   -9.249    0.0058      Fe 2                5283.12A   -9.421    0.0039      H2 v                      0    -6.243    5.8774
CO                  46.5738m   -9.326    0.0049      Fe 2                5199.18A   -9.636    0.0024      H-FB                      0    -6.940    1.1807
CO                  45.8046m   -9.405    0.0040      Fe 2                4351.81A   -9.783    0.0017      H-FF                      0    -7.175    0.6877
CO                  45.0623m   -9.486    0.0034      Fe 2                4347.36A   -9.152    0.0072      H-CT                6562.80A   -8.221    0.0619
CO                  44.3452m   -9.569    0.0028      Fe 2                4329.43A   -8.499    0.0326      H- H                      0    -8.799    0.0163
CO                  43.6523m   -9.655    0.0023      Fe 2                2953.77A   -9.939    0.0012      H2+                       0    -7.346    0.4642
CO                  42.9823m   -9.746    0.0018      Fe 2                2772.73A   -8.048    0.0922      bands..........................................
CO                  42.3344m   -9.840    0.0015      Fe 2                2749.32A   -8.062    0.0893      Fe 2b               2500.00A   -5.194   65.7308
CO                  41.7069m   -9.943    0.0012      Fe 2                9795.19A   -9.282    0.0054      Fe 2b               5000.00A   -5.251   57.7700
^13CO               2719.67m   -9.637    0.0024      Fe 2                8228.13A   -9.196    0.0065      Fe 2b               7000.00A   -6.193    6.5893
^13CO               1359.86m   -8.714    0.0199      Fe 2                7613.14A   -9.604    0.0026      Fe 2b               10000.0A   -4.873  137.7428
^13CO               906.599m   -8.466    0.0352      Fe 2                7011.24A  -10.010    0.0010      Fe 2b               2355.00A   -5.914   12.5362
^13CO               679.978m   -8.383    0.0426      Fe 2                6966.33A   -9.368    0.0044      Fe 2b               2430.00A   -5.201   64.6870
^13CO               544.012m   -8.337    0.0474      Fe 2                5477.25A   -9.366    0.0044      Fe 2b               2445.00A   -5.201   64.6869
^13CO               453.374m   -8.306    0.0508      Fe 2                5278.38A   -9.834    0.0015      Fe 2b               2495.00A   -5.812   15.8416
^13CO               388.637m   -8.297    0.0519      Fe 2                4402.59A   -9.618    0.0025      Fe 2b               2610.00A   -5.452   36.3047
^13CO               340.088m   -8.290    0.0528      Fe 2                4384.21A   -9.551    0.0029      Fe 2b               2695.00A   -8.095    0.0826
^13CO               302.332m   -8.295    0.0521      Fe 2                1.05081m   -9.762    0.0018      Fe 2b               2758.00A   -7.039    0.9400
^13CO               272.130m   -8.301    0.0514      Fe 2                7710.80A   -9.915    0.0013      Fe 2b               2780.00A   -6.997    1.0361
^13CO               247.423m   -8.317    0.0496      Fe 2                7048.01A   -9.581    0.0027      Fe 2b               2935.00A   -8.692    0.0209
^13CO               226.836m   -8.337    0.0473      Fe 2                5901.28A   -9.812    0.0016      Fe 2b               2960.00A   -9.119    0.0078
^13CO               209.419m   -8.365    0.0444      Fe 2                5527.62A   -9.924    0.0012      Fe 2b               3180.00A   -7.615    0.2493
^13CO               194.493m   -8.386    0.0422      Fe 2                2.04602m   -8.449    0.0366      Fe 2b               3250.00A   -6.911    1.2638
^13CO               181.558m   -8.413    0.0398      Fe 2                1.41956m   -9.004    0.0102      Fe 2b               3590.00A   -6.929    1.2100
^13CO               170.243m   -8.441    0.0373      Fe 2                1.35904m   -9.809    0.0016      Fe 2b               3910.00A   -8.980    0.0108
^13CO               160.261m   -8.470    0.0348      Fe 2                1.23314m   -8.797    0.0164      Fe 2b               4060.00A   -9.638    0.0024
^13CO               151.390m   -8.502    0.0324      Fe 2                1.09108m   -8.720    0.0196      Fe 2b               4255.00A   -5.684   21.3089
^13CO               143.454m   -8.534    0.0301      Fe 2                1.07084m   -9.158    0.0071      Fe 2b               4558.00A   -6.414    3.9654
^13CO               136.314m   -8.568    0.0278      Fe 2                1.05625m   -9.608    0.0025      Fe 2b               4600.00A   -6.384    4.2461
^13CO               129.855m   -8.607    0.0254      Fe 2                1.01565m   -9.411    0.0040      Fe 2b               4743.00A   -7.133    0.7575
^13CO               123.985m   -8.649    0.0231      Fe 2                8119.18A   -9.888    0.0013      Fe 2b               4855.00A   -6.554    2.8692
^13CO               118.627m   -8.692    0.0209      Fe 2                5588.16A   -8.713    0.0199      Fe 2b               4920.00A   -6.040    9.3886
^13CO               113.717m   -8.738    0.0188      Fe 2                5586.91A   -9.576    0.0027      Fe 2b               4975.00A   -6.569    2.7733
^13CO               109.201m   -8.786    0.0168      Fe 2                5580.82A   -8.145    0.0736      Fe 2b               4971.00A   -6.612    2.5125
^13CO               105.034m   -8.837    0.0150      Fe 2                5551.32A   -7.863    0.1410      Fe 2b               5070.00A   -6.491    3.3209
^13CO               101.176m   -8.891    0.0132      Fe 2                3227.74A   -9.603    0.0026      Fe 2b               5143.00A   -5.958   11.3393
^13CO               97.5955m   -8.948    0.0116      Fe 2                3196.07A   -9.098    0.0082      Fe 2b               5270.00A   -5.673   21.8415
^13CO               94.2629m   -9.008    0.0101      Fe 2                2.13278m   -8.704    0.0203      Fe 2b               5318.00A   -5.991   10.5018
^13CO               91.1537m   -9.072    0.0087      Fe 2                1.46079m   -9.551    0.0029      Fe 2b               5540.00A   -7.139    0.7475
^13CO               88.2461m   -9.140    0.0075      Fe 2                1.39678m   -9.611    0.0025      Fe 2b               5865.00A   -7.739    0.1876
^13CO               85.5213m   -9.213    0.0063      Fe 2                1.30943m   -9.631    0.0024      Fe 2b               6265.00A   -8.552    0.0288
^13CO               82.9627m   -9.291    0.0053      Fe 2                1.24364m   -9.816    0.0016      Fe 2b               6565.00A   -7.895    0.1311
^13CO               80.5556m   -9.377    0.0043      Fe 2                1.09413m   -8.917    0.0125      Fe 2b               6910.00A   -7.833    0.1509
^13CO               78.2869m   -9.473    0.0035      Fe 2                1.07890m   -9.013    0.0100      Fe 2b               7445.00A   -6.215    6.2736
^13CO               76.1453m   -9.580    0.0027      Fe 2                1.06830m   -9.771    0.0017      Fe 2b               8625.00A   -5.882   13.4934
^13CO               74.1205m   -9.706    0.0020      Fe 2                1.03658m   -9.782    0.0017      Fe 2b               1.03250m   -6.940    1.1815
^13CO               72.2030m   -9.860    0.0014      Fe 2                5650.95A   -8.692    0.0209      Fe 2b               1.88900m   -5.588   26.5322
OH+                 308.406m   -9.793    0.0017      Fe 2                5649.67A   -8.666    0.0222      Fe 2b               2.20000m   -7.674    0.2181
C  1                1560.31A   -8.714    0.0199      Fe 2                5643.44A   -9.803    0.0016      miscellaneous..................................
C  1                1560.68A   -8.852    0.0145      Fe 2                5613.27A   -8.079    0.0858      Blnd                8446.00A   -9.770    0.0017
C  1                1560.71A   -8.700    0.0205      Fe 2                2.24366m   -9.042    0.0093      Blnd                1304.00A   -8.149    0.0729
C  1                1561.34A   -8.120    0.0781      Fe 2                2.00672m   -8.387    0.0421      Blnd                2798.00A   -4.712  199.6027
C  1                1561.37A   -8.387    0.0422      Fe 2                1.10657m   -9.260    0.0056      Blnd                6720.00A   -5.453   36.2731
C  1                1561.44A   -8.391    0.0418      Fe 2                1.09542m   -9.364    0.0044      Blnd                4074.00A   -6.777    1.7178
C  1                1656.27A   -8.243    0.0588      Fe 2                5725.92A   -8.963    0.0112      Blnd                1.03300m   -6.886    1.3370
C  1                1656.93A   -8.520    0.0311      Fe 2                5718.22A   -8.413    0.0397      Blnd                1256.00A   -8.798    0.0164
C  1                1657.01A   -7.645    0.2327      Fe 2                2.22379m   -7.798    0.1639      Blnd                5892.00A   -8.337    0.0474
C  1                1657.38A   -8.322    0.0490      Fe 2                2.01513m   -8.117    0.0785      Blnd                2665.00A   -6.261    5.6421
C  1                1657.91A   -7.893    0.1314      Fe 2                9682.08A   -8.629    0.0242      Blnd                2335.00A   -6.073    8.6998
C  1                1658.12A   -7.684    0.2128      Fe 2                9513.85A   -9.435    0.0038      Blnd                8579.00A   -5.689   21.0431
C  1                1993.62A   -8.581    0.0270      Fe 2                8715.81A   -9.262    0.0056      Blnd                7306.00A   -5.036   94.6011
C  1                2582.90A   -9.846    0.0015      Fe 2                6873.84A   -8.926    0.0122      Blnd                3933.00A   -6.759    1.7898
C  1                9824.13A   -5.239   59.3036      Fe 2                6700.65A   -9.896    0.0013      Blnd                1657.00A   -7.157    0.7158
C  1                9850.26A   -4.764  177.1707      Fe 2                6188.55A   -9.106    0.0081      Blnd                9850.00A   -4.638  236.4743
C  1                370.269m   -4.821  155.2512      Fe 2                5870.02A   -9.356    0.0045      Blnd                2326.00A   -7.969    0.1105
C  1                609.590m   -5.198   65.1681      Fe 2                5673.20A   -9.390    0.0042      Blnd                1335.00A   -9.137    0.0075
C  2                1334.53A   -9.720    0.0020      Fe 2                4898.61A   -9.127    0.0077      Blnd                3467.00A   -7.563    0.2812
C  2                1335.66A   -9.569    0.0028      Fe 2                2.25348m   -8.635    0.0238      Blnd                5199.00A   -5.317   49.5242
C  2                1335.71A   -9.570    0.0028      Fe 2                1.02005m   -9.844    0.0015      Blnd                1.04030m   -6.807    1.6046
C  2                2323.50A   -9.193    0.0066      Fe 2                1.00139m   -9.287    0.0053      Blnd                2141.00A   -9.829    0.0015
C  2                2324.69A   -8.861    0.0142      Fe 2                9133.66A  -10.010    0.0010      Blnd                6300.00A   -5.031   95.8657
C  2                2325.40A   -8.484    0.0338      Fe 2                8885.67A   -9.735    0.0019      Blnd                2471.00A   -9.714    0.0020
C  2                2326.93A   -8.411    0.0399      Fe 2                7131.14A   -9.901    0.0013      Blnd                7323.00A   -9.882    0.0014
C  2                2328.12A   -8.808    0.0160      Fe 2                6944.91A   -9.468    0.0035      Blnd                7332.00A   -9.963    0.0011
C  2                157.636m   -6.348    4.6145      Fe 2                6473.88A   -9.506    0.0032      Blnd                3727.00A   -7.802    0.1621
Ca 1                4226.73A   -7.967    0.1110      Fe 2                6044.10A   -9.936    0.0012      Blnd                7325.00A   -9.620    0.0025
Ca 1                6439.08A   -8.952    0.0115      Fe 2                5835.45A   -9.605    0.0026      N 1C                5199.00A   -9.328    0.0048
Ca 1                6462.57A   -9.157    0.0072      Fe 2                5060.09A   -9.686    0.0021      N 1T                5199.00A   -9.410    0.0040
Ca 1                6471.66A  -10.002    0.0010      Fe 2                4576.40A   -9.938    0.0012

                                                    Emergent line intensities
general properties.............................      Fe 2                2631.32A   -6.553    2.8786      Mn 2                2593.72A   -7.443    0.3713
continua.......................................      Fe 2                2617.62A   -7.998    0.1033      Mn 2                2605.68A   -7.583    0.2684
FIR                 83.0000m   -3.587 2664.0728      Fe 2                2607.09A   -7.874    0.1375      Mn 2                3438.97A   -9.325    0.0049
TIR                 1800.00m   -5.166   70.1338      Fe 2                2404.89A   -7.575    0.2737      Mn 2                3460.03A   -9.917    0.0012
NIRa                2.85000m   -3.683 2135.3296      Fe 2                2399.24A   -8.395    0.0415      N  1                1134.17A   -9.947    0.0012
NIRb                3.00000m   -4.849  145.5551      Fe 2                2395.42A   -9.403    0.0041      N  1                1134.41A   -9.680    0.0021
MIRa                15.0000m   -4.944  117.1167      Fe 2                2380.76A   -6.390    4.1906      N  1                1134.98A   -9.537    0.0030
MIRb                22.5000m   -3.806 1606.3594      Fe 2                2348.30A   -8.138    0.0749      N  1                1199.55A   -9.174    0.0069
NMIR                21.7500m   -3.683 2135.3296      Fe 2                2327.40A   -8.728    0.0193      N  1                1200.22A   -9.346    0.0046
TFIR                611.250m   -4.347  462.8027      Fe 2                87.3597m   -7.442    0.3719      N  1                1200.71A   -9.648    0.0023
TALL                10000.0A   -3.219 6213.6812      Fe 2                5.06097m   -8.343    0.0467      N  1                3466.50A   -7.647    0.2319
F12                 12.0000m   -6.845    1.4706      Fe 2                4.43363m   -8.261    0.0565      N  1                3466.54A   -8.320    0.0492
F25                 25.0000m   -5.456   36.0086      Fe 2                1.40951m   -9.671    0.0022      N  1                5197.90A   -5.716   19.7979
F60                 60.0000m   -3.657 2264.8804      Fe 2                1.32777m   -7.809    0.1597      N  1                5200.26A   -5.539   29.7259
F100                100.000m   -6.274    5.4745      Fe 2                1.27877m   -7.866    0.1401      N  1                1.03977m   -7.151    0.7258
MIPS                24.0000m   -5.456   36.0034      Fe 2                1.25214m   -8.906    0.0128      N  1                1.03982m   -7.674    0.2178
MIPS                70.0000m   -3.658 2261.3210      Fe 2                7926.88A   -9.144    0.0074      N  1                1.04072m   -7.499    0.3257
MIPS                160.000m   -4.668  220.9996      Fe 2                7803.89A   -8.884    0.0134      N  1                1.04076m   -7.487    0.3352
IRAC                3.60000m   -8.071    0.0873      Fe 2                7665.28A   -8.137    0.0750      Na 1                5889.95A   -8.638    0.0237
IRAC                4.50000m   -6.750    1.8284      Fe 2                5006.63A   -8.284    0.0535      Na 1                5895.92A   -8.638    0.0237
IRAC                5.80000m   -5.037   94.4078      Fe 2                4772.06A   -9.097    0.0082      Ni 1                7.50454m   -8.600    0.0259
IRAC                8.00000m   -6.045    9.2815      Fe 2                4639.67A   -8.781    0.0170      O  1                1304.86A   -8.277    0.0544
SPR1                250.000m   -6.326    4.8553      Fe 2                4528.39A   -8.392    0.0417      O  1                1306.03A   -8.762    0.0178
SPR2                350.000m   -4.812  158.5739      Fe 2                4509.61A   -8.740    0.0187      O  1                1355.60A   -8.322    0.0490
SPR3                500.000m   -6.506    3.2051      Fe 2                4452.10A   -6.763    1.7774      O  1                1358.51A   -8.790    0.0167
PAC1                70.0000m   -3.658 2262.3218      Fe 2                3277.55A   -8.897    0.0130      O  1                2972.29A   -7.798    0.1640
PAC2                100.000m   -6.274    5.4759      Fe 2                3277.12A   -9.802    0.0016      O  1                5577.34A   -6.848    1.4600
PAC3                160.000m   -4.661  224.2794      Fe 2                3275.02A   -8.973    0.0109      O  1                6300.30A   -5.151   72.6455
PAH                 3.30000m   -8.877    0.0136      Fe 2                2631.05A   -7.722    0.1953      O  1                6363.78A   -5.647   23.2062
PAHC                3.23000m   -9.157    0.0072      Fe 2                2620.41A   -9.611    0.0025      O  1                6391.73A   -8.975    0.0109
PAHC                3.37000m   -9.147    0.0073      Fe 2                2613.82A   -8.489    0.0334      O  1                44.0453m   -9.284    0.0053
PAH                 6.20000m   -8.925    0.0122      Fe 2                2410.52A   -8.359    0.0450      O  1                63.1679m   -3.658 2259.2747
PAHC                5.65000m   -7.834    0.1508      Fe 2                2406.66A   -8.632    0.0240      O  1                145.495m   -4.687  211.3245
PAH                 7.90000m   -8.424    0.0388      Fe 2                2404.43A   -9.467    0.0035      O  2                2470.34A   -9.817    0.0016
PAHC                6.90000m   -6.047    9.2375      Fe 2                2359.11A   -8.448    0.0366      O  2                7319.99A  -10.011    0.0010
PAH                 11.3000m   -8.243    0.0588      Fe 2                2338.01A   -8.506    0.0321      O  2                3728.81A   -8.024    0.0973
PAHC                10.9000m   -7.927    0.1217      Fe 2                4.67067m   -8.885    0.0134      O  2                3726.03A   -8.200    0.0649
PAH                 11.8000m   -9.612    0.0025      Fe 2                1.29777m   -8.196    0.0654      P  2                60.6263m   -7.110    0.7984
PAHC                12.6500m   -7.674    0.2179      Fe 2                1.27034m   -8.068    0.0879      P  2                1532.53A   -9.646    0.0023
PAH                 13.3000m   -9.463    0.0035      Fe 2                7999.47A   -9.891    0.0013      P  2                32.8620m   -7.213    0.6294
PAHC                14.1000m   -7.335    0.4758      Fe 2                7874.24A   -8.238    0.0595      P  2                1.14682m   -7.131    0.7617
Bcon                3640.00A   -3.990 1053.8344      Fe 2                7733.14A   -8.785    0.0169      P  2                4669.25A   -8.796    0.0165
Pcon                5000.00A   -4.413  397.5357      Fe 2                4798.28A   -8.647    0.0232      P  2                2195.57A   -9.075    0.0087
O3bn                5007.00A   -6.272    5.4977      Fe 2                4664.45A   -9.295    0.0052      P  2                1536.42A   -9.710    0.0020
RRC............................................      Fe 2                4533.01A   -9.287    0.0053      P  2                1535.92A   -9.509    0.0032
grains.........................................      Fe 2                4474.90A   -7.075    0.8658      P  2                1.18828m   -6.707    2.0190
H-like iso-sequence............................      Fe 2                3289.89A   -9.283    0.0054      P  2                2210.34A   -8.621    0.0246
H  1                1215.67A   -4.312  501.4708      Fe 2                3289.46A   -9.062    0.0089      P  2                1542.30A   -9.798    0.0016
H  1                6562.80A   -6.250    5.7839      Fe 2                2628.29A   -8.170    0.0695      P  2                7875.99A   -8.047    0.0923
H  1                4861.32A   -7.012    1.0000      Fe 2                2621.67A   -9.077    0.0086      S  1                1483.04A   -9.637    0.0024
H  1                4340.46A   -7.393    0.4161      Fe 2                2413.31A   -8.875    0.0137      S  1                1820.34A   -8.331    0.0480
H  1                4101.73A   -9.088    0.0084      Fe 2                2411.07A   -8.885    0.0134      S  1                1826.24A   -8.814    0.0158
H  1                3970.07A   -9.378    0.0043      Fe 2                2344.28A   -8.589    0.0265      S  1                25.2421m   -6.269    5.5431
H  1                3889.05A   -9.611    0.0025      Fe 2                17.9311m   -6.026    9.6943      S  1                56.2957m   -7.228    0.6088
H  1                3835.38A   -9.806    0.0016      Fe 2                1.64355m   -5.131   76.0053      S  2                6730.82A   -5.842   14.8040
H  1                3797.90A   -9.973    0.0011      Fe 2                1.53348m   -6.257    5.6958      S  2                6716.44A   -5.681   21.4677
H  1                3770.63A   -9.718    0.0020      Fe 2                8616.95A   -6.520    3.1052      S  2                4076.35A   -7.390    0.4191
H  1                3750.15A   -9.834    0.0015      Fe 2                7155.17A   -6.649    2.3080      S  2                4068.60A   -6.899    1.2987
H  1                3734.37A   -9.939    0.0012      Fe 2                6896.17A   -8.101    0.0816      S  2                1.03364m   -7.528    0.3048
H  1                1.87510m   -7.784    0.1690      Fe 2                5413.37A   -8.559    0.0284      S  2                1.02867m   -7.525    0.3071
H  1                1.28181m   -8.097    0.0822      Fe 2                5280.27A   -9.095    0.0083      S  2                1.03705m   -7.850    0.1453
H  1                1.09381m   -9.472    0.0035      Fe 2                5273.36A   -6.647    2.3169      S  2                1.03205m   -7.391    0.4178
H  1                1.00494m   -9.781    0.0017      Fe 2                5158.79A   -6.036    9.4597      S  2                1259.52A   -9.153    0.0072
H  1                4.05115m   -8.654    0.0228      Fe 2                5111.64A   -6.943    1.1723      S  2                1253.81A   -9.232    0.0060
H  1                2.62515m   -9.648    0.0023      Fe 2                5072.41A   -6.689    2.1059      S  2                1250.58A   -9.540    0.0030
H  1                2.16553m  -10.000    0.0010      Fe 2                5039.10A   -8.123    0.0775      Sc 2                4246.82A   -9.567    0.0028
H  1                7.45782m   -9.683    0.0021      Fe 2                4814.54A   -6.993    1.0455      Sc 2                7043.49A   -9.337    0.0047
He-like iso-sequence...........................      Fe 2                4774.73A   -7.433    0.3798      Sc 2                8261.17A   -9.851    0.0014
extra Lyman....................................      Fe 2                4745.49A   -8.484    0.0337      Sc 2                8271.28A   -9.737    0.0019
database lines.................................      Fe 2                4661.78A   -9.583    0.0027      Sc 2                8326.62A   -9.991    0.0010
CN                  2648.35m   -9.427    0.0038      Fe 2                4243.97A   -6.363    4.4629      Sc 2                8347.28A   -9.556    0.0029
CN                  2640.74m   -9.126    0.0077      Fe 2                4177.20A   -7.453    0.3629      Sc 2                8384.33A   -9.868    0.0014
CN                  1322.30m   -9.525    0.0031      Fe 2                4146.65A   -9.028    0.0096      Sc 2                1.07804m   -9.935    0.0012
CN                  1321.03m   -9.270    0.0055      Fe 2                4114.48A   -9.368    0.0044      Sc 2                2.03194m   -9.473    0.0035
CN                  881.421m   -9.518    0.0031      Fe 2                3929.35A   -9.621    0.0025      Sc 2                2.04712m   -9.820    0.0016
CN                  880.858m   -9.363    0.0045      Fe 2                3387.09A   -7.868    0.1394      Sc 2                2.07591m   -9.464    0.0035
CN                  661.044m   -9.421    0.0039      Fe 2                3376.20A   -7.070    0.8750      Sc 2                2.07842m   -9.298    0.0052
CN                  660.727m   -9.308    0.0051      Fe 2                2732.45A   -8.199    0.0651      Sc 2                2.08152m   -9.567    0.0028
CN                  528.842m   -9.534    0.0030      Fe 2                2493.30A   -5.813   15.8352      Sc 2                2.11129m   -9.741    0.0019
CN                  528.639m   -9.444    0.0037      Fe 2                2484.20A   -9.389    0.0042      Sc 2                2.12445m   -9.739    0.0019
CN                  440.721m   -9.545    0.0029      Fe 2                2360.00A   -7.693    0.2088      Si 1                2207.98A  -10.006    0.0010
CN                  440.580m   -9.471    0.0035      Fe 2                2348.12A   -7.738    0.1881      Si 1                2211.75A   -9.567    0.0028
CN                  377.785m   -9.692    0.0021      Fe 2                2331.31A   -9.450    0.0037      Si 1                2514.32A   -9.895    0.0013
CN                  377.682m   -9.629    0.0024      Fe 2                24.5126m   -6.726    1.9350      Si 1                2519.20A   -8.941    0.0118
CN                  330.590m   -9.777    0.0017      Fe 2                1.80940m   -5.732   19.0594      Si 1                2528.51A   -8.725    0.0194
CN                  330.511m   -9.722    0.0020      Fe 2                1.67688m   -6.682    2.1389      Si 1                68.4548m   -8.226    0.0611
CN                  293.888m   -9.936    0.0012      Fe 2                1.59948m   -6.589    2.6491      Si 1                129.641m   -8.296    0.0521
CN                  293.825m   -9.887    0.0013      Fe 2                9051.95A   -6.362    4.4739      Si 2                34.8046m   -3.852 1446.9717
HF                  243.178m   -9.026    0.0097      Fe 2                8891.93A   -6.786    1.6832      Si 2                2334.41A   -7.011    1.0041
CO                  2600.05m   -8.077    0.0862      Fe 2                7452.56A   -7.141    0.7435      Si 2                2328.52A   -7.626    0.2432
CO                  1300.05m   -7.196    0.6553      Fe 2                7172.00A   -7.056    0.9039      Si 2                1808.01A   -6.953    1.1473
CO                  866.727m   -6.961    1.1243      Fe 2                6275.53A   -9.014    0.0100      Si 2                1260.42A   -9.201    0.0065
CO                  650.074m   -6.883    1.3453      Fe 2                5527.36A   -7.631    0.2408      Si 2                2350.17A   -6.880    1.3559
CO                  520.089m   -6.838    1.4925      Fe 2                5440.48A   -9.388    0.0042      Si 2                2344.20A   -6.478    3.4257
CO                  433.438m   -6.808    1.5995      Fe 2                5433.15A   -7.161    0.7096      Si 2                2334.60A   -6.586    2.6715
CO                  371.549m   -6.799    1.6357      Fe 2                5261.63A   -6.417    3.9423      Si 2                1817.45A   -7.054    0.9079
CO                  325.137m   -6.791    1.6659      Fe 2                5220.08A   -7.692    0.2091      Si 2                1816.93A   -6.622    2.4537
CO                  289.041m   -6.796    1.6464      Fe 2                5184.80A   -7.587    0.2660      Si 2                1533.43A   -7.423    0.3880
CO                  260.169m   -6.801    1.6250      Fe 2                5158.01A   -7.537    0.2988      Si 2                1309.28A   -8.211    0.0633
CO                  236.549m   -6.817    1.5672      Fe 2                4947.39A   -6.937    1.1898      Si 2                1265.00A   -7.979    0.1079
CO                  216.868m   -6.837    1.4985      Fe 2                4905.35A   -7.288    0.5301      Si 2                1264.74A   -8.421    0.0390
CO                  200.218m   -6.863    1.4091      Fe 2                4874.50A   -7.331    0.4804      Si 2                1197.39A   -8.364    0.0445
CO                  185.949m   -6.885    1.3419      Fe 2                4852.74A   -8.692    0.0209      Si 2                1194.50A   -8.566    0.0279
CO                  173.584m   -6.910    1.2660      Fe 2                4346.86A   -6.990    1.0525      Si 2                3862.60A   -9.611    0.0025
CO                  162.767m   -6.936    1.1917      Fe 2                4276.84A   -6.914    1.2545      Si 2                3856.02A   -9.585    0.0027
CO                  153.225m   -6.965    1.1158      Fe 2                4244.82A   -7.726    0.1935      Si 2                6371.37A   -9.528    0.0031
CO                  144.745m   -6.995    1.0411      Fe 2                4231.56A   -9.326    0.0049      Si 2                6347.11A   -9.451    0.0036
CO                  137.159m   -7.026    0.9698      Fe 2                4211.11A   -9.302    0.0051      Zn 2                2062.00A   -9.134    0.0076
CO                  130.333m   -7.057    0.9012      Fe 2                3455.11A   -7.974    0.1092      Zn 2                2025.48A   -8.901    0.0129
CO                  124.160m   -7.094    0.8276      Fe 2                3452.31A   -7.663    0.2236      Al 2                2669.15A   -6.657    2.2641
CO                  118.548m   -7.135    0.7542      Fe 2                3440.99A   -7.549    0.2907      Al 2                2660.35A   -6.484    3.3783
CO                  113.427m   -7.175    0.6871      Fe 2                2774.73A   -9.439    0.0037      Al 2                1670.79A   -7.155    0.7207
CO                  108.733m   -7.218    0.6222      Fe 2                2759.34A   -9.842    0.0015      Al 2                3900.67A   -9.893    0.0013
CO                  104.416m   -7.262    0.5632      Fe 2                2485.07A   -9.620    0.0025      Ca 2                7323.89A   -5.430   38.2037
CO                  100.433m   -7.307    0.5069      Fe 2                2391.48A   -8.709    0.0201      Ca 2                7291.47A   -5.261   56.3930
CO                  96.7462m   -7.355    0.4547      Fe 2                2379.28A   -9.437    0.0038      Ca 2                3968.47A   -7.067    0.8826
CO                  93.3237m   -7.404    0.4060      Fe 2                2362.02A   -8.154    0.0721      Ca 2                8662.14A   -6.172    6.9274
CO                  90.1384m   -7.455    0.3612      Fe 2                35.7675m   -7.525    0.3068      Ca 2                3933.66A   -7.054    0.9074
CO                  87.1666m   -7.507    0.3200      Fe 2                1.95361m   -6.643    2.3391      Ca 2                8498.02A   -6.856    1.4333
CO                  84.3877m   -7.561    0.2828      Fe 2                1.80002m   -6.698    2.0629      Ca 2                8542.09A   -5.909   12.6812
CO                  81.7835m   -7.616    0.2489      Fe 2                1.71113m   -7.267    0.5563      Ca 2                3706.02A   -8.523    0.0308
CO                  79.3383m   -7.674    0.2178      Fe 2                1.66377m   -6.886    1.3367      Ca 2                3736.90A   -8.227    0.0610
CO                  77.0375m   -7.734    0.1897      Fe 2                9399.04A   -6.784    1.6927      Ca 2                3158.87A   -8.544    0.0294
CO                  74.8697m   -7.795    0.1650      Fe 2                9226.63A   -6.730    1.9170      Ca 2                3181.27A   -9.249    0.0058
CO                  72.8231m   -7.858    0.1427      Fe 2                9033.49A   -7.806    0.1609      Ca 2                3179.33A   -8.295    0.0522
CO                  70.8878m   -7.922    0.1231      Fe 2                7388.17A   -7.176    0.6856      Ca 2                1.19497m   -9.976    0.0011
CO                  69.0557m   -7.986    0.1063      Fe 2                6440.41A   -8.129    0.0764      Ca 2                1.18390m   -9.669    0.0022
CO                  67.3181m   -8.051    0.0915      Fe 2                6229.28A   -9.279    0.0054      Ca 2                1838.01A   -9.481    0.0034
CO                  65.6684m   -8.117    0.0786      Fe 2                5654.87A   -8.591    0.0264      Ca 2                1840.03A   -9.325    0.0049
CO                  64.0998m   -8.183    0.0675      Fe 2                5556.31A   -7.831    0.1520      Ca 2                2112.76A   -9.953    0.0011
CO                  62.6072m   -8.250    0.0579      Fe 2                5412.67A   -8.359    0.0450      Cl 2                14.3639m   -7.336    0.4742
CO                  61.1843m   -8.317    0.0496      Fe 2                5333.66A   -6.704    2.0349      Cl 2                33.2721m   -8.417    0.0394
CO                  59.8271m   -8.384    0.0425      Fe 2                5296.84A   -7.987    0.1061      Cl 2                8578.70A   -7.024    0.9725
CO                  58.5311m   -8.452    0.0363      Fe 2                5268.89A   -7.707    0.2020      Cl 2                9123.60A   -7.609    0.2530
CO                  57.2920m   -8.521    0.0310      Fe 2                5107.96A   -8.643    0.0234      Cl 2                3677.85A   -8.947    0.0116
CO                  56.1066m   -8.591    0.0264      Fe 2                5049.30A   -7.110    0.7982      Cl 2                6161.84A   -8.901    0.0129
CO                  54.9712m   -8.663    0.0224      Fe 2                5005.52A   -7.164    0.7050      Mg 2                2802.71A   -5.186   67.0150
CO                  53.8829m   -8.734    0.0190      Fe 2                4973.40A   -7.432    0.3808      Mg 2                2795.53A   -4.890  132.6037
CO                  52.8388m   -8.806    0.0161      Fe 2                4950.76A   -7.777    0.1718      Mg 2                2936.52A   -8.117    0.0785
CO                  51.8365m   -8.878    0.0136      Fe 2                4352.79A   -7.230    0.6063      Mg 2                2928.64A   -8.419    0.0392
CO                  50.8731m   -8.950    0.0115      Fe 2                4319.62A   -7.496    0.3286      Mg 2                2797.93A   -8.857    0.0143
CO                  49.9472m   -9.023    0.0098      Fe 2                4305.90A   -8.299    0.0517      Mg 2                2790.77A   -8.155    0.0720
CO                  49.0559m   -9.097    0.0082      Fe 2                4084.33A   -9.626    0.0024      Mg 2                2798.00A   -7.902    0.1289
CO                  48.1977m   -9.172    0.0069      Fe 2                3504.51A   -8.277    0.0544      Mg 2                9244.22A   -9.980    0.0011
CO                  47.3709m   -9.249    0.0058      Fe 2                3504.02A   -8.134    0.0756      Mg 2                9218.22A   -9.680    0.0021
CO                  46.5738m   -9.326    0.0049      Fe 2                3501.63A   -7.698    0.2064      N  2                205.283m   -9.220    0.0062
CO                  45.8046m   -9.405    0.0040      Fe 2                3489.99A   -8.377    0.0432      N  2                121.769m   -9.444    0.0037
CO                  45.0623m   -9.486    0.0034      Fe 2                2385.01A   -8.981    0.0107      N  2                6548.05A   -8.594    0.0262
CO                  44.3452m   -9.569    0.0028      Fe 2                2.06648m   -8.037    0.0946      N  2                6583.45A   -8.125    0.0772
CO                  43.6523m   -9.655    0.0023      Fe 2                1.89541m   -7.434    0.3790      N  2                5754.59A   -9.973    0.0011
CO                  42.9823m   -9.746    0.0018      Fe 2                1.79711m   -6.920    1.2360      N  2                2142.77A   -9.977    0.0011
CO                  42.3344m   -9.840    0.0015      Fe 2                1.74494m   -7.209    0.6360      Ni 2                1.19102m   -6.007   10.1154
CO                  41.7069m   -9.943    0.0012      Fe 2                9652.70A   -7.633    0.2397      Ni 2                6.63416m   -6.635    2.3818
^13CO               2719.67m   -9.637    0.0024      Fe 2                9470.94A   -7.120    0.7800      Ni 2                1.07151m   -7.629    0.2417
^13CO               1359.86m   -8.714    0.0199      Fe 2                9267.56A   -7.502    0.3235      Ni 2                10.6793m   -7.266    0.5570
^13CO               906.599m   -8.466    0.0352      Fe 2                7544.00A   -9.816    0.0016      Ni 2                1.27792m   -9.453    0.0036
^13CO               679.978m   -8.383    0.0426      Fe 2                6558.51A   -8.343    0.0467      Ni 2                1.16130m   -8.144    0.0738
^13CO               544.012m   -8.337    0.0474      Fe 2                5745.71A   -8.962    0.0112      Ni 2                12.7253m   -7.681    0.2143
^13CO               453.374m   -8.306    0.0508      Fe 2                5643.98A   -8.803    0.0162      Ni 2                9882.95A   -8.894    0.0131
^13CO               388.637m   -8.297    0.0519      Fe 2                5495.84A   -8.636    0.0238      Ni 2                1.09177m   -8.431    0.0381
^13CO               340.088m   -8.290    0.0528      Fe 2                5376.47A   -7.098    0.8210      Ni 2                18.2355m   -8.398    0.0412
^13CO               302.332m   -8.295    0.0521      Fe 2                5347.66A   -8.212    0.0631      Ni 2                9374.87A   -9.186    0.0067
^13CO               272.130m   -8.301    0.0514      Fe 2                5181.96A   -8.488    0.0334      Ni 2                7377.83A   -6.797    1.6416
^13CO               247.423m   -8.317    0.0496      Fe 2                5076.57A   -7.768    0.1754      Ni 2                8300.99A   -8.093    0.0830
^13CO               226.836m   -8.337    0.0473      Fe 2                5043.53A   -7.638    0.2366      Ni 2                1.93877m   -7.505    0.3217
^13CO               209.419m   -8.365    0.0444      Fe 2                5020.25A   -7.754    0.1810      Ni 2                2.36883m   -8.792    0.0166
^13CO               194.493m   -8.386    0.0422      Fe 2                4372.43A   -7.770    0.1747      Ni 2                2.91064m   -8.460    0.0356
^13CO               181.558m   -8.413    0.0398      Fe 2                4358.37A   -7.981    0.1074      Ni 2                6666.80A   -7.642    0.2347
^13CO               170.243m   -8.441    0.0373      Fe 2                4080.00A   -9.655    0.0023      Ni 2                7411.61A   -7.423    0.3886
^13CO               160.261m   -8.470    0.0348      Fe 2                3539.19A   -7.981    0.1074      Ni 2                1.76458m   -9.568    0.0028
^13CO               151.390m   -8.502    0.0324      Fe 2                3538.69A   -8.275    0.0546      Ni 2                2.04866m   -9.146    0.0074
^13CO               143.454m   -8.534    0.0301      Fe 2                3536.25A   -8.401    0.0409      Ni 2                2.30794m   -8.602    0.0257
^13CO               136.314m   -8.568    0.0278      Fe 2                3524.38A   -9.709    0.0020      Ni 2                6.91767m   -8.902    0.0129
^13CO               129.855m   -8.607    0.0254      Fe 2                22.8961m   -9.031    0.0096      Ni 2                4326.24A   -7.589    0.2650
^13CO               123.985m   -8.649    0.0231      Fe 2                1.81139m   -9.310    0.0050      Ni 2                4628.05A   -8.011    0.1003
^13CO               118.627m   -8.692    0.0209      Fe 2                7764.71A   -8.516    0.0314      Ni 2                6794.20A   -9.067    0.0088
^13CO               113.717m   -8.738    0.0188      Fe 2                7336.73A   -8.806    0.0161      Ni 2                7255.82A   -7.944    0.1171
^13CO               109.201m   -8.786    0.0168      Fe 2                7267.25A   -9.774    0.0017      Ni 2                7694.56A   -9.014    0.0100
^13CO               105.034m   -8.837    0.0150      Fe 2                6809.24A   -8.783    0.0169      Ni 2                8033.54A   -9.179    0.0068
^13CO               101.176m   -8.891    0.0132      Fe 2                6729.87A   -9.064    0.0089      Ni 2                1.04597m   -8.428    0.0384
^13CO               97.5955m   -8.948    0.0116      Fe 2                6671.93A   -9.627    0.0024      Ni 2                1.23230m   -8.455    0.0361
^13CO               94.2629m   -9.008    0.0101      Fe 2                5721.37A   -9.901    0.0013      Ni 2                4201.17A   -7.771    0.1742
^13CO               91.1537m   -9.072    0.0087      Fe 2                5163.96A   -8.813    0.0158      Ni 2                4485.21A   -8.224    0.0614
^13CO               88.2461m   -9.140    0.0075      Fe 2                4266.35A   -9.513    0.0032      Ni 2                7307.65A   -8.119    0.0782
^13CO               85.5213m   -9.213    0.0063      Fe 2                4249.08A   -9.784    0.0017      Ni 2                7612.72A   -8.447    0.0367
^13CO               82.9627m   -9.291    0.0053      Fe 2                4157.92A   -9.791    0.0017      Ni 2                1.13597m   -9.130    0.0076
^13CO               80.5556m   -9.377    0.0043      Fe 2                3277.35A   -8.329    0.0483      Ni 2                4285.31A   -8.979    0.0108
^13CO               78.2869m   -9.473    0.0035      Fe 2                3255.89A   -9.592    0.0026      Ni 2                6791.48A   -8.694    0.0208
^13CO               76.1453m   -9.580    0.0027      Fe 2                2926.59A   -9.242    0.0059      Ni 2                7054.20A   -8.599    0.0259
^13CO               74.1205m   -9.706    0.0020      Fe 2                2880.76A   -8.895    0.0131      Ni 2                9.61508m   -9.888    0.0013
^13CO               72.2030m   -9.860    0.0014      Fe 2                2755.74A   -7.247    0.5821      Ni 2                4033.04A   -8.037    0.0944
OH+                 308.406m   -9.793    0.0017      Fe 2                2739.55A   -7.986    0.1062      Ni 2                4294.09A   -8.158    0.0716
C  1                1560.31A   -8.715    0.0198      Fe 2                2716.70A   -8.096    0.0826      Ni 2                6467.29A   -9.191    0.0066
C  1                1560.68A   -8.852    0.0145      Fe 2                34.6508m   -9.902    0.0013      Ni 2                6813.57A   -8.179    0.0681
C  1                1560.71A   -8.701    0.0205      Fe 2                1.00287m   -8.504    0.0322      Ni 2                7078.04A   -8.728    0.0192
C  1                1561.34A   -8.120    0.0780      Fe 2                8245.16A  -10.003    0.0010      Ni 2                1.02090m   -9.509    0.0032
C  1                1561.37A   -8.388    0.0421      Fe 2                8037.28A   -9.033    0.0095      Ni 2                3993.06A   -7.692    0.2089
C  1                1561.44A   -8.392    0.0417      Fe 2                7579.61A   -9.525    0.0031      Ni 2                4248.80A   -8.168    0.0699
C  1                1656.27A   -8.243    0.0588      Fe 2                7017.95A   -9.443    0.0037      Ni 2                6007.06A   -9.282    0.0054
C  1                1656.93A   -8.520    0.0311      Fe 2                6933.67A   -9.809    0.0016      Ni 2                6365.10A   -8.166    0.0701
C  1                1657.01A   -7.646    0.2327      Fe 2                6872.19A   -8.975    0.0109      Ni 2                6700.24A   -9.560    0.0028
C  1                1657.38A   -8.322    0.0490      Fe 2                6829.03A  -10.009    0.0010      Ni 2                6955.82A   -9.594    0.0026
C  1                1657.91A   -7.894    0.1315      Fe 2                5746.98A   -8.862    0.0141      Ni 2                8703.87A   -8.622    0.0246
C  1                1658.12A   -7.684    0.2128      Fe 2                5283.12A   -9.421    0.0039      Ni 2                9956.63A   -8.848    0.0146
C  1                1993.62A   -8.581    0.0270      Fe 2                5199.18A   -9.636    0.0024      Ni 2                5.18504m   -9.627    0.0024
C  1                2582.90A   -9.846    0.0015      Fe 2                4351.81A   -9.783    0.0017      Ni 2                3438.88A   -7.881    0.1353
C  1                9824.13A   -5.239   59.3009      Fe 2                4347.36A   -9.152    0.0072      Ni 2                3626.89A   -8.188    0.0666
C  1                9850.26A   -4.764  177.1626      Fe 2                4329.43A   -8.499    0.0326      Ni 2                3378.16A   -8.495    0.0329
C  1                370.269m   -4.821  155.2723      Fe 2                2953.77A   -9.939    0.0012      Ni 2                3559.41A   -8.474    0.0345
C  1                609.590m   -5.198   65.1769      Fe 2                2772.73A   -8.048    0.0922      level 1 lines..................................
C  2                1334.53A   -9.724    0.0019      Fe 2                2749.32A   -8.062    0.0893      recombination..................................
C  2                1335.66A   -9.574    0.0027      Fe 2                9795.19A   -9.282    0.0054      level2 lines...................................
C  2                1335.71A   -9.574    0.0027      Fe 2                8228.13A   -9.196    0.0065      C  1                1247.50A   -8.879    0.0136
C  2                2323.50A   -9.193    0.0066      Fe 2                7613.14A   -9.604    0.0026      C  1                1314.77A   -8.803    0.0162
C  2                2324.69A   -8.861    0.0142      Fe 2                7011.24A  -10.011    0.0010      C  1                1165.98A   -9.850    0.0015
C  2                2325.40A   -8.484    0.0338      Fe 2                6966.33A   -9.368    0.0044      C  1                1233.29A   -9.384    0.0042
C  2                2326.93A   -8.411    0.0399      Fe 2                5477.25A   -9.366    0.0044      C  1                1250.68A   -9.532    0.0030
C  2                2328.12A   -8.808    0.0160      Fe 2                5278.38A   -9.834    0.0015      Mg 1                1817.31A   -9.630    0.0024
C  2                157.636m   -6.348    4.6151      Fe 2                4402.59A   -9.618    0.0025      Mg 1                1739.09A   -9.839    0.0015
Ca 1                4226.73A   -7.967    0.1110      Fe 2                4384.21A   -9.551    0.0029      Mg 1                1699.05A   -9.933    0.0012
Ca 1                6439.08A   -8.952    0.0115      Fe 2                1.05081m   -9.762    0.0018      Si 1                1853.05A   -9.518    0.0031
Ca 1                6462.57A   -9.157    0.0072      Fe 2                7710.80A   -9.915    0.0013      Si 1                1999.94A   -9.895    0.0013
Ca 1                6471.66A  -10.002    0.0010      Fe 2                7048.01A   -9.581    0.0027      Si 2                1179.59A   -9.037    0.0095
Ca 1                6493.78A   -9.350    0.0046      Fe 2                5901.28A   -9.812    0.0016      S  1                1356.05A   -9.413    0.0040
Cl 1                11.3303m   -8.261    0.0563      Fe 2                5527.62A   -9.924    0.0012      S  1                1392.25A   -9.748    0.0018
Co 2                9335.96A   -9.158    0.0072      Fe 2                2.04602m   -8.449    0.0366      Fe 1                2484.25A   -9.654    0.0023
Co 2                9639.13A   -9.595    0.0026      Fe 2                1.41956m   -9.004    0.0102      Fe 1                2526.51A   -9.922    0.0012
Co 2                10.5199m   -7.991    0.1050      Fe 2                1.35904m   -9.809    0.0016      Sc 2                3627.22A   -8.336    0.0474
Co 2                15.4548m   -8.877    0.0137      Fe 2                1.23314m   -8.797    0.0164      Sc 2                3575.45A   -8.459    0.0358
Co 2                2.98382m   -7.477    0.3429      Fe 2                1.09108m   -8.720    0.0196      Sc 2                3368.13A   -9.024    0.0097
Co 2                14.7345m   -8.522    0.0309      Fe 2                1.07084m   -9.158    0.0071      Ti 2                3364.74A   -6.761    1.7832
Co 2                18.7989m   -9.041    0.0094      Fe 2                1.05625m   -9.608    0.0025      Ti 2                3237.15A   -7.001    1.0267
Co 2                25.6819m   -9.729    0.0019      Fe 2                1.01565m   -9.411    0.0040      Ti 2                1904.17A   -8.868    0.0139
Co 2                1.01879m   -8.208    0.0637      Fe 2                8119.18A   -9.888    0.0013      Ti 2                1907.36A   -8.610    0.0252
Co 2                1.12804m   -9.179    0.0068      Fe 2                5588.16A   -8.713    0.0199      V  2                2710.94A   -9.095    0.0083
Co 2                1.54700m   -8.454    0.0362      Fe 2                5586.91A   -9.576    0.0027      V  2                2684.22A   -8.857    0.0143
Co 2                1.72847m   -9.450    0.0037      Fe 2                5580.82A   -8.145    0.0736      V  2                2139.33A   -9.510    0.0032
Co 2                1.90349m   -9.289    0.0053      Fe 2                5551.32A   -7.863    0.1410      Cr 1                4269.56A   -9.324    0.0049
Co 2                1.02452m   -9.013    0.0100      Fe 2                3227.74A   -9.603    0.0026      Cr 1                3589.90A   -9.140    0.0075
Co 2                1.09726m   -9.641    0.0024      Fe 2                3196.07A   -9.098    0.0082      Cr 2                2059.78A   -7.362    0.4471
Co 2                1.49674m   -9.877    0.0014      Fe 2                2.13278m   -8.704    0.0203      Mn 2                1198.85A   -9.719    0.0020
Co 2                1.62622m   -9.865    0.0014      Fe 2                1.46079m   -9.551    0.0029      Co 2                2060.90A   -8.835    0.0150
Co 2                1.73616m   -9.571    0.0028      Fe 2                1.39678m   -9.611    0.0025      Co 2                2018.80A   -8.870    0.0139
Co 2                1.02803m   -9.611    0.0025      Fe 2                1.30943m   -9.631    0.0024      Co 2                1949.74A   -8.947    0.0116
Co 2                8580.39A   -9.666    0.0022      Fe 2                1.24364m   -9.816    0.0016      Co 2                1575.91A   -9.468    0.0035
Co 2                9342.40A   -8.362    0.0447      Fe 2                1.09413m   -8.917    0.0125      Co 2                1470.18A   -9.535    0.0030
Co 2                9943.48A   -8.709    0.0201      Fe 2                1.07890m   -9.013    0.0100      Ni 2                1751.83A   -8.395    0.0414
Co 2                7539.01A   -9.031    0.0096      Fe 2                1.06830m   -9.771    0.0017      Ni 2                1744.24A   -8.203    0.0645
Co 2                8121.00A   -8.743    0.0186      Fe 2                1.03658m   -9.782    0.0017      Ni 2                1484.97A   -9.512    0.0032
Co 2                8571.41A   -9.350    0.0046      Fe 2                5650.95A   -8.692    0.0209      Ni 2                1472.74A   -9.211    0.0063
Co 2                6.21176m   -9.992    0.0010      Fe 2                5649.67A   -8.666    0.0222      Ni 2                1400.37A   -9.514    0.0031
Co 2                8027.34A   -9.209    0.0064      Fe 2                5643.44A   -9.804    0.0016      Ni 2                1375.73A   -9.195    0.0066
Co 2                8467.14A   -9.622    0.0025      Fe 2                5613.27A   -8.079    0.0858      Ni 2                1324.11A   -9.294    0.0052
Co 2                8333.76A   -9.390    0.0042      Fe 2                2.24366m   -9.042    0.0093      Zn 1                2138.57A   -9.903    0.0013
Cr 2                8000.08A   -7.195    0.6563      Fe 2                2.00672m   -8.387    0.0421      hyperfine structure............................
Cr 2                8125.30A   -7.269    0.5536      Fe 2                1.10657m   -9.260    0.0056      inner shell....................................
Cr 2                8229.67A   -7.363    0.4456      Fe 2                1.09542m   -9.364    0.0044      molecules......................................
Cr 2                8308.49A   -7.551    0.2895      Fe 2                5725.92A   -8.964    0.0112      bands..........................................
Cr 2                8357.64A   -7.848    0.1459      Fe 2                5718.22A   -8.413    0.0397      Fe 2b               2500.00A   -5.194   65.7354
Cu 1                3247.54A   -9.908    0.0013      Fe 2                2.22379m   -7.798    0.1639      Fe 2b               5000.00A   -5.251   57.7699
Fe 1                24.0358m   -7.643    0.2340      Fe 2                2.01513m   -8.117    0.0785      Fe 2b               7000.00A   -6.193    6.5890
Fe 1                34.7038m   -8.231    0.0604      Fe 2                9682.08A   -8.629    0.0242      Fe 2b               10000.0A   -4.873  137.7367
Fe 2                25.9813m   -5.560   28.3200      Fe 2                9513.85A   -9.435    0.0038      Fe 2b               2355.00A   -5.914   12.5371
Fe 2                5.33871m   -5.038   94.2559      Fe 2                8715.81A   -9.262    0.0056      Fe 2b               2430.00A   -5.201   64.6916
Fe 2                4.11387m   -7.400    0.4092      Fe 2                6873.84A   -8.926    0.0122      Fe 2b               2445.00A   -5.201   64.6915
Fe 2                1.25668m   -6.309    5.0460      Fe 2                6700.65A   -9.896    0.0013      Fe 2b               2495.00A   -5.812   15.8428
Fe 2                1.19129m   -9.094    0.0083      Fe 2                6188.55A   -9.106    0.0081      Fe 2b               2610.00A   -5.452   36.3071
Fe 2                6309.53A   -9.940    0.0012      Fe 2                5870.02A   -9.356    0.0045      Fe 2b               2695.00A   -8.095    0.0826
Fe 2                4799.30A   -9.838    0.0015      Fe 2                5673.20A   -9.390    0.0042      Fe 2b               2758.00A   -7.039    0.9401
Fe 2                4704.22A   -9.062    0.0089      Fe 2                4898.61A   -9.127    0.0077      Fe 2b               2780.00A   -6.997    1.0361
Fe 2                4632.28A   -7.269    0.5533      Fe 2                2.25348m   -8.635    0.0239      Fe 2b               2935.00A   -8.692    0.0209
Fe 2                4604.48A   -9.053    0.0091      Fe 2                1.02005m   -9.844    0.0015      Fe 2b               2960.00A   -9.119    0.0078
Fe 2                4416.27A   -7.251    0.5775      Fe 2                1.00139m   -9.287    0.0053      Fe 2b               3180.00A   -7.616    0.2493
Fe 2                4382.74A   -8.220    0.0619      Fe 2                9133.66A  -10.011    0.0010      Fe 2b               3250.00A   -6.911    1.2639
Fe 2                4287.39A   -6.288    5.2996      Fe 2                8885.67A   -9.736    0.0019      Fe 2b               3590.00A   -6.929    1.2100
Fe 2                3931.44A   -9.883    0.0013      Fe 2                7131.14A   -9.901    0.0013      Fe 2b               3910.00A   -8.980    0.0108
Fe 2                3874.07A   -9.514    0.0032      Fe 2                6944.91A   -9.468    0.0035      Fe 2b               4060.00A   -9.638    0.0024
Fe 2                3175.38A   -8.099    0.0818      Fe 2                6473.88A   -9.506    0.0032      Fe 2b               4255.00A   -5.684   21.3093
Fe 2                2599.40A   -8.325    0.0487      Fe 2                6044.10A   -9.936    0.0012      Fe 2b               4558.00A   -6.414    3.9655
Fe 2                2585.88A   -9.372    0.0044      Fe 2                5835.45A   -9.605    0.0026      Fe 2b               4600.00A   -6.384    4.2462
Fe 2                2382.04A   -6.516    3.1377      Fe 2                5060.09A   -9.686    0.0021      Fe 2b               4743.00A   -7.133    0.7575
Fe 2                2373.74A   -9.964    0.0011      Fe 2                4576.40A   -9.938    0.0012      Fe 2b               4855.00A   -6.555    2.8692
Fe 2                2343.50A   -9.153    0.0072      Fe 2                1.34608m   -9.985    0.0011      Fe 2b               4920.00A   -6.040    9.3886
Fe 2                35.3391m   -6.222    6.1720      Fe 2                1.11648m   -9.802    0.0016      Fe 2b               4975.00A   -6.569    2.7733
Fe 2                6.71944m   -6.178    6.8330      Fe 2                5048.19A   -9.652    0.0023      Fe 2b               4971.00A   -6.612    2.5125
Fe 2                4.88781m   -7.064    0.8882      Fe 2                1.71482m   -9.237    0.0060      Fe 2b               5070.00A   -6.491    3.3209
Fe 2                4.07521m   -7.885    0.1340      Fe 2                9949.21A   -9.569    0.0028      Fe 2b               5143.00A   -5.958   11.3392
Fe 2                1.32055m   -6.806    1.6088      Fe 2                7975.22A   -9.751    0.0018      Fe 2b               5270.00A   -5.673   21.8413
Fe 2                1.24854m   -7.840    0.1487      Fe 2                1.47063m  -10.007    0.0010      Fe 2b               5318.00A   -5.991   10.5017
Fe 2                1.20512m   -9.652    0.0023      Fe 2                1.01273m   -9.682    0.0021      Fe 2b               5540.00A   -7.139    0.7475
Fe 2                7637.52A   -7.110    0.7992      Fe 2                6353.11A   -9.803    0.0016      Fe 2b               5865.00A   -7.739    0.1876
Fe 2                7523.28A   -9.157    0.0072      Fe 2                1.80228m   -9.904    0.0013      Fe 2b               6265.00A   -8.552    0.0288
Fe 2                4889.62A   -7.133    0.7570      Fe 2                1.00387m   -9.832    0.0015      Fe 2b               6565.00A   -7.895    0.1311
Fe 2                4750.27A   -9.865    0.0014      Fe 2                9469.41A   -9.716    0.0020      Fe 2b               6910.00A   -7.834    0.1509
Fe 2                4716.37A   -8.147    0.0733      Fe 2                9384.77A   -9.206    0.0064      Fe 2b               7445.00A   -6.215    6.2733
Fe 2                4687.56A   -8.350    0.0459      Fe 2                2.39329m   -9.256    0.0057      Fe 2b               8625.00A   -5.882   13.4926
Fe 2                4492.64A   -8.120    0.0780      Fe 2                4825.73A   -8.726    0.0193      Fe 2b               1.03250m   -6.940    1.1815
Fe 2                4457.95A   -7.518    0.3118      Fe 2                2.50030m   -9.593    0.0026      Fe 2b               1.88900m   -5.588   26.5358
Fe 2                4432.45A   -8.312    0.0501      Fe 2                4867.73A   -9.768    0.0018      Fe 2b               2.20000m   -7.674    0.2182
Fe 2                4359.33A   -6.419    3.9208      Fe 2                2.59860m   -9.976    0.0011      miscellaneous..................................
Fe 2                3224.54A   -9.196    0.0066      Fe 2                4903.85A   -9.219    0.0062      Blnd                8446.00A   -9.770    0.0017
Fe 2                3214.67A   -8.613    0.0251      Fe 2                1.04657m  -10.009    0.0010      Blnd                1304.00A   -8.153    0.0723
Fe 2                2625.67A   -5.575   27.3733      Fe 2                3.58120m   -9.601    0.0026      Blnd                2798.00A   -4.712  199.6187
Fe 2                2611.87A   -6.301    5.1495      Fe 2                3.15558m   -9.631    0.0024      Blnd                6720.00A   -5.453   36.2717
Fe 2                2598.37A   -7.531    0.3026      Fe 2                5171.63A   -9.028    0.0096      Blnd                4074.00A   -6.777    1.7178
Fe 2                2395.63A   -6.584    2.6825      Fe 2                5169.03A   -8.235    0.0599      Blnd                1.03300m   -6.886    1.3369
Fe 2                2388.63A   -7.629    0.2415      Fe 2                5018.44A   -9.968    0.0011      Blnd                1256.00A   -8.802    0.0162
Fe 2                2383.06A   -9.551    0.0029      Fe 2                6044.54A   -9.472    0.0035      Blnd                5892.00A   -8.337    0.0474
Fe 2                2364.83A   -6.984    1.0667      Fe 2                5316.61A   -9.933    0.0012      Blnd                2665.00A   -6.261    5.6424
Fe 2                2332.80A   -8.054    0.0908      Fe 3                22.9190m   -9.959    0.0011      Blnd                2335.00A   -6.073    8.7004
Fe 2                2279.91A   -9.635    0.0024      Fe 3                4985.87A   -9.820    0.0016      Blnd                8579.00A   -5.689   21.0419
Fe 2                51.2868m   -6.740    1.8722      K  1                7664.90A   -9.849    0.0015      Blnd                7306.00A   -5.036   94.5967
Fe 2                5.67236m   -7.875    0.1371      Mg 1                2025.82A   -8.753    0.0182      Blnd                3933.00A   -6.759    1.7900
Fe 2                4.60641m   -7.685    0.2125      Mg 1                2852.13A   -6.456    3.5974      Blnd                1657.00A   -7.157    0.7158
Fe 2                4.08085m   -8.431    0.0381      Mg 1                3832.30A   -9.528    0.0031      Blnd                9850.00A   -4.639  236.4634
Fe 2                1.37181m   -7.049    0.9183      Mg 1                3838.29A   -9.111    0.0080      Blnd                2326.00A   -7.969    0.1105
Fe 2                1.29427m   -7.625    0.2437      Mg 1                3838.29A  -10.006    0.0010      Blnd                1335.00A   -9.141    0.0074
Fe 2                7806.23A   -8.882    0.0135      Mg 1                4562.60A   -6.262    5.6315      Blnd                3467.00A   -7.563    0.2812
Fe 2                7686.93A   -7.187    0.6684      Mg 1                4571.10A   -6.700    2.0522      Blnd                5199.00A   -5.317   49.5238
Fe 2                7552.40A   -9.667    0.0022      Mg 1                4575.29A   -7.628    0.2422      Blnd                1.04030m   -6.807    1.6046
Fe 2                4958.23A   -8.984    0.0107      Mg 1                5167.32A   -8.786    0.0168      Blnd                2141.00A   -9.829    0.0015
Fe 2                4750.57A   -8.981    0.0108      Mg 1                5172.68A   -8.312    0.0501      Blnd                6300.00A   -5.031   95.8626
Fe 2                4728.07A   -7.782    0.1701      Mg 1                5183.60A   -8.092    0.0832      Blnd                2471.00A   -9.714    0.0020
Fe 2                4514.90A   -8.144    0.0738      Mg 1                8806.76A   -8.373    0.0436      Blnd                7323.00A   -9.882    0.0014
Fe 2                4488.75A   -7.863    0.1409      Mg 1                1.18282m   -8.558    0.0285      Blnd                7332.00A   -9.963    0.0011
Fe 2                4470.30A   -9.067    0.0088      Mg 1                1.50250m   -9.353    0.0046      Blnd                3727.00A   -7.802    0.1622
Fe 2                4413.78A   -6.570    2.7681      Mg 1                1.50402m   -9.797    0.0016      Blnd                7325.00A   -9.620    0.0025
Fe 2                3254.24A   -8.673    0.0218      Mg 1                1.71087m   -9.106    0.0081
Fe 2                3244.18A   -8.968    0.0111      Mn 2                2576.10A   -7.349    0.4601



 IC443 grid point v shock=28 km/s  
 Cooling:  H  1c                     0 :0.124 C  1c                     0 :0.071 Fe 2c                     0 :0.065 O  1c                     0 :0.396 Si 2c                     0 :0.225  
 Heating:  TotM                      0 :0.205 CT H                      0 :0.677 H- H                      0 :0.114  

 These are some of the most important databases used by Cloudy:
 Many recombination coefficients were taken from http://amdpp.phys.strath.ac.uk/tamoc/RR/ and http://amdpp.phys.strath.ac.uk/tamoc/DR/
      and are based on the following papers:
        Badnell N. R., et al., A&A 406, 1151 (2003) [http://adsabs.harvard.edu/abs/2003A%26A...406.1151B]
        Badnell N. R., ApJS 167, 334 (2006) [http://adsabs.harvard.edu/abs/2006ApJS..167..334B]
 Much of the molecular emission data is from LAMDA as accessed on June 30, 2015. This database is described in:
        Schoeier F.L., et al., A&A 432, 369 (2005) [http://adsabs.harvard.edu/abs/2005A%26A...432..369S]
      This database is in part based on the work of the following groups:
        JPL: Pickett H. M. et al., JQSRT, 60, 883 (1998). [http://adsabs.harvard.edu/abs/1998JQSRT..60..883P]
        CDMS: Mueller H. S. et al., A&A 370, L49 (2001). [http://adsabs.harvard.edu/abs/2001A%26A...370L..49M]
              Mueller H. S. et al., J. Mol. Struct. 742, 215 (2005). [http://adsabs.harvard.edu/abs/2005JMoSt.742..215M]
 Some of the ionic emission data is from version 10.0.1 of CHIANTI. CHIANTI is a collaborative project involving the NRL (USA), the
      Universities of Florence (Italy) and Cambridge (UK), and George Mason University (USA). These papers describe Chianti:
        Dere K. P., et al., A&AS, 125, 149 (1997) [http://adsabs.harvard.edu/abs/1997A%26AS..125..149D]
        Landi E., et al., ApJ, 744, 99 (2012) [http://adsabs.harvard.edu/abs/2012ApJ...744...99L]
 Much of the H_2 data is from this web site: http://molat.obspm.fr/index.php?page=pages/Molecules/H2/H2can94.php. These data are
      described in:
        Abgrall H. et al., Can. J. Phys., 72, 856 (1994) [http://adsabs.harvard.edu/abs/1994CaJPh..72..856A]
        Wrathmall S. A. & Flower D. R., J. Phys. B, 40, 3221 (2007) [http://adsabs.harvard.edu/abs/2007JPhB...40.3221W]
 The Case A and Case B recombination predictions for one-electron systems are from
	Storey, P.J. & Hummer, D.G., 1995, MNRAS 272, 41 http://adsabs.harvard.edu/abs/1995MNRAS.272...41S
 The He I recombination predictions are from
	Porter, R. L.; Ferland, G. J.; Storey, P. J.; Detisch, M. J., 2012, MNRAS, 425, 28p http://adsabs.harvard.edu/abs/2012MNRAS.425L..28P
		http://adsabs.harvard.edu/abs/2013MNRAS.433L..89P

 If you find some process or data set to be particularly critical to a result, please follow the trail of references back to the
 original source and cite that.  This will support and encourage atomic, molecular, and chemical physicists to continue their
 valuable work.

 IONIZE PARMET:  U(1-)-37.0000  U(4-):-37.0000  U(sp):-37.00  Q(ion):   -3.782  L(ion)-14.294    Q(low):  9.913    L(low) -3.540
 ENERGY BUDGET:  Heat:  -7.858  Coolg:  -3.200  Error:4545573.6%  Rec Lin:  -4.544  F-F  H  0.000    P(rad/tot)max     5.55E-05    R(F Con):1.737e+05

     Col(Heff):      1.630E+20  snd travl time  2.33E+12 sec  Te-low: 1.00E+04  Te-hi: 1.00E+04  G0TH85: 0.00E+00  G0DB96:0.00E+00
  Emiss Measure    n(e)n(p) dl       9.379E+15  n(e)n(He+)dl         7.400E+07  En(e)n(He++) dl         0.000E+00  ne nC+:1.29E+13
 He/Ha:2.67E-08  =   0.00*true  Lthin:1.17E+07  itr/zn: 1.33  H2 itr/zn:  0.00  File Opacity: F  MassTot 4.62e-04  (gm/cm^2)
   Temps(21 cm)   T(21cm/Ly a)  7.59E+03        T(<nH/Tkin>)  1.00E+04          T(<nH/Tspin>)    8.13E+03          TB21cm:4.73E+00
                   N(H0/Tspin)  2.40E+16        N(OH/Tkin)    3.42E+07          B(21cm)          0.00E+00
   <a>:9.57E-13  erdeFe0.0E+00  Tcompt0.00E+00  Tthr7.19E+11  <Tden>: 1.00E+04  <dens>:2.47E-22  <MolWgt>1.29E+00
     Mean Jeans  l(cm)3.50E+20  M(sun)2.78E+06  smallest:     len(cm):3.50E+20  M(sun):2.78E+06  a_ox tran:  0.00
 Rion:1.000E+30  Dist:0.00E+00  Diam:0.000E+00
 Hatom level 70  HatomType: add  HInducImp  F  He tot level: 63  He2 level:   70  ExecTime    42.0
 ConvrgError(%)  <eden>  0.143  MaxEden  0.966  <H-C> 100.00  Max(H-C)  100.00  <Press>   0.000  MaxPrs er  0.000
  Continuity(%)  chng Te   0.0  elec den   1.2  n(H2)    0.0  n(CO)        5.8

                                                        Averaged Quantities
             Te      Te(Ne)   Te(NeNp)  Te(NeHe+)Te(NeHe2+) Te(NeO+)  Te(NeO2+)  Te(H2)     N(H)     Ne(O2+)   Ne(Np)
 Radius:  1.00e+04  1.00e+04  1.00e+04  1.00e+04  0.00e+00  1.00e+04  1.00e+04  1.00e+04  1.04e+02  7.69e-02  7.68e-02
 
 Peimbert T(OIIIr)0.00E+00 T(Bac)0.00E+00 T(Hth)6.96E+03 t2(Hstrc) 1.32e-31 T(O3-BAC)5.55E+03 t2(O3-BC)-1.49e-01 t2(O3str) 5.29e-31

 Contin Optical Depths: COMP: 9.54e-08    H-: 3.31e-05 R(1300): 1.31e-03  H2+: 3.79e-07  Bra:9.55E-08
                          Pa: 9.64e-08    Ba: 3.06e-05      Hb: 2.37e-05   La: 3.22e+00     1r:1.237E+03  1.8:3.86E+02 4.:5.835E+01

 Old, new H  1 continuum optical depths:
     1 1.24e+03     2 1.71e-05     3 3.36e-05     4 3.36e-05     5 3.36e-05     6 8.65e-06     7 8.65e-06     8 8.65e-06
     9 8.65e-06    10 4.97e-19    11 4.97e-19    12 4.97e-19    13 4.97e-19    14 4.97e-19    15 7.12e-19    16 7.12e-19
    17 7.12e-19    18 7.12e-19    19 7.12e-19    20 7.12e-19    21 1.24e-18    22 1.24e-18    23 1.24e-18    24 1.24e-18
    25 1.24e-18    26 1.24e-18    27 1.24e-18    28 1.99e-18    29 1.99e-18    30 1.99e-18    31 1.99e-18    32 1.99e-18
    33 1.99e-18    34 1.99e-18    35 1.99e-18    36 3.04e-18    37 3.04e-18    38 3.04e-18    39 3.04e-18    40 3.04e-18
    41 3.04e-18    42 3.04e-18    43 3.04e-18    44 3.04e-18    45 4.44e-18    46 4.44e-18    47 4.44e-18    48 4.44e-18
    49 4.44e-18    50 4.44e-18    51 4.44e-18    52 4.44e-18    53 4.44e-18    54 4.44e-18
     1 1.24e+03     2 1.71e-05     3 3.35e-05     4 3.35e-05     5 3.35e-05     6 8.63e-06     7 8.63e-06     8 8.63e-06
     9 8.63e-06    10 4.95e-19    11 4.95e-19    12 4.95e-19    13 4.95e-19    14 4.95e-19    15 7.10e-19    16 7.10e-19
    17 7.10e-19    18 7.10e-19    19 7.10e-19    20 7.10e-19    21 1.23e-18    22 1.23e-18    23 1.23e-18    24 1.23e-18
    25 1.23e-18    26 1.23e-18    27 1.23e-18    28 1.99e-18    29 1.99e-18    30 1.99e-18    31 1.99e-18    32 1.99e-18
    33 1.99e-18    34 1.99e-18    35 1.99e-18    36 3.04e-18    37 3.04e-18    38 3.04e-18    39 3.04e-18    40 3.04e-18
    41 3.04e-18    42 3.04e-18    43 3.04e-18    44 3.04e-18    45 4.43e-18    46 4.43e-18    47 4.43e-18    48 4.43e-18
    49 4.43e-18    50 4.43e-18    51 4.43e-18    52 4.43e-18    53 4.43e-18    54 4.43e-18

 Old, new H  1 mean line optical depths:
  2- 1 2.04e+07  3- 2 1.46e-07  4- 3 2.43e-14  5- 4 1.29e-14  6- 5 3.09e-14  7- 6-8.32e-16  8- 7 1.15e-15
  9- 8 9.80e-15 10- 9 3.31e-14 11-10 1.40e-13 12-11 2.17e-15 13-12 1.07e-15 14-13-1.77e-15 15-14-7.68e-15 16-15-1.89e-14
 17-16-3.88e-14 18-17-7.28e-14 19-18-1.29e-13 20-19-2.22e-13 21-20-3.75e-13 22-21-6.44e-13 23-22-1.20e-12 24-23-2.93e-12
 25-24-8.94e-11
  2- 1 2.04e+07  3- 2 1.41e-07  4- 3 2.43e-14  5- 4 1.29e-14  6- 5 3.09e-14  7- 6-8.30e-16  8- 7 1.14e-15
  9- 8 9.78e-15 10- 9 3.30e-14 11-10 1.40e-13 12-11 2.17e-15 13-12 1.08e-15 14-13-1.74e-15 15-14-7.62e-15 16-15-1.88e-14
 17-16-3.86e-14 18-17-7.25e-14 19-18-1.29e-13 20-19-2.21e-13 21-20-3.73e-13 22-21-6.41e-13 23-22-1.19e-12 24-23-2.91e-12
 25-24-8.88e-11

 Old, new He 2 continuum optical depths:
     1 5.83e+01     2 1.23e+03     3 2.84e-05     4 2.84e-05     5 2.84e-05     6 1.71e-05     7 1.71e-05     8 1.71e-05
     9 1.71e-05    10 2.72e-05    11 2.72e-05    12 2.72e-05    13 2.72e-05    14 2.72e-05    15 3.36e-05    16 3.36e-05
    17 3.36e-05    18 3.36e-05    19 3.36e-05    20 3.36e-05    21 2.82e-05    22 2.82e-05    23 2.82e-05    24 2.82e-05
    25 2.82e-05    26 2.82e-05    27 2.82e-05    28 8.65e-06    29 8.65e-06    30 8.65e-06    31 8.65e-06    32 8.65e-06
    33 8.65e-06    34 8.65e-06    35 8.65e-06    36 3.22e-19    37 3.22e-19    38 3.22e-19    39 3.22e-19    40 3.22e-19
    41 3.22e-19    42 3.22e-19    43 3.22e-19    44 3.22e-19    45 4.97e-19    46 4.97e-19    47 4.97e-19    48 4.97e-19
    49 4.97e-19    50 4.97e-19    51 4.97e-19    52 4.97e-19    53 4.97e-19    54 4.97e-19
     1 5.83e+01     2 1.23e+03     3 2.85e-05     4 2.85e-05     5 2.85e-05     6 1.71e-05     7 1.71e-05     8 1.71e-05
     9 1.71e-05    10 2.71e-05    11 2.71e-05    12 2.71e-05    13 2.71e-05    14 2.71e-05    15 3.35e-05    16 3.35e-05
    17 3.35e-05    18 3.35e-05    19 3.35e-05    20 3.35e-05    21 2.81e-05    22 2.81e-05    23 2.81e-05    24 2.81e-05
    25 2.81e-05    26 2.81e-05    27 2.81e-05    28 8.63e-06    29 8.63e-06    30 8.63e-06    31 8.63e-06    32 8.63e-06
    33 8.63e-06    34 8.63e-06    35 8.63e-06    36 3.22e-19    37 3.22e-19    38 3.22e-19    39 3.22e-19    40 3.22e-19
    41 3.22e-19    42 3.22e-19    43 3.22e-19    44 3.22e-19    45 4.95e-19    46 4.95e-19    47 4.95e-19    48 4.95e-19
    49 4.95e-19    50 4.95e-19    51 4.95e-19    52 4.95e-19    53 4.95e-19    54 4.95e-19

 Old, new He 2 mean line optical depths:
  2- 1 0.00e+00  3- 2 0.00e+00  4- 3 0.00e+00  5- 4 0.00e+00  6- 5 0.00e+00  7- 6 0.00e+00  8- 7 0.00e+00
  9- 8 0.00e+00 10- 9 0.00e+00 11-10 0.00e+00 12-11 0.00e+00 13-12 0.00e+00 14-13 0.00e+00 15-14 0.00e+00 16-15 0.00e+00
 17-16 0.00e+00 18-17 0.00e+00 19-18 0.00e+00 20-19 0.00e+00 21-20 0.00e+00 22-21 0.00e+00 23-22 0.00e+00 24-23 0.00e+00
 25-24 0.00e+00
  2- 1 0.00e+00  3- 2 0.00e+00  4- 3 0.00e+00  5- 4 0.00e+00  6- 5 0.00e+00  7- 6 0.00e+00  8- 7 0.00e+00
  9- 8 0.00e+00 10- 9 0.00e+00 11-10 0.00e+00 12-11 0.00e+00 13-12 0.00e+00 14-13 0.00e+00 15-14 0.00e+00 16-15 0.00e+00
 17-16 0.00e+00 18-17 0.00e+00 19-18 0.00e+00 20-19 0.00e+00 21-20 0.00e+00 22-21 0.00e+00 23-22 0.00e+00 24-23 0.00e+00
 25-24 0.00e+00

 Old He Is optical depths:    1 3.86e+02    2 1.12e-05    3 1.42e-05    4 1.59e-05    5 1.59e-05
 New He Is optical depths:    1 3.86e+02    2 1.12e-05    3 1.42e-05    4 1.58e-05    5 1.58e-05
          Old He Is Lines:  584 1.29e+06 3889 9.08e-10 5016 1.55e-15 5876 0.00e+00
          New He Is Lines:  584 1.29e+06 3889 9.06e-10 5016 1.55e-15 5876 0.00e+00

==== H      compounds ====           Log10 column densities [cm^-2]
   H2        : 15.097   H2*       : 11.836   H2+       : 10.733   H3+       :  7.287
==== He     compounds ====
   HeH+      :  9.915
==== Li     compounds ====
   LiH       :  2.541   LiH+      :  0.426
==== C      compounds ====
   CH        : 11.577   CH+       :  9.394   CH2       :  7.219   CH2+      :  5.714   CH3       :  1.149   CH3+      :  1.132
   CH4       : -3.818   CH4+      : -5.586   CH5+      : -9.953   C2        : 10.882   C2+       :  9.587   C2H       :  5.818
   C2H+      :  5.755   C2H2      : -0.450   C2H2+     :  1.786   C2H3+     : -8.314   C3        :  1.081   C3+       :  3.617
   C3H       : -2.047   C3H+      :  0.294
==== N      compounds ====
   NH        : 13.299   NH+       : 12.606   NH2       :  9.278   NH2+      :  8.982   NH3       :  4.925   NH3+      :  4.671
   NH4+      : -1.551   CN        : 12.871   CN+       :  7.117   HCN       :  7.532   HCN+      :  6.481   HNC       :  5.469
   HCNH+     :  2.588   HC3N      : -3.658   N2        : 13.874   N2+       :  9.545   N2H+      :  3.038
==== O      compounds ====
   OH        : 11.534   OH+       : 11.733   H2O       :  6.190   H2O+      :  7.881   H3O+      :  3.758   CO        : 14.478
   CO+       :  7.330   HCO+      :  8.413   H2CO      :  3.167   NO        : 11.869   NO+       : 10.209   HNO       :  5.660
   HNO+      :  5.982   OCN       :  4.062   OCN+      :  7.986   N2O       :  6.820   O2        :  7.183   O2+       : 10.181
   NO2       :  5.368   NO2+      :  4.114
==== F      compounds ====
   HF        : 11.964   HF+       :  3.490   H2F+      :  0.385   CF+       :  8.618
==== Ne     compounds ====
   NeH+      :  8.251
==== Si     compounds ====
   SiH       :  4.505   SiH2+     :  3.304   SiN       :  2.227   SiN+      : 10.421   SiO       :  7.497   SiO+      :  8.897
   SiOH+     :  4.630
==== S      compounds ====
   HS        : 10.768   HS+       :  9.340   CS        :  9.311   CS+       :  8.449   HCS+      :  5.492   NS        : 10.000
   NS+       :  9.659   SO        :  9.533   SO+       :  8.654   OCS       :  3.216   OCS+      :  1.883   SO2       :-35.930
   SiS       : 11.034   S2        :  3.847   S2+       :  2.714
==== Cl     compounds ====
   HCl       :  6.929   HCl+      :  9.790   H2Cl+     :  6.170   CCl       :-12.720   CCl+      :  1.558   H2CCl+    :-15.483
   ClO       :-12.935   ClO+      :-17.410
==== Ar     compounds ====
   ArH+      :  8.334


               1      2      3      4      5      6      7      8      9     10     11     12     13     14     15     16     17

 Hydrogen   20.290 17.087 15.097 (H2)                Log10 Column density (cm^-2)
 Helium     19.290  8.981-30.000
 Lithium     9.218 11.598-30.000-30.000
 Beryllium   9.345  9.465  3.067-30.000-30.000
 Boron       9.259 11.074 -2.092-30.000-30.000-30.000
 Carbon     16.675 14.223  2.791-30.000-30.000-30.000-30.000
 Nitrogen   16.215 13.109 -1.371-30.000-30.000-30.000-30.000-30.000
 Oxygen     16.979 13.682 -6.193-30.000-30.000-30.000-30.000-30.000-30.000
 Fluorine   12.696  7.510 -7.916-30.000-30.000-30.000-30.000-30.000-30.000-30.000
 Neon       16.290  9.905-30.000-30.000-30.000-30.000-30.000-30.000-30.000-30.000-30.000
 Sodium     11.759 14.620 -6.590-30.000-30.000-30.000-30.000-30.000-30.000-30.000-30.000-30.000
 Magnesium  14.559 15.806 11.822-30.000-30.000-30.000-30.000-30.000-30.000-30.000-30.000-30.000-30.000
 Aluminium  11.626 14.760  8.066-30.000-30.000-30.000-30.000-30.000-30.000-30.000-30.000-30.000-30.000-30.000
 Silicon    13.800 15.826 10.830-30.000-30.000-30.000-30.000-30.000-30.000-30.000-30.000-30.000-30.000-30.000-30.000
 Phosphorus 10.852 13.795  4.804-30.000-30.000-30.000-30.000-30.000-30.000-30.000-30.000-30.000-30.000-30.000-30.000-30.000
 Sulphur    15.455 14.868  6.106-30.000-30.000-30.000-30.000-30.000-30.000-30.000-30.000-30.000-30.000-30.000-30.000-30.000-30.000
 Chlorine   11.651 13.566  4.774-30.000-30.000-30.000-30.000-30.000-30.000-30.000-30.000-30.000-30.000-30.000-30.000-30.000-30.000
-30.000
 Argon      14.690 10.299 -0.081-30.000-30.000-30.000-30.000-30.000-30.000-30.000-30.000-30.000-30.000-30.000-30.000-30.000-30.000
-30.000-30.000
 Potassium   9.924 13.410  0.565-30.000-30.000-30.000-30.000-30.000-30.000-30.000-30.000-30.000-30.000-30.000-30.000-30.000-30.000
-30.000-30.000-30.000
 Calcium    12.335 14.644 12.598-30.000-30.000-30.000-30.000-30.000-30.000-30.000-30.000-30.000-30.000-30.000-30.000-30.000-30.000
-30.000-30.000-30.000-30.000
 Scandium    8.911 11.456  9.241-30.000-30.000-30.000-30.000-30.000-30.000-30.000-30.000-30.000-30.000-30.000-30.000-30.000-30.000
-30.000-30.000-30.000-30.000-30.000
 Titanium    9.749 13.311 10.016-30.000-30.000-30.000-30.000-30.000-30.000-30.000-30.000-30.000-30.000-30.000-30.000-30.000-30.000
-30.000-30.000-30.000-30.000-30.000-30.000
 Vanadium   10.305 12.285  7.957-30.000-30.000-30.000-30.000-30.000-30.000-30.000-30.000-30.000-30.000-30.000-30.000-30.000-30.000
-30.000-30.000-30.000-30.000-30.000-30.000-30.000
 Chromium   11.759 13.957 10.220-30.000-30.000-30.000-30.000-30.000-30.000-30.000-30.000-30.000-30.000-30.000-30.000-30.000-30.000
-30.000-30.000-30.000-30.000-30.000-30.000-30.000-30.000
 Manganese  10.211 13.749  9.752-30.000-30.000-30.000-30.000-30.000-30.000-30.000-30.000-30.000-30.000-30.000-30.000-30.000-30.000
-30.000-30.000-30.000-30.000-30.000-30.000-30.000-30.000-30.000
 Iron       12.193 15.740 11.454-30.000-30.000-30.000-30.000-30.000-30.000-30.000-30.000-30.000-30.000-30.000-30.000-30.000-30.000
-30.000-30.000-30.000-30.000-30.000-30.000-30.000-30.000-30.000-30.000
 Cobalt     11.845 13.191  6.851-30.000-30.000-30.000-30.000-30.000-30.000-30.000-30.000-30.000-30.000-30.000-30.000-30.000-30.000
-30.000-30.000-30.000-30.000-30.000-30.000-30.000-30.000-30.000-30.000-30.000
 Nickel     11.117 14.540  2.730-30.000-30.000-30.000-30.000-30.000-30.000-30.000-30.000-30.000-30.000-30.000-30.000-30.000-30.000
-30.000-30.000-30.000-30.000-30.000-30.000-30.000-30.000-30.000-30.000-30.000-30.000
 Copper     11.480 12.456  1.908-30.000-30.000-30.000-30.000-30.000-30.000-30.000-30.000-30.000-30.000-30.000-30.000-30.000-30.000
-30.000-30.000-30.000-30.000-30.000-30.000-30.000-30.000-30.000-30.000-30.000-30.000-30.000
 Zinc       12.109 12.811  6.251-30.000-30.000-30.000-30.000-30.000-30.000-30.000-30.000-30.000-30.000-30.000-30.000-30.000-30.000
-30.000-30.000-30.000-30.000-30.000-30.000-30.000-30.000-30.000-30.000-30.000-30.000-30.000-30.000
 Exc state                  He[2]  3.941                 C+[2] 13.192                  C[1] 16.069                  C[2] 16.394
                             C[3] 16.035                  O[1] 16.978                  O[2] 13.924                  O[3] 13.935
                           Si+[1] 15.825                C+2[2] -1.743                C+2[3]-11.155                C+2[4] -6.675


 Hydrogen   -0.000 -3.203 -4.892 (H2)                 Log10 Mean Ionisation (over radius)
 Helium      0.000-10.309
 Lithium    -2.382 -0.002
 Beryllium  -0.365 -0.245 -6.643
 Boron      -1.822 -0.007-13.173
 Carbon     -0.004 -2.456-13.888
 Nitrogen   -0.005 -3.111-17.591
 Oxygen     -0.002 -3.298-23.173
 Fluorine   -0.074 -5.260-20.686
 Neon       -0.000 -6.385
 Sodium     -2.861 -0.001-21.210
 Magnesium  -1.271 -0.024 -4.008
 Aluminium  -3.134 -0.000 -6.694
 Silicon    -2.031 -0.004 -5.000
 Phosphorus -2.944 -0.000 -8.992
 Sulphur    -0.100 -0.687 -9.448
 Chlorine   -1.920 -0.005 -8.797
 Argon      -0.000 -4.391-14.771
 Potassium  -3.487 -0.000-12.846
 Calcium    -2.315 -0.006 -2.052
 Scandium   -2.549 -0.004 -2.220
 Titanium   -3.562 -0.000 -3.296
 Vanadium   -1.985 -0.005 -4.333
 Chromium   -2.201 -0.003 -3.740
 Manganese  -3.539 -0.000 -3.997
 Iron       -3.548 -0.000 -4.287
 Cobalt     -1.365 -0.019 -6.359
 Nickel     -3.424 -0.000-11.810
 Copper     -1.019 -0.044-10.591
 Zinc       -0.781 -0.079 -6.639

               1      2      3      4      5      6      7      8      9     10     11     12     13     14     15     16     17

 Hydrogen   -0.000 -3.203 -4.891 (H2)         Log10 Mean Ionisation (over radius*electron density)
 Helium      0.000-10.306
 Lithium    -2.385 -0.002
 Beryllium  -0.372 -0.240 -6.638
 Boron      -1.847 -0.006-13.172
 Carbon     -0.004 -2.455-13.887
 Nitrogen   -0.005 -3.111-17.588
 Oxygen     -0.001 -3.298-23.172
 Fluorine   -0.072 -5.258-20.685
 Neon       -0.000 -6.385
 Sodium     -2.861 -0.001-21.210
 Magnesium  -1.272 -0.024 -4.008
 Aluminium  -3.135 -0.000 -6.694
 Silicon    -2.053 -0.004 -4.999
 Phosphorus -2.944 -0.000 -8.991
 Sulphur    -0.100 -0.685 -9.446
 Chlorine   -1.921 -0.005 -8.797
 Argon      -0.000 -4.391-14.768
 Potassium  -3.487 -0.000-12.846
 Calcium    -2.319 -0.006 -2.052
 Scandium   -2.552 -0.004 -2.220
 Titanium   -3.562 -0.000 -3.296
 Vanadium   -1.985 -0.005 -4.332
 Chromium   -2.209 -0.003 -3.739
 Manganese  -3.539 -0.000 -3.997
 Iron       -3.548 -0.000 -4.286
 Cobalt     -1.371 -0.019 -6.358
 Nickel     -3.424 -0.000-11.810
 Copper     -1.025 -0.043-10.590
 Zinc       -0.791 -0.077 -6.637

               1      2      3      4      5      6      7      8      9     10     11     12     13     14     15     16     17

 Hydrogen    4.000  4.000  4.000 (H2)                  Log10 Mean Temperature (over radius)
 Helium      4.000  4.000
 Lithium     4.000  4.000
 Beryllium   4.000  4.000  4.000
 Boron       4.000  4.000  4.000
 Carbon      4.000  4.000  4.000
 Nitrogen    4.000  4.000  4.000
 Oxygen      4.000  4.000  4.000
 Fluorine    4.000  4.000  4.000
 Neon        4.000  4.000
 Sodium      4.000  4.000  4.000
 Magnesium   4.000  4.000  4.000
 Aluminium   4.000  4.000  4.000
 Silicon     4.000  4.000  4.000
 Phosphorus  4.000  4.000  4.000
 Sulphur     4.000  4.000  4.000
 Chlorine    4.000  4.000  4.000
 Argon       4.000  4.000  4.000
 Potassium   4.000  4.000  4.000
 Calcium     4.000  4.000  4.000
 Scandium    4.000  4.000  4.000
 Titanium    4.000  4.000  4.000
 Vanadium    4.000  4.000  4.000
 Chromium    4.000  4.000  4.000
 Manganese   4.000  4.000  4.000
 Iron        4.000  4.000  4.000
 Cobalt      4.000  4.000  4.000
 Nickel      4.000  4.000  4.000
 Copper      4.000  4.000  4.000
 Zinc        4.000  4.000  4.000

               1      2      3      4      5      6      7      8      9     10     11     12     13     14     15     16     17

 Hydrogen    4.000  4.000  4.000 (H2)          Log10 Mean Temperature (over radius*electron density)
 Helium      4.000  4.000
 Lithium     4.000  4.000
 Beryllium   4.000  4.000  4.000
 Boron       4.000  4.000  4.000
 Carbon      4.000  4.000  4.000
 Nitrogen    4.000  4.000  4.000
 Oxygen      4.000  4.000  4.000
 Fluorine    4.000  4.000  4.000
 Neon        4.000  4.000
 Sodium      4.000  4.000  4.000
 Magnesium   4.000  4.000  4.000
 Aluminium   4.000  4.000  4.000
 Silicon     4.000  4.000  4.000
 Phosphorus  4.000  4.000  4.000
 Sulphur     4.000  4.000  4.000
 Chlorine    4.000  4.000  4.000
 Argon       4.000  4.000  4.000
 Potassium   4.000  4.000  4.000
 Calcium     4.000  4.000  4.000
 Scandium    4.000  4.000  4.000
 Titanium    4.000  4.000  4.000
 Vanadium    4.000  4.000  4.000
 Chromium    4.000  4.000  4.000
 Manganese   4.000  4.000  4.000
 Iron        4.000  4.000  4.000
 Cobalt      4.000  4.000  4.000
 Nickel      4.000  4.000  4.000
 Copper      4.000  4.000  4.000
 Zinc        4.000  4.000  4.000

               1      2      3      4      5      6      7      8      9     10     11     12     13     14     15     16     17
IC443 grid point v shock=28 km/s  

---------------Convergence statistics---------------
      2.36 mean iterations/state convergence
         3 mean cx acceleration loops/iteration
      1.09 mean iso convergence loops/ion solve
      1.03 mean steps/chemistry solve
      1.02 mean step length searches/chemistry step
----------------------------------------------------

 Cloudy ends: 242 zones, 2 iterations. (single thread) ExecTime(s) 42.04
 [Stop in cdMain at maincl.cpp:593, Cloudy exited OK]
