                                                          Cloudy 23.01
                                                         www.nublado.org

                                                  PRNG seed: 0xd65dd327524eefa4

                       **************************************23Jul25**************************************
                       *                                                                                 *
                       * title IC443 NE diffuse shock -- v shock=35 km/s, T obs=10000K (deceleration grid)*
                       * hden 2.2159                                                                     *
                       * constant temperature, t=10000 K linear                                          *
                       * stop column density 20.48                                                       *
                       * iterate                                                                         *
                       * save results last "v35.rlt"                                                     *
                       *                                                                                 *
                       ***********************************************************************************



 NOTE Setcon: continuum has zero intensity starting at  3.0447e-09 Ryd.
  9244 cells in the incident continuum have zero intensity.  Problems???

 NOTE There is no hydrogen-ionizing radiation.
 Was this intended?

 NOTE There is no Balmer continuum radiation.<<<<
 Was this intended?

           9244CellPeak3.04E-09   Lo 3.04e-09=  29.98m   Hi-Con:7.13E+06 Ryd   E(hi):7.35E+06Ryd     E(hi):     100.00 MeV
           I(nu>1ryd):   0.0000   Average nu:0.000E+00   I( X-ray):   0.0000   I(BalC): -30.0000     Phi(BalmrC): -30.0000
           phi(1.0-1.8): 0.0000   phi(1.8-4.0):  0.000   phi(4.0-20):  0.000   phi(20--):  0.000     Ion pht flx:0.000E+00
           I(gam ray):   0.0000   phi(gam r):   0.0000   I(Infred):   0.0000   Alf(ox):   0.0000     Total inten: -35.9298
           U(1.0----):0.000E+00   U(4.0----):0.000E+00   T(En-Den):0.000E+00   T(Comp):0.000E+00     nuJnu(912A):0.000E+00
           Occ(FarIR):0.000E+00   Occ(H n=6):0.000E+00   Occ(1Ryd):0.000E+00   Occ(4R):0.000E+00     Occ (Nu-hi):0.000E+00
           Tbr(FarIR):0.000E+00   Tbr(H n=6):0.000E+00   Tbr(1Ryd):0.000E+00   Tbr(4R):0.000E+00     Tbr (Nu-hi):0.000E+00
  
                                                  Gas Phase Chemical Composition
        H :  0.0000  He: -1.0000  Li: -8.6904  Be:-10.5800  B : -9.2097  C : -3.6108  N : -4.0701  O : -3.3098  F : -7.5200
        Ne: -4.0000  Na: -5.6696  Mg: -4.4597  Al: -5.5302  Si: -4.4597  P : -6.4949  S : -4.7352  Cl: -6.7190  Ar: -5.6003
        K : -6.8794  Ca: -5.6402  Sc: -8.8297  Ti: -6.9788  V : -8.0000  Cr: -6.3298  Mn: -6.5406  Fe: -4.5498  Co: -7.0799
                                               Ni: -5.7496  Cu: -7.7905  Zn: -7.4001
 
 ####  1  Te:1.000E+04 Hden:1.644E+02 Ne:9.133E-02 R:1.000E+30 R-R0:7.191E+11 dR:1.438E+12 NTR:  1 Htot:1.186E-26 T912: 1.50e-03###
 Hydrogen      1.00e+00 4.67e-04 H+o/Hden 1.00e+00 3.58e-09 H-    H2 4.96e-06 1.78e-10 H2+ HeH+ 2.71e-11 Ho+ ColD 2.36e+14 1.10e+11
 Helium        1.00e+00 2.16e-12 0.00e+00 HeI 2s3S 5.65e-16 Comp H,C 0.00e+00 0.00e+00 Fill Fac 1.00e+00 Gam1/tot 5.03e-09
 He singlet n  1.00e+00 2.87e-22 1.72e-30 1.31e-29 1.89e-31 1.66e-30 He tripl 5.65e-16 3.38e-28 2.18e-29 2.10e-29 9.30e-31
 Pressure      NgasTgas 1.81e+06 P(total) 2.50e-10 P( gas ) 2.50e-10 P(Radtn) 0.00e+00 Rad accl 0.00e+00 ForceMul 0.00e+00
 Texc(La)      2.27e+03 T(I con) 0.00e+00 T(D con) 4.06e-02 T(U tot) 4.06e-02 nT (c+d) 9.82e+03 Prad/Gas 0.00e+00 Pmag/Gas 0.00e+00
 Molecules     CH/Ctot: 2.61e-06 CH+/Ctot 2.39e-08 CO/Ctot: 5.72e-01 CO+/Ctot 2.74e-08 H2O/Otot 7.44e-12 OH/Ototl 2.01e-06
 Lithium       6.57e-03 9.93e-01 0.00e+00 0.00e+00 Berylliu 9.51e-01 4.90e-02 1.60e-08 0.00e+00 0.00e+00 sec ion: 0.00e+00
 Boron         4.78e-01 5.22e-01 2.85e-14 0.00e+00 0.00e+00 0.00e+00
 Carbon        4.22e-01 5.60e-03 1.55e-14 0.00e+00 0.00e+00 0.00e+00 0.00e+00 H2O+/O   6.73e-10 OH+/Otot 4.68e-06 Hex(tot) 0.00e+00
 Nitrogen      9.65e-01 5.13e-04 7.54e-20 0.00e+00 0.00e+00 0.00e+00 0.00e+00 0.00e+00 O2/Ototl 8.82e-11 O2+/Otot 1.24e-07
 Oxygen        7.14e-01 2.69e-04 2.87e-24 0.00e+00 0.00e+00 0.00e+00 0.00e+00 0.00e+00 0.00e+00
 Fluorine      7.82e-01 5.25e-06 1.67e-21 0.00e+00 0.00e+00 0.00e+00 0.00e+00 0.00e+00 0.00e+00 0.00e+00
 Neon          1.00e+00 4.17e-07 0.00e+00 0.00e+00 0.00e+00 0.00e+00 0.00e+00 0.00e+00 0.00e+00 0.00e+00 0.00e+00
 Sodium        1.39e-03 9.99e-01 5.05e-22 0.00e+00 0.00e+00 0.00e+00 0.00e+00 0.00e+00 0.00e+00 0.00e+00 0.00e+00 0.00e+00
 Magnesium     6.06e-02 9.39e-01 7.29e-05 0.00e+00 0.00e+00 0.00e+00 0.00e+00 0.00e+00 0.00e+00 0.00e+00 0.00e+00 0.00e+00 0.00e+00
 Aluminium  0  9.07e-04 9.99e-01 1.78e-07 0.00e+00 0.00e+00 0.00e+00 0.00e+00 0.00e+00 0.00e+00 0.00e+00 0.00e+00 0.00e+00 0.00e+00
 Silicon    0  1.10e-01 3.93e-01 2.96e-06 0.00e+00 0.00e+00 0.00e+00 0.00e+00 0.00e+00 0.00e+00 0.00e+00 0.00e+00 0.00e+00 0.00e+00
 Phosphorus 0  1.18e-03 9.99e-01 8.17e-10 0.00e+00 0.00e+00 0.00e+00 0.00e+00 0.00e+00 0.00e+00 0.00e+00 0.00e+00 0.00e+00 0.00e+00
 Sulphur    0  5.54e-02 8.53e-03 1.12e-12 0.00e+00 0.00e+00 0.00e+00 0.00e+00 0.00e+00 0.00e+00 0.00e+00 0.00e+00 0.00e+00 0.00e+00
 Chlorine   0  1.24e-02 9.87e-01 1.38e-09 0.00e+00 0.00e+00 0.00e+00 0.00e+00 0.00e+00 0.00e+00 0.00e+00 0.00e+00 0.00e+00 0.00e+00
 Argon      0  1.00e+00 2.63e-05 4.85e-17 0.00e+00 0.00e+00 0.00e+00 0.00e+00 0.00e+00 0.00e+00 0.00e+00 0.00e+00 0.00e+00 0.00e+00
 Potassium  0  3.33e-04 1.00e+00 1.20e-13 0.00e+00 0.00e+00 0.00e+00 0.00e+00 0.00e+00 0.00e+00 0.00e+00 0.00e+00 0.00e+00 0.00e+00
 Calcium    0  8.00e-03 9.83e-01 9.29e-03 0.00e+00 0.00e+00 0.00e+00 0.00e+00 0.00e+00 0.00e+00 0.00e+00 0.00e+00 0.00e+00 0.00e+00
 Scandium   0  4.02e-03 9.90e-01 6.40e-03 0.00e+00 0.00e+00 0.00e+00 0.00e+00 0.00e+00 0.00e+00 0.00e+00 0.00e+00 0.00e+00 0.00e+00
 Titanium   0  2.87e-04 9.99e-01 5.37e-04 0.00e+00 0.00e+00 0.00e+00 0.00e+00 0.00e+00 0.00e+00 0.00e+00 0.00e+00 0.00e+00 0.00e+00
 Vanadium   0  1.05e-02 9.89e-01 4.01e-05 0.00e+00 0.00e+00 0.00e+00 0.00e+00 0.00e+00 0.00e+00 0.00e+00 0.00e+00 0.00e+00 0.00e+00
 Chromium   0  1.70e-02 9.83e-01 1.34e-04 0.00e+00 0.00e+00 0.00e+00 0.00e+00 0.00e+00 0.00e+00 0.00e+00 0.00e+00 0.00e+00 0.00e+00
 Manganese  0  3.02e-04 1.00e+00 7.50e-05 0.00e+00 0.00e+00 0.00e+00 0.00e+00 0.00e+00 0.00e+00 0.00e+00 0.00e+00 0.00e+00 0.00e+00
 Iron       0  2.94e-04 1.00e+00 3.86e-05 0.00e+00 0.00e+00 0.00e+00 0.00e+00 0.00e+00 0.00e+00 0.00e+00 0.00e+00 0.00e+00 0.00e+00
 Cobalt     0  9.28e-02 9.07e-01 3.09e-07 0.00e+00 0.00e+00 0.00e+00 0.00e+00 0.00e+00 0.00e+00 0.00e+00 0.00e+00 0.00e+00 0.00e+00
 Nickel     0  3.93e-04 1.00e+00 1.24e-12 0.00e+00 0.00e+00 0.00e+00 0.00e+00 0.00e+00 0.00e+00 0.00e+00 0.00e+00 0.00e+00 0.00e+00
 Copper     0  1.97e-01 8.03e-01 1.80e-11 0.00e+00 0.00e+00 0.00e+00 0.00e+00 0.00e+00 0.00e+00 0.00e+00 0.00e+00 0.00e+00 0.00e+00
 Zinc       0  5.77e-01 4.23e-01 9.60e-08 0.00e+00 0.00e+00 0.00e+00 0.00e+00 0.00e+00 0.00e+00 0.00e+00 0.00e+00 0.00e+00 0.00e+00
 ####245  Te:1.000E+04 Hden:1.644E+02 Ne:1.318E-01 R:1.000E+30 R-R0:1.830E+18 dR:1.450E+16 NTR:  1 Htot:2.652E-26 T912: 1.92e+03###
 Hydrogen      9.99e-01 6.90e-04 H+o/Hden 1.00e+00 5.61e-09 H-    H2 6.24e-06 2.99e-10 H2+ HeH+ 4.54e-11 Ho+ ColD 3.02e+20 1.91e+17
 Helium        1.00e+00 6.00e-11 0.00e+00 HeI 2s3S 7.57e-16 Comp H,C 1.22e-34 4.04e-34 Fill Fac 1.00e+00 Gam1/tot 1.07e-04
 He singlet n  1.00e+00 4.30e-22 1.10e-27 1.81e-29 1.04e-29 2.25e-30 He tripl 7.57e-16 4.53e-28 2.92e-29 2.82e-29 1.28e-30
 Pressure      NgasTgas 1.81e+06 P(total) 2.50e-10 P( gas ) 2.50e-10 P(Radtn) 4.25e-14 Rad accl 3.88e-12 ForceMul 7.56e+05
 Texc(La)      3.18e+03 T(I con) 0.00e+00 T(D con) 1.32e+00 T(U tot) 1.32e+00 nT (c+d) 3.19e+05 Prad/Gas 1.70e-04 Pmag/Gas 0.00e+00
 Molecules     CH/Ctot: 7.73e-06 CH+/Ctot 4.82e-08 CO/Ctot: 1.84e-04 CO+/Ctot 4.40e-11 H2O/Otot 1.51e-11 OH/Ototl 3.51e-06
 Lithium       2.24e-03 9.98e-01 0.00e+00 0.00e+00 Berylliu 1.44e-01 8.56e-01 3.61e-07 0.00e+00 0.00e+00 sec ion: 0.00e+00
 Boron         1.23e-03 9.99e-01 7.30e-14 0.00e+00 0.00e+00 0.00e+00
 Carbon        9.96e-01 3.84e-03 1.52e-14 0.00e+00 0.00e+00 0.00e+00 0.00e+00 H2O+/O   6.36e-10 OH+/Otot 5.06e-06 Hex(tot) 0.00e+00
 Nitrogen      9.95e-01 8.59e-04 3.45e-18 0.00e+00 0.00e+00 0.00e+00 0.00e+00 0.00e+00 O2/Ototl 1.40e-10 O2+/Otot 1.31e-07
 Oxygen        9.99e-01 5.56e-04 7.94e-24 0.00e+00 0.00e+00 0.00e+00 0.00e+00 0.00e+00 0.00e+00
 Fluorine      9.50e-01 6.64e-06 2.61e-21 0.00e+00 0.00e+00 0.00e+00 0.00e+00 0.00e+00 0.00e+00 0.00e+00
 Neon          1.00e+00 3.70e-07 0.00e+00 0.00e+00 0.00e+00 0.00e+00 0.00e+00 0.00e+00 0.00e+00 0.00e+00 0.00e+00
 Sodium        1.53e-03 9.98e-01 6.56e-22 0.00e+00 0.00e+00 0.00e+00 0.00e+00 0.00e+00 0.00e+00 0.00e+00 0.00e+00 0.00e+00
 Magnesium     4.55e-02 9.54e-01 1.09e-04 0.00e+00 0.00e+00 0.00e+00 0.00e+00 0.00e+00 0.00e+00 0.00e+00 0.00e+00 0.00e+00 0.00e+00
 Aluminium  0  5.19e-04 9.99e-01 2.10e-07 0.00e+00 0.00e+00 0.00e+00 0.00e+00 0.00e+00 0.00e+00 0.00e+00 0.00e+00 0.00e+00 0.00e+00
 Silicon    0  8.25e-04 9.99e-01 1.11e-05 0.00e+00 0.00e+00 0.00e+00 0.00e+00 0.00e+00 0.00e+00 0.00e+00 0.00e+00 0.00e+00 0.00e+00
 Phosphorus 0  1.18e-03 9.99e-01 1.09e-09 0.00e+00 0.00e+00 0.00e+00 0.00e+00 0.00e+00 0.00e+00 0.00e+00 0.00e+00 0.00e+00 0.00e+00
 Sulphur    0  7.38e-01 2.62e-01 5.11e-10 0.00e+00 0.00e+00 0.00e+00 0.00e+00 0.00e+00 0.00e+00 0.00e+00 0.00e+00 0.00e+00 0.00e+00
 Chlorine   0  1.09e-02 9.89e-01 1.67e-09 0.00e+00 0.00e+00 0.00e+00 0.00e+00 0.00e+00 0.00e+00 0.00e+00 0.00e+00 0.00e+00 0.00e+00
 Argon      0  1.00e+00 4.43e-05 2.25e-15 0.00e+00 0.00e+00 0.00e+00 0.00e+00 0.00e+00 0.00e+00 0.00e+00 0.00e+00 0.00e+00 0.00e+00
 Potassium  0  3.54e-04 1.00e+00 1.51e-13 0.00e+00 0.00e+00 0.00e+00 0.00e+00 0.00e+00 0.00e+00 0.00e+00 0.00e+00 0.00e+00 0.00e+00
 Calcium    0  2.37e-03 9.89e-01 8.80e-03 0.00e+00 0.00e+00 0.00e+00 0.00e+00 0.00e+00 0.00e+00 0.00e+00 0.00e+00 0.00e+00 0.00e+00
 Scandium   0  1.63e-03 9.92e-01 6.00e-03 0.00e+00 0.00e+00 0.00e+00 0.00e+00 0.00e+00 0.00e+00 0.00e+00 0.00e+00 0.00e+00 0.00e+00
 Titanium   0  2.82e-04 9.99e-01 5.00e-04 0.00e+00 0.00e+00 0.00e+00 0.00e+00 0.00e+00 0.00e+00 0.00e+00 0.00e+00 0.00e+00 0.00e+00
 Vanadium   0  1.00e-02 9.90e-01 4.87e-05 0.00e+00 0.00e+00 0.00e+00 0.00e+00 0.00e+00 0.00e+00 0.00e+00 0.00e+00 0.00e+00 0.00e+00
 Chromium   0  1.89e-03 9.98e-01 2.01e-04 0.00e+00 0.00e+00 0.00e+00 0.00e+00 0.00e+00 0.00e+00 0.00e+00 0.00e+00 0.00e+00 0.00e+00
 Manganese  0  2.99e-04 1.00e+00 1.11e-04 0.00e+00 0.00e+00 0.00e+00 0.00e+00 0.00e+00 0.00e+00 0.00e+00 0.00e+00 0.00e+00 0.00e+00
 Iron       0  2.81e-04 1.00e+00 5.70e-05 0.00e+00 0.00e+00 0.00e+00 0.00e+00 0.00e+00 0.00e+00 0.00e+00 0.00e+00 0.00e+00 0.00e+00
 Cobalt     0  1.62e-02 9.84e-01 4.95e-07 0.00e+00 0.00e+00 0.00e+00 0.00e+00 0.00e+00 0.00e+00 0.00e+00 0.00e+00 0.00e+00 0.00e+00
 Nickel     0  3.81e-04 1.00e+00 1.66e-12 0.00e+00 0.00e+00 0.00e+00 0.00e+00 0.00e+00 0.00e+00 0.00e+00 0.00e+00 0.00e+00 0.00e+00
 Copper     0  3.72e-02 9.63e-01 2.92e-11 0.00e+00 0.00e+00 0.00e+00 0.00e+00 0.00e+00 0.00e+00 0.00e+00 0.00e+00 0.00e+00 0.00e+00
 Zinc       0  3.79e-02 9.62e-01 2.80e-07 0.00e+00 0.00e+00 0.00e+00 0.00e+00 0.00e+00 0.00e+00 0.00e+00 0.00e+00 0.00e+00 0.00e+00
   IC443 NE diffuse shock -- v shock=35 km/s, T obs=10000K (deceleration grid)  
   Calculation stopped because H column dens reached. Iteration 1 of 2
   The geometry is plane-parallel.
  !Ionization rate fell below background cosmic ray ionization rate.  Should this be added too?
  !   Use the COSMIC RAY BACKGROUND command.
  !Compton cooling rate underflows to zero.  Is this important?
  !Some input lines contained underscores, these were changed to spaces.
  !There is no hydrogen-ionizing radiation.  Was this intended?
  !Thermal collisional ionization of H reached 82.50% of the local ionization rate.
  !Charge transfer H => H+ reached 85496.6% of the local H ionization rate.
  !Charge transfer heating reached 102.04% of the local heating.
  !Continuum zero at some energies.
  !AGE: Cloud age was not set.  Longest timescale was 4.55e+13 s = 1.44e+06 years.
  !Heating - cooling mismatch =200.0%. Caused by constant temperature assumption. 
  !Mutual neutralization production of H-alpha was significant.
  !Incident radiation field energy density is less than 2.7K.  Add background with CMB command.
  !The CMB was not included.  This is added with the CMB command.
  !The intensity of the incident radiation field is less than 10 times the Habing diffuse ISM field.  Is this OK?
  !   Consider adding diffuse ISM emission with TABLE ISM command.
  !An ionization jump occurred elem S  1, by 186% from 5.54e-02 (zone 1) to 3.55e-01 (zone 2) to 6.62e-01 (zone 3)
   The density is too low to l-mix the lowest H  I collapsed level.  More resolved levels are needed for accurate line ratios.
   The density is too low to l-mix the lowest He I collapsed level.  More resolved levels are needed for accurate line ratios.
   Grains were not present but might survive in this environment (energy density temperature was 0.00e+00K)
   The local H2 cooling rate reached 3.9% of the local cooling.
   H- absorption heating was 20.4% of the total.
   The fraction of N in NH reached 0.106% at some point in the cloud.
   The fraction of N in N2 reached 0.264% at some point in the cloud.
   The fraction of F in HF reached 5.02% at some point in the cloud.

                       *********************************> Cloudy 23.01 <**********************************
                       * title IC443 NE diffuse shock -- v shock=35 km/s, T obs=10000K (deceleration grid)*
                       * hden 2.2159                                                                     *
                       * constant temperature, t=10000 K linear                                          *
                       * stop column density 20.48                                                       *
                       * iterate                                                                         *
                       * save results last "v35.rlt"                                                     *
                       *********************************> Log(U):-37.00 <*********************************

                     Emission Line Spectrum.   Constant  Density Model.    Open geometry.  Iteration 1 of 2.
                                                     Intensity (erg/s/cm^2).


                                                   Intrinsic line intensities
general properties.............................      Ca 1                6462.57A   -8.831    0.0062      Fe 2                4576.40A   -9.547    0.0012
TotH                      0    -7.422    0.1580      Ca 1                6493.78A   -9.035    0.0039      Fe 2                1.34608m   -9.593    0.0011
TotC                      0    -2.817 6361.2388      Cl 1                11.3303m   -7.904    0.0521      Fe 2                1.11648m   -9.411    0.0016
TotM                      0    -8.095    0.0336      Co 2                9335.96A   -8.763    0.0072      Fe 2                5048.19A   -9.261    0.0023
CT H                      0    -7.659    0.0917      Co 2                9639.13A   -9.201    0.0026      Fe 2                1.71482m   -8.846    0.0060
H FB                      0    -7.976    0.0442      Co 2                10.5199m   -7.597    0.1057      Fe 2                9949.21A   -9.177    0.0028
HFBc                      0    -7.976    0.0442      Co 2                15.4548m   -8.482    0.0138      Fe 2                7975.22A   -9.360    0.0018
H  1c                     0    -3.715  805.9409      Co 2                2.98382m   -7.083    0.3453      Fe 2                1.47063m   -9.615    0.0010
NOc                       0    -9.024    0.0040      Co 2                14.7345m   -8.127    0.0312      Fe 2                1.01273m   -9.291    0.0021
CNc                       0    -7.878    0.0553      Co 2                18.7989m   -8.646    0.0094      Fe 2                6353.11A   -9.411    0.0016
OHc                       0    -8.828    0.0062      Co 2                25.6819m   -9.334    0.0019      Fe 2                1.80228m   -9.513    0.0013
HFc                       0    -8.625    0.0099      Co 2                1.01879m   -7.813    0.0642      Fe 2                1.00387m   -9.441    0.0015
COc                       0    -5.285   21.6785      Co 2                1.12804m   -8.784    0.0069      Fe 2                9469.41A   -9.325    0.0020
^13COc                    0    -6.805    0.6547      Co 2                1.54700m   -8.059    0.0365      Fe 2                9384.77A   -8.815    0.0064
SiOc                      0    -9.241    0.0024      Co 2                1.72847m   -9.055    0.0037      Fe 2                2.39329m   -8.865    0.0057
SiSc                      0    -9.275    0.0022      Co 2                1.90349m   -8.894    0.0053      Fe 2                4825.73A   -8.304    0.0207
OH+c                      0    -8.750    0.0074      Co 2                1.02452m   -8.618    0.0101      Fe 2                2.50030m   -9.202    0.0026
CHc                       0    -8.983    0.0043      Co 2                1.09726m   -9.246    0.0024      Fe 2                4867.73A   -9.346    0.0019
CHc                       0    -8.572    0.0112      Co 2                1.49674m   -9.483    0.0014      Fe 2                2.59860m   -9.585    0.0011
Al 1c                     0    -9.353    0.0019      Co 2                1.62622m   -9.471    0.0014      Fe 2                4903.85A   -8.797    0.0067
C  1c                     0    -4.020  399.0545      Co 2                1.73616m   -9.177    0.0028      Fe 2                1.04657m   -9.618    0.0010
C  2c                     0    -5.985    4.3267      Co 2                1.02803m   -9.216    0.0025      Fe 2                3.58120m   -9.210    0.0026
Ca 1c                     0    -7.543    0.1196      Co 2                8580.39A   -9.272    0.0022      Fe 2                3.15558m   -9.240    0.0024
Cl 1c                     0    -7.904    0.0521      Co 2                9342.40A   -7.967    0.0450      Fe 2                5171.63A   -8.606    0.0104
Co 2c                     0    -6.733    0.7722      Co 2                9943.48A   -8.315    0.0202      Fe 2                5169.03A   -7.842    0.0601
Cr 2c                     0    -6.300    2.0929      Co 2                7539.01A   -8.636    0.0097      Fe 2                5018.44A   -9.571    0.0011
Cu 1c                     0    -9.436    0.0015      Co 2                8121.00A   -8.348    0.0187      Fe 2                6044.54A   -9.050    0.0037
Fe 1c                     0    -7.148    0.2970      Co 2                8571.41A   -8.955    0.0046      Fe 2                5316.61A   -9.537    0.0012
Fe 2c                     0    -3.996  421.9084      Co 2                6.21176m   -9.597    0.0011      Fe 3                22.9190m   -9.562    0.0011
Fe 3c                     0    -8.845    0.0060      Co 2                8027.34A   -8.814    0.0064      Fe 3                4985.87A   -9.424    0.0016
K  1c                     0    -9.240    0.0024      Co 2                8467.14A   -9.227    0.0025      K  1                7664.90A   -9.417    0.0016
Mg 1c                     0    -5.567   11.3102      Co 2                8333.76A   -8.995    0.0042      Mg 1                2025.82A   -8.574    0.0111
Mn 2c                     0    -6.772    0.7067      Cr 2                8000.08A   -6.803    0.6569      Mg 1                2852.13A   -6.083    3.4549
N  1c                     0    -4.909   51.5274      Cr 2                8125.30A   -6.877    0.5541      Mg 1                3832.30A   -9.154    0.0029
Na 1c                     0    -7.904    0.0521      Cr 2                8229.67A   -6.972    0.4460      Mg 1                3838.29A   -8.737    0.0076
Ni 1c                     0    -8.198    0.0265      Cr 2                8308.49A   -7.159    0.2898      Mg 1                4562.60A   -5.888    5.4019
O  1c                     0    -3.215 2544.1348      Cr 2                8357.64A   -7.456    0.1461      Mg 1                4571.10A   -6.327    1.9685
O  2c                     0    -7.393    0.1689      Cu 1                3247.54A   -9.600    0.0010      Mg 1                4575.29A   -7.255    0.2324
P  2c                     0    -5.981    4.3611      Fe 1                24.0358m   -7.248    0.2360      Mg 1                5167.32A   -8.413    0.0161
S  1c                     0    -5.836    6.0993      Fe 1                34.7038m   -7.836    0.0609      Mg 1                5172.68A   -7.939    0.0481
S  2c                     0    -4.998   42.0051      Fe 2                25.9813m   -5.169   28.3100      Mg 1                5183.60A   -7.719    0.0798
Sc 2c                     0    -8.021    0.0398      Fe 2                5.33871m   -4.647   94.2674      Mg 1                8806.76A   -7.998    0.0420
Si 1c                     0    -7.597    0.1057      Fe 2                4.11387m   -7.009    0.4091      Mg 1                1.18282m   -8.170    0.0282
Si 2c                     0    -3.459 1451.4308      Fe 2                1.25668m   -5.918    5.0448      Mg 1                1.50250m   -8.979    0.0044
Zn 2c                     0    -8.322    0.0199      Fe 2                1.19129m   -8.703    0.0083      Mg 1                1.50402m   -9.424    0.0016
Al 2c                     0    -5.817    6.3618      Fe 2                6309.53A   -9.549    0.0012      Mg 1                1.71087m   -8.698    0.0084
Ca 2c                     0    -4.550  117.6751      Fe 2                4799.30A   -9.446    0.0015      Mn 2                2576.10A   -7.155    0.2925
Cl 2c                     0    -6.374    1.7651      Fe 2                4704.22A   -8.671    0.0089      Mn 2                2593.72A   -7.249    0.2357
Mg 2c                     0    -4.319  200.3649      Fe 2                4632.28A   -6.878    0.5532      Mn 2                2605.68A   -7.388    0.1709
N  2c                     0    -7.550    0.1178      Fe 2                4604.48A   -8.661    0.0091      Mn 2                3438.97A   -8.841    0.0060
Ni 2c                     0    -5.356   18.3904      Fe 2                4416.27A   -6.859    0.5774      Mn 2                3460.03A   -9.447    0.0015
continua.......................................      Fe 2                4382.74A   -7.829    0.0619      N  1                1134.17A   -9.557    0.0012
Bac                 3646.00A   -7.253    0.2333      Fe 2                4287.39A   -5.897    5.2979      N  1                1134.41A   -9.333    0.0019
nFnu                3645.00A   -4.706   82.2290      Fe 2                3931.44A   -9.491    0.0013      N  1                1134.98A   -9.217    0.0025
nFnu                3647.00A   -4.707   81.9957      Fe 2                3874.07A   -9.122    0.0032      N  1                1199.55A   -8.779    0.0069
cout                3646.00A   -7.554    0.1166      Fe 2                3175.38A   -7.708    0.0818      N  1                1200.22A   -8.952    0.0047
cref                3646.00A   -7.554    0.1166      Fe 2                2599.40A   -8.043    0.0378      N  1                1200.71A   -9.254    0.0023
thin                3646.00A   -7.253    0.2333      Fe 2                2585.88A   -9.057    0.0037      N  1                3466.50A   -7.255    0.2324
Ba C                      0    -8.008    0.0410      Fe 2                2382.04A   -6.338    1.9173      N  1                3466.54A   -7.928    0.0493
PA C                      0    -8.425    0.0157      Fe 2                2343.50A   -8.856    0.0058      N  1                5197.90A   -5.324   19.8348
FIR                 83.0000m   -3.207 2594.7046      Fe 2                35.3391m   -5.831    6.1698      N  1                5200.26A   -5.147   29.7791
TIR                 1800.00m   -4.975   44.2584      Fe 2                6.71944m   -5.786    6.8340      N  1                1.03977m   -6.759    0.7273
NIRa                2.85000m   -3.293 2126.8611      Fe 2                4.88781m   -6.673    0.8879      N  1                1.03982m   -7.282    0.2183
NIRb                3.00000m   -4.458  145.5907      Fe 2                4.07521m   -7.494    0.1339      N  1                1.04072m   -7.107    0.3264
MIRa                15.0000m   -4.552  117.1238      Fe 2                1.32055m   -6.415    1.6084      N  1                1.04076m   -7.095    0.3358
MIRb                22.5000m   -3.418 1596.7599      Fe 2                1.24854m   -7.449    0.1487      Na 1                5889.95A   -8.204    0.0261
NMIR                21.7500m   -3.293 2126.8611      Fe 2                1.20512m   -9.261    0.0023      Na 1                5895.92A   -8.204    0.0261
TFIR                611.250m   -4.028  391.5084      Fe 2                7637.52A   -6.718    0.7991      Ni 1                7.50454m   -8.198    0.0265
TALL                10000.0A   -2.829 6191.0762      Fe 2                7523.28A   -8.765    0.0072      O  1                1027.43A   -9.438    0.0015
F12                 12.0000m   -6.454    1.4671      Fe 2                4889.62A   -6.742    0.7569      O  1                1028.16A   -9.596    0.0011
F25                 25.0000m   -5.066   35.8946      Fe 2                4750.27A   -9.474    0.0014      O  1                1304.86A   -7.875    0.0557
F60                 60.0000m   -3.270 2243.0752      Fe 2                4716.37A   -7.756    0.0733      O  1                1306.03A   -8.365    0.0180
F100                100.000m   -6.043    3.7874      Fe 2                4687.56A   -7.959    0.0459      O  1                1355.60A   -7.928    0.0493
MIPS                24.0000m   -5.066   35.8894      Fe 2                4492.64A   -7.729    0.0780      O  1                1358.51A   -8.383    0.0173
MIPS                70.0000m   -3.271 2239.6189      Fe 2                4457.95A   -7.127    0.3117      O  1                2972.29A   -7.406    0.1641
MIPS                160.000m   -4.286  216.2159      Fe 2                4432.45A   -7.921    0.0501      O  1                5577.34A   -6.456    1.4613
IRAC                3.60000m   -7.680    0.0874      Fe 2                4359.33A   -6.028    3.9200      O  1                6300.30A   -4.760   72.5950
IRAC                4.50000m   -6.359    1.8279      Fe 2                3224.54A   -8.805    0.0066      O  1                6363.78A   -5.256   23.1902
IRAC                5.80000m   -4.646   94.4193      Fe 2                3214.67A   -8.222    0.0251      O  1                6391.73A   -8.584    0.0109
IRAC                8.00000m   -5.653    9.2820      Fe 2                2625.67A   -5.184   27.3743      O  1                44.0453m   -8.899    0.0053
SPR1                250.000m   -6.110    3.2460      Fe 2                2611.87A   -5.911    5.1248      O  1                63.1679m   -3.271 2238.0254
SPR2                350.000m   -4.534  122.1710      Fe 2                2598.37A   -7.142    0.3011      O  1                145.495m   -4.302  208.5231
SPR3                500.000m   -6.295    2.1179      Fe 2                2395.63A   -6.193    2.6816      O  2                2470.34A   -9.420    0.0016
PAC1                70.0000m   -3.271 2240.5520      Fe 2                2388.63A   -7.240    0.2406      O  2                7319.99A   -9.613    0.0010
PAC2                100.000m   -6.042    3.7897      Fe 2                2383.06A   -9.156    0.0029      O  2                3728.81A   -7.627    0.0986
PAC3                160.000m   -4.282  218.4092      Fe 2                2364.83A   -6.592    1.0683      O  2                3726.03A   -7.803    0.0657
PAH                 3.30000m   -8.486    0.0137      Fe 2                2332.80A   -7.668    0.0897      P  2                60.6263m   -6.719    0.7977
PAHC                3.23000m   -8.765    0.0072      Fe 2                2279.91A   -9.239    0.0024      P  2                1532.53A   -9.269    0.0022
PAHC                3.37000m   -8.754    0.0074      Fe 2                51.2868m   -6.349    1.8715      P  2                32.8620m   -6.822    0.6292
PAH                 6.20000m   -8.533    0.0122      Fe 2                5.67236m   -7.484    0.1371      P  2                1.14682m   -6.739    0.7615
PAHC                5.65000m   -7.442    0.1508      Fe 2                4.60641m   -7.294    0.2125      P  2                4669.25A   -8.404    0.0165
PAH                 7.90000m   -8.025    0.0394      Fe 2                4.08085m   -8.040    0.0381      P  2                2195.57A   -8.683    0.0087
PAHC                6.90000m   -5.655    9.2373      Fe 2                1.37181m   -6.658    0.9181      P  2                1536.42A   -9.269    0.0022
PAH                 11.3000m   -7.884    0.0546      Fe 2                1.29427m   -7.234    0.2436      P  2                1535.92A   -9.117    0.0032
PAHC                10.9000m   -7.535    0.1218      Fe 2                7806.23A   -8.491    0.0135      P  2                1.18828m   -6.316    2.0185
PAH                 11.8000m   -9.220    0.0025      Fe 2                7686.93A   -6.796    0.6683      P  2                2210.34A   -8.230    0.0246
PAHC                12.6500m   -7.283    0.2178      Fe 2                7552.40A   -9.275    0.0022      P  2                1542.30A   -9.406    0.0016
PAH                 13.3000m   -9.139    0.0030      Fe 2                4958.23A   -8.593    0.0107      P  2                7875.99A   -7.656    0.0923
PAHC                14.1000m   -6.943    0.4760      Fe 2                4750.57A   -8.590    0.0107      S  1                1483.04A   -9.253    0.0023
Bcon                3640.00A   -3.599 1051.3542      Fe 2                4728.07A   -7.390    0.1700      S  1                1820.34A   -7.944    0.0475
Pcon                5000.00A   -4.019  399.6778      Fe 2                4514.90A   -7.753    0.0738      S  1                1826.24A   -8.427    0.0156
O3bn                5007.00A   -5.881    5.4969      Fe 2                4488.75A   -7.472    0.1409      S  1                25.2421m   -5.886    5.4376
HFFc                      0    -6.770    0.7095      Fe 2                4470.30A   -8.675    0.0088      S  1                56.2957m   -6.845    0.5972
H FF                      0    -8.374    0.0177      Fe 2                4413.78A   -6.179    2.7675      S  2                6730.82A   -5.420   15.8720
MeFB                      0    -8.777    0.0070      Fe 2                3254.24A   -8.282    0.0218      S  2                6716.44A   -5.259   23.0149
MeFF                      0    -9.129    0.0031      Fe 2                3244.18A   -8.576    0.0111      S  2                4076.35A   -6.968    0.4493
ToFF                      0    -8.304    0.0208      Fe 2                2631.32A   -6.158    2.9013      S  2                4068.60A   -6.477    1.3924
Mion                      0    -7.743    0.0755      Fe 2                2617.62A   -7.603    0.1041      S  2                1.03364m   -7.107    0.3269
nFnu                122.400m   -9.300    0.0021      Fe 2                2607.09A   -7.482    0.1378      S  2                1.02867m   -7.103    0.3293
nFnu                60.8322m   -8.926    0.0050      Fe 2                2404.89A   -7.183    0.2744      S  2                1.03705m   -7.428    0.1558
nFnu                41.2152m   -8.711    0.0081      Fe 2                2399.24A   -8.002    0.0415      S  2                1.03205m   -6.970    0.4480
nFnu                30.8695m   -8.550    0.0118      Fe 2                2395.42A   -9.008    0.0041      S  2                1259.52A   -8.733    0.0077
nFnu                24.7829m   -8.425    0.0157      Fe 2                2380.76A   -5.999    4.1883      S  2                1253.81A   -8.811    0.0064
nFnu                24.2998m   -8.414    0.0161      Fe 2                2348.30A   -7.742    0.0756      S  2                1250.58A   -9.119    0.0032
nFnu                22.8302m   -8.379    0.0174      Fe 2                2327.40A   -8.335    0.0193      Sc 2                4246.82A   -9.176    0.0028
nFnu                21.4199m   -8.343    0.0190      Fe 2                87.3597m   -7.051    0.3717      Sc 2                7043.49A   -8.946    0.0047
nFnu                21.1235m   -8.333    0.0194      Fe 2                5.06097m   -7.952    0.0467      Sc 2                8261.17A   -9.460    0.0014
nFnu                19.6199m   -8.290    0.0214      Fe 2                4.43363m   -7.869    0.0564      Sc 2                8271.28A   -9.346    0.0019
nFnu                17.6534m   -8.229    0.0246      Fe 2                1.40951m   -9.279    0.0022      Sc 2                8326.62A   -9.600    0.0010
nFnu                17.3700m   -8.219    0.0252      Fe 2                1.32777m   -7.418    0.1597      Sc 2                8347.28A   -9.165    0.0029
nFnu                15.6901m   -8.158    0.0291      Fe 2                1.27877m   -7.475    0.1401      Sc 2                8384.33A   -9.477    0.0014
nFnu                14.6036m   -8.115    0.0321      Fe 2                1.25214m   -8.515    0.0128      Sc 2                1.07804m   -9.544    0.0012
nFnu                12.4300m   -8.014    0.0405      Fe 2                7926.88A   -8.752    0.0074      Sc 2                2.03194m   -9.082    0.0035
nFnu                11.4000m   -7.959    0.0459      Fe 2                7803.89A   -8.493    0.0134      Sc 2                2.04712m   -9.428    0.0016
nFnu                10.4600m   -7.902    0.0523      Fe 2                7665.28A   -7.746    0.0750      Sc 2                2.07591m   -9.073    0.0035
nFnu                9.48002m   -7.838    0.0606      Fe 2                5006.63A   -7.893    0.0535      Sc 2                2.07842m   -8.907    0.0052
nFnu                9.32488m   -7.827    0.0622      Fe 2                4772.06A   -8.706    0.0082      Sc 2                2.08152m   -9.176    0.0028
nFnu                8.21035m   -7.740    0.0760      Fe 2                4639.67A   -8.390    0.0170      Sc 2                2.11129m   -9.349    0.0019
nFnu                7.58000m   -7.683    0.0866      Fe 2                4528.39A   -8.001    0.0417      Sc 2                2.12445m   -9.348    0.0019
nFnu                7.05026m   -7.630    0.0980      Fe 2                4509.61A   -8.348    0.0187      Si 1                2211.75A   -9.307    0.0021
nFnu                4.11370m   -7.191    0.2692      Fe 2                4452.10A   -6.371    1.7770      Si 1                2519.20A   -8.701    0.0083
nFnu                2.32440m   -6.635    0.9675      Fe 2                3277.55A   -8.506    0.0130      Si 1                2528.51A   -8.484    0.0137
nFnu                1.64313m   -6.269    2.2507      Fe 2                3277.12A   -9.410    0.0016      Si 1                68.4548m   -7.987    0.0430
nFnu                1.48022m   -6.153    2.9346      Fe 2                3275.02A   -8.582    0.0109      Si 1                129.641m   -8.057    0.0366
nFnu                1.43649m   -6.119    3.1800      Fe 2                2631.05A   -7.329    0.1958      Si 2                34.8046m   -3.463 1437.4910
nFnu                1.11867m   -5.839    6.0546      Fe 2                2620.41A   -9.216    0.0025      Si 2                2334.41A   -6.620    1.0014
nFnu                8329.68A   -5.522   12.5532      Fe 2                2613.82A   -8.098    0.0333      Si 2                2328.52A   -7.234    0.2437
nFnu                8078.61A   -5.490   13.5158      Fe 2                2410.52A   -7.969    0.0448      Si 2                1808.01A   -6.601    1.0476
nFnu                6209.66A   -5.222   25.0632      Fe 2                2406.66A   -8.241    0.0240      Si 2                1260.42A   -8.722    0.0079
nFnu                4885.36A   -4.986   43.1329      Fe 2                2404.43A   -9.070    0.0036      Si 2                2350.17A   -6.486    1.3629
nFnu                3704.34A   -4.722   79.3111      Fe 2                2359.11A   -8.053    0.0370      Si 2                2344.20A   -6.085    3.4329
nFnu                3587.67A   -4.692   84.8115      Fe 2                2338.01A   -8.114    0.0321      Si 2                2334.60A   -6.193    2.6805
nFnu                2430.05A   -4.340  190.9948      Fe 2                4.67067m   -8.494    0.0134      Si 2                1817.45A   -6.616    1.0121
nFnu                2392.03A   -4.326  197.3216      Fe 2                1.29777m   -7.805    0.0654      Si 2                1816.93A   -6.230    2.4603
nFnu                2071.34A   -4.207  259.2557      Fe 2                1.27034m   -7.677    0.0878      Si 2                1533.43A   -7.030    0.3896
nFnu                2052.68A   -4.199  263.9874      Fe 2                7999.47A   -9.499    0.0013      Si 2                1309.28A   -7.810    0.0647
nFnu                1793.44A   -4.103  329.8652      Fe 2                7874.24A   -7.847    0.0595      Si 2                1265.00A   -7.611    0.1023
nFnu                1585.12A   -4.036  384.4421      Fe 2                7733.14A   -8.393    0.0169      Si 2                1264.74A   -8.026    0.0394
nFnu                1458.33A   -4.029  390.6270      Fe 2                4798.28A   -8.256    0.0232      Si 2                1197.39A   -7.911    0.0513
nFnu                1356.96A   -4.070  355.9430      Fe 2                4664.45A   -8.904    0.0052      Si 2                1194.50A   -8.125    0.0313
nFnu                1297.29A   -4.182  274.7442      Fe 2                4533.01A   -8.896    0.0053      Si 2                3862.60A   -9.219    0.0025
nFnu                1262.79A   -4.359  182.6127      Fe 2                4474.90A   -6.684    0.8656      Si 2                3856.02A   -9.192    0.0027
nFnu                1218.08A   -8.478    0.0139      Fe 2                3289.89A   -8.892    0.0054      Si 2                6371.37A   -9.136    0.0031
nFnu                1196.33A   -7.930    0.0490      Fe 2                3289.46A   -8.671    0.0089      Si 2                6347.11A   -9.059    0.0036
nFnu                1175.06A   -7.878    0.0553      Fe 2                2628.29A   -7.781    0.0692      Zn 2                2062.00A   -8.729    0.0078
nFnu                1143.64A   -8.001    0.0416      Fe 2                2621.67A   -8.685    0.0086      Zn 2                2025.48A   -8.497    0.0133
nFnu                1113.22A   -8.114    0.0321      Fe 2                2413.31A   -8.485    0.0137      Al 2                2669.15A   -6.266    2.2636
nFnu                1103.23A   -8.143    0.0301      Fe 2                2411.07A   -8.494    0.0134      Al 2                2660.35A   -6.092    3.3775
nFnu                1073.86A   -8.548    0.0118      Fe 2                2344.28A   -8.200    0.0264      Al 2                1670.79A   -6.763    0.7214
nFnu                1064.34A   -8.591    0.0107      Fe 2                17.9311m   -5.635    9.6913      Al 2                3900.67A   -9.502    0.0013
nFnu                1035.92A   -8.706    0.0082      Fe 2                1.64355m   -4.740   75.9780      Ca 2                7323.89A   -5.036   38.4247
nFnu                1000.00A   -8.869    0.0056      Fe 2                1.53348m   -5.865    5.6945      Ca 2                7291.47A   -4.868   56.5729
nFnu                925.144A   -8.844    0.0060      Fe 2                8616.95A   -6.129    3.1048      Ca 2                3968.47A   -6.891    0.5375
nFnu                897.800A   -9.462    0.0014      Fe 2                7155.17A   -6.258    2.3085      Ca 2                8662.14A   -5.770    7.0887
RRC............................................      Fe 2                6896.17A   -7.709    0.0816      Ca 2                3933.66A   -6.853    0.5864
H  1                911.753A   -7.366    0.1799      Fe 2                5413.37A   -8.168    0.0284      Ca 2                8498.02A   -6.460    1.4490
H  1                3645.98A   -8.430    0.0155      Fe 2                5280.27A   -8.703    0.0083      Ca 2                8542.09A   -5.513   12.8197
H  1                3645.98A   -8.083    0.0345      Fe 2                5273.36A   -6.256    2.3165      Ca 2                3706.02A   -8.131    0.0309
H  1                8203.57A   -9.165    0.0029      Fe 2                5158.79A   -5.645    9.4591      Ca 2                3736.90A   -7.835    0.0611
H  1                8203.57A   -8.771    0.0071      Fe 2                5111.64A   -6.552    1.1721      Ca 2                3158.87A   -8.152    0.0294
H  1                8203.57A   -8.874    0.0056      Fe 2                5072.41A   -6.298    2.1056      Ca 2                3181.27A   -8.858    0.0058
H  1                1.45842m   -9.250    0.0023      Fe 2                5039.10A   -7.732    0.0775      Ca 2                3179.33A   -7.903    0.0522
H  1                1.45842m   -9.246    0.0024      Fe 2                4814.54A   -6.602    1.0455      Ca 2                1.19497m   -9.579    0.0011
H  1                1.45842m   -9.588    0.0011      Fe 2                4774.73A   -7.042    0.3797      Ca 2                1.18390m   -9.274    0.0022
H  1                2.27878m   -9.608    0.0010      Fe 2                4745.49A   -8.093    0.0337      Ca 2                1838.01A   -9.090    0.0034
H  1                2.27878m   -9.572    0.0011      Fe 2                4661.78A   -9.191    0.0027      Ca 2                1840.03A   -8.934    0.0049
Al 1                2070.66A   -9.576    0.0011      Fe 2                4243.97A   -5.971    4.4621      Ca 2                2112.76A   -9.561    0.0011
Si 1                1520.96A   -8.573    0.0112      Fe 2                4177.20A   -7.061    0.3628      Cl 2                14.3639m   -6.945    0.4744
S  1                1196.76A   -9.084    0.0034      Fe 2                4146.65A   -8.637    0.0096      Cl 2                33.2721m   -8.025    0.0394
grains.........................................      Fe 2                4114.48A   -8.976    0.0044      Cl 2                8578.70A   -6.633    0.9732
H-like iso-sequence............................      Fe 2                3929.35A   -9.229    0.0025      Cl 2                9123.60A   -7.218    0.2532
Cool                1215.67A   -3.935  485.1786      Fe 2                3387.09A   -7.477    0.1394      Cl 2                3677.85A   -8.555    0.0116
Crst                960.000A   -4.115  320.7622      Fe 2                3376.20A   -6.679    0.8747      Cl 2                6161.84A   -8.509    0.0129
CION                      0    -6.176    2.7876      Fe 2                2732.45A   -7.804    0.0656      Mg 2                2802.71A   -4.794   67.1436
Dest                1215.67A   -9.295    0.0021      Fe 2                2493.30A   -5.391   16.9892      Mg 2                2795.53A   -4.498  132.8593
Ca B                1215.67A   -7.004    0.4143      Fe 2                2484.20A   -8.985    0.0043      Mg 2                2936.52A   -7.725    0.0787
CaBo                4861.32A   -8.537    0.0121      Fe 2                2360.00A   -7.316    0.2019      Mg 2                2928.64A   -8.027    0.0393
Ca A                1215.67A   -7.194    0.2671      Fe 2                2348.12A   -7.367    0.1796      Mg 2                2797.93A   -8.465    0.0143
Ca A                1025.72A   -7.841    0.0603      Fe 2                2331.31A   -9.059    0.0036      Mg 2                2790.77A   -7.763    0.0721
Ca A                972.537A   -8.252    0.0234      Fe 2                24.5126m   -6.334    1.9344      Mg 2                2798.00A   -7.510    0.1292
Ca A                949.743A   -8.555    0.0116      Fe 2                1.80940m   -5.341   19.0525      Mg 2                9244.22A   -9.585    0.0011
Ca A                937.803A   -8.798    0.0067      Fe 2                1.67688m   -6.291    2.1384      Mg 2                9218.22A   -9.287    0.0022
Ca A                930.748A   -9.000    0.0042      Fe 2                1.59948m   -6.198    2.6482      N  2                205.283m   -8.823    0.0063
Ca A                926.226A   -9.174    0.0028      Fe 2                9051.95A   -5.970    4.4734      N  2                121.769m   -9.045    0.0038
Ca A                923.150A   -9.326    0.0020      Fe 2                8891.93A   -6.395    1.6829      N  2                6548.05A   -8.196    0.0266
Ca A                920.963A   -9.463    0.0014      Fe 2                7452.56A   -6.750    0.7436      N  2                6583.45A   -7.727    0.0784
Ca A                919.351A   -9.586    0.0011      Fe 2                7172.00A   -6.665    0.9038      N  2                5754.59A   -9.575    0.0011
Ca A                6562.80A   -8.264    0.0228      Fe 2                6275.53A   -8.623    0.0100      N  2                2142.77A   -9.579    0.0011
Ca A                4861.32A   -8.714    0.0081      Fe 2                5527.36A   -7.239    0.2408      Ni 2                1.19102m   -5.616   10.1084
Ca A                4340.46A   -9.039    0.0038      Fe 2                5440.48A   -8.996    0.0042      Ni 2                6.63416m   -6.244    2.3807
Ca A                4101.73A   -9.293    0.0021      Fe 2                5433.15A   -6.770    0.7095      Ni 2                1.07151m   -7.237    0.2418
Ca A                3970.07A   -9.501    0.0013      Fe 2                5261.63A   -6.025    3.9416      Ni 2                10.6793m   -6.875    0.5572
Ca A                1.87510m   -9.056    0.0037      Fe 2                5220.08A   -7.301    0.2091      Ni 2                1.27792m   -9.062    0.0036
Ca A                1.28181m   -9.382    0.0017      Fe 2                5184.80A   -7.196    0.2659      Ni 2                1.16130m   -7.753    0.0738
Ca B                6562.80A   -8.082    0.0346      Fe 2                5158.01A   -7.146    0.2988      Ni 2                12.7253m   -7.290    0.2142
Ca B                4861.32A   -8.538    0.0121      Fe 2                4947.39A   -6.545    1.1898      Ni 2                9882.95A   -8.502    0.0131
Ca B                4340.46A   -8.868    0.0057      Fe 2                4905.35A   -6.897    0.5300      Ni 2                1.09177m   -8.040    0.0381
Ca B                4101.73A   -9.125    0.0031      Fe 2                4874.50A   -6.939    0.4803      Ni 2                18.2355m   -8.007    0.0411
Ca B                3970.07A   -9.337    0.0019      Fe 2                4852.74A   -8.300    0.0209      Ni 2                9374.87A   -8.795    0.0067
Ca B                3889.05A   -9.517    0.0013      Fe 2                4346.86A   -6.599    1.0523      Ni 2                7377.83A   -6.405    1.6434
Ca B                1.87510m   -9.009    0.0041      Fe 2                4276.84A   -6.523    1.2542      Ni 2                8300.99A   -7.701    0.0831
Ca B                1.28181m   -9.326    0.0020      Fe 2                4244.82A   -7.334    0.1935      Ni 2                1.93877m   -7.113    0.3220
Ca B                1.09381m   -9.582    0.0011      Fe 2                4231.56A   -8.935    0.0049      Ni 2                2.36883m   -8.400    0.0166
H  1                2431.34A   -4.152  294.1110      Fe 2                4211.11A   -8.910    0.0051      Ni 2                2.91064m   -8.069    0.0357
H  1                1215.67A   -3.918  504.8326      Fe 2                3455.11A   -7.583    0.1091      Ni 2                6666.80A   -7.250    0.2347
H  1                6562.80A   -5.859    5.7835      Fe 2                3452.31A   -7.272    0.2235      Ni 2                7411.61A   -7.032    0.3885
H  1                4861.32A   -6.621    1.0000      Fe 2                3440.99A   -7.158    0.2906      Ni 2                1.76458m   -9.177    0.0028
H  1                4340.46A   -7.002    0.4161      Fe 2                2774.73A   -9.045    0.0038      Ni 2                2.04866m   -8.755    0.0074
H  1                4101.73A   -8.694    0.0085      Fe 2                2759.34A   -9.445    0.0015      Ni 2                2.30794m   -8.211    0.0257
H  1                3970.07A   -8.983    0.0043      Fe 2                2485.07A   -9.227    0.0025      Ni 2                6.91767m   -8.510    0.0129
H  1                3889.05A   -9.216    0.0025      Fe 2                2391.48A   -8.314    0.0203      Ni 2                4326.24A   -7.198    0.2650
H  1                3835.38A   -9.410    0.0016      Fe 2                2379.28A   -9.031    0.0039      Ni 2                4628.05A   -7.620    0.1003
H  1                3797.90A   -9.577    0.0011      Fe 2                2362.02A   -7.763    0.0720      Ni 2                6794.20A   -8.676    0.0088
H  1                3770.63A   -9.323    0.0020      Fe 2                35.7675m   -7.134    0.3067      Ni 2                7255.82A   -7.553    0.1171
H  1                3750.15A   -9.439    0.0015      Fe 2                1.95361m   -6.252    2.3383      Ni 2                7694.56A   -8.623    0.0100
H  1                3734.37A   -9.543    0.0012      Fe 2                1.80002m   -6.307    2.0624      Ni 2                8033.54A   -8.787    0.0068
H  1                1.87510m   -7.393    0.1690      Fe 2                1.71113m   -6.876    0.5562      Ni 2                1.04597m   -8.036    0.0384
H  1                1.28181m   -7.706    0.0822      Fe 2                1.66377m   -6.495    1.3363      Ni 2                1.23230m   -8.064    0.0361
H  1                1.09381m   -9.078    0.0035      Fe 2                9399.04A   -6.392    1.6925      Ni 2                4201.17A   -7.380    0.1742
H  1                1.00494m   -9.386    0.0017      Fe 2                9226.63A   -6.338    1.9167      Ni 2                4485.21A   -7.833    0.0614
H  1                4.05115m   -8.263    0.0228      Fe 2                9033.49A   -7.414    0.1609      Ni 2                7307.65A   -7.728    0.0781
H  1                2.62515m   -9.255    0.0023      Fe 2                7388.17A   -6.785    0.6856      Ni 2                7612.72A   -8.056    0.0367
H  1                2.16553m   -9.606    0.0010      Fe 2                6440.41A   -7.738    0.0764      Ni 2                1.13597m   -8.739    0.0076
H  1                7.45782m   -9.290    0.0021      Fe 2                6229.28A   -8.888    0.0054      Ni 2                4285.31A   -8.588    0.0108
He-like iso-sequence...........................      Fe 2                5654.87A   -8.199    0.0264      Ni 2                6791.48A   -8.303    0.0208
Pho+                3889.00A   -9.312    0.0020      Fe 2                5556.31A   -7.439    0.1519      Ni 2                7054.20A   -8.207    0.0259
extra Lyman....................................      Fe 2                5412.67A   -7.968    0.0450      Ni 2                9.61508m   -9.497    0.0013
database lines.................................      Fe 2                5333.66A   -6.312    2.0347      Ni 2                4033.04A   -7.646    0.0944
CN                  2648.35m   -9.124    0.0031      Fe 2                5296.84A   -7.595    0.1060      Ni 2                4294.09A   -7.766    0.0715
CN                  2640.74m   -8.823    0.0063      Fe 2                5268.89A   -7.316    0.2020      Ni 2                6467.29A   -8.800    0.0066
CN                  1322.30m   -9.214    0.0026      Fe 2                5107.96A   -8.251    0.0234      Ni 2                6813.57A   -7.788    0.0681
CN                  1321.03m   -8.958    0.0046      Fe 2                5049.30A   -6.719    0.7982      Ni 2                7078.04A   -8.337    0.0192
CN                  881.421m   -9.206    0.0026      Fe 2                5005.52A   -6.773    0.7048      Ni 2                1.02090m   -9.118    0.0032
CN                  880.858m   -9.051    0.0037      Fe 2                4973.40A   -7.040    0.3807      Ni 2                3993.06A   -7.301    0.2088
CN                  661.044m   -9.112    0.0032      Fe 2                4950.76A   -7.386    0.1717      Ni 2                4248.80A   -7.776    0.0699
CN                  660.727m   -8.998    0.0042      Fe 2                4352.79A   -6.838    0.6061      Ni 2                6007.06A   -8.891    0.0054
CN                  528.842m   -9.222    0.0025      Fe 2                4319.62A   -7.104    0.3285      Ni 2                6365.10A   -7.775    0.0701
CN                  528.639m   -9.133    0.0031      Fe 2                4305.90A   -7.907    0.0517      Ni 2                6700.24A   -9.168    0.0028
CN                  440.721m   -9.235    0.0024      Fe 2                4084.33A   -9.234    0.0024      Ni 2                6955.82A   -9.203    0.0026
CN                  440.580m   -9.161    0.0029      Fe 2                3504.51A   -7.886    0.0544      Ni 2                8703.87A   -8.230    0.0246
CN                  377.785m   -9.381    0.0017      Fe 2                3504.02A   -7.743    0.0756      Ni 2                9956.63A   -8.457    0.0146
CN                  377.682m   -9.318    0.0020      Fe 2                3501.63A   -7.306    0.2064      Ni 2                5.18504m   -9.236    0.0024
CN                  330.590m   -9.467    0.0014      Fe 2                3489.99A   -7.986    0.0432      Ni 2                3438.88A   -7.490    0.1353
CN                  330.511m   -9.411    0.0016      Fe 2                2385.01A   -8.590    0.0107      Ni 2                3626.89A   -7.797    0.0666
CN                  293.825m   -9.576    0.0011      Fe 2                2.06648m   -7.645    0.0945      Ni 2                3378.16A   -8.104    0.0329
HF                  243.178m   -8.726    0.0079      Fe 2                1.89541m   -7.042    0.3789      Ni 2                3559.41A   -8.083    0.0345
CO                  2600.05m   -8.105    0.0328      Fe 2                1.79711m   -6.529    1.2356      level 1 lines..................................
CO                  1300.05m   -7.074    0.3522      Fe 2                1.74494m   -6.818    0.6358      recombination..................................
CO                  866.727m   -6.781    0.6915      Fe 2                9652.70A   -7.241    0.2397      level2 lines...................................
CO                  650.074m   -6.682    0.8693      Fe 2                9470.94A   -6.729    0.7799      C  1                1247.50A   -8.478    0.0139
CO                  520.089m   -6.630    0.9795      Fe 2                9267.56A   -7.111    0.3236      C  1                1314.77A   -8.402    0.0165
CO                  433.438m   -6.595    1.0610      Fe 2                7544.00A   -9.424    0.0016      C  1                1165.98A   -9.560    0.0012
CO                  371.549m   -6.584    1.0888      Fe 2                6558.51A   -7.952    0.0467      C  1                1233.29A   -8.988    0.0043
CO                  325.137m   -6.575    1.1106      Fe 2                5745.71A   -8.570    0.0112      C  1                1250.68A   -9.138    0.0030
CO                  289.041m   -6.580    1.0997      Fe 2                5643.98A   -8.412    0.0162      Mg 1                1817.31A   -9.266    0.0023
CO                  260.169m   -6.585    1.0855      Fe 2                5495.84A   -8.244    0.0238      Mg 1                1739.09A   -9.470    0.0014
CO                  236.549m   -6.601    1.0476      Fe 2                5376.47A   -6.707    0.8209      Mg 1                1699.05A   -9.524    0.0013
CO                  216.868m   -6.621    1.0010      Fe 2                5347.66A   -7.821    0.0631      Mg 1                1675.74A   -9.602    0.0010
CO                  200.218m   -6.647    0.9421      Fe 2                5181.96A   -8.097    0.0334      Si 1                1853.05A   -9.275    0.0022
CO                  185.949m   -6.668    0.8969      Fe 2                5076.57A   -7.377    0.1753      Si 2                1179.59A   -8.665    0.0090
CO                  173.584m   -6.693    0.8466      Fe 2                5043.53A   -7.247    0.2366      Si 2                993.354A   -9.540    0.0012
CO                  162.767m   -6.720    0.7966      Fe 2                5020.25A   -7.363    0.1810      S  1                1356.05A   -9.017    0.0040
CO                  153.225m   -6.748    0.7459      Fe 2                4372.43A   -7.379    0.1746      S  1                1392.25A   -9.368    0.0018
CO                  144.745m   -6.778    0.6960      Fe 2                4358.37A   -7.590    0.1073      S  1                1418.10A   -9.594    0.0011
CO                  137.159m   -6.809    0.6482      Fe 2                4080.00A   -9.263    0.0023      Fe 1                2484.25A   -9.257    0.0023
CO                  130.333m   -6.841    0.6024      Fe 2                3539.19A   -7.590    0.1073      Fe 1                2526.51A   -9.505    0.0013
CO                  124.160m   -6.878    0.5532      Fe 2                3538.69A   -7.884    0.0546      Sc 2                3627.22A   -7.945    0.0474
CO                  118.548m   -6.918    0.5042      Fe 2                3536.25A   -8.010    0.0409      Sc 2                3575.45A   -8.067    0.0358
CO                  113.427m   -6.959    0.4593      Fe 2                3524.38A   -9.318    0.0020      Sc 2                3368.13A   -8.632    0.0098
CO                  108.733m   -7.002    0.4159      Fe 2                22.8961m   -8.640    0.0096      Ti 2                3364.74A   -6.370    1.7825
CO                  104.416m   -7.045    0.3765      Fe 2                1.81139m   -8.919    0.0050      Ti 2                3237.15A   -6.610    1.0262
CO                  100.433m   -7.091    0.3390      Fe 2                7764.71A   -8.125    0.0313      Ti 2                1904.17A   -8.477    0.0139
CO                  96.7462m   -7.138    0.3040      Fe 2                7336.73A   -8.414    0.0161      Ti 2                1907.36A   -8.220    0.0252
CO                  93.3237m   -7.187    0.2716      Fe 2                7267.25A   -9.383    0.0017      V  2                2710.94A   -8.702    0.0083
CO                  90.1384m   -7.238    0.2417      Fe 2                6809.24A   -8.392    0.0169      V  2                2684.22A   -8.464    0.0144
CO                  87.1666m   -7.290    0.2142      Fe 2                6729.87A   -8.673    0.0089      V  2                2139.33A   -9.110    0.0032
CO                  84.3877m   -7.344    0.1893      Fe 2                6671.93A   -9.236    0.0024      Cr 1                4269.56A   -9.013    0.0041
CO                  81.7835m   -7.399    0.1666      Fe 2                5721.37A   -9.509    0.0013      Cr 1                3589.90A   -8.829    0.0062
CO                  79.3383m   -7.457    0.1458      Fe 2                5163.96A   -8.422    0.0158      Cr 2                2059.78A   -6.970    0.4473
CO                  77.0375m   -7.517    0.1271      Fe 2                4266.35A   -9.122    0.0032      Mn 2                1198.85A   -9.325    0.0020
CO                  74.8697m   -7.577    0.1106      Fe 2                4249.08A   -9.393    0.0017      Co 2                2060.90A   -8.439    0.0152
CO                  72.8231m   -7.640    0.0957      Fe 2                4157.92A   -9.399    0.0017      Co 2                2018.80A   -8.474    0.0140
CO                  70.8878m   -7.704    0.0826      Fe 2                3277.35A   -7.934    0.0486      Co 2                1949.74A   -8.551    0.0117
CO                  69.0557m   -7.768    0.0714      Fe 2                3255.89A   -9.195    0.0027      Co 2                1575.91A   -9.069    0.0036
CO                  67.3181m   -7.833    0.0614      Fe 2                2926.59A   -8.838    0.0061      Co 2                1470.18A   -9.139    0.0030
CO                  65.6684m   -7.899    0.0528      Fe 2                2880.76A   -8.502    0.0132      Ni 2                1751.83A   -8.004    0.0414
CO                  64.0998m   -7.965    0.0453      Fe 2                2755.74A   -6.852    0.5876      Ni 2                1744.24A   -7.812    0.0645
CO                  62.6072m   -8.031    0.0389      Fe 2                2739.55A   -7.580    0.1100      Ni 2                1484.97A   -9.125    0.0031
CO                  61.1843m   -8.098    0.0333      Fe 2                2716.70A   -7.704    0.0826      Ni 2                1472.74A   -8.819    0.0063
CO                  59.8271m   -8.166    0.0285      Fe 2                34.6508m   -9.510    0.0013      Ni 2                1400.37A   -9.126    0.0031
CO                  58.5311m   -8.234    0.0244      Fe 2                1.00287m   -8.113    0.0322      Ni 2                1375.73A   -8.800    0.0066
CO                  57.2920m   -8.303    0.0208      Fe 2                8245.16A   -9.612    0.0010      Ni 2                1324.11A   -8.901    0.0052
CO                  56.1066m   -8.373    0.0177      Fe 2                8037.28A   -8.642    0.0095      Zn 1                2138.57A   -9.597    0.0011
CO                  54.9712m   -8.444    0.0150      Fe 2                7579.61A   -9.133    0.0031      hyperfine structure............................
CO                  53.8829m   -8.515    0.0128      Fe 2                7017.95A   -9.052    0.0037      inner shell....................................
CO                  52.8388m   -8.587    0.0108      Fe 2                6933.67A   -9.418    0.0016      molecules......................................
CO                  51.8365m   -8.659    0.0092      Fe 2                6872.19A   -8.584    0.0109      H2 l                2.00000m   -4.243  238.6146
CO                  50.8731m   -8.732    0.0077      Fe 2                6829.03A   -9.618    0.0010      H2 v                      0    -5.889    5.3948
CO                  49.9472m   -8.804    0.0066      Fe 2                5746.98A   -8.470    0.0141      H-FB                      0    -6.548    1.1826
CO                  49.0559m   -8.879    0.0055      Fe 2                5283.12A   -9.030    0.0039      H-FF                      0    -6.783    0.6887
CO                  48.1977m   -8.954    0.0046      Fe 2                5199.18A   -9.244    0.0024      H-CT                6562.80A   -7.755    0.0734
CO                  47.3709m   -9.031    0.0039      Fe 2                4351.81A   -9.392    0.0017      H- H                      0    -8.113    0.0322
CO                  46.5738m   -9.108    0.0033      Fe 2                4347.36A   -8.761    0.0072      H2+                       0    -6.953    0.4660
CO                  45.8046m   -9.187    0.0027      Fe 2                4329.43A   -8.108    0.0326      bands..........................................
CO                  45.0623m   -9.268    0.0023      Fe 2                2953.77A   -9.543    0.0012      Fe 2b               2500.00A   -4.804   65.6513
CO                  44.3452m   -9.350    0.0019      Fe 2                2772.73A   -7.641    0.0955      Fe 2b               5000.00A   -4.859   57.7637
CO                  43.6523m   -9.436    0.0015      Fe 2                2749.32A   -7.670    0.0893      Fe 2b               7000.00A   -5.802    6.5895
CO                  42.9823m   -9.527    0.0012      Fe 2                9795.19A   -8.890    0.0054      Fe 2b               10000.0A   -4.482  137.7142
^13CO               1359.86m   -8.601    0.0105      Fe 2                8228.13A   -8.805    0.0065      Fe 2b               2355.00A   -5.568   11.2982
^13CO               906.599m   -8.290    0.0214      Fe 2                7613.14A   -9.213    0.0026      Fe 2b               2430.00A   -4.811   64.5939
^13CO               679.978m   -8.182    0.0274      Fe 2                7011.24A   -9.619    0.0010      Fe 2b               2445.00A   -4.811   64.5939
^13CO               544.012m   -8.129    0.0310      Fe 2                6966.33A   -8.976    0.0044      Fe 2b               2495.00A   -5.391   16.9970
^13CO               453.374m   -8.094    0.0337      Fe 2                5477.25A   -8.975    0.0044      Fe 2b               2610.00A   -5.061   36.2945
^13CO               388.637m   -8.082    0.0346      Fe 2                5278.38A   -9.443    0.0015      Fe 2b               2695.00A   -7.704    0.0826
^13CO               340.088m   -8.074    0.0352      Fe 2                4402.59A   -9.227    0.0025      Fe 2b               2758.00A   -6.642    0.9532
^13CO               302.332m   -8.079    0.0349      Fe 2                4384.21A   -9.159    0.0029      Fe 2b               2780.00A   -6.600    1.0493
^13CO               272.130m   -8.085    0.0344      Fe 2                1.05081m   -9.371    0.0018      Fe 2b               2935.00A   -8.295    0.0212
^13CO               247.423m   -8.100    0.0332      Fe 2                7710.80A   -9.524    0.0013      Fe 2b               2960.00A   -8.716    0.0080
^13CO               226.836m   -8.121    0.0317      Fe 2                7048.01A   -9.190    0.0027      Fe 2b               3180.00A   -7.223    0.2498
^13CO               209.419m   -8.148    0.0297      Fe 2                5901.28A   -9.421    0.0016      Fe 2b               3250.00A   -6.519    1.2640
^13CO               194.493m   -8.170    0.0283      Fe 2                5527.62A   -9.532    0.0012      Fe 2b               3590.00A   -6.538    1.2097
^13CO               181.558m   -8.196    0.0266      Fe 2                2.04602m   -8.057    0.0366      Fe 2b               3910.00A   -8.588    0.0108
^13CO               170.243m   -8.224    0.0250      Fe 2                1.41956m   -8.613    0.0102      Fe 2b               4060.00A   -9.247    0.0024
^13CO               160.261m   -8.253    0.0233      Fe 2                1.35904m   -9.417    0.0016      Fe 2b               4255.00A   -5.292   21.3047
^13CO               151.390m   -8.285    0.0217      Fe 2                1.23314m   -8.406    0.0164      Fe 2b               4558.00A   -6.023    3.9647
^13CO               143.454m   -8.317    0.0201      Fe 2                1.09108m   -8.328    0.0196      Fe 2b               4600.00A   -5.993    4.2454
^13CO               136.314m   -8.351    0.0186      Fe 2                1.07084m   -8.767    0.0071      Fe 2b               4743.00A   -6.742    0.7574
^13CO               129.855m   -8.390    0.0170      Fe 2                1.05625m   -9.217    0.0025      Fe 2b               4855.00A   -6.163    2.8708
^13CO               123.985m   -8.432    0.0155      Fe 2                1.01565m   -9.019    0.0040      Fe 2b               4920.00A   -5.648    9.3894
^13CO               118.627m   -8.475    0.0140      Fe 2                8119.18A   -9.497    0.0013      Fe 2b               4975.00A   -6.178    2.7730
^13CO               113.717m   -8.521    0.0126      Fe 2                5588.16A   -8.322    0.0199      Fe 2b               4971.00A   -6.221    2.5122
^13CO               109.201m   -8.570    0.0113      Fe 2                5586.91A   -9.184    0.0027      Fe 2b               5070.00A   -6.100    3.3205
^13CO               105.034m   -8.620    0.0100      Fe 2                5580.82A   -7.754    0.0736      Fe 2b               5143.00A   -5.566   11.3392
^13CO               101.176m   -8.674    0.0089      Fe 2                5551.32A   -7.472    0.1410      Fe 2b               5270.00A   -5.282   21.8395
^13CO               97.5955m   -8.731    0.0078      Fe 2                3227.74A   -9.196    0.0027      Fe 2b               5318.00A   -5.600   10.4999
^13CO               94.2629m   -8.791    0.0068      Fe 2                3196.07A   -8.707    0.0082      Fe 2b               5540.00A   -6.747    0.7474
^13CO               91.1537m   -8.854    0.0058      Fe 2                2.13278m   -8.313    0.0203      Fe 2b               5865.00A   -7.347    0.1878
^13CO               88.2461m   -8.922    0.0050      Fe 2                1.46079m   -9.159    0.0029      Fe 2b               6265.00A   -8.160    0.0289
^13CO               85.5213m   -8.995    0.0042      Fe 2                1.39678m   -9.220    0.0025      Fe 2b               6565.00A   -7.503    0.1311
^13CO               82.9627m   -9.074    0.0035      Fe 2                1.30943m   -9.240    0.0024      Fe 2b               6910.00A   -7.442    0.1509
^13CO               80.5556m   -9.160    0.0029      Fe 2                1.24364m   -9.424    0.0016      Fe 2b               7445.00A   -5.823    6.2736
^13CO               78.2869m   -9.255    0.0023      Fe 2                1.09413m   -8.526    0.0125      Fe 2b               8625.00A   -5.491   13.4911
^13CO               76.1453m   -9.362    0.0018      Fe 2                1.07890m   -8.622    0.0100      Fe 2b               1.03250m   -6.549    1.1813
^13CO               74.1205m   -9.488    0.0014      Fe 2                1.06830m   -9.380    0.0017      Fe 2b               1.88900m   -5.197   26.5266
OH+                 308.406m   -9.438    0.0015      Fe 2                1.03658m   -9.391    0.0017      Fe 2b               2.20000m   -7.282    0.2182
C  1                1560.31A   -8.301    0.0209      Fe 2                5650.95A   -8.301    0.0209      miscellaneous..................................
C  1                1560.68A   -8.406    0.0164      Fe 2                5649.67A   -8.275    0.0222      Blnd                8446.00A   -9.367    0.0018
C  1                1560.71A   -8.404    0.0165      Fe 2                5643.44A   -9.412    0.0016      Blnd                1304.00A   -7.753    0.0738
C  1                1561.34A   -7.732    0.0774      Fe 2                5613.27A   -7.688    0.0858      Blnd                2798.00A   -4.320  200.0028
C  1                1561.37A   -8.091    0.0339      Fe 2                2.24366m   -8.651    0.0093      Blnd                6720.00A   -5.031   38.8869
C  1                1561.44A   -7.911    0.0513      Fe 2                2.00672m   -7.996    0.0421      Blnd                4074.00A   -6.356    1.8417
C  1                1656.27A   -7.728    0.0782      Fe 2                1.10657m   -8.869    0.0056      Blnd                1.03300m   -6.465    1.4334
C  1                1656.93A   -8.058    0.0366      Fe 2                1.09542m   -8.973    0.0044      Blnd                1256.00A   -8.382    0.0174
C  1                1657.01A   -7.236    0.2425      Fe 2                5725.92A   -8.572    0.0112      Blnd                5892.00A   -7.903    0.0522
C  1                1657.38A   -7.998    0.0420      Fe 2                5718.22A   -8.022    0.0397      Blnd                2665.00A   -5.870    5.6411
C  1                1657.91A   -7.502    0.1315      Fe 2                2.22379m   -7.406    0.1639      Blnd                2335.00A   -5.680    8.7213
C  1                1658.12A   -7.460    0.1450      Fe 2                2.01513m   -7.726    0.0785      Blnd                8579.00A   -5.291   21.3574
C  1                1930.90A   -9.582    0.0011      Fe 2                9682.08A   -8.237    0.0242      Blnd                7306.00A   -4.643   94.9977
C  1                1992.01A   -9.354    0.0018      Fe 2                9513.85A   -9.044    0.0038      Blnd                3933.00A   -6.570    1.1238
C  1                1993.62A   -7.850    0.0590      Fe 2                8715.81A   -8.870    0.0056      Blnd                1657.00A   -6.791    0.6759
C  1                2582.90A   -9.115    0.0032      Fe 2                6873.84A   -8.535    0.0122      Blnd                9850.00A   -4.246  236.9607
C  1                8727.13A   -9.583    0.0011      Fe 2                6700.65A   -9.505    0.0013      Blnd                2326.00A   -7.580    0.1100
C  1                9824.13A   -4.847   59.4256      Fe 2                6188.55A   -8.715    0.0081      Blnd                1335.00A   -8.712    0.0081
C  1                9850.26A   -4.372  177.5351      Fe 2                5870.02A   -8.965    0.0045      Blnd                3467.00A   -7.171    0.2817
C  1                370.269m   -4.542  119.9870      Fe 2                5673.20A   -8.999    0.0042      Blnd                5199.00A   -4.925   49.6139
C  1                609.590m   -5.006   41.1651      Fe 2                4898.61A   -8.735    0.0077      Blnd                1.04030m   -6.415    1.6078
C  2                1334.53A   -9.432    0.0015      Fe 2                2.25348m   -8.244    0.0238      Blnd                2141.00A   -9.431    0.0015
C  2                1335.66A   -9.112    0.0032      Fe 2                1.02005m   -9.452    0.0015      Blnd                6300.00A   -4.640   95.7961
C  2                1335.71A   -9.099    0.0033      Fe 2                1.00139m   -8.895    0.0053      Blnd                2471.00A   -9.317    0.0020
C  2                2323.50A   -8.811    0.0065      Fe 2                9133.66A   -9.619    0.0010      Blnd                7323.00A   -9.484    0.0014
C  2                2324.69A   -8.485    0.0137      Fe 2                8885.67A   -9.344    0.0019      Blnd                7332.00A   -9.566    0.0011
C  2                2325.40A   -8.074    0.0353      Fe 2                7131.14A   -9.509    0.0013      Blnd                3727.00A   -7.405    0.1644
C  2                2326.93A   -8.029    0.0391      Fe 2                6944.91A   -9.077    0.0035      Blnd                7325.00A   -9.222    0.0025
C  2                2328.12A   -8.431    0.0155      Fe 2                6473.88A   -9.114    0.0032      N 1C                5199.00A   -8.917    0.0051
C  2                157.636m   -5.996    4.2121      Fe 2                6044.10A   -9.545    0.0012      N 1T                5199.00A   -9.016    0.0040
Ca 1                4226.73A   -7.636    0.0967      Fe 2                5835.45A   -9.213    0.0026
Ca 1                6439.08A   -8.603    0.0104      Fe 2                5060.09A   -9.294    0.0021

                                                    Emergent line intensities
 Caution: emergent intensities are not reliable on the first iteration.
general properties.............................      Fe 2                2607.09A   -7.482    0.1378      Mn 2                2605.68A   -7.388    0.1709
continua.......................................      Fe 2                2404.89A   -7.183    0.2744      Mn 2                3438.97A   -8.841    0.0060
FIR                 83.0000m   -3.207 2595.0112      Fe 2                2399.24A   -8.002    0.0415      Mn 2                3460.03A   -9.447    0.0015
TIR                 1800.00m   -4.975   44.2636      Fe 2                2395.42A   -9.008    0.0041      N  1                1134.17A   -9.606    0.0010
NIRa                2.85000m   -3.293 2127.1125      Fe 2                2380.76A   -5.999    4.1886      N  1                1134.41A   -9.379    0.0017
NIRb                3.00000m   -4.458  145.6079      Fe 2                2348.30A   -7.742    0.0756      N  1                1134.98A   -9.261    0.0023
MIRa                15.0000m   -4.552  117.1377      Fe 2                2327.40A   -8.335    0.0193      N  1                1199.55A   -8.783    0.0069
MIRb                22.5000m   -3.418 1596.9487      Fe 2                87.3597m   -7.051    0.3718      N  1                1200.22A   -8.955    0.0046
NMIR                21.7500m   -3.293 2127.1125      Fe 2                5.06097m   -7.952    0.0467      N  1                1200.71A   -9.257    0.0023
TFIR                611.250m   -4.028  391.5547      Fe 2                4.43363m   -7.869    0.0565      N  1                3466.50A   -7.255    0.2324
TALL                10000.0A   -2.835 6109.6211      Fe 2                1.40951m   -9.279    0.0022      N  1                3466.54A   -7.928    0.0493
F12                 12.0000m   -6.454    1.4673      Fe 2                1.32777m   -7.418    0.1597      N  1                5197.90A   -5.324   19.8347
F25                 25.0000m   -5.066   35.8988      Fe 2                1.27877m   -7.475    0.1401      N  1                5200.26A   -5.147   29.7788
F60                 60.0000m   -3.270 2243.3403      Fe 2                1.25214m   -8.515    0.0128      N  1                1.03977m   -6.759    0.7273
F100                100.000m   -6.043    3.7878      Fe 2                7926.88A   -8.752    0.0074      N  1                1.03982m   -7.282    0.2183
MIPS                24.0000m   -5.066   35.8936      Fe 2                7803.89A   -8.493    0.0134      N  1                1.04072m   -7.107    0.3264
MIPS                70.0000m   -3.271 2239.8835      Fe 2                7665.28A   -7.746    0.0750      N  1                1.04076m   -7.095    0.3358
MIPS                160.000m   -4.286  216.2415      Fe 2                5006.63A   -7.893    0.0535      Na 1                5889.95A   -8.204    0.0261
IRAC                3.60000m   -7.680    0.0874      Fe 2                4772.06A   -8.706    0.0082      Na 1                5895.92A   -8.204    0.0261
IRAC                4.50000m   -6.359    1.8281      Fe 2                4639.67A   -8.390    0.0170      Ni 1                7.50454m   -8.198    0.0265
IRAC                5.80000m   -4.646   94.4304      Fe 2                4528.39A   -8.001    0.0417      O  1                1027.43A   -9.604    0.0010
IRAC                8.00000m   -5.653    9.2831      Fe 2                4509.61A   -8.348    0.0187      O  1                1304.86A   -7.879    0.0552
SPR1                250.000m   -6.110    3.2464      Fe 2                4452.10A   -6.371    1.7770      O  1                1306.03A   -8.369    0.0179
SPR2                350.000m   -4.534  122.1854      Fe 2                3277.55A   -8.506    0.0130      O  1                1355.60A   -7.933    0.0488
SPR3                500.000m   -6.295    2.1182      Fe 2                3277.12A   -9.410    0.0016      O  1                1358.51A   -8.388    0.0171
PAC1                70.0000m   -3.271 2240.8169      Fe 2                3275.02A   -8.582    0.0109      O  1                2972.29A   -7.406    0.1641
PAC2                100.000m   -6.042    3.7901      Fe 2                2631.05A   -7.329    0.1959      O  1                5577.34A   -6.456    1.4612
PAC3                160.000m   -4.282  218.4350      Fe 2                2620.41A   -9.216    0.0025      O  1                6300.30A   -4.760   72.5930
PAH                 3.30000m   -8.486    0.0137      Fe 2                2613.82A   -8.098    0.0333      O  1                6363.78A   -5.256   23.1896
PAHC                3.23000m   -8.765    0.0072      Fe 2                2410.52A   -7.969    0.0448      O  1                6391.73A   -8.584    0.0109
PAHC                3.37000m   -8.754    0.0074      Fe 2                2406.66A   -8.241    0.0240      O  1                44.0453m   -8.899    0.0053
PAH                 6.20000m   -8.533    0.0122      Fe 2                2404.43A   -9.071    0.0036      O  1                63.1679m   -3.271 2238.2898
PAHC                5.65000m   -7.442    0.1508      Fe 2                2359.11A   -8.053    0.0370      O  1                145.495m   -4.302  208.5477
PAH                 7.90000m   -8.025    0.0394      Fe 2                2338.01A   -8.114    0.0321      O  2                2470.34A   -9.420    0.0016
PAHC                6.90000m   -5.655    9.2384      Fe 2                4.67067m   -8.494    0.0134      O  2                7319.99A   -9.614    0.0010
PAH                 11.3000m   -7.884    0.0546      Fe 2                1.29777m   -7.805    0.0654      O  2                3728.81A   -7.627    0.0986
PAHC                10.9000m   -7.535    0.1218      Fe 2                1.27034m   -7.677    0.0878      O  2                3726.03A   -7.803    0.0658
PAH                 11.8000m   -9.220    0.0025      Fe 2                7999.47A   -9.499    0.0013      P  2                60.6263m   -6.719    0.7978
PAHC                12.6500m   -7.283    0.2179      Fe 2                7874.24A   -7.847    0.0594      P  2                1532.53A   -9.270    0.0022
PAH                 13.3000m   -9.139    0.0030      Fe 2                7733.14A   -8.393    0.0169      P  2                32.8620m   -6.822    0.6292
PAHC                14.1000m   -6.943    0.4761      Fe 2                4798.28A   -8.256    0.0232      P  2                1.14682m   -6.739    0.7615
Bcon                3640.00A   -3.599 1051.2168      Fe 2                4664.45A   -8.904    0.0052      P  2                4669.25A   -8.405    0.0165
Pcon                5000.00A   -4.019  399.6260      Fe 2                4533.01A   -8.896    0.0053      P  2                2195.57A   -8.683    0.0087
O3bn                5007.00A   -5.881    5.4963      Fe 2                4474.90A   -6.684    0.8656      P  2                1536.42A   -9.270    0.0022
RRC............................................      Fe 2                3289.89A   -8.892    0.0054      P  2                1535.92A   -9.118    0.0032
grains.........................................      Fe 2                3289.46A   -8.671    0.0089      P  2                1.18828m   -6.316    2.0185
H-like iso-sequence............................      Fe 2                2628.29A   -7.781    0.0692      P  2                2210.34A   -8.230    0.0246
H  1                1215.67A   -3.921  500.8857      Fe 2                2621.67A   -8.685    0.0086      P  2                1542.30A   -9.406    0.0016
H  1                6562.80A   -5.859    5.7833      Fe 2                2413.31A   -8.485    0.0137      P  2                7875.99A   -7.656    0.0923
H  1                4861.32A   -6.621    1.0000      Fe 2                2411.07A   -8.494    0.0134      S  1                1483.04A   -9.258    0.0023
H  1                4340.46A   -7.002    0.4161      Fe 2                2344.28A   -8.200    0.0264      S  1                1820.34A   -7.944    0.0475
H  1                4101.73A   -8.694    0.0085      Fe 2                17.9311m   -5.635    9.6925      S  1                1826.24A   -8.427    0.0156
H  1                3970.07A   -8.983    0.0043      Fe 2                1.64355m   -4.740   75.9869      S  1                25.2421m   -5.886    5.4382
H  1                3889.05A   -9.216    0.0025      Fe 2                1.53348m   -5.865    5.6951      S  1                56.2957m   -6.845    0.5972
H  1                3835.38A   -9.410    0.0016      Fe 2                8616.95A   -6.129    3.1047      S  2                6730.82A   -5.420   15.8713
H  1                3797.90A   -9.577    0.0011      Fe 2                7155.17A   -6.258    2.3084      S  2                6716.44A   -5.259   23.0139
H  1                3770.63A   -9.323    0.0020      Fe 2                6896.17A   -7.709    0.0816      S  2                4076.35A   -6.968    0.4493
H  1                3750.15A   -9.439    0.0015      Fe 2                5413.37A   -8.168    0.0284      S  2                4068.60A   -6.477    1.3924
H  1                3734.37A   -9.543    0.0012      Fe 2                5280.27A   -8.704    0.0083      S  2                1.03364m   -7.107    0.3268
H  1                1.87510m   -7.393    0.1690      Fe 2                5273.36A   -6.256    2.3164      S  2                1.02867m   -7.103    0.3293
H  1                1.28181m   -7.706    0.0822      Fe 2                5158.79A   -5.645    9.4590      S  2                1.03705m   -7.428    0.1558
H  1                1.09381m   -9.078    0.0035      Fe 2                5111.64A   -6.552    1.1721      S  2                1.03205m   -6.970    0.4480
H  1                1.00494m   -9.386    0.0017      Fe 2                5072.41A   -6.298    2.1056      S  2                1259.52A   -8.737    0.0077
H  1                4.05115m   -8.263    0.0228      Fe 2                5039.10A   -7.732    0.0774      S  2                1253.81A   -8.815    0.0064
H  1                2.62515m   -9.255    0.0023      Fe 2                4814.54A   -6.602    1.0455      S  2                1250.58A   -9.122    0.0032
H  1                2.16553m   -9.606    0.0010      Fe 2                4774.73A   -7.042    0.3797      Sc 2                4246.82A   -9.176    0.0028
H  1                7.45782m   -9.290    0.0021      Fe 2                4745.49A   -8.093    0.0337      Sc 2                7043.49A   -8.946    0.0047
He-like iso-sequence...........................      Fe 2                4661.78A   -9.192    0.0027      Sc 2                8261.17A   -9.460    0.0014
extra Lyman....................................      Fe 2                4243.97A   -5.971    4.4622      Sc 2                8271.28A   -9.346    0.0019
database lines.................................      Fe 2                4177.20A   -7.061    0.3628      Sc 2                8326.62A   -9.600    0.0010
CN                  2648.35m   -9.124    0.0031      Fe 2                4146.65A   -8.637    0.0096      Sc 2                8347.28A   -9.165    0.0029
CN                  2640.74m   -8.823    0.0063      Fe 2                4114.48A   -8.976    0.0044      Sc 2                8384.33A   -9.477    0.0014
CN                  1322.30m   -9.214    0.0026      Fe 2                3929.35A   -9.229    0.0025      Sc 2                1.07804m   -9.544    0.0012
CN                  1321.03m   -8.958    0.0046      Fe 2                3387.09A   -7.477    0.1394      Sc 2                2.03194m   -9.082    0.0035
CN                  881.421m   -9.206    0.0026      Fe 2                3376.20A   -6.679    0.8748      Sc 2                2.04712m   -9.428    0.0016
CN                  880.858m   -9.051    0.0037      Fe 2                2732.45A   -7.804    0.0656      Sc 2                2.07591m   -9.073    0.0035
CN                  661.044m   -9.112    0.0032      Fe 2                2493.30A   -5.391   16.9902      Sc 2                2.07842m   -8.907    0.0052
CN                  660.727m   -8.998    0.0042      Fe 2                2484.20A   -8.985    0.0043      Sc 2                2.08152m   -9.176    0.0028
CN                  528.842m   -9.222    0.0025      Fe 2                2360.00A   -7.316    0.2019      Sc 2                2.11129m   -9.349    0.0019
CN                  528.639m   -9.133    0.0031      Fe 2                2348.12A   -7.367    0.1796      Sc 2                2.12445m   -9.348    0.0019
CN                  440.721m   -9.235    0.0024      Fe 2                2331.31A   -9.059    0.0036      Si 1                2211.75A   -9.307    0.0021
CN                  440.580m   -9.161    0.0029      Fe 2                24.5126m   -6.334    1.9347      Si 1                2519.20A   -8.701    0.0083
CN                  377.785m   -9.381    0.0017      Fe 2                1.80940m   -5.341   19.0548      Si 1                2528.51A   -8.484    0.0137
CN                  377.682m   -9.318    0.0020      Fe 2                1.67688m   -6.291    2.1386      Si 1                68.4548m   -7.987    0.0430
CN                  330.590m   -9.467    0.0014      Fe 2                1.59948m   -6.198    2.6485      Si 1                129.641m   -8.057    0.0366
CN                  330.511m   -9.411    0.0016      Fe 2                9051.95A   -5.970    4.4732      Si 2                34.8046m   -3.463 1437.6609
CN                  293.825m   -9.576    0.0011      Fe 2                8891.93A   -6.395    1.6828      Si 2                2334.41A   -6.620    1.0014
HF                  243.178m   -8.726    0.0079      Fe 2                7452.56A   -6.750    0.7436      Si 2                2328.52A   -7.234    0.2437
CO                  2600.05m   -8.105    0.0328      Fe 2                7172.00A   -6.665    0.9038      Si 2                1808.01A   -6.601    1.0475
CO                  1300.05m   -7.074    0.3523      Fe 2                6275.53A   -8.623    0.0100      Si 2                1260.42A   -8.726    0.0079
CO                  866.727m   -6.781    0.6916      Fe 2                5527.36A   -7.239    0.2408      Si 2                2350.17A   -6.486    1.3630
CO                  650.074m   -6.682    0.8694      Fe 2                5440.48A   -8.997    0.0042      Si 2                2344.20A   -6.085    3.4331
CO                  520.089m   -6.630    0.9796      Fe 2                5433.15A   -6.770    0.7095      Si 2                2334.60A   -6.193    2.6806
CO                  433.438m   -6.595    1.0611      Fe 2                5261.63A   -6.025    3.9416      Si 2                1817.45A   -6.616    1.0120
CO                  371.549m   -6.584    1.0889      Fe 2                5220.08A   -7.301    0.2091      Si 2                1816.93A   -6.230    2.4602
CO                  325.137m   -6.575    1.1108      Fe 2                5184.80A   -7.196    0.2659      Si 2                1533.43A   -7.031    0.3891
CO                  289.041m   -6.580    1.0999      Fe 2                5158.01A   -7.146    0.2988      Si 2                1309.28A   -7.814    0.0641
CO                  260.169m   -6.585    1.0856      Fe 2                4947.39A   -6.546    1.1898      Si 2                1265.00A   -7.614    0.1015
CO                  236.549m   -6.601    1.0477      Fe 2                4905.35A   -6.897    0.5300      Si 2                1264.74A   -8.030    0.0390
CO                  216.868m   -6.621    1.0011      Fe 2                4874.50A   -6.939    0.4803      Si 2                1197.39A   -7.961    0.0457
CO                  200.218m   -6.647    0.9422      Fe 2                4852.74A   -8.300    0.0209      Si 2                1194.50A   -8.175    0.0279
CO                  185.949m   -6.668    0.8970      Fe 2                4346.86A   -6.599    1.0523      Si 2                3862.60A   -9.219    0.0025
CO                  173.584m   -6.693    0.8467      Fe 2                4276.84A   -6.523    1.2542      Si 2                3856.02A   -9.192    0.0027
CO                  162.767m   -6.720    0.7967      Fe 2                4244.82A   -7.334    0.1935      Si 2                6371.37A   -9.136    0.0031
CO                  153.225m   -6.748    0.7460      Fe 2                4231.56A   -8.935    0.0049      Si 2                6347.11A   -9.059    0.0036
CO                  144.745m   -6.778    0.6961      Fe 2                4211.11A   -8.911    0.0051      Zn 2                2062.00A   -8.729    0.0078
CO                  137.159m   -6.809    0.6483      Fe 2                3455.11A   -7.583    0.1091      Zn 2                2025.48A   -8.497    0.0133
CO                  130.333m   -6.841    0.6025      Fe 2                3452.31A   -7.272    0.2235      Al 2                2669.15A   -6.266    2.2638
CO                  124.160m   -6.878    0.5533      Fe 2                3440.99A   -7.158    0.2906      Al 2                2660.35A   -6.092    3.3777
CO                  118.548m   -6.918    0.5042      Fe 2                2774.73A   -9.045    0.0038      Al 2                1670.79A   -6.763    0.7214
CO                  113.427m   -6.959    0.4593      Fe 2                2759.34A   -9.445    0.0015      Al 2                3900.67A   -9.502    0.0013
CO                  108.733m   -7.002    0.4160      Fe 2                2485.07A   -9.227    0.0025      Ca 2                7323.89A   -5.036   38.4231
CO                  104.416m   -7.045    0.3766      Fe 2                2391.48A   -8.314    0.0203      Ca 2                7291.47A   -4.868   56.5706
CO                  100.433m   -7.091    0.3390      Fe 2                2379.28A   -9.031    0.0039      Ca 2                3968.47A   -6.891    0.5375
CO                  96.7462m   -7.138    0.3041      Fe 2                2362.02A   -7.763    0.0720      Ca 2                8662.14A   -5.770    7.0884
CO                  93.3237m   -7.187    0.2716      Fe 2                35.7675m   -7.134    0.3067      Ca 2                3933.66A   -6.853    0.5864
CO                  90.1384m   -7.238    0.2417      Fe 2                1.95361m   -6.252    2.3385      Ca 2                8498.02A   -6.460    1.4489
CO                  87.1666m   -7.290    0.2142      Fe 2                1.80002m   -6.307    2.0626      Ca 2                8542.09A   -5.513   12.8191
CO                  84.3877m   -7.344    0.1893      Fe 2                1.71113m   -6.876    0.5562      Ca 2                3706.02A   -8.131    0.0309
CO                  81.7835m   -7.399    0.1666      Fe 2                1.66377m   -6.495    1.3364      Ca 2                3736.90A   -7.835    0.0611
CO                  79.3383m   -7.457    0.1459      Fe 2                9399.04A   -6.392    1.6924      Ca 2                3158.87A   -8.152    0.0294
CO                  77.0375m   -7.517    0.1271      Fe 2                9226.63A   -6.338    1.9167      Ca 2                3181.27A   -8.858    0.0058
CO                  74.8697m   -7.577    0.1106      Fe 2                9033.49A   -7.415    0.1609      Ca 2                3179.33A   -7.903    0.0522
CO                  72.8231m   -7.640    0.0957      Fe 2                7388.17A   -6.785    0.6855      Ca 2                1.19497m   -9.579    0.0011
CO                  70.8878m   -7.704    0.0826      Fe 2                6440.41A   -7.738    0.0764      Ca 2                1.18390m   -9.274    0.0022
CO                  69.0557m   -7.768    0.0714      Fe 2                6229.28A   -8.888    0.0054      Ca 2                1838.01A   -9.090    0.0034
CO                  67.3181m   -7.833    0.0614      Fe 2                5654.87A   -8.200    0.0264      Ca 2                1840.03A   -8.934    0.0049
CO                  65.6684m   -7.899    0.0528      Fe 2                5556.31A   -7.439    0.1519      Ca 2                2112.76A   -9.562    0.0011
CO                  64.0998m   -7.965    0.0453      Fe 2                5412.67A   -7.968    0.0450      Cl 2                14.3639m   -6.945    0.4745
CO                  62.6072m   -8.031    0.0389      Fe 2                5333.66A   -6.313    2.0347      Cl 2                33.2721m   -8.025    0.0394
CO                  61.1843m   -8.098    0.0333      Fe 2                5296.84A   -7.596    0.1060      Cl 2                8578.70A   -6.633    0.9731
CO                  59.8271m   -8.166    0.0285      Fe 2                5268.89A   -7.316    0.2020      Cl 2                9123.60A   -7.218    0.2532
CO                  58.5311m   -8.234    0.0244      Fe 2                5107.96A   -8.251    0.0234      Cl 2                3677.85A   -8.555    0.0116
CO                  57.2920m   -8.303    0.0208      Fe 2                5049.30A   -6.719    0.7982      Cl 2                6161.84A   -8.509    0.0129
CO                  56.1066m   -8.373    0.0177      Fe 2                5005.52A   -6.773    0.7048      Mg 2                2802.71A   -4.794   67.1471
CO                  54.9712m   -8.444    0.0150      Fe 2                4973.40A   -7.040    0.3807      Mg 2                2795.53A   -4.498  132.8662
CO                  53.8829m   -8.515    0.0128      Fe 2                4950.76A   -7.386    0.1717      Mg 2                2936.52A   -7.725    0.0787
CO                  52.8388m   -8.587    0.0108      Fe 2                4352.79A   -6.838    0.6061      Mg 2                2928.64A   -8.027    0.0393
CO                  51.8365m   -8.659    0.0092      Fe 2                4319.62A   -7.104    0.3285      Mg 2                2797.93A   -8.465    0.0143
CO                  50.8731m   -8.732    0.0077      Fe 2                4305.90A   -7.907    0.0517      Mg 2                2790.77A   -7.763    0.0722
CO                  49.9472m   -8.804    0.0066      Fe 2                4084.33A   -9.234    0.0024      Mg 2                2798.00A   -7.510    0.1292
CO                  49.0559m   -8.879    0.0055      Fe 2                3504.51A   -7.886    0.0544      Mg 2                9244.22A   -9.585    0.0011
CO                  48.1977m   -8.954    0.0046      Fe 2                3504.02A   -7.743    0.0756      Mg 2                9218.22A   -9.287    0.0022
CO                  47.3709m   -9.031    0.0039      Fe 2                3501.63A   -7.306    0.2064      N  2                205.283m   -8.823    0.0063
CO                  46.5738m   -9.108    0.0033      Fe 2                3489.99A   -7.986    0.0432      N  2                121.769m   -9.045    0.0038
CO                  45.8046m   -9.187    0.0027      Fe 2                2385.01A   -8.590    0.0107      N  2                6548.05A   -8.196    0.0266
CO                  45.0623m   -9.268    0.0023      Fe 2                2.06648m   -7.645    0.0945      N  2                6583.45A   -7.727    0.0784
CO                  44.3452m   -9.350    0.0019      Fe 2                1.89541m   -7.042    0.3790      N  2                5754.59A   -9.575    0.0011
CO                  43.6523m   -9.436    0.0015      Fe 2                1.79711m   -6.529    1.2358      N  2                2142.77A   -9.579    0.0011
CO                  42.9823m   -9.527    0.0012      Fe 2                1.74494m   -6.818    0.6359      Ni 2                1.19102m   -5.616   10.1084
^13CO               1359.86m   -8.601    0.0105      Fe 2                9652.70A   -7.241    0.2397      Ni 2                6.63416m   -6.244    2.3810
^13CO               906.599m   -8.290    0.0214      Fe 2                9470.94A   -6.729    0.7798      Ni 2                1.07151m   -7.238    0.2418
^13CO               679.978m   -8.182    0.0274      Fe 2                9267.56A   -7.111    0.3235      Ni 2                10.6793m   -6.875    0.5573
^13CO               544.012m   -8.129    0.0311      Fe 2                7544.00A   -9.424    0.0016      Ni 2                1.27792m   -9.062    0.0036
^13CO               453.374m   -8.094    0.0337      Fe 2                6558.51A   -7.952    0.0467      Ni 2                1.16130m   -7.753    0.0738
^13CO               388.637m   -8.082    0.0346      Fe 2                5745.71A   -8.571    0.0112      Ni 2                12.7253m   -7.290    0.2143
^13CO               340.088m   -8.074    0.0352      Fe 2                5643.98A   -8.412    0.0162      Ni 2                9882.95A   -8.502    0.0131
^13CO               302.332m   -8.079    0.0349      Fe 2                5495.84A   -8.244    0.0238      Ni 2                1.09177m   -8.040    0.0381
^13CO               272.130m   -8.085    0.0344      Fe 2                5376.47A   -6.707    0.8209      Ni 2                18.2355m   -8.007    0.0411
^13CO               247.423m   -8.100    0.0332      Fe 2                5347.66A   -7.821    0.0631      Ni 2                9374.87A   -8.795    0.0067
^13CO               226.836m   -8.121    0.0317      Fe 2                5181.96A   -8.097    0.0334      Ni 2                7377.83A   -6.405    1.6434
^13CO               209.419m   -8.148    0.0297      Fe 2                5076.57A   -7.377    0.1753      Ni 2                8300.99A   -7.701    0.0831
^13CO               194.493m   -8.170    0.0283      Fe 2                5043.53A   -7.247    0.2366      Ni 2                1.93877m   -7.113    0.3220
^13CO               181.558m   -8.196    0.0266      Fe 2                5020.25A   -7.363    0.1810      Ni 2                2.36883m   -8.400    0.0166
^13CO               170.243m   -8.224    0.0250      Fe 2                4372.43A   -7.379    0.1746      Ni 2                2.91064m   -8.069    0.0357
^13CO               160.261m   -8.253    0.0233      Fe 2                4358.37A   -7.590    0.1073      Ni 2                6666.80A   -7.251    0.2347
^13CO               151.390m   -8.285    0.0217      Fe 2                4080.00A   -9.263    0.0023      Ni 2                7411.61A   -7.032    0.3885
^13CO               143.454m   -8.317    0.0201      Fe 2                3539.19A   -7.590    0.1073      Ni 2                1.76458m   -9.177    0.0028
^13CO               136.314m   -8.351    0.0186      Fe 2                3538.69A   -7.884    0.0546      Ni 2                2.04866m   -8.755    0.0074
^13CO               129.855m   -8.390    0.0170      Fe 2                3536.25A   -8.010    0.0409      Ni 2                2.30794m   -8.211    0.0257
^13CO               123.985m   -8.432    0.0155      Fe 2                3524.38A   -9.318    0.0020      Ni 2                6.91767m   -8.510    0.0129
^13CO               118.627m   -8.475    0.0140      Fe 2                22.8961m   -8.640    0.0096      Ni 2                4326.24A   -7.198    0.2650
^13CO               113.717m   -8.521    0.0126      Fe 2                1.81139m   -8.919    0.0050      Ni 2                4628.05A   -7.620    0.1003
^13CO               109.201m   -8.570    0.0113      Fe 2                7764.71A   -8.125    0.0313      Ni 2                6794.20A   -8.676    0.0088
^13CO               105.034m   -8.620    0.0100      Fe 2                7336.73A   -8.414    0.0161      Ni 2                7255.82A   -7.553    0.1171
^13CO               101.176m   -8.674    0.0089      Fe 2                7267.25A   -9.383    0.0017      Ni 2                7694.56A   -8.623    0.0100
^13CO               97.5955m   -8.731    0.0078      Fe 2                6809.24A   -8.392    0.0169      Ni 2                8033.54A   -8.787    0.0068
^13CO               94.2629m   -8.791    0.0068      Fe 2                6729.87A   -8.673    0.0089      Ni 2                1.04597m   -8.036    0.0384
^13CO               91.1537m   -8.854    0.0058      Fe 2                6671.93A   -9.236    0.0024      Ni 2                1.23230m   -8.064    0.0361
^13CO               88.2461m   -8.922    0.0050      Fe 2                5721.37A   -9.509    0.0013      Ni 2                4201.17A   -7.380    0.1742
^13CO               85.5213m   -8.995    0.0042      Fe 2                5163.96A   -8.422    0.0158      Ni 2                4485.21A   -7.833    0.0614
^13CO               82.9627m   -9.074    0.0035      Fe 2                4266.35A   -9.122    0.0032      Ni 2                7307.65A   -7.728    0.0781
^13CO               80.5556m   -9.160    0.0029      Fe 2                4249.08A   -9.393    0.0017      Ni 2                7612.72A   -8.056    0.0367
^13CO               78.2869m   -9.255    0.0023      Fe 2                4157.92A   -9.399    0.0017      Ni 2                1.13597m   -8.739    0.0076
^13CO               76.1453m   -9.362    0.0018      Fe 2                3277.35A   -7.934    0.0486      Ni 2                4285.31A   -8.588    0.0108
^13CO               74.1205m   -9.488    0.0014      Fe 2                3255.89A   -9.195    0.0027      Ni 2                6791.48A   -8.303    0.0208
OH+                 308.406m   -9.438    0.0015      Fe 2                2926.59A   -8.838    0.0061      Ni 2                7054.20A   -8.207    0.0259
C  1                1560.31A   -8.302    0.0209      Fe 2                2880.76A   -8.502    0.0132      Ni 2                9.61508m   -9.497    0.0013
C  1                1560.68A   -8.407    0.0164      Fe 2                2755.74A   -6.852    0.5877      Ni 2                4033.04A   -7.646    0.0944
C  1                1560.71A   -8.404    0.0165      Fe 2                2739.55A   -7.580    0.1100      Ni 2                4294.09A   -7.766    0.0715
C  1                1561.34A   -7.733    0.0773      Fe 2                2716.70A   -7.704    0.0826      Ni 2                6467.29A   -8.800    0.0066
C  1                1561.37A   -8.092    0.0338      Fe 2                34.6508m   -9.510    0.0013      Ni 2                6813.57A   -7.788    0.0681
C  1                1561.44A   -7.912    0.0512      Fe 2                1.00287m   -8.113    0.0322      Ni 2                7078.04A   -8.337    0.0192
C  1                1656.27A   -7.728    0.0782      Fe 2                8245.16A   -9.612    0.0010      Ni 2                1.02090m   -9.118    0.0032
C  1                1656.93A   -8.058    0.0366      Fe 2                8037.28A   -8.642    0.0095      Ni 2                3993.06A   -7.301    0.2088
C  1                1657.01A   -7.236    0.2425      Fe 2                7579.61A   -9.133    0.0031      Ni 2                4248.80A   -7.776    0.0699
C  1                1657.38A   -7.998    0.0420      Fe 2                7017.95A   -9.052    0.0037      Ni 2                6007.06A   -8.891    0.0054
C  1                1657.91A   -7.502    0.1315      Fe 2                6933.67A   -9.418    0.0016      Ni 2                6365.10A   -7.775    0.0701
C  1                1658.12A   -7.460    0.1450      Fe 2                6872.19A   -8.584    0.0109      Ni 2                6700.24A   -9.168    0.0028
C  1                1930.90A   -9.582    0.0011      Fe 2                6829.03A   -9.618    0.0010      Ni 2                6955.82A   -9.203    0.0026
C  1                1992.01A   -9.354    0.0018      Fe 2                5746.98A   -8.470    0.0141      Ni 2                8703.87A   -8.230    0.0246
C  1                1993.62A   -7.850    0.0590      Fe 2                5283.12A   -9.030    0.0039      Ni 2                9956.63A   -8.457    0.0146
C  1                2582.90A   -9.115    0.0032      Fe 2                5199.18A   -9.244    0.0024      Ni 2                5.18504m   -9.236    0.0024
C  1                8727.13A   -9.583    0.0011      Fe 2                4351.81A   -9.392    0.0017      Ni 2                3438.88A   -7.490    0.1353
C  1                9824.13A   -4.847   59.4232      Fe 2                4347.36A   -8.761    0.0072      Ni 2                3626.89A   -7.797    0.0666
C  1                9850.26A   -4.372  177.5280      Fe 2                4329.43A   -8.108    0.0326      Ni 2                3378.16A   -8.104    0.0329
C  1                370.269m   -4.542  120.0011      Fe 2                2953.77A   -9.543    0.0012      Ni 2                3559.41A   -8.083    0.0345
C  1                609.590m   -5.006   41.1700      Fe 2                2772.73A   -7.641    0.0955      level 1 lines..................................
C  2                1334.53A   -9.436    0.0015      Fe 2                2749.32A   -7.670    0.0893      recombination..................................
C  2                1335.66A   -9.116    0.0032      Fe 2                9795.19A   -8.890    0.0054      level2 lines...................................
C  2                1335.71A   -9.103    0.0033      Fe 2                8228.13A   -8.805    0.0065      C  1                1247.50A   -8.481    0.0138
C  2                2323.50A   -8.811    0.0065      Fe 2                7613.14A   -9.213    0.0026      C  1                1314.77A   -8.406    0.0164
C  2                2324.69A   -8.485    0.0137      Fe 2                7011.24A   -9.619    0.0010      C  1                1165.98A   -9.602    0.0010
C  2                2325.40A   -8.074    0.0353      Fe 2                6966.33A   -8.977    0.0044      C  1                1233.29A   -8.992    0.0043
C  2                2326.93A   -8.029    0.0391      Fe 2                5477.25A   -8.975    0.0044      C  1                1250.68A   -9.142    0.0030
C  2                2328.12A   -8.431    0.0155      Fe 2                5278.38A   -9.443    0.0015      Mg 1                1817.31A   -9.266    0.0023
C  2                157.636m   -5.996    4.2126      Fe 2                4402.59A   -9.227    0.0025      Mg 1                1739.09A   -9.470    0.0014
Ca 1                4226.73A   -7.636    0.0967      Fe 2                4384.21A   -9.159    0.0029      Mg 1                1699.05A   -9.524    0.0013
Ca 1                6439.08A   -8.603    0.0104      Fe 2                1.05081m   -9.371    0.0018      Mg 1                1675.74A   -9.602    0.0010
Ca 1                6462.57A   -8.831    0.0062      Fe 2                7710.80A   -9.524    0.0012      Si 1                1853.05A   -9.275    0.0022
Ca 1                6493.78A   -9.035    0.0039      Fe 2                7048.01A   -9.190    0.0027      Si 2                1179.59A   -8.712    0.0081
Cl 1                11.3303m   -7.904    0.0521      Fe 2                5901.28A   -9.421    0.0016      S  1                1356.05A   -9.021    0.0040
Co 2                9335.96A   -8.763    0.0072      Fe 2                5527.62A   -9.532    0.0012      S  1                1392.25A   -9.373    0.0018
Co 2                9639.13A   -9.201    0.0026      Fe 2                2.04602m   -8.057    0.0366      S  1                1418.10A   -9.599    0.0011
Co 2                10.5199m   -7.597    0.1057      Fe 2                1.41956m   -8.613    0.0102      Fe 1                2484.25A   -9.257    0.0023
Co 2                15.4548m   -8.482    0.0138      Fe 2                1.35904m   -9.417    0.0016      Fe 1                2526.51A   -9.505    0.0013
Co 2                2.98382m   -7.083    0.3453      Fe 2                1.23314m   -8.406    0.0164      Sc 2                3627.22A   -7.945    0.0474
Co 2                14.7345m   -8.127    0.0312      Fe 2                1.09108m   -8.328    0.0196      Sc 2                3575.45A   -8.067    0.0358
Co 2                18.7989m   -8.646    0.0094      Fe 2                1.07084m   -8.767    0.0071      Sc 2                3368.13A   -8.632    0.0098
Co 2                25.6819m   -9.334    0.0019      Fe 2                1.05625m   -9.217    0.0025      Ti 2                3364.74A   -6.370    1.7825
Co 2                1.01879m   -7.813    0.0642      Fe 2                1.01565m   -9.020    0.0040      Ti 2                3237.15A   -6.610    1.0263
Co 2                1.12804m   -8.784    0.0069      Fe 2                8119.18A   -9.497    0.0013      Ti 2                1904.17A   -8.477    0.0139
Co 2                1.54700m   -8.059    0.0365      Fe 2                5588.16A   -8.322    0.0199      Ti 2                1907.36A   -8.220    0.0252
Co 2                1.72847m   -9.055    0.0037      Fe 2                5586.91A   -9.184    0.0027      V  2                2710.94A   -8.702    0.0083
Co 2                1.90349m   -8.894    0.0053      Fe 2                5580.82A   -7.754    0.0736      V  2                2684.22A   -8.464    0.0144
Co 2                1.02452m   -8.618    0.0101      Fe 2                5551.32A   -7.472    0.1410      V  2                2139.33A   -9.110    0.0032
Co 2                1.09726m   -9.246    0.0024      Fe 2                3227.74A   -9.196    0.0027      Cr 1                4269.56A   -9.013    0.0041
Co 2                1.49674m   -9.483    0.0014      Fe 2                3196.07A   -8.707    0.0082      Cr 1                3589.90A   -8.829    0.0062
Co 2                1.62622m   -9.471    0.0014      Fe 2                2.13278m   -8.313    0.0203      Cr 2                2059.78A   -6.970    0.4473
Co 2                1.73616m   -9.177    0.0028      Fe 2                1.46079m   -9.159    0.0029      Mn 2                1198.85A   -9.328    0.0020
Co 2                1.02803m   -9.216    0.0025      Fe 2                1.39678m   -9.220    0.0025      Co 2                2060.90A   -8.439    0.0152
Co 2                8580.39A   -9.272    0.0022      Fe 2                1.30943m   -9.240    0.0024      Co 2                2018.80A   -8.474    0.0140
Co 2                9342.40A   -7.967    0.0450      Fe 2                1.24364m   -9.425    0.0016      Co 2                1949.74A   -8.551    0.0117
Co 2                9943.48A   -8.315    0.0202      Fe 2                1.09413m   -8.526    0.0125      Co 2                1575.91A   -9.070    0.0036
Co 2                7539.01A   -8.636    0.0097      Fe 2                1.07890m   -8.622    0.0100      Co 2                1470.18A   -9.144    0.0030
Co 2                8121.00A   -8.348    0.0187      Fe 2                1.06830m   -9.380    0.0017      Ni 2                1751.83A   -8.004    0.0414
Co 2                8571.41A   -8.956    0.0046      Fe 2                1.03658m   -9.391    0.0017      Ni 2                1744.24A   -7.812    0.0645
Co 2                6.21176m   -9.597    0.0011      Fe 2                5650.95A   -8.301    0.0209      Ni 2                1484.97A   -9.130    0.0031
Co 2                8027.34A   -8.814    0.0064      Fe 2                5649.67A   -8.275    0.0222      Ni 2                1472.74A   -8.824    0.0063
Co 2                8467.14A   -9.227    0.0025      Fe 2                5643.44A   -9.412    0.0016      Ni 2                1400.37A   -9.131    0.0031
Co 2                8333.76A   -8.995    0.0042      Fe 2                5613.27A   -7.688    0.0858      Ni 2                1375.73A   -8.805    0.0065
Cr 2                8000.08A   -6.804    0.6569      Fe 2                2.24366m   -8.651    0.0093      Ni 2                1324.11A   -8.905    0.0052
Cr 2                8125.30A   -6.877    0.5541      Fe 2                2.00672m   -7.996    0.0421      Zn 1                2138.57A   -9.597    0.0011
Cr 2                8229.67A   -6.972    0.4460      Fe 2                1.10657m   -8.869    0.0056      hyperfine structure............................
Cr 2                8308.49A   -7.159    0.2898      Fe 2                1.09542m   -8.973    0.0044      inner shell....................................
Cr 2                8357.64A   -7.457    0.1460      Fe 2                5725.92A   -8.572    0.0112      molecules......................................
Cu 1                3247.54A   -9.600    0.0010      Fe 2                5718.22A   -8.022    0.0397      bands..........................................
Fe 1                24.0358m   -7.248    0.2361      Fe 2                2.22379m   -7.406    0.1639      Fe 2b               2500.00A   -4.804   65.6553
Fe 1                34.7038m   -7.836    0.0609      Fe 2                2.01513m   -7.726    0.0785      Fe 2b               5000.00A   -4.859   57.7636
Fe 2                25.9813m   -5.169   28.3134      Fe 2                9682.08A   -8.238    0.0242      Fe 2b               7000.00A   -5.802    6.5893
Fe 2                5.33871m   -4.647   94.2786      Fe 2                9513.85A   -9.044    0.0038      Fe 2b               10000.0A   -4.482  137.7089
Fe 2                4.11387m   -7.009    0.4091      Fe 2                8715.81A   -8.870    0.0056      Fe 2b               2355.00A   -5.568   11.2990
Fe 2                1.25668m   -5.918    5.0448      Fe 2                6873.84A   -8.535    0.0122      Fe 2b               2430.00A   -4.811   64.5980
Fe 2                1.19129m   -8.703    0.0083      Fe 2                6700.65A   -9.505    0.0013      Fe 2b               2445.00A   -4.811   64.5979
Fe 2                6309.53A   -9.549    0.0012      Fe 2                6188.55A   -8.715    0.0081      Fe 2b               2495.00A   -5.391   16.9980
Fe 2                4799.30A   -9.446    0.0015      Fe 2                5870.02A   -8.965    0.0045      Fe 2b               2610.00A   -5.061   36.2966
Fe 2                4704.22A   -8.671    0.0089      Fe 2                5673.20A   -8.999    0.0042      Fe 2b               2695.00A   -7.704    0.0826
Fe 2                4632.28A   -6.878    0.5532      Fe 2                4898.61A   -8.735    0.0077      Fe 2b               2758.00A   -6.642    0.9533
Fe 2                4604.48A   -8.661    0.0091      Fe 2                2.25348m   -8.244    0.0238      Fe 2b               2780.00A   -6.600    1.0494
Fe 2                4416.27A   -6.859    0.5774      Fe 2                1.02005m   -9.452    0.0015      Fe 2b               2935.00A   -8.295    0.0212
Fe 2                4382.74A   -7.829    0.0619      Fe 2                1.00139m   -8.895    0.0053      Fe 2b               2960.00A   -8.716    0.0080
Fe 2                4287.39A   -5.897    5.2980      Fe 2                9133.66A   -9.619    0.0010      Fe 2b               3180.00A   -7.223    0.2498
Fe 2                3931.44A   -9.491    0.0013      Fe 2                8885.67A   -9.344    0.0019      Fe 2b               3250.00A   -6.519    1.2641
Fe 2                3874.07A   -9.122    0.0032      Fe 2                7131.14A   -9.509    0.0013      Fe 2b               3590.00A   -6.538    1.2097
Fe 2                3175.38A   -7.708    0.0818      Fe 2                6944.91A   -9.077    0.0035      Fe 2b               3910.00A   -8.588    0.0108
Fe 2                2599.40A   -8.043    0.0378      Fe 2                6473.88A   -9.114    0.0032      Fe 2b               4060.00A   -9.247    0.0024
Fe 2                2585.88A   -9.057    0.0037      Fe 2                6044.10A   -9.545    0.0012      Fe 2b               4255.00A   -5.293   21.3050
Fe 2                2382.04A   -6.338    1.9174      Fe 2                5835.45A   -9.213    0.0026      Fe 2b               4558.00A   -6.023    3.9648
Fe 2                2343.50A   -8.856    0.0058      Fe 2                5060.09A   -9.294    0.0021      Fe 2b               4600.00A   -5.993    4.2454
Fe 2                35.3391m   -5.831    6.1705      Fe 2                4576.40A   -9.547    0.0012      Fe 2b               4743.00A   -6.742    0.7574
Fe 2                6.71944m   -5.786    6.8348      Fe 2                1.34608m   -9.593    0.0011      Fe 2b               4855.00A   -6.163    2.8708
Fe 2                4.88781m   -6.673    0.8880      Fe 2                1.11648m   -9.411    0.0016      Fe 2b               4920.00A   -5.648    9.3894
Fe 2                4.07521m   -7.494    0.1339      Fe 2                5048.19A   -9.261    0.0023      Fe 2b               4975.00A   -6.178    2.7730
Fe 2                1.32055m   -6.415    1.6084      Fe 2                1.71482m   -8.846    0.0060      Fe 2b               4971.00A   -6.221    2.5122
Fe 2                1.24854m   -7.449    0.1487      Fe 2                9949.21A   -9.177    0.0028      Fe 2b               5070.00A   -6.100    3.3205
Fe 2                1.20512m   -9.261    0.0023      Fe 2                7975.22A   -9.360    0.0018      Fe 2b               5143.00A   -5.566   11.3391
Fe 2                7637.52A   -6.718    0.7990      Fe 2                1.47063m   -9.615    0.0010      Fe 2b               5270.00A   -5.282   21.8393
Fe 2                7523.28A   -8.766    0.0072      Fe 2                1.01273m   -9.291    0.0021      Fe 2b               5318.00A   -5.600   10.4998
Fe 2                4889.62A   -6.742    0.7569      Fe 2                6353.11A   -9.411    0.0016      Fe 2b               5540.00A   -6.747    0.7474
Fe 2                4750.27A   -9.474    0.0014      Fe 2                1.80228m   -9.513    0.0013      Fe 2b               5865.00A   -7.347    0.1878
Fe 2                4716.37A   -7.756    0.0733      Fe 2                1.00387m   -9.441    0.0015      Fe 2b               6265.00A   -8.160    0.0289
Fe 2                4687.56A   -7.959    0.0459      Fe 2                9469.41A   -9.325    0.0020      Fe 2b               6565.00A   -7.503    0.1311
Fe 2                4492.64A   -7.729    0.0780      Fe 2                9384.77A   -8.815    0.0064      Fe 2b               6910.00A   -7.442    0.1509
Fe 2                4457.95A   -7.127    0.3117      Fe 2                2.39329m   -8.865    0.0057      Fe 2b               7445.00A   -5.823    6.2733
Fe 2                4432.45A   -7.921    0.0501      Fe 2                4825.73A   -8.304    0.0207      Fe 2b               8625.00A   -5.491   13.4904
Fe 2                4359.33A   -6.028    3.9201      Fe 2                2.50030m   -9.202    0.0026      Fe 2b               1.03250m   -6.549    1.1813
Fe 2                3224.54A   -8.805    0.0066      Fe 2                4867.73A   -9.346    0.0019      Fe 2b               1.88900m   -5.197   26.5297
Fe 2                3214.67A   -8.222    0.0251      Fe 2                2.59860m   -9.585    0.0011      Fe 2b               2.20000m   -7.282    0.2182
Fe 2                2625.67A   -5.184   27.3759      Fe 2                4903.85A   -8.797    0.0067      miscellaneous..................................
Fe 2                2611.87A   -5.911    5.1251      Fe 2                1.04657m   -9.618    0.0010      Blnd                8446.00A   -9.367    0.0018
Fe 2                2598.37A   -7.142    0.3011      Fe 2                3.58120m   -9.210    0.0026      Blnd                1304.00A   -7.757    0.0732
Fe 2                2395.63A   -6.193    2.6818      Fe 2                3.15558m   -9.240    0.0024      Blnd                2798.00A   -4.320  200.0133
Fe 2                2388.63A   -7.240    0.2406      Fe 2                5171.63A   -8.606    0.0104      Blnd                6720.00A   -5.031   38.8851
Fe 2                2383.06A   -9.156    0.0029      Fe 2                5169.03A   -7.842    0.0601      Blnd                4074.00A   -6.356    1.8417
Fe 2                2364.83A   -6.592    1.0684      Fe 2                5018.44A   -9.571    0.0011      Blnd                1.03300m   -6.465    1.4333
Fe 2                2332.80A   -7.668    0.0897      Fe 2                6044.54A   -9.050    0.0037      Blnd                1256.00A   -8.385    0.0172
Fe 2                2279.91A   -9.239    0.0024      Fe 2                5316.61A   -9.537    0.0012      Blnd                5892.00A   -7.903    0.0522
Fe 2                51.2868m   -6.349    1.8717      Fe 3                22.9190m   -9.562    0.0011      Blnd                2665.00A   -5.870    5.6414
Fe 2                5.67236m   -7.484    0.1371      Fe 3                4985.87A   -9.424    0.0016      Blnd                2335.00A   -5.680    8.7219
Fe 2                4.60641m   -7.294    0.2125      K  1                7664.90A   -9.417    0.0016      Blnd                8579.00A   -5.291   21.3564
Fe 2                4.08085m   -8.040    0.0381      Mg 1                2025.82A   -8.574    0.0111      Blnd                7306.00A   -4.643   94.9938
Fe 2                1.37181m   -6.658    0.9181      Mg 1                2852.13A   -6.083    3.4551      Blnd                3933.00A   -6.570    1.1239
Fe 2                1.29427m   -7.234    0.2436      Mg 1                3832.30A   -9.154    0.0029      Blnd                1657.00A   -6.791    0.6759
Fe 2                7806.23A   -8.491    0.0135      Mg 1                3838.29A   -8.737    0.0076      Blnd                9850.00A   -4.246  236.9512
Fe 2                7686.93A   -6.796    0.6683      Mg 1                4562.60A   -5.888    5.4020      Blnd                2326.00A   -7.580    0.1100
Fe 2                7552.40A   -9.275    0.0022      Mg 1                4571.10A   -6.327    1.9685      Blnd                1335.00A   -8.717    0.0080
Fe 2                4958.23A   -8.593    0.0107      Mg 1                4575.29A   -7.255    0.2324      Blnd                3467.00A   -7.171    0.2817
Fe 2                4750.57A   -8.590    0.0107      Mg 1                5167.32A   -8.413    0.0161      Blnd                5199.00A   -4.925   49.6135
Fe 2                4728.07A   -7.390    0.1700      Mg 1                5172.68A   -7.939    0.0481      Blnd                1.04030m   -6.415    1.6077
Fe 2                4514.90A   -7.753    0.0738      Mg 1                5183.60A   -7.719    0.0798      Blnd                2141.00A   -9.431    0.0015
Fe 2                4488.75A   -7.472    0.1409      Mg 1                8806.76A   -7.998    0.0420      Blnd                6300.00A   -4.640   95.7934
Fe 2                4470.30A   -8.675    0.0088      Mg 1                1.18282m   -8.170    0.0282      Blnd                2471.00A   -9.317    0.0020
Fe 2                4413.78A   -6.179    2.7676      Mg 1                1.50250m   -8.979    0.0044      Blnd                7323.00A   -9.485    0.0014
Fe 2                3254.24A   -8.282    0.0218      Mg 1                1.50402m   -9.424    0.0016      Blnd                7332.00A   -9.566    0.0011
Fe 2                3244.18A   -8.577    0.0111      Mg 1                1.71087m   -8.698    0.0084      Blnd                3727.00A   -7.405    0.1644
Fe 2                2631.32A   -6.158    2.9015      Mn 2                2576.10A   -7.155    0.2925      Blnd                7325.00A   -9.222    0.0025
Fe 2                2617.62A   -7.603    0.1041      Mn 2                2593.72A   -7.249    0.2357



 IC443 NE diffuse shock -- v shock=35 km/s, T obs=10000K (deceleration grid)  
 Cooling:  H  1c                     0 :0.127 C  1c                     0 :0.063 Fe 2c                     0 :0.066 O  1c                     0 :0.400 Si 2c                     0 :0.228  
 Heating:  TotM                      0 :0.212 CT H                      0 :0.580 H- H                      0 :0.204  

 These are some of the most important databases used by Cloudy:
 Many recombination coefficients were taken from http://amdpp.phys.strath.ac.uk/tamoc/RR/ and http://amdpp.phys.strath.ac.uk/tamoc/DR/
      and are based on the following papers:
        Badnell N. R., et al., A&A 406, 1151 (2003) [http://adsabs.harvard.edu/abs/2003A%26A...406.1151B]
        Badnell N. R., ApJS 167, 334 (2006) [http://adsabs.harvard.edu/abs/2006ApJS..167..334B]
 Much of the molecular emission data is from LAMDA as accessed on June 30, 2015. This database is described in:
        Schoeier F.L., et al., A&A 432, 369 (2005) [http://adsabs.harvard.edu/abs/2005A%26A...432..369S]
      This database is in part based on the work of the following groups:
        JPL: Pickett H. M. et al., JQSRT, 60, 883 (1998). [http://adsabs.harvard.edu/abs/1998JQSRT..60..883P]
        CDMS: Mueller H. S. et al., A&A 370, L49 (2001). [http://adsabs.harvard.edu/abs/2001A%26A...370L..49M]
              Mueller H. S. et al., J. Mol. Struct. 742, 215 (2005). [http://adsabs.harvard.edu/abs/2005JMoSt.742..215M]
 Some of the ionic emission data is from version 10.0.1 of CHIANTI. CHIANTI is a collaborative project involving the NRL (USA), the
      Universities of Florence (Italy) and Cambridge (UK), and George Mason University (USA). These papers describe Chianti:
        Dere K. P., et al., A&AS, 125, 149 (1997) [http://adsabs.harvard.edu/abs/1997A%26AS..125..149D]
        Landi E., et al., ApJ, 744, 99 (2012) [http://adsabs.harvard.edu/abs/2012ApJ...744...99L]
 Much of the H_2 data is from this web site: http://molat.obspm.fr/index.php?page=pages/Molecules/H2/H2can94.php. These data are
      described in:
        Abgrall H. et al., Can. J. Phys., 72, 856 (1994) [http://adsabs.harvard.edu/abs/1994CaJPh..72..856A]
        Wrathmall S. A. & Flower D. R., J. Phys. B, 40, 3221 (2007) [http://adsabs.harvard.edu/abs/2007JPhB...40.3221W]
 The Case A and Case B recombination predictions for one-electron systems are from
	Storey, P.J. & Hummer, D.G., 1995, MNRAS 272, 41 http://adsabs.harvard.edu/abs/1995MNRAS.272...41S
 The He I recombination predictions are from
	Porter, R. L.; Ferland, G. J.; Storey, P. J.; Detisch, M. J., 2012, MNRAS, 425, 28p http://adsabs.harvard.edu/abs/2012MNRAS.425L..28P
		http://adsabs.harvard.edu/abs/2013MNRAS.433L..89P

 If you find some process or data set to be particularly critical to a result, please follow the trail of references back to the
 original source and cite that.  This will support and encourage atomic, molecular, and chemical physicists to continue their
 valuable work.

 IONIZE PARMET:  U(1-)-37.0000  U(4-):-37.0000  U(sp):-37.00  Q(ion):   -3.960  L(ion)-14.462    Q(low): 10.259    L(low) -3.162
 ENERGY BUDGET:  Heat:  -7.422  Coolg:  -2.817  Error:4026088.4%  Rec Lin:  -4.152  F-F  H  0.000    P(rad/tot)max     1.70E-04    R(F Con):1.737e+05

     Col(Heff):      2.525E+20  snd travl time  2.29E+12 sec  Te-low: 1.00E+04  Te-hi: 1.00E+04  G0TH85: 0.00E+00  G0DB96:0.00E+00
  Emiss Measure    n(e)n(p) dl       2.343E+16  n(e)n(He+)dl         1.916E+08  En(e)n(He++) dl         0.000E+00  ne nC+:3.16E+13
 He/Ha:2.67E-08  =   0.00*true  Lthin:9.20E+06  itr/zn: 1.41  H2 itr/zn:  0.00  File Opacity: F  MassTot 7.15e-04  (gm/cm^2)
   Temps(21 cm)   T(21cm/Ly a)  6.74E+03        T(<nH/Tkin>)  1.00E+04          T(<nH/Tspin>)    7.22E+03          TB21cm:7.32E+00
                   N(H0/Tspin)  4.18E+16        N(OH/Tkin)    4.95E+07          B(21cm)          0.00E+00
   <a>:1.56E-12  erdeFe0.0E+00  Tcompt0.00E+00  Tthr4.64E+11  <Tden>: 1.00E+04  <dens>:3.89E-22  <MolWgt>1.29E+00
     Mean Jeans  l(cm)2.79E+20  M(sun)2.22E+06  smallest:     len(cm):2.79E+20  M(sun):2.22E+06  a_ox tran:  0.00
 Rion:1.000E+30  Dist:0.00E+00  Diam:0.000E+00
 Hatom level 70  HatomType: add  HInducImp  F  He tot level: 63  He2 level:   70  ExecTime    37.7
 ConvrgError(%)  <eden>  0.151  MaxEden  0.851  <H-C> 100.00  Max(H-C)  100.00  <Press>   0.000  MaxPrs er  0.000
  Continuity(%)  chng Te   0.0  elec den   1.0  n(H2)    0.0  n(CO)        5.7

                                                        Averaged Quantities
             Te      Te(Ne)   Te(NeNp)  Te(NeHe+)Te(NeHe2+) Te(NeO+)  Te(NeO2+)  Te(H2)     N(H)     Ne(O2+)   Ne(Np)
 Radius:  1.00e+04  1.00e+04  1.00e+04  1.00e+04  0.00e+00  1.00e+04  1.00e+04  1.00e+04  1.64e+02  1.23e-01  1.22e-01
 
 Peimbert T(OIIIr)0.00E+00 T(Bac)0.00E+00 T(Hth)6.99E+03 t2(Hstrc) 3.31e-32 T(O3-BAC)5.57E+03 t2(O3-BC)-1.50e-01 t2(O3str) 2.98e-31

 Contin Optical Depths: COMP: 1.49e-07    H-: 6.06e-05 R(1300): 2.03e-03  H2+: 5.65e-07  Bra:1.49E-07
                          Pa: 1.51e-07    Ba: 5.57e-05      Hb: 4.32e-05   La: 4.99e+00     1r:1.917E+03  1.8:5.98E+02 4.:9.037E+01

 Old, new H  1 continuum optical depths:
     1 1.00e+08     2 0.00e+00     3 0.00e+00     4 0.00e+00     5 0.00e+00     6 0.00e+00     7 0.00e+00     8 0.00e+00
     9 0.00e+00    10 0.00e+00    11 0.00e+00    12 0.00e+00    13 0.00e+00    14 0.00e+00    15 0.00e+00    16 0.00e+00
    17 0.00e+00    18 0.00e+00    19 0.00e+00    20 0.00e+00    21 0.00e+00    22 0.00e+00    23 0.00e+00    24 0.00e+00
    25 0.00e+00    26 0.00e+00    27 0.00e+00    28 0.00e+00    29 0.00e+00    30 0.00e+00    31 0.00e+00    32 0.00e+00
    33 0.00e+00    34 0.00e+00    35 0.00e+00    36 0.00e+00    37 0.00e+00    38 0.00e+00    39 0.00e+00    40 0.00e+00
    41 0.00e+00    42 0.00e+00    43 0.00e+00    44 0.00e+00    45 0.00e+00    46 0.00e+00    47 0.00e+00    48 0.00e+00
    49 0.00e+00    50 0.00e+00    51 0.00e+00    52 0.00e+00    53 0.00e+00    54 0.00e+00
     1 1.92e+03     2 3.11e-05     3 6.11e-05     4 6.11e-05     5 6.11e-05     6 1.58e-05     7 1.58e-05     8 1.58e-05
     9 1.58e-05    10 1.22e-18    11 1.22e-18    12 1.22e-18    13 1.22e-18    14 1.22e-18    15 1.75e-18    16 1.75e-18
    17 1.75e-18    18 1.75e-18    19 1.75e-18    20 1.75e-18    21 3.05e-18    22 3.05e-18    23 3.05e-18    24 3.05e-18
    25 3.05e-18    26 3.05e-18    27 3.05e-18    28 4.91e-18    29 4.91e-18    30 4.91e-18    31 4.91e-18    32 4.91e-18
    33 4.91e-18    34 4.91e-18    35 4.91e-18    36 7.50e-18    37 7.50e-18    38 7.50e-18    39 7.50e-18    40 7.50e-18
    41 7.50e-18    42 7.50e-18    43 7.50e-18    44 7.50e-18    45 1.09e-17    46 1.09e-17    47 1.09e-17    48 1.09e-17
    49 1.09e-17    50 1.09e-17    51 1.09e-17    52 1.09e-17    53 1.09e-17    54 1.09e-17

 Old, new H  1 mean line optical depths:
  2- 1 3.69e+07  3- 2 0.00e+00  4- 3 0.00e+00  5- 4 0.00e+00  6- 5 0.00e+00  7- 6 0.00e+00  8- 7 0.00e+00
  9- 8 0.00e+00 10- 9 0.00e+00 11-10 0.00e+00 12-11 0.00e+00 13-12 0.00e+00 14-13 0.00e+00 15-14 0.00e+00 16-15 0.00e+00
 17-16 0.00e+00 18-17 0.00e+00 19-18 0.00e+00 20-19 0.00e+00 21-20 0.00e+00 22-21 0.00e+00 23-22 0.00e+00 24-23 0.00e+00
 25-24 0.00e+00
  2- 1 3.16e+07  3- 2 3.84e-07  4- 3 5.97e-14  5- 4 3.17e-14  6- 5 7.60e-14  7- 6-2.07e-15  8- 7 2.77e-15
  9- 8 2.40e-14 10- 9 8.12e-14 11-10 3.46e-13 12-11 4.69e-15 13-12 1.36e-15 14-13-6.73e-15 15-14-2.32e-14 16-15-5.40e-14
 17-16-1.08e-13 18-17-2.00e-13 19-18-3.52e-13 20-19-5.99e-13 21-20-1.00e-12 22-21-1.71e-12 23-22-3.13e-12 24-23-7.47e-12
 25-24-2.22e-10

 Old, new He 2 continuum optical depths:
     1 3.43e+06     2 9.96e+07     3 0.00e+00     4 0.00e+00     5 0.00e+00     6 0.00e+00     7 0.00e+00     8 0.00e+00
     9 0.00e+00    10 0.00e+00    11 0.00e+00    12 0.00e+00    13 0.00e+00    14 0.00e+00    15 0.00e+00    16 0.00e+00
    17 0.00e+00    18 0.00e+00    19 0.00e+00    20 0.00e+00    21 0.00e+00    22 0.00e+00    23 0.00e+00    24 0.00e+00
    25 0.00e+00    26 0.00e+00    27 0.00e+00    28 0.00e+00    29 0.00e+00    30 0.00e+00    31 0.00e+00    32 0.00e+00
    33 0.00e+00    34 0.00e+00    35 0.00e+00    36 0.00e+00    37 0.00e+00    38 0.00e+00    39 0.00e+00    40 0.00e+00
    41 0.00e+00    42 0.00e+00    43 0.00e+00    44 0.00e+00    45 0.00e+00    46 0.00e+00    47 0.00e+00    48 0.00e+00
    49 0.00e+00    50 0.00e+00    51 0.00e+00    52 0.00e+00    53 0.00e+00    54 0.00e+00
     1 9.04e+01     2 1.91e+03     3 4.41e-05     4 4.41e-05     5 4.41e-05     6 3.11e-05     7 3.11e-05     8 3.11e-05
     9 3.11e-05    10 4.95e-05    11 4.95e-05    12 4.95e-05    13 4.95e-05    14 4.95e-05    15 6.11e-05    16 6.11e-05
    17 6.11e-05    18 6.11e-05    19 6.11e-05    20 6.11e-05    21 5.14e-05    22 5.14e-05    23 5.14e-05    24 5.14e-05
    25 5.14e-05    26 5.14e-05    27 5.14e-05    28 1.58e-05    29 1.58e-05    30 1.58e-05    31 1.58e-05    32 1.58e-05
    33 1.58e-05    34 1.58e-05    35 1.58e-05    36 7.93e-19    37 7.93e-19    38 7.93e-19    39 7.93e-19    40 7.93e-19
    41 7.93e-19    42 7.93e-19    43 7.93e-19    44 7.93e-19    45 1.22e-18    46 1.22e-18    47 1.22e-18    48 1.22e-18
    49 1.22e-18    50 1.22e-18    51 1.22e-18    52 1.22e-18    53 1.22e-18    54 1.22e-18

 Old, new He 2 mean line optical depths:
  2- 1 3.69e+06  3- 2 0.00e+00  4- 3 0.00e+00  5- 4 0.00e+00  6- 5 0.00e+00  7- 6 0.00e+00  8- 7 0.00e+00
  9- 8 0.00e+00 10- 9 0.00e+00 11-10 0.00e+00 12-11 0.00e+00 13-12 0.00e+00 14-13 0.00e+00 15-14 0.00e+00 16-15 0.00e+00
 17-16 0.00e+00 18-17 0.00e+00 19-18 0.00e+00 20-19 0.00e+00 21-20 0.00e+00 22-21 0.00e+00 23-22 0.00e+00 24-23 0.00e+00
 25-24 0.00e+00
  2- 1 0.00e+00  3- 2 0.00e+00  4- 3 0.00e+00  5- 4 0.00e+00  6- 5 0.00e+00  7- 6 0.00e+00  8- 7 0.00e+00
  9- 8 0.00e+00 10- 9 0.00e+00 11-10 0.00e+00 12-11 0.00e+00 13-12 0.00e+00 14-13 0.00e+00 15-14 0.00e+00 16-15 0.00e+00
 17-16 0.00e+00 18-17 0.00e+00 19-18 0.00e+00 20-19 0.00e+00 21-20 0.00e+00 22-21 0.00e+00 23-22 0.00e+00 24-23 0.00e+00
 25-24 0.00e+00

 Old He Is optical depths:    1 2.36e+07    2 0.00e+00    3 0.00e+00    4 0.00e+00    5 0.00e+00
 New He Is optical depths:    1 5.98e+02    2 2.04e-05    3 2.58e-05    4 2.89e-05    5 2.89e-05
          Old He Is Lines:  584 0.00e+00 3889 0.00e+00 5016 0.00e+00 5876 0.00e+00
          New He Is Lines:  584 2.00e+06 3889 2.23e-09 5016 3.80e-15 5876 0.00e+00
IC443 NE diffuse shock -- v shock=35 km/s, T obs=10000K (deceleration grid)  


          Start Iteration Number 2   IC443 NE diffuse shock -- v shock=35 km/s, T obs=10000K (deceleration grid)


 ####  1  Te:1.000E+04 Hden:1.644E+02 Ne:9.061E-02 R:1.000E+30 R-R0:7.191E+11 dR:1.438E+12 NTR:  1 Htot:1.206E-26 T912: 1.50e-03###
 Hydrogen      1.00e+00 4.62e-04 H+o/Hden 1.00e+00 3.54e-09 H-    H2 4.93e-06 1.75e-10 H2+ HeH+ 2.67e-11 Ho+ ColD 2.36e+14 1.09e+11
 Helium        1.00e+00 2.14e-12 0.00e+00 HeI 2s3S 5.62e-16 Comp H,C 0.00e+00 0.00e+00 Fill Fac 1.00e+00 Gam1/tot 9.38e-08
 He singlet n  1.00e+00 2.86e-22 3.41e-30 1.31e-29 3.66e-31 1.65e-30 He tripl 5.62e-16 3.36e-28 2.17e-29 2.09e-29 9.32e-31
 Pressure      NgasTgas 1.81e+06 P(total) 2.50e-10 P( gas ) 2.50e-10 P(Radtn) 0.00e+00 Rad accl 0.00e+00 ForceMul 0.00e+00
 Texc(La)      2.27e+03 T(I con) 0.00e+00 T(D con) 4.00e-02 T(U tot) 4.00e-02 nT (c+d) 9.66e+03 Prad/Gas 0.00e+00 Pmag/Gas 0.00e+00
 Molecules     CH/Ctot: 2.58e-06 CH+/Ctot 2.37e-08 CO/Ctot: 5.75e-01 CO+/Ctot 2.73e-08 H2O/Otot 7.33e-12 OH/Ototl 1.99e-06
 Lithium       6.48e-03 9.94e-01 0.00e+00 0.00e+00 Berylliu 9.51e-01 4.91e-02 1.59e-08 0.00e+00 0.00e+00 sec ion: 0.00e+00
 Boron         4.76e-01 5.24e-01 2.85e-14 0.00e+00 0.00e+00 0.00e+00
 Carbon        4.19e-01 5.57e-03 1.54e-14 0.00e+00 0.00e+00 0.00e+00 0.00e+00 H2O+/O   6.74e-10 OH+/Otot 4.68e-06 Hex(tot) 0.00e+00
 Nitrogen      9.64e-01 5.08e-04 7.39e-20 0.00e+00 0.00e+00 0.00e+00 0.00e+00 0.00e+00 O2/Ototl 8.81e-11 O2+/Otot 1.25e-07
 Oxygen        7.12e-01 2.66e-04 2.82e-24 0.00e+00 0.00e+00 0.00e+00 0.00e+00 0.00e+00 0.00e+00
 Fluorine      7.82e-01 5.26e-06 1.67e-21 0.00e+00 0.00e+00 0.00e+00 0.00e+00 0.00e+00 0.00e+00 0.00e+00
 Neon          1.00e+00 4.19e-07 0.00e+00 0.00e+00 0.00e+00 0.00e+00 0.00e+00 0.00e+00 0.00e+00 0.00e+00 0.00e+00
 Sodium        1.38e-03 9.99e-01 5.03e-22 0.00e+00 0.00e+00 0.00e+00 0.00e+00 0.00e+00 0.00e+00 0.00e+00 0.00e+00 0.00e+00
 Magnesium     6.07e-02 9.39e-01 7.22e-05 0.00e+00 0.00e+00 0.00e+00 0.00e+00 0.00e+00 0.00e+00 0.00e+00 0.00e+00 0.00e+00 0.00e+00
 Aluminium  0  9.03e-04 9.99e-01 1.78e-07 0.00e+00 0.00e+00 0.00e+00 0.00e+00 0.00e+00 0.00e+00 0.00e+00 0.00e+00 0.00e+00 0.00e+00
 Silicon    0  1.10e-01 3.93e-01 2.93e-06 0.00e+00 0.00e+00 0.00e+00 0.00e+00 0.00e+00 0.00e+00 0.00e+00 0.00e+00 0.00e+00 0.00e+00
 Phosphorus 0  1.18e-03 9.99e-01 8.12e-10 0.00e+00 0.00e+00 0.00e+00 0.00e+00 0.00e+00 0.00e+00 0.00e+00 0.00e+00 0.00e+00 0.00e+00
 Sulphur    0  5.47e-02 8.42e-03 1.09e-12 0.00e+00 0.00e+00 0.00e+00 0.00e+00 0.00e+00 0.00e+00 0.00e+00 0.00e+00 0.00e+00 0.00e+00
 Chlorine   0  1.25e-02 9.87e-01 1.37e-09 0.00e+00 0.00e+00 0.00e+00 0.00e+00 0.00e+00 0.00e+00 0.00e+00 0.00e+00 0.00e+00 0.00e+00
 Argon      0  1.00e+00 2.62e-05 4.79e-17 0.00e+00 0.00e+00 0.00e+00 0.00e+00 0.00e+00 0.00e+00 0.00e+00 0.00e+00 0.00e+00 0.00e+00
 Potassium  0  3.31e-04 1.00e+00 1.19e-13 0.00e+00 0.00e+00 0.00e+00 0.00e+00 0.00e+00 0.00e+00 0.00e+00 0.00e+00 0.00e+00 0.00e+00
 Calcium    0  7.79e-03 9.83e-01 9.31e-03 0.00e+00 0.00e+00 0.00e+00 0.00e+00 0.00e+00 0.00e+00 0.00e+00 0.00e+00 0.00e+00 0.00e+00
 Scandium   0  4.01e-03 9.90e-01 6.41e-03 0.00e+00 0.00e+00 0.00e+00 0.00e+00 0.00e+00 0.00e+00 0.00e+00 0.00e+00 0.00e+00 0.00e+00
 Titanium   0  2.87e-04 9.99e-01 5.38e-04 0.00e+00 0.00e+00 0.00e+00 0.00e+00 0.00e+00 0.00e+00 0.00e+00 0.00e+00 0.00e+00 0.00e+00
 Vanadium   0  1.04e-02 9.90e-01 3.99e-05 0.00e+00 0.00e+00 0.00e+00 0.00e+00 0.00e+00 0.00e+00 0.00e+00 0.00e+00 0.00e+00 0.00e+00
 Chromium   0  1.69e-02 9.83e-01 1.33e-04 0.00e+00 0.00e+00 0.00e+00 0.00e+00 0.00e+00 0.00e+00 0.00e+00 0.00e+00 0.00e+00 0.00e+00
 Manganese  0  3.02e-04 1.00e+00 7.43e-05 0.00e+00 0.00e+00 0.00e+00 0.00e+00 0.00e+00 0.00e+00 0.00e+00 0.00e+00 0.00e+00 0.00e+00
 Iron       0  2.95e-04 1.00e+00 3.82e-05 0.00e+00 0.00e+00 0.00e+00 0.00e+00 0.00e+00 0.00e+00 0.00e+00 0.00e+00 0.00e+00 0.00e+00
 Cobalt     0  9.23e-02 9.08e-01 3.06e-07 0.00e+00 0.00e+00 0.00e+00 0.00e+00 0.00e+00 0.00e+00 0.00e+00 0.00e+00 0.00e+00 0.00e+00
 Nickel     0  3.94e-04 1.00e+00 1.23e-12 0.00e+00 0.00e+00 0.00e+00 0.00e+00 0.00e+00 0.00e+00 0.00e+00 0.00e+00 0.00e+00 0.00e+00
 Copper     0  1.96e-01 8.04e-01 1.79e-11 0.00e+00 0.00e+00 0.00e+00 0.00e+00 0.00e+00 0.00e+00 0.00e+00 0.00e+00 0.00e+00 0.00e+00
 Zinc       0  5.76e-01 4.24e-01 9.57e-08 0.00e+00 0.00e+00 0.00e+00 0.00e+00 0.00e+00 0.00e+00 0.00e+00 0.00e+00 0.00e+00 0.00e+00
 ####247  Te:1.000E+04 Hden:1.644E+02 Ne:1.297E-01 R:1.000E+30 R-R0:1.834E+18 dR:5.450E+15 NTR:  2 Htot:2.112E-26 T912: 1.92e+03###
 Hydrogen      9.99e-01 6.78e-04 H+o/Hden 1.00e+00 5.57e-09 H-    H2 6.23e-06 2.94e-10 H2+ HeH+ 4.48e-11 Ho+ ColD 3.02e+20 1.90e+17
 Helium        1.00e+00 5.93e-11 0.00e+00 HeI 2s3S 7.47e-16 Comp H,C 1.25e-34 4.00e-34 Fill Fac 1.00e+00 Gam1/tot 2.59e-05
 He singlet n  1.00e+00 4.24e-22 1.06e-27 1.78e-29 1.02e-29 2.22e-30 He tripl 7.47e-16 4.47e-28 2.88e-29 2.78e-29 1.26e-30
 Pressure      NgasTgas 1.81e+06 P(total) 2.50e-10 P( gas ) 2.50e-10 P(Radtn) 1.58e-16 Rad accl 4.50e-12 ForceMul 8.87e+05
 Texc(La)      2.93e+03 T(I con) 0.00e+00 T(D con) 1.32e+00 T(U tot) 1.32e+00 nT (c+d) 3.19e+05 Prad/Gas 6.32e-07 Pmag/Gas 0.00e+00
 Molecules     CH/Ctot: 7.73e-06 CH+/Ctot 4.85e-08 CO/Ctot: 1.69e-04 CO+/Ctot 4.21e-11 H2O/Otot 1.52e-11 OH/Ototl 3.51e-06
 Lithium       2.45e-03 9.98e-01 0.00e+00 0.00e+00 Berylliu 1.67e-01 8.33e-01 3.47e-07 0.00e+00 0.00e+00 sec ion: 0.00e+00
 Boron         1.36e-03 9.99e-01 7.21e-14 0.00e+00 0.00e+00 0.00e+00
 Carbon        9.96e-01 3.48e-03 1.36e-14 0.00e+00 0.00e+00 0.00e+00 0.00e+00 H2O+/O   6.54e-10 OH+/Otot 5.13e-06 Hex(tot) 0.00e+00
 Nitrogen      9.95e-01 8.45e-04 3.35e-18 0.00e+00 0.00e+00 0.00e+00 0.00e+00 0.00e+00 O2/Ototl 1.42e-10 O2+/Otot 1.34e-07
 Oxygen        9.99e-01 5.46e-04 7.71e-24 0.00e+00 0.00e+00 0.00e+00 0.00e+00 0.00e+00 0.00e+00
 Fluorine      9.52e-01 6.58e-06 2.56e-21 0.00e+00 0.00e+00 0.00e+00 0.00e+00 0.00e+00 0.00e+00 0.00e+00
 Neon          1.00e+00 3.70e-07 0.00e+00 0.00e+00 0.00e+00 0.00e+00 0.00e+00 0.00e+00 0.00e+00 0.00e+00 0.00e+00
 Sodium        1.54e-03 9.98e-01 6.48e-22 0.00e+00 0.00e+00 0.00e+00 0.00e+00 0.00e+00 0.00e+00 0.00e+00 0.00e+00 0.00e+00
 Magnesium     4.66e-02 9.53e-01 1.07e-04 0.00e+00 0.00e+00 0.00e+00 0.00e+00 0.00e+00 0.00e+00 0.00e+00 0.00e+00 0.00e+00 0.00e+00
 Aluminium  0  5.53e-04 9.99e-01 2.09e-07 0.00e+00 0.00e+00 0.00e+00 0.00e+00 0.00e+00 0.00e+00 0.00e+00 0.00e+00 0.00e+00 0.00e+00
 Silicon    0  9.16e-04 9.99e-01 1.09e-05 0.00e+00 0.00e+00 0.00e+00 0.00e+00 0.00e+00 0.00e+00 0.00e+00 0.00e+00 0.00e+00 0.00e+00
 Phosphorus 0  1.18e-03 9.99e-01 1.08e-09 0.00e+00 0.00e+00 0.00e+00 0.00e+00 0.00e+00 0.00e+00 0.00e+00 0.00e+00 0.00e+00 0.00e+00
 Sulphur    0  7.93e-01 2.07e-01 4.01e-10 0.00e+00 0.00e+00 0.00e+00 0.00e+00 0.00e+00 0.00e+00 0.00e+00 0.00e+00 0.00e+00 0.00e+00
 Chlorine   0  1.10e-02 9.89e-01 1.66e-09 0.00e+00 0.00e+00 0.00e+00 0.00e+00 0.00e+00 0.00e+00 0.00e+00 0.00e+00 0.00e+00 0.00e+00
 Argon      0  1.00e+00 4.38e-05 2.20e-15 0.00e+00 0.00e+00 0.00e+00 0.00e+00 0.00e+00 0.00e+00 0.00e+00 0.00e+00 0.00e+00 0.00e+00
 Potassium  0  3.65e-04 1.00e+00 1.49e-13 0.00e+00 0.00e+00 0.00e+00 0.00e+00 0.00e+00 0.00e+00 0.00e+00 0.00e+00 0.00e+00 0.00e+00
 Calcium    0  2.60e-03 9.89e-01 8.76e-03 0.00e+00 0.00e+00 0.00e+00 0.00e+00 0.00e+00 0.00e+00 0.00e+00 0.00e+00 0.00e+00 0.00e+00
 Scandium   0  1.74e-03 9.92e-01 6.02e-03 0.00e+00 0.00e+00 0.00e+00 0.00e+00 0.00e+00 0.00e+00 0.00e+00 0.00e+00 0.00e+00 0.00e+00
 Titanium   0  2.82e-04 9.99e-01 5.01e-04 0.00e+00 0.00e+00 0.00e+00 0.00e+00 0.00e+00 0.00e+00 0.00e+00 0.00e+00 0.00e+00 0.00e+00
 Vanadium   0  1.03e-02 9.90e-01 4.83e-05 0.00e+00 0.00e+00 0.00e+00 0.00e+00 0.00e+00 0.00e+00 0.00e+00 0.00e+00 0.00e+00 0.00e+00
 Chromium   0  2.11e-03 9.98e-01 1.98e-04 0.00e+00 0.00e+00 0.00e+00 0.00e+00 0.00e+00 0.00e+00 0.00e+00 0.00e+00 0.00e+00 0.00e+00
 Manganese  0  3.01e-04 1.00e+00 1.09e-04 0.00e+00 0.00e+00 0.00e+00 0.00e+00 0.00e+00 0.00e+00 0.00e+00 0.00e+00 0.00e+00 0.00e+00
 Iron       0  2.83e-04 1.00e+00 5.60e-05 0.00e+00 0.00e+00 0.00e+00 0.00e+00 0.00e+00 0.00e+00 0.00e+00 0.00e+00 0.00e+00 0.00e+00
 Cobalt     0  1.78e-02 9.82e-01 4.86e-07 0.00e+00 0.00e+00 0.00e+00 0.00e+00 0.00e+00 0.00e+00 0.00e+00 0.00e+00 0.00e+00 0.00e+00
 Nickel     0  3.83e-04 1.00e+00 1.64e-12 0.00e+00 0.00e+00 0.00e+00 0.00e+00 0.00e+00 0.00e+00 0.00e+00 0.00e+00 0.00e+00 0.00e+00
 Copper     0  4.07e-02 9.59e-01 2.87e-11 0.00e+00 0.00e+00 0.00e+00 0.00e+00 0.00e+00 0.00e+00 0.00e+00 0.00e+00 0.00e+00 0.00e+00
 Zinc       0  4.61e-02 9.54e-01 2.74e-07 0.00e+00 0.00e+00 0.00e+00 0.00e+00 0.00e+00 0.00e+00 0.00e+00 0.00e+00 0.00e+00 0.00e+00
   IC443 NE diffuse shock -- v shock=35 km/s, T obs=10000K (deceleration grid)  
   Calculation stopped because H column dens reached. Iteration 2 of 2
   The geometry is plane-parallel.
  !Ionization rate fell below background cosmic ray ionization rate.  Should this be added too?
  !   Use the COSMIC RAY BACKGROUND command.
  !Compton cooling rate underflows to zero.  Is this important?
  !Some input lines contained underscores, these were changed to spaces.
  !There is no hydrogen-ionizing radiation.  Was this intended?
  !Thermal collisional ionization of H reached 82.28% of the local ionization rate.
  !Charge transfer H => H+ reached 85196.4% of the local H ionization rate.
  !Charge transfer heating reached 101.90% of the local heating.
  !Continuum zero at some energies.
  !AGE: Cloud age was not set.  Longest timescale was 4.58e+13 s = 1.45e+06 years.
  !Heating - cooling mismatch =200.0%. Caused by constant temperature assumption. 
  !Mutual neutralization production of H-alpha was significant.
  !Incident radiation field energy density is less than 2.7K.  Add background with CMB command.
  !The CMB was not included.  This is added with the CMB command.
  !The intensity of the incident radiation field is less than 10 times the Habing diffuse ISM field.  Is this OK?
  !   Consider adding diffuse ISM emission with TABLE ISM command.
  !An ionization jump occurred elem S  1, by 193% from 5.47e-02 (zone 1) to 3.34e-01 (zone 2) to 6.47e-01 (zone 3)
   The density is too low to l-mix the lowest H  I collapsed level.  More resolved levels are needed for accurate line ratios.
   The density is too low to l-mix the lowest He I collapsed level.  More resolved levels are needed for accurate line ratios.
   Grains were not present but might survive in this environment (energy density temperature was 0.00e+00K)
   The local H2 cooling rate reached 3.9% of the local cooling.
   H- absorption heating was 17.9% of the total.
   The fraction of N in NH reached 0.107% at some point in the cloud.
   The fraction of N in N2 reached 0.251% at some point in the cloud.
   The fraction of F in HF reached 4.78% at some point in the cloud.

                       *********************************> Cloudy 23.01 <**********************************
                       * title IC443 NE diffuse shock -- v shock=35 km/s, T obs=10000K (deceleration grid)*
                       * hden 2.2159                                                                     *
                       * constant temperature, t=10000 K linear                                          *
                       * stop column density 20.48                                                       *
                       * iterate                                                                         *
                       * save results last "v35.rlt"                                                     *
                       *********************************> Log(U):-37.00 <*********************************

                     Emission Line Spectrum.   Constant  Density Model.    Open geometry.  Iteration 2 of 2.
                                                     Intensity (erg/s/cm^2).


                                                   Intrinsic line intensities
general properties.............................      Cl 1                11.3303m   -7.902    0.0526      Fe 2                4576.40A   -9.549    0.0012
TotH                      0    -7.438    0.1533      Co 2                9335.96A   -8.765    0.0072      Fe 2                1.34608m   -9.596    0.0011
TotC                      0    -2.818 6381.0420      Co 2                9639.13A   -9.203    0.0026      Fe 2                1.11648m   -9.413    0.0016
TotM                      0    -8.102    0.0332      Co 2                10.5199m   -7.599    0.1057      Fe 2                5048.19A   -9.263    0.0023
CT H                      0    -7.659    0.0922      Co 2                15.4548m   -8.485    0.0138      Fe 2                1.71482m   -8.848    0.0060
H  1c                     0    -3.717  806.0362      Co 2                2.98382m   -7.085    0.3452      Fe 2                9949.21A   -9.179    0.0028
NOc                       0    -9.022    0.0040      Co 2                14.7345m   -8.129    0.0312      Fe 2                7975.22A   -9.362    0.0018
CNc                       0    -7.886    0.0546      Co 2                18.7989m   -8.649    0.0094      Fe 2                1.47063m   -9.618    0.0010
OHc                       0    -8.829    0.0062      Co 2                25.6819m   -9.337    0.0019      Fe 2                1.01273m   -9.293    0.0021
HFc                       0    -8.637    0.0097      Co 2                1.01879m   -7.816    0.0642      Fe 2                6353.11A   -9.414    0.0016
COc                       0    -5.289   21.6108      Co 2                1.12804m   -8.786    0.0069      Fe 2                1.80228m   -9.515    0.0013
^13COc                    0    -6.809    0.6526      Co 2                1.54700m   -8.061    0.0365      Fe 2                1.00387m   -9.443    0.0015
SiOc                      0    -9.244    0.0024      Co 2                1.72847m   -9.057    0.0037      Fe 2                9469.41A   -9.327    0.0020
SiSc                      0    -9.264    0.0023      Co 2                1.90349m   -8.897    0.0053      Fe 2                9384.77A   -8.817    0.0064
OH+c                      0    -8.751    0.0075      Co 2                1.02452m   -8.621    0.0101      Fe 2                2.39329m   -8.867    0.0057
CHc                       0    -8.984    0.0044      Co 2                1.09726m   -9.249    0.0024      Fe 2                4825.73A   -8.314    0.0204
CHc                       0    -8.574    0.0112      Co 2                1.49674m   -9.485    0.0014      Fe 2                2.50030m   -9.204    0.0026
Al 1c                     0    -9.351    0.0019      Co 2                1.62622m   -9.473    0.0014      Fe 2                4867.73A   -9.355    0.0019
C  1c                     0    -4.021  399.9105      Co 2                1.73616m   -9.179    0.0028      Fe 2                2.59860m   -9.587    0.0011
C  2c                     0    -5.994    4.2550      Co 2                1.02803m   -9.218    0.0025      Fe 2                4903.85A   -8.807    0.0065
Ca 1c                     0    -7.544    0.1201      Co 2                8580.39A   -9.274    0.0022      Fe 2                1.04657m   -9.620    0.0010
Cl 1c                     0    -7.902    0.0526      Co 2                9342.40A   -7.970    0.0450      Fe 2                3.58120m   -9.212    0.0026
Co 2c                     0    -6.736    0.7719      Co 2                9943.48A   -8.317    0.0202      Fe 2                3.15558m   -9.242    0.0024
Cr 2c                     0    -6.302    2.0930      Co 2                7539.01A   -8.638    0.0097      Fe 2                5171.63A   -8.616    0.0102
Cu 1c                     0    -9.431    0.0016      Co 2                8121.00A   -8.351    0.0187      Fe 2                5169.03A   -7.844    0.0601
Fe 1c                     0    -7.147    0.2990      Co 2                8571.41A   -8.958    0.0046      Fe 2                5018.44A   -9.575    0.0011
Fe 2c                     0    -3.998  421.9362      Co 2                6.21176m   -9.599    0.0011      Fe 2                6044.54A   -9.059    0.0037
Fe 3c                     0    -8.851    0.0059      Co 2                8027.34A   -8.817    0.0064      Fe 2                5316.61A   -9.539    0.0012
K  1c                     0    -9.242    0.0024      Co 2                8467.14A   -9.230    0.0025      Fe 3                22.9190m   -9.568    0.0011
Mg 1c                     0    -5.567   11.3818      Co 2                8333.76A   -8.998    0.0042      Fe 3                4985.87A   -9.430    0.0016
Mn 2c                     0    -6.644    0.9526      Cr 2                8000.08A   -6.806    0.6569      K  1                7664.90A   -9.419    0.0016
N  1c                     0    -4.911   51.5393      Cr 2                8125.30A   -6.880    0.5542      Mg 1                2025.82A   -8.502    0.0132
Na 1c                     0    -7.906    0.0521      Cr 2                8229.67A   -6.974    0.4460      Mg 1                2852.13A   -6.082    3.4755
Ni 1c                     0    -8.198    0.0266      Cr 2                8308.49A   -7.161    0.2898      Mg 1                3832.30A   -9.154    0.0029
O  1c                     0    -3.215 2556.9160      Cr 2                8357.64A   -7.459    0.1461      Mg 1                3838.29A   -8.737    0.0077
O  2c                     0    -7.399    0.1675      Cu 1                3247.54A   -9.595    0.0011      Mg 1                4562.60A   -5.888    5.4362
P  2c                     0    -5.984    4.3614      Fe 1                24.0358m   -7.247    0.2377      Mg 1                4571.10A   -6.326    1.9810
S  1c                     0    -5.833    6.1635      Fe 1                34.7038m   -7.835    0.0614      Mg 1                4575.29A   -7.254    0.2338
S  2c                     0    -5.016   40.4508      Fe 2                25.9813m   -5.171   28.3117      Mg 1                5167.32A   -8.413    0.0162
Sc 2c                     0    -8.023    0.0398      Fe 2                5.33871m   -4.649   94.2607      Mg 1                5172.68A   -7.939    0.0484
Si 1c                     0    -7.599    0.1056      Fe 2                4.11387m   -7.011    0.4091      Mg 1                5183.60A   -7.718    0.0803
Si 2c                     0    -3.459 1458.5471      Fe 2                1.25668m   -5.920    5.0451      Mg 1                8806.76A   -7.998    0.0422
Zn 2c                     0    -8.323    0.0199      Fe 2                1.19129m   -8.705    0.0083      Mg 1                1.18282m   -8.174    0.0281
Al 2c                     0    -5.820    6.3622      Fe 2                6309.53A   -9.551    0.0012      Mg 1                1.50250m   -8.979    0.0044
Ca 2c                     0    -4.552  117.6816      Fe 2                4799.30A   -9.448    0.0015      Mg 1                1.50402m   -9.423    0.0016
Cl 2c                     0    -6.376    1.7652      Fe 2                4704.22A   -8.673    0.0089      Mg 1                1.71087m   -8.709    0.0082
Mg 2c                     0    -4.321  200.3103      Fe 2                4632.28A   -6.880    0.5533      Mn 2                2576.10A   -7.026    0.3959
N  2c                     0    -7.556    0.1168      Fe 2                4604.48A   -8.664    0.0091      Mn 2                2593.72A   -7.119    0.3194
Ni 2c                     0    -5.359   18.3916      Fe 2                4416.27A   -6.862    0.5774      Mn 2                2605.68A   -7.259    0.2311
continua.......................................      Fe 2                4382.74A   -7.831    0.0619      Mn 2                3438.97A   -8.903    0.0053
Bac                 3646.00A   -7.259    0.2315      Fe 2                4287.39A   -5.899    5.2982      Mn 2                3460.03A   -9.493    0.0013
nFnu                3645.00A   -4.708   82.2348      Fe 2                3931.44A   -9.494    0.0013      N  1                1134.17A   -9.528    0.0012
nFnu                3647.00A   -4.709   82.0033      Fe 2                3874.07A   -9.125    0.0032      N  1                1134.41A   -9.283    0.0022
cout                3646.00A   -7.560    0.1157      Fe 2                3175.38A   -7.710    0.0818      N  1                1134.98A   -9.155    0.0029
cref                3646.00A   -7.560    0.1157      Fe 2                2599.40A   -8.100    0.0334      N  1                1199.55A   -8.782    0.0069
thin                3646.00A   -7.259    0.2315      Fe 2                2585.88A   -9.143    0.0030      N  1                1200.22A   -8.954    0.0047
Ba C                      0    -8.014    0.0406      Fe 2                2382.04A   -6.274    2.2337      N  1                1200.71A   -9.255    0.0023
PA C                      0    -8.431    0.0156      Fe 2                2343.50A   -8.929    0.0050      N  1                3466.50A   -7.257    0.2324
FIR                 83.0000m   -3.207 2607.8872      Fe 2                35.3391m   -5.833    6.1702      N  1                3466.54A   -7.930    0.0494
TIR                 1800.00m   -4.975   44.4650      Fe 2                6.71944m   -5.789    6.8335      N  1                5197.90A   -5.326   19.8394
NIRa                2.85000m   -3.294 2133.9412      Fe 2                4.88781m   -6.675    0.8879      N  1                5200.26A   -5.149   29.7859
NIRb                3.00000m   -4.460  145.5529      Fe 2                4.07521m   -7.496    0.1339      N  1                1.03977m   -6.761    0.7274
MIRa                15.0000m   -4.555  117.1198      Fe 2                1.32055m   -6.417    1.6085      N  1                1.03982m   -7.284    0.2183
MIRb                22.5000m   -3.418 1603.9368      Fe 2                1.24854m   -7.451    0.1487      N  1                1.04072m   -7.109    0.3265
NMIR                21.7500m   -3.294 2133.9412      Fe 2                1.20512m   -9.263    0.0023      N  1                1.04076m   -7.097    0.3359
TFIR                611.250m   -4.028  393.3050      Fe 2                7637.52A   -6.721    0.7991      Na 1                5889.95A   -8.207    0.0261
TALL                10000.0A   -2.830 6211.1982      Fe 2                7523.28A   -8.768    0.0072      Na 1                5895.92A   -8.207    0.0261
F12                 12.0000m   -6.457    1.4676      Fe 2                4889.62A   -6.744    0.7569      Ni 1                7.50454m   -8.198    0.0266
F25                 25.0000m   -5.067   35.9553      Fe 2                4750.27A   -9.476    0.0014      O  1                1027.43A   -9.437    0.0015
F60                 60.0000m   -3.270 2254.6804      Fe 2                4716.37A   -7.758    0.0733      O  1                1028.16A   -9.584    0.0011
F100                100.000m   -6.046    3.7768      Fe 2                4687.56A   -7.961    0.0459      O  1                1304.86A   -7.882    0.0551
MIPS                24.0000m   -5.067   35.9501      Fe 2                4492.64A   -7.731    0.0780      O  1                1306.03A   -8.355    0.0185
MIPS                70.0000m   -3.271 2251.2185      Fe 2                4457.95A   -7.129    0.3117      O  1                1355.60A   -7.930    0.0493
MIPS                160.000m   -4.286  217.2399      Fe 2                4432.45A   -7.923    0.0501      O  1                1358.51A   -8.386    0.0173
IRAC                3.60000m   -7.682    0.0873      Fe 2                4359.33A   -6.030    3.9203      O  1                2972.29A   -7.408    0.1641
IRAC                4.50000m   -6.361    1.8280      Fe 2                3224.54A   -8.807    0.0066      O  1                5577.34A   -6.458    1.4614
IRAC                5.80000m   -4.648   94.4126      Fe 2                3214.67A   -8.224    0.0251      O  1                6300.30A   -4.762   72.6744
IRAC                8.00000m   -5.656    9.2818      Fe 2                2625.67A   -5.186   27.3805      O  1                6363.78A   -5.257   23.2156
SPR1                250.000m   -6.113    3.2357      Fe 2                2611.87A   -5.914    5.1243      O  1                6391.73A   -8.586    0.0109
SPR2                350.000m   -4.534  122.7646      Fe 2                2598.37A   -7.145    0.3010      O  1                44.0453m   -8.899    0.0053
SPR3                500.000m   -6.299    2.1113      Fe 2                2395.63A   -6.195    2.6819      O  1                63.1679m   -3.271 2249.6238
PAC1                70.0000m   -3.271 2252.1511      Fe 2                2388.63A   -7.242    0.2406      O  1                145.495m   -4.302  209.6247
PAC2                100.000m   -6.046    3.7791      Fe 2                2383.06A   -9.159    0.0029      O  2                2470.34A   -9.426    0.0016
PAC3                160.000m   -4.282  219.4263      Fe 2                2364.83A   -6.594    1.0686      O  2                7319.99A   -9.619    0.0010
PAH                 3.30000m   -8.488    0.0136      Fe 2                2332.80A   -7.668    0.0901      O  2                3728.81A   -7.633    0.0978
PAHC                3.23000m   -8.768    0.0072      Fe 2                2279.91A   -9.241    0.0024      O  2                3726.03A   -7.809    0.0652
PAHC                3.37000m   -8.757    0.0073      Fe 2                51.2868m   -6.351    1.8716      P  2                60.6263m   -6.721    0.7977
PAH                 6.20000m   -8.535    0.0122      Fe 2                5.67236m   -7.486    0.1371      P  2                1532.53A   -9.263    0.0023
PAHC                5.65000m   -7.445    0.1508      Fe 2                4.60641m   -7.296    0.2125      P  2                32.8620m   -6.824    0.6292
PAH                 7.90000m   -8.026    0.0396      Fe 2                4.08085m   -8.042    0.0381      P  2                1.14682m   -6.741    0.7616
PAHC                6.90000m   -5.658    9.2370      Fe 2                1.37181m   -6.660    0.9181      P  2                4669.25A   -8.407    0.0165
PAH                 11.3000m   -7.882    0.0551      Fe 2                1.29427m   -7.236    0.2437      P  2                2195.57A   -8.686    0.0087
PAHC                10.9000m   -7.538    0.1218      Fe 2                7806.23A   -8.493    0.0135      P  2                1536.42A   -9.278    0.0022
PAH                 11.8000m   -9.223    0.0025      Fe 2                7686.93A   -6.798    0.6684      P  2                1535.92A   -9.119    0.0032
PAHC                12.6500m   -7.285    0.2178      Fe 2                7552.40A   -9.277    0.0022      P  2                1.18828m   -6.318    2.0186
PAH                 13.3000m   -9.139    0.0031      Fe 2                4958.23A   -8.595    0.0107      P  2                2210.34A   -8.232    0.0246
PAHC                14.1000m   -6.946    0.4760      Fe 2                4750.57A   -8.592    0.0107      P  2                1542.30A   -9.408    0.0016
Bcon                3640.00A   -3.601 1051.5194      Fe 2                4728.07A   -7.393    0.1700      P  2                7875.99A   -7.658    0.0923
Pcon                5000.00A   -4.023  398.3906      Fe 2                4514.90A   -7.755    0.0738      S  1                1483.04A   -9.250    0.0024
O3bn                5007.00A   -5.883    5.4972      Fe 2                4488.75A   -7.474    0.1409      S  1                1820.34A   -7.942    0.0480
HFFc                      0    -6.773    0.7086      Fe 2                4470.30A   -8.677    0.0088      S  1                1826.24A   -8.425    0.0158
H FF                      0    -8.380    0.0175      Fe 2                4413.78A   -6.181    2.7677      S  1                25.2421m   -5.883    5.4948
MeFB                      0    -8.781    0.0070      Fe 2                3254.24A   -8.284    0.0218      S  1                56.2957m   -6.843    0.6035
MeFF                      0    -9.132    0.0031      Fe 2                3244.18A   -8.579    0.0111      S  2                6730.82A   -5.439   15.2847
ToFF                      0    -8.310    0.0206      Fe 2                2631.32A   -6.160    2.9029      S  2                6716.44A   -5.278   22.1633
Mion                      0    -7.743    0.0759      Fe 2                2617.62A   -7.605    0.1042      S  2                4076.35A   -6.987    0.4327
nFnu                122.400m   -9.303    0.0021      Fe 2                2607.09A   -7.484    0.1378      S  2                4068.60A   -6.496    1.3408
nFnu                60.8322m   -8.929    0.0049      Fe 2                2404.89A   -7.185    0.2745      S  2                1.03364m   -7.125    0.3148
nFnu                41.2152m   -8.715    0.0081      Fe 2                2399.24A   -8.005    0.0415      S  2                1.02867m   -7.122    0.3171
nFnu                30.8695m   -8.553    0.0118      Fe 2                2395.42A   -9.010    0.0041      S  2                1.03705m   -7.447    0.1500
nFnu                24.7829m   -8.428    0.0157      Fe 2                2380.76A   -6.001    4.1893      S  2                1.03205m   -6.988    0.4314
nFnu                24.2998m   -8.417    0.0161      Fe 2                2348.30A   -7.746    0.0753      S  2                1259.52A   -8.751    0.0075
nFnu                22.8302m   -8.382    0.0174      Fe 2                2327.40A   -8.337    0.0193      S  2                1253.81A   -8.830    0.0062
nFnu                21.4199m   -8.346    0.0189      Fe 2                87.3597m   -7.053    0.3717      S  2                1250.58A   -9.137    0.0031
nFnu                21.1235m   -8.336    0.0194      Fe 2                5.06097m   -7.954    0.0467      Sc 2                4246.82A   -9.178    0.0028
nFnu                19.6199m   -8.293    0.0214      Fe 2                4.43363m   -7.872    0.0565      Sc 2                7043.49A   -8.948    0.0047
nFnu                17.6534m   -8.232    0.0246      Fe 2                1.40951m   -9.282    0.0022      Sc 2                8261.17A   -9.462    0.0014
nFnu                17.3700m   -8.222    0.0252      Fe 2                1.32777m   -7.420    0.1597      Sc 2                8271.28A   -9.348    0.0019
nFnu                15.6901m   -8.161    0.0290      Fe 2                1.27877m   -7.477    0.1401      Sc 2                8326.62A   -9.602    0.0010
nFnu                14.6036m   -8.118    0.0320      Fe 2                1.25214m   -8.517    0.0128      Sc 2                8347.28A   -9.167    0.0029
nFnu                12.4300m   -8.017    0.0404      Fe 2                7926.88A   -8.755    0.0074      Sc 2                8384.33A   -9.479    0.0014
nFnu                11.4000m   -7.962    0.0459      Fe 2                7803.89A   -8.495    0.0134      Sc 2                1.07804m   -9.546    0.0012
nFnu                10.4600m   -7.905    0.0522      Fe 2                7665.28A   -7.748    0.0750      Sc 2                2.03194m   -9.084    0.0035
nFnu                9.48002m   -7.841    0.0605      Fe 2                5006.63A   -7.895    0.0535      Sc 2                2.04712m   -9.431    0.0016
nFnu                9.32488m   -7.830    0.0621      Fe 2                4772.06A   -8.708    0.0082      Sc 2                2.07591m   -9.075    0.0035
nFnu                8.21035m   -7.743    0.0759      Fe 2                4639.67A   -8.392    0.0170      Sc 2                2.07842m   -8.909    0.0052
nFnu                7.58000m   -7.686    0.0865      Fe 2                4528.39A   -8.003    0.0417      Sc 2                2.08152m   -9.178    0.0028
nFnu                7.05026m   -7.632    0.0979      Fe 2                4509.61A   -8.350    0.0187      Sc 2                2.11129m   -9.352    0.0019
nFnu                4.11370m   -7.193    0.2690      Fe 2                4452.10A   -6.373    1.7771      Sc 2                2.12445m   -9.350    0.0019
nFnu                2.32440m   -6.638    0.9672      Fe 2                3277.55A   -8.508    0.0130      Si 1                2211.75A   -9.322    0.0020
nFnu                1.64313m   -6.271    2.2505      Fe 2                3277.12A   -9.413    0.0016      Si 1                2519.20A   -8.704    0.0083
nFnu                1.48022m   -6.156    2.9345      Fe 2                3275.02A   -8.584    0.0109      Si 1                2528.51A   -8.487    0.0137
nFnu                1.43649m   -6.121    3.1798      Fe 2                2631.05A   -7.331    0.1959      Si 1                68.4548m   -7.990    0.0430
nFnu                1.11867m   -5.841    6.0543      Fe 2                2620.41A   -9.219    0.0025      Si 1                129.641m   -8.060    0.0366
nFnu                8329.68A   -5.524   12.5532      Fe 2                2613.82A   -8.100    0.0333      Si 2                34.8046m   -3.463 1444.6061
nFnu                8078.61A   -5.492   13.5155      Fe 2                2410.52A   -7.971    0.0448      Si 2                2334.41A   -6.623    1.0015
nFnu                6209.66A   -5.224   25.0639      Fe 2                2406.66A   -8.243    0.0240      Si 2                2328.52A   -7.236    0.2437
nFnu                4885.36A   -4.988   43.1356      Fe 2                2404.43A   -9.073    0.0036      Si 2                1808.01A   -6.593    1.0708
nFnu                3704.34A   -4.724   79.3184      Fe 2                2359.11A   -8.056    0.0369      Si 2                1260.42A   -8.774    0.0071
nFnu                3587.67A   -4.695   84.8177      Fe 2                2338.01A   -8.116    0.0321      Si 2                2350.17A   -6.489    1.3629
nFnu                2430.05A   -4.342  191.0155      Fe 2                4.67067m   -8.496    0.0134      Si 2                2344.20A   -6.088    3.4331
nFnu                2392.03A   -4.328  197.3431      Fe 2                1.29777m   -7.807    0.0654      Si 2                2334.60A   -6.195    2.6806
nFnu                2071.34A   -4.209  259.2849      Fe 2                1.27034m   -7.679    0.0878      Si 2                1817.45A   -6.628    0.9891
nFnu                2052.68A   -4.202  264.0170      Fe 2                7999.47A   -9.501    0.0013      Si 2                1816.93A   -6.232    2.4605
nFnu                1793.44A   -4.105  329.9028      Fe 2                7874.24A   -7.849    0.0595      Si 2                1533.43A   -7.032    0.3899
nFnu                1585.12A   -4.038  384.4863      Fe 2                7733.14A   -8.396    0.0169      Si 2                1309.28A   -7.812    0.0647
nFnu                1458.33A   -4.031  390.7102      Fe 2                4798.28A   -8.258    0.0232      Si 2                1265.00A   -7.594    0.1070
nFnu                1356.96A   -4.072  356.0137      Fe 2                4664.45A   -8.906    0.0052      Si 2                1264.74A   -8.028    0.0394
nFnu                1297.29A   -4.184  274.7961      Fe 2                4533.01A   -8.898    0.0053      Si 2                1197.39A   -7.913    0.0514
nFnu                1262.79A   -4.362  182.6454      Fe 2                4474.90A   -6.686    0.8657      Si 2                1194.50A   -8.124    0.0316
nFnu                1218.08A   -8.481    0.0139      Fe 2                3289.89A   -8.894    0.0054      Si 2                3862.60A   -9.221    0.0025
nFnu                1196.33A   -7.944    0.0478      Fe 2                3289.46A   -8.673    0.0089      Si 2                3856.02A   -9.195    0.0027
nFnu                1175.06A   -7.889    0.0542      Fe 2                2628.29A   -7.783    0.0692      Si 2                6371.37A   -9.138    0.0031
nFnu                1143.64A   -8.013    0.0407      Fe 2                2621.67A   -8.687    0.0086      Si 2                6347.11A   -9.061    0.0036
nFnu                1113.22A   -8.126    0.0314      Fe 2                2413.31A   -8.488    0.0137      Zn 2                2062.00A   -8.731    0.0078
nFnu                1103.23A   -8.155    0.0294      Fe 2                2411.07A   -8.496    0.0134      Zn 2                2025.48A   -8.498    0.0133
nFnu                1073.86A   -8.564    0.0115      Fe 2                2344.28A   -8.202    0.0264      Al 2                2669.15A   -6.268    2.2638
nFnu                1064.34A   -8.606    0.0104      Fe 2                17.9311m   -5.637    9.6919      Al 2                2660.35A   -6.095    3.3777
nFnu                1035.92A   -8.722    0.0080      Fe 2                1.64355m   -4.742   75.9830      Al 2                1670.79A   -6.765    0.7215
nFnu                1000.00A   -8.885    0.0055      Fe 2                1.53348m   -5.868    5.6949      Al 2                3900.67A   -9.504    0.0013
nFnu                925.144A   -8.853    0.0059      Fe 2                8616.95A   -6.131    3.1050      Ca 2                7323.89A   -5.039   38.3914
nFnu                897.800A   -9.471    0.0014      Fe 2                7155.17A   -6.260    2.3086      Ca 2                7291.47A   -4.871   56.5570
RRC............................................      Fe 2                6896.17A   -7.712    0.0816      Ca 2                3968.47A   -6.846    0.5989
H  1                3645.98A   -8.436    0.0154      Fe 2                5413.37A   -8.170    0.0284      Ca 2                8662.14A   -5.774    7.0610
H  1                3645.98A   -8.090    0.0341      Fe 2                5280.27A   -8.706    0.0083      Ca 2                3933.66A   -6.827    0.6257
H  1                8203.57A   -9.171    0.0028      Fe 2                5273.36A   -6.258    2.3166      Ca 2                8498.02A   -6.463    1.4472
H  1                8203.57A   -8.777    0.0070      Fe 2                5158.79A   -5.647    9.4593      Ca 2                8542.09A   -5.516   12.8041
H  1                8203.57A   -8.880    0.0055      Fe 2                5111.64A   -6.554    1.1722      Ca 2                3706.02A   -8.133    0.0309
H  1                1.45842m   -9.257    0.0023      Fe 2                5072.41A   -6.300    2.1057      Ca 2                3736.90A   -7.837    0.0611
H  1                1.45842m   -9.253    0.0023      Fe 2                5039.10A   -7.734    0.0775      Ca 2                3158.87A   -8.155    0.0294
H  1                1.45842m   -9.594    0.0011      Fe 2                4814.54A   -6.604    1.0455      Ca 2                3181.27A   -8.860    0.0058
H  1                2.27878m   -9.614    0.0010      Fe 2                4774.73A   -7.044    0.3797      Ca 2                3179.33A   -7.905    0.0522
H  1                2.27878m   -9.578    0.0011      Fe 2                4745.49A   -8.095    0.0337      Ca 2                1.19497m   -9.581    0.0011
Al 1                2070.66A   -9.579    0.0011      Fe 2                4661.78A   -9.194    0.0027      Ca 2                1.18390m   -9.276    0.0022
Si 1                1520.96A   -8.583    0.0110      Fe 2                4243.97A   -5.974    4.4623      Ca 2                1838.01A   -9.092    0.0034
S  1                1196.76A   -9.253    0.0023      Fe 2                4177.20A   -7.064    0.3628      Ca 2                1840.03A   -8.936    0.0049
grains.........................................      Fe 2                4146.65A   -8.639    0.0096      Ca 2                2112.76A   -9.564    0.0011
H-like iso-sequence............................      Fe 2                4114.48A   -8.978    0.0044      Cl 2                14.3639m   -6.947    0.4744
Cool                1215.67A   -3.937  485.2360      Fe 2                3929.35A   -9.231    0.0025      Cl 2                33.2721m   -8.027    0.0394
Crst                960.000A   -4.117  320.8002      Fe 2                3387.09A   -7.479    0.1394      Cl 2                8578.70A   -6.635    0.9732
CION                      0    -6.178    2.7880      Fe 2                3376.20A   -6.681    0.8748      Cl 2                9123.60A   -7.220    0.2532
Dest                1215.67A   -9.333    0.0019      Fe 2                2732.45A   -7.806    0.0656      Cl 2                3677.85A   -8.557    0.0116
Ca B                1215.67A   -7.010    0.4103      Fe 2                2493.30A   -5.401   16.6897      Cl 2                6161.84A   -8.511    0.0129
CaBo                4861.32A   -8.544    0.0120      Fe 2                2484.20A   -8.987    0.0043      Mg 2                2802.71A   -4.796   67.1274
Ca A                1215.67A   -7.201    0.2645      Fe 2                2360.00A   -7.318    0.2018      Mg 2                2795.53A   -4.500  132.8269
Ca A                1025.72A   -7.847    0.0597      Fe 2                2348.12A   -7.369    0.1796      Mg 2                2936.52A   -7.727    0.0787
Ca A                972.537A   -8.258    0.0232      Fe 2                2331.31A   -9.062    0.0036      Mg 2                2928.64A   -8.029    0.0393
Ca A                949.743A   -8.562    0.0115      Fe 2                24.5126m   -6.337    1.9346      Mg 2                2797.93A   -8.467    0.0143
Ca A                937.803A   -8.804    0.0066      Fe 2                1.80940m   -5.343   19.0538      Mg 2                2790.77A   -7.765    0.0721
Ca A                930.748A   -9.006    0.0041      Fe 2                1.67688m   -6.293    2.1385      Mg 2                2798.00A   -7.512    0.1292
Ca A                926.226A   -9.180    0.0028      Fe 2                1.59948m   -6.200    2.6484      Mg 2                9244.22A   -9.587    0.0011
Ca A                923.150A   -9.333    0.0020      Fe 2                9051.95A   -5.973    4.4737      Mg 2                9218.22A   -9.289    0.0022
Ca A                920.963A   -9.469    0.0014      Fe 2                8891.93A   -6.397    1.6830      N  2                205.283m   -8.829    0.0062
Ca A                919.351A   -9.592    0.0011      Fe 2                7452.56A   -6.752    0.7437      N  2                121.769m   -9.051    0.0037
Ca A                6562.80A   -8.270    0.0226      Fe 2                7172.00A   -6.667    0.9039      N  2                6548.05A   -8.202    0.0264
Ca A                4861.32A   -8.720    0.0080      Fe 2                6275.53A   -8.625    0.0100      N  2                6583.45A   -7.732    0.0778
Ca A                4340.46A   -9.045    0.0038      Fe 2                5527.36A   -7.241    0.2408      N  2                5754.59A   -9.581    0.0011
Ca A                4101.73A   -9.299    0.0021      Fe 2                5440.48A   -8.999    0.0042      N  2                2142.77A   -9.585    0.0011
Ca A                3970.07A   -9.508    0.0013      Fe 2                5433.15A   -6.772    0.7095      Ni 2                1.19102m   -5.618   10.1092
Ca A                1.87510m   -9.062    0.0036      Fe 2                5261.63A   -6.027    3.9418      Ni 2                6.63416m   -6.246    2.3808
Ca A                1.28181m   -9.389    0.0017      Fe 2                5220.08A   -7.303    0.2091      Ni 2                1.07151m   -7.240    0.2418
Ca B                6562.80A   -8.088    0.0343      Fe 2                5184.80A   -7.198    0.2659      Ni 2                10.6793m   -6.877    0.5572
Ca B                4861.32A   -8.545    0.0120      Fe 2                5158.01A   -7.148    0.2988      Ni 2                1.27792m   -9.064    0.0036
Ca B                4340.46A   -8.874    0.0056      Fe 2                4947.39A   -6.548    1.1898      Ni 2                1.16130m   -7.755    0.0738
Ca B                4101.73A   -9.132    0.0031      Fe 2                4905.35A   -6.899    0.5300      Ni 2                12.7253m   -7.292    0.2142
Ca B                3970.07A   -9.343    0.0019      Fe 2                4874.50A   -6.942    0.4803      Ni 2                9882.95A   -8.505    0.0131
Ca B                3889.05A   -9.524    0.0013      Fe 2                4852.74A   -8.302    0.0209      Ni 2                1.09177m   -8.042    0.0381
Ca B                1.87510m   -9.015    0.0041      Fe 2                4346.86A   -6.601    1.0524      Ni 2                18.2355m   -8.009    0.0411
Ca B                1.28181m   -9.332    0.0020      Fe 2                4276.84A   -6.525    1.2543      Ni 2                9374.87A   -8.797    0.0067
Ca B                1.09381m   -9.589    0.0011      Fe 2                4244.82A   -7.337    0.1935      Ni 2                7377.83A   -6.407    1.6435
H  1                2431.34A   -4.155  294.1445      Fe 2                4231.56A   -8.937    0.0049      Ni 2                8300.99A   -7.703    0.0831
H  1                1215.67A   -3.920  504.8943      Fe 2                4211.11A   -8.913    0.0051      Ni 2                1.93877m   -7.115    0.3220
H  1                6562.80A   -5.861    5.7838      Fe 2                3455.11A   -7.585    0.1091      Ni 2                2.36883m   -8.402    0.0166
H  1                4861.32A   -6.623    1.0000      Fe 2                3452.31A   -7.274    0.2235      Ni 2                2.91064m   -8.071    0.0357
H  1                4340.46A   -7.004    0.4161      Fe 2                3440.99A   -7.160    0.2906      Ni 2                6666.80A   -7.253    0.2347
H  1                4101.73A   -8.697    0.0084      Fe 2                2774.73A   -9.047    0.0038      Ni 2                7411.61A   -7.034    0.3885
H  1                3970.07A   -8.987    0.0043      Fe 2                2759.34A   -9.447    0.0015      Ni 2                1.76458m   -9.179    0.0028
H  1                3889.05A   -9.220    0.0025      Fe 2                2485.07A   -9.229    0.0025      Ni 2                2.04866m   -8.757    0.0074
H  1                3835.38A   -9.415    0.0016      Fe 2                2391.48A   -8.316    0.0203      Ni 2                2.30794m   -8.213    0.0257
H  1                3797.90A   -9.581    0.0011      Fe 2                2379.28A   -9.033    0.0039      Ni 2                6.91767m   -8.513    0.0129
H  1                3770.63A   -9.327    0.0020      Fe 2                2362.02A   -7.766    0.0720      Ni 2                4326.24A   -7.200    0.2650
H  1                3750.15A   -9.442    0.0015      Fe 2                35.7675m   -7.136    0.3067      Ni 2                4628.05A   -7.622    0.1003
H  1                3734.37A   -9.547    0.0012      Fe 2                1.95361m   -6.254    2.3384      Ni 2                6794.20A   -8.678    0.0088
H  1                1.87510m   -7.395    0.1690      Fe 2                1.80002m   -6.309    2.0625      Ni 2                7255.82A   -7.555    0.1171
H  1                1.28181m   -7.708    0.0822      Fe 2                1.71113m   -6.878    0.5562      Ni 2                7694.56A   -8.625    0.0100
H  1                1.09381m   -9.081    0.0035      Fe 2                1.66377m   -6.497    1.3364      Ni 2                8033.54A   -8.790    0.0068
H  1                1.00494m   -9.390    0.0017      Fe 2                9399.04A   -6.395    1.6926      Ni 2                1.04597m   -8.038    0.0384
H  1                4.05115m   -8.265    0.0228      Fe 2                9226.63A   -6.341    1.9169      Ni 2                1.23230m   -8.066    0.0361
H  1                2.62515m   -9.258    0.0023      Fe 2                9033.49A   -7.417    0.1609      Ni 2                4201.17A   -7.382    0.1742
H  1                2.16553m   -9.610    0.0010      Fe 2                7388.17A   -6.787    0.6856      Ni 2                4485.21A   -7.835    0.0614
H  1                7.45782m   -9.293    0.0021      Fe 2                6440.41A   -7.740    0.0764      Ni 2                7307.65A   -7.730    0.0781
He-like iso-sequence...........................      Fe 2                6229.28A   -8.890    0.0054      Ni 2                7612.72A   -8.058    0.0367
Pho+                3889.00A   -9.317    0.0020      Fe 2                5654.87A   -8.202    0.0264      Ni 2                1.13597m   -8.741    0.0076
extra Lyman....................................      Fe 2                5556.31A   -7.441    0.1520      Ni 2                4285.31A   -8.590    0.0108
database lines.................................      Fe 2                5412.67A   -7.970    0.0450      Ni 2                6791.48A   -8.305    0.0208
CN                  2648.35m   -9.132    0.0031      Fe 2                5333.66A   -6.315    2.0348      Ni 2                7054.20A   -8.210    0.0259
CN                  2640.74m   -8.831    0.0062      Fe 2                5296.84A   -7.598    0.1061      Ni 2                9.61508m   -9.499    0.0013
CN                  1322.30m   -9.222    0.0025      Fe 2                5268.89A   -7.318    0.2020      Ni 2                4033.04A   -7.648    0.0944
CN                  1321.03m   -8.966    0.0045      Fe 2                5107.96A   -8.253    0.0234      Ni 2                4294.09A   -7.769    0.0715
CN                  881.421m   -9.214    0.0026      Fe 2                5049.30A   -6.721    0.7982      Ni 2                6467.29A   -8.802    0.0066
CN                  880.858m   -9.059    0.0037      Fe 2                5005.52A   -6.775    0.7049      Ni 2                6813.57A   -7.790    0.0681
CN                  661.044m   -9.119    0.0032      Fe 2                4973.40A   -7.043    0.3807      Ni 2                7078.04A   -8.339    0.0192
CN                  660.727m   -9.006    0.0041      Fe 2                4950.76A   -7.388    0.1717      Ni 2                1.02090m   -9.120    0.0032
CN                  528.842m   -9.230    0.0025      Fe 2                4352.79A   -6.841    0.6062      Ni 2                3993.06A   -7.303    0.2088
CN                  528.639m   -9.141    0.0030      Fe 2                4319.62A   -7.107    0.3285      Ni 2                4248.80A   -7.779    0.0699
CN                  440.721m   -9.243    0.0024      Fe 2                4305.90A   -7.910    0.0517      Ni 2                6007.06A   -8.893    0.0054
CN                  440.580m   -9.169    0.0028      Fe 2                4084.33A   -9.236    0.0024      Ni 2                6365.10A   -7.777    0.0701
CN                  377.785m   -9.389    0.0017      Fe 2                3504.51A   -7.888    0.0544      Ni 2                6700.24A   -9.170    0.0028
CN                  377.682m   -9.326    0.0020      Fe 2                3504.02A   -7.745    0.0756      Ni 2                6955.82A   -9.205    0.0026
CN                  330.590m   -9.475    0.0014      Fe 2                3501.63A   -7.309    0.2064      Ni 2                8703.87A   -8.232    0.0246
CN                  330.511m   -9.419    0.0016      Fe 2                3489.99A   -7.988    0.0432      Ni 2                9956.63A   -8.459    0.0146
CN                  293.825m   -9.584    0.0011      Fe 2                2385.01A   -8.592    0.0107      Ni 2                5.18504m   -9.238    0.0024
HF                  243.178m   -8.738    0.0077      Fe 2                2.06648m   -7.648    0.0945      Ni 2                3438.88A   -7.492    0.1353
CO                  2600.05m   -8.109    0.0327      Fe 2                1.89541m   -7.045    0.3789      Ni 2                3626.89A   -7.799    0.0666
CO                  1300.05m   -7.078    0.3511      Fe 2                1.79711m   -6.531    1.2357      Ni 2                3378.16A   -8.106    0.0329
CO                  866.727m   -6.785    0.6894      Fe 2                1.74494m   -6.820    0.6359      Ni 2                3559.41A   -8.085    0.0345
CO                  650.074m   -6.685    0.8666      Fe 2                9652.70A   -7.243    0.2397      level 1 lines..................................
CO                  520.089m   -6.634    0.9764      Fe 2                9470.94A   -6.731    0.7799      recombination..................................
CO                  433.438m   -6.599    1.0576      Fe 2                9267.56A   -7.113    0.3236      level2 lines...................................
CO                  371.549m   -6.588    1.0854      Fe 2                7544.00A   -9.426    0.0016      C  1                1247.50A   -8.480    0.0139
CO                  325.137m   -6.579    1.1072      Fe 2                6558.51A   -7.954    0.0467      C  1                1314.77A   -8.404    0.0166
CO                  289.041m   -6.583    1.0963      Fe 2                5745.71A   -8.573    0.0112      C  1                1165.98A   -9.489    0.0014
CO                  260.169m   -6.589    1.0821      Fe 2                5643.98A   -8.414    0.0162      C  1                1233.29A   -8.990    0.0043
CO                  236.549m   -6.604    1.0443      Fe 2                5495.84A   -8.246    0.0238      C  1                1250.68A   -9.140    0.0030
CO                  216.868m   -6.624    0.9979      Fe 2                5376.47A   -6.709    0.8209      Mg 1                1817.31A   -9.265    0.0023
CO                  200.218m   -6.650    0.9391      Fe 2                5347.66A   -7.823    0.0631      Mg 1                1739.09A   -9.468    0.0014
CO                  185.949m   -6.672    0.8941      Fe 2                5181.96A   -8.099    0.0334      Mg 1                1699.05A   -9.522    0.0013
CO                  173.584m   -6.697    0.8440      Fe 2                5076.57A   -7.379    0.1754      Mg 1                1675.74A   -9.599    0.0011
CO                  162.767m   -6.723    0.7942      Fe 2                5043.53A   -7.249    0.2366      Si 1                1853.05A   -9.276    0.0022
CO                  153.225m   -6.752    0.7436      Fe 2                5020.25A   -7.365    0.1810      Si 2                1179.59A   -8.632    0.0098
CO                  144.745m   -6.782    0.6938      Fe 2                4372.43A   -7.381    0.1746      Si 2                993.354A   -9.476    0.0014
CO                  137.159m   -6.813    0.6462      Fe 2                4358.37A   -7.592    0.1073      S  1                1356.05A   -9.012    0.0041
CO                  130.333m   -6.845    0.6005      Fe 2                4080.00A   -9.266    0.0023      S  1                1392.25A   -9.364    0.0018
CO                  124.160m   -6.882    0.5515      Fe 2                3539.19A   -7.592    0.1073      S  1                1418.10A   -9.587    0.0011
CO                  118.548m   -6.922    0.5026      Fe 2                3538.69A   -7.886    0.0546      Fe 1                2484.25A   -9.257    0.0023
CO                  113.427m   -6.962    0.4578      Fe 2                3536.25A   -8.012    0.0409      Fe 1                2526.51A   -9.506    0.0013
CO                  108.733m   -7.006    0.4146      Fe 2                3524.38A   -9.320    0.0020      Sc 2                3627.22A   -7.947    0.0474
CO                  104.416m   -7.049    0.3753      Fe 2                22.8961m   -8.642    0.0096      Sc 2                3575.45A   -8.069    0.0358
CO                  100.433m   -7.094    0.3379      Fe 2                1.81139m   -8.921    0.0050      Sc 2                3368.13A   -8.634    0.0098
CO                  96.7462m   -7.142    0.3031      Fe 2                7764.71A   -8.127    0.0313      Ti 2                3364.74A   -6.372    1.7827
CO                  93.3237m   -7.191    0.2707      Fe 2                7336.73A   -8.416    0.0161      Ti 2                3237.15A   -6.612    1.0264
CO                  90.1384m   -7.241    0.2409      Fe 2                7267.25A   -9.385    0.0017      Ti 2                1904.17A   -8.479    0.0139
CO                  87.1666m   -7.294    0.2135      Fe 2                6809.24A   -8.394    0.0169      Ti 2                1907.36A   -8.222    0.0252
CO                  84.3877m   -7.348    0.1887      Fe 2                6729.87A   -8.675    0.0089      V  2                2710.94A   -8.704    0.0083
CO                  81.7835m   -7.403    0.1661      Fe 2                6671.93A   -9.238    0.0024      V  2                2684.22A   -8.466    0.0144
CO                  79.3383m   -7.461    0.1454      Fe 2                5721.37A   -9.512    0.0013      V  2                2139.33A   -9.113    0.0032
CO                  77.0375m   -7.520    0.1267      Fe 2                5163.96A   -8.424    0.0158      Cr 1                4269.56A   -9.015    0.0041
CO                  74.8697m   -7.581    0.1103      Fe 2                4266.35A   -9.124    0.0032      Cr 1                3589.90A   -8.831    0.0062
CO                  72.8231m   -7.644    0.0954      Fe 2                4249.08A   -9.395    0.0017      Cr 2                2059.78A   -6.972    0.4474
CO                  70.8878m   -7.708    0.0823      Fe 2                4157.92A   -9.401    0.0017      Mn 2                1198.85A   -9.327    0.0020
CO                  69.0557m   -7.771    0.0711      Fe 2                3277.35A   -7.936    0.0487      Co 2                2060.90A   -8.442    0.0152
CO                  67.3181m   -7.836    0.0612      Fe 2                3255.89A   -9.197    0.0027      Co 2                2018.80A   -8.476    0.0140
CO                  65.6684m   -7.902    0.0526      Fe 2                2926.59A   -8.840    0.0061      Co 2                1949.74A   -8.554    0.0117
CO                  64.0998m   -7.968    0.0452      Fe 2                2880.76A   -8.504    0.0132      Co 2                1575.91A   -9.071    0.0036
CO                  62.6072m   -8.035    0.0387      Fe 2                2755.74A   -6.854    0.5878      Co 2                1470.18A   -9.140    0.0030
CO                  61.1843m   -8.102    0.0332      Fe 2                2739.55A   -7.582    0.1100      Ni 2                1751.83A   -8.006    0.0414
CO                  59.8271m   -8.170    0.0284      Fe 2                2716.70A   -7.706    0.0826      Ni 2                1744.24A   -7.814    0.0645
CO                  58.5311m   -8.237    0.0243      Fe 2                34.6508m   -9.513    0.0013      Ni 2                1484.97A   -9.126    0.0031
CO                  57.2920m   -8.306    0.0208      Fe 2                1.00287m   -8.115    0.0322      Ni 2                1472.74A   -8.821    0.0063
CO                  56.1066m   -8.377    0.0176      Fe 2                8245.16A   -9.614    0.0010      Ni 2                1400.37A   -9.127    0.0031
CO                  54.9712m   -8.448    0.0150      Fe 2                8037.28A   -8.644    0.0095      Ni 2                1375.73A   -8.802    0.0066
CO                  53.8829m   -8.519    0.0127      Fe 2                7579.61A   -9.135    0.0031      Ni 2                1324.11A   -8.903    0.0053
CO                  52.8388m   -8.591    0.0108      Fe 2                7017.95A   -9.054    0.0037      Zn 1                2138.57A   -9.599    0.0011
CO                  51.8365m   -8.663    0.0091      Fe 2                6933.67A   -9.420    0.0016      hyperfine structure............................
CO                  50.8731m   -8.735    0.0077      Fe 2                6872.19A   -8.586    0.0109      inner shell....................................
CO                  49.9472m   -8.808    0.0065      Fe 2                6829.03A   -9.620    0.0010      molecules......................................
CO                  49.0559m   -8.882    0.0055      Fe 2                5746.98A   -8.473    0.0141      H2 l                2.00000m   -4.245  238.9363
CO                  48.1977m   -8.958    0.0046      Fe 2                5283.12A   -9.032    0.0039      H2 v                      0    -5.891    5.4018
CO                  47.3709m   -9.034    0.0039      Fe 2                5199.18A   -9.246    0.0024      H-FB                      0    -6.551    1.1813
CO                  46.5738m   -9.112    0.0032      Fe 2                4351.81A   -9.394    0.0017      H-FF                      0    -6.786    0.6880
CO                  45.8046m   -9.190    0.0027      Fe 2                4347.36A   -8.763    0.0072      H-CT                6562.80A   -7.762    0.0726
CO                  45.0623m   -9.271    0.0022      Fe 2                4329.43A   -8.110    0.0326      H- H                      0    -8.185    0.0274
CO                  44.3452m   -9.354    0.0019      Fe 2                2953.77A   -9.545    0.0012      H2+                       0    -6.956    0.4647
CO                  43.6523m   -9.440    0.0015      Fe 2                2772.73A   -7.643    0.0955      bands..........................................
CO                  42.9823m   -9.531    0.0012      Fe 2                2749.32A   -7.672    0.0893      Fe 2b               2500.00A   -4.806   65.6712
^13CO               1359.86m   -8.605    0.0104      Fe 2                9795.19A   -8.893    0.0054      Fe 2b               5000.00A   -4.862   57.7661
^13CO               906.599m   -8.294    0.0213      Fe 2                8228.13A   -8.807    0.0065      Fe 2b               7000.00A   -5.804    6.5899
^13CO               679.978m   -8.186    0.0274      Fe 2                7613.14A   -9.215    0.0026      Fe 2b               10000.0A   -4.484  137.7232
^13CO               544.012m   -8.133    0.0310      Fe 2                7011.24A   -9.621    0.0010      Fe 2b               2355.00A   -5.558   11.6151
^13CO               453.374m   -8.097    0.0336      Fe 2                6966.33A   -8.979    0.0044      Fe 2b               2430.00A   -4.813   64.6136
^13CO               388.637m   -8.086    0.0345      Fe 2                5477.25A   -8.977    0.0044      Fe 2b               2445.00A   -4.813   64.6135
^13CO               340.088m   -8.078    0.0351      Fe 2                5278.38A   -9.445    0.0015      Fe 2b               2495.00A   -5.401   16.6975
^13CO               302.332m   -8.082    0.0348      Fe 2                4402.59A   -9.229    0.0025      Fe 2b               2610.00A   -5.063   36.2967
^13CO               272.130m   -8.088    0.0343      Fe 2                4384.21A   -9.162    0.0029      Fe 2b               2695.00A   -7.706    0.0826
^13CO               247.423m   -8.104    0.0331      Fe 2                1.05081m   -9.373    0.0018      Fe 2b               2758.00A   -6.644    0.9535
^13CO               226.836m   -8.124    0.0316      Fe 2                7710.80A   -9.526    0.0013      Fe 2b               2780.00A   -6.602    1.0496
^13CO               209.419m   -8.151    0.0296      Fe 2                7048.01A   -9.192    0.0027      Fe 2b               2935.00A   -8.297    0.0212
^13CO               194.493m   -8.173    0.0282      Fe 2                5901.28A   -9.423    0.0016      Fe 2b               2960.00A   -8.718    0.0080
^13CO               181.558m   -8.199    0.0265      Fe 2                5527.62A   -9.534    0.0012      Fe 2b               3180.00A   -7.226    0.2498
^13CO               170.243m   -8.227    0.0249      Fe 2                2.04602m   -8.060    0.0366      Fe 2b               3250.00A   -6.521    1.2641
^13CO               160.261m   -8.257    0.0232      Fe 2                1.41956m   -8.615    0.0102      Fe 2b               3590.00A   -6.540    1.2098
^13CO               151.390m   -8.288    0.0216      Fe 2                1.35904m   -9.420    0.0016      Fe 2b               3910.00A   -8.591    0.0108
^13CO               143.454m   -8.321    0.0201      Fe 2                1.23314m   -8.408    0.0164      Fe 2b               4060.00A   -9.249    0.0024
^13CO               136.314m   -8.354    0.0186      Fe 2                1.09108m   -8.331    0.0196      Fe 2b               4255.00A   -5.295   21.3059
^13CO               129.855m   -8.394    0.0170      Fe 2                1.07084m   -8.769    0.0071      Fe 2b               4558.00A   -6.025    3.9650
^13CO               123.985m   -8.436    0.0154      Fe 2                1.05625m   -9.219    0.0025      Fe 2b               4600.00A   -5.995    4.2456
^13CO               118.627m   -8.479    0.0139      Fe 2                1.01565m   -9.022    0.0040      Fe 2b               4743.00A   -6.744    0.7574
^13CO               113.717m   -8.525    0.0125      Fe 2                8119.18A   -9.499    0.0013      Fe 2b               4855.00A   -6.165    2.8704
^13CO               109.201m   -8.573    0.0112      Fe 2                5588.16A   -8.324    0.0199      Fe 2b               4920.00A   -5.651    9.3893
^13CO               105.034m   -8.624    0.0100      Fe 2                5586.91A   -9.187    0.0027      Fe 2b               4975.00A   -6.180    2.7731
^13CO               101.176m   -8.678    0.0088      Fe 2                5580.82A   -7.756    0.0736      Fe 2b               4971.00A   -6.223    2.5123
^13CO               97.5955m   -8.734    0.0077      Fe 2                5551.32A   -7.474    0.1410      Fe 2b               5070.00A   -6.102    3.3207
^13CO               94.2629m   -8.794    0.0067      Fe 2                3227.74A   -9.199    0.0027      Fe 2b               5143.00A   -5.569   11.3394
^13CO               91.1537m   -8.858    0.0058      Fe 2                3196.07A   -8.709    0.0082      Fe 2b               5270.00A   -5.284   21.8403
^13CO               88.2461m   -8.926    0.0050      Fe 2                2.13278m   -8.315    0.0203      Fe 2b               5318.00A   -5.602   10.5005
^13CO               85.5213m   -8.999    0.0042      Fe 2                1.46079m   -9.161    0.0029      Fe 2b               5540.00A   -6.750    0.7475
^13CO               82.9627m   -9.077    0.0035      Fe 2                1.39678m   -9.222    0.0025      Fe 2b               5865.00A   -7.350    0.1878
^13CO               80.5556m   -9.163    0.0029      Fe 2                1.30943m   -9.242    0.0024      Fe 2b               6265.00A   -8.163    0.0289
^13CO               78.2869m   -9.258    0.0023      Fe 2                1.24364m   -9.427    0.0016      Fe 2b               6565.00A   -7.505    0.1312
^13CO               76.1453m   -9.366    0.0018      Fe 2                1.09413m   -8.528    0.0125      Fe 2b               6910.00A   -7.444    0.1509
^13CO               74.1205m   -9.492    0.0014      Fe 2                1.07890m   -8.624    0.0100      Fe 2b               7445.00A   -5.826    6.2740
OH+                 308.406m   -9.439    0.0015      Fe 2                1.06830m   -9.382    0.0017      Fe 2b               8625.00A   -5.493   13.4919
C  1                1560.31A   -8.281    0.0220      Fe 2                1.03658m   -9.393    0.0017      Fe 2b               1.03250m   -6.551    1.1814
C  1                1560.68A   -8.389    0.0172      Fe 2                5650.95A   -8.303    0.0209      Fe 2b               1.88900m   -5.199   26.5283
C  1                1560.71A   -8.384    0.0173      Fe 2                5649.67A   -8.277    0.0222      Fe 2b               2.20000m   -7.284    0.2182
C  1                1561.34A   -7.737    0.0769      Fe 2                5643.44A   -9.414    0.0016      miscellaneous..................................
C  1                1561.37A   -8.115    0.0322      Fe 2                5613.27A   -7.690    0.0858      Blnd                8446.00A   -9.370    0.0018
C  1                1561.44A   -7.913    0.0514      Fe 2                2.24366m   -8.653    0.0093      Blnd                1304.00A   -7.755    0.0738
C  1                1656.27A   -7.726    0.0790      Fe 2                2.00672m   -7.998    0.0421      Blnd                2798.00A   -4.322  199.9544
C  1                1656.93A   -8.027    0.0394      Fe 2                1.10657m   -8.871    0.0056      Blnd                6720.00A   -5.050   37.4480
C  1                1657.01A   -7.238    0.2426      Fe 2                1.09542m   -8.975    0.0044      Blnd                4074.00A   -6.374    1.7735
C  1                1657.38A   -7.953    0.0468      Fe 2                5725.92A   -8.575    0.0112      Blnd                1.03300m   -6.483    1.3804
C  1                1657.91A   -7.504    0.1316      Fe 2                5718.22A   -8.024    0.0397      Blnd                1256.00A   -8.399    0.0167
C  1                1658.12A   -7.422    0.1590      Fe 2                2.22379m   -7.409    0.1639      Blnd                5892.00A   -7.906    0.0522
C  1                1930.90A   -9.582    0.0011      Fe 2                2.01513m   -7.728    0.0785      Blnd                2665.00A   -5.872    5.6414
C  1                1992.01A   -9.524    0.0013      Fe 2                9682.08A   -8.240    0.0242      Blnd                2335.00A   -5.683    8.7219
C  1                1993.62A   -7.997    0.0423      Fe 2                9513.85A   -9.046    0.0038      Blnd                8579.00A   -5.295   21.3124
C  1                2582.90A   -9.261    0.0023      Fe 2                8715.81A   -8.872    0.0056      Blnd                7306.00A   -4.646   94.9484
C  1                9824.13A   -4.849   59.4342      Fe 2                6873.84A   -8.537    0.0122      Blnd                3933.00A   -6.535    1.2246
C  1                9850.26A   -4.374  177.5609      Fe 2                6700.65A   -9.507    0.0013      Blnd                1657.00A   -6.779    0.6983
C  1                370.269m   -4.542  120.5885      Fe 2                6188.55A   -8.717    0.0081      Blnd                9850.00A   -4.248  236.9951
C  1                609.590m   -5.006   41.3813      Fe 2                5870.02A   -8.967    0.0045      Blnd                2326.00A   -7.592    0.1075
C  2                1334.53A   -9.394    0.0017      Fe 2                5673.20A   -9.001    0.0042      Blnd                1335.00A   -8.723    0.0079
C  2                1335.66A   -9.148    0.0030      Fe 2                4898.61A   -8.738    0.0077      Blnd                3467.00A   -7.173    0.2818
C  2                1335.71A   -9.109    0.0033      Fe 2                2.25348m   -8.246    0.0238      Blnd                5199.00A   -4.927   49.6253
C  2                2323.50A   -8.823    0.0063      Fe 2                1.02005m   -9.454    0.0015      Blnd                1.04030m   -6.417    1.6082
C  2                2324.69A   -8.497    0.0134      Fe 2                1.00139m   -8.898    0.0053      Blnd                2141.00A   -9.437    0.0015
C  2                2325.40A   -8.086    0.0345      Fe 2                9133.66A   -9.621    0.0010      Blnd                6300.00A   -4.641   95.9009
C  2                2326.93A   -8.041    0.0382      Fe 2                8885.67A   -9.346    0.0019      Blnd                2471.00A   -9.323    0.0020
C  2                2328.12A   -8.443    0.0151      Fe 2                7131.14A   -9.511    0.0013      Blnd                7323.00A   -9.490    0.0014
C  2                157.636m   -6.006    4.1429      Fe 2                6944.91A   -9.079    0.0035      Blnd                7332.00A   -9.572    0.0011
Ca 1                4226.73A   -7.636    0.0971      Fe 2                6473.88A   -9.116    0.0032      Blnd                3727.00A   -7.411    0.1630
Ca 1                6439.08A   -8.608    0.0104      Fe 2                6044.10A   -9.547    0.0012      Blnd                7325.00A   -9.228    0.0025
Ca 1                6462.57A   -8.830    0.0062      Fe 2                5835.45A   -9.216    0.0026      N 1C                5199.00A   -8.904    0.0052
Ca 1                6493.78A   -9.031    0.0039      Fe 2                5060.09A   -9.297    0.0021      N 1T                5199.00A   -9.019    0.0040

                                                    Emergent line intensities
general properties.............................      Fe 2                2607.09A   -7.484    0.1378      Mn 2                2593.72A   -7.119    0.3194
continua.......................................      Fe 2                2404.89A   -7.185    0.2745      Mn 2                2605.68A   -7.259    0.2311
FIR                 83.0000m   -3.207 2608.4995      Fe 2                2399.24A   -8.005    0.0416      Mn 2                3438.97A   -8.903    0.0053
TIR                 1800.00m   -4.975   44.4754      Fe 2                2395.42A   -9.010    0.0041      Mn 2                3460.03A   -9.493    0.0013
NIRa                2.85000m   -3.294 2134.4421      Fe 2                2380.76A   -6.001    4.1898      N  1                1134.17A   -9.598    0.0011
NIRb                3.00000m   -4.460  145.5870      Fe 2                2348.30A   -7.746    0.0753      N  1                1134.41A   -9.351    0.0019
MIRa                15.0000m   -4.555  117.1472      Fe 2                2327.40A   -8.337    0.0193      N  1                1134.98A   -9.221    0.0025
MIRb                22.5000m   -3.418 1604.3132      Fe 2                87.3597m   -7.053    0.3718      N  1                1199.55A   -8.785    0.0069
NMIR                21.7500m   -3.294 2134.4421      Fe 2                5.06097m   -7.954    0.0467      N  1                1200.22A   -8.957    0.0046
TFIR                611.250m   -4.028  393.3973      Fe 2                4.43363m   -7.872    0.0565      N  1                1200.71A   -9.259    0.0023
TALL                10000.0A   -2.836 6129.7319      Fe 2                1.40951m   -9.282    0.0022      N  1                3466.50A   -7.257    0.2324
F12                 12.0000m   -6.457    1.4679      Fe 2                1.32777m   -7.420    0.1597      N  1                3466.54A   -7.930    0.0494
F25                 25.0000m   -5.067   35.9637      Fe 2                1.27877m   -7.477    0.1401      N  1                5197.90A   -5.326   19.8391
F60                 60.0000m   -3.270 2255.2097      Fe 2                1.25214m   -8.517    0.0128      N  1                5200.26A   -5.149   29.7855
F100                100.000m   -6.046    3.7777      Fe 2                7926.88A   -8.755    0.0074      N  1                1.03977m   -6.762    0.7274
MIPS                24.0000m   -5.067   35.9585      Fe 2                7803.89A   -8.495    0.0134      N  1                1.03982m   -7.284    0.2183
MIPS                70.0000m   -3.271 2251.7468      Fe 2                7665.28A   -7.748    0.0750      N  1                1.04072m   -7.109    0.3264
MIPS                160.000m   -4.286  217.2908      Fe 2                5006.63A   -7.895    0.0535      N  1                1.04076m   -7.097    0.3359
IRAC                3.60000m   -7.682    0.0873      Fe 2                4772.06A   -8.708    0.0082      Na 1                5889.95A   -8.207    0.0261
IRAC                4.50000m   -6.361    1.8284      Fe 2                4639.67A   -8.392    0.0170      Na 1                5895.92A   -8.207    0.0261
IRAC                5.80000m   -4.648   94.4347      Fe 2                4528.39A   -8.003    0.0417      Ni 1                7.50454m   -8.198    0.0266
IRAC                8.00000m   -5.656    9.2840      Fe 2                4509.61A   -8.351    0.0187      O  1                1304.86A   -7.886    0.0546
SPR1                250.000m   -6.113    3.2365      Fe 2                4452.10A   -6.374    1.7772      O  1                1306.03A   -8.359    0.0184
SPR2                350.000m   -4.534  122.7934      Fe 2                3277.55A   -8.508    0.0130      O  1                1355.60A   -7.936    0.0487
SPR3                500.000m   -6.299    2.1118      Fe 2                3277.12A   -9.413    0.0016      O  1                1358.51A   -8.392    0.0170
PAC1                70.0000m   -3.271 2252.6797      Fe 2                3275.02A   -8.584    0.0109      O  1                2972.29A   -7.408    0.1641
PAC2                100.000m   -6.046    3.7800      Fe 2                2631.05A   -7.331    0.1959      O  1                5577.34A   -6.459    1.4613
PAC3                160.000m   -4.282  219.4778      Fe 2                2620.41A   -9.219    0.0025      O  1                6300.30A   -4.762   72.6704
PAH                 3.30000m   -8.488    0.0137      Fe 2                2613.82A   -8.100    0.0334      O  1                6363.78A   -5.258   23.2143
PAHC                3.23000m   -8.768    0.0072      Fe 2                2410.52A   -7.972    0.0449      O  1                6391.73A   -8.586    0.0109
PAHC                3.37000m   -8.757    0.0073      Fe 2                2406.66A   -8.243    0.0240      O  1                44.0453m   -8.899    0.0053
PAH                 6.20000m   -8.535    0.0122      Fe 2                2404.43A   -9.073    0.0036      O  1                63.1679m   -3.271 2250.1519
PAHC                5.65000m   -7.445    0.1508      Fe 2                2359.11A   -8.056    0.0369      O  1                145.495m   -4.302  209.6739
PAH                 7.90000m   -8.026    0.0396      Fe 2                2338.01A   -8.116    0.0321      O  2                2470.34A   -9.426    0.0016
PAHC                6.90000m   -5.658    9.2392      Fe 2                4.67067m   -8.496    0.0134      O  2                7319.99A   -9.619    0.0010
PAH                 11.3000m   -7.882    0.0551      Fe 2                1.29777m   -7.808    0.0654      O  2                3728.81A   -7.633    0.0978
PAHC                10.9000m   -7.538    0.1218      Fe 2                1.27034m   -7.680    0.0879      O  2                3726.03A   -7.809    0.0652
PAH                 11.8000m   -9.223    0.0025      Fe 2                7999.47A   -9.502    0.0013      P  2                60.6263m   -6.721    0.7979
PAHC                12.6500m   -7.285    0.2179      Fe 2                7874.24A   -7.849    0.0595      P  2                1532.53A   -9.264    0.0023
PAH                 13.3000m   -9.139    0.0031      Fe 2                7733.14A   -8.396    0.0169      P  2                32.8620m   -6.824    0.6293
PAHC                14.1000m   -6.946    0.4761      Fe 2                4798.28A   -8.258    0.0232      P  2                1.14682m   -6.742    0.7615
Bcon                3640.00A   -3.601 1051.5040      Fe 2                4664.45A   -8.906    0.0052      P  2                4669.25A   -8.407    0.0165
Pcon                5000.00A   -4.023  398.3849      Fe 2                4533.01A   -8.898    0.0053      P  2                2195.57A   -8.686    0.0087
O3bn                5007.00A   -5.883    5.4972      Fe 2                4474.90A   -6.686    0.8657      P  2                1536.42A   -9.280    0.0022
RRC............................................      Fe 2                3289.89A   -8.894    0.0054      P  2                1535.92A   -9.120    0.0032
grains.........................................      Fe 2                3289.46A   -8.673    0.0089      P  2                1.18828m   -6.318    2.0186
H-like iso-sequence............................      Fe 2                2628.29A   -7.783    0.0692      P  2                2210.34A   -8.232    0.0246
H  1                1215.67A   -3.923  501.0890      Fe 2                2621.67A   -8.687    0.0086      P  2                1542.30A   -9.409    0.0016
H  1                6562.80A   -5.861    5.7835      Fe 2                2413.31A   -8.488    0.0137      P  2                7875.99A   -7.658    0.0923
H  1                4861.32A   -6.623    1.0000      Fe 2                2411.07A   -8.497    0.0134      S  1                1483.04A   -9.256    0.0023
H  1                4340.46A   -7.004    0.4161      Fe 2                2344.28A   -8.202    0.0264      S  1                1820.34A   -7.942    0.0480
H  1                4101.73A   -8.697    0.0084      Fe 2                17.9311m   -5.637    9.6942      S  1                1826.24A   -8.426    0.0158
H  1                3970.07A   -8.987    0.0043      Fe 2                1.64355m   -4.742   76.0008      S  1                25.2421m   -5.883    5.4961
H  1                3889.05A   -9.220    0.0025      Fe 2                1.53348m   -5.868    5.6959      S  1                56.2957m   -6.843    0.6036
H  1                3835.38A   -9.415    0.0016      Fe 2                8616.95A   -6.131    3.1047      S  2                6730.82A   -5.439   15.2836
H  1                3797.90A   -9.582    0.0011      Fe 2                7155.17A   -6.260    2.3084      S  2                6716.44A   -5.278   22.1618
H  1                3770.63A   -9.327    0.0020      Fe 2                6896.17A   -7.712    0.0816      S  2                4076.35A   -6.987    0.4327
H  1                3750.15A   -9.442    0.0015      Fe 2                5413.37A   -8.170    0.0284      S  2                4068.60A   -6.496    1.3409
H  1                3734.37A   -9.547    0.0012      Fe 2                5280.27A   -8.706    0.0083      S  2                1.03364m   -7.125    0.3147
H  1                1.87510m   -7.395    0.1690      Fe 2                5273.36A   -6.258    2.3166      S  2                1.02867m   -7.122    0.3171
H  1                1.28181m   -7.708    0.0822      Fe 2                5158.79A   -5.647    9.4592      S  2                1.03705m   -7.447    0.1500
H  1                1.09381m   -9.082    0.0035      Fe 2                5111.64A   -6.554    1.1722      S  2                1.03205m   -6.988    0.4314
H  1                1.00494m   -9.390    0.0017      Fe 2                5072.41A   -6.300    2.1057      S  2                1259.52A   -8.755    0.0074
H  1                4.05115m   -8.265    0.0228      Fe 2                5039.10A   -7.734    0.0775      S  2                1253.81A   -8.833    0.0062
H  1                2.62515m   -9.258    0.0023      Fe 2                4814.54A   -6.604    1.0455      S  2                1250.58A   -9.141    0.0030
H  1                2.16553m   -9.610    0.0010      Fe 2                4774.73A   -7.044    0.3797      Sc 2                4246.82A   -9.178    0.0028
H  1                7.45782m   -9.293    0.0021      Fe 2                4745.49A   -8.096    0.0337      Sc 2                7043.49A   -8.948    0.0047
He-like iso-sequence...........................      Fe 2                4661.78A   -9.194    0.0027      Sc 2                8261.17A   -9.462    0.0014
extra Lyman....................................      Fe 2                4243.97A   -5.974    4.4625      Sc 2                8271.28A   -9.348    0.0019
database lines.................................      Fe 2                4177.20A   -7.064    0.3628      Sc 2                8326.62A   -9.602    0.0010
CN                  2648.35m   -9.132    0.0031      Fe 2                4146.65A   -8.639    0.0096      Sc 2                8347.28A   -9.167    0.0029
CN                  2640.74m   -8.831    0.0062      Fe 2                4114.48A   -8.979    0.0044      Sc 2                8384.33A   -9.480    0.0014
CN                  1322.30m   -9.222    0.0025      Fe 2                3929.35A   -9.232    0.0025      Sc 2                1.07804m   -9.546    0.0012
CN                  1321.03m   -8.966    0.0045      Fe 2                3387.09A   -7.479    0.1394      Sc 2                2.03194m   -9.084    0.0035
CN                  881.421m   -9.214    0.0026      Fe 2                3376.20A   -6.681    0.8749      Sc 2                2.04712m   -9.431    0.0016
CN                  880.858m   -9.059    0.0037      Fe 2                2732.45A   -7.806    0.0656      Sc 2                2.07591m   -9.075    0.0035
CN                  661.044m   -9.119    0.0032      Fe 2                2493.30A   -5.401   16.6917      Sc 2                2.07842m   -8.909    0.0052
CN                  660.727m   -9.006    0.0041      Fe 2                2484.20A   -8.987    0.0043      Sc 2                2.08152m   -9.178    0.0028
CN                  528.842m   -9.230    0.0025      Fe 2                2360.00A   -7.318    0.2018      Sc 2                2.11129m   -9.352    0.0019
CN                  528.639m   -9.141    0.0030      Fe 2                2348.12A   -7.369    0.1796      Sc 2                2.12445m   -9.350    0.0019
CN                  440.721m   -9.243    0.0024      Fe 2                2331.31A   -9.062    0.0036      Si 1                2211.75A   -9.322    0.0020
CN                  440.580m   -9.169    0.0028      Fe 2                24.5126m   -6.337    1.9350      Si 1                2519.20A   -8.704    0.0083
CN                  377.785m   -9.389    0.0017      Fe 2                1.80940m   -5.343   19.0583      Si 1                2528.51A   -8.487    0.0137
CN                  377.682m   -9.326    0.0020      Fe 2                1.67688m   -6.293    2.1390      Si 1                68.4548m   -7.990    0.0430
CN                  330.590m   -9.475    0.0014      Fe 2                1.59948m   -6.200    2.6490      Si 1                129.641m   -8.060    0.0366
CN                  330.511m   -9.419    0.0016      Fe 2                9051.95A   -5.973    4.4733      Si 2                34.8046m   -3.463 1444.9452
CN                  293.825m   -9.584    0.0011      Fe 2                8891.93A   -6.397    1.6829      Si 2                2334.41A   -6.623    1.0016
HF                  243.178m   -8.738    0.0077      Fe 2                7452.56A   -6.752    0.7436      Si 2                2328.52A   -7.236    0.2437
CO                  2600.05m   -8.109    0.0327      Fe 2                7172.00A   -6.667    0.9038      Si 2                1808.01A   -6.594    1.0708
CO                  1300.05m   -7.078    0.3512      Fe 2                6275.53A   -8.625    0.0100      Si 2                1260.42A   -8.778    0.0070
CO                  866.727m   -6.785    0.6896      Fe 2                5527.36A   -7.242    0.2408      Si 2                2350.17A   -6.489    1.3631
CO                  650.074m   -6.685    0.8668      Fe 2                5440.48A   -8.999    0.0042      Si 2                2344.20A   -6.088    3.4336
CO                  520.089m   -6.634    0.9766      Fe 2                5433.15A   -6.772    0.7095      Si 2                2334.60A   -6.195    2.6810
CO                  433.438m   -6.599    1.0579      Fe 2                5261.63A   -6.028    3.9418      Si 2                1817.45A   -6.628    0.9891
CO                  371.549m   -6.588    1.0856      Fe 2                5220.08A   -7.303    0.2091      Si 2                1816.93A   -6.232    2.4604
CO                  325.137m   -6.579    1.1074      Fe 2                5184.80A   -7.199    0.2659      Si 2                1533.43A   -7.033    0.3892
CO                  289.041m   -6.583    1.0966      Fe 2                5158.01A   -7.148    0.2988      Si 2                1309.28A   -7.817    0.0640
CO                  260.169m   -6.589    1.0823      Fe 2                4947.39A   -6.548    1.1898      Si 2                1265.00A   -7.597    0.1062
CO                  236.549m   -6.604    1.0445      Fe 2                4905.35A   -6.899    0.5300      Si 2                1264.74A   -8.032    0.0390
CO                  216.868m   -6.624    0.9981      Fe 2                4874.50A   -6.942    0.4803      Si 2                1197.39A   -7.992    0.0428
CO                  200.218m   -6.650    0.9393      Fe 2                4852.74A   -8.303    0.0209      Si 2                1194.50A   -8.197    0.0267
CO                  185.949m   -6.672    0.8944      Fe 2                4346.86A   -6.601    1.0524      Si 2                3862.60A   -9.221    0.0025
CO                  173.584m   -6.697    0.8442      Fe 2                4276.84A   -6.525    1.2543      Si 2                3856.02A   -9.195    0.0027
CO                  162.767m   -6.723    0.7944      Fe 2                4244.82A   -7.337    0.1935      Si 2                6371.37A   -9.138    0.0031
CO                  153.225m   -6.752    0.7438      Fe 2                4231.56A   -8.937    0.0049      Si 2                6347.11A   -9.061    0.0036
CO                  144.745m   -6.782    0.6940      Fe 2                4211.11A   -8.913    0.0051      Zn 2                2062.00A   -8.731    0.0078
CO                  137.159m   -6.813    0.6463      Fe 2                3455.11A   -7.585    0.1091      Zn 2                2025.48A   -8.498    0.0133
CO                  130.333m   -6.845    0.6007      Fe 2                3452.31A   -7.274    0.2235      Al 2                2669.15A   -6.268    2.2640
CO                  124.160m   -6.882    0.5516      Fe 2                3440.99A   -7.160    0.2906      Al 2                2660.35A   -6.095    3.3781
CO                  118.548m   -6.922    0.5027      Fe 2                2774.73A   -9.047    0.0038      Al 2                1670.79A   -6.765    0.7216
CO                  113.427m   -6.962    0.4580      Fe 2                2759.34A   -9.447    0.0015      Al 2                3900.67A   -9.504    0.0013
CO                  108.733m   -7.006    0.4147      Fe 2                2485.07A   -9.229    0.0025      Ca 2                7323.89A   -5.039   38.3884
CO                  104.416m   -7.049    0.3754      Fe 2                2391.48A   -8.316    0.0203      Ca 2                7291.47A   -4.871   56.5525
CO                  100.433m   -7.094    0.3380      Fe 2                2379.28A   -9.033    0.0039      Ca 2                3968.47A   -6.846    0.5990
CO                  96.7462m   -7.142    0.3032      Fe 2                2362.02A   -7.766    0.0720      Ca 2                8662.14A   -5.774    7.0603
CO                  93.3237m   -7.191    0.2708      Fe 2                35.7675m   -7.136    0.3068      Ca 2                3933.66A   -6.827    0.6259
CO                  90.1384m   -7.241    0.2410      Fe 2                1.95361m   -6.254    2.3390      Ca 2                8498.02A   -6.463    1.4471
CO                  87.1666m   -7.294    0.2135      Fe 2                1.80002m   -6.309    2.0630      Ca 2                8542.09A   -5.516   12.8030
CO                  84.3877m   -7.348    0.1887      Fe 2                1.71113m   -6.878    0.5563      Ca 2                3706.02A   -8.134    0.0309
CO                  81.7835m   -7.403    0.1661      Fe 2                1.66377m   -6.497    1.3367      Ca 2                3736.90A   -7.837    0.0611
CO                  79.3383m   -7.461    0.1454      Fe 2                9399.04A   -6.395    1.6925      Ca 2                3158.87A   -8.155    0.0294
CO                  77.0375m   -7.520    0.1267      Fe 2                9226.63A   -6.341    1.9167      Ca 2                3181.27A   -8.860    0.0058
CO                  74.8697m   -7.581    0.1103      Fe 2                9033.49A   -7.417    0.1609      Ca 2                3179.33A   -7.905    0.0522
CO                  72.8231m   -7.644    0.0954      Fe 2                7388.17A   -6.787    0.6855      Ca 2                1.19497m   -9.581    0.0011
CO                  70.8878m   -7.708    0.0824      Fe 2                6440.41A   -7.740    0.0764      Ca 2                1.18390m   -9.276    0.0022
CO                  69.0557m   -7.771    0.0711      Fe 2                6229.28A   -8.890    0.0054      Ca 2                1838.01A   -9.092    0.0034
CO                  67.3181m   -7.836    0.0612      Fe 2                5654.87A   -8.202    0.0264      Ca 2                1840.03A   -8.936    0.0049
CO                  65.6684m   -7.902    0.0526      Fe 2                5556.31A   -7.442    0.1519      Ca 2                2112.76A   -9.564    0.0011
CO                  64.0998m   -7.968    0.0452      Fe 2                5412.67A   -7.970    0.0450      Cl 2                14.3639m   -6.947    0.4746
CO                  62.6072m   -8.035    0.0388      Fe 2                5333.66A   -6.315    2.0347      Cl 2                33.2721m   -8.027    0.0394
CO                  61.1843m   -8.102    0.0332      Fe 2                5296.84A   -7.598    0.1061      Cl 2                8578.70A   -6.635    0.9731
CO                  59.8271m   -8.170    0.0284      Fe 2                5268.89A   -7.318    0.2020      Cl 2                9123.60A   -7.220    0.2532
CO                  58.5311m   -8.237    0.0243      Fe 2                5107.96A   -8.254    0.0234      Cl 2                3677.85A   -8.558    0.0116
CO                  57.2920m   -8.306    0.0208      Fe 2                5049.30A   -6.721    0.7982      Cl 2                6161.84A   -8.512    0.0129
CO                  56.1066m   -8.377    0.0176      Fe 2                5005.52A   -6.775    0.7049      Mg 2                2802.71A   -4.796   67.1366
CO                  54.9712m   -8.448    0.0150      Fe 2                4973.40A   -7.043    0.3807      Mg 2                2795.53A   -4.500  132.8453
CO                  53.8829m   -8.519    0.0127      Fe 2                4950.76A   -7.388    0.1717      Mg 2                2936.52A   -7.727    0.0787
CO                  52.8388m   -8.591    0.0108      Fe 2                4352.79A   -6.841    0.6062      Mg 2                2928.64A   -8.029    0.0393
CO                  51.8365m   -8.663    0.0091      Fe 2                4319.62A   -7.107    0.3285      Mg 2                2797.93A   -8.467    0.0143
CO                  50.8731m   -8.735    0.0077      Fe 2                4305.90A   -7.910    0.0517      Mg 2                2790.77A   -7.765    0.0721
CO                  49.9472m   -8.808    0.0065      Fe 2                4084.33A   -9.236    0.0024      Mg 2                2798.00A   -7.512    0.1292
CO                  49.0559m   -8.882    0.0055      Fe 2                3504.51A   -7.888    0.0544      Mg 2                9244.22A   -9.587    0.0011
CO                  48.1977m   -8.958    0.0046      Fe 2                3504.02A   -7.745    0.0756      Mg 2                9218.22A   -9.289    0.0022
CO                  47.3709m   -9.034    0.0039      Fe 2                3501.63A   -7.309    0.2064      N  2                205.283m   -8.829    0.0062
CO                  46.5738m   -9.112    0.0032      Fe 2                3489.99A   -7.988    0.0432      N  2                121.769m   -9.051    0.0037
CO                  45.8046m   -9.190    0.0027      Fe 2                2385.01A   -8.592    0.0107      N  2                6548.05A   -8.202    0.0264
CO                  45.0623m   -9.271    0.0022      Fe 2                2.06648m   -7.648    0.0945      N  2                6583.45A   -7.733    0.0778
CO                  44.3452m   -9.354    0.0019      Fe 2                1.89541m   -7.045    0.3790      N  2                5754.59A   -9.581    0.0011
CO                  43.6523m   -9.440    0.0015      Fe 2                1.79711m   -6.531    1.2360      N  2                2142.77A   -9.585    0.0011
CO                  42.9823m   -9.531    0.0012      Fe 2                1.74494m   -6.820    0.6360      Ni 2                1.19102m   -5.619   10.1090
^13CO               1359.86m   -8.605    0.0104      Fe 2                9652.70A   -7.244    0.2397      Ni 2                6.63416m   -6.246    2.3814
^13CO               906.599m   -8.294    0.0214      Fe 2                9470.94A   -6.731    0.7799      Ni 2                1.07151m   -7.240    0.2418
^13CO               679.978m   -8.186    0.0274      Fe 2                9267.56A   -7.113    0.3235      Ni 2                10.6793m   -6.877    0.5574
^13CO               544.012m   -8.133    0.0310      Fe 2                7544.00A   -9.427    0.0016      Ni 2                1.27792m   -9.064    0.0036
^13CO               453.374m   -8.097    0.0336      Fe 2                6558.51A   -7.954    0.0467      Ni 2                1.16130m   -7.755    0.0738
^13CO               388.637m   -8.086    0.0345      Fe 2                5745.71A   -8.573    0.0112      Ni 2                12.7253m   -7.292    0.2143
^13CO               340.088m   -8.078    0.0351      Fe 2                5643.98A   -8.414    0.0162      Ni 2                9882.95A   -8.505    0.0131
^13CO               302.332m   -8.082    0.0348      Fe 2                5495.84A   -8.246    0.0238      Ni 2                1.09177m   -8.043    0.0381
^13CO               272.130m   -8.088    0.0343      Fe 2                5376.47A   -6.709    0.8209      Ni 2                18.2355m   -8.009    0.0411
^13CO               247.423m   -8.104    0.0331      Fe 2                5347.66A   -7.823    0.0631      Ni 2                9374.87A   -8.797    0.0067
^13CO               226.836m   -8.124    0.0316      Fe 2                5181.96A   -8.099    0.0334      Ni 2                7377.83A   -6.408    1.6434
^13CO               209.419m   -8.151    0.0296      Fe 2                5076.57A   -7.379    0.1754      Ni 2                8300.99A   -7.704    0.0831
^13CO               194.493m   -8.173    0.0282      Fe 2                5043.53A   -7.249    0.2366      Ni 2                1.93877m   -7.115    0.3221
^13CO               181.558m   -8.199    0.0266      Fe 2                5020.25A   -7.366    0.1810      Ni 2                2.36883m   -8.402    0.0166
^13CO               170.243m   -8.227    0.0249      Fe 2                4372.43A   -7.381    0.1746      Ni 2                2.91064m   -8.071    0.0357
^13CO               160.261m   -8.257    0.0233      Fe 2                4358.37A   -7.592    0.1073      Ni 2                6666.80A   -7.253    0.2347
^13CO               151.390m   -8.288    0.0216      Fe 2                4080.00A   -9.266    0.0023      Ni 2                7411.61A   -7.034    0.3885
^13CO               143.454m   -8.321    0.0201      Fe 2                3539.19A   -7.593    0.1073      Ni 2                1.76458m   -9.179    0.0028
^13CO               136.314m   -8.354    0.0186      Fe 2                3538.69A   -7.886    0.0546      Ni 2                2.04866m   -8.757    0.0074
^13CO               129.855m   -8.394    0.0170      Fe 2                3536.25A   -8.012    0.0409      Ni 2                2.30794m   -8.213    0.0257
^13CO               123.985m   -8.436    0.0154      Fe 2                3524.38A   -9.320    0.0020      Ni 2                6.91767m   -8.513    0.0129
^13CO               118.627m   -8.479    0.0139      Fe 2                22.8961m   -8.642    0.0096      Ni 2                4326.24A   -7.200    0.2650
^13CO               113.717m   -8.525    0.0125      Fe 2                1.81139m   -8.921    0.0050      Ni 2                4628.05A   -7.622    0.1003
^13CO               109.201m   -8.573    0.0112      Fe 2                7764.71A   -8.127    0.0313      Ni 2                6794.20A   -8.678    0.0088
^13CO               105.034m   -8.624    0.0100      Fe 2                7336.73A   -8.417    0.0161      Ni 2                7255.82A   -7.555    0.1171
^13CO               101.176m   -8.678    0.0088      Fe 2                7267.25A   -9.385    0.0017      Ni 2                7694.56A   -8.625    0.0100
^13CO               97.5955m   -8.734    0.0077      Fe 2                6809.24A   -8.394    0.0169      Ni 2                8033.54A   -8.790    0.0068
^13CO               94.2629m   -8.794    0.0067      Fe 2                6729.87A   -8.675    0.0089      Ni 2                1.04597m   -8.039    0.0384
^13CO               91.1537m   -8.858    0.0058      Fe 2                6671.93A   -9.238    0.0024      Ni 2                1.23230m   -8.066    0.0361
^13CO               88.2461m   -8.926    0.0050      Fe 2                5721.37A   -9.512    0.0013      Ni 2                4201.17A   -7.382    0.1742
^13CO               85.5213m   -8.999    0.0042      Fe 2                5163.96A   -8.424    0.0158      Ni 2                4485.21A   -7.835    0.0614
^13CO               82.9627m   -9.077    0.0035      Fe 2                4266.35A   -9.124    0.0032      Ni 2                7307.65A   -7.730    0.0781
^13CO               80.5556m   -9.163    0.0029      Fe 2                4249.08A   -9.395    0.0017      Ni 2                7612.72A   -8.059    0.0367
^13CO               78.2869m   -9.258    0.0023      Fe 2                4157.92A   -9.401    0.0017      Ni 2                1.13597m   -8.741    0.0076
^13CO               76.1453m   -9.366    0.0018      Fe 2                3277.35A   -7.936    0.0487      Ni 2                4285.31A   -8.590    0.0108
^13CO               74.1205m   -9.492    0.0014      Fe 2                3255.89A   -9.197    0.0027      Ni 2                6791.48A   -8.305    0.0208
OH+                 308.406m   -9.439    0.0015      Fe 2                2926.59A   -8.840    0.0061      Ni 2                7054.20A   -8.210    0.0259
C  1                1560.31A   -8.281    0.0220      Fe 2                2880.76A   -8.504    0.0132      Ni 2                9.61508m   -9.499    0.0013
C  1                1560.68A   -8.390    0.0171      Fe 2                2755.74A   -6.854    0.5878      Ni 2                4033.04A   -7.648    0.0944
C  1                1560.71A   -8.385    0.0173      Fe 2                2739.55A   -7.582    0.1100      Ni 2                4294.09A   -7.769    0.0715
C  1                1561.34A   -7.738    0.0767      Fe 2                2716.70A   -7.706    0.0826      Ni 2                6467.29A   -8.802    0.0066
C  1                1561.37A   -8.116    0.0321      Fe 2                34.6508m   -9.513    0.0013      Ni 2                6813.57A   -7.790    0.0681
C  1                1561.44A   -7.913    0.0513      Fe 2                1.00287m   -8.115    0.0322      Ni 2                7078.04A   -8.339    0.0192
C  1                1656.27A   -7.726    0.0790      Fe 2                8245.16A   -9.614    0.0010      Ni 2                1.02090m   -9.121    0.0032
C  1                1656.93A   -8.027    0.0394      Fe 2                8037.28A   -8.644    0.0095      Ni 2                3993.06A   -7.303    0.2089
C  1                1657.01A   -7.238    0.2426      Fe 2                7579.61A   -9.136    0.0031      Ni 2                4248.80A   -7.779    0.0699
C  1                1657.38A   -7.953    0.0468      Fe 2                7017.95A   -9.054    0.0037      Ni 2                6007.06A   -8.893    0.0054
C  1                1657.91A   -7.504    0.1316      Fe 2                6933.67A   -9.420    0.0016      Ni 2                6365.10A   -7.777    0.0701
C  1                1658.12A   -7.422    0.1590      Fe 2                6872.19A   -8.586    0.0109      Ni 2                6700.24A   -9.171    0.0028
C  1                1930.90A   -9.582    0.0011      Fe 2                6829.03A   -9.620    0.0010      Ni 2                6955.82A   -9.205    0.0026
C  1                1992.01A   -9.524    0.0013      Fe 2                5746.98A   -8.473    0.0141      Ni 2                8703.87A   -8.233    0.0246
C  1                1993.62A   -7.997    0.0423      Fe 2                5283.12A   -9.032    0.0039      Ni 2                9956.63A   -8.459    0.0146
C  1                2582.90A   -9.261    0.0023      Fe 2                5199.18A   -9.247    0.0024      Ni 2                5.18504m   -9.238    0.0024
C  1                9824.13A   -4.849   59.4295      Fe 2                4351.81A   -9.394    0.0017      Ni 2                3438.88A   -7.492    0.1353
C  1                9850.26A   -4.374  177.5469      Fe 2                4347.36A   -8.763    0.0072      Ni 2                3626.89A   -7.800    0.0666
C  1                370.269m   -4.542  120.6168      Fe 2                4329.43A   -8.110    0.0326      Ni 2                3378.16A   -8.106    0.0329
C  1                609.590m   -5.006   41.3911      Fe 2                2953.77A   -9.545    0.0012      Ni 2                3559.41A   -8.085    0.0345
C  2                1334.53A   -9.398    0.0017      Fe 2                2772.73A   -7.643    0.0955      level 1 lines..................................
C  2                1335.66A   -9.153    0.0030      Fe 2                2749.32A   -7.672    0.0893      recombination..................................
C  2                1335.71A   -9.114    0.0032      Fe 2                9795.19A   -8.893    0.0054      level2 lines...................................
C  2                2323.50A   -8.823    0.0063      Fe 2                8228.13A   -8.808    0.0065      C  1                1247.50A   -8.483    0.0138
C  2                2324.69A   -8.497    0.0134      Fe 2                7613.14A   -9.215    0.0026      C  1                1314.77A   -8.408    0.0164
C  2                2325.40A   -8.086    0.0345      Fe 2                7011.24A   -9.622    0.0010      C  1                1165.98A   -9.551    0.0012
C  2                2326.93A   -8.041    0.0383      Fe 2                6966.33A   -8.979    0.0044      C  1                1233.29A   -8.993    0.0043
C  2                2328.12A   -8.443    0.0151      Fe 2                5477.25A   -8.977    0.0044      C  1                1250.68A   -9.144    0.0030
C  2                157.636m   -6.006    4.1439      Fe 2                5278.38A   -9.445    0.0015      Mg 1                1817.31A   -9.265    0.0023
Ca 1                4226.73A   -7.636    0.0971      Fe 2                4402.59A   -9.230    0.0025      Mg 1                1739.09A   -9.468    0.0014
Ca 1                6439.08A   -8.608    0.0104      Fe 2                4384.21A   -9.162    0.0029      Mg 1                1699.05A   -9.522    0.0013
Ca 1                6462.57A   -8.830    0.0062      Fe 2                1.05081m   -9.373    0.0018      Mg 1                1675.74A   -9.599    0.0011
Ca 1                6493.78A   -9.031    0.0039      Fe 2                7710.80A   -9.526    0.0012      Si 1                1853.05A   -9.276    0.0022
Cl 1                11.3303m   -7.902    0.0526      Fe 2                7048.01A   -9.192    0.0027      Si 2                1179.59A   -8.703    0.0083
Co 2                9335.96A   -8.765    0.0072      Fe 2                5901.28A   -9.423    0.0016      S  1                1356.05A   -9.017    0.0040
Co 2                9639.13A   -9.203    0.0026      Fe 2                5527.62A   -9.535    0.0012      S  1                1392.25A   -9.369    0.0018
Co 2                10.5199m   -7.599    0.1057      Fe 2                2.04602m   -8.060    0.0366      S  1                1418.10A   -9.593    0.0011
Co 2                15.4548m   -8.485    0.0138      Fe 2                1.41956m   -8.615    0.0102      Fe 1                2484.25A   -9.257    0.0023
Co 2                2.98382m   -7.085    0.3453      Fe 2                1.35904m   -9.420    0.0016      Fe 1                2526.51A   -9.506    0.0013
Co 2                14.7345m   -8.129    0.0312      Fe 2                1.23314m   -8.408    0.0164      Sc 2                3627.22A   -7.947    0.0474
Co 2                18.7989m   -8.649    0.0094      Fe 2                1.09108m   -8.331    0.0196      Sc 2                3575.45A   -8.069    0.0358
Co 2                25.6819m   -9.337    0.0019      Fe 2                1.07084m   -8.769    0.0071      Sc 2                3368.13A   -8.634    0.0098
Co 2                1.01879m   -7.816    0.0642      Fe 2                1.05625m   -9.220    0.0025      Ti 2                3364.74A   -6.372    1.7829
Co 2                1.12804m   -8.786    0.0069      Fe 2                1.01565m   -9.022    0.0040      Ti 2                3237.15A   -6.612    1.0265
Co 2                1.54700m   -8.061    0.0365      Fe 2                8119.18A   -9.499    0.0013      Ti 2                1904.17A   -8.479    0.0139
Co 2                1.72847m   -9.057    0.0037      Fe 2                5588.16A   -8.325    0.0199      Ti 2                1907.36A   -8.222    0.0252
Co 2                1.90349m   -8.897    0.0053      Fe 2                5586.91A   -9.187    0.0027      V  2                2710.94A   -8.704    0.0083
Co 2                1.02452m   -8.621    0.0101      Fe 2                5580.82A   -7.756    0.0736      V  2                2684.22A   -8.466    0.0144
Co 2                1.09726m   -9.249    0.0024      Fe 2                5551.32A   -7.474    0.1410      V  2                2139.33A   -9.113    0.0032
Co 2                1.49674m   -9.485    0.0014      Fe 2                3227.74A   -9.199    0.0027      Cr 1                4269.56A   -9.015    0.0041
Co 2                1.62622m   -9.473    0.0014      Fe 2                3196.07A   -8.709    0.0082      Cr 1                3589.90A   -8.831    0.0062
Co 2                1.73616m   -9.179    0.0028      Fe 2                2.13278m   -8.315    0.0203      Cr 2                2059.78A   -6.973    0.4474
Co 2                1.02803m   -9.218    0.0025      Fe 2                1.46079m   -9.161    0.0029      Mn 2                1198.85A   -9.330    0.0020
Co 2                8580.39A   -9.274    0.0022      Fe 2                1.39678m   -9.222    0.0025      Co 2                2060.90A   -8.442    0.0152
Co 2                9342.40A   -7.970    0.0450      Fe 2                1.30943m   -9.242    0.0024      Co 2                2018.80A   -8.476    0.0140
Co 2                9943.48A   -8.317    0.0202      Fe 2                1.24364m   -9.427    0.0016      Co 2                1949.74A   -8.554    0.0117
Co 2                7539.01A   -8.639    0.0097      Fe 2                1.09413m   -8.528    0.0125      Co 2                1575.91A   -9.072    0.0036
Co 2                8121.00A   -8.351    0.0187      Fe 2                1.07890m   -8.624    0.0100      Co 2                1470.18A   -9.146    0.0030
Co 2                8571.41A   -8.958    0.0046      Fe 2                1.06830m   -9.382    0.0017      Ni 2                1751.83A   -8.006    0.0414
Co 2                6.21176m   -9.599    0.0011      Fe 2                1.03658m   -9.394    0.0017      Ni 2                1744.24A   -7.814    0.0645
Co 2                8027.34A   -8.817    0.0064      Fe 2                5650.95A   -8.303    0.0209      Ni 2                1484.97A   -9.132    0.0031
Co 2                8467.14A   -9.230    0.0025      Fe 2                5649.67A   -8.277    0.0222      Ni 2                1472.74A   -8.826    0.0063
Co 2                8333.76A   -8.998    0.0042      Fe 2                5643.44A   -9.415    0.0016      Ni 2                1400.37A   -9.132    0.0031
Cr 2                8000.08A   -6.806    0.6569      Fe 2                5613.27A   -7.690    0.0858      Ni 2                1375.73A   -8.807    0.0066
Cr 2                8125.30A   -6.880    0.5541      Fe 2                2.24366m   -8.653    0.0093      Ni 2                1324.11A   -8.907    0.0052
Cr 2                8229.67A   -6.974    0.4460      Fe 2                2.00672m   -7.998    0.0422      Zn 1                2138.57A   -9.599    0.0011
Cr 2                8308.49A   -7.161    0.2898      Fe 2                1.10657m   -8.872    0.0056      hyperfine structure............................
Cr 2                8357.64A   -7.459    0.1460      Fe 2                1.09542m   -8.975    0.0044      inner shell....................................
Cu 1                3247.54A   -9.595    0.0011      Fe 2                5725.92A   -8.575    0.0112      molecules......................................
Fe 1                24.0358m   -7.247    0.2377      Fe 2                5718.22A   -8.024    0.0397      bands..........................................
Fe 1                34.7038m   -7.835    0.0614      Fe 2                2.22379m   -7.409    0.1640      Fe 2b               2500.00A   -4.806   65.6791
Fe 2                25.9813m   -5.171   28.3184      Fe 2                2.01513m   -7.728    0.0785      Fe 2b               5000.00A   -4.862   57.7657
Fe 2                5.33871m   -4.649   94.2829      Fe 2                9682.08A   -8.240    0.0242      Fe 2b               7000.00A   -5.804    6.5894
Fe 2                4.11387m   -7.011    0.4092      Fe 2                9513.85A   -9.046    0.0038      Fe 2b               10000.0A   -4.484  137.7127
Fe 2                1.25668m   -5.920    5.0452      Fe 2                8715.81A   -8.873    0.0056      Fe 2b               2355.00A   -5.558   11.6166
Fe 2                1.19129m   -8.705    0.0083      Fe 2                6873.84A   -8.537    0.0122      Fe 2b               2430.00A   -4.813   64.6216
Fe 2                6309.53A   -9.551    0.0012      Fe 2                6700.65A   -9.507    0.0013      Fe 2b               2445.00A   -4.813   64.6215
Fe 2                4799.30A   -9.449    0.0015      Fe 2                6188.55A   -8.717    0.0081      Fe 2b               2495.00A   -5.401   16.6995
Fe 2                4704.22A   -8.673    0.0089      Fe 2                5870.02A   -8.967    0.0045      Fe 2b               2610.00A   -5.063   36.3009
Fe 2                4632.28A   -6.880    0.5533      Fe 2                5673.20A   -9.001    0.0042      Fe 2b               2695.00A   -7.706    0.0826
Fe 2                4604.48A   -8.664    0.0091      Fe 2                4898.61A   -8.738    0.0077      Fe 2b               2758.00A   -6.644    0.9536
Fe 2                4416.27A   -6.862    0.5775      Fe 2                2.25348m   -8.246    0.0239      Fe 2b               2780.00A   -6.602    1.0497
Fe 2                4382.74A   -7.831    0.0619      Fe 2                1.02005m   -9.454    0.0015      Fe 2b               2935.00A   -8.297    0.0212
Fe 2                4287.39A   -5.899    5.2984      Fe 2                1.00139m   -8.898    0.0053      Fe 2b               2960.00A   -8.718    0.0080
Fe 2                3931.44A   -9.494    0.0013      Fe 2                9133.66A   -9.621    0.0010      Fe 2b               3180.00A   -7.226    0.2498
Fe 2                3874.07A   -9.125    0.0032      Fe 2                8885.67A   -9.346    0.0019      Fe 2b               3250.00A   -6.521    1.2642
Fe 2                3175.38A   -7.710    0.0818      Fe 2                7131.14A   -9.511    0.0013      Fe 2b               3590.00A   -6.541    1.2098
Fe 2                2599.40A   -8.100    0.0334      Fe 2                6944.91A   -9.079    0.0035      Fe 2b               3910.00A   -8.591    0.0108
Fe 2                2585.88A   -9.143    0.0030      Fe 2                6473.88A   -9.117    0.0032      Fe 2b               4060.00A   -9.249    0.0024
Fe 2                2382.04A   -6.274    2.2342      Fe 2                6044.10A   -9.547    0.0012      Fe 2b               4255.00A   -5.295   21.3065
Fe 2                2343.50A   -8.929    0.0050      Fe 2                5835.45A   -9.216    0.0026      Fe 2b               4558.00A   -6.025    3.9650
Fe 2                35.3391m   -5.833    6.1716      Fe 2                5060.09A   -9.297    0.0021      Fe 2b               4600.00A   -5.995    4.2457
Fe 2                6.71944m   -5.789    6.8351      Fe 2                4576.40A   -9.549    0.0012      Fe 2b               4743.00A   -6.744    0.7574
Fe 2                4.88781m   -6.675    0.8882      Fe 2                1.34608m   -9.596    0.0011      Fe 2b               4855.00A   -6.165    2.8704
Fe 2                4.07521m   -7.496    0.1340      Fe 2                1.11648m   -9.413    0.0016      Fe 2b               4920.00A   -5.651    9.3892
Fe 2                1.32055m   -6.417    1.6086      Fe 2                5048.19A   -9.263    0.0023      Fe 2b               4975.00A   -6.180    2.7731
Fe 2                1.24854m   -7.451    0.1487      Fe 2                1.71482m   -8.848    0.0060      Fe 2b               4971.00A   -6.223    2.5123
Fe 2                1.20512m   -9.263    0.0023      Fe 2                9949.21A   -9.179    0.0028      Fe 2b               5070.00A   -6.102    3.3206
Fe 2                7637.52A   -6.721    0.7990      Fe 2                7975.22A   -9.362    0.0018      Fe 2b               5143.00A   -5.569   11.3393
Fe 2                7523.28A   -8.768    0.0072      Fe 2                1.47063m   -9.618    0.0010      Fe 2b               5270.00A   -5.284   21.8399
Fe 2                4889.62A   -6.744    0.7569      Fe 2                1.01273m   -9.293    0.0021      Fe 2b               5318.00A   -5.602   10.5003
Fe 2                4750.27A   -9.476    0.0014      Fe 2                6353.11A   -9.414    0.0016      Fe 2b               5540.00A   -6.750    0.7475
Fe 2                4716.37A   -7.758    0.0733      Fe 2                1.80228m   -9.515    0.0013      Fe 2b               5865.00A   -7.350    0.1878
Fe 2                4687.56A   -7.961    0.0459      Fe 2                1.00387m   -9.443    0.0015      Fe 2b               6265.00A   -8.163    0.0289
Fe 2                4492.64A   -7.731    0.0780      Fe 2                9469.41A   -9.327    0.0020      Fe 2b               6565.00A   -7.506    0.1311
Fe 2                4457.95A   -7.130    0.3117      Fe 2                9384.77A   -8.817    0.0064      Fe 2b               6910.00A   -7.445    0.1509
Fe 2                4432.45A   -7.923    0.0501      Fe 2                2.39329m   -8.867    0.0057      Fe 2b               7445.00A   -5.826    6.2735
Fe 2                4359.33A   -6.030    3.9204      Fe 2                4825.73A   -8.314    0.0204      Fe 2b               8625.00A   -5.493   13.4907
Fe 2                3224.54A   -8.807    0.0066      Fe 2                2.50030m   -9.204    0.0026      Fe 2b               1.03250m   -6.551    1.1813
Fe 2                3214.67A   -8.224    0.0251      Fe 2                4867.73A   -9.356    0.0019      Fe 2b               1.88900m   -5.199   26.5346
Fe 2                2625.67A   -5.186   27.3836      Fe 2                2.59860m   -9.587    0.0011      Fe 2b               2.20000m   -7.284    0.2182
Fe 2                2611.87A   -5.914    5.1249      Fe 2                4903.85A   -8.808    0.0065      miscellaneous..................................
Fe 2                2598.37A   -7.145    0.3011      Fe 2                1.04657m   -9.620    0.0010      Blnd                8446.00A   -9.370    0.0018
Fe 2                2395.63A   -6.195    2.6822      Fe 2                3.58120m   -9.212    0.0026      Blnd                1304.00A   -7.759    0.0731
Fe 2                2388.63A   -7.242    0.2406      Fe 2                3.15558m   -9.242    0.0024      Blnd                2798.00A   -4.322  199.9820
Fe 2                2383.06A   -9.159    0.0029      Fe 2                5171.63A   -8.616    0.0102      Blnd                6720.00A   -5.050   37.4455
Fe 2                2364.83A   -6.594    1.0687      Fe 2                5169.03A   -7.844    0.0601      Blnd                4074.00A   -6.374    1.7736
Fe 2                2332.80A   -7.668    0.0901      Fe 2                5018.44A   -9.575    0.0011      Blnd                1.03300m   -6.483    1.3803
Fe 2                2279.91A   -9.241    0.0024      Fe 2                6044.54A   -9.060    0.0037      Blnd                1256.00A   -8.403    0.0166
Fe 2                51.2868m   -6.351    1.8720      Fe 2                5316.61A   -9.539    0.0012      Blnd                5892.00A   -7.906    0.0522
Fe 2                5.67236m   -7.486    0.1371      Fe 3                22.9190m   -9.568    0.0011      Blnd                2665.00A   -5.872    5.6421
Fe 2                4.60641m   -7.296    0.2125      Fe 3                4985.87A   -9.430    0.0016      Blnd                2335.00A   -5.683    8.7231
Fe 2                4.08085m   -8.042    0.0381      K  1                7664.90A   -9.419    0.0016      Blnd                8579.00A   -5.295   21.3104
Fe 2                1.37181m   -6.660    0.9182      Mg 1                2025.82A   -8.502    0.0132      Blnd                7306.00A   -4.646   94.9408
Fe 2                1.29427m   -7.236    0.2437      Mg 1                2852.13A   -6.082    3.4760      Blnd                3933.00A   -6.535    1.2248
Fe 2                7806.23A   -8.493    0.0135      Mg 1                3832.30A   -9.154    0.0029      Blnd                1657.00A   -6.779    0.6983
Fe 2                7686.93A   -6.798    0.6683      Mg 1                3838.29A   -8.737    0.0077      Blnd                9850.00A   -4.249  236.9763
Fe 2                7552.40A   -9.278    0.0022      Mg 1                4562.60A   -5.888    5.4362      Blnd                2326.00A   -7.592    0.1076
Fe 2                4958.23A   -8.595    0.0107      Mg 1                4571.10A   -6.326    1.9810      Blnd                1335.00A   -8.728    0.0079
Fe 2                4750.57A   -8.592    0.0107      Mg 1                4575.29A   -7.254    0.2338      Blnd                3467.00A   -7.173    0.2818
Fe 2                4728.07A   -7.393    0.1700      Mg 1                5167.32A   -8.413    0.0162      Blnd                5199.00A   -4.928   49.6246
Fe 2                4514.90A   -7.755    0.0738      Mg 1                5172.68A   -7.939    0.0484      Blnd                1.04030m   -6.417    1.6081
Fe 2                4488.75A   -7.474    0.1409      Mg 1                5183.60A   -7.718    0.0803      Blnd                2141.00A   -9.437    0.0015
Fe 2                4470.30A   -8.678    0.0088      Mg 1                8806.76A   -7.998    0.0422      Blnd                6300.00A   -4.641   95.8956
Fe 2                4413.78A   -6.181    2.7678      Mg 1                1.18282m   -8.174    0.0281      Blnd                2471.00A   -9.323    0.0020
Fe 2                3254.24A   -8.284    0.0218      Mg 1                1.50250m   -8.979    0.0044      Blnd                7323.00A   -9.490    0.0014
Fe 2                3244.18A   -8.579    0.0111      Mg 1                1.50402m   -9.423    0.0016      Blnd                7332.00A   -9.572    0.0011
Fe 2                2631.32A   -6.160    2.9032      Mg 1                1.71087m   -8.709    0.0082      Blnd                3727.00A   -7.411    0.1630
Fe 2                2617.62A   -7.605    0.1042      Mn 2                2576.10A   -7.026    0.3960      Blnd                7325.00A   -9.228    0.0025



 IC443 NE diffuse shock -- v shock=35 km/s, T obs=10000K (deceleration grid)  
 Cooling:  H  1c                     0 :0.126 C  1c                     0 :0.063 Fe 2c                     0 :0.066 O  1c                     0 :0.401 Si 2c                     0 :0.229  
 Heating:  TotM                      0 :0.216 CT H                      0 :0.601 H- H                      0 :0.179  

 These are some of the most important databases used by Cloudy:
 Many recombination coefficients were taken from http://amdpp.phys.strath.ac.uk/tamoc/RR/ and http://amdpp.phys.strath.ac.uk/tamoc/DR/
      and are based on the following papers:
        Badnell N. R., et al., A&A 406, 1151 (2003) [http://adsabs.harvard.edu/abs/2003A%26A...406.1151B]
        Badnell N. R., ApJS 167, 334 (2006) [http://adsabs.harvard.edu/abs/2006ApJS..167..334B]
 Much of the molecular emission data is from LAMDA as accessed on June 30, 2015. This database is described in:
        Schoeier F.L., et al., A&A 432, 369 (2005) [http://adsabs.harvard.edu/abs/2005A%26A...432..369S]
      This database is in part based on the work of the following groups:
        JPL: Pickett H. M. et al., JQSRT, 60, 883 (1998). [http://adsabs.harvard.edu/abs/1998JQSRT..60..883P]
        CDMS: Mueller H. S. et al., A&A 370, L49 (2001). [http://adsabs.harvard.edu/abs/2001A%26A...370L..49M]
              Mueller H. S. et al., J. Mol. Struct. 742, 215 (2005). [http://adsabs.harvard.edu/abs/2005JMoSt.742..215M]
 Some of the ionic emission data is from version 10.0.1 of CHIANTI. CHIANTI is a collaborative project involving the NRL (USA), the
      Universities of Florence (Italy) and Cambridge (UK), and George Mason University (USA). These papers describe Chianti:
        Dere K. P., et al., A&AS, 125, 149 (1997) [http://adsabs.harvard.edu/abs/1997A%26AS..125..149D]
        Landi E., et al., ApJ, 744, 99 (2012) [http://adsabs.harvard.edu/abs/2012ApJ...744...99L]
 Much of the H_2 data is from this web site: http://molat.obspm.fr/index.php?page=pages/Molecules/H2/H2can94.php. These data are
      described in:
        Abgrall H. et al., Can. J. Phys., 72, 856 (1994) [http://adsabs.harvard.edu/abs/1994CaJPh..72..856A]
        Wrathmall S. A. & Flower D. R., J. Phys. B, 40, 3221 (2007) [http://adsabs.harvard.edu/abs/2007JPhB...40.3221W]
 The Case A and Case B recombination predictions for one-electron systems are from
	Storey, P.J. & Hummer, D.G., 1995, MNRAS 272, 41 http://adsabs.harvard.edu/abs/1995MNRAS.272...41S
 The He I recombination predictions are from
	Porter, R. L.; Ferland, G. J.; Storey, P. J.; Detisch, M. J., 2012, MNRAS, 425, 28p http://adsabs.harvard.edu/abs/2012MNRAS.425L..28P
		http://adsabs.harvard.edu/abs/2013MNRAS.433L..89P

 If you find some process or data set to be particularly critical to a result, please follow the trail of references back to the
 original source and cite that.  This will support and encourage atomic, molecular, and chemical physicists to continue their
 valuable work.

 IONIZE PARMET:  U(1-)-37.0000  U(4-):-37.0000  U(sp):-37.00  Q(ion):   -3.114  L(ion)-13.650    Q(low): 10.258    L(low) -3.161
 ENERGY BUDGET:  Heat:  -7.438  Coolg:  -2.818  Error:4162383.6%  Rec Lin:  -4.155  F-F  H  0.000    P(rad/tot)max     8.54E-05    R(F Con):1.737e+05

     Col(Heff):      2.525E+20  snd travl time  2.29E+12 sec  Te-low: 1.00E+04  Te-hi: 1.00E+04  G0TH85: 0.00E+00  G0DB96:0.00E+00
  Emiss Measure    n(e)n(p) dl       2.309E+16  n(e)n(He+)dl         1.896E+08  En(e)n(He++) dl         0.000E+00  ne nC+:3.07E+13
 He/Ha:2.67E-08  =   0.00*true  Lthin:9.27E+06  itr/zn: 1.35  H2 itr/zn:  0.00  File Opacity: F  MassTot 7.15e-04  (gm/cm^2)
   Temps(21 cm)   T(21cm/Ly a)  7.10E+03        T(<nH/Tkin>)  1.00E+04          T(<nH/Tspin>)    7.61E+03          TB21cm:7.32E+00
                   N(H0/Tspin)  3.97E+16        N(OH/Tkin)    4.93E+07          B(21cm)          0.00E+00
   <a>:1.81E-12  erdeFe0.0E+00  Tcompt0.00E+00  Tthr4.64E+11  <Tden>: 1.00E+04  <dens>:3.89E-22  <MolWgt>1.29E+00
     Mean Jeans  l(cm)2.79E+20  M(sun)2.22E+06  smallest:     len(cm):2.79E+20  M(sun):2.22E+06  a_ox tran:  0.00
 Rion:1.000E+30  Dist:0.00E+00  Diam:0.000E+00
 Hatom level 70  HatomType: add  HInducImp  F  He tot level: 63  He2 level:   70  ExecTime    62.7
 ConvrgError(%)  <eden>  0.148  MaxEden  0.930  <H-C> 100.00  Max(H-C)  100.00  <Press>   0.000  MaxPrs er  0.000
  Continuity(%)  chng Te   0.0  elec den   1.2  n(H2)    0.0  n(CO)        5.6

                                                        Averaged Quantities
             Te      Te(Ne)   Te(NeNp)  Te(NeHe+)Te(NeHe2+) Te(NeO+)  Te(NeO2+)  Te(H2)     N(H)     Ne(O2+)   Ne(Np)
 Radius:  1.00e+04  1.00e+04  1.00e+04  1.00e+04  0.00e+00  1.00e+04  1.00e+04  1.00e+04  1.64e+02  1.22e-01  1.22e-01
 
 Peimbert T(OIIIr)0.00E+00 T(Bac)0.00E+00 T(Hth)6.97E+03 t2(Hstrc) 3.31e-32 T(O3-BAC)5.56E+03 t2(O3-BC)-1.49e-01 t2(O3str) 0.00e+00

 Contin Optical Depths: COMP: 1.48e-07    H-: 6.02e-05 R(1300): 2.03e-03  H2+: 5.60e-07  Bra:1.48E-07
                          Pa: 1.50e-07    Ba: 5.53e-05      Hb: 4.29e-05   La: 4.99e+00     1r:1.917E+03  1.8:5.98E+02 4.:9.037E+01

 Old, new H  1 continuum optical depths:
     1 1.92e+03     2 3.11e-05     3 6.11e-05     4 6.11e-05     5 6.11e-05     6 1.58e-05     7 1.58e-05     8 1.58e-05
     9 1.58e-05    10 1.22e-18    11 1.22e-18    12 1.22e-18    13 1.22e-18    14 1.22e-18    15 1.75e-18    16 1.75e-18
    17 1.75e-18    18 1.75e-18    19 1.75e-18    20 1.75e-18    21 3.05e-18    22 3.05e-18    23 3.05e-18    24 3.05e-18
    25 3.05e-18    26 3.05e-18    27 3.05e-18    28 4.91e-18    29 4.91e-18    30 4.91e-18    31 4.91e-18    32 4.91e-18
    33 4.91e-18    34 4.91e-18    35 4.91e-18    36 7.50e-18    37 7.50e-18    38 7.50e-18    39 7.50e-18    40 7.50e-18
    41 7.50e-18    42 7.50e-18    43 7.50e-18    44 7.50e-18    45 1.09e-17    46 1.09e-17    47 1.09e-17    48 1.09e-17
    49 1.09e-17    50 1.09e-17    51 1.09e-17    52 1.09e-17    53 1.09e-17    54 1.09e-17
     1 1.92e+03     2 3.09e-05     3 6.07e-05     4 6.07e-05     5 6.07e-05     6 1.57e-05     7 1.57e-05     8 1.57e-05
     9 1.57e-05    10 1.21e-18    11 1.21e-18    12 1.21e-18    13 1.21e-18    14 1.21e-18    15 1.74e-18    16 1.74e-18
    17 1.74e-18    18 1.74e-18    19 1.74e-18    20 1.74e-18    21 3.02e-18    22 3.02e-18    23 3.02e-18    24 3.02e-18
    25 3.02e-18    26 3.02e-18    27 3.02e-18    28 4.88e-18    29 4.88e-18    30 4.88e-18    31 4.88e-18    32 4.88e-18
    33 4.88e-18    34 4.88e-18    35 4.88e-18    36 7.45e-18    37 7.45e-18    38 7.45e-18    39 7.45e-18    40 7.45e-18
    41 7.45e-18    42 7.45e-18    43 7.45e-18    44 7.45e-18    45 1.09e-17    46 1.09e-17    47 1.09e-17    48 1.09e-17
    49 1.09e-17    50 1.09e-17    51 1.09e-17    52 1.09e-17    53 1.09e-17    54 1.09e-17

 Old, new H  1 mean line optical depths:
  2- 1 3.16e+07  3- 2 3.84e-07  4- 3 5.97e-14  5- 4 3.17e-14  6- 5 7.60e-14  7- 6-2.07e-15  8- 7 2.77e-15
  9- 8 2.40e-14 10- 9 8.12e-14 11-10 3.46e-13 12-11 4.69e-15 13-12 1.36e-15 14-13-6.73e-15 15-14-2.32e-14 16-15-5.40e-14
 17-16-1.08e-13 18-17-2.00e-13 19-18-3.52e-13 20-19-5.99e-13 21-20-1.00e-12 22-21-1.71e-12 23-22-3.13e-12 24-23-7.47e-12
 25-24-2.22e-10
  2- 1 3.16e+07  3- 2 3.66e-07  4- 3 5.94e-14  5- 4 3.15e-14  6- 5 7.56e-14  7- 6-2.06e-15  8- 7 2.76e-15
  9- 8 2.39e-14 10- 9 8.07e-14 11-10 3.44e-13 12-11 4.72e-15 13-12 1.44e-15 14-13-6.53e-15 15-14-2.28e-14 16-15-5.33e-14
 17-16-1.07e-13 18-17-1.98e-13 19-18-3.49e-13 20-19-5.93e-13 21-20-9.94e-13 22-21-1.69e-12 23-22-3.09e-12 24-23-7.36e-12
 25-24-2.19e-10

 Old, new He 2 continuum optical depths:
     1 9.04e+01     2 1.91e+03     3 4.41e-05     4 4.41e-05     5 4.41e-05     6 3.11e-05     7 3.11e-05     8 3.11e-05
     9 3.11e-05    10 4.95e-05    11 4.95e-05    12 4.95e-05    13 4.95e-05    14 4.95e-05    15 6.11e-05    16 6.11e-05
    17 6.11e-05    18 6.11e-05    19 6.11e-05    20 6.11e-05    21 5.14e-05    22 5.14e-05    23 5.14e-05    24 5.14e-05
    25 5.14e-05    26 5.14e-05    27 5.14e-05    28 1.58e-05    29 1.58e-05    30 1.58e-05    31 1.58e-05    32 1.58e-05
    33 1.58e-05    34 1.58e-05    35 1.58e-05    36 7.93e-19    37 7.93e-19    38 7.93e-19    39 7.93e-19    40 7.93e-19
    41 7.93e-19    42 7.93e-19    43 7.93e-19    44 7.93e-19    45 1.22e-18    46 1.22e-18    47 1.22e-18    48 1.22e-18
    49 1.22e-18    50 1.22e-18    51 1.22e-18    52 1.22e-18    53 1.22e-18    54 1.22e-18
     1 9.04e+01     2 1.91e+03     3 4.42e-05     4 4.42e-05     5 4.42e-05     6 3.09e-05     7 3.09e-05     8 3.09e-05
     9 3.09e-05    10 4.92e-05    11 4.92e-05    12 4.92e-05    13 4.92e-05    14 4.92e-05    15 6.07e-05    16 6.07e-05
    17 6.07e-05    18 6.07e-05    19 6.07e-05    20 6.07e-05    21 5.10e-05    22 5.10e-05    23 5.10e-05    24 5.10e-05
    25 5.10e-05    26 5.10e-05    27 5.10e-05    28 1.57e-05    29 1.57e-05    30 1.57e-05    31 1.57e-05    32 1.57e-05
    33 1.57e-05    34 1.57e-05    35 1.57e-05    36 7.88e-19    37 7.88e-19    38 7.88e-19    39 7.88e-19    40 7.88e-19
    41 7.88e-19    42 7.88e-19    43 7.88e-19    44 7.88e-19    45 1.21e-18    46 1.21e-18    47 1.21e-18    48 1.21e-18
    49 1.21e-18    50 1.21e-18    51 1.21e-18    52 1.21e-18    53 1.21e-18    54 1.21e-18

 Old, new He 2 mean line optical depths:
  2- 1 0.00e+00  3- 2 0.00e+00  4- 3 0.00e+00  5- 4 0.00e+00  6- 5 0.00e+00  7- 6 0.00e+00  8- 7 0.00e+00
  9- 8 0.00e+00 10- 9 0.00e+00 11-10 0.00e+00 12-11 0.00e+00 13-12 0.00e+00 14-13 0.00e+00 15-14 0.00e+00 16-15 0.00e+00
 17-16 0.00e+00 18-17 0.00e+00 19-18 0.00e+00 20-19 0.00e+00 21-20 0.00e+00 22-21 0.00e+00 23-22 0.00e+00 24-23 0.00e+00
 25-24 0.00e+00
  2- 1 0.00e+00  3- 2 0.00e+00  4- 3 0.00e+00  5- 4 0.00e+00  6- 5 0.00e+00  7- 6 0.00e+00  8- 7 0.00e+00
  9- 8 0.00e+00 10- 9 0.00e+00 11-10 0.00e+00 12-11 0.00e+00 13-12 0.00e+00 14-13 0.00e+00 15-14 0.00e+00 16-15 0.00e+00
 17-16 0.00e+00 18-17 0.00e+00 19-18 0.00e+00 20-19 0.00e+00 21-20 0.00e+00 22-21 0.00e+00 23-22 0.00e+00 24-23 0.00e+00
 25-24 0.00e+00

 Old He Is optical depths:    1 5.98e+02    2 2.04e-05    3 2.58e-05    4 2.89e-05    5 2.89e-05
 New He Is optical depths:    1 5.98e+02    2 2.02e-05    3 2.57e-05    4 2.87e-05    5 2.87e-05
          Old He Is Lines:  584 2.00e+06 3889 2.23e-09 5016 3.80e-15 5876 0.00e+00
          New He Is Lines:  584 2.00e+06 3889 2.22e-09 5016 3.79e-15 5876 0.00e+00

==== H      compounds ====           Log10 column densities [cm^-2]
   H2        : 15.252   H2*       : 12.188   H2+       : 10.903   H3+       :  7.407
==== He     compounds ====
   HeH+      : 10.085
==== Li     compounds ====
   LiH       :  2.722   LiH+      :  0.589
==== C      compounds ====
   CH        : 11.733   CH+       :  9.549   CH2       :  7.340   CH2+      :  5.836   CH3       :  1.249   CH3+      :  1.218
   CH4       : -3.738   CH4+      : -5.505   CH5+      : -9.903   C2        : 10.990   C2+       :  9.695   C2H       :  5.973
   C2H+      :  5.834   C2H2      : -0.239   C2H2+     :  1.830   C2H3+     : -8.184   C3        :  1.124   C3+       :  3.698
   C3H       : -1.836   C3H+      :  0.339
==== N      compounds ====
   NH        : 13.452   NH+       : 12.759   NH2       :  9.393   NH2+      :  9.099   NH3       :  5.009   NH3+      :  4.751
   NH4+      : -1.508   CN        : 12.975   CN+       :  7.257   HCN       :  7.600   HCN+      :  6.550   HNC       :  5.585
   HCNH+     :  2.621   HC3N      : -3.624   N2        : 13.954   N2+       :  9.699   N2H+      :  3.049
==== O      compounds ====
   OH        : 11.693   OH+       : 11.888   H2O       :  6.313   H2O+      :  7.999   H3O+      :  3.839   CO        : 14.489
   CO+       :  7.351   HCO+      :  8.394   H2CO      :  3.254   NO        : 12.009   NO+       : 10.349   HNO       :  5.779
   HNO+      :  6.098   OCN       :  4.130   OCN+      :  7.966   N2O       :  6.922   O2        :  7.337   O2+       : 10.334
   NO2       :  5.359   NO2+      :  4.230
==== F      compounds ====
   HF        : 12.055   HF+       :  3.686   H2F+      :  0.426   CF+       :  8.696
==== Ne     compounds ====
   NeH+      :  8.419
==== Si     compounds ====
   SiH       :  4.649   SiH2+     :  3.459   SiN       :  2.371   SiN+      : 10.574   SiO       :  7.510   SiO+      :  9.051
   SiOH+     :  4.748
==== S      compounds ====
   HS        : 10.915   HS+       :  9.501   CS        :  9.417   CS+       :  8.561   HCS+      :  5.569   NS        : 10.148
   NS+       :  9.814   SO        :  9.671   SO+       :  8.800   OCS       :  3.233   OCS+      :  1.918   SO2       :-35.930
   SiS       : 11.015   S2        :  4.038   S2+       :  2.906
==== Cl     compounds ====
   HCl       :  7.053   HCl+      :  9.944   H2Cl+     :  6.287   CCl       :-12.707   CCl+      :  1.669   H2CCl+    :-15.464
   ClO       :-12.940   ClO+      :-17.428
==== Ar     compounds ====
   ArH+      :  8.511


               1      2      3      4      5      6      7      8      9     10     11     12     13     14     15     16     17

 Hydrogen   20.480 17.278 15.252 (H2)                Log10 Column density (cm^-2)
 Helium     19.480  9.191-30.000
 Lithium     9.374 11.788-30.000-30.000
 Beryllium   9.454  9.707  3.310-30.000-30.000
 Boron       9.302 11.266 -1.899-30.000-30.000-30.000
 Carbon     16.866 14.401  2.970-30.000-30.000-30.000-30.000
 Nitrogen   16.406 13.302 -1.159-30.000-30.000-30.000-30.000-30.000
 Oxygen     17.169 13.874 -5.999-30.000-30.000-30.000-30.000-30.000-30.000
 Fluorine   12.902  7.743 -7.683-30.000-30.000-30.000-30.000-30.000-30.000-30.000
 Neon       16.480 10.058-30.000-30.000-30.000-30.000-30.000-30.000-30.000-30.000-30.000
 Sodium     11.991 14.810 -6.399-30.000-30.000-30.000-30.000-30.000-30.000-30.000-30.000-30.000
 Magnesium  14.734 15.997 12.014-30.000-30.000-30.000-30.000-30.000-30.000-30.000-30.000-30.000-30.000
 Aluminium  11.787 14.950  8.256-30.000-30.000-30.000-30.000-30.000-30.000-30.000-30.000-30.000-30.000-30.000
 Silicon    13.840 16.017 11.023-30.000-30.000-30.000-30.000-30.000-30.000-30.000-30.000-30.000-30.000-30.000-30.000
 Phosphorus 11.059 13.985  4.995-30.000-30.000-30.000-30.000-30.000-30.000-30.000-30.000-30.000-30.000-30.000-30.000-30.000
 Sulphur    15.641 15.072  6.334-30.000-30.000-30.000-30.000-30.000-30.000-30.000-30.000-30.000-30.000-30.000-30.000-30.000-30.000
 Chlorine   11.812 13.756  4.965-30.000-30.000-30.000-30.000-30.000-30.000-30.000-30.000-30.000-30.000-30.000-30.000-30.000-30.000
-30.000
 Argon      14.880 10.520  0.159-30.000-30.000-30.000-30.000-30.000-30.000-30.000-30.000-30.000-30.000-30.000-30.000-30.000-30.000
-30.000-30.000
 Potassium  10.154 13.600  0.756-30.000-30.000-30.000-30.000-30.000-30.000-30.000-30.000-30.000-30.000-30.000-30.000-30.000-30.000
-30.000-30.000-30.000
 Calcium    12.469 14.834 12.788-30.000-30.000-30.000-30.000-30.000-30.000-30.000-30.000-30.000-30.000-30.000-30.000-30.000-30.000
-30.000-30.000-30.000-30.000
 Scandium    9.064 11.646  9.434-30.000-30.000-30.000-30.000-30.000-30.000-30.000-30.000-30.000-30.000-30.000-30.000-30.000-30.000
-30.000-30.000-30.000-30.000-30.000
 Titanium    9.959 13.501 10.206-30.000-30.000-30.000-30.000-30.000-30.000-30.000-30.000-30.000-30.000-30.000-30.000-30.000-30.000
-30.000-30.000-30.000-30.000-30.000-30.000
 Vanadium   10.505 12.475  8.148-30.000-30.000-30.000-30.000-30.000-30.000-30.000-30.000-30.000-30.000-30.000-30.000-30.000-30.000
-30.000-30.000-30.000-30.000-30.000-30.000-30.000
 Chromium   11.870 14.148 10.413-30.000-30.000-30.000-30.000-30.000-30.000-30.000-30.000-30.000-30.000-30.000-30.000-30.000-30.000
-30.000-30.000-30.000-30.000-30.000-30.000-30.000-30.000
 Manganese  10.421 13.939  9.944-30.000-30.000-30.000-30.000-30.000-30.000-30.000-30.000-30.000-30.000-30.000-30.000-30.000-30.000
-30.000-30.000-30.000-30.000-30.000-30.000-30.000-30.000-30.000
 Iron       12.391 15.930 11.645-30.000-30.000-30.000-30.000-30.000-30.000-30.000-30.000-30.000-30.000-30.000-30.000-30.000-30.000
-30.000-30.000-30.000-30.000-30.000-30.000-30.000-30.000-30.000-30.000
 Cobalt     11.958 13.384  7.046-30.000-30.000-30.000-30.000-30.000-30.000-30.000-30.000-30.000-30.000-30.000-30.000-30.000-30.000
-30.000-30.000-30.000-30.000-30.000-30.000-30.000-30.000-30.000-30.000-30.000
 Nickel     11.321 14.730  2.921-30.000-30.000-30.000-30.000-30.000-30.000-30.000-30.000-30.000-30.000-30.000-30.000-30.000-30.000
-30.000-30.000-30.000-30.000-30.000-30.000-30.000-30.000-30.000-30.000-30.000-30.000
 Copper     11.594 12.653  2.107-30.000-30.000-30.000-30.000-30.000-30.000-30.000-30.000-30.000-30.000-30.000-30.000-30.000-30.000
-30.000-30.000-30.000-30.000-30.000-30.000-30.000-30.000-30.000-30.000-30.000-30.000-30.000
 Zinc       12.207 13.017  6.458-30.000-30.000-30.000-30.000-30.000-30.000-30.000-30.000-30.000-30.000-30.000-30.000-30.000-30.000
-30.000-30.000-30.000-30.000-30.000-30.000-30.000-30.000-30.000-30.000-30.000-30.000-30.000-30.000
 Exc state                  He[2]  4.330                 C+[2] 13.534                  C[1] 16.157                  C[2] 16.583
                             C[3] 16.317                  O[1] 17.168                  O[2] 14.326                  O[3] 14.320
                           Si+[1] 16.016                C+2[2] -1.564                C+2[3]-10.776                C+2[4] -6.296


 Hydrogen   -0.000 -3.202 -4.927 (H2)                 Log10 Mean Ionisation (over radius)
 Helium      0.000-10.289
 Lithium    -2.416 -0.002
 Beryllium  -0.446 -0.193 -6.590
 Boron      -1.968 -0.005-13.170
 Carbon     -0.003 -2.468-13.899
 Nitrogen   -0.004 -3.108-17.569
 Oxygen     -0.001 -3.296-23.170
 Fluorine   -0.058 -5.217-20.643
 Neon       -0.000 -6.422
 Sodium     -2.819 -0.001-21.209
 Magnesium  -1.286 -0.023 -4.006
 Aluminium  -3.163 -0.000 -6.693
 Silicon    -2.180 -0.003 -4.997
 Phosphorus -2.927 -0.001 -8.990
 Sulphur    -0.104 -0.673 -9.411
 Chlorine   -1.949 -0.005 -8.796
 Argon      -0.000 -4.360-14.720
 Potassium  -3.446 -0.000-12.845
 Calcium    -2.371 -0.006 -2.052
 Scandium   -2.586 -0.004 -2.216
 Titanium   -3.542 -0.000 -3.295
 Vanadium   -1.975 -0.005 -4.332
 Chromium   -2.280 -0.002 -3.738
 Manganese  -3.519 -0.000 -3.996
 Iron       -3.540 -0.000 -4.285
 Cobalt     -1.442 -0.016 -6.354
 Nickel     -3.409 -0.000-11.809
 Copper     -1.095 -0.036-10.583
 Zinc       -0.873 -0.063 -6.622

               1      2      3      4      5      6      7      8      9     10     11     12     13     14     15     16     17

 Hydrogen   -0.000 -3.201 -4.926 (H2)         Log10 Mean Ionisation (over radius*electron density)
 Helium      0.000-10.286
 Lithium    -2.421 -0.002
 Beryllium  -0.455 -0.188 -6.584
 Boron      -1.997 -0.004-13.169
 Carbon     -0.003 -2.467-13.897
 Nitrogen   -0.004 -3.107-17.565
 Oxygen     -0.001 -3.296-23.168
 Fluorine   -0.056 -5.216-20.641
 Neon       -0.000 -6.422
 Sodium     -2.819 -0.001-21.209
 Magnesium  -1.287 -0.023 -4.005
 Aluminium  -3.166 -0.000 -6.693
 Silicon    -2.207 -0.003 -4.996
 Phosphorus -2.927 -0.001 -8.990
 Sulphur    -0.104 -0.671 -9.409
 Chlorine   -1.949 -0.005 -8.795
 Argon      -0.000 -4.359-14.718
 Potassium  -3.446 -0.000-12.845
 Calcium    -2.377 -0.006 -2.052
 Scandium   -2.590 -0.004 -2.216
 Titanium   -3.543 -0.000 -3.295
 Vanadium   -1.975 -0.005 -4.331
 Chromium   -2.291 -0.002 -3.737
 Manganese  -3.519 -0.000 -3.995
 Iron       -3.540 -0.000 -4.284
 Cobalt     -1.450 -0.016 -6.353
 Nickel     -3.410 -0.000-11.809
 Copper     -1.104 -0.036-10.581
 Zinc       -0.886 -0.060 -6.619

               1      2      3      4      5      6      7      8      9     10     11     12     13     14     15     16     17

 Hydrogen    4.000  4.000  4.000 (H2)                  Log10 Mean Temperature (over radius)
 Helium      4.000  4.000
 Lithium     4.000  4.000
 Beryllium   4.000  4.000  4.000
 Boron       4.000  4.000  4.000
 Carbon      4.000  4.000  4.000
 Nitrogen    4.000  4.000  4.000
 Oxygen      4.000  4.000  4.000
 Fluorine    4.000  4.000  4.000
 Neon        4.000  4.000
 Sodium      4.000  4.000  4.000
 Magnesium   4.000  4.000  4.000
 Aluminium   4.000  4.000  4.000
 Silicon     4.000  4.000  4.000
 Phosphorus  4.000  4.000  4.000
 Sulphur     4.000  4.000  4.000
 Chlorine    4.000  4.000  4.000
 Argon       4.000  4.000  4.000
 Potassium   4.000  4.000  4.000
 Calcium     4.000  4.000  4.000
 Scandium    4.000  4.000  4.000
 Titanium    4.000  4.000  4.000
 Vanadium    4.000  4.000  4.000
 Chromium    4.000  4.000  4.000
 Manganese   4.000  4.000  4.000
 Iron        4.000  4.000  4.000
 Cobalt      4.000  4.000  4.000
 Nickel      4.000  4.000  4.000
 Copper      4.000  4.000  4.000
 Zinc        4.000  4.000  4.000

               1      2      3      4      5      6      7      8      9     10     11     12     13     14     15     16     17

 Hydrogen    4.000  4.000  4.000 (H2)          Log10 Mean Temperature (over radius*electron density)
 Helium      4.000  4.000
 Lithium     4.000  4.000
 Beryllium   4.000  4.000  4.000
 Boron       4.000  4.000  4.000
 Carbon      4.000  4.000  4.000
 Nitrogen    4.000  4.000  4.000
 Oxygen      4.000  4.000  4.000
 Fluorine    4.000  4.000  4.000
 Neon        4.000  4.000
 Sodium      4.000  4.000  4.000
 Magnesium   4.000  4.000  4.000
 Aluminium   4.000  4.000  4.000
 Silicon     4.000  4.000  4.000
 Phosphorus  4.000  4.000  4.000
 Sulphur     4.000  4.000  4.000
 Chlorine    4.000  4.000  4.000
 Argon       4.000  4.000  4.000
 Potassium   4.000  4.000  4.000
 Calcium     4.000  4.000  4.000
 Scandium    4.000  4.000  4.000
 Titanium    4.000  4.000  4.000
 Vanadium    4.000  4.000  4.000
 Chromium    4.000  4.000  4.000
 Manganese   4.000  4.000  4.000
 Iron        4.000  4.000  4.000
 Cobalt      4.000  4.000  4.000
 Nickel      4.000  4.000  4.000
 Copper      4.000  4.000  4.000
 Zinc        4.000  4.000  4.000

               1      2      3      4      5      6      7      8      9     10     11     12     13     14     15     16     17
IC443 NE diffuse shock -- v shock=35 km/s, T obs=10000K (deceleration grid)  

---------------Convergence statistics---------------
      2.34 mean iterations/state convergence
         3 mean cx acceleration loops/iteration
      1.09 mean iso convergence loops/ion solve
      1.03 mean steps/chemistry solve
      1.02 mean step length searches/chemistry step
----------------------------------------------------

 Cloudy ends: 247 zones, 2 iterations. (single thread) ExecTime(s) 62.75
 [Stop in cdMain at maincl.cpp:593, Cloudy exited OK]
