                                                          Cloudy 23.01
                                                         www.nublado.org

                                                  PRNG seed: 0x14dde901a2d99b07

                       **************************************23Jul25**************************************
                       *                                                                                 *
                       * title IC443 grid point v shock=39 km/s                                          *
                       * hden 2.3112                                                                     *
                       * constant temperature, t=10000 K linear                                          *
                       * stop column density 20.58                                                       *
                       * iterate                                                                         *
                       * save results last "v39.rlt"                                                     *
                       *                                                                                 *
                       ***********************************************************************************



 NOTE Setcon: continuum has zero intensity starting at  3.0447e-09 Ryd.
  9244 cells in the incident continuum have zero intensity.  Problems???

 NOTE There is no hydrogen-ionizing radiation.
 Was this intended?

 NOTE There is no Balmer continuum radiation.<<<<
 Was this intended?

           9244CellPeak3.04E-09   Lo 3.04e-09=  29.98m   Hi-Con:7.13E+06 Ryd   E(hi):7.35E+06Ryd     E(hi):     100.00 MeV
           I(nu>1ryd):   0.0000   Average nu:0.000E+00   I( X-ray):   0.0000   I(BalC): -30.0000     Phi(BalmrC): -30.0000
           phi(1.0-1.8): 0.0000   phi(1.8-4.0):  0.000   phi(4.0-20):  0.000   phi(20--):  0.000     Ion pht flx:0.000E+00
           I(gam ray):   0.0000   phi(gam r):   0.0000   I(Infred):   0.0000   Alf(ox):   0.0000     Total inten: -35.9298
           U(1.0----):0.000E+00   U(4.0----):0.000E+00   T(En-Den):0.000E+00   T(Comp):0.000E+00     nuJnu(912A):0.000E+00
           Occ(FarIR):0.000E+00   Occ(H n=6):0.000E+00   Occ(1Ryd):0.000E+00   Occ(4R):0.000E+00     Occ (Nu-hi):0.000E+00
           Tbr(FarIR):0.000E+00   Tbr(H n=6):0.000E+00   Tbr(1Ryd):0.000E+00   Tbr(4R):0.000E+00     Tbr (Nu-hi):0.000E+00
  
                                                  Gas Phase Chemical Composition
        H :  0.0000  He: -1.0000  Li: -8.6904  Be:-10.5800  B : -9.2097  C : -3.6108  N : -4.0701  O : -3.3098  F : -7.5200
        Ne: -4.0000  Na: -5.6696  Mg: -4.4597  Al: -5.5302  Si: -4.4597  P : -6.4949  S : -4.7352  Cl: -6.7190  Ar: -5.6003
        K : -6.8794  Ca: -5.6402  Sc: -8.8297  Ti: -6.9788  V : -8.0000  Cr: -6.3298  Mn: -6.5406  Fe: -4.5498  Co: -7.0799
                                               Ni: -5.7496  Cu: -7.7905  Zn: -7.4001
 
 ####  1  Te:1.000E+04 Hden:2.047E+02 Ne:1.140E-01 R:1.000E+30 R-R0:5.775E+11 dR:1.155E+12 NTR:  1 Htot:1.851E-26 T912: 1.50e-03###
 Hydrogen      1.00e+00 4.68e-04 H+o/Hden 1.00e+00 3.87e-09 H-    H2 4.73e-06 1.74e-10 H2+ HeH+ 2.64e-11 Ho+ ColD 2.36e+14 1.11e+11
 Helium        1.00e+00 2.22e-12 0.00e+00 HeI 2s3S 7.05e-16 Comp H,C 0.00e+00 0.00e+00 Fill Fac 1.00e+00 Gam1/tot 5.03e-09
 He singlet n  1.00e+00 3.58e-22 2.15e-30 1.64e-29 2.35e-31 2.07e-30 He tripl 7.05e-16 4.22e-28 2.72e-29 2.62e-29 1.16e-30
 Pressure      NgasTgas 2.26e+06 P(total) 3.11e-10 P( gas ) 3.11e-10 P(Radtn) 0.00e+00 Rad accl 0.00e+00 ForceMul 0.00e+00
 Texc(La)      2.28e+03 T(I con) 0.00e+00 T(D con) 4.28e-02 T(U tot) 4.28e-02 nT (c+d) 1.03e+04 Prad/Gas 0.00e+00 Pmag/Gas 0.00e+00
 Molecules     CH/Ctot: 2.59e-06 CH+/Ctot 2.35e-08 CO/Ctot: 5.57e-01 CO+/Ctot 2.69e-08 H2O/Otot 6.87e-12 OH/Ototl 1.94e-06
 Lithium       6.84e-03 9.93e-01 0.00e+00 0.00e+00 Berylliu 9.51e-01 4.88e-02 1.59e-08 0.00e+00 0.00e+00 sec ion: 0.00e+00
 Boron         4.83e-01 5.17e-01 2.83e-14 0.00e+00 0.00e+00 0.00e+00
 Carbon        4.37e-01 5.51e-03 1.53e-14 0.00e+00 0.00e+00 0.00e+00 0.00e+00 H2O+/O   6.16e-10 OH+/Otot 4.50e-06 Hex(tot) 0.00e+00
 Nitrogen      9.67e-01 5.17e-04 7.79e-20 0.00e+00 0.00e+00 0.00e+00 0.00e+00 0.00e+00 O2/Ototl 8.60e-11 O2+/Otot 1.21e-07
 Oxygen        7.21e-01 2.72e-04 2.91e-24 0.00e+00 0.00e+00 0.00e+00 0.00e+00 0.00e+00 0.00e+00
 Fluorine      7.87e-01 5.49e-06 1.75e-21 0.00e+00 0.00e+00 0.00e+00 0.00e+00 0.00e+00 0.00e+00 0.00e+00
 Neon          1.00e+00 4.00e-07 0.00e+00 0.00e+00 0.00e+00 0.00e+00 0.00e+00 0.00e+00 0.00e+00 0.00e+00 0.00e+00
 Sodium        1.46e-03 9.99e-01 5.06e-22 0.00e+00 0.00e+00 0.00e+00 0.00e+00 0.00e+00 0.00e+00 0.00e+00 0.00e+00 0.00e+00
 Magnesium     6.06e-02 9.39e-01 7.32e-05 0.00e+00 0.00e+00 0.00e+00 0.00e+00 0.00e+00 0.00e+00 0.00e+00 0.00e+00 0.00e+00 0.00e+00
 Aluminium  0  9.14e-04 9.99e-01 1.78e-07 0.00e+00 0.00e+00 0.00e+00 0.00e+00 0.00e+00 0.00e+00 0.00e+00 0.00e+00 0.00e+00 0.00e+00
 Silicon    0  1.11e-01 3.95e-01 2.98e-06 0.00e+00 0.00e+00 0.00e+00 0.00e+00 0.00e+00 0.00e+00 0.00e+00 0.00e+00 0.00e+00 0.00e+00
 Phosphorus 0  1.20e-03 9.99e-01 8.18e-10 0.00e+00 0.00e+00 0.00e+00 0.00e+00 0.00e+00 0.00e+00 0.00e+00 0.00e+00 0.00e+00 0.00e+00
 Sulphur    0  5.91e-02 8.95e-03 1.20e-12 0.00e+00 0.00e+00 0.00e+00 0.00e+00 0.00e+00 0.00e+00 0.00e+00 0.00e+00 0.00e+00 0.00e+00
 Chlorine   0  1.19e-02 9.88e-01 1.38e-09 0.00e+00 0.00e+00 0.00e+00 0.00e+00 0.00e+00 0.00e+00 0.00e+00 0.00e+00 0.00e+00 0.00e+00
 Argon      0  1.00e+00 2.73e-05 5.16e-17 0.00e+00 0.00e+00 0.00e+00 0.00e+00 0.00e+00 0.00e+00 0.00e+00 0.00e+00 0.00e+00 0.00e+00
 Potassium  0  3.50e-04 1.00e+00 1.20e-13 0.00e+00 0.00e+00 0.00e+00 0.00e+00 0.00e+00 0.00e+00 0.00e+00 0.00e+00 0.00e+00 0.00e+00
 Calcium    0  8.20e-03 9.83e-01 9.28e-03 0.00e+00 0.00e+00 0.00e+00 0.00e+00 0.00e+00 0.00e+00 0.00e+00 0.00e+00 0.00e+00 0.00e+00
 Scandium   0  4.12e-03 9.89e-01 6.42e-03 0.00e+00 0.00e+00 0.00e+00 0.00e+00 0.00e+00 0.00e+00 0.00e+00 0.00e+00 0.00e+00 0.00e+00
 Titanium   0  2.94e-04 9.99e-01 5.37e-04 0.00e+00 0.00e+00 0.00e+00 0.00e+00 0.00e+00 0.00e+00 0.00e+00 0.00e+00 0.00e+00 0.00e+00
 Vanadium   0  1.07e-02 9.89e-01 4.01e-05 0.00e+00 0.00e+00 0.00e+00 0.00e+00 0.00e+00 0.00e+00 0.00e+00 0.00e+00 0.00e+00 0.00e+00
 Chromium   0  1.74e-02 9.82e-01 1.35e-04 0.00e+00 0.00e+00 0.00e+00 0.00e+00 0.00e+00 0.00e+00 0.00e+00 0.00e+00 0.00e+00 0.00e+00
 Manganese  0  3.09e-04 1.00e+00 7.53e-05 0.00e+00 0.00e+00 0.00e+00 0.00e+00 0.00e+00 0.00e+00 0.00e+00 0.00e+00 0.00e+00 0.00e+00
 Iron       0  2.98e-04 1.00e+00 3.87e-05 0.00e+00 0.00e+00 0.00e+00 0.00e+00 0.00e+00 0.00e+00 0.00e+00 0.00e+00 0.00e+00 0.00e+00
 Cobalt     0  9.46e-02 9.05e-01 3.10e-07 0.00e+00 0.00e+00 0.00e+00 0.00e+00 0.00e+00 0.00e+00 0.00e+00 0.00e+00 0.00e+00 0.00e+00
 Nickel     0  4.00e-04 1.00e+00 1.24e-12 0.00e+00 0.00e+00 0.00e+00 0.00e+00 0.00e+00 0.00e+00 0.00e+00 0.00e+00 0.00e+00 0.00e+00
 Copper     0  2.00e-01 8.00e-01 1.79e-11 0.00e+00 0.00e+00 0.00e+00 0.00e+00 0.00e+00 0.00e+00 0.00e+00 0.00e+00 0.00e+00 0.00e+00
 Zinc       0  5.82e-01 4.18e-01 9.51e-08 0.00e+00 0.00e+00 0.00e+00 0.00e+00 0.00e+00 0.00e+00 0.00e+00 0.00e+00 0.00e+00 0.00e+00
 ####248  Te:1.000E+04 Hden:2.047E+02 Ne:1.663E-01 R:1.000E+30 R-R0:1.850E+18 dR:1.292E+16 NTR:  1 Htot:4.629E-26 T912: 2.41e+03###
 Hydrogen      9.99e-01 7.00e-04 H+o/Hden 1.00e+00 6.16e-09 H-    H2 5.93e-06 2.94e-10 H2+ HeH+ 4.46e-11 Ho+ ColD 3.80e+20 2.42e+17
 Helium        1.00e+00 6.09e-11 0.00e+00 HeI 2s3S 9.53e-16 Comp H,C 2.34e-34 7.94e-34 Fill Fac 1.00e+00 Gam1/tot 1.16e-04
 He singlet n  1.00e+00 5.42e-22 1.39e-27 2.27e-29 1.31e-29 2.83e-30 He tripl 9.53e-16 5.71e-28 3.67e-29 3.55e-29 1.61e-30
 Pressure      NgasTgas 2.26e+06 P(total) 3.12e-10 P( gas ) 3.11e-10 P(Radtn) 6.58e-14 Rad accl 5.16e-12 ForceMul 6.38e+05
 Texc(La)      3.21e+03 T(I con) 0.00e+00 T(D con) 1.47e+00 T(U tot) 1.47e+00 nT (c+d) 3.56e+05 Prad/Gas 2.11e-04 Pmag/Gas 0.00e+00
 Molecules     CH/Ctot: 7.36e-06 CH+/Ctot 4.54e-08 CO/Ctot: 1.39e-04 CO+/Ctot 3.81e-11 H2O/Otot 1.37e-11 OH/Ototl 3.35e-06
 Lithium       2.03e-03 9.98e-01 0.00e+00 0.00e+00 Berylliu 1.24e-01 8.76e-01 3.73e-07 0.00e+00 0.00e+00 sec ion: 0.00e+00
 Boron         1.05e-03 9.99e-01 7.38e-14 0.00e+00 0.00e+00 0.00e+00
 Carbon        9.96e-01 3.78e-03 1.52e-14 0.00e+00 0.00e+00 0.00e+00 0.00e+00 H2O+/O   5.59e-10 OH+/Otot 4.75e-06 Hex(tot) 0.00e+00
 Nitrogen      9.96e-01 8.73e-04 3.56e-18 0.00e+00 0.00e+00 0.00e+00 0.00e+00 0.00e+00 O2/Ototl 1.32e-10 O2+/Otot 1.21e-07
 Oxygen        9.99e-01 5.64e-04 8.15e-24 0.00e+00 0.00e+00 0.00e+00 0.00e+00 0.00e+00 0.00e+00
 Fluorine      9.58e-01 7.00e-06 2.77e-21 0.00e+00 0.00e+00 0.00e+00 0.00e+00 0.00e+00 0.00e+00 0.00e+00
 Neon          1.00e+00 3.53e-07 0.00e+00 0.00e+00 0.00e+00 0.00e+00 0.00e+00 0.00e+00 0.00e+00 0.00e+00 0.00e+00
 Sodium        1.61e-03 9.98e-01 6.62e-22 0.00e+00 0.00e+00 0.00e+00 0.00e+00 0.00e+00 0.00e+00 0.00e+00 0.00e+00 0.00e+00
 Magnesium     4.35e-02 9.56e-01 1.11e-04 0.00e+00 0.00e+00 0.00e+00 0.00e+00 0.00e+00 0.00e+00 0.00e+00 0.00e+00 0.00e+00 0.00e+00
 Aluminium  0  4.75e-04 1.00e+00 2.11e-07 0.00e+00 0.00e+00 0.00e+00 0.00e+00 0.00e+00 0.00e+00 0.00e+00 0.00e+00 0.00e+00 0.00e+00
 Silicon    0  6.85e-04 9.99e-01 1.13e-05 0.00e+00 0.00e+00 0.00e+00 0.00e+00 0.00e+00 0.00e+00 0.00e+00 0.00e+00 0.00e+00 0.00e+00
 Phosphorus 0  1.20e-03 9.99e-01 1.10e-09 0.00e+00 0.00e+00 0.00e+00 0.00e+00 0.00e+00 0.00e+00 0.00e+00 0.00e+00 0.00e+00 0.00e+00
 Sulphur    0  7.32e-01 2.68e-01 5.41e-10 0.00e+00 0.00e+00 0.00e+00 0.00e+00 0.00e+00 0.00e+00 0.00e+00 0.00e+00 0.00e+00 0.00e+00
 Chlorine   0  1.03e-02 9.90e-01 1.68e-09 0.00e+00 0.00e+00 0.00e+00 0.00e+00 0.00e+00 0.00e+00 0.00e+00 0.00e+00 0.00e+00 0.00e+00
 Argon      0  1.00e+00 4.67e-05 2.41e-15 0.00e+00 0.00e+00 0.00e+00 0.00e+00 0.00e+00 0.00e+00 0.00e+00 0.00e+00 0.00e+00 0.00e+00
 Potassium  0  3.70e-04 1.00e+00 1.52e-13 0.00e+00 0.00e+00 0.00e+00 0.00e+00 0.00e+00 0.00e+00 0.00e+00 0.00e+00 0.00e+00 0.00e+00
 Calcium    0  2.08e-03 9.89e-01 8.78e-03 0.00e+00 0.00e+00 0.00e+00 0.00e+00 0.00e+00 0.00e+00 0.00e+00 0.00e+00 0.00e+00 0.00e+00
 Scandium   0  1.49e-03 9.92e-01 6.02e-03 0.00e+00 0.00e+00 0.00e+00 0.00e+00 0.00e+00 0.00e+00 0.00e+00 0.00e+00 0.00e+00 0.00e+00
 Titanium   0  2.88e-04 9.99e-01 5.00e-04 0.00e+00 0.00e+00 0.00e+00 0.00e+00 0.00e+00 0.00e+00 0.00e+00 0.00e+00 0.00e+00 0.00e+00
 Vanadium   0  1.00e-02 9.90e-01 4.90e-05 0.00e+00 0.00e+00 0.00e+00 0.00e+00 0.00e+00 0.00e+00 0.00e+00 0.00e+00 0.00e+00 0.00e+00
 Chromium   0  1.66e-03 9.98e-01 2.05e-04 0.00e+00 0.00e+00 0.00e+00 0.00e+00 0.00e+00 0.00e+00 0.00e+00 0.00e+00 0.00e+00 0.00e+00
 Manganese  0  3.06e-04 1.00e+00 1.13e-04 0.00e+00 0.00e+00 0.00e+00 0.00e+00 0.00e+00 0.00e+00 0.00e+00 0.00e+00 0.00e+00 0.00e+00
 Iron       0  2.82e-04 1.00e+00 5.78e-05 0.00e+00 0.00e+00 0.00e+00 0.00e+00 0.00e+00 0.00e+00 0.00e+00 0.00e+00 0.00e+00 0.00e+00
 Cobalt     0  1.41e-02 9.86e-01 5.04e-07 0.00e+00 0.00e+00 0.00e+00 0.00e+00 0.00e+00 0.00e+00 0.00e+00 0.00e+00 0.00e+00 0.00e+00
 Nickel     0  3.86e-04 1.00e+00 1.68e-12 0.00e+00 0.00e+00 0.00e+00 0.00e+00 0.00e+00 0.00e+00 0.00e+00 0.00e+00 0.00e+00 0.00e+00
 Copper     0  3.23e-02 9.68e-01 2.97e-11 0.00e+00 0.00e+00 0.00e+00 0.00e+00 0.00e+00 0.00e+00 0.00e+00 0.00e+00 0.00e+00 0.00e+00
 Zinc       0  3.27e-02 9.67e-01 2.84e-07 0.00e+00 0.00e+00 0.00e+00 0.00e+00 0.00e+00 0.00e+00 0.00e+00 0.00e+00 0.00e+00 0.00e+00
   IC443 grid point v shock=39 km/s  
   Calculation stopped because H column dens reached. Iteration 1 of 2
   The geometry is plane-parallel.
  !Ionization rate fell below background cosmic ray ionization rate.  Should this be added too?
  !   Use the COSMIC RAY BACKGROUND command.
  !Compton cooling rate underflows to zero.  Is this important?
  !Some input lines contained underscores, these were changed to spaces.
  !There is no hydrogen-ionizing radiation.  Was this intended?
  !Thermal collisional ionization of H reached 82.69% of the local ionization rate.
  !Charge transfer H => H+ reached 85867.3% of the local H ionization rate.
  !Charge transfer heating reached 101.90% of the local heating.
  !Continuum zero at some energies.
  !AGE: Cloud age was not set.  Longest timescale was 3.64e+13 s = 1.15e+06 years.
  !Heating - cooling mismatch =200.0%. Caused by constant temperature assumption. 
  !Mutual neutralization production of H-alpha was significant.
  !Incident radiation field energy density is less than 2.7K.  Add background with CMB command.
  !The CMB was not included.  This is added with the CMB command.
  !The intensity of the incident radiation field is less than 10 times the Habing diffuse ISM field.  Is this OK?
  !   Consider adding diffuse ISM emission with TABLE ISM command.
  !An ionization jump occurred elem S  1, by 184% from 5.91e-02 (zone 1) to 3.65e-01 (zone 2) to 6.70e-01 (zone 3)
   The density is too low to l-mix the lowest H  I collapsed level.  More resolved levels are needed for accurate line ratios.
   The density is too low to l-mix the lowest He I collapsed level.  More resolved levels are needed for accurate line ratios.
   Grains were not present but might survive in this environment (energy density temperature was 0.00e+00K)
   The local H2 cooling rate reached 3.7% of the local cooling.
   H- absorption heating was 25.5% of the total.
   The fraction of N in N2 reached 0.213% at some point in the cloud.
   The fraction of F in HF reached 4.16% at some point in the cloud.

                       *********************************> Cloudy 23.01 <**********************************
                       * title IC443 grid point v shock=39 km/s                                          *
                       * hden 2.3112                                                                     *
                       * constant temperature, t=10000 K linear                                          *
                       * stop column density 20.58                                                       *
                       * iterate                                                                         *
                       * save results last "v39.rlt"                                                     *
                       *********************************> Log(U):-37.00 <*********************************

                     Emission Line Spectrum.   Constant  Density Model.    Open geometry.  Iteration 1 of 2.
                                                     Intensity (erg/s/cm^2).


                                                   Intrinsic line intensities
general properties.............................      Ca 1                6462.57A   -8.671    0.0057      Fe 2                5060.09A   -9.097    0.0021
TotH                      0    -7.196    0.1688      Ca 1                6493.78A   -8.880    0.0035      Fe 2                4576.40A   -9.350    0.0012
TotC                      0    -2.624 6298.4844      Cl 1                11.3303m   -7.727    0.0497      Fe 2                1.34608m   -9.396    0.0011
TotM                      0    -7.864    0.0363      Co 2                9335.96A   -8.564    0.0072      Fe 2                1.11648m   -9.213    0.0016
CT H                      0    -7.475    0.0889      Co 2                9639.13A   -9.002    0.0026      Fe 2                5048.19A   -9.064    0.0023
H FB                      0    -7.775    0.0445      Co 2                10.5199m   -7.398    0.1061      Fe 2                1.71482m   -8.648    0.0060
HFBc                      0    -7.775    0.0445      Co 2                15.4548m   -8.284    0.0138      Fe 2                9949.21A   -8.979    0.0028
H  1c                     0    -3.517  805.8372      Co 2                2.98382m   -6.884    0.3464      Fe 2                7975.22A   -9.162    0.0018
NOc                       0    -8.864    0.0036      Co 2                14.7345m   -7.928    0.0313      Fe 2                1.47063m   -9.418    0.0010
CNc                       0    -7.736    0.0487      Co 2                18.7989m   -8.448    0.0095      Fe 2                1.01273m   -9.093    0.0021
OHc                       0    -8.652    0.0059      Co 2                25.6819m   -9.136    0.0019      Fe 2                6353.11A   -9.214    0.0016
HFc                       0    -8.489    0.0086      Co 2                1.01879m   -7.614    0.0645      Fe 2                1.80228m   -9.315    0.0013
COc                       0    -5.190   17.1068      Co 2                1.12804m   -8.585    0.0069      Fe 2                1.00387m   -9.244    0.0015
^13COc                    0    -6.711    0.5165      Co 2                1.54700m   -7.859    0.0367      Fe 2                9469.41A   -9.127    0.0020
SiOc                      0    -9.192    0.0017      Co 2                1.72847m   -8.855    0.0037      Fe 2                9384.77A   -8.618    0.0064
SiSc                      0    -9.196    0.0017      Co 2                1.90349m   -8.695    0.0054      Fe 2                2.39329m   -8.668    0.0057
OH+c                      0    -8.577    0.0070      Co 2                1.02452m   -8.420    0.0101      Fe 2                4825.73A   -8.099    0.0211
CHc                       0    -8.808    0.0041      Co 2                1.09726m   -9.048    0.0024      Fe 2                2.50030m   -9.005    0.0026
CHc                       0    -8.398    0.0106      Co 2                1.49674m   -9.284    0.0014      Fe 2                4867.73A   -9.141    0.0019
Al 1c                     0    -9.176    0.0018      Co 2                1.62622m   -9.272    0.0014      Fe 2                2.59860m   -9.388    0.0011
C  1c                     0    -3.849  375.2648      Co 2                1.73616m   -8.978    0.0028      Fe 2                4903.85A   -8.592    0.0068
C  2c                     0    -5.817    4.0405      Co 2                1.02803m   -9.017    0.0025      Fe 2                1.04657m   -9.421    0.0010
Ca 1c                     0    -7.380    0.1105      Co 2                8580.39A   -9.073    0.0022      Fe 2                3.58120m   -9.012    0.0026
Cl 1c                     0    -7.727    0.0497      Co 2                9342.40A   -7.769    0.0452      Fe 2                3.15558m   -9.043    0.0024
Co 2c                     0    -6.534    0.7748      Co 2                9943.48A   -8.116    0.0203      Fe 2                5171.63A   -8.401    0.0105
Cr 2c                     0    -6.103    2.0937      Co 2                7539.01A   -8.437    0.0097      Fe 2                5169.03A   -7.643    0.0603
Cu 1c                     0    -9.287    0.0014      Co 2                8121.00A   -8.149    0.0188      Fe 2                5018.44A   -9.371    0.0011
Fe 1c                     0    -6.949    0.2984      Co 2                8571.41A   -8.757    0.0046      Fe 2                6044.54A   -8.845    0.0038
Fe 2c                     0    -3.798  421.8507      Co 2                6.21176m   -9.398    0.0011      Fe 2                5316.61A   -9.336    0.0012
Fe 3c                     0    -8.645    0.0060      Co 2                8027.34A   -8.615    0.0064      Fe 3                22.9190m   -9.362    0.0012
K  1c                     0    -9.022    0.0025      Co 2                8467.14A   -9.028    0.0025      Fe 3                4985.87A   -9.224    0.0016
Mg 1c                     0    -5.381   11.0251      Co 2                8333.76A   -8.797    0.0042      K  1                7664.90A   -9.198    0.0017
Mn 2c                     0    -6.617    0.6400      Cr 2                8000.08A   -6.606    0.6571      Mg 1                2025.82A   -8.457    0.0093
N  1c                     0    -4.711   51.5782      Cr 2                8125.30A   -6.680    0.5543      Mg 1                2852.13A   -5.896    3.3689
Na 1c                     0    -7.684    0.0549      Cr 2                8229.67A   -6.774    0.4462      Mg 1                3832.30A   -8.968    0.0029
Ni 1c                     0    -7.995    0.0268      Cr 2                8308.49A   -6.961    0.2899      Mg 1                3838.29A   -8.551    0.0075
O  1c                     0    -3.021 2529.4412      Cr 2                8357.64A   -7.259    0.1461      Mg 1                4562.60A   -5.702    5.2658
O  2c                     0    -7.193    0.1701      Fe 1                24.0358m   -7.049    0.2372      Mg 1                4571.10A   -6.141    1.9189
P  2c                     0    -5.784    4.3602      Fe 1                34.7038m   -7.637    0.0612      Mg 1                4575.29A   -7.069    0.2265
S  1c                     0    -5.641    6.0609      Fe 2                25.9813m   -4.972   28.3061      Mg 1                5167.32A   -8.227    0.0157
S  2c                     0    -4.791   42.9178      Fe 2                5.33871m   -4.449   94.2653      Mg 1                5172.68A   -7.753    0.0469
Sc 2c                     0    -7.824    0.0398      Fe 2                4.11387m   -6.812    0.4090      Mg 1                5183.60A   -7.532    0.0778
Si 1c                     0    -7.483    0.0872      Fe 2                1.25668m   -5.721    5.0441      Mg 1                8806.76A   -7.811    0.0410
Si 2c                     0    -3.264 1445.3163      Fe 2                1.19129m   -8.506    0.0083      Mg 1                1.18282m   -7.980    0.0278
Zn 2c                     0    -8.117    0.0203      Fe 2                6309.53A   -9.351    0.0012      Mg 1                1.50250m   -8.793    0.0043
Al 2c                     0    -5.620    6.3612      Fe 2                4799.30A   -9.249    0.0015      Mg 1                1.50402m   -9.238    0.0015
Ca 2c                     0    -4.353  117.6982      Fe 2                4704.22A   -8.474    0.0089      Mg 1                1.71087m   -8.504    0.0083
Cl 2c                     0    -6.177    1.7658      Fe 2                4632.28A   -6.681    0.5532      Mn 2                2576.10A   -7.001    0.2645
Mg 2c                     0    -4.121  200.6106      Fe 2                4604.48A   -8.464    0.0091      Mn 2                2593.72A   -7.095    0.2131
N  2c                     0    -7.349    0.1188      Fe 2                4416.27A   -6.662    0.5774      Mn 2                2605.68A   -7.234    0.1546
Ni 2c                     0    -5.159   18.3868      Fe 2                4382.74A   -7.632    0.0619      Mn 2                3438.97A   -8.635    0.0062
continua.......................................      Fe 2                4287.39A   -5.700    5.2969      Mn 2                3460.03A   -9.236    0.0015
Bac                 3646.00A   -7.053    0.2348      Fe 2                3931.44A   -9.294    0.0013      N  1                1134.17A   -9.382    0.0011
nFnu                3645.00A   -4.509   82.2189      Fe 2                3874.07A   -8.925    0.0032      N  1                1134.41A   -9.173    0.0018
nFnu                3647.00A   -4.510   81.9841      Fe 2                3175.38A   -7.511    0.0818      N  1                1134.98A   -9.065    0.0023
cout                3646.00A   -7.354    0.1174      Fe 2                2599.40A   -7.940    0.0304      N  1                1199.55A   -8.582    0.0069
cref                3646.00A   -7.354    0.1174      Fe 2                2585.88A   -8.955    0.0029      N  1                1200.22A   -8.754    0.0047
thin                3646.00A   -7.053    0.2348      Fe 2                2382.04A   -6.220    1.5989      N  1                1200.71A   -9.056    0.0023
Ba C                      0    -7.807    0.0413      Fe 2                2343.50A   -8.754    0.0047      N  1                3466.50A   -7.057    0.2326
PA C                      0    -8.224    0.0158      Fe 2                35.3391m   -5.633    6.1690      N  1                3466.54A   -7.730    0.0494
FIR                 83.0000m   -3.015 2560.4373      Fe 2                6.71944m   -5.589    6.8339      N  1                5197.90A   -5.126   19.8549
TIR                 1800.00m   -4.881   34.8565      Fe 2                4.88781m   -6.475    0.8878      N  1                5200.26A   -4.949   29.8077
NIRa                2.85000m   -3.097 2121.0840      Fe 2                4.07521m   -7.297    0.1339      N  1                1.03977m   -6.561    0.7281
NIRb                3.00000m   -4.260  145.5997      Fe 2                1.32055m   -6.217    1.6082      N  1                1.03982m   -7.084    0.2185
MIRa                15.0000m   -4.355  117.1199      Fe 2                1.24854m   -7.251    0.1487      N  1                1.04072m   -6.909    0.3268
MIRb                22.5000m   -3.222 1590.5842      Fe 2                1.20512m   -9.064    0.0023      N  1                1.04076m   -6.897    0.3362
NMIR                21.7500m   -3.097 2121.0840      Fe 2                7637.52A   -6.521    0.7990      Na 1                5889.95A   -7.984    0.0275
TFIR                611.250m   -3.865  361.8666      Fe 2                7523.28A   -8.568    0.0072      Na 1                5895.92A   -7.984    0.0275
TALL                10000.0A   -2.635 6144.6138      Fe 2                4889.62A   -6.545    0.7568      Ni 1                7.50454m   -7.995    0.0268
F12                 12.0000m   -6.258    1.4653      Fe 2                4750.27A   -9.276    0.0014      O  1                1027.43A   -9.333    0.0012
F25                 25.0000m   -4.869   35.8575      Fe 2                4716.37A   -7.558    0.0733      O  1                1304.86A   -7.677    0.0558
F60                 60.0000m   -3.075 2229.9114      Fe 2                4687.56A   -7.762    0.0459      O  1                1306.03A   -8.161    0.0183
F100                100.000m   -5.934    3.0863      Fe 2                4492.64A   -7.532    0.0780      O  1                1355.60A   -7.733    0.0491
MIPS                24.0000m   -4.869   35.8523      Fe 2                4457.95A   -6.930    0.3116      O  1                1358.51A   -8.179    0.0176
MIPS                70.0000m   -3.076 2226.4971      Fe 2                4432.45A   -7.724    0.0501      O  1                2972.29A   -7.208    0.1641
MIPS                160.000m   -4.094  213.5524      Fe 2                4359.33A   -5.830    3.9197      O  1                5577.34A   -6.259    1.4617
IRAC                3.60000m   -7.482    0.0874      Fe 2                3224.54A   -8.607    0.0066      O  1                6300.30A   -4.563   72.5531
IRAC                4.50000m   -6.162    1.8278      Fe 2                3214.67A   -8.025    0.0250      O  1                6363.78A   -5.059   23.1769
IRAC                5.80000m   -4.449   94.4172      Fe 2                2625.67A   -4.986   27.3765      O  1                6391.73A   -8.387    0.0109
IRAC                8.00000m   -5.456    9.2818      Fe 2                2611.87A   -5.715    5.1075      O  1                44.0453m   -8.705    0.0052
SPR1                250.000m   -6.013    2.5769      Fe 2                2598.37A   -6.946    0.3000      O  1                63.1679m   -3.076 2225.0935
SPR2                350.000m   -4.397  106.3807      Fe 2                2395.63A   -5.995    2.6811      O  1                145.495m   -4.108  206.8013
SPR3                500.000m   -6.201    1.6681      Fe 2                2388.63A   -7.043    0.2400      O  2                2470.34A   -9.219    0.0016
PAC1                70.0000m   -3.076 2227.4019      Fe 2                2383.06A   -8.956    0.0029      O  2                7319.99A   -9.413    0.0010
PAC2                100.000m   -5.934    3.0890      Fe 2                2364.83A   -6.394    1.0703      O  2                3728.81A   -7.426    0.0993
PAC3                160.000m   -4.091  215.2943      Fe 2                2332.80A   -7.474    0.0891      O  2                3726.03A   -7.603    0.0662
PAH                 3.30000m   -8.288    0.0137      Fe 2                2279.91A   -9.039    0.0024      P  2                60.6263m   -6.522    0.7973
PAHC                3.23000m   -8.568    0.0072      Fe 2                51.2868m   -6.152    1.8712      P  2                1532.53A   -9.081    0.0022
PAHC                3.37000m   -8.557    0.0074      Fe 2                5.67236m   -7.287    0.1370      P  2                32.8620m   -6.625    0.6291
PAH                 6.20000m   -8.335    0.0123      Fe 2                4.60641m   -7.096    0.2125      P  2                1.14682m   -6.542    0.7614
PAHC                5.65000m   -7.245    0.1508      Fe 2                4.08085m   -7.842    0.0381      P  2                4669.25A   -8.207    0.0165
PAH                 7.90000m   -7.824    0.0398      Fe 2                1.37181m   -6.461    0.9179      P  2                2195.57A   -8.486    0.0087
PAHC                6.90000m   -5.458    9.2368      Fe 2                1.29427m   -7.037    0.2436      P  2                1536.42A   -9.045    0.0024
PAH                 11.3000m   -7.706    0.0522      Fe 2                7806.23A   -8.294    0.0135      P  2                1535.92A   -8.920    0.0032
PAHC                10.9000m   -7.338    0.1218      Fe 2                7686.93A   -6.599    0.6683      P  2                1.18828m   -6.119    2.0182
PAH                 11.8000m   -9.022    0.0025      Fe 2                7552.40A   -9.078    0.0022      P  2                2210.34A   -8.033    0.0246
PAHC                12.6500m   -7.086    0.2178      Fe 2                4958.23A   -8.395    0.0107      P  2                1542.30A   -9.208    0.0016
PAH                 13.3000m   -8.968    0.0029      Fe 2                4750.57A   -8.392    0.0107      P  2                7875.99A   -7.459    0.0923
PAHC                14.1000m   -6.746    0.4762      Fe 2                4728.07A   -7.193    0.1700      S  1                1483.04A   -9.060    0.0023
Bcon                3640.00A   -3.402 1050.0706      Fe 2                4514.90A   -7.556    0.0738      S  1                1820.34A   -7.748    0.0474
Pcon                5000.00A   -3.821  400.2750      Fe 2                4488.75A   -7.275    0.1409      S  1                1826.24A   -8.231    0.0156
O3bn                5007.00A   -5.684    5.4964      Fe 2                4470.30A   -8.478    0.0088      S  1                25.2421m   -5.691    5.4034
HFFc                      0    -6.572    0.7103      Fe 2                4413.78A   -5.982    2.7673      S  1                56.2957m   -6.650    0.5934
H FF                      0    -8.173    0.0178      Fe 2                3254.24A   -8.085    0.0218      S  2                6730.82A   -5.214   16.2172
MeFB                      0    -8.579    0.0070      Fe 2                3244.18A   -8.379    0.0111      S  2                6716.44A   -5.052   23.5145
MeFF                      0    -8.930    0.0031      Fe 2                2631.32A   -5.959    2.9180      S  2                4076.35A   -6.762    0.4591
ToFF                      0    -8.103    0.0209      Fe 2                2617.62A   -7.403    0.1048      S  2                4068.60A   -6.271    1.4227
Mion                      0    -7.556    0.0738      Fe 2                2607.09A   -7.284    0.1380      S  2                1.03364m   -6.900    0.3340
nFnu                122.400m   -9.102    0.0021      Fe 2                2404.89A   -6.984    0.2749      S  2                1.02867m   -6.897    0.3364
nFnu                60.8322m   -8.728    0.0050      Fe 2                2399.24A   -7.805    0.0416      S  2                1.03705m   -7.222    0.1592
nFnu                41.2152m   -8.513    0.0081      Fe 2                2395.42A   -8.808    0.0041      S  2                1.03205m   -6.763    0.4577
nFnu                30.8695m   -8.352    0.0118      Fe 2                2380.76A   -5.802    4.1863      S  2                1259.52A   -8.529    0.0078
nFnu                24.7829m   -8.227    0.0157      Fe 2                2348.30A   -7.543    0.0759      S  2                1253.81A   -8.607    0.0066
nFnu                24.2998m   -8.216    0.0161      Fe 2                2327.40A   -8.136    0.0194      S  2                1250.58A   -8.915    0.0032
nFnu                22.8302m   -8.181    0.0175      Fe 2                87.3597m   -6.854    0.3717      Sc 2                4246.82A   -8.978    0.0028
nFnu                21.4199m   -8.145    0.0190      Fe 2                5.06097m   -7.755    0.0467      Sc 2                7043.49A   -8.749    0.0047
nFnu                21.1235m   -8.135    0.0194      Fe 2                4.43363m   -7.672    0.0564      Sc 2                8261.17A   -9.263    0.0014
nFnu                19.6199m   -8.092    0.0214      Fe 2                1.40951m   -9.082    0.0022      Sc 2                8271.28A   -9.149    0.0019
nFnu                17.6534m   -8.031    0.0247      Fe 2                1.32777m   -7.220    0.1596      Sc 2                8326.62A   -9.403    0.0010
nFnu                17.3700m   -8.022    0.0252      Fe 2                1.27877m   -7.277    0.1401      Sc 2                8347.28A   -8.968    0.0029
nFnu                15.6901m   -7.960    0.0291      Fe 2                1.25214m   -8.317    0.0128      Sc 2                8384.33A   -9.280    0.0014
nFnu                14.6036m   -7.917    0.0321      Fe 2                7926.88A   -8.555    0.0074      Sc 2                1.07804m   -9.346    0.0012
nFnu                12.4300m   -7.816    0.0405      Fe 2                7803.89A   -8.296    0.0134      Sc 2                2.03194m   -8.884    0.0035
nFnu                11.4000m   -7.761    0.0460      Fe 2                7665.28A   -7.549    0.0750      Sc 2                2.04712m   -9.231    0.0016
nFnu                10.4600m   -7.705    0.0524      Fe 2                5006.63A   -7.695    0.0535      Sc 2                2.07591m   -8.876    0.0035
nFnu                9.48002m   -7.641    0.0607      Fe 2                4772.06A   -8.509    0.0082      Sc 2                2.07842m   -8.710    0.0052
nFnu                9.32488m   -7.629    0.0623      Fe 2                4639.67A   -8.193    0.0170      Sc 2                2.08152m   -8.978    0.0028
nFnu                8.21035m   -7.542    0.0761      Fe 2                4528.39A   -7.803    0.0417      Sc 2                2.11129m   -9.152    0.0019
nFnu                7.58000m   -7.486    0.0867      Fe 2                4509.61A   -8.151    0.0187      Sc 2                2.12445m   -9.150    0.0019
nFnu                7.05026m   -7.432    0.0981      Fe 2                4452.10A   -6.174    1.7769      Si 1                2211.75A   -9.187    0.0017
nFnu                4.11370m   -6.993    0.2693      Fe 2                3277.55A   -8.309    0.0130      Si 1                2519.20A   -8.586    0.0069
nFnu                2.32440m   -6.438    0.9676      Fe 2                3277.12A   -9.213    0.0016      Si 1                2528.51A   -8.369    0.0113
nFnu                1.64313m   -6.071    2.2508      Fe 2                3275.02A   -8.385    0.0109      Si 1                68.4548m   -7.874    0.0355
nFnu                1.48022m   -5.956    2.9346      Fe 2                2631.05A   -7.131    0.1962      Si 1                129.641m   -7.944    0.0302
nFnu                1.43649m   -5.921    3.1801      Fe 2                2620.41A   -9.016    0.0026      Si 2                34.8046m   -3.268 1431.3628
nFnu                1.11867m   -5.642    6.0543      Fe 2                2613.82A   -7.901    0.0333      Si 2                2334.41A   -6.424    0.9987
nFnu                8329.68A   -5.325   12.5522      Fe 2                2410.52A   -7.772    0.0448      Si 2                2328.52A   -7.037    0.2439
nFnu                8078.61A   -5.293   13.5148      Fe 2                2406.66A   -8.043    0.0240      Si 2                1808.01A   -6.426    0.9937
nFnu                6209.66A   -5.025   25.0606      Fe 2                2404.43A   -8.869    0.0036      Si 2                1260.42A   -8.513    0.0081
nFnu                4885.36A   -4.789   43.1274      Fe 2                2359.11A   -7.853    0.0372      Si 2                2350.17A   -6.288    1.3670
nFnu                3704.34A   -4.524   79.2999      Fe 2                2338.01A   -7.916    0.0322      Si 2                2344.20A   -5.888    3.4356
nFnu                3587.67A   -4.495   84.8010      Fe 2                4.67067m   -8.297    0.0134      Si 2                2334.60A   -5.995    2.6848
nFnu                2430.05A   -4.143  190.9675      Fe 2                1.29777m   -7.608    0.0654      Si 2                1817.45A   -6.395    1.0675
nFnu                2392.03A   -4.129  197.2934      Fe 2                1.27034m   -7.480    0.0878      Si 2                1816.93A   -6.032    2.4630
nFnu                2071.34A   -4.010  259.2141      Fe 2                7999.47A   -9.302    0.0013      Si 2                1533.43A   -6.833    0.3900
nFnu                2052.68A   -4.002  263.9449      Fe 2                7874.24A   -7.650    0.0594      Si 2                1309.28A   -7.611    0.0649
nFnu                1793.44A   -3.905  329.8114      Fe 2                7733.14A   -8.196    0.0169      Si 2                1265.00A   -7.423    0.1001
nFnu                1585.12A   -3.839  384.2302      Fe 2                4798.28A   -8.059    0.0232      Si 2                1264.74A   -7.828    0.0394
nFnu                1458.33A   -3.832  390.2972      Fe 2                4664.45A   -8.707    0.0052      Si 2                1197.39A   -7.714    0.0512
nFnu                1356.96A   -3.873  355.6762      Fe 2                4533.01A   -8.698    0.0053      Si 2                1194.50A   -7.932    0.0310
nFnu                1297.29A   -3.985  274.5320      Fe 2                4474.90A   -6.486    0.8655      Si 2                3862.60A   -9.021    0.0025
nFnu                1262.79A   -4.163  182.4280      Fe 2                3289.89A   -8.695    0.0054      Si 2                3856.02A   -8.995    0.0027
nFnu                1218.08A   -8.295    0.0134      Fe 2                3289.46A   -8.474    0.0089      Si 2                6371.37A   -8.938    0.0031
nFnu                1196.33A   -7.740    0.0483      Fe 2                2628.29A   -7.585    0.0690      Si 2                6347.11A   -8.861    0.0037
nFnu                1175.06A   -7.689    0.0543      Fe 2                2621.67A   -8.487    0.0086      Zn 2                2062.00A   -8.526    0.0079
nFnu                1143.64A   -7.812    0.0409      Fe 2                2413.31A   -8.289    0.0136      Zn 2                2025.48A   -8.293    0.0135
nFnu                1113.22A   -7.925    0.0316      Fe 2                2411.07A   -8.298    0.0134      Al 2                2669.15A   -6.069    2.2634
nFnu                1103.23A   -7.953    0.0295      Fe 2                2344.28A   -8.004    0.0263      Al 2                2660.35A   -5.895    3.3771
nFnu                1073.86A   -8.412    0.0103      Fe 2                17.9311m   -5.437    9.6904      Al 2                1670.79A   -6.565    0.7219
nFnu                1064.34A   -8.455    0.0093      Fe 2                1.64355m   -4.543   75.9683      Al 2                3900.67A   -9.305    0.0013
nFnu                1035.92A   -8.569    0.0072      Fe 2                1.53348m   -5.668    5.6942      Ca 2                7323.89A   -4.838   38.4902
nFnu                1000.00A   -8.731    0.0049      Fe 2                8616.95A   -5.932    3.1045      Ca 2                7291.47A   -4.671   56.6338
nFnu                925.144A   -8.708    0.0052      Fe 2                7155.17A   -6.060    2.3087      Ca 2                3968.47A   -6.779    0.4409
nFnu                897.800A   -9.358    0.0012      Fe 2                6896.17A   -7.512    0.0816      Ca 2                8662.14A   -5.570    7.1344
RRC............................................      Fe 2                5413.37A   -7.970    0.0284      Ca 2                3933.66A   -6.739    0.4840
H  1                911.753A   -7.165    0.1813      Fe 2                5280.27A   -8.506    0.0083      Ca 2                8498.02A   -6.261    1.4541
H  1                3645.98A   -8.229    0.0157      Fe 2                5273.36A   -6.059    2.3162      Ca 2                8542.09A   -5.314   12.8647
H  1                3645.98A   -7.883    0.0347      Fe 2                5158.79A   -5.448    9.4583      Ca 2                3706.02A   -7.934    0.0309
H  1                8203.57A   -8.964    0.0029      Fe 2                5111.64A   -6.355    1.1720      Ca 2                3736.90A   -7.637    0.0612
H  1                8203.57A   -8.570    0.0071      Fe 2                5072.41A   -6.100    2.1054      Ca 2                3158.87A   -7.955    0.0294
H  1                8203.57A   -8.673    0.0056      Fe 2                5039.10A   -7.535    0.0774      Ca 2                3181.27A   -8.660    0.0058
H  1                1.45842m   -9.050    0.0024      Fe 2                4814.54A   -6.404    1.0454      Ca 2                3179.33A   -7.706    0.0523
H  1                1.45842m   -9.046    0.0024      Fe 2                4774.73A   -6.844    0.3796      Ca 2                1.19497m   -9.378    0.0011
H  1                1.45842m   -9.387    0.0011      Fe 2                4745.49A   -7.896    0.0337      Ca 2                1.18390m   -9.074    0.0022
H  1                2.27878m   -9.407    0.0010      Fe 2                4661.78A   -8.994    0.0027      Ca 2                1838.01A   -8.892    0.0034
H  1                2.27878m   -9.371    0.0011      Fe 2                4243.97A   -5.774    4.4616      Ca 2                1840.03A   -8.736    0.0049
Al 1                2070.66A   -9.378    0.0011      Fe 2                4177.20A   -6.864    0.3627      Ca 2                2112.76A   -9.364    0.0011
Si 1                1520.96A   -8.376    0.0112      Fe 2                4146.65A   -8.440    0.0096      Cl 2                14.3639m   -6.747    0.4746
S  1                1196.76A   -8.889    0.0034      Fe 2                4114.48A   -8.779    0.0044      Cl 2                33.2721m   -7.828    0.0394
grains.........................................      Fe 2                3929.35A   -9.032    0.0025      Cl 2                8578.70A   -6.435    0.9735
H-like iso-sequence............................      Fe 2                3387.09A   -7.279    0.1394      Cl 2                9123.60A   -7.020    0.2533
Cool                1215.67A   -3.738  485.1162      Fe 2                3376.20A   -6.482    0.8746      Cl 2                3677.85A   -8.358    0.0116
Crst                960.000A   -3.918  320.7209      Fe 2                2732.45A   -7.603    0.0661      Cl 2                6161.84A   -8.312    0.0129
CION                      0    -5.978    2.7873      Fe 2                2493.30A   -5.186   17.2892      Mg 2                2802.71A   -4.596   67.2234
Dest                1215.67A   -9.140    0.0019      Fe 2                2484.20A   -8.777    0.0044      Mg 2                2795.53A   -4.300  133.0176
Ca B                1215.67A   -6.803    0.4176      Fe 2                2360.00A   -7.131    0.1963      Mg 2                2936.52A   -7.527    0.0788
CaBo                4861.32A   -8.336    0.0122      Fe 2                2348.12A   -7.186    0.1726      Mg 2                2928.64A   -7.829    0.0393
Ca A                1215.67A   -6.994    0.2692      Fe 2                2331.31A   -8.863    0.0036      Mg 2                2797.93A   -8.267    0.0143
Ca A                1025.72A   -7.640    0.0608      Fe 2                24.5126m   -6.137    1.9343      Mg 2                2790.77A   -7.565    0.0722
Ca A                972.537A   -8.051    0.0236      Fe 2                1.80940m   -5.144   19.0501      Mg 2                2798.00A   -7.312    0.1294
Ca A                949.743A   -8.355    0.0117      Fe 2                1.67688m   -6.094    2.1382      Mg 2                9244.22A   -9.385    0.0011
Ca A                937.803A   -8.597    0.0067      Fe 2                1.59948m   -6.001    2.6479      Mg 2                9218.22A   -9.088    0.0022
Ca A                930.748A   -8.799    0.0042      Fe 2                9051.95A   -5.773    4.4730      N  2                205.283m   -8.623    0.0063
Ca A                926.226A   -8.973    0.0028      Fe 2                8891.93A   -6.198    1.6827      N  2                121.769m   -8.844    0.0038
Ca A                923.150A   -9.126    0.0020      Fe 2                7452.56A   -6.552    0.7437      N  2                6548.05A   -7.995    0.0268
Ca A                920.963A   -9.262    0.0015      Fe 2                7172.00A   -6.468    0.9038      N  2                6583.45A   -7.526    0.0791
Ca A                919.351A   -9.385    0.0011      Fe 2                6275.53A   -8.425    0.0100      N  2                5754.59A   -9.374    0.0011
Ca A                6562.80A   -8.063    0.0230      Fe 2                5527.36A   -7.042    0.2409      N  2                2142.77A   -9.379    0.0011
Ca A                4861.32A   -8.513    0.0081      Fe 2                5440.48A   -8.799    0.0042      Ni 2                1.19102m   -5.419   10.1039
Ca A                4340.46A   -8.838    0.0039      Fe 2                5433.15A   -6.573    0.7094      Ni 2                6.63416m   -6.047    2.3802
Ca A                4101.73A   -9.092    0.0021      Fe 2                5261.63A   -5.828    3.9411      Ni 2                1.07151m   -7.040    0.2419
Ca A                3970.07A   -9.301    0.0013      Fe 2                5220.08A   -7.103    0.2090      Ni 2                10.6793m   -6.678    0.5574
Ca A                1.87510m   -8.855    0.0037      Fe 2                5184.80A   -6.999    0.2659      Ni 2                1.27792m   -8.864    0.0036
Ca A                1.28181m   -9.182    0.0017      Fe 2                5158.01A   -6.948    0.2987      Ni 2                1.16130m   -7.556    0.0737
Ca B                6562.80A   -7.881    0.0349      Fe 2                4947.39A   -6.348    1.1897      Ni 2                12.7253m   -7.093    0.2142
Ca B                4861.32A   -8.338    0.0122      Fe 2                4905.35A   -6.699    0.5299      Ni 2                9882.95A   -8.305    0.0131
Ca B                4340.46A   -8.667    0.0057      Fe 2                4874.50A   -6.742    0.4802      Ni 2                1.09177m   -7.843    0.0381
Ca B                4101.73A   -8.924    0.0032      Fe 2                4852.74A   -8.103    0.0209      Ni 2                18.2355m   -7.809    0.0411
Ca B                3970.07A   -9.136    0.0019      Fe 2                4346.86A   -6.402    1.0522      Ni 2                9374.87A   -8.598    0.0067
Ca B                3889.05A   -9.316    0.0013      Fe 2                4276.84A   -6.325    1.2541      Ni 2                7377.83A   -6.208    1.6446
Ca B                1.87510m   -8.808    0.0041      Fe 2                4244.82A   -7.137    0.1934      Ni 2                8300.99A   -7.504    0.0832
Ca B                1.28181m   -9.125    0.0020      Fe 2                4231.56A   -8.738    0.0049      Ni 2                1.93877m   -6.915    0.3222
Ca B                1.09381m   -9.381    0.0011      Fe 2                4211.11A   -8.713    0.0051      Ni 2                2.36883m   -8.202    0.0166
H  1                2431.34A   -3.955  294.0736      Fe 2                3455.11A   -7.386    0.1091      Ni 2                2.91064m   -7.871    0.0357
H  1                1215.67A   -3.721  504.7924      Fe 2                3452.31A   -7.074    0.2235      Ni 2                6666.80A   -7.053    0.2347
H  1                6562.80A   -5.661    5.7831      Fe 2                3440.99A   -6.960    0.2905      Ni 2                7411.61A   -6.834    0.3884
H  1                4861.32A   -6.424    1.0000      Fe 2                2774.73A   -8.844    0.0038      Ni 2                1.76458m   -8.980    0.0028
H  1                4340.46A   -6.804    0.4161      Fe 2                2759.34A   -9.243    0.0015      Ni 2                2.04866m   -8.557    0.0073
H  1                4101.73A   -8.495    0.0085      Fe 2                2485.07A   -9.028    0.0025      Ni 2                2.30794m   -8.014    0.0257
H  1                3970.07A   -8.784    0.0044      Fe 2                2391.48A   -8.113    0.0204      Ni 2                6.91767m   -8.313    0.0129
H  1                3889.05A   -9.016    0.0026      Fe 2                2379.28A   -8.821    0.0040      Ni 2                4326.24A   -7.000    0.2650
H  1                3835.38A   -9.210    0.0016      Fe 2                2362.02A   -7.566    0.0720      Ni 2                4628.05A   -7.422    0.1003
H  1                3797.90A   -9.377    0.0011      Fe 2                35.7675m   -6.937    0.3067      Ni 2                6794.20A   -8.479    0.0088
H  1                3770.63A   -9.123    0.0020      Fe 2                1.95361m   -6.055    2.3380      Ni 2                7255.82A   -7.355    0.1171
H  1                3750.15A   -9.239    0.0015      Fe 2                1.80002m   -6.109    2.0623      Ni 2                7694.56A   -8.426    0.0100
H  1                3734.37A   -9.343    0.0012      Fe 2                1.71113m   -6.678    0.5561      Ni 2                8033.54A   -8.590    0.0068
H  1                1.87510m   -7.196    0.1690      Fe 2                1.66377m   -6.298    1.3361      Ni 2                1.04597m   -7.839    0.0384
H  1                1.28181m   -7.509    0.0822      Fe 2                9399.04A   -6.195    1.6923      Ni 2                1.23230m   -7.866    0.0361
H  1                1.09381m   -8.879    0.0035      Fe 2                9226.63A   -6.141    1.9165      Ni 2                4201.17A   -7.183    0.1741
H  1                1.00494m   -9.187    0.0017      Fe 2                9033.49A   -7.217    0.1609      Ni 2                4485.21A   -7.636    0.0614
H  1                4.05115m   -8.065    0.0228      Fe 2                7388.17A   -6.588    0.6855      Ni 2                7307.65A   -7.531    0.0781
H  1                2.62515m   -9.056    0.0023      Fe 2                6440.41A   -7.540    0.0764      Ni 2                7612.72A   -7.859    0.0367
H  1                2.16553m   -9.407    0.0010      Fe 2                6229.28A   -8.691    0.0054      Ni 2                1.13597m   -8.542    0.0076
H  1                7.45782m   -9.092    0.0021      Fe 2                5654.87A   -8.002    0.0264      Ni 2                4285.31A   -8.391    0.0108
He-like iso-sequence...........................      Fe 2                5556.31A   -7.242    0.1519      Ni 2                6791.48A   -8.105    0.0208
Pho+                3889.00A   -9.113    0.0020      Fe 2                5412.67A   -7.770    0.0450      Ni 2                7054.20A   -8.010    0.0259
extra Lyman....................................      Fe 2                5333.66A   -6.115    2.0345      Ni 2                9.61508m   -9.300    0.0013
database lines.................................      Fe 2                5296.84A   -7.398    0.1060      Ni 2                4033.04A   -7.449    0.0944
CN                  2648.35m   -8.986    0.0027      Fe 2                5268.89A   -7.118    0.2019      Ni 2                4294.09A   -7.569    0.0715
CN                  2640.74m   -8.685    0.0055      Fe 2                5107.96A   -8.054    0.0234      Ni 2                6467.29A   -8.603    0.0066
CN                  1322.30m   -9.070    0.0023      Fe 2                5049.30A   -6.522    0.7981      Ni 2                6813.57A   -7.591    0.0681
CN                  1321.03m   -8.814    0.0041      Fe 2                5005.52A   -6.576    0.7047      Ni 2                7078.04A   -8.140    0.0192
CN                  881.421m   -9.063    0.0023      Fe 2                4973.40A   -6.843    0.3806      Ni 2                1.02090m   -8.921    0.0032
CN                  880.858m   -8.907    0.0033      Fe 2                4950.76A   -7.189    0.1717      Ni 2                3993.06A   -7.104    0.2088
CN                  661.044m   -8.970    0.0028      Fe 2                4352.79A   -6.641    0.6061      Ni 2                4248.80A   -7.579    0.0699
CN                  660.727m   -8.856    0.0037      Fe 2                4319.62A   -6.907    0.3285      Ni 2                6007.06A   -8.693    0.0054
CN                  528.842m   -9.079    0.0022      Fe 2                4305.90A   -7.710    0.0517      Ni 2                6365.10A   -7.578    0.0701
CN                  528.639m   -8.989    0.0027      Fe 2                4084.33A   -9.037    0.0024      Ni 2                6700.24A   -8.971    0.0028
CN                  440.721m   -9.093    0.0021      Fe 2                3504.51A   -7.688    0.0543      Ni 2                6955.82A   -9.006    0.0026
CN                  440.580m   -9.019    0.0025      Fe 2                3504.02A   -7.545    0.0756      Ni 2                8703.87A   -8.033    0.0246
CN                  377.785m   -9.238    0.0015      Fe 2                3501.63A   -7.109    0.2063      Ni 2                9956.63A   -8.259    0.0146
CN                  377.682m   -9.174    0.0018      Fe 2                3489.99A   -7.789    0.0432      Ni 2                5.18504m   -9.039    0.0024
CN                  330.590m   -9.324    0.0013      Fe 2                2385.01A   -8.393    0.0107      Ni 2                3438.88A   -7.293    0.1352
CN                  330.511m   -9.269    0.0014      Fe 2                2.06648m   -7.448    0.0945      Ni 2                3626.89A   -7.600    0.0666
HF                  243.178m   -8.589    0.0068      Fe 2                1.89541m   -6.845    0.3789      Ni 2                3378.16A   -7.907    0.0329
CO                  2600.05m   -8.141    0.0192      Fe 2                1.79711m   -6.332    1.2355      Ni 2                3559.41A   -7.886    0.0345
CO                  1300.05m   -7.035    0.2448      Fe 2                1.74494m   -6.620    0.6358      level 1 lines..................................
CO                  866.727m   -6.708    0.5194      Fe 2                9652.70A   -7.044    0.2397      recombination..................................
CO                  650.074m   -6.595    0.6745      Fe 2                9470.94A   -6.532    0.7798      level2 lines...................................
CO                  520.089m   -6.538    0.7683      Fe 2                9267.56A   -6.914    0.3236      C  1                1247.50A   -8.276    0.0141
CO                  433.438m   -6.501    0.8374      Fe 2                7544.00A   -9.227    0.0016      C  1                1314.77A   -8.200    0.0167
CO                  371.549m   -6.488    0.8619      Fe 2                6558.51A   -7.754    0.0467      C  1                1165.98A   -9.416    0.0010
CO                  325.137m   -6.479    0.8798      Fe 2                5745.71A   -8.373    0.0112      C  1                1233.29A   -8.790    0.0043
CO                  289.041m   -6.483    0.8727      Fe 2                5643.98A   -8.214    0.0162      C  1                1250.68A   -8.941    0.0030
CO                  260.169m   -6.489    0.8611      Fe 2                5495.84A   -8.047    0.0238      Mg 1                1817.31A   -9.084    0.0022
CO                  236.549m   -6.504    0.8318      Fe 2                5376.47A   -6.509    0.8208      Mg 1                1739.09A   -9.288    0.0014
CO                  216.868m   -6.524    0.7943      Fe 2                5347.66A   -7.624    0.0631      Mg 1                1699.05A   -9.329    0.0012
CO                  200.218m   -6.550    0.7481      Fe 2                5181.96A   -7.900    0.0334      Mg 1                1675.74A   -9.380    0.0011
CO                  185.949m   -6.571    0.7120      Fe 2                5076.57A   -7.180    0.1753      Si 1                1853.05A   -9.157    0.0018
CO                  173.584m   -6.596    0.6724      Fe 2                5043.53A   -7.050    0.2365      Si 2                1179.59A   -8.497    0.0084
CO                  162.767m   -6.623    0.6325      Fe 2                5020.25A   -7.166    0.1810      Si 2                993.354A   -9.388    0.0011
CO                  153.225m   -6.651    0.5922      Fe 2                4372.43A   -7.182    0.1746      S  1                1356.05A   -8.815    0.0041
CO                  144.745m   -6.681    0.5526      Fe 2                4358.37A   -7.393    0.1073      S  1                1392.25A   -9.176    0.0018
CO                  137.159m   -6.712    0.5146      Fe 2                4080.00A   -9.066    0.0023      S  1                1418.10A   -9.383    0.0011
CO                  130.333m   -6.744    0.4783      Fe 2                3539.19A   -7.393    0.1073      Ca 2                1360.06A   -9.421    0.0010
CO                  124.160m   -6.781    0.4392      Fe 2                3538.69A   -7.687    0.0546      Fe 1                2484.25A   -9.057    0.0023
CO                  118.548m   -6.821    0.4004      Fe 2                3536.25A   -7.812    0.0409      Fe 1                2526.51A   -9.299    0.0013
CO                  113.427m   -6.862    0.3647      Fe 2                3524.38A   -9.121    0.0020      Sc 2                3627.22A   -7.747    0.0475
CO                  108.733m   -6.905    0.3302      Fe 2                22.8961m   -8.442    0.0096      Sc 2                3575.45A   -7.869    0.0358
CO                  104.416m   -6.948    0.2990      Fe 2                1.81139m   -8.721    0.0050      Sc 2                3368.13A   -8.434    0.0098
CO                  100.433m   -6.993    0.2692      Fe 2                7764.71A   -7.927    0.0313      Ti 2                3364.74A   -6.173    1.7821
CO                  96.7462m   -7.041    0.2415      Fe 2                7336.73A   -8.217    0.0161      Ti 2                3237.15A   -6.412    1.0260
CO                  93.3237m   -7.090    0.2157      Fe 2                7267.25A   -9.185    0.0017      Ti 2                1904.17A   -8.280    0.0139
CO                  90.1384m   -7.140    0.1920      Fe 2                6809.24A   -8.195    0.0169      Ti 2                1907.36A   -8.023    0.0252
CO                  87.1666m   -7.193    0.1701      Fe 2                6729.87A   -8.476    0.0089      V  2                2710.94A   -8.503    0.0083
CO                  84.3877m   -7.247    0.1504      Fe 2                6671.93A   -9.039    0.0024      V  2                2684.22A   -8.266    0.0144
CO                  81.7835m   -7.302    0.1324      Fe 2                5721.37A   -9.312    0.0013      V  2                2139.33A   -8.908    0.0033
CO                  79.3383m   -7.360    0.1159      Fe 2                5163.96A   -8.224    0.0158      Cr 1                4269.56A   -8.861    0.0037
CO                  77.0375m   -7.419    0.1010      Fe 2                4266.35A   -8.924    0.0032      Cr 1                3589.90A   -8.677    0.0056
CO                  74.8697m   -7.479    0.0880      Fe 2                4249.08A   -9.195    0.0017      Cr 2                2059.78A   -6.773    0.4475
CO                  72.8231m   -7.542    0.0761      Fe 2                4157.92A   -9.201    0.0017      Mn 2                1198.85A   -9.128    0.0020
CO                  70.8878m   -7.606    0.0657      Fe 2                3277.35A   -7.733    0.0490      Co 2                2060.90A   -8.240    0.0152
CO                  69.0557m   -7.669    0.0568      Fe 2                3255.89A   -8.992    0.0027      Co 2                2018.80A   -8.275    0.0141
CO                  67.3181m   -7.734    0.0489      Fe 2                2926.59A   -8.629    0.0062      Co 2                1949.74A   -8.352    0.0118
CO                  65.6684m   -7.800    0.0420      Fe 2                2880.76A   -8.303    0.0132      Co 2                1575.91A   -8.872    0.0036
CO                  64.0998m   -7.867    0.0361      Fe 2                2755.74A   -6.651    0.5922      Co 2                1470.18A   -8.943    0.0030
CO                  62.6072m   -7.933    0.0309      Fe 2                2739.55A   -7.370    0.1130      Ni 2                1751.83A   -7.807    0.0414
CO                  61.1843m   -8.000    0.0265      Fe 2                2716.70A   -7.507    0.0826      Ni 2                1744.24A   -7.614    0.0645
CO                  59.8271m   -8.068    0.0227      Fe 2                34.6508m   -9.313    0.0013      Ni 2                1484.97A   -8.932    0.0031
CO                  58.5311m   -8.136    0.0194      Fe 2                1.00287m   -7.915    0.0322      Ni 2                1472.74A   -8.624    0.0063
CO                  57.2920m   -8.204    0.0166      Fe 2                8245.16A   -9.414    0.0010      Ni 2                1400.37A   -8.932    0.0031
CO                  56.1066m   -8.275    0.0141      Fe 2                8037.28A   -8.445    0.0095      Ni 2                1375.73A   -8.603    0.0066
CO                  54.9712m   -8.346    0.0120      Fe 2                7579.61A   -8.936    0.0031      Ni 2                1324.11A   -8.704    0.0052
CO                  53.8829m   -8.417    0.0102      Fe 2                7017.95A   -8.855    0.0037      hyperfine structure............................
CO                  52.8388m   -8.489    0.0086      Fe 2                6933.67A   -9.220    0.0016      inner shell....................................
CO                  51.8365m   -8.561    0.0073      Fe 2                6872.19A   -8.386    0.0109      molecules......................................
CO                  50.8731m   -8.633    0.0062      Fe 2                6829.03A   -9.421    0.0010      H2 l                2.00000m   -4.072  224.8095
CO                  49.9472m   -8.706    0.0052      Fe 2                5746.98A   -8.273    0.0142      H2 v                      0    -5.716    5.1060
CO                  49.0559m   -8.780    0.0044      Fe 2                5283.12A   -8.832    0.0039      H-FB                      0    -6.350    1.1836
CO                  48.1977m   -8.856    0.0037      Fe 2                5199.18A   -9.047    0.0024      H-FF                      0    -6.585    0.6893
CO                  47.3709m   -8.932    0.0031      Fe 2                4351.81A   -9.195    0.0017      H-CT                6562.80A   -7.519    0.0802
CO                  46.5738m   -9.010    0.0026      Fe 2                4347.36A   -8.564    0.0072      H- H                      0    -7.791    0.0430
CO                  45.8046m   -9.088    0.0022      Fe 2                4329.43A   -7.910    0.0326      H2+                       0    -6.754    0.4669
CO                  45.0623m   -9.169    0.0018      Fe 2                2953.77A   -9.341    0.0012      bands..........................................
CO                  44.3452m   -9.252    0.0015      Fe 2                2772.73A   -7.432    0.0982      Fe 2b               2500.00A   -4.607   65.6232
CO                  43.6523m   -9.338    0.0012      Fe 2                2749.32A   -7.473    0.0893      Fe 2b               5000.00A   -4.662   57.7586
^13CO               1359.86m   -8.568    0.0072      Fe 2                9795.19A   -8.693    0.0054      Fe 2b               7000.00A   -5.605    6.5898
^13CO               906.599m   -8.220    0.0160      Fe 2                8228.13A   -8.608    0.0065      Fe 2b               10000.0A   -4.285  137.6983
^13CO               679.978m   -8.097    0.0212      Fe 2                7613.14A   -9.016    0.0026      Fe 2b               2355.00A   -5.384   10.9655
^13CO               544.012m   -8.038    0.0243      Fe 2                7011.24A   -9.422    0.0010      Fe 2b               2430.00A   -4.614   64.5547
^13CO               453.374m   -7.999    0.0266      Fe 2                6966.33A   -8.779    0.0044      Fe 2b               2445.00A   -4.614   64.5547
^13CO               388.637m   -7.986    0.0274      Fe 2                5477.25A   -8.777    0.0044      Fe 2b               2495.00A   -5.186   17.2971
^13CO               340.088m   -7.978    0.0279      Fe 2                5278.38A   -9.245    0.0015      Fe 2b               2610.00A   -4.864   36.2879
^13CO               302.332m   -7.982    0.0277      Fe 2                4402.59A   -9.030    0.0025      Fe 2b               2695.00A   -7.507    0.0826
^13CO               272.130m   -7.988    0.0273      Fe 2                4384.21A   -8.962    0.0029      Fe 2b               2758.00A   -6.439    0.9641
^13CO               247.423m   -8.003    0.0264      Fe 2                1.05081m   -9.173    0.0018      Fe 2b               2780.00A   -6.398    1.0603
^13CO               226.836m   -8.023    0.0251      Fe 2                7710.80A   -9.327    0.0012      Fe 2b               2935.00A   -8.093    0.0214
^13CO               209.419m   -8.050    0.0236      Fe 2                7048.01A   -8.993    0.0027      Fe 2b               2960.00A   -8.509    0.0082
^13CO               194.493m   -8.072    0.0225      Fe 2                5901.28A   -9.223    0.0016      Fe 2b               3180.00A   -7.025    0.2502
^13CO               181.558m   -8.098    0.0212      Fe 2                5527.62A   -9.335    0.0012      Fe 2b               3250.00A   -6.322    1.2644
^13CO               170.243m   -8.126    0.0198      Fe 2                2.04602m   -7.860    0.0366      Fe 2b               3590.00A   -6.341    1.2095
^13CO               160.261m   -8.156    0.0185      Fe 2                1.41956m   -8.415    0.0102      Fe 2b               3910.00A   -8.391    0.0108
^13CO               151.390m   -8.187    0.0172      Fe 2                1.35904m   -9.220    0.0016      Fe 2b               4060.00A   -9.049    0.0024
^13CO               143.454m   -8.220    0.0160      Fe 2                1.23314m   -8.209    0.0164      Fe 2b               4255.00A   -5.095   21.3021
^13CO               136.314m   -8.253    0.0148      Fe 2                1.09108m   -8.131    0.0196      Fe 2b               4558.00A   -5.825    3.9644
^13CO               129.855m   -8.293    0.0135      Fe 2                1.07084m   -8.570    0.0071      Fe 2b               4600.00A   -5.796    4.2450
^13CO               123.985m   -8.334    0.0123      Fe 2                1.05625m   -9.020    0.0025      Fe 2b               4743.00A   -6.544    0.7573
^13CO               118.627m   -8.378    0.0111      Fe 2                1.01565m   -8.822    0.0040      Fe 2b               4855.00A   -5.966    2.8710
^13CO               113.717m   -8.424    0.0100      Fe 2                8119.18A   -9.299    0.0013      Fe 2b               4920.00A   -5.451    9.3890
^13CO               109.201m   -8.472    0.0089      Fe 2                5588.16A   -8.125    0.0199      Fe 2b               4975.00A   -5.981    2.7727
^13CO               105.034m   -8.523    0.0080      Fe 2                5586.91A   -8.987    0.0027      Fe 2b               4971.00A   -6.024    2.5120
^13CO               101.176m   -8.577    0.0070      Fe 2                5580.82A   -7.557    0.0736      Fe 2b               5070.00A   -5.902    3.3202
^13CO               97.5955m   -8.633    0.0062      Fe 2                5551.32A   -7.274    0.1410      Fe 2b               5143.00A   -5.369   11.3386
^13CO               94.2629m   -8.693    0.0054      Fe 2                3227.74A   -8.987    0.0027      Fe 2b               5270.00A   -5.084   21.8377
^13CO               91.1537m   -8.757    0.0046      Fe 2                3196.07A   -8.509    0.0082      Fe 2b               5318.00A   -5.403   10.4987
^13CO               88.2461m   -8.824    0.0040      Fe 2                2.13278m   -8.115    0.0203      Fe 2b               5540.00A   -6.550    0.7474
^13CO               85.5213m   -8.897    0.0034      Fe 2                1.46079m   -8.962    0.0029      Fe 2b               5865.00A   -7.150    0.1879
^13CO               82.9627m   -8.976    0.0028      Fe 2                1.39678m   -9.022    0.0025      Fe 2b               6265.00A   -7.963    0.0289
^13CO               80.5556m   -9.062    0.0023      Fe 2                1.30943m   -9.042    0.0024      Fe 2b               6565.00A   -7.306    0.1312
^13CO               78.2869m   -9.157    0.0018      Fe 2                1.24364m   -9.227    0.0016      Fe 2b               6910.00A   -7.245    0.1509
^13CO               76.1453m   -9.264    0.0014      Fe 2                1.09413m   -8.328    0.0124      Fe 2b               7445.00A   -5.626    6.2737
^13CO               74.1205m   -9.390    0.0011      Fe 2                1.07890m   -8.425    0.0100      Fe 2b               8625.00A   -5.294   13.4898
OH+                 308.406m   -9.264    0.0014      Fe 2                1.06830m   -9.182    0.0017      Fe 2b               1.03250m   -6.351    1.1812
C  1                1560.31A   -8.085    0.0218      Fe 2                1.03658m   -9.194    0.0017      Fe 2b               1.88900m   -5.000   26.5235
C  1                1560.68A   -8.173    0.0178      Fe 2                5650.95A   -8.104    0.0209      Fe 2b               2.20000m   -7.085    0.2182
C  1                1560.71A   -8.232    0.0156      Fe 2                5649.67A   -8.078    0.0222      miscellaneous..................................
C  1                1561.34A   -7.546    0.0755      Fe 2                5643.44A   -9.215    0.0016      Blnd                8446.00A   -9.163    0.0018
C  1                1561.37A   -7.953    0.0295      Fe 2                5613.27A   -7.490    0.0858      Blnd                1304.00A   -7.553    0.0743
C  1                1561.44A   -7.675    0.0560      Fe 2                2.24366m   -8.453    0.0093      Blnd                2798.00A   -4.122  200.2410
C  1                1656.27A   -7.483    0.0871      Fe 2                2.00672m   -7.799    0.0421      Blnd                6720.00A   -4.825   39.7317
C  1                1656.93A   -7.832    0.0391      Fe 2                1.10657m   -8.672    0.0056      Blnd                4074.00A   -6.149    1.8818
C  1                1657.01A   -7.032    0.2462      Fe 2                1.09542m   -8.776    0.0044      Blnd                1.03300m   -6.258    1.4646
C  1                1657.38A   -7.819    0.0403      Fe 2                5725.92A   -8.375    0.0112      Blnd                1256.00A   -8.178    0.0176
C  1                1657.91A   -7.311    0.1297      Fe 2                5718.22A   -7.825    0.0397      Blnd                5892.00A   -7.683    0.0550
C  1                1658.12A   -7.341    0.1210      Fe 2                2.22379m   -7.209    0.1640      Blnd                2665.00A   -5.672    5.6406
C  1                1930.90A   -9.317    0.0013      Fe 2                2.01513m   -7.529    0.0785      Blnd                2335.00A   -5.483    8.7300
C  1                1992.01A   -9.041    0.0024      Fe 2                9682.08A   -8.040    0.0242      Blnd                8579.00A   -5.092   21.4532
C  1                1993.62A   -7.582    0.0694      Fe 2                9513.85A   -8.846    0.0038      Blnd                7306.00A   -4.445   95.1240
C  1                2582.90A   -8.847    0.0038      Fe 2                8715.81A   -8.673    0.0056      Blnd                3933.00A   -6.458    0.9249
C  1                8727.13A   -9.311    0.0013      Fe 2                6873.84A   -8.337    0.0122      Blnd                1657.00A   -6.602    0.6634
C  1                9824.13A   -4.649   59.4775      Fe 2                6700.65A   -9.307    0.0013      Blnd                9850.00A   -4.049  237.1676
C  1                9850.26A   -4.174  177.6902      Fe 2                6188.55A   -8.517    0.0081      Blnd                2326.00A   -7.389    0.1082
C  1                370.269m   -4.404  104.6603      Fe 2                5870.02A   -8.768    0.0045      Blnd                1335.00A   -8.509    0.0082
C  1                609.590m   -4.912   32.4967      Fe 2                5673.20A   -8.802    0.0042      Blnd                3467.00A   -6.973    0.2820
C  2                1334.53A   -9.265    0.0014      Fe 2                4898.61A   -8.538    0.0077      Blnd                5199.00A   -4.728   49.6626
C  2                1335.66A   -8.898    0.0034      Fe 2                2.25348m   -8.046    0.0238      Blnd                1.04030m   -6.217    1.6096
C  2                1335.71A   -8.889    0.0034      Fe 2                1.02005m   -9.255    0.0015      Blnd                2141.00A   -9.230    0.0016
C  2                2323.50A   -8.625    0.0063      Fe 2                1.00139m   -8.698    0.0053      Blnd                6300.00A   -4.443   95.7409
C  2                2324.69A   -8.302    0.0132      Fe 2                9133.66A   -9.421    0.0010      Blnd                2471.00A   -9.116    0.0020
C  2                2325.40A   -7.872    0.0356      Fe 2                8885.67A   -9.147    0.0019      Blnd                7323.00A   -9.284    0.0014
C  2                2326.93A   -7.842    0.0381      Fe 2                7131.14A   -9.311    0.0013      Blnd                7332.00A   -9.366    0.0011
C  2                2328.12A   -8.249    0.0150      Fe 2                6944.91A   -8.880    0.0035      Blnd                3727.00A   -7.205    0.1656
C  2                157.636m   -5.830    3.9277      Fe 2                6473.88A   -8.917    0.0032      Blnd                7325.00A   -9.022    0.0025
Ca 1                4226.73A   -7.473    0.0892      Fe 2                6044.10A   -9.348    0.0012      N 1C                5199.00A   -8.707    0.0052
Ca 1                6439.08A   -8.432    0.0098      Fe 2                5835.45A   -9.016    0.0026      N 1T                5199.00A   -8.817    0.0040

                                                    Emergent line intensities
 Caution: emergent intensities are not reliable on the first iteration.
general properties.............................      Fe 2                2404.89A   -6.984    0.2750      Mn 2                2593.72A   -7.095    0.2131
continua.......................................      Fe 2                2399.24A   -7.805    0.0416      Mn 2                2605.68A   -7.234    0.1546
FIR                 83.0000m   -3.015 2560.8403      Fe 2                2395.42A   -8.808    0.0041      Mn 2                3438.97A   -8.635    0.0062
TIR                 1800.00m   -4.881   34.8620      Fe 2                2380.76A   -5.802    4.1867      Mn 2                3460.03A   -9.236    0.0015
NIRa                2.85000m   -3.097 2121.4177      Fe 2                2348.30A   -7.543    0.0759      N  1                1134.41A   -9.226    0.0016
NIRb                3.00000m   -4.260  145.6226      Fe 2                2327.40A   -8.136    0.0194      N  1                1134.98A   -9.116    0.0020
MIRa                15.0000m   -4.355  117.1383      Fe 2                87.3597m   -6.854    0.3717      N  1                1199.55A   -8.585    0.0069
MIRb                22.5000m   -3.222 1590.8346      Fe 2                5.06097m   -7.755    0.0467      N  1                1200.22A   -8.758    0.0046
NMIR                21.7500m   -3.097 2121.4177      Fe 2                4.43363m   -7.672    0.0565      N  1                1200.71A   -9.059    0.0023
TFIR                611.250m   -3.865  361.9235      Fe 2                1.40951m   -9.082    0.0022      N  1                3466.50A   -7.057    0.2326
TALL                10000.0A   -2.641 6059.5146      Fe 2                1.32777m   -7.221    0.1597      N  1                3466.54A   -7.730    0.0494
F12                 12.0000m   -6.258    1.4656      Fe 2                1.27877m   -7.277    0.1401      N  1                5197.90A   -5.126   19.8547
F25                 25.0000m   -4.869   35.8632      Fe 2                1.25214m   -8.318    0.0128      N  1                5200.26A   -4.949   29.8074
F60                 60.0000m   -3.075 2230.2625      Fe 2                7926.88A   -8.555    0.0074      N  1                1.03977m   -6.562    0.7280
F100                100.000m   -5.934    3.0868      Fe 2                7803.89A   -8.296    0.0134      N  1                1.03982m   -7.084    0.2185
MIPS                24.0000m   -4.869   35.8580      Fe 2                7665.28A   -7.549    0.0750      N  1                1.04072m   -6.910    0.3267
MIPS                70.0000m   -3.076 2226.8477      Fe 2                5006.63A   -7.695    0.0535      N  1                1.04076m   -6.897    0.3362
MIPS                160.000m   -4.094  213.5861      Fe 2                4772.06A   -8.509    0.0082      Na 1                5889.95A   -7.984    0.0275
IRAC                3.60000m   -7.482    0.0874      Fe 2                4639.67A   -8.193    0.0170      Na 1                5895.92A   -7.984    0.0275
IRAC                4.50000m   -6.162    1.8281      Fe 2                4528.39A   -7.803    0.0417      Ni 1                7.50454m   -7.995    0.0268
IRAC                5.80000m   -4.449   94.4320      Fe 2                4509.61A   -8.151    0.0187      O  1                1304.86A   -7.681    0.0553
IRAC                8.00000m   -5.456    9.2833      Fe 2                4452.10A   -6.174    1.7769      O  1                1306.03A   -8.165    0.0181
SPR1                250.000m   -6.013    2.5773      Fe 2                3277.55A   -8.309    0.0130      O  1                1355.60A   -7.738    0.0485
SPR2                350.000m   -4.397  106.3974      Fe 2                3277.12A   -9.213    0.0016      O  1                1358.51A   -8.184    0.0174
SPR3                500.000m   -6.201    1.6683      Fe 2                3275.02A   -8.385    0.0109      O  1                2972.29A   -7.208    0.1641
PAC1                70.0000m   -3.076 2227.7527      Fe 2                2631.05A   -7.131    0.1962      O  1                5577.34A   -6.259    1.4617
PAC2                100.000m   -5.934    3.0895      Fe 2                2620.41A   -9.016    0.0026      O  1                6300.30A   -4.563   72.5505
PAC3                160.000m   -4.091  215.3282      Fe 2                2613.82A   -7.901    0.0333      O  1                6363.78A   -5.059   23.1760
PAH                 3.30000m   -8.288    0.0137      Fe 2                2410.52A   -7.773    0.0448      O  1                6391.73A   -8.387    0.0109
PAHC                3.23000m   -8.568    0.0072      Fe 2                2406.66A   -8.043    0.0240      O  1                44.0453m   -8.705    0.0052
PAHC                3.37000m   -8.557    0.0074      Fe 2                2404.43A   -8.869    0.0036      O  1                63.1679m   -3.076 2225.4438
PAH                 6.20000m   -8.335    0.0123      Fe 2                2359.11A   -7.853    0.0372      O  1                145.495m   -4.108  206.8339
PAHC                5.65000m   -7.245    0.1508      Fe 2                2338.01A   -7.916    0.0322      O  2                2470.34A   -9.219    0.0016
PAH                 7.90000m   -7.824    0.0398      Fe 2                4.67067m   -8.297    0.0134      O  2                7319.99A   -9.413    0.0010
PAHC                6.90000m   -5.458    9.2382      Fe 2                1.29777m   -7.608    0.0654      O  2                3728.81A   -7.427    0.0994
PAH                 11.3000m   -7.706    0.0522      Fe 2                1.27034m   -7.480    0.0878      O  2                3726.03A   -7.603    0.0662
PAHC                10.9000m   -7.338    0.1218      Fe 2                7999.47A   -9.302    0.0013      P  2                60.6263m   -6.522    0.7974
PAH                 11.8000m   -9.022    0.0025      Fe 2                7874.24A   -7.650    0.0594      P  2                1532.53A   -9.082    0.0022
PAHC                12.6500m   -7.086    0.2178      Fe 2                7733.14A   -8.196    0.0169      P  2                32.8620m   -6.625    0.6292
PAH                 13.3000m   -8.968    0.0029      Fe 2                4798.28A   -8.059    0.0232      P  2                1.14682m   -6.542    0.7614
PAHC                14.1000m   -6.746    0.4762      Fe 2                4664.45A   -8.707    0.0052      P  2                4669.25A   -8.207    0.0165
Bcon                3640.00A   -3.403 1049.9192      Fe 2                4533.01A   -8.698    0.0053      P  2                2195.57A   -8.486    0.0087
Pcon                5000.00A   -3.821  400.2061      Fe 2                4474.90A   -6.486    0.8655      P  2                1536.42A   -9.046    0.0024
O3bn                5007.00A   -5.684    5.4956      Fe 2                3289.89A   -8.695    0.0054      P  2                1535.92A   -8.920    0.0032
RRC............................................      Fe 2                3289.46A   -8.474    0.0089      P  2                1.18828m   -6.119    2.0182
grains.........................................      Fe 2                2628.29A   -7.585    0.0690      P  2                2210.34A   -8.033    0.0246
H-like iso-sequence............................      Fe 2                2621.67A   -8.487    0.0086      P  2                1542.30A   -9.209    0.0016
H  1                1215.67A   -3.724  500.6510      Fe 2                2413.31A   -8.289    0.0136      P  2                7875.99A   -7.459    0.0923
H  1                6562.80A   -5.662    5.7829      Fe 2                2411.07A   -8.298    0.0134      S  1                1483.04A   -9.066    0.0023
H  1                4861.32A   -6.424    1.0000      Fe 2                2344.28A   -8.004    0.0263      S  1                1820.34A   -7.748    0.0474
H  1                4340.46A   -6.805    0.4161      Fe 2                17.9311m   -5.437    9.6919      S  1                1826.24A   -8.232    0.0156
H  1                4101.73A   -8.495    0.0085      Fe 2                1.64355m   -4.543   75.9803      S  1                25.2421m   -5.691    5.4042
H  1                3970.07A   -8.784    0.0044      Fe 2                1.53348m   -5.668    5.6949      S  1                56.2957m   -6.650    0.5935
H  1                3889.05A   -9.016    0.0026      Fe 2                8616.95A   -5.932    3.1044      S  2                6730.82A   -5.214   16.2162
H  1                3835.38A   -9.210    0.0016      Fe 2                7155.17A   -6.060    2.3086      S  2                6716.44A   -5.052   23.5131
H  1                3797.90A   -9.377    0.0011      Fe 2                6896.17A   -7.512    0.0816      S  2                4076.35A   -6.762    0.4591
H  1                3770.63A   -9.123    0.0020      Fe 2                5413.37A   -7.970    0.0284      S  2                4068.60A   -6.271    1.4227
H  1                3750.15A   -9.239    0.0015      Fe 2                5280.27A   -8.506    0.0083      S  2                1.03364m   -6.900    0.3339
H  1                3734.37A   -9.343    0.0012      Fe 2                5273.36A   -6.059    2.3162      S  2                1.02867m   -6.897    0.3364
H  1                1.87510m   -7.196    0.1691      Fe 2                5158.79A   -5.448    9.4582      S  2                1.03705m   -7.222    0.1592
H  1                1.28181m   -7.509    0.0822      Fe 2                5111.64A   -6.355    1.1719      S  2                1.03205m   -6.763    0.4577
H  1                1.09381m   -8.879    0.0035      Fe 2                5072.41A   -6.100    2.1054      S  2                1259.52A   -8.533    0.0078
H  1                1.00494m   -9.187    0.0017      Fe 2                5039.10A   -7.535    0.0774      S  2                1253.81A   -8.611    0.0065
H  1                4.05115m   -8.065    0.0228      Fe 2                4814.54A   -6.404    1.0454      S  2                1250.58A   -8.919    0.0032
H  1                2.62515m   -9.056    0.0023      Fe 2                4774.73A   -6.844    0.3796      Sc 2                4246.82A   -8.978    0.0028
H  1                2.16553m   -9.407    0.0010      Fe 2                4745.49A   -7.896    0.0337      Sc 2                7043.49A   -8.749    0.0047
H  1                7.45782m   -9.092    0.0021      Fe 2                4661.78A   -8.994    0.0027      Sc 2                8261.17A   -9.263    0.0014
He-like iso-sequence...........................      Fe 2                4243.97A   -5.774    4.4617      Sc 2                8271.28A   -9.149    0.0019
extra Lyman....................................      Fe 2                4177.20A   -6.864    0.3628      Sc 2                8326.62A   -9.403    0.0010
database lines.................................      Fe 2                4146.65A   -8.440    0.0096      Sc 2                8347.28A   -8.968    0.0029
CN                  2648.35m   -8.986    0.0027      Fe 2                4114.48A   -8.779    0.0044      Sc 2                8384.33A   -9.280    0.0014
CN                  2640.74m   -8.685    0.0055      Fe 2                3929.35A   -9.032    0.0025      Sc 2                1.07804m   -9.346    0.0012
CN                  1322.30m   -9.070    0.0023      Fe 2                3387.09A   -7.279    0.1394      Sc 2                2.03194m   -8.884    0.0035
CN                  1321.03m   -8.814    0.0041      Fe 2                3376.20A   -6.482    0.8747      Sc 2                2.04712m   -9.231    0.0016
CN                  881.421m   -9.063    0.0023      Fe 2                2732.45A   -7.603    0.0661      Sc 2                2.07591m   -8.876    0.0035
CN                  880.858m   -8.907    0.0033      Fe 2                2493.30A   -5.186   17.2905      Sc 2                2.07842m   -8.710    0.0052
CN                  661.044m   -8.970    0.0028      Fe 2                2484.20A   -8.777    0.0044      Sc 2                2.08152m   -8.978    0.0028
CN                  660.727m   -8.856    0.0037      Fe 2                2360.00A   -7.131    0.1963      Sc 2                2.11129m   -9.152    0.0019
CN                  528.842m   -9.079    0.0022      Fe 2                2348.12A   -7.187    0.1727      Sc 2                2.12445m   -9.150    0.0019
CN                  528.639m   -8.989    0.0027      Fe 2                2331.31A   -8.863    0.0036      Si 1                2211.75A   -9.187    0.0017
CN                  440.721m   -9.093    0.0021      Fe 2                24.5126m   -6.137    1.9346      Si 1                2519.20A   -8.586    0.0069
CN                  440.580m   -9.019    0.0025      Fe 2                1.80940m   -5.144   19.0531      Si 1                2528.51A   -8.369    0.0113
CN                  377.785m   -9.238    0.0015      Fe 2                1.67688m   -6.094    2.1386      Si 1                68.4548m   -7.874    0.0355
CN                  377.682m   -9.174    0.0018      Fe 2                1.59948m   -6.001    2.6483      Si 1                129.641m   -7.944    0.0302
CN                  330.590m   -9.324    0.0013      Fe 2                9051.95A   -5.773    4.4727      Si 2                34.8046m   -3.268 1431.5881
CN                  330.511m   -9.269    0.0014      Fe 2                8891.93A   -6.198    1.6826      Si 2                2334.41A   -6.424    0.9987
HF                  243.178m   -8.589    0.0068      Fe 2                7452.56A   -6.552    0.7437      Si 2                2328.52A   -7.037    0.2439
CO                  2600.05m   -8.141    0.0192      Fe 2                7172.00A   -6.468    0.9037      Si 2                1808.01A   -6.426    0.9937
CO                  1300.05m   -7.035    0.2448      Fe 2                6275.53A   -8.425    0.0100      Si 2                1260.42A   -8.516    0.0081
CO                  866.727m   -6.708    0.5195      Fe 2                5527.36A   -7.042    0.2409      Si 2                2350.17A   -6.288    1.3671
CO                  650.074m   -6.595    0.6746      Fe 2                5440.48A   -8.799    0.0042      Si 2                2344.20A   -5.888    3.4359
CO                  520.089m   -6.538    0.7684      Fe 2                5433.15A   -6.573    0.7094      Si 2                2334.60A   -5.995    2.6851
CO                  433.438m   -6.501    0.8375      Fe 2                5261.63A   -5.828    3.9411      Si 2                1817.45A   -6.395    1.0675
CO                  371.549m   -6.488    0.8620      Fe 2                5220.08A   -7.103    0.2090      Si 2                1816.93A   -6.032    2.4630
CO                  325.137m   -6.479    0.8799      Fe 2                5184.80A   -6.999    0.2659      Si 2                1533.43A   -6.833    0.3893
CO                  289.041m   -6.483    0.8728      Fe 2                5158.01A   -6.948    0.2987      Si 2                1309.28A   -7.615    0.0643
CO                  260.169m   -6.489    0.8612      Fe 2                4947.39A   -6.348    1.1897      Si 2                1265.00A   -7.427    0.0992
CO                  236.549m   -6.504    0.8319      Fe 2                4905.35A   -6.699    0.5299      Si 2                1264.74A   -7.832    0.0391
CO                  216.868m   -6.524    0.7944      Fe 2                4874.50A   -6.742    0.4802      Si 2                1197.39A   -7.773    0.0447
CO                  200.218m   -6.550    0.7482      Fe 2                4852.74A   -8.103    0.0209      Si 2                1194.50A   -7.991    0.0271
CO                  185.949m   -6.571    0.7121      Fe 2                4346.86A   -6.402    1.0522      Si 2                3862.60A   -9.021    0.0025
CO                  173.584m   -6.596    0.6725      Fe 2                4276.84A   -6.325    1.2541      Si 2                3856.02A   -8.995    0.0027
CO                  162.767m   -6.623    0.6326      Fe 2                4244.82A   -7.137    0.1934      Si 2                6371.37A   -8.938    0.0031
CO                  153.225m   -6.651    0.5923      Fe 2                4231.56A   -8.738    0.0049      Si 2                6347.11A   -8.861    0.0037
CO                  144.745m   -6.681    0.5527      Fe 2                4211.11A   -8.713    0.0051      Zn 2                2062.00A   -8.526    0.0079
CO                  137.159m   -6.712    0.5147      Fe 2                3455.11A   -7.386    0.1091      Zn 2                2025.48A   -8.293    0.0135
CO                  130.333m   -6.744    0.4784      Fe 2                3452.31A   -7.074    0.2235      Al 2                2669.15A   -6.069    2.2636
CO                  124.160m   -6.781    0.4393      Fe 2                3440.99A   -6.960    0.2905      Al 2                2660.35A   -5.895    3.3774
CO                  118.548m   -6.821    0.4004      Fe 2                2774.73A   -8.844    0.0038      Al 2                1670.79A   -6.565    0.7219
CO                  113.427m   -6.862    0.3647      Fe 2                2759.34A   -9.243    0.0015      Al 2                3900.67A   -9.305    0.0013
CO                  108.733m   -6.905    0.3303      Fe 2                2485.07A   -9.028    0.0025      Ca 2                7323.89A   -4.838   38.4881
CO                  104.416m   -6.948    0.2990      Fe 2                2391.48A   -8.113    0.0204      Ca 2                7291.47A   -4.671   56.6307
CO                  100.433m   -6.993    0.2693      Fe 2                2379.28A   -8.821    0.0040      Ca 2                3968.47A   -6.779    0.4409
CO                  96.7462m   -7.041    0.2415      Fe 2                2362.02A   -7.566    0.0720      Ca 2                8662.14A   -5.570    7.1340
CO                  93.3237m   -7.090    0.2158      Fe 2                35.7675m   -6.937    0.3067      Ca 2                3933.66A   -6.739    0.4841
CO                  90.1384m   -7.140    0.1920      Fe 2                1.95361m   -6.055    2.3383      Ca 2                8498.02A   -6.261    1.4540
CO                  87.1666m   -7.193    0.1702      Fe 2                1.80002m   -6.109    2.0626      Ca 2                8542.09A   -5.314   12.8639
CO                  84.3877m   -7.247    0.1504      Fe 2                1.71113m   -6.678    0.5562      Ca 2                3706.02A   -7.934    0.0309
CO                  81.7835m   -7.302    0.1324      Fe 2                1.66377m   -6.298    1.3363      Ca 2                3736.90A   -7.637    0.0612
CO                  79.3383m   -7.360    0.1159      Fe 2                9399.04A   -6.195    1.6922      Ca 2                3158.87A   -7.955    0.0294
CO                  77.0375m   -7.419    0.1011      Fe 2                9226.63A   -6.141    1.9164      Ca 2                3181.27A   -8.660    0.0058
CO                  74.8697m   -7.479    0.0880      Fe 2                9033.49A   -7.217    0.1609      Ca 2                3179.33A   -7.706    0.0523
CO                  72.8231m   -7.542    0.0761      Fe 2                7388.17A   -6.588    0.6855      Ca 2                1.19497m   -9.378    0.0011
CO                  70.8878m   -7.606    0.0657      Fe 2                6440.41A   -7.540    0.0764      Ca 2                1.18390m   -9.075    0.0022
CO                  69.0557m   -7.669    0.0568      Fe 2                6229.28A   -8.691    0.0054      Ca 2                1838.01A   -8.892    0.0034
CO                  67.3181m   -7.734    0.0489      Fe 2                5654.87A   -8.002    0.0264      Ca 2                1840.03A   -8.736    0.0049
CO                  65.6684m   -7.800    0.0420      Fe 2                5556.31A   -7.242    0.1519      Ca 2                2112.76A   -9.364    0.0011
CO                  64.0998m   -7.867    0.0361      Fe 2                5412.67A   -7.770    0.0450      Cl 2                14.3639m   -6.747    0.4747
CO                  62.6072m   -7.933    0.0310      Fe 2                5333.66A   -6.115    2.0344      Cl 2                33.2721m   -7.828    0.0394
CO                  61.1843m   -8.000    0.0265      Fe 2                5296.84A   -7.398    0.1060      Cl 2                8578.70A   -6.435    0.9735
CO                  59.8271m   -8.068    0.0227      Fe 2                5268.89A   -7.118    0.2019      Cl 2                9123.60A   -7.020    0.2533
CO                  58.5311m   -8.136    0.0194      Fe 2                5107.96A   -8.054    0.0234      Cl 2                3677.85A   -8.358    0.0116
CO                  57.2920m   -8.204    0.0166      Fe 2                5049.30A   -6.522    0.7981      Cl 2                6161.84A   -8.312    0.0129
CO                  56.1066m   -8.275    0.0141      Fe 2                5005.52A   -6.576    0.7047      Mg 2                2802.71A   -4.596   67.2281
CO                  54.9712m   -8.346    0.0120      Fe 2                4973.40A   -6.843    0.3806      Mg 2                2795.53A   -4.300  133.0269
CO                  53.8829m   -8.417    0.0102      Fe 2                4950.76A   -7.189    0.1717      Mg 2                2936.52A   -7.527    0.0788
CO                  52.8388m   -8.489    0.0086      Fe 2                4352.79A   -6.641    0.6061      Mg 2                2928.64A   -7.829    0.0393
CO                  51.8365m   -8.561    0.0073      Fe 2                4319.62A   -6.907    0.3285      Mg 2                2797.93A   -8.267    0.0143
CO                  50.8731m   -8.633    0.0062      Fe 2                4305.90A   -7.710    0.0517      Mg 2                2790.77A   -7.565    0.0723
CO                  49.9472m   -8.706    0.0052      Fe 2                4084.33A   -9.037    0.0024      Mg 2                2798.00A   -7.312    0.1294
CO                  49.0559m   -8.780    0.0044      Fe 2                3504.51A   -7.689    0.0543      Mg 2                9244.22A   -9.385    0.0011
CO                  48.1977m   -8.856    0.0037      Fe 2                3504.02A   -7.545    0.0756      Mg 2                9218.22A   -9.088    0.0022
CO                  47.3709m   -8.932    0.0031      Fe 2                3501.63A   -7.109    0.2063      N  2                205.283m   -8.623    0.0063
CO                  46.5738m   -9.010    0.0026      Fe 2                3489.99A   -7.789    0.0432      N  2                121.769m   -8.844    0.0038
CO                  45.8046m   -9.088    0.0022      Fe 2                2385.01A   -8.393    0.0107      N  2                6548.05A   -7.995    0.0268
CO                  45.0623m   -9.169    0.0018      Fe 2                2.06648m   -7.448    0.0945      N  2                6583.45A   -7.526    0.0791
CO                  44.3452m   -9.252    0.0015      Fe 2                1.89541m   -6.845    0.3790      N  2                5754.59A   -9.374    0.0011
CO                  43.6523m   -9.338    0.0012      Fe 2                1.79711m   -6.332    1.2357      N  2                2142.77A   -9.379    0.0011
^13CO               1359.86m   -8.568    0.0072      Fe 2                1.74494m   -6.620    0.6359      Ni 2                1.19102m   -5.419   10.1038
^13CO               906.599m   -8.220    0.0160      Fe 2                9652.70A   -7.044    0.2397      Ni 2                6.63416m   -6.047    2.3806
^13CO               679.978m   -8.097    0.0212      Fe 2                9470.94A   -6.532    0.7797      Ni 2                1.07151m   -7.040    0.2419
^13CO               544.012m   -8.038    0.0243      Fe 2                9267.56A   -6.914    0.3235      Ni 2                10.6793m   -6.678    0.5575
^13CO               453.374m   -7.999    0.0266      Fe 2                7544.00A   -9.227    0.0016      Ni 2                1.27792m   -8.864    0.0036
^13CO               388.637m   -7.986    0.0274      Fe 2                6558.51A   -7.754    0.0467      Ni 2                1.16130m   -7.556    0.0737
^13CO               340.088m   -7.978    0.0279      Fe 2                5745.71A   -8.373    0.0112      Ni 2                12.7253m   -7.093    0.2142
^13CO               302.332m   -7.982    0.0277      Fe 2                5643.98A   -8.214    0.0162      Ni 2                9882.95A   -8.305    0.0131
^13CO               272.130m   -7.988    0.0273      Fe 2                5495.84A   -8.047    0.0238      Ni 2                1.09177m   -7.843    0.0381
^13CO               247.423m   -8.003    0.0264      Fe 2                5376.47A   -6.509    0.8208      Ni 2                18.2355m   -7.809    0.0411
^13CO               226.836m   -8.023    0.0251      Fe 2                5347.66A   -7.624    0.0631      Ni 2                9374.87A   -8.598    0.0067
^13CO               209.419m   -8.050    0.0236      Fe 2                5181.96A   -7.900    0.0334      Ni 2                7377.83A   -6.208    1.6445
^13CO               194.493m   -8.072    0.0225      Fe 2                5076.57A   -7.180    0.1753      Ni 2                8300.99A   -7.504    0.0832
^13CO               181.558m   -8.098    0.0212      Fe 2                5043.53A   -7.050    0.2365      Ni 2                1.93877m   -6.915    0.3223
^13CO               170.243m   -8.126    0.0198      Fe 2                5020.25A   -7.166    0.1810      Ni 2                2.36883m   -8.202    0.0167
^13CO               160.261m   -8.156    0.0185      Fe 2                4372.43A   -7.182    0.1746      Ni 2                2.91064m   -7.871    0.0357
^13CO               151.390m   -8.187    0.0172      Fe 2                4358.37A   -7.393    0.1073      Ni 2                6666.80A   -7.053    0.2346
^13CO               143.454m   -8.220    0.0160      Fe 2                4080.00A   -9.066    0.0023      Ni 2                7411.61A   -6.834    0.3884
^13CO               136.314m   -8.253    0.0148      Fe 2                3539.19A   -7.393    0.1073      Ni 2                1.76458m   -8.980    0.0028
^13CO               129.855m   -8.293    0.0135      Fe 2                3538.69A   -7.687    0.0546      Ni 2                2.04866m   -8.557    0.0074
^13CO               123.985m   -8.334    0.0123      Fe 2                3536.25A   -7.812    0.0409      Ni 2                2.30794m   -8.014    0.0257
^13CO               118.627m   -8.378    0.0111      Fe 2                3524.38A   -9.121    0.0020      Ni 2                6.91767m   -8.313    0.0129
^13CO               113.717m   -8.424    0.0100      Fe 2                22.8961m   -8.442    0.0096      Ni 2                4326.24A   -7.000    0.2650
^13CO               109.201m   -8.472    0.0089      Fe 2                1.81139m   -8.721    0.0050      Ni 2                4628.05A   -7.422    0.1003
^13CO               105.034m   -8.523    0.0080      Fe 2                7764.71A   -7.928    0.0313      Ni 2                6794.20A   -8.479    0.0088
^13CO               101.176m   -8.577    0.0070      Fe 2                7336.73A   -8.217    0.0161      Ni 2                7255.82A   -7.355    0.1171
^13CO               97.5955m   -8.633    0.0062      Fe 2                7267.25A   -9.185    0.0017      Ni 2                7694.56A   -8.426    0.0100
^13CO               94.2629m   -8.693    0.0054      Fe 2                6809.24A   -8.195    0.0169      Ni 2                8033.54A   -8.590    0.0068
^13CO               91.1537m   -8.757    0.0046      Fe 2                6729.87A   -8.476    0.0089      Ni 2                1.04597m   -7.839    0.0384
^13CO               88.2461m   -8.824    0.0040      Fe 2                6671.93A   -9.039    0.0024      Ni 2                1.23230m   -7.866    0.0361
^13CO               85.5213m   -8.897    0.0034      Fe 2                5721.37A   -9.312    0.0013      Ni 2                4201.17A   -7.183    0.1741
^13CO               82.9627m   -8.976    0.0028      Fe 2                5163.96A   -8.224    0.0158      Ni 2                4485.21A   -7.636    0.0614
^13CO               80.5556m   -9.062    0.0023      Fe 2                4266.35A   -8.924    0.0032      Ni 2                7307.65A   -7.531    0.0781
^13CO               78.2869m   -9.157    0.0018      Fe 2                4249.08A   -9.195    0.0017      Ni 2                7612.72A   -7.859    0.0367
^13CO               76.1453m   -9.264    0.0014      Fe 2                4157.92A   -9.201    0.0017      Ni 2                1.13597m   -8.542    0.0076
^13CO               74.1205m   -9.390    0.0011      Fe 2                3277.35A   -7.733    0.0490      Ni 2                4285.31A   -8.391    0.0108
OH+                 308.406m   -9.264    0.0014      Fe 2                3255.89A   -8.992    0.0027      Ni 2                6791.48A   -8.106    0.0208
C  1                1560.31A   -8.086    0.0218      Fe 2                2926.59A   -8.629    0.0062      Ni 2                7054.20A   -8.010    0.0259
C  1                1560.68A   -8.174    0.0178      Fe 2                2880.76A   -8.303    0.0132      Ni 2                9.61508m   -9.300    0.0013
C  1                1560.71A   -8.233    0.0155      Fe 2                2755.74A   -6.651    0.5922      Ni 2                4033.04A   -7.449    0.0944
C  1                1561.34A   -7.547    0.0753      Fe 2                2739.55A   -7.370    0.1130      Ni 2                4294.09A   -7.569    0.0715
C  1                1561.37A   -7.954    0.0295      Fe 2                2716.70A   -7.507    0.0826      Ni 2                6467.29A   -8.603    0.0066
C  1                1561.44A   -7.676    0.0559      Fe 2                34.6508m   -9.313    0.0013      Ni 2                6813.57A   -7.591    0.0681
C  1                1656.27A   -7.484    0.0871      Fe 2                1.00287m   -7.915    0.0322      Ni 2                7078.04A   -8.140    0.0192
C  1                1656.93A   -7.832    0.0391      Fe 2                8245.16A   -9.415    0.0010      Ni 2                1.02090m   -8.921    0.0032
C  1                1657.01A   -7.032    0.2463      Fe 2                8037.28A   -8.445    0.0095      Ni 2                3993.06A   -7.104    0.2088
C  1                1657.38A   -7.819    0.0403      Fe 2                7579.61A   -8.936    0.0031      Ni 2                4248.80A   -7.579    0.0699
C  1                1657.91A   -7.311    0.1297      Fe 2                7017.95A   -8.855    0.0037      Ni 2                6007.06A   -8.693    0.0054
C  1                1658.12A   -7.341    0.1210      Fe 2                6933.67A   -9.221    0.0016      Ni 2                6365.10A   -7.578    0.0701
C  1                1930.90A   -9.317    0.0013      Fe 2                6872.19A   -8.386    0.0109      Ni 2                6700.24A   -8.971    0.0028
C  1                1992.01A   -9.041    0.0024      Fe 2                6829.03A   -9.421    0.0010      Ni 2                6955.82A   -9.006    0.0026
C  1                1993.62A   -7.582    0.0694      Fe 2                5746.98A   -8.273    0.0142      Ni 2                8703.87A   -8.033    0.0246
C  1                2582.90A   -8.847    0.0038      Fe 2                5283.12A   -8.832    0.0039      Ni 2                9956.63A   -8.259    0.0146
C  1                8727.13A   -9.311    0.0013      Fe 2                5199.18A   -9.047    0.0024      Ni 2                5.18504m   -9.039    0.0024
C  1                9824.13A   -4.649   59.4743      Fe 2                4351.81A   -9.195    0.0017      Ni 2                3438.88A   -7.293    0.1352
C  1                9850.26A   -4.174  177.6807      Fe 2                4347.36A   -8.564    0.0072      Ni 2                3626.89A   -7.600    0.0666
C  1                370.269m   -4.404  104.6768      Fe 2                4329.43A   -7.911    0.0326      Ni 2                3378.16A   -7.907    0.0329
C  1                609.590m   -4.912   32.5019      Fe 2                2953.77A   -9.341    0.0012      Ni 2                3559.41A   -7.886    0.0345
C  2                1334.53A   -9.269    0.0014      Fe 2                2772.73A   -7.432    0.0982      level 1 lines..................................
C  2                1335.66A   -8.903    0.0033      Fe 2                2749.32A   -7.473    0.0893      recombination..................................
C  2                1335.71A   -8.894    0.0034      Fe 2                9795.19A   -8.693    0.0054      level2 lines...................................
C  2                2323.50A   -8.625    0.0063      Fe 2                8228.13A   -8.608    0.0065      C  1                1247.50A   -8.280    0.0139
C  2                2324.69A   -8.302    0.0132      Fe 2                7613.14A   -9.016    0.0026      C  1                1314.77A   -8.205    0.0166
C  2                2325.40A   -7.872    0.0356      Fe 2                7011.24A   -9.422    0.0010      C  1                1233.29A   -8.793    0.0043
C  2                2326.93A   -7.842    0.0381      Fe 2                6966.33A   -8.779    0.0044      C  1                1250.68A   -8.945    0.0030
C  2                2328.12A   -8.249    0.0150      Fe 2                5477.25A   -8.777    0.0044      Mg 1                1817.31A   -9.084    0.0022
C  2                157.636m   -5.830    3.9283      Fe 2                5278.38A   -9.245    0.0015      Mg 1                1739.09A   -9.289    0.0014
Ca 1                4226.73A   -7.473    0.0892      Fe 2                4402.59A   -9.030    0.0025      Mg 1                1699.05A   -9.329    0.0012
Ca 1                6439.08A   -8.432    0.0098      Fe 2                4384.21A   -8.962    0.0029      Mg 1                1675.74A   -9.380    0.0011
Ca 1                6462.57A   -8.671    0.0057      Fe 2                1.05081m   -9.173    0.0018      Si 1                1853.05A   -9.157    0.0018
Ca 1                6493.78A   -8.880    0.0035      Fe 2                7710.80A   -9.327    0.0012      Si 2                1179.59A   -8.551    0.0075
Cl 1                11.3303m   -7.727    0.0497      Fe 2                7048.01A   -8.993    0.0027      S  1                1356.05A   -8.819    0.0040
Co 2                9335.96A   -8.564    0.0072      Fe 2                5901.28A   -9.224    0.0016      S  1                1392.25A   -9.181    0.0017
Co 2                9639.13A   -9.002    0.0026      Fe 2                5527.62A   -9.335    0.0012      S  1                1418.10A   -9.388    0.0011
Co 2                10.5199m   -7.398    0.1061      Fe 2                2.04602m   -7.860    0.0366      Fe 1                2484.25A   -9.057    0.0023
Co 2                15.4548m   -8.284    0.0138      Fe 2                1.41956m   -8.415    0.0102      Fe 1                2526.51A   -9.299    0.0013
Co 2                2.98382m   -6.884    0.3464      Fe 2                1.35904m   -9.220    0.0016      Sc 2                3627.22A   -7.747    0.0475
Co 2                14.7345m   -7.928    0.0313      Fe 2                1.23314m   -8.209    0.0164      Sc 2                3575.45A   -7.870    0.0358
Co 2                18.7989m   -8.448    0.0095      Fe 2                1.09108m   -8.131    0.0196      Sc 2                3368.13A   -8.434    0.0098
Co 2                25.6819m   -9.136    0.0019      Fe 2                1.07084m   -8.570    0.0071      Ti 2                3364.74A   -6.173    1.7822
Co 2                1.01879m   -7.614    0.0645      Fe 2                1.05625m   -9.020    0.0025      Ti 2                3237.15A   -6.413    1.0261
Co 2                1.12804m   -8.585    0.0069      Fe 2                1.01565m   -8.822    0.0040      Ti 2                1904.17A   -8.280    0.0139
Co 2                1.54700m   -7.859    0.0367      Fe 2                8119.18A   -9.299    0.0013      Ti 2                1907.36A   -8.023    0.0252
Co 2                1.72847m   -8.855    0.0037      Fe 2                5588.16A   -8.125    0.0199      V  2                2710.94A   -8.503    0.0083
Co 2                1.90349m   -8.695    0.0054      Fe 2                5586.91A   -8.987    0.0027      V  2                2684.22A   -8.266    0.0144
Co 2                1.02452m   -8.420    0.0101      Fe 2                5580.82A   -7.557    0.0736      V  2                2139.33A   -8.908    0.0033
Co 2                1.09726m   -9.048    0.0024      Fe 2                5551.32A   -7.275    0.1410      Cr 1                4269.56A   -8.861    0.0037
Co 2                1.49674m   -9.284    0.0014      Fe 2                3227.74A   -8.987    0.0027      Cr 1                3589.90A   -8.677    0.0056
Co 2                1.62622m   -9.272    0.0014      Fe 2                3196.07A   -8.509    0.0082      Cr 2                2059.78A   -6.773    0.4475
Co 2                1.73616m   -8.978    0.0028      Fe 2                2.13278m   -8.115    0.0203      Mn 2                1198.85A   -9.131    0.0020
Co 2                1.02803m   -9.017    0.0025      Fe 2                1.46079m   -8.962    0.0029      Co 2                2060.90A   -8.240    0.0152
Co 2                8580.39A   -9.073    0.0022      Fe 2                1.39678m   -9.022    0.0025      Co 2                2018.80A   -8.275    0.0141
Co 2                9342.40A   -7.769    0.0452      Fe 2                1.30943m   -9.042    0.0024      Co 2                1949.74A   -8.353    0.0118
Co 2                9943.48A   -8.116    0.0203      Fe 2                1.24364m   -9.227    0.0016      Co 2                1575.91A   -8.873    0.0036
Co 2                7539.01A   -8.437    0.0097      Fe 2                1.09413m   -8.329    0.0124      Co 2                1470.18A   -8.949    0.0030
Co 2                8121.00A   -8.150    0.0188      Fe 2                1.07890m   -8.425    0.0100      Ni 2                1751.83A   -7.807    0.0414
Co 2                8571.41A   -8.757    0.0046      Fe 2                1.06830m   -9.183    0.0017      Ni 2                1744.24A   -7.614    0.0645
Co 2                6.21176m   -9.398    0.0011      Fe 2                1.03658m   -9.194    0.0017      Ni 2                1484.97A   -8.938    0.0031
Co 2                8027.34A   -8.616    0.0064      Fe 2                5650.95A   -8.104    0.0209      Ni 2                1472.74A   -8.629    0.0062
Co 2                8467.14A   -9.029    0.0025      Fe 2                5649.67A   -8.078    0.0222      Ni 2                1400.37A   -8.937    0.0031
Co 2                8333.76A   -8.797    0.0042      Fe 2                5643.44A   -9.215    0.0016      Ni 2                1375.73A   -8.608    0.0065
Cr 2                8000.08A   -6.606    0.6571      Fe 2                5613.27A   -7.490    0.0858      Ni 2                1324.11A   -8.708    0.0052
Cr 2                8125.30A   -6.680    0.5543      Fe 2                2.24366m   -8.453    0.0093      hyperfine structure............................
Cr 2                8229.67A   -6.774    0.4462      Fe 2                2.00672m   -7.799    0.0422      inner shell....................................
Cr 2                8308.49A   -6.961    0.2899      Fe 2                1.10657m   -8.672    0.0056      molecules......................................
Cr 2                8357.64A   -7.259    0.1461      Fe 2                1.09542m   -8.776    0.0044      bands..........................................
Fe 1                24.0358m   -7.049    0.2372      Fe 2                5725.92A   -8.375    0.0112      Fe 2b               2500.00A   -4.607   65.6285
Fe 1                34.7038m   -7.637    0.0612      Fe 2                5718.22A   -7.825    0.0397      Fe 2b               5000.00A   -4.662   57.7584
Fe 2                25.9813m   -4.972   28.3106      Fe 2                2.22379m   -7.209    0.1640      Fe 2b               7000.00A   -5.605    6.5894
Fe 2                5.33871m   -4.449   94.2802      Fe 2                2.01513m   -7.529    0.0785      Fe 2b               10000.0A   -4.285  137.6913
Fe 2                4.11387m   -6.812    0.4091      Fe 2                9682.08A   -8.040    0.0242      Fe 2b               2355.00A   -5.384   10.9665
Fe 2                1.25668m   -5.721    5.0442      Fe 2                9513.85A   -8.846    0.0038      Fe 2b               2430.00A   -4.614   64.5601
Fe 2                1.19129m   -8.506    0.0083      Fe 2                8715.81A   -8.673    0.0056      Fe 2b               2445.00A   -4.614   64.5600
Fe 2                6309.53A   -9.351    0.0012      Fe 2                6873.84A   -8.337    0.0122      Fe 2b               2495.00A   -5.186   17.2984
Fe 2                4799.30A   -9.249    0.0015      Fe 2                6700.65A   -9.307    0.0013      Fe 2b               2610.00A   -4.864   36.2907
Fe 2                4704.22A   -8.474    0.0089      Fe 2                6188.55A   -8.517    0.0081      Fe 2b               2695.00A   -7.507    0.0826
Fe 2                4632.28A   -6.681    0.5532      Fe 2                5870.02A   -8.768    0.0045      Fe 2b               2758.00A   -6.440    0.9642
Fe 2                4604.48A   -8.464    0.0091      Fe 2                5673.20A   -8.802    0.0042      Fe 2b               2780.00A   -6.398    1.0604
Fe 2                4416.27A   -6.662    0.5774      Fe 2                4898.61A   -8.538    0.0077      Fe 2b               2935.00A   -8.093    0.0214
Fe 2                4382.74A   -7.632    0.0619      Fe 2                2.25348m   -8.046    0.0239      Fe 2b               2960.00A   -8.509    0.0082
Fe 2                4287.39A   -5.700    5.2970      Fe 2                1.02005m   -9.255    0.0015      Fe 2b               3180.00A   -7.025    0.2503
Fe 2                3931.44A   -9.294    0.0013      Fe 2                1.00139m   -8.698    0.0053      Fe 2b               3250.00A   -6.322    1.2644
Fe 2                3874.07A   -8.925    0.0032      Fe 2                9133.66A   -9.421    0.0010      Fe 2b               3590.00A   -6.341    1.2096
Fe 2                3175.38A   -7.511    0.0818      Fe 2                8885.67A   -9.147    0.0019      Fe 2b               3910.00A   -8.391    0.0108
Fe 2                2599.40A   -7.940    0.0304      Fe 2                7131.14A   -9.312    0.0013      Fe 2b               4060.00A   -9.049    0.0024
Fe 2                2585.88A   -8.955    0.0029      Fe 2                6944.91A   -8.880    0.0035      Fe 2b               4255.00A   -5.095   21.3025
Fe 2                2382.04A   -6.220    1.5991      Fe 2                6473.88A   -8.917    0.0032      Fe 2b               4558.00A   -5.826    3.9644
Fe 2                2343.50A   -8.754    0.0047      Fe 2                6044.10A   -9.348    0.0012      Fe 2b               4600.00A   -5.796    4.2450
Fe 2                35.3391m   -5.633    6.1700      Fe 2                5835.45A   -9.016    0.0026      Fe 2b               4743.00A   -6.544    0.7573
Fe 2                6.71944m   -5.589    6.8350      Fe 2                5060.09A   -9.097    0.0021      Fe 2b               4855.00A   -5.966    2.8710
Fe 2                4.88781m   -6.475    0.8879      Fe 2                4576.40A   -9.350    0.0012      Fe 2b               4920.00A   -5.451    9.3890
Fe 2                4.07521m   -7.297    0.1339      Fe 2                1.34608m   -9.396    0.0011      Fe 2b               4975.00A   -5.981    2.7727
Fe 2                1.32055m   -6.217    1.6082      Fe 2                1.11648m   -9.213    0.0016      Fe 2b               4971.00A   -6.024    2.5120
Fe 2                1.24854m   -7.252    0.1487      Fe 2                5048.19A   -9.064    0.0023      Fe 2b               5070.00A   -5.903    3.3202
Fe 2                1.20512m   -9.064    0.0023      Fe 2                1.71482m   -8.648    0.0060      Fe 2b               5143.00A   -5.369   11.3385
Fe 2                7637.52A   -6.521    0.7989      Fe 2                9949.21A   -8.980    0.0028      Fe 2b               5270.00A   -5.085   21.8375
Fe 2                7523.28A   -8.568    0.0072      Fe 2                7975.22A   -9.162    0.0018      Fe 2b               5318.00A   -5.403   10.4986
Fe 2                4889.62A   -6.545    0.7568      Fe 2                1.47063m   -9.418    0.0010      Fe 2b               5540.00A   -6.550    0.7474
Fe 2                4750.27A   -9.276    0.0014      Fe 2                1.01273m   -9.093    0.0021      Fe 2b               5865.00A   -7.150    0.1879
Fe 2                4716.37A   -7.559    0.0733      Fe 2                6353.11A   -9.214    0.0016      Fe 2b               6265.00A   -7.963    0.0289
Fe 2                4687.56A   -7.762    0.0459      Fe 2                1.80228m   -9.315    0.0013      Fe 2b               6565.00A   -7.306    0.1312
Fe 2                4492.64A   -7.532    0.0780      Fe 2                1.00387m   -9.244    0.0015      Fe 2b               6910.00A   -7.245    0.1509
Fe 2                4457.95A   -6.930    0.3117      Fe 2                9469.41A   -9.127    0.0020      Fe 2b               7445.00A   -5.626    6.2734
Fe 2                4432.45A   -7.724    0.0501      Fe 2                9384.77A   -8.618    0.0064      Fe 2b               8625.00A   -5.294   13.4890
Fe 2                4359.33A   -5.830    3.9197      Fe 2                2.39329m   -8.668    0.0057      Fe 2b               1.03250m   -6.351    1.1812
Fe 2                3224.54A   -8.607    0.0066      Fe 2                4825.73A   -8.099    0.0211      Fe 2b               1.88900m   -5.000   26.5277
Fe 2                3214.67A   -8.025    0.0251      Fe 2                2.50030m   -9.005    0.0026      Fe 2b               2.20000m   -7.085    0.2183
Fe 2                2625.67A   -4.986   27.3786      Fe 2                4867.73A   -9.141    0.0019      miscellaneous..................................
Fe 2                2611.87A   -5.715    5.1079      Fe 2                2.59860m   -9.388    0.0011      Blnd                8446.00A   -9.164    0.0018
Fe 2                2598.37A   -6.947    0.3000      Fe 2                4903.85A   -8.593    0.0068      Blnd                1304.00A   -7.557    0.0736
Fe 2                2395.63A   -5.995    2.6813      Fe 2                1.04657m   -9.421    0.0010      Blnd                2798.00A   -4.122  200.2549
Fe 2                2388.63A   -7.043    0.2401      Fe 2                3.58120m   -9.012    0.0026      Blnd                6720.00A   -4.825   39.7293
Fe 2                2383.06A   -8.956    0.0029      Fe 2                3.15558m   -9.043    0.0024      Blnd                4074.00A   -6.149    1.8818
Fe 2                2364.83A   -6.394    1.0703      Fe 2                5171.63A   -8.401    0.0105      Blnd                1.03300m   -6.258    1.4645
Fe 2                2332.80A   -7.474    0.0891      Fe 2                5169.03A   -7.643    0.0603      Blnd                1256.00A   -8.181    0.0175
Fe 2                2279.91A   -9.039    0.0024      Fe 2                5018.44A   -9.371    0.0011      Blnd                5892.00A   -7.683    0.0550
Fe 2                51.2868m   -6.152    1.8715      Fe 2                6044.54A   -8.845    0.0038      Blnd                2665.00A   -5.672    5.6410
Fe 2                5.67236m   -7.287    0.1371      Fe 2                5316.61A   -9.336    0.0012      Blnd                2335.00A   -5.483    8.7307
Fe 2                4.60641m   -7.096    0.2125      Fe 3                22.9190m   -9.362    0.0012      Blnd                8579.00A   -5.092   21.4518
Fe 2                4.08085m   -7.842    0.0381      Fe 3                4985.87A   -9.224    0.0016      Blnd                7306.00A   -4.445   95.1189
Fe 2                1.37181m   -6.461    0.9180      K  1                7664.90A   -9.199    0.0017      Blnd                3933.00A   -6.458    0.9250
Fe 2                1.29427m   -7.037    0.2436      Mg 1                2025.82A   -8.458    0.0093      Blnd                1657.00A   -6.602    0.6634
Fe 2                7806.23A   -8.294    0.0135      Mg 1                2852.13A   -5.896    3.3692      Blnd                9850.00A   -4.049  237.1550
Fe 2                7686.93A   -6.599    0.6682      Mg 1                3832.30A   -8.968    0.0029      Blnd                2326.00A   -7.389    0.1082
Fe 2                7552.40A   -9.078    0.0022      Mg 1                3838.29A   -8.551    0.0075      Blnd                1335.00A   -8.513    0.0081
Fe 2                4958.23A   -8.395    0.0107      Mg 1                4562.60A   -5.702    5.2659      Blnd                3467.00A   -6.973    0.2820
Fe 2                4750.57A   -8.392    0.0107      Mg 1                4571.10A   -6.141    1.9189      Blnd                5199.00A   -4.728   49.6621
Fe 2                4728.07A   -7.193    0.1700      Mg 1                4575.29A   -7.069    0.2265      Blnd                1.04030m   -6.217    1.6095
Fe 2                4514.90A   -7.556    0.0738      Mg 1                5167.32A   -8.227    0.0157      Blnd                2141.00A   -9.230    0.0016
Fe 2                4488.75A   -7.275    0.1409      Mg 1                5172.68A   -7.753    0.0469      Blnd                6300.00A   -4.443   95.7374
Fe 2                4470.30A   -8.478    0.0088      Mg 1                5183.60A   -7.533    0.0778      Blnd                2471.00A   -9.116    0.0020
Fe 2                4413.78A   -5.982    2.7673      Mg 1                8806.76A   -7.811    0.0410      Blnd                7323.00A   -9.284    0.0014
Fe 2                3254.24A   -8.085    0.0218      Mg 1                1.18282m   -7.980    0.0278      Blnd                7332.00A   -9.366    0.0011
Fe 2                3244.18A   -8.379    0.0111      Mg 1                1.50250m   -8.793    0.0043      Blnd                3727.00A   -7.205    0.1656
Fe 2                2631.32A   -5.959    2.9182      Mg 1                1.50402m   -9.238    0.0015      Blnd                7325.00A   -9.022    0.0025
Fe 2                2617.62A   -7.403    0.1048      Mg 1                1.71087m   -8.504    0.0083
Fe 2                2607.09A   -7.284    0.1380      Mn 2                2576.10A   -7.001    0.2645



 IC443 grid point v shock=39 km/s  
 Cooling:  H  1c                     0 :0.128 C  1c                     0 :0.060 Fe 2c                     0 :0.067 O  1c                     0 :0.402 Si 2c                     0 :0.229  
 Heating:  TotM                      0 :0.215 CT H                      0 :0.527 H- H                      0 :0.255  

 These are some of the most important databases used by Cloudy:
 Many recombination coefficients were taken from http://amdpp.phys.strath.ac.uk/tamoc/RR/ and http://amdpp.phys.strath.ac.uk/tamoc/DR/
      and are based on the following papers:
        Badnell N. R., et al., A&A 406, 1151 (2003) [http://adsabs.harvard.edu/abs/2003A%26A...406.1151B]
        Badnell N. R., ApJS 167, 334 (2006) [http://adsabs.harvard.edu/abs/2006ApJS..167..334B]
 Much of the molecular emission data is from LAMDA as accessed on June 30, 2015. This database is described in:
        Schoeier F.L., et al., A&A 432, 369 (2005) [http://adsabs.harvard.edu/abs/2005A%26A...432..369S]
      This database is in part based on the work of the following groups:
        JPL: Pickett H. M. et al., JQSRT, 60, 883 (1998). [http://adsabs.harvard.edu/abs/1998JQSRT..60..883P]
        CDMS: Mueller H. S. et al., A&A 370, L49 (2001). [http://adsabs.harvard.edu/abs/2001A%26A...370L..49M]
              Mueller H. S. et al., J. Mol. Struct. 742, 215 (2005). [http://adsabs.harvard.edu/abs/2005JMoSt.742..215M]
 Some of the ionic emission data is from version 10.0.1 of CHIANTI. CHIANTI is a collaborative project involving the NRL (USA), the
      Universities of Florence (Italy) and Cambridge (UK), and George Mason University (USA). These papers describe Chianti:
        Dere K. P., et al., A&AS, 125, 149 (1997) [http://adsabs.harvard.edu/abs/1997A%26AS..125..149D]
        Landi E., et al., ApJ, 744, 99 (2012) [http://adsabs.harvard.edu/abs/2012ApJ...744...99L]
 Much of the H_2 data is from this web site: http://molat.obspm.fr/index.php?page=pages/Molecules/H2/H2can94.php. These data are
      described in:
        Abgrall H. et al., Can. J. Phys., 72, 856 (1994) [http://adsabs.harvard.edu/abs/1994CaJPh..72..856A]
        Wrathmall S. A. & Flower D. R., J. Phys. B, 40, 3221 (2007) [http://adsabs.harvard.edu/abs/2007JPhB...40.3221W]
 The Case A and Case B recombination predictions for one-electron systems are from
	Storey, P.J. & Hummer, D.G., 1995, MNRAS 272, 41 http://adsabs.harvard.edu/abs/1995MNRAS.272...41S
 The He I recombination predictions are from
	Porter, R. L.; Ferland, G. J.; Storey, P. J.; Detisch, M. J., 2012, MNRAS, 425, 28p http://adsabs.harvard.edu/abs/2012MNRAS.425L..28P
		http://adsabs.harvard.edu/abs/2013MNRAS.433L..89P

 If you find some process or data set to be particularly critical to a result, please follow the trail of references back to the
 original source and cite that.  This will support and encourage atomic, molecular, and chemical physicists to continue their
 valuable work.

 IONIZE PARMET:  U(1-)-37.0000  U(4-):-37.0000  U(sp):-37.00  Q(ion):   -3.992  L(ion)-14.493    Q(low): 10.436    L(low) -2.970
 ENERGY BUDGET:  Heat:  -7.196  Coolg:  -2.624  Error:3732320.6%  Rec Lin:  -3.955  F-F  H  0.000    P(rad/tot)max     2.11E-04    R(F Con):1.737e+05

     Col(Heff):      3.179E+20  snd travl time  2.32E+12 sec  Te-low: 1.00E+04  Te-hi: 1.00E+04  G0TH85: 0.00E+00  G0DB96:0.00E+00
  Emiss Measure    n(e)n(p) dl       3.721E+16  n(e)n(He+)dl         3.093E+08  En(e)n(He++) dl         0.000E+00  ne nC+:4.90E+13
 He/Ha:2.67E-08  =   0.00*true  Lthin:8.19E+06  itr/zn: 1.42  H2 itr/zn:  0.00  File Opacity: F  MassTot 9.01e-04  (gm/cm^2)
   Temps(21 cm)   T(21cm/Ly a)  6.43E+03        T(<nH/Tkin>)  1.00E+04          T(<nH/Tspin>)    6.89E+03          TB21cm:9.22E+00
                   N(H0/Tspin)  5.51E+16        N(OH/Tkin)    5.95E+07          B(21cm)          0.00E+00
   <a>:2.11E-12  erdeFe0.0E+00  Tcompt0.00E+00  Tthr3.76E+11  <Tden>: 1.00E+04  <dens>:4.85E-22  <MolWgt>1.29E+00
     Mean Jeans  l(cm)2.50E+20  M(sun)1.99E+06  smallest:     len(cm):2.50E+20  M(sun):1.99E+06  a_ox tran:  0.00
 Rion:1.000E+30  Dist:0.00E+00  Diam:0.000E+00
 Hatom level 70  HatomType: add  HInducImp  F  He tot level: 63  He2 level:   70  ExecTime    25.8
 ConvrgError(%)  <eden>  0.154  MaxEden  0.755  <H-C> 100.00  Max(H-C)  100.00  <Press>   0.000  MaxPrs er  0.000
  Continuity(%)  chng Te   0.0  elec den   0.9  n(H2)    0.0  n(CO)        5.6

                                                        Averaged Quantities
             Te      Te(Ne)   Te(NeNp)  Te(NeHe+)Te(NeHe2+) Te(NeO+)  Te(NeO2+)  Te(H2)     N(H)     Ne(O2+)   Ne(Np)
 Radius:  1.00e+04  1.00e+04  1.00e+04  1.00e+04  0.00e+00  1.00e+04  1.00e+04  1.00e+04  2.05e+02  1.54e-01  1.53e-01
 
 Peimbert T(OIIIr)0.00E+00 T(Bac)0.00E+00 T(Hth)7.01E+03 t2(Hstrc) 0.00e+00 T(O3-BAC)5.59E+03 t2(O3-BC)-1.50e-01 t2(O3str) 3.31e-32

 Contin Optical Depths: COMP: 1.89e-07    H-: 8.31e-05 R(1300): 2.55e-03  H2+: 6.95e-07  Bra:1.89E-07
                          Pa: 1.91e-07    Ba: 7.63e-05      Hb: 5.92e-05   La: 6.28e+00     1r:2.413E+03  1.8:7.53E+02 4.:1.138E+02

 Old, new H  1 continuum optical depths:
     1 1.00e+08     2 0.00e+00     3 0.00e+00     4 0.00e+00     5 0.00e+00     6 0.00e+00     7 0.00e+00     8 0.00e+00
     9 0.00e+00    10 0.00e+00    11 0.00e+00    12 0.00e+00    13 0.00e+00    14 0.00e+00    15 0.00e+00    16 0.00e+00
    17 0.00e+00    18 0.00e+00    19 0.00e+00    20 0.00e+00    21 0.00e+00    22 0.00e+00    23 0.00e+00    24 0.00e+00
    25 0.00e+00    26 0.00e+00    27 0.00e+00    28 0.00e+00    29 0.00e+00    30 0.00e+00    31 0.00e+00    32 0.00e+00
    33 0.00e+00    34 0.00e+00    35 0.00e+00    36 0.00e+00    37 0.00e+00    38 0.00e+00    39 0.00e+00    40 0.00e+00
    41 0.00e+00    42 0.00e+00    43 0.00e+00    44 0.00e+00    45 0.00e+00    46 0.00e+00    47 0.00e+00    48 0.00e+00
    49 0.00e+00    50 0.00e+00    51 0.00e+00    52 0.00e+00    53 0.00e+00    54 0.00e+00
     1 2.41e+03     2 4.27e-05     3 8.38e-05     4 8.38e-05     5 8.38e-05     6 2.16e-05     7 2.16e-05     8 2.16e-05
     9 2.16e-05    10 1.93e-18    11 1.93e-18    12 1.93e-18    13 1.93e-18    14 1.93e-18    15 2.76e-18    16 2.76e-18
    17 2.76e-18    18 2.76e-18    19 2.76e-18    20 2.76e-18    21 4.80e-18    22 4.80e-18    23 4.80e-18    24 4.80e-18
    25 4.80e-18    26 4.80e-18    27 4.80e-18    28 7.75e-18    29 7.75e-18    30 7.75e-18    31 7.75e-18    32 7.75e-18
    33 7.75e-18    34 7.75e-18    35 7.75e-18    36 1.18e-17    37 1.18e-17    38 1.18e-17    39 1.18e-17    40 1.18e-17
    41 1.18e-17    42 1.18e-17    43 1.18e-17    44 1.18e-17    45 1.73e-17    46 1.73e-17    47 1.73e-17    48 1.73e-17
    49 1.73e-17    50 1.73e-17    51 1.73e-17    52 1.73e-17    53 1.73e-17    54 1.73e-17

 Old, new H  1 mean line optical depths:
  2- 1 4.65e+07  3- 2 0.00e+00  4- 3 0.00e+00  5- 4 0.00e+00  6- 5 0.00e+00  7- 6 0.00e+00  8- 7 0.00e+00
  9- 8 0.00e+00 10- 9 0.00e+00 11-10 0.00e+00 12-11 0.00e+00 13-12 0.00e+00 14-13 0.00e+00 15-14 0.00e+00 16-15 0.00e+00
 17-16 0.00e+00 18-17 0.00e+00 19-18 0.00e+00 20-19 0.00e+00 21-20 0.00e+00 22-21 0.00e+00 23-22 0.00e+00 24-23 0.00e+00
 25-24 0.00e+00
  2- 1 3.97e+07  3- 2 6.35e-07  4- 3 9.41e-14  5- 4 4.99e-14  6- 5 1.20e-13  7- 6-3.28e-15  8- 7 4.32e-15
  9- 8 3.78e-14 10- 9 1.28e-13 11-10 5.45e-13 12-11 6.78e-15 13-12 9.51e-16 14-13-1.28e-14 15-14-4.06e-14 16-15-9.22e-14
 17-16-1.83e-13 18-17-3.36e-13 19-18-5.87e-13 20-19-9.94e-13 21-20-1.66e-12 22-21-2.80e-12 23-22-5.10e-12 24-23-1.20e-11
 25-24-3.53e-10

 Old, new He 2 continuum optical depths:
     1 3.43e+06     2 9.96e+07     3 0.00e+00     4 0.00e+00     5 0.00e+00     6 0.00e+00     7 0.00e+00     8 0.00e+00
     9 0.00e+00    10 0.00e+00    11 0.00e+00    12 0.00e+00    13 0.00e+00    14 0.00e+00    15 0.00e+00    16 0.00e+00
    17 0.00e+00    18 0.00e+00    19 0.00e+00    20 0.00e+00    21 0.00e+00    22 0.00e+00    23 0.00e+00    24 0.00e+00
    25 0.00e+00    26 0.00e+00    27 0.00e+00    28 0.00e+00    29 0.00e+00    30 0.00e+00    31 0.00e+00    32 0.00e+00
    33 0.00e+00    34 0.00e+00    35 0.00e+00    36 0.00e+00    37 0.00e+00    38 0.00e+00    39 0.00e+00    40 0.00e+00
    41 0.00e+00    42 0.00e+00    43 0.00e+00    44 0.00e+00    45 0.00e+00    46 0.00e+00    47 0.00e+00    48 0.00e+00
    49 0.00e+00    50 0.00e+00    51 0.00e+00    52 0.00e+00    53 0.00e+00    54 0.00e+00
     1 1.14e+02     2 2.40e+03     3 5.55e-05     4 5.55e-05     5 5.55e-05     6 4.27e-05     7 4.27e-05     8 4.27e-05
     9 4.27e-05    10 6.79e-05    11 6.79e-05    12 6.79e-05    13 6.79e-05    14 6.79e-05    15 8.38e-05    16 8.38e-05
    17 8.38e-05    18 8.38e-05    19 8.38e-05    20 8.38e-05    21 7.05e-05    22 7.05e-05    23 7.05e-05    24 7.05e-05
    25 7.05e-05    26 7.05e-05    27 7.05e-05    28 2.16e-05    29 2.16e-05    30 2.16e-05    31 2.16e-05    32 2.16e-05
    33 2.16e-05    34 2.16e-05    35 2.16e-05    36 1.25e-18    37 1.25e-18    38 1.25e-18    39 1.25e-18    40 1.25e-18
    41 1.25e-18    42 1.25e-18    43 1.25e-18    44 1.25e-18    45 1.93e-18    46 1.93e-18    47 1.93e-18    48 1.93e-18
    49 1.93e-18    50 1.93e-18    51 1.93e-18    52 1.93e-18    53 1.93e-18    54 1.93e-18

 Old, new He 2 mean line optical depths:
  2- 1 4.65e+06  3- 2 0.00e+00  4- 3 0.00e+00  5- 4 0.00e+00  6- 5 0.00e+00  7- 6 0.00e+00  8- 7 0.00e+00
  9- 8 0.00e+00 10- 9 0.00e+00 11-10 0.00e+00 12-11 0.00e+00 13-12 0.00e+00 14-13 0.00e+00 15-14 0.00e+00 16-15 0.00e+00
 17-16 0.00e+00 18-17 0.00e+00 19-18 0.00e+00 20-19 0.00e+00 21-20 0.00e+00 22-21 0.00e+00 23-22 0.00e+00 24-23 0.00e+00
 25-24 0.00e+00
  2- 1 0.00e+00  3- 2 0.00e+00  4- 3 0.00e+00  5- 4 0.00e+00  6- 5 0.00e+00  7- 6 0.00e+00  8- 7 0.00e+00
  9- 8 0.00e+00 10- 9 0.00e+00 11-10 0.00e+00 12-11 0.00e+00 13-12 0.00e+00 14-13 0.00e+00 15-14 0.00e+00 16-15 0.00e+00
 17-16 0.00e+00 18-17 0.00e+00 19-18 0.00e+00 20-19 0.00e+00 21-20 0.00e+00 22-21 0.00e+00 23-22 0.00e+00 24-23 0.00e+00
 25-24 0.00e+00

 Old He Is optical depths:    1 2.36e+07    2 0.00e+00    3 0.00e+00    4 0.00e+00    5 0.00e+00
 New He Is optical depths:    1 7.53e+02    2 2.79e-05    3 3.54e-05    4 3.96e-05    5 3.96e-05
          Old He Is Lines:  584 0.00e+00 3889 0.00e+00 5016 0.00e+00 5876 0.00e+00
          New He Is Lines:  584 2.52e+06 3889 3.51e-09 5016 5.99e-15 5876 0.00e+00
IC443 grid point v shock=39 km/s  


          Start Iteration Number 2                                            IC443 grid point v shock=39 km/s  


 ####  1  Te:1.000E+04 Hden:2.047E+02 Ne:1.131E-01 R:1.000E+30 R-R0:5.775E+11 dR:1.155E+12 NTR:  1 Htot:1.836E-26 T912: 1.50e-03###
 Hydrogen      1.00e+00 4.64e-04 H+o/Hden 1.00e+00 3.82e-09 H-    H2 4.70e-06 1.71e-10 H2+ HeH+ 2.61e-11 Ho+ ColD 2.36e+14 1.10e+11
 Helium        1.00e+00 2.19e-12 0.00e+00 HeI 2s3S 7.01e-16 Comp H,C 0.00e+00 0.00e+00 Fill Fac 1.00e+00 Gam1/tot 9.53e-08
 He singlet n  1.00e+00 3.56e-22 4.25e-30 1.63e-29 4.57e-31 2.06e-30 He tripl 7.01e-16 4.19e-28 2.70e-29 2.60e-29 1.16e-30
 Pressure      NgasTgas 2.26e+06 P(total) 3.11e-10 P( gas ) 3.11e-10 P(Radtn) 0.00e+00 Rad accl 0.00e+00 ForceMul 0.00e+00
 Texc(La)      2.28e+03 T(I con) 0.00e+00 T(D con) 4.20e-02 T(U tot) 4.20e-02 nT (c+d) 1.02e+04 Prad/Gas 0.00e+00 Pmag/Gas 0.00e+00
 Molecules     CH/Ctot: 2.55e-06 CH+/Ctot 2.33e-08 CO/Ctot: 5.61e-01 CO+/Ctot 2.68e-08 H2O/Otot 6.76e-12 OH/Ototl 1.92e-06
 Lithium       6.74e-03 9.93e-01 0.00e+00 0.00e+00 Berylliu 9.51e-01 4.90e-02 1.59e-08 0.00e+00 0.00e+00 sec ion: 0.00e+00
 Boron         4.81e-01 5.19e-01 2.82e-14 0.00e+00 0.00e+00 0.00e+00
 Carbon        4.34e-01 5.48e-03 1.52e-14 0.00e+00 0.00e+00 0.00e+00 0.00e+00 H2O+/O   6.16e-10 OH+/Otot 4.50e-06 Hex(tot) 0.00e+00
 Nitrogen      9.66e-01 5.11e-04 7.61e-20 0.00e+00 0.00e+00 0.00e+00 0.00e+00 0.00e+00 O2/Ototl 8.59e-11 O2+/Otot 1.21e-07
 Oxygen        7.19e-01 2.69e-04 2.86e-24 0.00e+00 0.00e+00 0.00e+00 0.00e+00 0.00e+00 0.00e+00
 Fluorine      7.88e-01 5.50e-06 1.74e-21 0.00e+00 0.00e+00 0.00e+00 0.00e+00 0.00e+00 0.00e+00 0.00e+00
 Neon          1.00e+00 4.01e-07 0.00e+00 0.00e+00 0.00e+00 0.00e+00 0.00e+00 0.00e+00 0.00e+00 0.00e+00 0.00e+00
 Sodium        1.45e-03 9.99e-01 5.03e-22 0.00e+00 0.00e+00 0.00e+00 0.00e+00 0.00e+00 0.00e+00 0.00e+00 0.00e+00 0.00e+00
 Magnesium     6.07e-02 9.39e-01 7.24e-05 0.00e+00 0.00e+00 0.00e+00 0.00e+00 0.00e+00 0.00e+00 0.00e+00 0.00e+00 0.00e+00 0.00e+00
 Aluminium  0  9.09e-04 9.99e-01 1.78e-07 0.00e+00 0.00e+00 0.00e+00 0.00e+00 0.00e+00 0.00e+00 0.00e+00 0.00e+00 0.00e+00 0.00e+00
 Silicon    0  1.11e-01 3.94e-01 2.95e-06 0.00e+00 0.00e+00 0.00e+00 0.00e+00 0.00e+00 0.00e+00 0.00e+00 0.00e+00 0.00e+00 0.00e+00
 Phosphorus 0  1.20e-03 9.99e-01 8.13e-10 0.00e+00 0.00e+00 0.00e+00 0.00e+00 0.00e+00 0.00e+00 0.00e+00 0.00e+00 0.00e+00 0.00e+00
 Sulphur    0  5.83e-02 8.79e-03 1.17e-12 0.00e+00 0.00e+00 0.00e+00 0.00e+00 0.00e+00 0.00e+00 0.00e+00 0.00e+00 0.00e+00 0.00e+00
 Chlorine   0  1.20e-02 9.88e-01 1.38e-09 0.00e+00 0.00e+00 0.00e+00 0.00e+00 0.00e+00 0.00e+00 0.00e+00 0.00e+00 0.00e+00 0.00e+00
 Argon      0  1.00e+00 2.72e-05 5.07e-17 0.00e+00 0.00e+00 0.00e+00 0.00e+00 0.00e+00 0.00e+00 0.00e+00 0.00e+00 0.00e+00 0.00e+00
 Potassium  0  3.49e-04 1.00e+00 1.19e-13 0.00e+00 0.00e+00 0.00e+00 0.00e+00 0.00e+00 0.00e+00 0.00e+00 0.00e+00 0.00e+00 0.00e+00
 Calcium    0  7.96e-03 9.83e-01 9.30e-03 0.00e+00 0.00e+00 0.00e+00 0.00e+00 0.00e+00 0.00e+00 0.00e+00 0.00e+00 0.00e+00 0.00e+00
 Scandium   0  4.11e-03 9.89e-01 6.43e-03 0.00e+00 0.00e+00 0.00e+00 0.00e+00 0.00e+00 0.00e+00 0.00e+00 0.00e+00 0.00e+00 0.00e+00
 Titanium   0  2.94e-04 9.99e-01 5.38e-04 0.00e+00 0.00e+00 0.00e+00 0.00e+00 0.00e+00 0.00e+00 0.00e+00 0.00e+00 0.00e+00 0.00e+00
 Vanadium   0  1.07e-02 9.89e-01 4.00e-05 0.00e+00 0.00e+00 0.00e+00 0.00e+00 0.00e+00 0.00e+00 0.00e+00 0.00e+00 0.00e+00 0.00e+00
 Chromium   0  1.74e-02 9.83e-01 1.33e-04 0.00e+00 0.00e+00 0.00e+00 0.00e+00 0.00e+00 0.00e+00 0.00e+00 0.00e+00 0.00e+00 0.00e+00
 Manganese  0  3.09e-04 1.00e+00 7.45e-05 0.00e+00 0.00e+00 0.00e+00 0.00e+00 0.00e+00 0.00e+00 0.00e+00 0.00e+00 0.00e+00 0.00e+00
 Iron       0  2.98e-04 1.00e+00 3.83e-05 0.00e+00 0.00e+00 0.00e+00 0.00e+00 0.00e+00 0.00e+00 0.00e+00 0.00e+00 0.00e+00 0.00e+00
 Cobalt     0  9.42e-02 9.06e-01 3.06e-07 0.00e+00 0.00e+00 0.00e+00 0.00e+00 0.00e+00 0.00e+00 0.00e+00 0.00e+00 0.00e+00 0.00e+00
 Nickel     0  4.01e-04 1.00e+00 1.23e-12 0.00e+00 0.00e+00 0.00e+00 0.00e+00 0.00e+00 0.00e+00 0.00e+00 0.00e+00 0.00e+00 0.00e+00
 Copper     0  1.99e-01 8.01e-01 1.78e-11 0.00e+00 0.00e+00 0.00e+00 0.00e+00 0.00e+00 0.00e+00 0.00e+00 0.00e+00 0.00e+00 0.00e+00
 Zinc       0  5.81e-01 4.19e-01 9.47e-08 0.00e+00 0.00e+00 0.00e+00 0.00e+00 0.00e+00 0.00e+00 0.00e+00 0.00e+00 0.00e+00 0.00e+00
 ####250  Te:1.000E+04 Hden:2.047E+02 Ne:1.632E-01 R:1.000E+30 R-R0:1.854E+18 dR:5.226E+15 NTR:  2 Htot:3.481E-26 T912: 2.41e+03###
 Hydrogen      9.99e-01 6.85e-04 H+o/Hden 1.00e+00 6.11e-09 H-    H2 5.94e-06 2.89e-10 H2+ HeH+ 4.39e-11 Ho+ ColD 3.80e+20 2.40e+17
 Helium        1.00e+00 6.00e-11 0.00e+00 HeI 2s3S 9.38e-16 Comp H,C 2.36e-34 7.82e-34 Fill Fac 1.00e+00 Gam1/tot 2.90e-05
 He singlet n  1.00e+00 5.32e-22 1.34e-27 2.24e-29 1.28e-29 2.78e-30 He tripl 9.38e-16 5.62e-28 3.62e-29 3.50e-29 1.58e-30
 Pressure      NgasTgas 2.26e+06 P(total) 3.11e-10 P( gas ) 3.11e-10 P(Radtn) 2.65e-16 Rad accl 5.96e-12 ForceMul 7.48e+05
 Texc(La)      2.95e+03 T(I con) 0.00e+00 T(D con) 1.47e+00 T(U tot) 1.47e+00 nT (c+d) 3.56e+05 Prad/Gas 8.52e-07 Pmag/Gas 0.00e+00
 Molecules     CH/Ctot: 7.38e-06 CH+/Ctot 4.58e-08 CO/Ctot: 1.30e-04 CO+/Ctot 3.67e-11 H2O/Otot 1.38e-11 OH/Ototl 3.36e-06
 Lithium       2.26e-03 9.98e-01 0.00e+00 0.00e+00 Berylliu 1.51e-01 8.49e-01 3.57e-07 0.00e+00 0.00e+00 sec ion: 0.00e+00
 Boron         1.20e-03 9.99e-01 7.27e-14 0.00e+00 0.00e+00 0.00e+00
 Carbon        9.96e-01 3.39e-03 1.34e-14 0.00e+00 0.00e+00 0.00e+00 0.00e+00 H2O+/O   5.82e-10 OH+/Otot 4.83e-06 Hex(tot) 0.00e+00
 Nitrogen      9.96e-01 8.55e-04 3.43e-18 0.00e+00 0.00e+00 0.00e+00 0.00e+00 0.00e+00 O2/Ototl 1.35e-10 O2+/Otot 1.25e-07
 Oxygen        9.99e-01 5.52e-04 7.86e-24 0.00e+00 0.00e+00 0.00e+00 0.00e+00 0.00e+00 0.00e+00
 Fluorine      9.60e-01 6.91e-06 2.70e-21 0.00e+00 0.00e+00 0.00e+00 0.00e+00 0.00e+00 0.00e+00 0.00e+00
 Neon          1.00e+00 3.52e-07 0.00e+00 0.00e+00 0.00e+00 0.00e+00 0.00e+00 0.00e+00 0.00e+00 0.00e+00 0.00e+00
 Sodium        1.62e-03 9.98e-01 6.53e-22 0.00e+00 0.00e+00 0.00e+00 0.00e+00 0.00e+00 0.00e+00 0.00e+00 0.00e+00 0.00e+00
 Magnesium     4.50e-02 9.55e-01 1.08e-04 0.00e+00 0.00e+00 0.00e+00 0.00e+00 0.00e+00 0.00e+00 0.00e+00 0.00e+00 0.00e+00 0.00e+00
 Aluminium  0  5.14e-04 9.99e-01 2.10e-07 0.00e+00 0.00e+00 0.00e+00 0.00e+00 0.00e+00 0.00e+00 0.00e+00 0.00e+00 0.00e+00 0.00e+00
 Silicon    0  7.80e-04 9.99e-01 1.10e-05 0.00e+00 0.00e+00 0.00e+00 0.00e+00 0.00e+00 0.00e+00 0.00e+00 0.00e+00 0.00e+00 0.00e+00
 Phosphorus 0  1.21e-03 9.99e-01 1.09e-09 0.00e+00 0.00e+00 0.00e+00 0.00e+00 0.00e+00 0.00e+00 0.00e+00 0.00e+00 0.00e+00 0.00e+00
 Sulphur    0  7.94e-01 2.06e-01 4.10e-10 0.00e+00 0.00e+00 0.00e+00 0.00e+00 0.00e+00 0.00e+00 0.00e+00 0.00e+00 0.00e+00 0.00e+00
 Chlorine   0  1.05e-02 9.89e-01 1.67e-09 0.00e+00 0.00e+00 0.00e+00 0.00e+00 0.00e+00 0.00e+00 0.00e+00 0.00e+00 0.00e+00 0.00e+00
 Argon      0  1.00e+00 4.60e-05 2.33e-15 0.00e+00 0.00e+00 0.00e+00 0.00e+00 0.00e+00 0.00e+00 0.00e+00 0.00e+00 0.00e+00 0.00e+00
 Potassium  0  3.85e-04 1.00e+00 1.50e-13 0.00e+00 0.00e+00 0.00e+00 0.00e+00 0.00e+00 0.00e+00 0.00e+00 0.00e+00 0.00e+00 0.00e+00
 Calcium    0  2.31e-03 9.89e-01 8.75e-03 0.00e+00 0.00e+00 0.00e+00 0.00e+00 0.00e+00 0.00e+00 0.00e+00 0.00e+00 0.00e+00 0.00e+00
 Scandium   0  1.62e-03 9.92e-01 6.03e-03 0.00e+00 0.00e+00 0.00e+00 0.00e+00 0.00e+00 0.00e+00 0.00e+00 0.00e+00 0.00e+00 0.00e+00
 Titanium   0  2.90e-04 9.99e-01 5.01e-04 0.00e+00 0.00e+00 0.00e+00 0.00e+00 0.00e+00 0.00e+00 0.00e+00 0.00e+00 0.00e+00 0.00e+00
 Vanadium   0  1.03e-02 9.90e-01 4.85e-05 0.00e+00 0.00e+00 0.00e+00 0.00e+00 0.00e+00 0.00e+00 0.00e+00 0.00e+00 0.00e+00 0.00e+00
 Chromium   0  1.90e-03 9.98e-01 2.00e-04 0.00e+00 0.00e+00 0.00e+00 0.00e+00 0.00e+00 0.00e+00 0.00e+00 0.00e+00 0.00e+00 0.00e+00
 Manganese  0  3.09e-04 1.00e+00 1.10e-04 0.00e+00 0.00e+00 0.00e+00 0.00e+00 0.00e+00 0.00e+00 0.00e+00 0.00e+00 0.00e+00 0.00e+00
 Iron       0  2.85e-04 1.00e+00 5.66e-05 0.00e+00 0.00e+00 0.00e+00 0.00e+00 0.00e+00 0.00e+00 0.00e+00 0.00e+00 0.00e+00 0.00e+00
 Cobalt     0  1.58e-02 9.84e-01 4.92e-07 0.00e+00 0.00e+00 0.00e+00 0.00e+00 0.00e+00 0.00e+00 0.00e+00 0.00e+00 0.00e+00 0.00e+00
 Nickel     0  3.90e-04 1.00e+00 1.65e-12 0.00e+00 0.00e+00 0.00e+00 0.00e+00 0.00e+00 0.00e+00 0.00e+00 0.00e+00 0.00e+00 0.00e+00
 Copper     0  3.60e-02 9.64e-01 2.91e-11 0.00e+00 0.00e+00 0.00e+00 0.00e+00 0.00e+00 0.00e+00 0.00e+00 0.00e+00 0.00e+00 0.00e+00
 Zinc       0  4.19e-02 9.58e-01 2.78e-07 0.00e+00 0.00e+00 0.00e+00 0.00e+00 0.00e+00 0.00e+00 0.00e+00 0.00e+00 0.00e+00 0.00e+00
   IC443 grid point v shock=39 km/s  
   Calculation stopped because H column dens reached. Iteration 2 of 2
   The geometry is plane-parallel.
  !Ionization rate fell below background cosmic ray ionization rate.  Should this be added too?
  !   Use the COSMIC RAY BACKGROUND command.
  !Compton cooling rate underflows to zero.  Is this important?
  !Some input lines contained underscores, these were changed to spaces.
  !There is no hydrogen-ionizing radiation.  Was this intended?
  !Thermal collisional ionization of H reached 82.43% of the local ionization rate.
  !Charge transfer H => H+ reached 85388.6% of the local H ionization rate.
  !Charge transfer heating reached 101.49% of the local heating.
  !Continuum zero at some energies.
  !AGE: Cloud age was not set.  Longest timescale was 3.67e+13 s = 1.16e+06 years.
  !Heating - cooling mismatch =200.0%. Caused by constant temperature assumption. 
  !Mutual neutralization production of H-alpha was significant.
  !Incident radiation field energy density is less than 2.7K.  Add background with CMB command.
  !The CMB was not included.  This is added with the CMB command.
  !The intensity of the incident radiation field is less than 10 times the Habing diffuse ISM field.  Is this OK?
  !   Consider adding diffuse ISM emission with TABLE ISM command.
  !An ionization jump occurred elem S  1, by 191% from 5.83e-02 (zone 1) to 3.44e-01 (zone 2) to 6.56e-01 (zone 3)
   The density is too low to l-mix the lowest H  I collapsed level.  More resolved levels are needed for accurate line ratios.
   The density is too low to l-mix the lowest He I collapsed level.  More resolved levels are needed for accurate line ratios.
   Grains were not present but might survive in this environment (energy density temperature was 0.00e+00K)
   The local H2 cooling rate reached 3.7% of the local cooling.
   H- absorption heating was 22.4% of the total.
   The fraction of N in NH reached 0.101% at some point in the cloud.
   The fraction of N in N2 reached 0.205% at some point in the cloud.
   The fraction of F in HF reached 3.99% at some point in the cloud.

                       *********************************> Cloudy 23.01 <**********************************
                       * title IC443 grid point v shock=39 km/s                                          *
                       * hden 2.3112                                                                     *
                       * constant temperature, t=10000 K linear                                          *
                       * stop column density 20.58                                                       *
                       * iterate                                                                         *
                       * save results last "v39.rlt"                                                     *
                       *********************************> Log(U):-37.00 <*********************************

                     Emission Line Spectrum.   Constant  Density Model.    Open geometry.  Iteration 2 of 2.
                                                     Intensity (erg/s/cm^2).


                                                   Intrinsic line intensities
general properties.............................      Cl 1                11.3303m   -7.726    0.0502      Fe 2                4576.40A   -9.353    0.0012
TotH                      0    -7.217    0.1619      Co 2                9335.96A   -8.567    0.0072      Fe 2                1.34608m   -9.399    0.0011
TotC                      0    -2.626 6323.2441      Co 2                9639.13A   -9.005    0.0026      Fe 2                1.11648m   -9.216    0.0016
TotM                      0    -7.875    0.0356      Co 2                10.5199m   -7.401    0.1060      Fe 2                5048.19A   -9.066    0.0023
CT H                      0    -7.475    0.0895      Co 2                15.4548m   -8.287    0.0138      Fe 2                1.71482m   -8.651    0.0060
H  1c                     0    -3.520  805.9573      Co 2                2.98382m   -6.887    0.3463      Fe 2                9949.21A   -8.982    0.0028
NOc                       0    -8.861    0.0037      Co 2                14.7345m   -7.931    0.0313      Fe 2                7975.22A   -9.165    0.0018
CNc                       0    -7.743    0.0482      Co 2                18.7989m   -8.451    0.0095      Fe 2                1.47063m   -9.421    0.0010
OHc                       0    -8.654    0.0059      Co 2                25.6819m   -9.139    0.0019      Fe 2                1.01273m   -9.096    0.0021
HFc                       0    -8.500    0.0084      Co 2                1.01879m   -7.617    0.0645      Fe 2                6353.11A   -9.217    0.0016
COc                       0    -5.193   17.1210      Co 2                1.12804m   -8.588    0.0069      Fe 2                1.80228m   -9.318    0.0013
^13COc                    0    -6.713    0.5169      Co 2                1.54700m   -7.862    0.0367      Fe 2                1.00387m   -9.246    0.0015
SiOc                      0    -9.195    0.0017      Co 2                1.72847m   -8.858    0.0037      Fe 2                9469.41A   -9.130    0.0020
SiSc                      0    -9.184    0.0017      Co 2                1.90349m   -8.698    0.0054      Fe 2                9384.77A   -8.621    0.0064
OH+c                      0    -8.578    0.0071      Co 2                1.02452m   -8.423    0.0101      Fe 2                2.39329m   -8.671    0.0057
CHc                       0    -8.810    0.0041      Co 2                1.09726m   -9.050    0.0024      Fe 2                4825.73A   -8.108    0.0208
CHc                       0    -8.400    0.0106      Co 2                1.49674m   -9.287    0.0014      Fe 2                2.50030m   -9.008    0.0026
Al 1c                     0    -9.174    0.0018      Co 2                1.62622m   -9.275    0.0014      Fe 2                4867.73A   -9.149    0.0019
C  1c                     0    -3.851  376.1774      Co 2                1.73616m   -8.981    0.0028      Fe 2                2.59860m   -9.391    0.0011
C  2c                     0    -5.827    3.9723      Co 2                1.02803m   -9.020    0.0025      Fe 2                4903.85A   -8.601    0.0067
Ca 1c                     0    -7.382    0.1109      Co 2                8580.39A   -9.076    0.0022      Fe 2                1.04657m   -9.424    0.0010
Cl 1c                     0    -7.726    0.0502      Co 2                9342.40A   -7.772    0.0452      Fe 2                3.58120m   -9.015    0.0026
Co 2c                     0    -6.537    0.7746      Co 2                9943.48A   -8.119    0.0203      Fe 2                3.15558m   -9.045    0.0024
Cr 2c                     0    -6.106    2.0938      Co 2                7539.01A   -8.440    0.0097      Fe 2                5171.63A   -8.410    0.0104
Cu 1c                     0    -9.282    0.0014      Co 2                8121.00A   -8.152    0.0188      Fe 2                5169.03A   -7.646    0.0604
Fe 1c                     0    -6.948    0.3010      Co 2                8571.41A   -8.760    0.0046      Fe 2                5018.44A   -9.375    0.0011
Fe 2c                     0    -3.801  421.8857      Co 2                6.21176m   -9.401    0.0011      Fe 2                6044.54A   -8.853    0.0037
Fe 3c                     0    -8.653    0.0059      Co 2                8027.34A   -8.618    0.0064      Fe 2                5316.61A   -9.339    0.0012
K  1c                     0    -9.024    0.0025      Co 2                8467.14A   -9.031    0.0025      Fe 3                22.9190m   -9.369    0.0011
Mg 1c                     0    -5.381   11.1149      Co 2                8333.76A   -8.799    0.0042      Fe 3                4985.87A   -9.231    0.0016
Mn 2c                     0    -6.483    0.8773      Cr 2                8000.08A   -6.609    0.6572      K  1                7664.90A   -9.200    0.0017
N  1c                     0    -4.714   51.5889      Cr 2                8125.30A   -6.683    0.5544      Mg 1                2025.82A   -8.380    0.0111
Na 1c                     0    -7.687    0.0548      Cr 2                8229.67A   -6.777    0.4462      Mg 1                2852.13A   -5.896    3.3953
Ni 1c                     0    -7.995    0.0270      Cr 2                8308.49A   -6.964    0.2899      Mg 1                3832.30A   -8.967    0.0029
O  1c                     0    -3.021 2545.3240      Cr 2                8357.64A   -7.262    0.1461      Mg 1                3838.29A   -8.550    0.0075
O  2c                     0    -7.200    0.1684      Fe 1                24.0358m   -7.048    0.2392      Mg 1                4562.60A   -5.701    5.3087
P  2c                     0    -5.787    4.3606      Fe 1                34.7038m   -7.636    0.0618      Mg 1                4571.10A   -6.140    1.9345
S  1c                     0    -5.639    6.1335      Fe 2                25.9813m   -4.975   28.3083      Mg 1                4575.29A   -7.068    0.2283
S  2c                     0    -4.812   41.1629      Fe 2                5.33871m   -4.452   94.2628      Mg 1                5167.32A   -8.226    0.0159
Sc 2c                     0    -7.827    0.0398      Fe 2                4.11387m   -6.815    0.4091      Mg 1                5172.68A   -7.752    0.0472
Si 1c                     0    -7.485    0.0873      Fe 2                1.25668m   -5.724    5.0445      Mg 1                5183.60A   -7.532    0.0785
Si 2c                     0    -3.264 1454.1533      Fe 2                1.19129m   -8.509    0.0083      Mg 1                8806.76A   -7.811    0.0413
Zn 2c                     0    -8.119    0.0203      Fe 2                6309.53A   -9.354    0.0012      Mg 1                1.18282m   -7.983    0.0277
Al 2c                     0    -5.623    6.3617      Fe 2                4799.30A   -9.252    0.0015      Mg 1                1.50250m   -8.792    0.0043
Ca 2c                     0    -4.356  117.7066      Fe 2                4704.22A   -8.477    0.0089      Mg 1                1.50402m   -9.237    0.0015
Cl 2c                     0    -6.180    1.7658      Fe 2                4632.28A   -6.684    0.5532      Mg 1                1.71087m   -8.512    0.0082
Mg 2c                     0    -4.124  200.5423      Fe 2                4604.48A   -8.467    0.0091      Mn 2                2576.10A   -6.865    0.3643
N  2c                     0    -7.356    0.1176      Fe 2                4416.27A   -6.665    0.5774      Mn 2                2593.72A   -6.958    0.2938
Ni 2c                     0    -5.162   18.3883      Fe 2                4382.74A   -7.635    0.0619      Mn 2                2605.68A   -7.099    0.2126
continua.......................................      Fe 2                4287.39A   -5.702    5.2974      Mn 2                3438.97A   -8.692    0.0054
Bac                 3646.00A   -7.060    0.2325      Fe 2                3931.44A   -9.297    0.0013      Mn 2                3460.03A   -9.280    0.0014
nFnu                3645.00A   -4.511   82.2262      Fe 2                3874.07A   -8.928    0.0032      N  1                1134.17A   -9.347    0.0012
nFnu                3647.00A   -4.513   81.9937      Fe 2                3175.38A   -7.514    0.0818      N  1                1134.41A   -9.116    0.0020
cout                3646.00A   -7.361    0.1163      Fe 2                2599.40A   -7.999    0.0267      N  1                1134.98A   -8.997    0.0027
cref                3646.00A   -7.361    0.1162      Fe 2                2585.88A   -9.043    0.0024      N  1                1199.55A   -8.584    0.0070
thin                3646.00A   -7.060    0.2325      Fe 2                2382.04A   -6.158    1.8540      N  1                1200.22A   -8.757    0.0047
Ba C                      0    -7.815    0.0408      Fe 2                2343.50A   -8.830    0.0039      N  1                1200.71A   -9.058    0.0023
PA C                      0    -8.232    0.0156      Fe 2                35.3391m   -5.636    6.1695      N  1                3466.50A   -7.060    0.2327
FIR                 83.0000m   -3.015 2576.8457      Fe 2                6.71944m   -5.592    6.8337      N  1                3466.54A   -7.733    0.0494
TIR                 1800.00m   -4.881   35.0723      Fe 2                4.88781m   -6.478    0.8879      N  1                5197.90A   -5.129   19.8590
NIRa                2.85000m   -3.098 2129.9260      Fe 2                4.07521m   -7.300    0.1339      N  1                5200.26A   -4.952   29.8139
NIRb                3.00000m   -4.263  145.5582      Fe 2                1.32055m   -6.220    1.6083      N  1                1.03977m   -6.564    0.7282
MIRa                15.0000m   -4.358  117.1210      Fe 2                1.24854m   -7.254    0.1487      N  1                1.03982m   -7.087    0.2186
MIRb                22.5000m   -3.222 1599.4960      Fe 2                1.20512m   -9.066    0.0023      N  1                1.04072m   -6.912    0.3268
NMIR                21.7500m   -3.098 2129.9260      Fe 2                7637.52A   -6.524    0.7991      N  1                1.04076m   -6.900    0.3363
TFIR                611.250m   -3.865  364.0571      Fe 2                7523.28A   -8.571    0.0072      Na 1                5889.95A   -7.988    0.0275
TALL                10000.0A   -2.636 6169.4863      Fe 2                4889.62A   -6.547    0.7569      Na 1                5895.92A   -7.987    0.0275
F12                 12.0000m   -6.260    1.4659      Fe 2                4750.27A   -9.279    0.0014      Ni 1                7.50454m   -7.995    0.0270
F25                 25.0000m   -4.871   35.9266      Fe 2                4716.37A   -7.561    0.0733      O  1                1027.43A   -9.334    0.0012
F60                 60.0000m   -3.075 2244.3425      Fe 2                4687.56A   -7.765    0.0459      O  1                1304.86A   -7.686    0.0551
F100                100.000m   -5.937    3.0886      Fe 2                4492.64A   -7.534    0.0780      O  1                1306.03A   -8.147    0.0190
MIPS                24.0000m   -4.871   35.9214      Fe 2                4457.95A   -6.933    0.3117      O  1                1355.60A   -7.735    0.0491
MIPS                70.0000m   -3.076 2240.9209      Fe 2                4432.45A   -7.727    0.0501      O  1                1358.51A   -8.183    0.0175
MIPS                160.000m   -4.094  214.8618      Fe 2                4359.33A   -5.833    3.9200      O  1                2972.29A   -7.211    0.1641
IRAC                3.60000m   -7.485    0.0873      Fe 2                3224.54A   -8.610    0.0066      O  1                5577.34A   -6.262    1.4618
IRAC                4.50000m   -6.165    1.8279      Fe 2                3214.67A   -8.028    0.0251      O  1                6300.30A   -4.565   72.6515
IRAC                5.80000m   -4.451   94.4146      Fe 2                2625.67A   -4.989   27.3824      O  1                6363.78A   -5.061   23.2083
IRAC                8.00000m   -5.459    9.2820      Fe 2                2611.87A   -5.718    5.1066      O  1                6391.73A   -8.389    0.0109
SPR1                250.000m   -6.015    2.5789      Fe 2                2598.37A   -6.949    0.2999      O  1                44.0453m   -8.705    0.0053
SPR2                350.000m   -4.397  107.0404      Fe 2                2395.63A   -5.998    2.6814      O  1                63.1679m   -3.076 2239.5125
SPR3                500.000m   -6.204    1.6694      Fe 2                2388.63A   -7.046    0.2400      O  1                145.495m   -4.108  208.1722
PAC1                70.0000m   -3.076 2241.8259      Fe 2                2383.06A   -8.959    0.0029      O  2                2470.34A   -9.227    0.0016
PAC2                100.000m   -5.936    3.0912      Fe 2                2364.83A   -6.397    1.0705      O  2                7319.99A   -9.420    0.0010
PAC3                160.000m   -4.091  216.6051      Fe 2                2332.80A   -7.474    0.0897      O  2                3728.81A   -7.434    0.0983
PAH                 3.30000m   -8.291    0.0137      Fe 2                2279.91A   -9.041    0.0024      O  2                3726.03A   -7.610    0.0655
PAHC                3.23000m   -8.571    0.0072      Fe 2                51.2868m   -6.154    1.8713      P  2                60.6263m   -6.525    0.7973
PAHC                3.37000m   -8.560    0.0073      Fe 2                5.67236m   -7.290    0.1371      P  2                1532.53A   -9.073    0.0023
PAH                 6.20000m   -8.338    0.0122      Fe 2                4.60641m   -7.099    0.2125      P  2                32.8620m   -6.628    0.6291
PAHC                5.65000m   -7.248    0.1508      Fe 2                4.08085m   -7.845    0.0381      P  2                1.14682m   -6.545    0.7615
PAH                 7.90000m   -7.825    0.0400      Fe 2                1.37181m   -6.464    0.9180      P  2                4669.25A   -8.210    0.0165
PAHC                6.90000m   -5.461    9.2368      Fe 2                1.29427m   -7.040    0.2436      P  2                2195.57A   -8.489    0.0087
PAH                 11.3000m   -7.705    0.0527      Fe 2                7806.23A   -8.297    0.0135      P  2                1536.42A   -9.056    0.0023
PAHC                10.9000m   -7.341    0.1218      Fe 2                7686.93A   -6.601    0.6683      P  2                1535.92A   -8.922    0.0032
PAH                 11.8000m   -9.026    0.0025      Fe 2                7552.40A   -9.081    0.0022      P  2                1.18828m   -6.121    2.0183
PAHC                12.6500m   -7.088    0.2178      Fe 2                4958.23A   -8.398    0.0107      P  2                2210.34A   -8.036    0.0246
PAH                 13.3000m   -8.968    0.0029      Fe 2                4750.57A   -8.395    0.0107      P  2                1542.30A   -9.211    0.0016
PAHC                14.1000m   -6.749    0.4762      Fe 2                4728.07A   -7.196    0.1700      P  2                7875.99A   -7.461    0.0923
Bcon                3640.00A   -3.405 1050.1506      Fe 2                4514.90A   -7.558    0.0738      S  1                1483.04A   -9.057    0.0023
Pcon                5000.00A   -3.826  398.8197      Fe 2                4488.75A   -7.278    0.1409      S  1                1820.34A   -7.746    0.0479
O3bn                5007.00A   -5.686    5.4967      Fe 2                4470.30A   -8.481    0.0088      S  1                1826.24A   -8.230    0.0157
HFFc                      0    -6.576    0.7091      Fe 2                4413.78A   -5.984    2.7675      S  1                25.2421m   -5.689    5.4681
H FF                      0    -8.181    0.0176      Fe 2                3254.24A   -8.087    0.0218      S  1                56.2957m   -6.648    0.6005
MeFB                      0    -8.583    0.0070      Fe 2                3244.18A   -8.382    0.0111      S  2                6730.82A   -5.235   15.5541
MeFF                      0    -8.935    0.0031      Fe 2                2631.32A   -5.961    2.9200      S  2                6716.44A   -5.073   22.5530
ToFF                      0    -8.111    0.0207      Fe 2                2617.62A   -7.406    0.1049      S  2                4076.35A   -6.783    0.4403
Mion                      0    -7.556    0.0742      Fe 2                2607.09A   -7.287    0.1380      S  2                4068.60A   -6.291    1.3645
nFnu                122.400m   -9.106    0.0021      Fe 2                2404.89A   -6.987    0.2751      S  2                1.03364m   -6.921    0.3203
nFnu                60.8322m   -8.732    0.0050      Fe 2                2399.24A   -7.807    0.0416      S  2                1.02867m   -6.918    0.3227
nFnu                41.2152m   -8.517    0.0081      Fe 2                2395.42A   -8.810    0.0041      S  2                1.03705m   -7.243    0.1527
nFnu                30.8695m   -8.356    0.0118      Fe 2                2380.76A   -5.805    4.1872      S  2                1.03205m   -6.784    0.4390
nFnu                24.7829m   -8.231    0.0157      Fe 2                2348.30A   -7.548    0.0756      S  2                1259.52A   -8.549    0.0075
nFnu                24.2998m   -8.220    0.0161      Fe 2                2327.40A   -8.139    0.0194      S  2                1253.81A   -8.628    0.0063
nFnu                22.8302m   -8.185    0.0174      Fe 2                87.3597m   -6.856    0.3717      S  2                1250.58A   -8.935    0.0031
nFnu                21.4199m   -8.149    0.0190      Fe 2                5.06097m   -7.757    0.0467      Sc 2                4246.82A   -8.981    0.0028
nFnu                21.1235m   -8.139    0.0194      Fe 2                4.43363m   -7.675    0.0565      Sc 2                7043.49A   -8.751    0.0047
nFnu                19.6199m   -8.096    0.0214      Fe 2                1.40951m   -9.085    0.0022      Sc 2                8261.17A   -9.265    0.0014
nFnu                17.6534m   -8.035    0.0246      Fe 2                1.32777m   -7.223    0.1597      Sc 2                8271.28A   -9.152    0.0019
nFnu                17.3700m   -8.025    0.0252      Fe 2                1.27877m   -7.280    0.1401      Sc 2                8326.62A   -9.405    0.0010
nFnu                15.6901m   -7.963    0.0290      Fe 2                1.25214m   -8.320    0.0128      Sc 2                8347.28A   -8.970    0.0029
nFnu                14.6036m   -7.921    0.0320      Fe 2                7926.88A   -8.558    0.0074      Sc 2                8384.33A   -9.283    0.0014
nFnu                12.4300m   -7.819    0.0405      Fe 2                7803.89A   -8.298    0.0134      Sc 2                1.07804m   -9.349    0.0012
nFnu                11.4000m   -7.765    0.0459      Fe 2                7665.28A   -7.551    0.0750      Sc 2                2.03194m   -8.887    0.0035
nFnu                10.4600m   -7.708    0.0523      Fe 2                5006.63A   -7.698    0.0535      Sc 2                2.04712m   -9.234    0.0016
nFnu                9.48002m   -7.644    0.0606      Fe 2                4772.06A   -8.511    0.0082      Sc 2                2.07591m   -8.878    0.0035
nFnu                9.32488m   -7.633    0.0622      Fe 2                4639.67A   -8.195    0.0170      Sc 2                2.07842m   -8.712    0.0052
nFnu                8.21035m   -7.546    0.0760      Fe 2                4528.39A   -7.806    0.0417      Sc 2                2.08152m   -8.981    0.0028
nFnu                7.58000m   -7.489    0.0866      Fe 2                4509.61A   -8.154    0.0187      Sc 2                2.11129m   -9.155    0.0019
nFnu                7.05026m   -7.435    0.0980      Fe 2                4452.10A   -6.177    1.7770      Sc 2                2.12445m   -9.153    0.0019
nFnu                4.11370m   -6.997    0.2691      Fe 2                3277.55A   -8.312    0.0130      Si 1                2211.75A   -9.202    0.0017
nFnu                2.32440m   -6.441    0.9673      Fe 2                3277.12A   -9.216    0.0016      Si 1                2519.20A   -8.589    0.0069
nFnu                1.64313m   -6.074    2.2506      Fe 2                3275.02A   -8.388    0.0109      Si 1                2528.51A   -8.372    0.0113
nFnu                1.48022m   -5.959    2.9345      Fe 2                2631.05A   -7.134    0.1962      Si 1                68.4548m   -7.876    0.0355
nFnu                1.43649m   -5.924    3.1798      Fe 2                2620.41A   -9.018    0.0026      Si 1                129.641m   -7.946    0.0302
nFnu                1.11867m   -5.644    6.0540      Fe 2                2613.82A   -7.904    0.0333      Si 2                34.8046m   -3.268 1440.1986
nFnu                8329.68A   -5.328   12.5521      Fe 2                2410.52A   -7.775    0.0448      Si 2                2334.41A   -6.427    0.9989
nFnu                8078.61A   -5.296   13.5145      Fe 2                2406.66A   -8.046    0.0240      Si 2                2328.52A   -7.039    0.2439
nFnu                6209.66A   -5.027   25.0615      Fe 2                2404.43A   -8.872    0.0036      Si 2                1808.01A   -6.417    1.0227
nFnu                4885.36A   -4.792   43.1309      Fe 2                2359.11A   -7.858    0.0371      Si 2                1260.42A   -8.562    0.0073
nFnu                3704.34A   -4.527   79.3091      Fe 2                2338.01A   -7.919    0.0322      Si 2                2350.17A   -6.291    1.3670
nFnu                3587.67A   -4.498   84.8088      Fe 2                4.67067m   -8.299    0.0134      Si 2                2344.20A   -5.890    3.4359
nFnu                2430.05A   -4.145  190.9936      Fe 2                1.29777m   -7.611    0.0654      Si 2                2334.60A   -5.998    2.6850
nFnu                2392.03A   -4.131  197.3206      Fe 2                1.27034m   -7.483    0.0878      Si 2                1817.45A   -6.410    1.0388
nFnu                2071.34A   -4.013  259.2506      Fe 2                7999.47A   -9.305    0.0013      Si 2                1816.93A   -6.035    2.4632
nFnu                2052.68A   -4.005  263.9824      Fe 2                7874.24A   -7.652    0.0594      Si 2                1533.43A   -6.835    0.3905
nFnu                1793.44A   -3.908  329.8589      Fe 2                7733.14A   -8.199    0.0169      Si 2                1309.28A   -7.614    0.0650
nFnu                1585.12A   -3.842  384.2854      Fe 2                4798.28A   -8.061    0.0232      Si 2                1265.00A   -7.403    0.1057
nFnu                1458.33A   -3.835  390.3925      Fe 2                4664.45A   -8.709    0.0052      Si 2                1264.74A   -7.831    0.0394
nFnu                1356.96A   -3.875  355.7579      Fe 2                4533.01A   -8.701    0.0053      Si 2                1197.39A   -7.716    0.0513
nFnu                1297.29A   -3.988  274.5920      Fe 2                4474.90A   -6.489    0.8656      Si 2                1194.50A   -7.930    0.0314
nFnu                1262.79A   -4.165  182.4659      Fe 2                3289.89A   -8.697    0.0054      Si 2                3862.60A   -9.024    0.0025
nFnu                1218.08A   -8.299    0.0134      Fe 2                3289.46A   -8.476    0.0089      Si 2                3856.02A   -8.997    0.0027
nFnu                1196.33A   -7.756    0.0469      Fe 2                2628.29A   -7.588    0.0690      Si 2                6371.37A   -8.941    0.0031
nFnu                1175.06A   -7.701    0.0531      Fe 2                2621.67A   -8.489    0.0086      Si 2                6347.11A   -8.864    0.0037
nFnu                1143.64A   -7.825    0.0399      Fe 2                2413.31A   -8.292    0.0136      Zn 2                2062.00A   -8.528    0.0079
nFnu                1113.22A   -7.939    0.0308      Fe 2                2411.07A   -8.300    0.0134      Zn 2                2025.48A   -8.295    0.0135
nFnu                1103.23A   -7.967    0.0288      Fe 2                2344.28A   -8.007    0.0263      Al 2                2669.15A   -6.072    2.2636
nFnu                1073.86A   -8.431    0.0099      Fe 2                17.9311m   -5.440    9.6912      Al 2                2660.35A   -5.898    3.3774
nFnu                1064.34A   -8.474    0.0090      Fe 2                1.64355m   -4.546   75.9747      Al 2                1670.79A   -6.568    0.7220
nFnu                1035.92A   -8.588    0.0069      Fe 2                1.53348m   -5.671    5.6947      Al 2                3900.67A   -9.307    0.0013
nFnu                1000.00A   -8.751    0.0047      Fe 2                8616.95A   -5.934    3.1048      Ca 2                7323.89A   -4.841   38.4666
nFnu                925.144A   -8.719    0.0051      Fe 2                7155.17A   -6.063    2.3089      Ca 2                7291.47A   -4.673   56.6246
nFnu                897.800A   -9.370    0.0011      Fe 2                6896.17A   -7.515    0.0816      Ca 2                3968.47A   -6.739    0.4869
RRC............................................      Fe 2                5413.37A   -7.973    0.0284      Ca 2                8662.14A   -5.574    7.1139
H  1                3645.98A   -8.237    0.0155      Fe 2                5280.27A   -8.509    0.0083      Ca 2                3933.66A   -6.718    0.5112
H  1                3645.98A   -7.891    0.0343      Fe 2                5273.36A   -6.062    2.3164      Ca 2                8498.02A   -6.264    1.4529
H  1                8203.57A   -8.972    0.0028      Fe 2                5158.79A   -5.451    9.4588      Ca 2                8542.09A   -5.317   12.8544
H  1                8203.57A   -8.578    0.0071      Fe 2                5111.64A   -6.358    1.1720      Ca 2                3706.02A   -7.936    0.0309
H  1                8203.57A   -8.681    0.0056      Fe 2                5072.41A   -6.103    2.1056      Ca 2                3736.90A   -7.640    0.0612
H  1                1.45842m   -9.058    0.0023      Fe 2                5039.10A   -7.537    0.0774      Ca 2                3158.87A   -7.958    0.0294
H  1                1.45842m   -9.054    0.0024      Fe 2                4814.54A   -6.407    1.0455      Ca 2                3181.27A   -8.663    0.0058
H  1                1.45842m   -9.395    0.0011      Fe 2                4774.73A   -6.847    0.3797      Ca 2                3179.33A   -7.708    0.0523
H  1                2.27878m   -9.415    0.0010      Fe 2                4745.49A   -7.899    0.0337      Ca 2                1.19497m   -9.381    0.0011
H  1                2.27878m   -9.379    0.0011      Fe 2                4661.78A   -8.997    0.0027      Ca 2                1.18390m   -9.077    0.0022
Al 1                2070.66A   -9.382    0.0011      Fe 2                4243.97A   -5.777    4.4619      Ca 2                1838.01A   -8.895    0.0034
Si 1                1520.96A   -8.387    0.0109      Fe 2                4177.20A   -6.867    0.3628      Ca 2                1840.03A   -8.739    0.0049
S  1                1196.76A   -9.081    0.0022      Fe 2                4146.65A   -8.442    0.0096      Ca 2                2112.76A   -9.367    0.0011
grains.........................................      Fe 2                4114.48A   -8.782    0.0044      Cl 2                14.3639m   -6.750    0.4746
H-like iso-sequence............................      Fe 2                3929.35A   -9.034    0.0025      Cl 2                33.2721m   -7.831    0.0394
Cool                1215.67A   -3.741  485.1885      Fe 2                3387.09A   -7.282    0.1394      Cl 2                8578.70A   -6.438    0.9736
Crst                960.000A   -3.920  320.7688      Fe 2                3376.20A   -6.485    0.8747      Cl 2                9123.60A   -7.023    0.2533
CION                      0    -5.981    2.7877      Fe 2                2732.45A   -7.606    0.0662      Cl 2                3677.85A   -8.361    0.0116
Dest                1215.67A   -9.181    0.0018      Fe 2                2493.30A   -5.195   17.0484      Cl 2                6161.84A   -8.315    0.0129
Ca B                1215.67A   -6.811    0.4126      Fe 2                2484.20A   -8.780    0.0044      Mg 2                2802.71A   -4.599   67.2034
CaBo                4861.32A   -8.344    0.0121      Fe 2                2360.00A   -7.134    0.1962      Mg 2                2795.53A   -4.303  132.9777
Ca A                1215.67A   -7.002    0.2660      Fe 2                2348.12A   -7.189    0.1728      Mg 2                2936.52A   -7.530    0.0788
Ca A                1025.72A   -7.648    0.0600      Fe 2                2331.31A   -8.866    0.0036      Mg 2                2928.64A   -7.832    0.0393
Ca A                972.537A   -8.059    0.0233      Fe 2                24.5126m   -6.140    1.9345      Mg 2                2797.93A   -8.270    0.0143
Ca A                949.743A   -8.363    0.0116      Fe 2                1.80940m   -5.147   19.0517      Mg 2                2790.77A   -7.568    0.0722
Ca A                937.803A   -8.605    0.0066      Fe 2                1.67688m   -6.096    2.1384      Mg 2                2798.00A   -7.315    0.1293
Ca A                930.748A   -8.807    0.0042      Fe 2                1.59948m   -6.004    2.6481      Mg 2                9244.22A   -9.388    0.0011
Ca A                926.226A   -8.981    0.0028      Fe 2                9051.95A   -5.776    4.4733      Mg 2                9218.22A   -9.091    0.0022
Ca A                923.150A   -9.134    0.0020      Fe 2                8891.93A   -6.200    1.6829      N  2                205.283m   -8.630    0.0063
Ca A                920.963A   -9.270    0.0014      Fe 2                7452.56A   -6.555    0.7438      N  2                121.769m   -8.851    0.0038
Ca A                919.351A   -9.393    0.0011      Fe 2                7172.00A   -6.470    0.9039      N  2                6548.05A   -8.002    0.0265
Ca A                6562.80A   -8.071    0.0227      Fe 2                6275.53A   -8.428    0.0100      N  2                6583.45A   -7.533    0.0783
Ca A                4861.32A   -8.521    0.0080      Fe 2                5527.36A   -7.045    0.2409      N  2                5754.59A   -9.381    0.0011
Ca A                4340.46A   -8.846    0.0038      Fe 2                5440.48A   -8.802    0.0042      N  2                2142.77A   -9.386    0.0011
Ca A                4101.73A   -9.100    0.0021      Fe 2                5433.15A   -6.576    0.7094      Ni 2                1.19102m   -5.422   10.1048
Ca A                3970.07A   -9.309    0.0013      Fe 2                5261.63A   -5.831    3.9414      Ni 2                6.63416m   -6.050    2.3804
Ca A                1.87510m   -8.863    0.0037      Fe 2                5220.08A   -7.106    0.2091      Ni 2                1.07151m   -7.043    0.2419
Ca A                1.28181m   -9.190    0.0017      Fe 2                5184.80A   -7.002    0.2659      Ni 2                10.6793m   -6.680    0.5574
Ca B                6562.80A   -7.889    0.0345      Fe 2                5158.01A   -6.951    0.2987      Ni 2                1.27792m   -8.867    0.0036
Ca B                4861.32A   -8.346    0.0120      Fe 2                4947.39A   -6.351    1.1898      Ni 2                1.16130m   -7.559    0.0738
Ca B                4340.46A   -8.675    0.0056      Fe 2                4905.35A   -6.702    0.5300      Ni 2                12.7253m   -7.096    0.2142
Ca B                4101.73A   -8.933    0.0031      Fe 2                4874.50A   -6.745    0.4803      Ni 2                9882.95A   -8.308    0.0131
Ca B                3970.07A   -9.144    0.0019      Fe 2                4852.74A   -8.106    0.0209      Ni 2                1.09177m   -7.846    0.0381
Ca B                3889.05A   -9.324    0.0013      Fe 2                4346.86A   -6.404    1.0523      Ni 2                18.2355m   -7.812    0.0411
Ca B                1.87510m   -8.816    0.0041      Fe 2                4276.84A   -6.328    1.2541      Ni 2                9374.87A   -8.601    0.0067
Ca B                1.28181m   -9.133    0.0020      Fe 2                4244.82A   -7.140    0.1935      Ni 2                7377.83A   -6.210    1.6447
Ca B                1.09381m   -9.389    0.0011      Fe 2                4231.56A   -8.740    0.0049      Ni 2                8300.99A   -7.506    0.0832
H  1                2431.34A   -3.958  294.1158      Fe 2                4211.11A   -8.716    0.0051      Ni 2                1.93877m   -6.918    0.3223
H  1                1215.67A   -3.723  504.8511      Fe 2                3455.11A   -7.389    0.1091      Ni 2                2.36883m   -8.205    0.0166
H  1                6562.80A   -5.664    5.7836      Fe 2                3452.31A   -7.077    0.2235      Ni 2                2.91064m   -7.874    0.0357
H  1                4861.32A   -6.426    1.0000      Fe 2                3440.99A   -6.963    0.2906      Ni 2                6666.80A   -7.056    0.2347
H  1                4340.46A   -6.807    0.4161      Fe 2                2774.73A   -8.847    0.0038      Ni 2                7411.61A   -6.837    0.3885
H  1                4101.73A   -8.499    0.0085      Fe 2                2759.34A   -9.245    0.0015      Ni 2                1.76458m   -8.982    0.0028
H  1                3970.07A   -8.789    0.0043      Fe 2                2485.07A   -9.031    0.0025      Ni 2                2.04866m   -8.560    0.0074
H  1                3889.05A   -9.022    0.0025      Fe 2                2391.48A   -8.116    0.0205      Ni 2                2.30794m   -8.017    0.0257
H  1                3835.38A   -9.216    0.0016      Fe 2                2379.28A   -8.824    0.0040      Ni 2                6.91767m   -8.316    0.0129
H  1                3797.90A   -9.383    0.0011      Fe 2                2362.02A   -7.569    0.0720      Ni 2                4326.24A   -7.003    0.2650
H  1                3770.63A   -9.128    0.0020      Fe 2                35.7675m   -6.940    0.3067      Ni 2                4628.05A   -7.425    0.1003
H  1                3750.15A   -9.244    0.0015      Fe 2                1.95361m   -6.058    2.3382      Ni 2                6794.20A   -8.481    0.0088
H  1                3734.37A   -9.348    0.0012      Fe 2                1.80002m   -6.112    2.0624      Ni 2                7255.82A   -7.358    0.1171
H  1                1.87510m   -7.199    0.1690      Fe 2                1.71113m   -6.681    0.5561      Ni 2                7694.56A   -8.428    0.0100
H  1                1.28181m   -7.512    0.0822      Fe 2                1.66377m   -6.301    1.3362      Ni 2                8033.54A   -8.593    0.0068
H  1                1.09381m   -8.884    0.0035      Fe 2                9399.04A   -6.198    1.6925      Ni 2                1.04597m   -7.842    0.0384
H  1                1.00494m   -9.192    0.0017      Fe 2                9226.63A   -6.144    1.9167      Ni 2                1.23230m   -7.869    0.0361
H  1                4.05115m   -8.068    0.0228      Fe 2                9033.49A   -7.220    0.1609      Ni 2                4201.17A   -7.186    0.1742
H  1                2.62515m   -9.060    0.0023      Fe 2                7388.17A   -6.590    0.6856      Ni 2                4485.21A   -7.638    0.0614
H  1                2.16553m   -9.412    0.0010      Fe 2                6440.41A   -7.543    0.0764      Ni 2                7307.65A   -7.534    0.0781
H  1                7.45782m   -9.096    0.0021      Fe 2                6229.28A   -8.693    0.0054      Ni 2                7612.72A   -7.862    0.0367
He-like iso-sequence...........................      Fe 2                5654.87A   -8.005    0.0264      Ni 2                1.13597m   -8.545    0.0076
Pho+                3889.00A   -9.118    0.0020      Fe 2                5556.31A   -7.245    0.1519      Ni 2                4285.31A   -8.394    0.0108
extra Lyman....................................      Fe 2                5412.67A   -7.773    0.0450      Ni 2                6791.48A   -8.108    0.0208
database lines.................................      Fe 2                5333.66A   -6.118    2.0346      Ni 2                7054.20A   -8.013    0.0259
CN                  2648.35m   -8.993    0.0027      Fe 2                5296.84A   -7.401    0.1060      Ni 2                9.61508m   -9.303    0.0013
CN                  2640.74m   -8.692    0.0054      Fe 2                5268.89A   -7.121    0.2020      Ni 2                4033.04A   -7.452    0.0944
CN                  1322.30m   -9.078    0.0022      Fe 2                5107.96A   -8.057    0.0234      Ni 2                4294.09A   -7.572    0.0715
CN                  1321.03m   -8.821    0.0040      Fe 2                5049.30A   -6.524    0.7982      Ni 2                6467.29A   -8.605    0.0066
CN                  881.421m   -9.070    0.0023      Fe 2                5005.52A   -6.578    0.7048      Ni 2                6813.57A   -7.594    0.0681
CN                  880.858m   -8.914    0.0033      Fe 2                4973.40A   -6.846    0.3807      Ni 2                7078.04A   -8.142    0.0192
CN                  661.044m   -8.977    0.0028      Fe 2                4950.76A   -7.192    0.1717      Ni 2                1.02090m   -8.924    0.0032
CN                  660.727m   -8.863    0.0037      Fe 2                4352.79A   -6.644    0.6061      Ni 2                3993.06A   -7.107    0.2088
CN                  528.842m   -9.086    0.0022      Fe 2                4319.62A   -6.910    0.3285      Ni 2                4248.80A   -7.582    0.0699
CN                  528.639m   -8.996    0.0027      Fe 2                4305.90A   -7.713    0.0517      Ni 2                6007.06A   -8.696    0.0054
CN                  440.721m   -9.100    0.0021      Fe 2                4084.33A   -9.039    0.0024      Ni 2                6365.10A   -7.580    0.0701
CN                  440.580m   -9.026    0.0025      Fe 2                3504.51A   -7.691    0.0543      Ni 2                6700.24A   -8.974    0.0028
CN                  377.785m   -9.245    0.0015      Fe 2                3504.02A   -7.548    0.0756      Ni 2                6955.82A   -9.009    0.0026
CN                  377.682m   -9.182    0.0018      Fe 2                3501.63A   -7.112    0.2064      Ni 2                8703.87A   -8.036    0.0246
CN                  330.590m   -9.331    0.0012      Fe 2                3489.99A   -7.791    0.0432      Ni 2                9956.63A   -8.262    0.0146
CN                  330.511m   -9.276    0.0014      Fe 2                2385.01A   -8.396    0.0107      Ni 2                5.18504m   -9.041    0.0024
HF                  243.178m   -8.601    0.0067      Fe 2                2.06648m   -7.451    0.0945      Ni 2                3438.88A   -7.295    0.1352
CO                  2600.05m   -8.144    0.0192      Fe 2                1.89541m   -6.848    0.3789      Ni 2                3626.89A   -7.603    0.0666
CO                  1300.05m   -7.037    0.2450      Fe 2                1.79711m   -6.335    1.2356      Ni 2                3378.16A   -7.909    0.0329
CO                  866.727m   -6.711    0.5199      Fe 2                1.74494m   -6.623    0.6358      Ni 2                3559.41A   -7.889    0.0345
CO                  650.074m   -6.597    0.6751      Fe 2                9652.70A   -7.047    0.2397      level 1 lines..................................
CO                  520.089m   -6.541    0.7689      Fe 2                9470.94A   -6.534    0.7799      recombination..................................
CO                  433.438m   -6.503    0.8381      Fe 2                9267.56A   -6.916    0.3236      level2 lines...................................
CO                  371.549m   -6.491    0.8626      Fe 2                7544.00A   -9.230    0.0016      C  1                1247.50A   -8.278    0.0141
CO                  325.137m   -6.482    0.8805      Fe 2                6558.51A   -7.757    0.0467      C  1                1314.77A   -8.203    0.0167
CO                  289.041m   -6.485    0.8734      Fe 2                5745.71A   -8.376    0.0112      C  1                1165.98A   -9.340    0.0012
CO                  260.169m   -6.491    0.8618      Fe 2                5643.98A   -8.217    0.0162      C  1                1233.29A   -8.792    0.0043
CO                  236.549m   -6.506    0.8325      Fe 2                5495.84A   -8.050    0.0238      C  1                1250.68A   -8.943    0.0030
CO                  216.868m   -6.526    0.7949      Fe 2                5376.47A   -6.512    0.8208      Mg 1                1817.31A   -9.082    0.0022
CO                  200.218m   -6.552    0.7487      Fe 2                5347.66A   -7.627    0.0631      Mg 1                1739.09A   -9.286    0.0014
CO                  185.949m   -6.574    0.7126      Fe 2                5181.96A   -7.903    0.0334      Mg 1                1699.05A   -9.326    0.0013
CO                  173.584m   -6.598    0.6729      Fe 2                5076.57A   -7.183    0.1753      Mg 1                1675.74A   -9.377    0.0011
CO                  162.767m   -6.625    0.6330      Fe 2                5043.53A   -7.053    0.2366      Si 1                1853.05A   -9.158    0.0019
CO                  153.225m   -6.654    0.5927      Fe 2                5020.25A   -7.169    0.1810      Si 2                1179.59A   -8.460    0.0093
CO                  144.745m   -6.684    0.5531      Fe 2                4372.43A   -7.184    0.1746      Si 2                993.354A   -9.327    0.0013
CO                  137.159m   -6.715    0.5151      Fe 2                4358.37A   -7.396    0.1073      S  1                1356.05A   -8.810    0.0041
CO                  130.333m   -6.746    0.4787      Fe 2                4080.00A   -9.069    0.0023      S  1                1392.25A   -9.171    0.0018
CO                  124.160m   -6.783    0.4396      Fe 2                3539.19A   -7.396    0.1073      S  1                1418.10A   -9.376    0.0011
CO                  118.548m   -6.824    0.4007      Fe 2                3538.69A   -7.689    0.0546      Ca 2                1360.06A   -9.422    0.0010
CO                  113.427m   -6.864    0.3650      Fe 2                3536.25A   -7.815    0.0409      Fe 1                2484.25A   -9.058    0.0023
CO                  108.733m   -6.907    0.3305      Fe 2                3524.38A   -9.123    0.0020      Fe 1                2526.51A   -9.300    0.0013
CO                  104.416m   -6.950    0.2992      Fe 2                22.8961m   -8.445    0.0096      Sc 2                3627.22A   -7.750    0.0475
CO                  100.433m   -6.996    0.2695      Fe 2                1.81139m   -8.724    0.0050      Sc 2                3575.45A   -7.872    0.0358
CO                  96.7462m   -7.043    0.2417      Fe 2                7764.71A   -7.930    0.0313      Sc 2                3368.13A   -8.437    0.0098
CO                  93.3237m   -7.092    0.2159      Fe 2                7336.73A   -8.220    0.0161      Ti 2                3364.74A   -6.175    1.7824
CO                  90.1384m   -7.143    0.1921      Fe 2                7267.25A   -9.188    0.0017      Ti 2                3237.15A   -6.415    1.0262
CO                  87.1666m   -7.195    0.1703      Fe 2                6809.24A   -8.197    0.0169      Ti 2                1904.17A   -8.282    0.0139
CO                  84.3877m   -7.249    0.1505      Fe 2                6729.87A   -8.478    0.0089      Ti 2                1907.36A   -8.025    0.0252
CO                  81.7835m   -7.304    0.1325      Fe 2                6671.93A   -9.042    0.0024      V  2                2710.94A   -8.506    0.0083
CO                  79.3383m   -7.362    0.1160      Fe 2                5721.37A   -9.315    0.0013      V  2                2684.22A   -8.269    0.0144
CO                  77.0375m   -7.422    0.1011      Fe 2                5163.96A   -8.227    0.0158      V  2                2139.33A   -8.910    0.0033
CO                  74.8697m   -7.482    0.0880      Fe 2                4266.35A   -8.927    0.0032      Cr 1                4269.56A   -8.863    0.0037
CO                  72.8231m   -7.545    0.0762      Fe 2                4249.08A   -9.198    0.0017      Cr 1                3589.90A   -8.679    0.0056
CO                  70.8878m   -7.608    0.0658      Fe 2                4157.92A   -9.204    0.0017      Cr 2                2059.78A   -6.776    0.4476
CO                  69.0557m   -7.672    0.0568      Fe 2                3277.35A   -7.736    0.0491      Mn 2                1198.85A   -9.130    0.0020
CO                  67.3181m   -7.737    0.0489      Fe 2                3255.89A   -8.995    0.0027      Co 2                2060.90A   -8.243    0.0152
CO                  65.6684m   -7.803    0.0420      Fe 2                2926.59A   -8.632    0.0062      Co 2                2018.80A   -8.278    0.0141
CO                  64.0998m   -7.869    0.0361      Fe 2                2880.76A   -8.306    0.0132      Co 2                1949.74A   -8.355    0.0118
CO                  62.6072m   -7.935    0.0310      Fe 2                2755.74A   -6.654    0.5924      Co 2                1575.91A   -8.874    0.0036
CO                  61.1843m   -8.003    0.0265      Fe 2                2739.55A   -7.373    0.1130      Co 2                1470.18A   -8.945    0.0030
CO                  59.8271m   -8.070    0.0227      Fe 2                2716.70A   -7.510    0.0826      Ni 2                1751.83A   -7.810    0.0414
CO                  58.5311m   -8.138    0.0194      Fe 2                34.6508m   -9.316    0.0013      Ni 2                1744.24A   -7.617    0.0645
CO                  57.2920m   -8.207    0.0166      Fe 2                1.00287m   -7.918    0.0322      Ni 2                1484.97A   -8.933    0.0031
CO                  56.1066m   -8.277    0.0141      Fe 2                8245.16A   -9.417    0.0010      Ni 2                1472.74A   -8.626    0.0063
CO                  54.9712m   -8.348    0.0120      Fe 2                8037.28A   -8.448    0.0095      Ni 2                1400.37A   -8.934    0.0031
CO                  53.8829m   -8.420    0.0102      Fe 2                7579.61A   -8.939    0.0031      Ni 2                1375.73A   -8.605    0.0066
CO                  52.8388m   -8.491    0.0086      Fe 2                7017.95A   -8.858    0.0037      Ni 2                1324.11A   -8.706    0.0053
CO                  51.8365m   -8.563    0.0073      Fe 2                6933.67A   -9.223    0.0016      hyperfine structure............................
CO                  50.8731m   -8.636    0.0062      Fe 2                6872.19A   -8.389    0.0109      inner shell....................................
CO                  49.9472m   -8.708    0.0052      Fe 2                6829.03A   -9.424    0.0010      molecules......................................
CO                  49.0559m   -8.783    0.0044      Fe 2                5746.98A   -8.276    0.0142      H2 l                2.00000m   -4.074  225.2847
CO                  48.1977m   -8.858    0.0037      Fe 2                5283.12A   -8.835    0.0039      H2 v                      0    -5.717    5.1164
CO                  47.3709m   -8.935    0.0031      Fe 2                5199.18A   -9.050    0.0024      H-FB                      0    -6.354    1.1820
CO                  46.5738m   -9.012    0.0026      Fe 2                4351.81A   -9.197    0.0017      H-FF                      0    -6.589    0.6884
CO                  45.8046m   -9.091    0.0022      Fe 2                4347.36A   -8.567    0.0072      H-CT                6562.80A   -7.528    0.0792
CO                  45.0623m   -9.172    0.0018      Fe 2                4329.43A   -7.913    0.0326      H- H                      0    -7.867    0.0363
CO                  44.3452m   -9.255    0.0015      Fe 2                2953.77A   -9.343    0.0012      H2+                       0    -6.759    0.4654
CO                  43.6523m   -9.341    0.0012      Fe 2                2772.73A   -7.435    0.0981      bands..........................................
^13CO               1359.86m   -8.570    0.0072      Fe 2                2749.32A   -7.476    0.0893      Fe 2b               2500.00A   -4.609   65.6412
^13CO               906.599m   -8.222    0.0160      Fe 2                9795.19A   -8.696    0.0054      Fe 2b               5000.00A   -4.665   57.7622
^13CO               679.978m   -8.099    0.0213      Fe 2                8228.13A   -8.611    0.0065      Fe 2b               7000.00A   -5.608    6.5902
^13CO               544.012m   -8.040    0.0243      Fe 2                7613.14A   -9.018    0.0026      Fe 2b               10000.0A   -4.287  137.7097
^13CO               453.374m   -8.002    0.0266      Fe 2                7011.24A   -9.425    0.0010      Fe 2b               2355.00A   -5.376   11.2213
^13CO               388.637m   -7.989    0.0274      Fe 2                6966.33A   -8.782    0.0044      Fe 2b               2430.00A   -4.616   64.5725
^13CO               340.088m   -7.981    0.0279      Fe 2                5477.25A   -8.780    0.0044      Fe 2b               2445.00A   -4.616   64.5725
^13CO               302.332m   -7.984    0.0277      Fe 2                5278.38A   -9.248    0.0015      Fe 2b               2495.00A   -5.195   17.0563
^13CO               272.130m   -7.990    0.0273      Fe 2                4402.59A   -9.033    0.0025      Fe 2b               2610.00A   -4.867   36.2907
^13CO               247.423m   -8.005    0.0264      Fe 2                4384.21A   -8.965    0.0029      Fe 2b               2695.00A   -7.509    0.0826
^13CO               226.836m   -8.026    0.0252      Fe 2                1.05081m   -9.176    0.0018      Fe 2b               2758.00A   -6.442    0.9643
^13CO               209.419m   -8.053    0.0237      Fe 2                7710.80A   -9.330    0.0012      Fe 2b               2780.00A   -6.401    1.0605
^13CO               194.493m   -8.075    0.0225      Fe 2                7048.01A   -8.996    0.0027      Fe 2b               2935.00A   -8.096    0.0214
^13CO               181.558m   -8.100    0.0212      Fe 2                5901.28A   -9.226    0.0016      Fe 2b               2960.00A   -8.512    0.0082
^13CO               170.243m   -8.129    0.0199      Fe 2                5527.62A   -9.338    0.0012      Fe 2b               3180.00A   -7.028    0.2503
^13CO               160.261m   -8.158    0.0185      Fe 2                2.04602m   -7.863    0.0366      Fe 2b               3250.00A   -6.325    1.2645
^13CO               151.390m   -8.190    0.0173      Fe 2                1.41956m   -8.418    0.0102      Fe 2b               3590.00A   -6.344    1.2096
^13CO               143.454m   -8.222    0.0160      Fe 2                1.35904m   -9.223    0.0016      Fe 2b               3910.00A   -8.394    0.0108
^13CO               136.314m   -8.256    0.0148      Fe 2                1.23314m   -8.211    0.0164      Fe 2b               4060.00A   -9.052    0.0024
^13CO               129.855m   -8.295    0.0135      Fe 2                1.09108m   -8.134    0.0196      Fe 2b               4255.00A   -5.098   21.3038
^13CO               123.985m   -8.337    0.0123      Fe 2                1.07084m   -8.572    0.0071      Fe 2b               4558.00A   -5.828    3.9647
^13CO               118.627m   -8.380    0.0111      Fe 2                1.05625m   -9.023    0.0025      Fe 2b               4600.00A   -5.799    4.2453
^13CO               113.717m   -8.426    0.0100      Fe 2                1.01565m   -8.825    0.0040      Fe 2b               4743.00A   -6.547    0.7573
^13CO               109.201m   -8.475    0.0090      Fe 2                8119.18A   -9.302    0.0013      Fe 2b               4855.00A   -5.968    2.8708
^13CO               105.034m   -8.526    0.0080      Fe 2                5588.16A   -8.128    0.0199      Fe 2b               4920.00A   -5.454    9.3892
^13CO               101.176m   -8.579    0.0070      Fe 2                5586.91A   -8.990    0.0027      Fe 2b               4975.00A   -5.984    2.7729
^13CO               97.5955m   -8.636    0.0062      Fe 2                5580.82A   -7.559    0.0736      Fe 2b               4971.00A   -6.026    2.5122
^13CO               94.2629m   -8.695    0.0054      Fe 2                5551.32A   -7.277    0.1410      Fe 2b               5070.00A   -5.905    3.3204
^13CO               91.1537m   -8.759    0.0046      Fe 2                3227.74A   -8.990    0.0027      Fe 2b               5143.00A   -5.372   11.3391
^13CO               88.2461m   -8.827    0.0040      Fe 2                3196.07A   -8.512    0.0082      Fe 2b               5270.00A   -5.087   21.8391
^13CO               85.5213m   -8.900    0.0034      Fe 2                2.13278m   -8.118    0.0203      Fe 2b               5318.00A   -5.405   10.4995
^13CO               82.9627m   -8.978    0.0028      Fe 2                1.46079m   -8.965    0.0029      Fe 2b               5540.00A   -6.553    0.7475
^13CO               80.5556m   -9.064    0.0023      Fe 2                1.39678m   -9.025    0.0025      Fe 2b               5865.00A   -7.153    0.1878
^13CO               78.2869m   -9.159    0.0019      Fe 2                1.30943m   -9.045    0.0024      Fe 2b               6265.00A   -7.965    0.0289
^13CO               76.1453m   -9.267    0.0014      Fe 2                1.24364m   -9.230    0.0016      Fe 2b               6565.00A   -7.309    0.1312
^13CO               74.1205m   -9.392    0.0011      Fe 2                1.09413m   -8.331    0.0125      Fe 2b               6910.00A   -7.248    0.1509
OH+                 308.406m   -9.266    0.0014      Fe 2                1.07890m   -8.427    0.0100      Fe 2b               7445.00A   -5.629    6.2742
C  1                1560.31A   -8.069    0.0228      Fe 2                1.06830m   -9.185    0.0017      Fe 2b               8625.00A   -5.296   13.4909
C  1                1560.68A   -8.158    0.0185      Fe 2                1.03658m   -9.197    0.0017      Fe 2b               1.03250m   -6.354    1.1813
C  1                1560.71A   -8.215    0.0163      Fe 2                5650.95A   -8.106    0.0209      Fe 2b               1.88900m   -5.003   26.5257
C  1                1561.34A   -7.551    0.0750      Fe 2                5649.67A   -8.080    0.0222      Fe 2b               2.20000m   -7.088    0.2182
C  1                1561.37A   -7.977    0.0282      Fe 2                5643.44A   -9.218    0.0016      miscellaneous..................................
C  1                1561.44A   -7.677    0.0562      Fe 2                5613.27A   -7.493    0.0858      Blnd                8446.00A   -9.167    0.0018
C  1                1656.27A   -7.477    0.0889      Fe 2                2.24366m   -8.456    0.0093      Blnd                1304.00A   -7.556    0.0743
C  1                1656.93A   -7.798    0.0425      Fe 2                2.00672m   -7.802    0.0421      Blnd                2798.00A   -4.125  200.1811
C  1                1657.01A   -7.037    0.2453      Fe 2                1.10657m   -8.675    0.0056      Blnd                6720.00A   -4.845   38.1071
C  1                1657.38A   -7.771    0.0453      Fe 2                1.09542m   -8.779    0.0044      Blnd                4074.00A   -6.170    1.8048
C  1                1657.91A   -7.313    0.1298      Fe 2                5725.92A   -8.378    0.0112      Blnd                1.03300m   -6.279    1.4047
C  1                1658.12A   -7.295    0.1354      Fe 2                5718.22A   -7.827    0.0397      Blnd                1256.00A   -8.198    0.0169
C  1                1930.90A   -9.317    0.0013      Fe 2                2.22379m   -7.212    0.1640      Blnd                5892.00A   -7.686    0.0550
C  1                1992.01A   -9.187    0.0017      Fe 2                2.01513m   -7.531    0.0785      Blnd                2665.00A   -5.675    5.6410
C  1                1993.62A   -7.712    0.0518      Fe 2                9682.08A   -8.043    0.0242      Blnd                2335.00A   -5.485    8.7306
C  1                2582.90A   -8.976    0.0028      Fe 2                9513.85A   -8.849    0.0038      Blnd                8579.00A   -5.096   21.4212
C  1                8727.13A   -9.421    0.0010      Fe 2                8715.81A   -8.675    0.0056      Blnd                7306.00A   -4.448   95.0913
C  1                9824.13A   -4.652   59.4864      Fe 2                6873.84A   -8.340    0.0122      Blnd                3933.00A   -6.427    0.9981
C  1                9850.26A   -4.177  177.7168      Fe 2                6700.65A   -9.310    0.0013      Blnd                1657.00A   -6.589    0.6872
C  1                370.269m   -4.404  105.3193      Fe 2                6188.55A   -8.520    0.0081      Blnd                9850.00A   -4.051  237.2032
C  1                609.590m   -4.912   32.7107      Fe 2                5870.02A   -8.771    0.0045      Blnd                2326.00A   -7.403    0.1056
C  2                1334.53A   -9.223    0.0016      Fe 2                5673.20A   -8.804    0.0042      Blnd                1335.00A   -8.520    0.0081
C  2                1335.66A   -8.935    0.0031      Fe 2                4898.61A   -8.541    0.0077      Blnd                3467.00A   -6.976    0.2821
C  2                1335.71A   -8.900    0.0034      Fe 2                2.25348m   -8.049    0.0238      Blnd                5199.00A   -4.730   49.6729
C  2                2323.50A   -8.638    0.0061      Fe 2                1.02005m   -9.257    0.0015      Blnd                1.04030m   -6.220    1.6099
C  2                2324.69A   -8.316    0.0129      Fe 2                1.00139m   -8.701    0.0053      Blnd                2141.00A   -9.238    0.0015
C  2                2325.40A   -7.885    0.0348      Fe 2                9133.66A   -9.424    0.0010      Blnd                6300.00A   -4.445   95.8707
C  2                2326.93A   -7.856    0.0372      Fe 2                8885.67A   -9.149    0.0019      Blnd                2471.00A   -9.124    0.0020
C  2                2328.12A   -8.262    0.0146      Fe 2                7131.14A   -9.314    0.0013      Blnd                7323.00A   -9.291    0.0014
C  2                157.636m   -5.840    3.8623      Fe 2                6944.91A   -8.883    0.0035      Blnd                7332.00A   -9.373    0.0011
Ca 1                4226.73A   -7.474    0.0895      Fe 2                6473.88A   -8.919    0.0032      Blnd                3727.00A   -7.212    0.1638
Ca 1                6439.08A   -8.439    0.0097      Fe 2                6044.10A   -9.350    0.0012      Blnd                7325.00A   -9.029    0.0025
Ca 1                6462.57A   -8.670    0.0057      Fe 2                5835.45A   -9.019    0.0026      N 1C                5199.00A   -8.695    0.0054
Ca 1                6493.78A   -8.876    0.0036      Fe 2                5060.09A   -9.100    0.0021      N 1T                5199.00A   -8.821    0.0040

                                                    Emergent line intensities
general properties.............................      Fe 2                2404.89A   -6.987    0.2751      Mn 2                2593.72A   -6.958    0.2939
continua.......................................      Fe 2                2399.24A   -7.808    0.0416      Mn 2                2605.68A   -7.099    0.2127
FIR                 83.0000m   -3.015 2577.6514      Fe 2                2395.42A   -8.811    0.0041      Mn 2                3438.97A   -8.692    0.0054
TIR                 1800.00m   -4.881   35.0833      Fe 2                2380.76A   -5.805    4.1879      Mn 2                3460.03A   -9.280    0.0014
NIRa                2.85000m   -3.098 2130.5920      Fe 2                2348.30A   -7.548    0.0756      N  1                1134.41A   -9.195    0.0017
NIRb                3.00000m   -4.263  145.6037      Fe 2                2327.40A   -8.139    0.0194      N  1                1134.98A   -9.073    0.0023
MIRa                15.0000m   -4.358  117.1576      Fe 2                87.3597m   -6.856    0.3718      N  1                1199.55A   -8.588    0.0069
MIRb                22.5000m   -3.222 1599.9961      Fe 2                5.06097m   -7.757    0.0467      N  1                1200.22A   -8.760    0.0046
NMIR                21.7500m   -3.098 2130.5920      Fe 2                4.43363m   -7.675    0.0565      N  1                1200.71A   -9.062    0.0023
TFIR                611.250m   -3.865  364.1709      Fe 2                1.40951m   -9.085    0.0022      N  1                3466.50A   -7.060    0.2327
TALL                10000.0A   -2.642 6084.5850      Fe 2                1.32777m   -7.223    0.1597      N  1                3466.54A   -7.733    0.0494
F12                 12.0000m   -6.260    1.4663      Fe 2                1.27877m   -7.280    0.1401      N  1                5197.90A   -5.129   19.8586
F25                 25.0000m   -4.871   35.9378      Fe 2                1.25214m   -8.320    0.0128      N  1                5200.26A   -4.952   29.8133
F60                 60.0000m   -3.075 2245.0442      Fe 2                7926.88A   -8.558    0.0074      N  1                1.03977m   -6.564    0.7282
F100                100.000m   -5.937    3.0895      Fe 2                7803.89A   -8.298    0.0134      N  1                1.03982m   -7.087    0.2185
MIPS                24.0000m   -4.871   35.9326      Fe 2                7665.28A   -7.552    0.0750      N  1                1.04072m   -6.912    0.3268
MIPS                70.0000m   -3.076 2241.6216      Fe 2                5006.63A   -7.698    0.0535      N  1                1.04076m   -6.900    0.3363
MIPS                160.000m   -4.094  214.9289      Fe 2                4772.06A   -8.511    0.0082      Na 1                5889.95A   -7.988    0.0275
IRAC                3.60000m   -7.485    0.0874      Fe 2                4639.67A   -8.195    0.0170      Na 1                5895.92A   -7.988    0.0275
IRAC                4.50000m   -6.165    1.8285      Fe 2                4528.39A   -7.806    0.0417      Ni 1                7.50454m   -7.995    0.0270
IRAC                5.80000m   -4.451   94.4441      Fe 2                4509.61A   -8.154    0.0187      O  1                1304.86A   -7.690    0.0545
IRAC                8.00000m   -5.459    9.2849      Fe 2                4452.10A   -6.177    1.7771      O  1                1306.03A   -8.152    0.0188
SPR1                250.000m   -6.015    2.5797      Fe 2                3277.55A   -8.312    0.0130      O  1                1355.60A   -7.741    0.0485
SPR2                350.000m   -4.397  107.0738      Fe 2                3277.12A   -9.216    0.0016      O  1                1358.51A   -8.189    0.0173
SPR3                500.000m   -6.204    1.6699      Fe 2                3275.02A   -8.388    0.0109      O  1                2972.29A   -7.211    0.1642
PAC1                70.0000m   -3.076 2242.5269      Fe 2                2631.05A   -7.134    0.1963      O  1                5577.34A   -6.262    1.4618
PAC2                100.000m   -5.936    3.0922      Fe 2                2620.41A   -9.018    0.0026      O  1                6300.30A   -4.565   72.6462
PAC3                160.000m   -4.091  216.6728      Fe 2                2613.82A   -7.904    0.0333      O  1                6363.78A   -5.061   23.2066
PAH                 3.30000m   -8.291    0.0137      Fe 2                2410.52A   -7.775    0.0448      O  1                6391.73A   -8.389    0.0109
PAHC                3.23000m   -8.571    0.0072      Fe 2                2406.66A   -8.046    0.0240      O  1                44.0453m   -8.705    0.0053
PAHC                3.37000m   -8.560    0.0074      Fe 2                2404.43A   -8.872    0.0036      O  1                63.1679m   -3.076 2240.2126
PAH                 6.20000m   -8.338    0.0123      Fe 2                2359.11A   -7.858    0.0371      O  1                145.495m   -4.108  208.2372
PAHC                5.65000m   -7.248    0.1509      Fe 2                2338.01A   -7.919    0.0322      O  2                2470.34A   -9.227    0.0016
PAH                 7.90000m   -7.825    0.0400      Fe 2                4.67067m   -8.299    0.0134      O  2                7319.99A   -9.421    0.0010
PAHC                6.90000m   -5.461    9.2397      Fe 2                1.29777m   -7.611    0.0654      O  2                3728.81A   -7.434    0.0983
PAH                 11.3000m   -7.705    0.0527      Fe 2                1.27034m   -7.483    0.0878      O  2                3726.03A   -7.610    0.0655
PAHC                10.9000m   -7.341    0.1219      Fe 2                7999.47A   -9.305    0.0013      P  2                60.6263m   -6.525    0.7976
PAH                 11.8000m   -9.026    0.0025      Fe 2                7874.24A   -7.652    0.0594      P  2                1532.53A   -9.074    0.0023
PAHC                12.6500m   -7.088    0.2179      Fe 2                7733.14A   -8.199    0.0169      P  2                32.8620m   -6.628    0.6293
PAH                 13.3000m   -8.968    0.0029      Fe 2                4798.28A   -8.062    0.0232      P  2                1.14682m   -6.545    0.7614
PAHC                14.1000m   -6.749    0.4763      Fe 2                4664.45A   -8.710    0.0052      P  2                4669.25A   -8.210    0.0165
Bcon                3640.00A   -3.405 1050.1621      Fe 2                4533.01A   -8.701    0.0053      P  2                2195.57A   -8.489    0.0087
Pcon                5000.00A   -3.826  398.8123      Fe 2                4474.90A   -6.489    0.8656      P  2                1536.42A   -9.058    0.0023
O3bn                5007.00A   -5.686    5.4968      Fe 2                3289.89A   -8.697    0.0054      P  2                1535.92A   -8.924    0.0032
RRC............................................      Fe 2                3289.46A   -8.477    0.0089      P  2                1.18828m   -6.122    2.0183
grains.........................................      Fe 2                2628.29A   -7.588    0.0690      P  2                2210.34A   -8.036    0.0246
H-like iso-sequence............................      Fe 2                2621.67A   -8.490    0.0087      P  2                1542.30A   -9.212    0.0016
H  1                1215.67A   -3.727  500.8681      Fe 2                2413.31A   -8.292    0.0136      P  2                7875.99A   -7.462    0.0923
H  1                6562.80A   -5.664    5.7831      Fe 2                2411.07A   -8.300    0.0134      S  1                1483.04A   -9.064    0.0023
H  1                4861.32A   -6.427    1.0000      Fe 2                2344.28A   -8.007    0.0263      S  1                1820.34A   -7.747    0.0479
H  1                4340.46A   -6.807    0.4161      Fe 2                17.9311m   -5.440    9.6942      S  1                1826.24A   -8.230    0.0157
H  1                4101.73A   -8.500    0.0085      Fe 2                1.64355m   -4.546   75.9984      S  1                25.2421m   -5.689    5.4698
H  1                3970.07A   -8.789    0.0043      Fe 2                1.53348m   -5.671    5.6961      S  1                56.2957m   -6.648    0.6007
H  1                3889.05A   -9.022    0.0025      Fe 2                8616.95A   -5.935    3.1044      S  2                6730.82A   -5.235   15.5527
H  1                3835.38A   -9.216    0.0016      Fe 2                7155.17A   -6.063    2.3087      S  2                6716.44A   -5.073   22.5510
H  1                3797.90A   -9.383    0.0011      Fe 2                6896.17A   -7.515    0.0816      S  2                4076.35A   -6.783    0.4404
H  1                3770.63A   -9.128    0.0020      Fe 2                5413.37A   -7.973    0.0284      S  2                4068.60A   -6.292    1.3646
H  1                3750.15A   -9.244    0.0015      Fe 2                5280.27A   -8.509    0.0083      S  2                1.03364m   -6.921    0.3203
H  1                3734.37A   -9.348    0.0012      Fe 2                5273.36A   -6.062    2.3163      S  2                1.02867m   -6.918    0.3227
H  1                1.87510m   -7.199    0.1691      Fe 2                5158.79A   -5.451    9.4586      S  2                1.03705m   -7.243    0.1527
H  1                1.28181m   -7.512    0.0822      Fe 2                5111.64A   -6.358    1.1720      S  2                1.03205m   -6.784    0.4390
H  1                1.09381m   -8.884    0.0035      Fe 2                5072.41A   -6.103    2.1055      S  2                1259.52A   -8.553    0.0075
H  1                1.00494m   -9.192    0.0017      Fe 2                5039.10A   -7.538    0.0774      S  2                1253.81A   -8.632    0.0062
H  1                4.05115m   -8.068    0.0228      Fe 2                4814.54A   -6.407    1.0455      S  2                1250.58A   -8.940    0.0031
H  1                2.62515m   -9.060    0.0023      Fe 2                4774.73A   -6.847    0.3797      Sc 2                4246.82A   -8.981    0.0028
H  1                2.16553m   -9.412    0.0010      Fe 2                4745.49A   -7.899    0.0337      Sc 2                7043.49A   -8.752    0.0047
H  1                7.45782m   -9.096    0.0021      Fe 2                4661.78A   -8.997    0.0027      Sc 2                8261.17A   -9.266    0.0014
He-like iso-sequence...........................      Fe 2                4243.97A   -5.777    4.4621      Sc 2                8271.28A   -9.152    0.0019
extra Lyman....................................      Fe 2                4177.20A   -6.867    0.3628      Sc 2                8326.62A   -9.406    0.0010
database lines.................................      Fe 2                4146.65A   -8.442    0.0096      Sc 2                8347.28A   -8.971    0.0029
CN                  2648.35m   -8.993    0.0027      Fe 2                4114.48A   -8.782    0.0044      Sc 2                8384.33A   -9.283    0.0014
CN                  2640.74m   -8.692    0.0054      Fe 2                3929.35A   -9.035    0.0025      Sc 2                1.07804m   -9.349    0.0012
CN                  1322.30m   -9.078    0.0022      Fe 2                3387.09A   -7.282    0.1394      Sc 2                2.03194m   -8.887    0.0035
CN                  1321.03m   -8.821    0.0040      Fe 2                3376.20A   -6.485    0.8748      Sc 2                2.04712m   -9.234    0.0016
CN                  881.421m   -9.070    0.0023      Fe 2                2732.45A   -7.606    0.0662      Sc 2                2.07591m   -8.878    0.0035
CN                  880.858m   -8.914    0.0033      Fe 2                2493.30A   -5.195   17.0511      Sc 2                2.07842m   -8.712    0.0052
CN                  661.044m   -8.977    0.0028      Fe 2                2484.20A   -8.780    0.0044      Sc 2                2.08152m   -8.981    0.0028
CN                  660.727m   -8.863    0.0037      Fe 2                2360.00A   -7.134    0.1962      Sc 2                2.11129m   -9.155    0.0019
CN                  528.842m   -9.086    0.0022      Fe 2                2348.12A   -7.189    0.1728      Sc 2                2.12445m   -9.153    0.0019
CN                  528.639m   -8.996    0.0027      Fe 2                2331.31A   -8.866    0.0036      Si 1                2211.75A   -9.202    0.0017
CN                  440.721m   -9.100    0.0021      Fe 2                24.5126m   -6.140    1.9351      Si 1                2519.20A   -8.590    0.0069
CN                  440.580m   -9.026    0.0025      Fe 2                1.80940m   -5.147   19.0577      Si 1                2528.51A   -8.372    0.0113
CN                  377.785m   -9.245    0.0015      Fe 2                1.67688m   -6.096    2.1391      Si 1                68.4548m   -7.876    0.0355
CN                  377.682m   -9.182    0.0018      Fe 2                1.59948m   -6.004    2.6489      Si 1                129.641m   -7.946    0.0303
CN                  330.590m   -9.331    0.0012      Fe 2                9051.95A   -5.776    4.4728      Si 2                34.8046m   -3.268 1440.6488
CN                  330.511m   -9.276    0.0014      Fe 2                8891.93A   -6.201    1.6827      Si 2                2334.41A   -6.427    0.9991
HF                  243.178m   -8.601    0.0067      Fe 2                7452.56A   -6.555    0.7437      Si 2                2328.52A   -7.039    0.2439
CO                  2600.05m   -8.144    0.0192      Fe 2                7172.00A   -6.471    0.9038      Si 2                1808.01A   -6.417    1.0227
CO                  1300.05m   -7.037    0.2450      Fe 2                6275.53A   -8.428    0.0100      Si 2                1260.42A   -8.566    0.0073
CO                  866.727m   -6.711    0.5200      Fe 2                5527.36A   -7.045    0.2409      Si 2                2350.17A   -6.291    1.3672
CO                  650.074m   -6.597    0.6753      Fe 2                5440.48A   -8.802    0.0042      Si 2                2344.20A   -5.890    3.4365
CO                  520.089m   -6.541    0.7691      Fe 2                5433.15A   -6.576    0.7094      Si 2                2334.60A   -5.998    2.6855
CO                  433.438m   -6.503    0.8384      Fe 2                5261.63A   -5.831    3.9413      Si 2                1817.45A   -6.410    1.0388
CO                  371.549m   -6.491    0.8628      Fe 2                5220.08A   -7.106    0.2091      Si 2                1816.93A   -6.035    2.4632
CO                  325.137m   -6.482    0.8808      Fe 2                5184.80A   -7.002    0.2659      Si 2                1533.43A   -6.836    0.3896
CO                  289.041m   -6.485    0.8737      Fe 2                5158.01A   -6.951    0.2987      Si 2                1309.28A   -7.618    0.0643
CO                  260.169m   -6.491    0.8621      Fe 2                4947.39A   -6.351    1.1898      Si 2                1265.00A   -7.406    0.1048
CO                  236.549m   -6.506    0.8327      Fe 2                4905.35A   -6.702    0.5300      Si 2                1264.74A   -7.835    0.0391
CO                  216.868m   -6.526    0.7952      Fe 2                4874.50A   -6.745    0.4803      Si 2                1197.39A   -7.807    0.0417
CO                  200.218m   -6.552    0.7489      Fe 2                4852.74A   -8.106    0.0209      Si 2                1194.50A   -8.015    0.0258
CO                  185.949m   -6.574    0.7128      Fe 2                4346.86A   -6.404    1.0523      Si 2                3862.60A   -9.024    0.0025
CO                  173.584m   -6.598    0.6731      Fe 2                4276.84A   -6.328    1.2542      Si 2                3856.02A   -8.997    0.0027
CO                  162.767m   -6.625    0.6332      Fe 2                4244.82A   -7.140    0.1935      Si 2                6371.37A   -8.941    0.0031
CO                  153.225m   -6.654    0.5929      Fe 2                4231.56A   -8.740    0.0049      Si 2                6347.11A   -8.864    0.0037
CO                  144.745m   -6.684    0.5532      Fe 2                4211.11A   -8.716    0.0051      Zn 2                2062.00A   -8.528    0.0079
CO                  137.159m   -6.715    0.5152      Fe 2                3455.11A   -7.389    0.1091      Zn 2                2025.48A   -8.295    0.0135
CO                  130.333m   -6.746    0.4789      Fe 2                3452.31A   -7.077    0.2235      Al 2                2669.15A   -6.072    2.2639
CO                  124.160m   -6.783    0.4397      Fe 2                3440.99A   -6.963    0.2906      Al 2                2660.35A   -5.898    3.3779
CO                  118.548m   -6.824    0.4008      Fe 2                2774.73A   -8.847    0.0038      Al 2                1670.79A   -6.568    0.7221
CO                  113.427m   -6.864    0.3651      Fe 2                2759.34A   -9.245    0.0015      Al 2                3900.67A   -9.307    0.0013
CO                  108.733m   -6.907    0.3306      Fe 2                2485.07A   -9.031    0.0025      Ca 2                7323.89A   -4.842   38.4625
CO                  104.416m   -6.950    0.2993      Fe 2                2391.48A   -8.116    0.0205      Ca 2                7291.47A   -4.674   56.6187
CO                  100.433m   -6.996    0.2696      Fe 2                2379.28A   -8.824    0.0040      Ca 2                3968.47A   -6.739    0.4870
CO                  96.7462m   -7.043    0.2417      Fe 2                2362.02A   -7.569    0.0720      Ca 2                8662.14A   -5.575    7.1130
CO                  93.3237m   -7.092    0.2160      Fe 2                35.7675m   -6.940    0.3068      Ca 2                3933.66A   -6.718    0.5113
CO                  90.1384m   -7.143    0.1922      Fe 2                1.95361m   -6.058    2.3389      Ca 2                8498.02A   -6.264    1.4527
CO                  87.1666m   -7.195    0.1703      Fe 2                1.80002m   -6.112    2.0631      Ca 2                8542.09A   -5.318   12.8528
CO                  84.3877m   -7.249    0.1505      Fe 2                1.71113m   -6.681    0.5563      Ca 2                3706.02A   -7.936    0.0309
CO                  81.7835m   -7.304    0.1325      Fe 2                1.66377m   -6.301    1.3367      Ca 2                3736.90A   -7.640    0.0612
CO                  79.3383m   -7.362    0.1160      Fe 2                9399.04A   -6.198    1.6923      Ca 2                3158.87A   -7.958    0.0294
CO                  77.0375m   -7.422    0.1012      Fe 2                9226.63A   -6.144    1.9165      Ca 2                3181.27A   -8.663    0.0058
CO                  74.8697m   -7.482    0.0881      Fe 2                9033.49A   -7.220    0.1609      Ca 2                3179.33A   -7.708    0.0523
CO                  72.8231m   -7.545    0.0762      Fe 2                7388.17A   -6.591    0.6855      Ca 2                1.19497m   -9.381    0.0011
CO                  70.8878m   -7.608    0.0658      Fe 2                6440.41A   -7.543    0.0764      Ca 2                1.18390m   -9.077    0.0022
CO                  69.0557m   -7.672    0.0569      Fe 2                6229.28A   -8.693    0.0054      Ca 2                1838.01A   -8.895    0.0034
CO                  67.3181m   -7.737    0.0489      Fe 2                5654.87A   -8.005    0.0264      Ca 2                1840.03A   -8.739    0.0049
CO                  65.6684m   -7.803    0.0420      Fe 2                5556.31A   -7.245    0.1519      Ca 2                2112.76A   -9.367    0.0011
CO                  64.0998m   -7.869    0.0361      Fe 2                5412.67A   -7.773    0.0450      Cl 2                14.3639m   -6.750    0.4748
CO                  62.6072m   -7.935    0.0310      Fe 2                5333.66A   -6.118    2.0346      Cl 2                33.2721m   -7.831    0.0394
CO                  61.1843m   -8.003    0.0265      Fe 2                5296.84A   -7.401    0.1060      Cl 2                8578.70A   -6.438    0.9734
CO                  59.8271m   -8.070    0.0227      Fe 2                5268.89A   -7.121    0.2020      Cl 2                9123.60A   -7.023    0.2533
CO                  58.5311m   -8.138    0.0194      Fe 2                5107.96A   -8.057    0.0234      Cl 2                3677.85A   -8.361    0.0116
CO                  57.2920m   -8.207    0.0166      Fe 2                5049.30A   -6.525    0.7981      Cl 2                6161.84A   -8.315    0.0129
CO                  56.1066m   -8.277    0.0141      Fe 2                5005.52A   -6.579    0.7048      Mg 2                2802.71A   -4.599   67.2157
CO                  54.9712m   -8.348    0.0120      Fe 2                4973.40A   -6.846    0.3807      Mg 2                2795.53A   -4.303  133.0023
CO                  53.8829m   -8.420    0.0102      Fe 2                4950.76A   -7.192    0.1717      Mg 2                2936.52A   -7.530    0.0788
CO                  52.8388m   -8.491    0.0086      Fe 2                4352.79A   -6.644    0.6061      Mg 2                2928.64A   -7.832    0.0393
CO                  51.8365m   -8.563    0.0073      Fe 2                4319.62A   -6.910    0.3285      Mg 2                2797.93A   -8.270    0.0143
CO                  50.8731m   -8.636    0.0062      Fe 2                4305.90A   -7.713    0.0517      Mg 2                2790.77A   -7.568    0.0722
CO                  49.9472m   -8.708    0.0052      Fe 2                4084.33A   -9.039    0.0024      Mg 2                2798.00A   -7.315    0.1294
CO                  49.0559m   -8.783    0.0044      Fe 2                3504.51A   -7.691    0.0544      Mg 2                9244.22A   -9.388    0.0011
CO                  48.1977m   -8.858    0.0037      Fe 2                3504.02A   -7.548    0.0756      Mg 2                9218.22A   -9.091    0.0022
CO                  47.3709m   -8.935    0.0031      Fe 2                3501.63A   -7.112    0.2064      N  2                205.283m   -8.630    0.0063
CO                  46.5738m   -9.012    0.0026      Fe 2                3489.99A   -7.791    0.0432      N  2                121.769m   -8.851    0.0038
CO                  45.8046m   -9.091    0.0022      Fe 2                2385.01A   -8.396    0.0107      N  2                6548.05A   -8.003    0.0265
CO                  45.0623m   -9.172    0.0018      Fe 2                2.06648m   -7.451    0.0945      N  2                6583.45A   -7.533    0.0782
CO                  44.3452m   -9.255    0.0015      Fe 2                1.89541m   -6.848    0.3791      N  2                5754.59A   -9.382    0.0011
CO                  43.6523m   -9.341    0.0012      Fe 2                1.79711m   -6.335    1.2360      N  2                2142.77A   -9.386    0.0011
^13CO               1359.86m   -8.570    0.0072      Fe 2                1.74494m   -6.623    0.6360      Ni 2                1.19102m   -5.422   10.1047
^13CO               906.599m   -8.222    0.0160      Fe 2                9652.70A   -7.047    0.2397      Ni 2                6.63416m   -6.050    2.3811
^13CO               679.978m   -8.099    0.0213      Fe 2                9470.94A   -6.535    0.7798      Ni 2                1.07151m   -7.043    0.2419
^13CO               544.012m   -8.040    0.0243      Fe 2                9267.56A   -6.917    0.3235      Ni 2                10.6793m   -6.680    0.5576
^13CO               453.374m   -8.002    0.0266      Fe 2                7544.00A   -9.230    0.0016      Ni 2                1.27792m   -8.867    0.0036
^13CO               388.637m   -7.989    0.0274      Fe 2                6558.51A   -7.757    0.0467      Ni 2                1.16130m   -7.559    0.0738
^13CO               340.088m   -7.981    0.0279      Fe 2                5745.71A   -8.376    0.0112      Ni 2                12.7253m   -7.096    0.2143
^13CO               302.332m   -7.984    0.0277      Fe 2                5643.98A   -8.217    0.0162      Ni 2                9882.95A   -8.308    0.0131
^13CO               272.130m   -7.990    0.0273      Fe 2                5495.84A   -8.050    0.0238      Ni 2                1.09177m   -7.846    0.0381
^13CO               247.423m   -8.005    0.0264      Fe 2                5376.47A   -6.512    0.8208      Ni 2                18.2355m   -7.812    0.0411
^13CO               226.836m   -8.026    0.0252      Fe 2                5347.66A   -7.627    0.0631      Ni 2                9374.87A   -8.601    0.0067
^13CO               209.419m   -8.053    0.0237      Fe 2                5181.96A   -7.903    0.0334      Ni 2                7377.83A   -6.211    1.6445
^13CO               194.493m   -8.075    0.0225      Fe 2                5076.57A   -7.183    0.1753      Ni 2                8300.99A   -7.507    0.0832
^13CO               181.558m   -8.100    0.0212      Fe 2                5043.53A   -7.053    0.2366      Ni 2                1.93877m   -6.918    0.3224
^13CO               170.243m   -8.129    0.0199      Fe 2                5020.25A   -7.169    0.1810      Ni 2                2.36883m   -8.205    0.0167
^13CO               160.261m   -8.158    0.0185      Fe 2                4372.43A   -7.184    0.1746      Ni 2                2.91064m   -7.874    0.0357
^13CO               151.390m   -8.190    0.0173      Fe 2                4358.37A   -7.396    0.1073      Ni 2                6666.80A   -7.056    0.2347
^13CO               143.454m   -8.222    0.0160      Fe 2                4080.00A   -9.069    0.0023      Ni 2                7411.61A   -6.837    0.3884
^13CO               136.314m   -8.256    0.0148      Fe 2                3539.19A   -7.396    0.1073      Ni 2                1.76458m   -8.982    0.0028
^13CO               129.855m   -8.295    0.0135      Fe 2                3538.69A   -7.689    0.0546      Ni 2                2.04866m   -8.560    0.0074
^13CO               123.985m   -8.337    0.0123      Fe 2                3536.25A   -7.815    0.0409      Ni 2                2.30794m   -8.017    0.0257
^13CO               118.627m   -8.380    0.0111      Fe 2                3524.38A   -9.124    0.0020      Ni 2                6.91767m   -8.316    0.0129
^13CO               113.717m   -8.426    0.0100      Fe 2                22.8961m   -8.445    0.0096      Ni 2                4326.24A   -7.003    0.2650
^13CO               109.201m   -8.475    0.0090      Fe 2                1.81139m   -8.724    0.0050      Ni 2                4628.05A   -7.425    0.1003
^13CO               105.034m   -8.526    0.0080      Fe 2                7764.71A   -7.930    0.0313      Ni 2                6794.20A   -8.481    0.0088
^13CO               101.176m   -8.579    0.0070      Fe 2                7336.73A   -8.220    0.0161      Ni 2                7255.82A   -7.358    0.1171
^13CO               97.5955m   -8.636    0.0062      Fe 2                7267.25A   -9.188    0.0017      Ni 2                7694.56A   -8.429    0.0100
^13CO               94.2629m   -8.695    0.0054      Fe 2                6809.24A   -8.198    0.0169      Ni 2                8033.54A   -8.593    0.0068
^13CO               91.1537m   -8.759    0.0047      Fe 2                6729.87A   -8.479    0.0089      Ni 2                1.04597m   -7.842    0.0384
^13CO               88.2461m   -8.827    0.0040      Fe 2                6671.93A   -9.042    0.0024      Ni 2                1.23230m   -7.869    0.0361
^13CO               85.5213m   -8.900    0.0034      Fe 2                5721.37A   -9.315    0.0013      Ni 2                4201.17A   -7.186    0.1742
^13CO               82.9627m   -8.978    0.0028      Fe 2                5163.96A   -8.227    0.0158      Ni 2                4485.21A   -7.638    0.0614
^13CO               80.5556m   -9.064    0.0023      Fe 2                4266.35A   -8.927    0.0032      Ni 2                7307.65A   -7.534    0.0781
^13CO               78.2869m   -9.159    0.0019      Fe 2                4249.08A   -9.198    0.0017      Ni 2                7612.72A   -7.862    0.0367
^13CO               76.1453m   -9.267    0.0014      Fe 2                4157.92A   -9.204    0.0017      Ni 2                1.13597m   -8.545    0.0076
^13CO               74.1205m   -9.392    0.0011      Fe 2                3277.35A   -7.736    0.0491      Ni 2                4285.31A   -8.394    0.0108
OH+                 308.406m   -9.266    0.0014      Fe 2                3255.89A   -8.995    0.0027      Ni 2                6791.48A   -8.108    0.0208
C  1                1560.31A   -8.070    0.0227      Fe 2                2926.59A   -8.632    0.0062      Ni 2                7054.20A   -8.013    0.0259
C  1                1560.68A   -8.159    0.0185      Fe 2                2880.76A   -8.306    0.0132      Ni 2                9.61508m   -9.303    0.0013
C  1                1560.71A   -8.216    0.0162      Fe 2                2755.74A   -6.654    0.5925      Ni 2                4033.04A   -7.452    0.0944
C  1                1561.34A   -7.552    0.0748      Fe 2                2739.55A   -7.374    0.1130      Ni 2                4294.09A   -7.572    0.0715
C  1                1561.37A   -7.978    0.0281      Fe 2                2716.70A   -7.510    0.0826      Ni 2                6467.29A   -8.606    0.0066
C  1                1561.44A   -7.678    0.0560      Fe 2                34.6508m   -9.316    0.0013      Ni 2                6813.57A   -7.594    0.0681
C  1                1656.27A   -7.478    0.0889      Fe 2                1.00287m   -7.918    0.0322      Ni 2                7078.04A   -8.142    0.0192
C  1                1656.93A   -7.798    0.0425      Fe 2                8245.16A   -9.417    0.0010      Ni 2                1.02090m   -8.924    0.0032
C  1                1657.01A   -7.037    0.2453      Fe 2                8037.28A   -8.448    0.0095      Ni 2                3993.06A   -7.107    0.2088
C  1                1657.38A   -7.771    0.0453      Fe 2                7579.61A   -8.939    0.0031      Ni 2                4248.80A   -7.582    0.0699
C  1                1657.91A   -7.313    0.1298      Fe 2                7017.95A   -8.858    0.0037      Ni 2                6007.06A   -8.696    0.0054
C  1                1658.12A   -7.295    0.1354      Fe 2                6933.67A   -9.223    0.0016      Ni 2                6365.10A   -7.581    0.0701
C  1                1930.90A   -9.317    0.0013      Fe 2                6872.19A   -8.389    0.0109      Ni 2                6700.24A   -8.974    0.0028
C  1                1992.01A   -9.187    0.0017      Fe 2                6829.03A   -9.424    0.0010      Ni 2                6955.82A   -9.009    0.0026
C  1                1993.62A   -7.712    0.0518      Fe 2                5746.98A   -8.276    0.0142      Ni 2                8703.87A   -8.036    0.0246
C  1                2582.90A   -8.977    0.0028      Fe 2                5283.12A   -8.835    0.0039      Ni 2                9956.63A   -8.262    0.0146
C  1                8727.13A   -9.422    0.0010      Fe 2                5199.18A   -9.050    0.0024      Ni 2                5.18504m   -9.041    0.0024
C  1                9824.13A   -4.652   59.4801      Fe 2                4351.81A   -9.198    0.0017      Ni 2                3438.88A   -7.295    0.1353
C  1                9850.26A   -4.177  177.6982      Fe 2                4347.36A   -8.567    0.0072      Ni 2                3626.89A   -7.603    0.0666
C  1                370.269m   -4.404  105.3522      Fe 2                4329.43A   -7.913    0.0326      Ni 2                3378.16A   -7.909    0.0329
C  1                609.590m   -4.912   32.7209      Fe 2                2953.77A   -9.343    0.0012      Ni 2                3559.41A   -7.889    0.0345
C  2                1334.53A   -9.228    0.0016      Fe 2                2772.73A   -7.435    0.0981      level 1 lines..................................
C  2                1335.66A   -8.941    0.0031      Fe 2                2749.32A   -7.476    0.0893      recombination..................................
C  2                1335.71A   -8.905    0.0033      Fe 2                9795.19A   -8.696    0.0054      level2 lines...................................
C  2                2323.50A   -8.638    0.0061      Fe 2                8228.13A   -8.611    0.0065      C  1                1247.50A   -8.282    0.0139
C  2                2324.69A   -8.316    0.0129      Fe 2                7613.14A   -9.019    0.0026      C  1                1314.77A   -8.207    0.0166
C  2                2325.40A   -7.885    0.0348      Fe 2                7011.24A   -9.425    0.0010      C  1                1165.98A   -9.412    0.0010
C  2                2326.93A   -7.856    0.0372      Fe 2                6966.33A   -8.782    0.0044      C  1                1233.29A   -8.795    0.0043
C  2                2328.12A   -8.262    0.0146      Fe 2                5477.25A   -8.780    0.0044      C  1                1250.68A   -8.947    0.0030
C  2                157.636m   -5.840    3.8635      Fe 2                5278.38A   -9.248    0.0015      Mg 1                1817.31A   -9.082    0.0022
Ca 1                4226.73A   -7.474    0.0896      Fe 2                4402.59A   -9.033    0.0025      Mg 1                1739.09A   -9.286    0.0014
Ca 1                6439.08A   -8.439    0.0097      Fe 2                4384.21A   -8.965    0.0029      Mg 1                1699.05A   -9.326    0.0013
Ca 1                6462.57A   -8.670    0.0057      Fe 2                1.05081m   -9.176    0.0018      Mg 1                1675.74A   -9.377    0.0011
Ca 1                6493.78A   -8.876    0.0036      Fe 2                7710.80A   -9.330    0.0012      Si 1                1853.05A   -9.158    0.0019
Cl 1                11.3303m   -7.726    0.0502      Fe 2                7048.01A   -8.996    0.0027      Si 2                1179.59A   -8.542    0.0077
Co 2                9335.96A   -8.567    0.0072      Fe 2                5901.28A   -9.226    0.0016      S  1                1356.05A   -8.815    0.0041
Co 2                9639.13A   -9.005    0.0026      Fe 2                5527.62A   -9.338    0.0012      S  1                1392.25A   -9.176    0.0018
Co 2                10.5199m   -7.401    0.1061      Fe 2                2.04602m   -7.863    0.0366      S  1                1418.10A   -9.382    0.0011
Co 2                15.4548m   -8.287    0.0138      Fe 2                1.41956m   -8.418    0.0102      Ca 2                1360.06A   -9.427    0.0010
Co 2                2.98382m   -6.887    0.3464      Fe 2                1.35904m   -9.223    0.0016      Fe 1                2484.25A   -9.058    0.0023
Co 2                14.7345m   -7.931    0.0313      Fe 2                1.23314m   -8.212    0.0164      Fe 1                2526.51A   -9.300    0.0013
Co 2                18.7989m   -8.451    0.0095      Fe 2                1.09108m   -8.134    0.0196      Sc 2                3627.22A   -7.750    0.0475
Co 2                25.6819m   -9.139    0.0019      Fe 2                1.07084m   -8.573    0.0071      Sc 2                3575.45A   -7.872    0.0358
Co 2                1.01879m   -7.617    0.0645      Fe 2                1.05625m   -9.023    0.0025      Sc 2                3368.13A   -8.437    0.0098
Co 2                1.12804m   -8.588    0.0069      Fe 2                1.01565m   -8.825    0.0040      Ti 2                3364.74A   -6.176    1.7827
Co 2                1.54700m   -7.862    0.0367      Fe 2                8119.18A   -9.302    0.0013      Ti 2                3237.15A   -6.415    1.0264
Co 2                1.72847m   -8.858    0.0037      Fe 2                5588.16A   -8.128    0.0199      Ti 2                1904.17A   -8.282    0.0139
Co 2                1.90349m   -8.698    0.0054      Fe 2                5586.91A   -8.990    0.0027      Ti 2                1907.36A   -8.025    0.0252
Co 2                1.02452m   -8.423    0.0101      Fe 2                5580.82A   -7.560    0.0736      V  2                2710.94A   -8.506    0.0083
Co 2                1.09726m   -9.051    0.0024      Fe 2                5551.32A   -7.277    0.1410      V  2                2684.22A   -8.269    0.0144
Co 2                1.49674m   -9.287    0.0014      Fe 2                3227.74A   -8.990    0.0027      V  2                2139.33A   -8.910    0.0033
Co 2                1.62622m   -9.275    0.0014      Fe 2                3196.07A   -8.512    0.0082      Cr 1                4269.56A   -8.863    0.0037
Co 2                1.73616m   -8.981    0.0028      Fe 2                2.13278m   -8.118    0.0203      Cr 1                3589.90A   -8.679    0.0056
Co 2                1.02803m   -9.020    0.0025      Fe 2                1.46079m   -8.965    0.0029      Cr 2                2059.78A   -6.776    0.4476
Co 2                8580.39A   -9.076    0.0022      Fe 2                1.39678m   -9.025    0.0025      Mn 2                1198.85A   -9.134    0.0020
Co 2                9342.40A   -7.772    0.0452      Fe 2                1.30943m   -9.045    0.0024      Co 2                2060.90A   -8.243    0.0153
Co 2                9943.48A   -8.119    0.0203      Fe 2                1.24364m   -9.230    0.0016      Co 2                2018.80A   -8.278    0.0141
Co 2                7539.01A   -8.440    0.0097      Fe 2                1.09413m   -8.331    0.0125      Co 2                1949.74A   -8.355    0.0118
Co 2                8121.00A   -8.153    0.0188      Fe 2                1.07890m   -8.428    0.0100      Co 2                1575.91A   -8.875    0.0036
Co 2                8571.41A   -8.760    0.0046      Fe 2                1.06830m   -9.185    0.0017      Co 2                1470.18A   -8.951    0.0030
Co 2                6.21176m   -9.401    0.0011      Fe 2                1.03658m   -9.197    0.0017      Ni 2                1751.83A   -7.810    0.0414
Co 2                8027.34A   -8.619    0.0064      Fe 2                5650.95A   -8.106    0.0209      Ni 2                1744.24A   -7.617    0.0645
Co 2                8467.14A   -9.032    0.0025      Fe 2                5649.67A   -8.080    0.0222      Ni 2                1484.97A   -8.940    0.0031
Co 2                8333.76A   -8.800    0.0042      Fe 2                5643.44A   -9.218    0.0016      Ni 2                1472.74A   -8.631    0.0062
Cr 2                8000.08A   -6.609    0.6571      Fe 2                5613.27A   -7.493    0.0858      Ni 2                1400.37A   -8.939    0.0031
Cr 2                8125.30A   -6.683    0.5543      Fe 2                2.24366m   -8.456    0.0093      Ni 2                1375.73A   -8.610    0.0066
Cr 2                8229.67A   -6.777    0.4462      Fe 2                2.00672m   -7.802    0.0422      Ni 2                1324.11A   -8.710    0.0052
Cr 2                8308.49A   -6.964    0.2899      Fe 2                1.10657m   -8.675    0.0056      hyperfine structure............................
Cr 2                8357.64A   -7.262    0.1461      Fe 2                1.09542m   -8.779    0.0044      inner shell....................................
Fe 1                24.0358m   -7.048    0.2393      Fe 2                5725.92A   -8.378    0.0112      molecules......................................
Fe 1                34.7038m   -7.636    0.0618      Fe 2                5718.22A   -7.827    0.0397      bands..........................................
Fe 2                25.9813m   -4.975   28.3172      Fe 2                2.22379m   -7.212    0.1640      Fe 2b               2500.00A   -4.609   65.6517
Fe 2                5.33871m   -4.452   94.2923      Fe 2                2.01513m   -7.531    0.0786      Fe 2b               5000.00A   -4.665   57.7618
Fe 2                4.11387m   -6.815    0.4092      Fe 2                9682.08A   -8.043    0.0242      Fe 2b               7000.00A   -5.608    6.5896
Fe 2                1.25668m   -5.724    5.0447      Fe 2                9513.85A   -8.849    0.0038      Fe 2b               10000.0A   -4.288  137.6957
Fe 2                1.19129m   -8.509    0.0083      Fe 2                8715.81A   -8.676    0.0056      Fe 2b               2355.00A   -5.376   11.2232
Fe 2                6309.53A   -9.354    0.0012      Fe 2                6873.84A   -8.340    0.0122      Fe 2b               2430.00A   -4.616   64.5832
Fe 2                4799.30A   -9.252    0.0015      Fe 2                6700.65A   -9.310    0.0013      Fe 2b               2445.00A   -4.616   64.5831
Fe 2                4704.22A   -8.477    0.0089      Fe 2                6188.55A   -8.520    0.0081      Fe 2b               2495.00A   -5.195   17.0590
Fe 2                4632.28A   -6.684    0.5532      Fe 2                5870.02A   -8.771    0.0045      Fe 2b               2610.00A   -4.867   36.2963
Fe 2                4604.48A   -8.467    0.0091      Fe 2                5673.20A   -8.805    0.0042      Fe 2b               2695.00A   -7.509    0.0826
Fe 2                4416.27A   -6.665    0.5774      Fe 2                4898.61A   -8.541    0.0077      Fe 2b               2758.00A   -6.442    0.9644
Fe 2                4382.74A   -7.635    0.0619      Fe 2                2.25348m   -8.049    0.0239      Fe 2b               2780.00A   -6.401    1.0606
Fe 2                4287.39A   -5.703    5.2976      Fe 2                1.02005m   -9.257    0.0015      Fe 2b               2935.00A   -8.096    0.0214
Fe 2                3931.44A   -9.297    0.0013      Fe 2                1.00139m   -8.701    0.0053      Fe 2b               2960.00A   -8.512    0.0082
Fe 2                3874.07A   -8.928    0.0032      Fe 2                9133.66A   -9.424    0.0010      Fe 2b               3180.00A   -7.028    0.2503
Fe 2                3175.38A   -7.514    0.0818      Fe 2                8885.67A   -9.150    0.0019      Fe 2b               3250.00A   -6.325    1.2646
Fe 2                2599.40A   -7.999    0.0268      Fe 2                7131.14A   -9.314    0.0013      Fe 2b               3590.00A   -6.344    1.2097
Fe 2                2585.88A   -9.043    0.0024      Fe 2                6944.91A   -8.883    0.0035      Fe 2b               3910.00A   -8.394    0.0108
Fe 2                2382.04A   -6.158    1.8545      Fe 2                6473.88A   -8.920    0.0032      Fe 2b               4060.00A   -9.052    0.0024
Fe 2                2343.50A   -8.830    0.0039      Fe 2                6044.10A   -9.351    0.0012      Fe 2b               4255.00A   -5.098   21.3046
Fe 2                35.3391m   -5.636    6.1715      Fe 2                5835.45A   -9.019    0.0026      Fe 2b               4558.00A   -5.828    3.9647
Fe 2                6.71944m   -5.592    6.8358      Fe 2                5060.09A   -9.100    0.0021      Fe 2b               4600.00A   -5.799    4.2454
Fe 2                4.88781m   -6.478    0.8882      Fe 2                4576.40A   -9.353    0.0012      Fe 2b               4743.00A   -6.547    0.7574
Fe 2                4.07521m   -7.300    0.1340      Fe 2                1.34608m   -9.399    0.0011      Fe 2b               4855.00A   -5.969    2.8708
Fe 2                1.32055m   -6.220    1.6084      Fe 2                1.11648m   -9.216    0.0016      Fe 2b               4920.00A   -5.454    9.3891
Fe 2                1.24854m   -7.254    0.1487      Fe 2                5048.19A   -9.067    0.0023      Fe 2b               4975.00A   -5.984    2.7729
Fe 2                1.20512m   -9.066    0.0023      Fe 2                1.71482m   -8.651    0.0060      Fe 2b               4971.00A   -6.027    2.5121
Fe 2                7637.52A   -6.524    0.7990      Fe 2                9949.21A   -8.982    0.0028      Fe 2b               5070.00A   -5.905    3.3204
Fe 2                7523.28A   -8.571    0.0072      Fe 2                7975.22A   -9.165    0.0018      Fe 2b               5143.00A   -5.372   11.3389
Fe 2                4889.62A   -6.548    0.7569      Fe 2                1.47063m   -9.421    0.0010      Fe 2b               5270.00A   -5.087   21.8386
Fe 2                4750.27A   -9.279    0.0014      Fe 2                1.01273m   -9.096    0.0021      Fe 2b               5318.00A   -5.405   10.4992
Fe 2                4716.37A   -7.561    0.0733      Fe 2                6353.11A   -9.217    0.0016      Fe 2b               5540.00A   -6.553    0.7474
Fe 2                4687.56A   -7.765    0.0459      Fe 2                1.80228m   -9.318    0.0013      Fe 2b               5865.00A   -7.153    0.1878
Fe 2                4492.64A   -7.535    0.0780      Fe 2                1.00387m   -9.247    0.0015      Fe 2b               6265.00A   -7.966    0.0289
Fe 2                4457.95A   -6.933    0.3117      Fe 2                9469.41A   -9.130    0.0020      Fe 2b               6565.00A   -7.309    0.1312
Fe 2                4432.45A   -7.727    0.0501      Fe 2                9384.77A   -8.621    0.0064      Fe 2b               6910.00A   -7.248    0.1509
Fe 2                4359.33A   -5.833    3.9201      Fe 2                2.39329m   -8.671    0.0057      Fe 2b               7445.00A   -5.629    6.2735
Fe 2                3224.54A   -8.610    0.0066      Fe 2                4825.73A   -8.108    0.0208      Fe 2b               8625.00A   -5.297   13.4893
Fe 2                3214.67A   -8.028    0.0251      Fe 2                2.50030m   -9.008    0.0026      Fe 2b               1.03250m   -6.354    1.1812
Fe 2                2625.67A   -4.989   27.3865      Fe 2                4867.73A   -9.150    0.0019      Fe 2b               1.88900m   -5.003   26.5340
Fe 2                2611.87A   -5.718    5.1074      Fe 2                2.59860m   -9.391    0.0011      Fe 2b               2.20000m   -7.088    0.2183
Fe 2                2598.37A   -6.950    0.3000      Fe 2                4903.85A   -8.601    0.0067      miscellaneous..................................
Fe 2                2395.63A   -5.998    2.6819      Fe 2                1.04657m   -9.424    0.0010      Blnd                8446.00A   -9.167    0.0018
Fe 2                2388.63A   -7.046    0.2400      Fe 2                3.58120m   -9.015    0.0026      Blnd                1304.00A   -7.560    0.0736
Fe 2                2383.06A   -8.959    0.0029      Fe 2                3.15558m   -9.045    0.0024      Blnd                2798.00A   -4.125  200.2180
Fe 2                2364.83A   -6.397    1.0707      Fe 2                5171.63A   -8.410    0.0104      Blnd                6720.00A   -4.846   38.1037
Fe 2                2332.80A   -7.474    0.0897      Fe 2                5169.03A   -7.646    0.0603      Blnd                4074.00A   -6.170    1.8049
Fe 2                2279.91A   -9.041    0.0024      Fe 2                5018.44A   -9.375    0.0011      Blnd                1.03300m   -6.279    1.4046
Fe 2                51.2868m   -6.154    1.8719      Fe 2                6044.54A   -8.854    0.0037      Blnd                1256.00A   -8.202    0.0168
Fe 2                5.67236m   -7.290    0.1371      Fe 2                5316.61A   -9.339    0.0012      Blnd                5892.00A   -7.687    0.0550
Fe 2                4.60641m   -7.099    0.2125      Fe 3                22.9190m   -9.369    0.0011      Blnd                2665.00A   -5.675    5.6418
Fe 2                4.08085m   -7.845    0.0381      Fe 3                4985.87A   -9.231    0.0016      Blnd                2335.00A   -5.485    8.7321
Fe 2                1.37181m   -6.464    0.9181      K  1                7664.90A   -9.200    0.0017      Blnd                8579.00A   -5.096   21.4186
Fe 2                1.29427m   -7.040    0.2437      Mg 1                2025.82A   -8.381    0.0111      Blnd                7306.00A   -4.448   95.0812
Fe 2                7806.23A   -8.297    0.0135      Mg 1                2852.13A   -5.896    3.3959      Blnd                3933.00A   -6.427    0.9983
Fe 2                7686.93A   -6.602    0.6682      Mg 1                3832.30A   -8.968    0.0029      Blnd                1657.00A   -6.589    0.6873
Fe 2                7552.40A   -9.081    0.0022      Mg 1                3838.29A   -8.551    0.0075      Blnd                9850.00A   -4.052  237.1783
Fe 2                4958.23A   -8.398    0.0107      Mg 1                4562.60A   -5.702    5.3088      Blnd                2326.00A   -7.403    0.1057
Fe 2                4750.57A   -8.395    0.0107      Mg 1                4571.10A   -6.140    1.9346      Blnd                1335.00A   -8.525    0.0080
Fe 2                4728.07A   -7.196    0.1700      Mg 1                4575.29A   -7.068    0.2283      Blnd                3467.00A   -6.976    0.2821
Fe 2                4514.90A   -7.558    0.0738      Mg 1                5167.32A   -8.226    0.0159      Blnd                5199.00A   -4.730   49.6720
Fe 2                4488.75A   -7.278    0.1409      Mg 1                5172.68A   -7.752    0.0472      Blnd                1.04030m   -6.220    1.6098
Fe 2                4470.30A   -8.481    0.0088      Mg 1                5183.60A   -7.532    0.0785      Blnd                2141.00A   -9.238    0.0015
Fe 2                4413.78A   -5.984    2.7676      Mg 1                8806.76A   -7.811    0.0413      Blnd                6300.00A   -4.445   95.8637
Fe 2                3254.24A   -8.088    0.0218      Mg 1                1.18282m   -7.984    0.0277      Blnd                2471.00A   -9.124    0.0020
Fe 2                3244.18A   -8.382    0.0111      Mg 1                1.50250m   -8.792    0.0043      Blnd                7323.00A   -9.292    0.0014
Fe 2                2631.32A   -5.961    2.9205      Mg 1                1.50402m   -9.237    0.0015      Blnd                7332.00A   -9.373    0.0011
Fe 2                2617.62A   -7.406    0.1049      Mg 1                1.71087m   -8.512    0.0082      Blnd                3727.00A   -7.212    0.1639
Fe 2                2607.09A   -7.287    0.1380      Mn 2                2576.10A   -6.865    0.3643      Blnd                7325.00A   -9.029    0.0025



 IC443 grid point v shock=39 km/s  
 Cooling:  H  1c                     0 :0.127 C  1c                     0 :0.059 Fe 2c                     0 :0.067 O  1c                     0 :0.403 Si 2c                     0 :0.230  
 Heating:  TotM                      0 :0.220 CT H                      0 :0.553 H- H                      0 :0.224  

 These are some of the most important databases used by Cloudy:
 Many recombination coefficients were taken from http://amdpp.phys.strath.ac.uk/tamoc/RR/ and http://amdpp.phys.strath.ac.uk/tamoc/DR/
      and are based on the following papers:
        Badnell N. R., et al., A&A 406, 1151 (2003) [http://adsabs.harvard.edu/abs/2003A%26A...406.1151B]
        Badnell N. R., ApJS 167, 334 (2006) [http://adsabs.harvard.edu/abs/2006ApJS..167..334B]
 Much of the molecular emission data is from LAMDA as accessed on June 30, 2015. This database is described in:
        Schoeier F.L., et al., A&A 432, 369 (2005) [http://adsabs.harvard.edu/abs/2005A%26A...432..369S]
      This database is in part based on the work of the following groups:
        JPL: Pickett H. M. et al., JQSRT, 60, 883 (1998). [http://adsabs.harvard.edu/abs/1998JQSRT..60..883P]
        CDMS: Mueller H. S. et al., A&A 370, L49 (2001). [http://adsabs.harvard.edu/abs/2001A%26A...370L..49M]
              Mueller H. S. et al., J. Mol. Struct. 742, 215 (2005). [http://adsabs.harvard.edu/abs/2005JMoSt.742..215M]
 Some of the ionic emission data is from version 10.0.1 of CHIANTI. CHIANTI is a collaborative project involving the NRL (USA), the
      Universities of Florence (Italy) and Cambridge (UK), and George Mason University (USA). These papers describe Chianti:
        Dere K. P., et al., A&AS, 125, 149 (1997) [http://adsabs.harvard.edu/abs/1997A%26AS..125..149D]
        Landi E., et al., ApJ, 744, 99 (2012) [http://adsabs.harvard.edu/abs/2012ApJ...744...99L]
 Much of the H_2 data is from this web site: http://molat.obspm.fr/index.php?page=pages/Molecules/H2/H2can94.php. These data are
      described in:
        Abgrall H. et al., Can. J. Phys., 72, 856 (1994) [http://adsabs.harvard.edu/abs/1994CaJPh..72..856A]
        Wrathmall S. A. & Flower D. R., J. Phys. B, 40, 3221 (2007) [http://adsabs.harvard.edu/abs/2007JPhB...40.3221W]
 The Case A and Case B recombination predictions for one-electron systems are from
	Storey, P.J. & Hummer, D.G., 1995, MNRAS 272, 41 http://adsabs.harvard.edu/abs/1995MNRAS.272...41S
 The He I recombination predictions are from
	Porter, R. L.; Ferland, G. J.; Storey, P. J.; Detisch, M. J., 2012, MNRAS, 425, 28p http://adsabs.harvard.edu/abs/2012MNRAS.425L..28P
		http://adsabs.harvard.edu/abs/2013MNRAS.433L..89P

 If you find some process or data set to be particularly critical to a result, please follow the trail of references back to the
 original source and cite that.  This will support and encourage atomic, molecular, and chemical physicists to continue their
 valuable work.

 IONIZE PARMET:  U(1-)-37.0000  U(4-):-37.0000  U(sp):-37.00  Q(ion):   -3.123  L(ion)-13.652    Q(low): 10.436    L(low) -2.970
 ENERGY BUDGET:  Heat:  -7.217  Coolg:  -2.626  Error:3904698.5%  Rec Lin:  -3.958  F-F  H  0.000    P(rad/tot)max     1.06E-04    R(F Con):1.737e+05

     Col(Heff):      3.179E+20  snd travl time  2.32E+12 sec  Te-low: 1.00E+04  Te-hi: 1.00E+04  G0TH85: 0.00E+00  G0DB96:0.00E+00
  Emiss Measure    n(e)n(p) dl       3.652E+16  n(e)n(He+)dl         3.049E+08  En(e)n(He++) dl         0.000E+00  ne nC+:4.74E+13
 He/Ha:2.67E-08  =   0.00*true  Lthin:8.26E+06  itr/zn: 1.36  H2 itr/zn:  0.00  File Opacity: F  MassTot 9.01e-04  (gm/cm^2)
   Temps(21 cm)   T(21cm/Ly a)  6.81E+03        T(<nH/Tkin>)  1.00E+04          T(<nH/Tspin>)    7.30E+03          TB21cm:9.22E+00
                   N(H0/Tspin)  5.21E+16        N(OH/Tkin)    5.93E+07          B(21cm)          0.00E+00
   <a>:2.44E-12  erdeFe0.0E+00  Tcompt0.00E+00  Tthr3.76E+11  <Tden>: 1.00E+04  <dens>:4.85E-22  <MolWgt>1.29E+00
     Mean Jeans  l(cm)2.50E+20  M(sun)1.99E+06  smallest:     len(cm):2.50E+20  M(sun):1.99E+06  a_ox tran:  0.00
 Rion:1.000E+30  Dist:0.00E+00  Diam:0.000E+00
 Hatom level 70  HatomType: add  HInducImp  F  He tot level: 63  He2 level:   70  ExecTime    42.9
 ConvrgError(%)  <eden>  0.149  MaxEden  0.864  <H-C> 100.00  Max(H-C)  100.00  <Press>   0.000  MaxPrs er  0.000
  Continuity(%)  chng Te   0.0  elec den   1.1  n(H2)    0.0  n(CO)        5.6

                                                        Averaged Quantities
             Te      Te(Ne)   Te(NeNp)  Te(NeHe+)Te(NeHe2+) Te(NeO+)  Te(NeO2+)  Te(H2)     N(H)     Ne(O2+)   Ne(Np)
 Radius:  1.00e+04  1.00e+04  1.00e+04  1.00e+04  0.00e+00  1.00e+04  1.00e+04  1.00e+04  2.05e+02  1.52e-01  1.52e-01
 
 Peimbert T(OIIIr)0.00E+00 T(Bac)0.00E+00 T(Hth)6.98E+03 t2(Hstrc) 2.98e-31 T(O3-BAC)5.57E+03 t2(O3-BC)-1.49e-01 t2(O3str) 0.00e+00

 Contin Optical Depths: COMP: 1.87e-07    H-: 8.24e-05 R(1300): 2.55e-03  H2+: 6.86e-07  Bra:1.88E-07
                          Pa: 1.89e-07    Ba: 7.57e-05      Hb: 5.87e-05   La: 6.28e+00     1r:2.413E+03  1.8:7.53E+02 4.:1.138E+02

 Old, new H  1 continuum optical depths:
     1 2.41e+03     2 4.27e-05     3 8.38e-05     4 8.38e-05     5 8.38e-05     6 2.16e-05     7 2.16e-05     8 2.16e-05
     9 2.16e-05    10 1.93e-18    11 1.93e-18    12 1.93e-18    13 1.93e-18    14 1.93e-18    15 2.76e-18    16 2.76e-18
    17 2.76e-18    18 2.76e-18    19 2.76e-18    20 2.76e-18    21 4.80e-18    22 4.80e-18    23 4.80e-18    24 4.80e-18
    25 4.80e-18    26 4.80e-18    27 4.80e-18    28 7.75e-18    29 7.75e-18    30 7.75e-18    31 7.75e-18    32 7.75e-18
    33 7.75e-18    34 7.75e-18    35 7.75e-18    36 1.18e-17    37 1.18e-17    38 1.18e-17    39 1.18e-17    40 1.18e-17
    41 1.18e-17    42 1.18e-17    43 1.18e-17    44 1.18e-17    45 1.73e-17    46 1.73e-17    47 1.73e-17    48 1.73e-17
    49 1.73e-17    50 1.73e-17    51 1.73e-17    52 1.73e-17    53 1.73e-17    54 1.73e-17
     1 2.41e+03     2 4.23e-05     3 8.31e-05     4 8.31e-05     5 8.31e-05     6 2.15e-05     7 2.15e-05     8 2.15e-05
     9 2.15e-05    10 1.91e-18    11 1.91e-18    12 1.91e-18    13 1.91e-18    14 1.91e-18    15 2.74e-18    16 2.74e-18
    17 2.74e-18    18 2.74e-18    19 2.74e-18    20 2.74e-18    21 4.76e-18    22 4.76e-18    23 4.76e-18    24 4.76e-18
    25 4.76e-18    26 4.76e-18    27 4.76e-18    28 7.68e-18    29 7.68e-18    30 7.68e-18    31 7.68e-18    32 7.68e-18
    33 7.68e-18    34 7.68e-18    35 7.68e-18    36 1.17e-17    37 1.17e-17    38 1.17e-17    39 1.17e-17    40 1.17e-17
    41 1.17e-17    42 1.17e-17    43 1.17e-17    44 1.17e-17    45 1.71e-17    46 1.71e-17    47 1.71e-17    48 1.71e-17
    49 1.71e-17    50 1.71e-17    51 1.71e-17    52 1.71e-17    53 1.71e-17    54 1.71e-17

 Old, new H  1 mean line optical depths:
  2- 1 3.97e+07  3- 2 6.35e-07  4- 3 9.41e-14  5- 4 4.99e-14  6- 5 1.20e-13  7- 6-3.28e-15  8- 7 4.32e-15
  9- 8 3.78e-14 10- 9 1.28e-13 11-10 5.45e-13 12-11 6.78e-15 13-12 9.51e-16 14-13-1.28e-14 15-14-4.06e-14 16-15-9.22e-14
 17-16-1.83e-13 18-17-3.36e-13 19-18-5.87e-13 20-19-9.94e-13 21-20-1.66e-12 22-21-2.80e-12 23-22-5.10e-12 24-23-1.20e-11
 25-24-3.53e-10
  2- 1 3.97e+07  3- 2 5.98e-07  4- 3 9.35e-14  5- 4 4.96e-14  6- 5 1.19e-13  7- 6-3.26e-15  8- 7 4.30e-15
  9- 8 3.75e-14 10- 9 1.27e-13 11-10 5.41e-13 12-11 6.85e-15 13-12 1.13e-15 14-13-1.24e-14 15-14-3.98e-14 16-15-9.07e-14
 17-16-1.80e-13 18-17-3.31e-13 19-18-5.80e-13 20-19-9.81e-13 21-20-1.64e-12 22-21-2.76e-12 23-22-5.02e-12 24-23-1.18e-11
 25-24-3.46e-10

 Old, new He 2 continuum optical depths:
     1 1.14e+02     2 2.40e+03     3 5.55e-05     4 5.55e-05     5 5.55e-05     6 4.27e-05     7 4.27e-05     8 4.27e-05
     9 4.27e-05    10 6.79e-05    11 6.79e-05    12 6.79e-05    13 6.79e-05    14 6.79e-05    15 8.38e-05    16 8.38e-05
    17 8.38e-05    18 8.38e-05    19 8.38e-05    20 8.38e-05    21 7.05e-05    22 7.05e-05    23 7.05e-05    24 7.05e-05
    25 7.05e-05    26 7.05e-05    27 7.05e-05    28 2.16e-05    29 2.16e-05    30 2.16e-05    31 2.16e-05    32 2.16e-05
    33 2.16e-05    34 2.16e-05    35 2.16e-05    36 1.25e-18    37 1.25e-18    38 1.25e-18    39 1.25e-18    40 1.25e-18
    41 1.25e-18    42 1.25e-18    43 1.25e-18    44 1.25e-18    45 1.93e-18    46 1.93e-18    47 1.93e-18    48 1.93e-18
    49 1.93e-18    50 1.93e-18    51 1.93e-18    52 1.93e-18    53 1.93e-18    54 1.93e-18
     1 1.14e+02     2 2.40e+03     3 5.56e-05     4 5.56e-05     5 5.56e-05     6 4.23e-05     7 4.23e-05     8 4.23e-05
     9 4.23e-05    10 6.73e-05    11 6.73e-05    12 6.73e-05    13 6.73e-05    14 6.73e-05    15 8.31e-05    16 8.31e-05
    17 8.31e-05    18 8.31e-05    19 8.31e-05    20 8.31e-05    21 6.99e-05    22 6.99e-05    23 6.99e-05    24 6.99e-05
    25 6.99e-05    26 6.99e-05    27 6.99e-05    28 2.15e-05    29 2.15e-05    30 2.15e-05    31 2.15e-05    32 2.15e-05
    33 2.15e-05    34 2.15e-05    35 2.15e-05    36 1.24e-18    37 1.24e-18    38 1.24e-18    39 1.24e-18    40 1.24e-18
    41 1.24e-18    42 1.24e-18    43 1.24e-18    44 1.24e-18    45 1.91e-18    46 1.91e-18    47 1.91e-18    48 1.91e-18
    49 1.91e-18    50 1.91e-18    51 1.91e-18    52 1.91e-18    53 1.91e-18    54 1.91e-18

 Old, new He 2 mean line optical depths:
  2- 1 0.00e+00  3- 2 0.00e+00  4- 3 0.00e+00  5- 4 0.00e+00  6- 5 0.00e+00  7- 6 0.00e+00  8- 7 0.00e+00
  9- 8 0.00e+00 10- 9 0.00e+00 11-10 0.00e+00 12-11 0.00e+00 13-12 0.00e+00 14-13 0.00e+00 15-14 0.00e+00 16-15 0.00e+00
 17-16 0.00e+00 18-17 0.00e+00 19-18 0.00e+00 20-19 0.00e+00 21-20 0.00e+00 22-21 0.00e+00 23-22 0.00e+00 24-23 0.00e+00
 25-24 0.00e+00
  2- 1 0.00e+00  3- 2 0.00e+00  4- 3 0.00e+00  5- 4 0.00e+00  6- 5 0.00e+00  7- 6 0.00e+00  8- 7 0.00e+00
  9- 8 0.00e+00 10- 9 0.00e+00 11-10 0.00e+00 12-11 0.00e+00 13-12 0.00e+00 14-13 0.00e+00 15-14 0.00e+00 16-15 0.00e+00
 17-16 0.00e+00 18-17 0.00e+00 19-18 0.00e+00 20-19 0.00e+00 21-20 0.00e+00 22-21 0.00e+00 23-22 0.00e+00 24-23 0.00e+00
 25-24 0.00e+00

 Old He Is optical depths:    1 7.53e+02    2 2.79e-05    3 3.54e-05    4 3.96e-05    5 3.96e-05
 New He Is optical depths:    1 7.53e+02    2 2.77e-05    3 3.51e-05    4 3.92e-05    5 3.92e-05
          Old He Is Lines:  584 2.52e+06 3889 3.51e-09 5016 5.99e-15 5876 0.00e+00
          New He Is Lines:  584 2.52e+06 3889 3.49e-09 5016 5.95e-15 5876 0.00e+00

==== H      compounds ====           Log10 column densities [cm^-2]
   H2        : 15.330   H2*       : 12.361   H2+       : 10.991   H3+       :  7.463
==== He     compounds ====
   HeH+      : 10.173
==== Li     compounds ====
   LiH       :  2.815   LiH+      :  0.672
==== C      compounds ====
   CH        : 11.813   CH+       :  9.627   CH2       :  7.397   CH2+      :  5.893   CH3       :  1.293   CH3+      :  1.252
   CH4       : -3.707   CH4+      : -5.474   CH5+      : -9.893   C2        : 11.039   C2+       :  9.745   C2H       :  6.047
   C2H+      :  5.866   C2H2      : -0.137   C2H2+     :  1.839   C2H3+     : -8.125   C3        :  1.130   C3+       :  3.730
   C3H       : -1.734   C3H+      :  0.348
==== N      compounds ====
   NH        : 13.528   NH+       : 12.836   NH2       :  9.444   NH2+      :  9.151   NH3       :  5.041   NH3+      :  4.780
   NH4+      : -1.503   CN        : 13.022   CN+       :  7.325   HCN       :  7.625   HCN+      :  6.575   HNC       :  5.636
   HCNH+     :  2.623   HC3N      : -3.613   N2        : 13.990   N2+       :  9.776   N2H+      :  3.041
==== O      compounds ====
   OH        : 11.773   OH+       : 11.964   H2O       :  6.371   H2O+      :  8.052   H3O+      :  3.868   CO        : 14.490
   CO+       :  7.359   HCO+      :  8.375   H2CO      :  3.289   NO        : 12.077   NO+       : 10.418   HNO       :  5.833
   HNO+      :  6.149   OCN       :  4.155   OCN+      :  7.946   N2O       :  6.966   O2        :  7.414   O2+       : 10.410
   NO2       :  5.346   NO2+      :  4.280
==== F      compounds ====
   HF        : 12.097   HF+       :  3.787   H2F+      :  0.437   CF+       :  8.728
==== Ne     compounds ====
   NeH+      :  8.506
==== Si     compounds ====
   SiH       :  4.720   SiH2+     :  3.535   SiN       :  2.440   SiN+      : 10.649   SiO       :  7.513   SiO+      :  9.127
   SiOH+     :  4.800
==== S      compounds ====
   HS        : 10.988   HS+       :  9.583   CS        :  9.465   CS+       :  8.613   HCS+      :  5.599   NS        : 10.220
   NS+       :  9.891   SO        :  9.737   SO+       :  8.871   OCS       :  3.236   OCS+      :  1.928   SO2       :-35.930
   SiS       : 11.001   S2        :  4.126   S2+       :  2.994
==== Cl     compounds ====
   HCl       :  7.111   HCl+      : 10.021   H2Cl+     :  6.340   CCl       :-12.720   CCl+      :  1.717   H2CCl+    :-15.474
   ClO       :-12.963   ClO+      :-17.461
==== Ar     compounds ====
   ArH+      :  8.604


               1      2      3      4      5      6      7      8      9     10     11     12     13     14     15     16     17

 Hydrogen   20.580 17.380 15.330 (H2)                Log10 Column density (cm^-2)
 Helium     19.580  9.300-30.000
 Lithium     9.452 11.888-30.000-30.000
 Beryllium   9.508  9.831  3.436-30.000-30.000
 Boron       9.325 11.366 -1.797-30.000-30.000-30.000
 Carbon     16.966 14.493  3.064-30.000-30.000-30.000-30.000
 Nitrogen   16.506 13.404 -1.047-30.000-30.000-30.000-30.000-30.000
 Oxygen     17.269 13.976 -5.896-30.000-30.000-30.000-30.000-30.000-30.000
 Fluorine   13.010  7.867 -7.558-30.000-30.000-30.000-30.000-30.000-30.000-30.000
 Neon       16.580 10.138-30.000-30.000-30.000-30.000-30.000-30.000-30.000-30.000-30.000
 Sodium     12.114 14.910 -6.297-30.000-30.000-30.000-30.000-30.000-30.000-30.000-30.000-30.000
 Magnesium  14.824 16.098 12.117-30.000-30.000-30.000-30.000-30.000-30.000-30.000-30.000-30.000-30.000
 Aluminium  11.867 15.050  8.357-30.000-30.000-30.000-30.000-30.000-30.000-30.000-30.000-30.000-30.000-30.000
 Silicon    13.860 16.118 11.126-30.000-30.000-30.000-30.000-30.000-30.000-30.000-30.000-30.000-30.000-30.000-30.000
 Phosphorus 11.168 14.085  5.096-30.000-30.000-30.000-30.000-30.000-30.000-30.000-30.000-30.000-30.000-30.000-30.000-30.000
 Sulphur    15.739 15.179  6.454-30.000-30.000-30.000-30.000-30.000-30.000-30.000-30.000-30.000-30.000-30.000-30.000-30.000-30.000
 Chlorine   11.893 13.856  5.066-30.000-30.000-30.000-30.000-30.000-30.000-30.000-30.000-30.000-30.000-30.000-30.000-30.000-30.000
-30.000
 Argon      14.980 10.640  0.288-30.000-30.000-30.000-30.000-30.000-30.000-30.000-30.000-30.000-30.000-30.000-30.000-30.000-30.000
-30.000-30.000
 Potassium  10.276 13.700  0.857-30.000-30.000-30.000-30.000-30.000-30.000-30.000-30.000-30.000-30.000-30.000-30.000-30.000-30.000
-30.000-30.000-30.000
 Calcium    12.535 14.934 12.888-30.000-30.000-30.000-30.000-30.000-30.000-30.000-30.000-30.000-30.000-30.000-30.000-30.000-30.000
-30.000-30.000-30.000-30.000
 Scandium    9.142 11.747  9.536-30.000-30.000-30.000-30.000-30.000-30.000-30.000-30.000-30.000-30.000-30.000-30.000-30.000-30.000
-30.000-30.000-30.000-30.000-30.000
 Titanium   10.070 13.601 10.307-30.000-30.000-30.000-30.000-30.000-30.000-30.000-30.000-30.000-30.000-30.000-30.000-30.000-30.000
-30.000-30.000-30.000-30.000-30.000-30.000
 Vanadium   10.610 12.575  8.249-30.000-30.000-30.000-30.000-30.000-30.000-30.000-30.000-30.000-30.000-30.000-30.000-30.000-30.000
-30.000-30.000-30.000-30.000-30.000-30.000-30.000
 Chromium   11.926 14.248 10.515-30.000-30.000-30.000-30.000-30.000-30.000-30.000-30.000-30.000-30.000-30.000-30.000-30.000-30.000
-30.000-30.000-30.000-30.000-30.000-30.000-30.000-30.000
 Manganese  10.532 14.039 10.046-30.000-30.000-30.000-30.000-30.000-30.000-30.000-30.000-30.000-30.000-30.000-30.000-30.000-30.000
-30.000-30.000-30.000-30.000-30.000-30.000-30.000-30.000-30.000
 Iron       12.495 16.030 11.747-30.000-30.000-30.000-30.000-30.000-30.000-30.000-30.000-30.000-30.000-30.000-30.000-30.000-30.000
-30.000-30.000-30.000-30.000-30.000-30.000-30.000-30.000-30.000-30.000
 Cobalt     12.016 13.486  7.149-30.000-30.000-30.000-30.000-30.000-30.000-30.000-30.000-30.000-30.000-30.000-30.000-30.000-30.000
-30.000-30.000-30.000-30.000-30.000-30.000-30.000-30.000-30.000-30.000-30.000
 Nickel     11.429 14.830  3.022-30.000-30.000-30.000-30.000-30.000-30.000-30.000-30.000-30.000-30.000-30.000-30.000-30.000-30.000
-30.000-30.000-30.000-30.000-30.000-30.000-30.000-30.000-30.000-30.000-30.000-30.000
 Copper     11.651 12.757  2.212-30.000-30.000-30.000-30.000-30.000-30.000-30.000-30.000-30.000-30.000-30.000-30.000-30.000-30.000
-30.000-30.000-30.000-30.000-30.000-30.000-30.000-30.000-30.000-30.000-30.000-30.000-30.000
 Zinc       12.255 13.125  6.567-30.000-30.000-30.000-30.000-30.000-30.000-30.000-30.000-30.000-30.000-30.000-30.000-30.000-30.000
-30.000-30.000-30.000-30.000-30.000-30.000-30.000-30.000-30.000-30.000-30.000-30.000-30.000-30.000
 Exc state                  He[2]  4.527                 C+[2] 13.700                  C[1] 16.214                  C[2] 16.677
                             C[3] 16.457                  O[1] 17.268                  O[2] 14.531                  O[3] 14.514
                           Si+[1] 16.116                C+2[2] -1.470                C+2[3]-10.586                C+2[4] -6.105


 Hydrogen   -0.000 -3.200 -4.949 (H2)                 Log10 Mean Ionisation (over radius)
 Helium      0.000-10.280
 Lithium    -2.438 -0.002
 Beryllium  -0.492 -0.169 -6.564
 Boron      -2.046 -0.004-13.168
 Carbon     -0.003 -2.476-13.905
 Nitrogen   -0.004 -3.105-17.557
 Oxygen     -0.001 -3.294-23.166
 Fluorine   -0.050 -5.193-20.618
 Neon       -0.000 -6.442
 Sodium     -2.797 -0.001-21.208
 Magnesium  -1.296 -0.023 -4.003
 Aluminium  -3.183 -0.000 -6.693
 Silicon    -2.260 -0.002 -4.994
 Phosphorus -2.917 -0.001 -8.989
 Sulphur    -0.106 -0.665 -9.390
 Chlorine   -1.968 -0.005 -8.795
 Argon      -0.000 -4.340-14.691
 Potassium  -3.425 -0.000-12.844
 Calcium    -2.405 -0.006 -2.052
 Scandium   -2.608 -0.004 -2.215
 Titanium   -3.532 -0.000 -3.294
 Vanadium   -1.970 -0.005 -4.331
 Chromium   -2.324 -0.002 -3.735
 Manganese  -3.508 -0.000 -3.994
 Iron       -3.535 -0.000 -4.283
 Cobalt     -1.485 -0.014 -6.351
 Nickel     -3.402 -0.000-11.808
 Copper     -1.138 -0.033-10.578
 Zinc       -0.925 -0.055 -6.613

               1      2      3      4      5      6      7      8      9     10     11     12     13     14     15     16     17

 Hydrogen   -0.000 -3.199 -4.948 (H2)         Log10 Mean Ionisation (over radius*electron density)
 Helium      0.000-10.277
 Lithium    -2.445 -0.002
 Beryllium  -0.503 -0.164 -6.559
 Boron      -2.078 -0.004-13.167
 Carbon     -0.003 -2.475-13.903
 Nitrogen   -0.004 -3.105-17.553
 Oxygen     -0.001 -3.293-23.164
 Fluorine   -0.049 -5.191-20.616
 Neon       -0.000 -6.442
 Sodium     -2.797 -0.001-21.207
 Magnesium  -1.297 -0.023 -4.002
 Aluminium  -3.186 -0.000 -6.692
 Silicon    -2.290 -0.002 -4.993
 Phosphorus -2.917 -0.001 -8.989
 Sulphur    -0.106 -0.664 -9.388
 Chlorine   -1.968 -0.005 -8.794
 Argon      -0.000 -4.339-14.688
 Potassium  -3.425 -0.000-12.843
 Calcium    -2.412 -0.006 -2.052
 Scandium   -2.614 -0.004 -2.215
 Titanium   -3.532 -0.000 -3.295
 Vanadium   -1.971 -0.005 -4.330
 Chromium   -2.337 -0.002 -3.734
 Manganese  -3.508 -0.000 -3.993
 Iron       -3.536 -0.000 -4.282
 Cobalt     -1.495 -0.014 -6.349
 Nickel     -3.402 -0.000-11.808
 Copper     -1.148 -0.032-10.576
 Zinc       -0.940 -0.053 -6.611

               1      2      3      4      5      6      7      8      9     10     11     12     13     14     15     16     17

 Hydrogen    4.000  4.000  4.000 (H2)                  Log10 Mean Temperature (over radius)
 Helium      4.000  4.000
 Lithium     4.000  4.000
 Beryllium   4.000  4.000  4.000
 Boron       4.000  4.000  4.000
 Carbon      4.000  4.000  4.000
 Nitrogen    4.000  4.000  4.000
 Oxygen      4.000  4.000  4.000
 Fluorine    4.000  4.000  4.000
 Neon        4.000  4.000
 Sodium      4.000  4.000  4.000
 Magnesium   4.000  4.000  4.000
 Aluminium   4.000  4.000  4.000
 Silicon     4.000  4.000  4.000
 Phosphorus  4.000  4.000  4.000
 Sulphur     4.000  4.000  4.000
 Chlorine    4.000  4.000  4.000
 Argon       4.000  4.000  4.000
 Potassium   4.000  4.000  4.000
 Calcium     4.000  4.000  4.000
 Scandium    4.000  4.000  4.000
 Titanium    4.000  4.000  4.000
 Vanadium    4.000  4.000  4.000
 Chromium    4.000  4.000  4.000
 Manganese   4.000  4.000  4.000
 Iron        4.000  4.000  4.000
 Cobalt      4.000  4.000  4.000
 Nickel      4.000  4.000  4.000
 Copper      4.000  4.000  4.000
 Zinc        4.000  4.000  4.000

               1      2      3      4      5      6      7      8      9     10     11     12     13     14     15     16     17

 Hydrogen    4.000  4.000  4.000 (H2)          Log10 Mean Temperature (over radius*electron density)
 Helium      4.000  4.000
 Lithium     4.000  4.000
 Beryllium   4.000  4.000  4.000
 Boron       4.000  4.000  4.000
 Carbon      4.000  4.000  4.000
 Nitrogen    4.000  4.000  4.000
 Oxygen      4.000  4.000  4.000
 Fluorine    4.000  4.000  4.000
 Neon        4.000  4.000
 Sodium      4.000  4.000  4.000
 Magnesium   4.000  4.000  4.000
 Aluminium   4.000  4.000  4.000
 Silicon     4.000  4.000  4.000
 Phosphorus  4.000  4.000  4.000
 Sulphur     4.000  4.000  4.000
 Chlorine    4.000  4.000  4.000
 Argon       4.000  4.000  4.000
 Potassium   4.000  4.000  4.000
 Calcium     4.000  4.000  4.000
 Scandium    4.000  4.000  4.000
 Titanium    4.000  4.000  4.000
 Vanadium    4.000  4.000  4.000
 Chromium    4.000  4.000  4.000
 Manganese   4.000  4.000  4.000
 Iron        4.000  4.000  4.000
 Cobalt      4.000  4.000  4.000
 Nickel      4.000  4.000  4.000
 Copper      4.000  4.000  4.000
 Zinc        4.000  4.000  4.000

               1      2      3      4      5      6      7      8      9     10     11     12     13     14     15     16     17
IC443 grid point v shock=39 km/s  

---------------Convergence statistics---------------
      2.33 mean iterations/state convergence
         3 mean cx acceleration loops/iteration
      1.09 mean iso convergence loops/ion solve
      1.03 mean steps/chemistry solve
      1.01 mean step length searches/chemistry step
----------------------------------------------------

 Cloudy ends: 250 zones, 2 iterations. (single thread) ExecTime(s) 42.93
 [Stop in cdMain at maincl.cpp:593, Cloudy exited OK]
