                                                          Cloudy 23.01
                                                         www.nublado.org

                                                  PRNG seed: 0x86c056d82a8e06ce

                       **************************************23Jul25**************************************
                       *                                                                                 *
                       * title IC443 grid point v shock=43 km/s                                          *
                       * hden 2.3970                                                                     *
                       * constant temperature, t=10000 K linear                                          *
                       * stop column density 20.66                                                       *
                       * iterate                                                                         *
                       * save results last "v43.rlt"                                                     *
                       *                                                                                 *
                       ***********************************************************************************



 NOTE Setcon: continuum has zero intensity starting at  3.0447e-09 Ryd.
  9244 cells in the incident continuum have zero intensity.  Problems???

 NOTE There is no hydrogen-ionizing radiation.
 Was this intended?

 NOTE There is no Balmer continuum radiation.<<<<
 Was this intended?

           9244CellPeak3.04E-09   Lo 3.04e-09=  29.98m   Hi-Con:7.13E+06 Ryd   E(hi):7.35E+06Ryd     E(hi):     100.00 MeV
           I(nu>1ryd):   0.0000   Average nu:0.000E+00   I( X-ray):   0.0000   I(BalC): -30.0000     Phi(BalmrC): -30.0000
           phi(1.0-1.8): 0.0000   phi(1.8-4.0):  0.000   phi(4.0-20):  0.000   phi(20--):  0.000     Ion pht flx:0.000E+00
           I(gam ray):   0.0000   phi(gam r):   0.0000   I(Infred):   0.0000   Alf(ox):   0.0000     Total inten: -35.9298
           U(1.0----):0.000E+00   U(4.0----):0.000E+00   T(En-Den):0.000E+00   T(Comp):0.000E+00     nuJnu(912A):0.000E+00
           Occ(FarIR):0.000E+00   Occ(H n=6):0.000E+00   Occ(1Ryd):0.000E+00   Occ(4R):0.000E+00     Occ (Nu-hi):0.000E+00
           Tbr(FarIR):0.000E+00   Tbr(H n=6):0.000E+00   Tbr(1Ryd):0.000E+00   Tbr(4R):0.000E+00     Tbr (Nu-hi):0.000E+00
  
                                                  Gas Phase Chemical Composition
        H :  0.0000  He: -1.0000  Li: -8.6904  Be:-10.5800  B : -9.2097  C : -3.6108  N : -4.0701  O : -3.3098  F : -7.5200
        Ne: -4.0000  Na: -5.6696  Mg: -4.4597  Al: -5.5302  Si: -4.4597  P : -6.4949  S : -4.7352  Cl: -6.7190  Ar: -5.6003
        K : -6.8794  Ca: -5.6402  Sc: -8.8297  Ti: -6.9788  V : -8.0000  Cr: -6.3298  Mn: -6.5406  Fe: -4.5498  Co: -7.0799
                                               Ni: -5.7496  Cu: -7.7905  Zn: -7.4001
 
 ####  1  Te:1.000E+04 Hden:2.495E+02 Ne:1.391E-01 R:1.000E+30 R-R0:4.739E+11 dR:9.479E+11 NTR:  1 Htot:2.758E-26 T912: 1.50e-03###
 Hydrogen      1.00e+00 4.69e-04 H+o/Hden 1.00e+00 4.16e-09 H-    H2 4.50e-06 1.69e-10 H2+ HeH+ 2.57e-11 Ho+ ColD 2.36e+14 1.11e+11
 Helium        1.00e+00 2.27e-12 0.00e+00 HeI 2s3S 8.60e-16 Comp H,C 0.00e+00 0.00e+00 Fill Fac 1.00e+00 Gam1/tot 5.03e-09
 He singlet n  1.00e+00 4.37e-22 2.62e-30 2.00e-29 2.87e-31 2.52e-30 He tripl 8.60e-16 5.15e-28 3.31e-29 3.19e-29 1.42e-30
 Pressure      NgasTgas 2.75e+06 P(total) 3.79e-10 P( gas ) 3.79e-10 P(Radtn) 0.00e+00 Rad accl 0.00e+00 ForceMul 0.00e+00
 Texc(La)      2.28e+03 T(I con) 0.00e+00 T(D con) 4.49e-02 T(U tot) 4.49e-02 nT (c+d) 1.08e+04 Prad/Gas 0.00e+00 Pmag/Gas 0.00e+00
 Molecules     CH/Ctot: 2.55e-06 CH+/Ctot 2.30e-08 CO/Ctot: 5.42e-01 CO+/Ctot 2.63e-08 H2O/Otot 6.30e-12 OH/Ototl 1.87e-06
 Lithium       7.10e-03 9.93e-01 0.00e+00 0.00e+00 Berylliu 9.51e-01 4.87e-02 1.59e-08 0.00e+00 0.00e+00 sec ion: 0.00e+00
 Boron         4.88e-01 5.12e-01 2.81e-14 0.00e+00 0.00e+00 0.00e+00
 Carbon        4.52e-01 5.40e-03 1.51e-14 0.00e+00 0.00e+00 0.00e+00 0.00e+00 H2O+/O   5.61e-10 OH+/Otot 4.31e-06 Hex(tot) 0.00e+00
 Nitrogen      9.69e-01 5.20e-04 8.02e-20 0.00e+00 0.00e+00 0.00e+00 0.00e+00 0.00e+00 O2/Ototl 8.37e-11 O2+/Otot 1.17e-07
 Oxygen        7.29e-01 2.76e-04 2.95e-24 0.00e+00 0.00e+00 0.00e+00 0.00e+00 0.00e+00 0.00e+00
 Fluorine      7.92e-01 5.74e-06 1.83e-21 0.00e+00 0.00e+00 0.00e+00 0.00e+00 0.00e+00 0.00e+00 0.00e+00
 Neon          1.00e+00 3.84e-07 0.00e+00 0.00e+00 0.00e+00 0.00e+00 0.00e+00 0.00e+00 0.00e+00 0.00e+00 0.00e+00
 Sodium        1.53e-03 9.98e-01 5.06e-22 0.00e+00 0.00e+00 0.00e+00 0.00e+00 0.00e+00 0.00e+00 0.00e+00 0.00e+00 0.00e+00
 Magnesium     6.07e-02 9.39e-01 7.32e-05 0.00e+00 0.00e+00 0.00e+00 0.00e+00 0.00e+00 0.00e+00 0.00e+00 0.00e+00 0.00e+00 0.00e+00
 Aluminium  0  9.21e-04 9.99e-01 1.78e-07 0.00e+00 0.00e+00 0.00e+00 0.00e+00 0.00e+00 0.00e+00 0.00e+00 0.00e+00 0.00e+00 0.00e+00
 Silicon    0  1.12e-01 3.97e-01 3.00e-06 0.00e+00 0.00e+00 0.00e+00 0.00e+00 0.00e+00 0.00e+00 0.00e+00 0.00e+00 0.00e+00 0.00e+00
 Phosphorus 0  1.22e-03 9.99e-01 8.19e-10 0.00e+00 0.00e+00 0.00e+00 0.00e+00 0.00e+00 0.00e+00 0.00e+00 0.00e+00 0.00e+00 0.00e+00
 Sulphur    0  6.32e-02 9.35e-03 1.29e-12 0.00e+00 0.00e+00 0.00e+00 0.00e+00 0.00e+00 0.00e+00 0.00e+00 0.00e+00 0.00e+00 0.00e+00
 Chlorine   0  1.15e-02 9.88e-01 1.38e-09 0.00e+00 0.00e+00 0.00e+00 0.00e+00 0.00e+00 0.00e+00 0.00e+00 0.00e+00 0.00e+00 0.00e+00
 Argon      0  1.00e+00 2.84e-05 5.48e-17 0.00e+00 0.00e+00 0.00e+00 0.00e+00 0.00e+00 0.00e+00 0.00e+00 0.00e+00 0.00e+00 0.00e+00
 Potassium  0  3.68e-04 1.00e+00 1.20e-13 0.00e+00 0.00e+00 0.00e+00 0.00e+00 0.00e+00 0.00e+00 0.00e+00 0.00e+00 0.00e+00 0.00e+00
 Calcium    0  8.40e-03 9.82e-01 9.27e-03 0.00e+00 0.00e+00 0.00e+00 0.00e+00 0.00e+00 0.00e+00 0.00e+00 0.00e+00 0.00e+00 0.00e+00
 Scandium   0  4.22e-03 9.89e-01 6.44e-03 0.00e+00 0.00e+00 0.00e+00 0.00e+00 0.00e+00 0.00e+00 0.00e+00 0.00e+00 0.00e+00 0.00e+00
 Titanium   0  3.01e-04 9.99e-01 5.38e-04 0.00e+00 0.00e+00 0.00e+00 0.00e+00 0.00e+00 0.00e+00 0.00e+00 0.00e+00 0.00e+00 0.00e+00
 Vanadium   0  1.10e-02 9.89e-01 4.02e-05 0.00e+00 0.00e+00 0.00e+00 0.00e+00 0.00e+00 0.00e+00 0.00e+00 0.00e+00 0.00e+00 0.00e+00
 Chromium   0  1.78e-02 9.82e-01 1.35e-04 0.00e+00 0.00e+00 0.00e+00 0.00e+00 0.00e+00 0.00e+00 0.00e+00 0.00e+00 0.00e+00 0.00e+00
 Manganese  0  3.16e-04 1.00e+00 7.54e-05 0.00e+00 0.00e+00 0.00e+00 0.00e+00 0.00e+00 0.00e+00 0.00e+00 0.00e+00 0.00e+00 0.00e+00
 Iron       0  3.01e-04 1.00e+00 3.87e-05 0.00e+00 0.00e+00 0.00e+00 0.00e+00 0.00e+00 0.00e+00 0.00e+00 0.00e+00 0.00e+00 0.00e+00
 Cobalt     0  9.65e-02 9.04e-01 3.09e-07 0.00e+00 0.00e+00 0.00e+00 0.00e+00 0.00e+00 0.00e+00 0.00e+00 0.00e+00 0.00e+00 0.00e+00
 Nickel     0  4.08e-04 1.00e+00 1.24e-12 0.00e+00 0.00e+00 0.00e+00 0.00e+00 0.00e+00 0.00e+00 0.00e+00 0.00e+00 0.00e+00 0.00e+00
 Copper     0  2.03e-01 7.97e-01 1.79e-11 0.00e+00 0.00e+00 0.00e+00 0.00e+00 0.00e+00 0.00e+00 0.00e+00 0.00e+00 0.00e+00 0.00e+00
 Zinc       0  5.87e-01 4.13e-01 9.41e-08 0.00e+00 0.00e+00 0.00e+00 0.00e+00 0.00e+00 0.00e+00 0.00e+00 0.00e+00 0.00e+00 0.00e+00
 ####251  Te:1.000E+04 Hden:2.495E+02 Ne:2.046E-01 R:1.000E+30 R-R0:1.829E+18 dR:6.466E+15 NTR:  1 Htot:7.682E-26 T912: 2.90e+03###
 Hydrogen      9.99e-01 7.08e-04 H+o/Hden 1.00e+00 6.67e-09 H-    H2 5.59e-06 2.86e-10 H2+ HeH+ 4.35e-11 Ho+ ColD 4.57e+20 2.93e+17
 Helium        1.00e+00 6.16e-11 0.00e+00 HeI 2s3S 1.17e-15 Comp H,C 4.12e-34 1.43e-33 Fill Fac 1.00e+00 Gam1/tot 1.23e-04
 He singlet n  1.00e+00 6.66e-22 1.70e-27 2.79e-29 1.60e-29 3.47e-30 He tripl 1.17e-15 7.02e-28 4.51e-29 4.36e-29 1.97e-30
 Pressure      NgasTgas 2.75e+06 P(total) 3.80e-10 P( gas ) 3.79e-10 P(Radtn) 9.50e-14 Rad accl 6.59e-12 ForceMul 5.52e+05
 Texc(La)      3.25e+03 T(I con) 0.00e+00 T(D con) 1.62e+00 T(U tot) 1.62e+00 nT (c+d) 3.91e+05 Prad/Gas 2.50e-04 Pmag/Gas 0.00e+00
 Molecules     CH/Ctot: 6.95e-06 CH+/Ctot 4.26e-08 CO/Ctot: 1.08e-04 CO+/Ctot 3.34e-11 H2O/Otot 1.23e-11 OH/Ototl 3.18e-06
 Lithium       1.88e-03 9.98e-01 0.00e+00 0.00e+00 Berylliu 1.14e-01 8.86e-01 3.80e-07 0.00e+00 0.00e+00 sec ion: 0.00e+00
 Boron         9.50e-04 9.99e-01 7.44e-14 0.00e+00 0.00e+00 0.00e+00
 Carbon        9.96e-01 3.71e-03 1.50e-14 0.00e+00 0.00e+00 0.00e+00 0.00e+00 H2O+/O   4.88e-10 OH+/Otot 4.44e-06 Hex(tot) 0.00e+00
 Nitrogen      9.96e-01 8.84e-04 3.64e-18 0.00e+00 0.00e+00 0.00e+00 0.00e+00 0.00e+00 O2/Ototl 1.24e-10 O2+/Otot 1.12e-07
 Oxygen        9.99e-01 5.71e-04 8.31e-24 0.00e+00 0.00e+00 0.00e+00 0.00e+00 0.00e+00 0.00e+00
 Fluorine      9.65e-01 7.39e-06 2.94e-21 0.00e+00 0.00e+00 0.00e+00 0.00e+00 0.00e+00 0.00e+00 0.00e+00
 Neon          1.00e+00 3.38e-07 0.00e+00 0.00e+00 0.00e+00 0.00e+00 0.00e+00 0.00e+00 0.00e+00 0.00e+00 0.00e+00
 Sodium        1.68e-03 9.98e-01 6.67e-22 0.00e+00 0.00e+00 0.00e+00 0.00e+00 0.00e+00 0.00e+00 0.00e+00 0.00e+00 0.00e+00
 Magnesium     4.20e-02 9.58e-01 1.12e-04 0.00e+00 0.00e+00 0.00e+00 0.00e+00 0.00e+00 0.00e+00 0.00e+00 0.00e+00 0.00e+00 0.00e+00
 Aluminium  0  4.42e-04 1.00e+00 2.12e-07 0.00e+00 0.00e+00 0.00e+00 0.00e+00 0.00e+00 0.00e+00 0.00e+00 0.00e+00 0.00e+00 0.00e+00
 Silicon    0  6.03e-04 9.99e-01 1.14e-05 0.00e+00 0.00e+00 0.00e+00 0.00e+00 0.00e+00 0.00e+00 0.00e+00 0.00e+00 0.00e+00 0.00e+00
 Phosphorus 0  1.22e-03 9.99e-01 1.11e-09 0.00e+00 0.00e+00 0.00e+00 0.00e+00 0.00e+00 0.00e+00 0.00e+00 0.00e+00 0.00e+00 0.00e+00
 Sulphur    0  7.26e-01 2.74e-01 5.69e-10 0.00e+00 0.00e+00 0.00e+00 0.00e+00 0.00e+00 0.00e+00 0.00e+00 0.00e+00 0.00e+00 0.00e+00
 Chlorine   0  9.77e-03 9.90e-01 1.69e-09 0.00e+00 0.00e+00 0.00e+00 0.00e+00 0.00e+00 0.00e+00 0.00e+00 0.00e+00 0.00e+00 0.00e+00
 Argon      0  1.00e+00 4.93e-05 2.57e-15 0.00e+00 0.00e+00 0.00e+00 0.00e+00 0.00e+00 0.00e+00 0.00e+00 0.00e+00 0.00e+00 0.00e+00
 Potassium  0  3.84e-04 1.00e+00 1.53e-13 0.00e+00 0.00e+00 0.00e+00 0.00e+00 0.00e+00 0.00e+00 0.00e+00 0.00e+00 0.00e+00 0.00e+00
 Calcium    0  1.88e-03 9.89e-01 8.77e-03 0.00e+00 0.00e+00 0.00e+00 0.00e+00 0.00e+00 0.00e+00 0.00e+00 0.00e+00 0.00e+00 0.00e+00
 Scandium   0  1.40e-03 9.93e-01 6.04e-03 0.00e+00 0.00e+00 0.00e+00 0.00e+00 0.00e+00 0.00e+00 0.00e+00 0.00e+00 0.00e+00 0.00e+00
 Titanium   0  2.95e-04 9.99e-01 4.99e-04 0.00e+00 0.00e+00 0.00e+00 0.00e+00 0.00e+00 0.00e+00 0.00e+00 0.00e+00 0.00e+00 0.00e+00
 Vanadium   0  9.97e-03 9.90e-01 4.93e-05 0.00e+00 0.00e+00 0.00e+00 0.00e+00 0.00e+00 0.00e+00 0.00e+00 0.00e+00 0.00e+00 0.00e+00
 Chromium   0  1.53e-03 9.98e-01 2.07e-04 0.00e+00 0.00e+00 0.00e+00 0.00e+00 0.00e+00 0.00e+00 0.00e+00 0.00e+00 0.00e+00 0.00e+00
 Manganese  0  3.13e-04 1.00e+00 1.14e-04 0.00e+00 0.00e+00 0.00e+00 0.00e+00 0.00e+00 0.00e+00 0.00e+00 0.00e+00 0.00e+00 0.00e+00
 Iron       0  2.84e-04 1.00e+00 5.85e-05 0.00e+00 0.00e+00 0.00e+00 0.00e+00 0.00e+00 0.00e+00 0.00e+00 0.00e+00 0.00e+00 0.00e+00
 Cobalt     0  1.27e-02 9.87e-01 5.10e-07 0.00e+00 0.00e+00 0.00e+00 0.00e+00 0.00e+00 0.00e+00 0.00e+00 0.00e+00 0.00e+00 0.00e+00
 Nickel     0  3.91e-04 1.00e+00 1.69e-12 0.00e+00 0.00e+00 0.00e+00 0.00e+00 0.00e+00 0.00e+00 0.00e+00 0.00e+00 0.00e+00 0.00e+00
 Copper     0  2.92e-02 9.71e-01 3.00e-11 0.00e+00 0.00e+00 0.00e+00 0.00e+00 0.00e+00 0.00e+00 0.00e+00 0.00e+00 0.00e+00 0.00e+00
 Zinc       0  3.05e-02 9.69e-01 2.86e-07 0.00e+00 0.00e+00 0.00e+00 0.00e+00 0.00e+00 0.00e+00 0.00e+00 0.00e+00 0.00e+00 0.00e+00
   IC443 grid point v shock=43 km/s  
   Calculation stopped because H column dens reached. Iteration 1 of 2
   The geometry is plane-parallel.
  !Ionization rate fell below background cosmic ray ionization rate.  Should this be added too?
  !   Use the COSMIC RAY BACKGROUND command.
  !Compton cooling rate underflows to zero.  Is this important?
  !Some input lines contained underscores, these were changed to spaces.
  !There is no hydrogen-ionizing radiation.  Was this intended?
  !Thermal collisional ionization of H reached 82.83% of the local ionization rate.
  !Charge transfer H => H+ reached 86135.8% of the local H ionization rate.
  !Charge transfer heating reached 103.20% of the local heating.
  !Continuum zero at some energies.
  !AGE: Cloud age was not set.  Longest timescale was 2.98e+13 s = 9.46e+05 years.
  !Heating - cooling mismatch =200.0%. Caused by constant temperature assumption. 
  !Mutual neutralization production of H-alpha was significant.
  !Incident radiation field energy density is less than 2.7K.  Add background with CMB command.
  !The CMB was not included.  This is added with the CMB command.
  !The intensity of the incident radiation field is less than 10 times the Habing diffuse ISM field.  Is this OK?
  !   Consider adding diffuse ISM emission with TABLE ISM command.
  !An ionization jump occurred elem S  1, by 181% from 6.32e-02 (zone 1) to 3.75e-01 (zone 2) to 6.80e-01 (zone 3)
   The density is too low to l-mix the lowest H  I collapsed level.  More resolved levels are needed for accurate line ratios.
   The density is too low to l-mix the lowest He I collapsed level.  More resolved levels are needed for accurate line ratios.
   Grains were not present but might survive in this environment (energy density temperature was 0.00e+00K)
   The local H2 cooling rate reached 3.4% of the local cooling.
   H- absorption heating was 30.3% of the total.
   The fraction of N in N2 reached 0.175% at some point in the cloud.
   The fraction of F in HF reached 3.49% at some point in the cloud.

                       *********************************> Cloudy 23.01 <**********************************
                       * title IC443 grid point v shock=43 km/s                                          *
                       * hden 2.3970                                                                     *
                       * constant temperature, t=10000 K linear                                          *
                       * stop column density 20.66                                                       *
                       * iterate                                                                         *
                       * save results last "v43.rlt"                                                     *
                       *********************************> Log(U):-37.00 <*********************************

                     Emission Line Spectrum.   Constant  Density Model.    Open geometry.  Iteration 1 of 2.
                                                     Intensity (erg/s/cm^2).


                                                   Intrinsic line intensities
general properties.............................      Ca 1                6493.78A   -8.748    0.0032      Fe 2                5060.09A   -8.930    0.0021
TotH                      0    -7.000    0.1804      Cl 1                11.3303m   -7.581    0.0473      Fe 2                4576.40A   -9.182    0.0012
TotC                      0    -2.461 6244.8848      Co 2                9335.96A   -8.396    0.0073      Fe 2                1.34608m   -9.229    0.0011
TotM                      0    -7.671    0.0385      Co 2                9639.13A   -8.833    0.0026      Fe 2                1.11648m   -9.045    0.0016
CT H                      0    -7.319    0.0866      Co 2                10.5199m   -7.230    0.1063      Fe 2                5048.19A   -8.896    0.0023
H FB                      0    -7.605    0.0448      Co 2                15.4548m   -8.115    0.0138      Fe 2                1.71482m   -8.480    0.0060
HFBc                      0    -7.605    0.0448      Co 2                2.98382m   -6.716    0.3471      Fe 2                9949.21A   -8.812    0.0028
H  1c                     0    -3.350  805.7540      Co 2                14.7345m   -7.760    0.0314      Fe 2                7975.22A   -8.995    0.0018
NOc                       0    -8.733    0.0033      Co 2                18.7989m   -8.279    0.0095      Fe 2                1.47063m   -9.250    0.0010
CNc                       0    -7.620    0.0432      Co 2                25.6819m   -8.967    0.0019      Fe 2                1.01273m   -8.926    0.0021
OHc                       0    -8.507    0.0056      Co 2                1.01879m   -7.445    0.0647      Fe 2                6353.11A   -9.047    0.0016
HFc                       0    -8.376    0.0076      Co 2                1.12804m   -8.416    0.0069      Fe 2                1.80228m   -9.148    0.0013
COc                       0    -5.111   13.9788      Co 2                1.54700m   -7.691    0.0368      Fe 2                1.00387m   -9.076    0.0015
^13COc                    0    -6.631    0.4219      Co 2                1.72847m   -8.687    0.0037      Fe 2                9469.41A   -8.960    0.0020
SiOc                      0    -9.154    0.0013      Co 2                1.90349m   -8.526    0.0054      Fe 2                9384.77A   -8.451    0.0064
SiSc                      0    -9.127    0.0013      Co 2                1.02452m   -8.251    0.0101      Fe 2                2.39329m   -8.501    0.0057
OH+c                      0    -8.435    0.0066      Co 2                1.09726m   -8.879    0.0024      Fe 2                4825.73A   -7.927    0.0214
CHc                       0    -8.665    0.0039      Co 2                1.49674m   -9.116    0.0014      Fe 2                2.50030m   -8.838    0.0026
CHc                       0    -8.255    0.0100      Co 2                1.62622m   -9.104    0.0014      Fe 2                4867.73A   -8.968    0.0019
Al 1c                     0    -9.027    0.0017      Co 2                1.73616m   -8.810    0.0028      Fe 2                2.59860m   -9.221    0.0011
C  1c                     0    -3.704  356.3542      Co 2                1.02803m   -8.849    0.0026      Fe 2                4903.85A   -8.420    0.0069
C  2c                     0    -5.682    3.7511      Co 2                8580.39A   -8.905    0.0022      Fe 2                1.04657m   -9.254    0.0010
Ca 1c                     0    -7.241    0.1037      Co 2                9342.40A   -7.600    0.0453      Fe 2                3.58120m   -8.845    0.0026
Cl 1c                     0    -7.581    0.0473      Co 2                9943.48A   -7.948    0.0204      Fe 2                3.15558m   -8.875    0.0024
Co 2c                     0    -6.366    0.7767      Co 2                7539.01A   -8.269    0.0097      Fe 2                5171.63A   -8.228    0.0107
Cr 2c                     0    -5.935    2.0942      Co 2                8121.00A   -7.981    0.0188      Fe 2                5169.03A   -7.474    0.0606
Cu 1c                     0    -9.158    0.0013      Co 2                8571.41A   -8.588    0.0047      Fe 2                5018.44A   -9.199    0.0011
Fe 1c                     0    -6.779    0.3002      Co 2                6.21176m   -9.230    0.0011      Fe 2                6044.54A   -8.672    0.0038
Fe 2c                     0    -3.631  421.8046      Co 2                8027.34A   -8.447    0.0064      Fe 2                5316.61A   -9.165    0.0012
Fe 3c                     0    -8.476    0.0060      Co 2                8467.14A   -8.860    0.0025      Fe 3                22.9190m   -9.193    0.0012
K  1c                     0    -8.835    0.0026      Co 2                8333.76A   -8.628    0.0042      Fe 3                4985.87A   -9.054    0.0016
Mg 1c                     0    -5.224   10.7797      Cr 2                8000.08A   -6.439    0.6573      K  1                7664.90A   -9.011    0.0018
Mn 2c                     0    -6.485    0.5907      Cr 2                8125.30A   -6.512    0.5545      Mg 1                2025.82A   -8.357    0.0079
N  1c                     0    -4.544   51.6188      Cr 2                8229.67A   -6.607    0.4463      Mg 1                2852.13A   -5.739    3.2947
Na 1c                     0    -7.496    0.0576      Cr 2                8308.49A   -6.794    0.2900      Mg 1                3832.30A   -8.811    0.0028
Ni 1c                     0    -7.822    0.0272      Cr 2                8357.64A   -7.092    0.1461      Mg 1                3838.29A   -8.394    0.0073
O  1c                     0    -2.856 2516.8218      Fe 1                24.0358m   -6.879    0.2386      Mg 1                4562.60A   -5.545    5.1486
O  2c                     0    -7.023    0.1711      Fe 1                34.7038m   -7.467    0.0616      Mg 1                4571.10A   -5.983    1.8762
P  2c                     0    -5.617    4.3594      Fe 2                25.9813m   -4.805   28.3028      Mg 1                4575.29A   -6.911    0.2215
S  1c                     0    -5.476    6.0320      Fe 2                5.33871m   -4.282   94.2615      Mg 1                5167.32A   -8.069    0.0154
S  2c                     0    -4.617   43.6042      Fe 2                4.11387m   -6.645    0.4090      Mg 1                5172.68A   -7.595    0.0458
Sc 2c                     0    -7.657    0.0398      Fe 2                1.25668m   -5.554    5.0436      Mg 1                5183.60A   -7.375    0.0761
Si 1c                     0    -7.382    0.0748      Fe 2                1.19129m   -8.338    0.0083      Mg 1                8806.76A   -7.653    0.0401
Si 2c                     0    -3.098 1440.1206      Fe 2                6309.53A   -9.184    0.0012      Mg 1                1.18282m   -7.820    0.0273
Zn 2c                     0    -7.944    0.0205      Fe 2                4799.30A   -9.082    0.0015      Mg 1                1.50250m   -8.636    0.0042
Al 2c                     0    -5.453    6.3607      Fe 2                4704.22A   -8.306    0.0089      Mg 1                1.50402m   -9.080    0.0015
Ca 2c                     0    -4.186  117.7149      Fe 2                4632.28A   -6.514    0.5531      Mg 1                1.71087m   -8.340    0.0082
Cl 2c                     0    -6.009    1.7664      Fe 2                4604.48A   -8.297    0.0091      Mn 2                2576.10A   -6.869    0.2437
Mg 2c                     0    -3.954  200.8243      Fe 2                4416.27A   -6.495    0.5774      Mn 2                2593.72A   -6.963    0.1963
N  2c                     0    -7.179    0.1195      Fe 2                4382.74A   -7.465    0.0619      Mn 2                2605.68A   -7.102    0.1425
Ni 2c                     0    -4.992   18.3836      Fe 2                4287.39A   -5.532    5.2962      Mn 2                3438.97A   -8.462    0.0062
continua.......................................      Fe 2                3931.44A   -9.127    0.0013      Mn 2                3460.03A   -9.059    0.0016
Bac                 3646.00A   -6.884    0.2359      Fe 2                3874.07A   -8.758    0.0032      N  1                1134.17A   -9.237    0.0010
nFnu                3645.00A   -4.341   82.2098      Fe 2                3175.38A   -7.344    0.0818      N  1                1134.41A   -9.039    0.0016
nFnu                3647.00A   -4.343   81.9739      Fe 2                2599.40A   -7.849    0.0256      N  1                1134.98A   -8.938    0.0021
cout                3646.00A   -7.185    0.1179      Fe 2                2585.88A   -8.864    0.0025      N  1                1199.55A   -8.414    0.0070
cref                3646.00A   -7.185    0.1180      Fe 2                2382.04A   -6.117    1.3790      N  1                1200.22A   -8.587    0.0047
thin                3646.00A   -6.884    0.2359      Fe 2                2343.50A   -8.663    0.0039      N  1                1200.71A   -8.889    0.0023
Ba C                      0    -7.637    0.0416      Fe 2                35.3391m   -5.466    6.1684      N  1                3466.50A   -6.889    0.2328
PA C                      0    -8.054    0.0159      Fe 2                6.71944m   -5.422    6.8337      N  1                3466.54A   -7.562    0.0494
FIR                 83.0000m   -2.853 2532.1433      Fe 2                4.88781m   -6.308    0.8878      N  1                5197.90A   -4.958   19.8711
TIR                 1800.00m   -4.810   27.9552      Fe 2                4.07521m   -7.130    0.1339      N  1                5200.26A   -4.782   29.8304
NIRa                2.85000m   -2.931 2116.1042      Fe 2                1.32055m   -6.050    1.6080      N  1                1.03977m   -6.394    0.7287
NIRb                3.00000m   -4.093  145.6047      Fe 2                1.24854m   -7.084    0.1487      N  1                1.03982m   -6.916    0.2187
MIRa                15.0000m   -4.188  117.1149      Fe 2                1.20512m   -8.896    0.0023      N  1                1.04072m   -6.742    0.3271
MIRb                22.5000m   -3.056 1585.3403      Fe 2                7637.52A   -6.354    0.7989      N  1                1.04076m   -6.729    0.3365
NMIR                21.7500m   -2.931 2116.1042      Fe 2                7523.28A   -8.401    0.0072      Na 1                5889.95A   -7.796    0.0288
TFIR                611.250m   -3.727  338.4310      Fe 2                4889.62A   -6.377    0.7567      Na 1                5895.92A   -7.796    0.0289
TALL                10000.0A   -2.471 6106.9780      Fe 2                4750.27A   -9.109    0.0014      Ni 1                7.50454m   -7.822    0.0272
F12                 12.0000m   -6.091    1.4636      Fe 2                4716.37A   -7.391    0.0733      O  1                1027.43A   -9.256    0.0010
F25                 25.0000m   -4.702   35.8299      Fe 2                4687.56A   -7.595    0.0459      O  1                1304.86A   -7.509    0.0558
F60                 60.0000m   -2.910 2218.7375      Fe 2                4492.64A   -7.364    0.0780      O  1                1306.03A   -7.987    0.0186
F100                100.000m   -5.840    2.6058      Fe 2                4457.95A   -6.763    0.3116      O  1                1355.60A   -7.568    0.0488
MIPS                24.0000m   -4.702   35.8247      Fe 2                4432.45A   -7.557    0.0501      O  1                1358.51A   -8.005    0.0178
MIPS                70.0000m   -2.911 2215.3525      Fe 2                4359.33A   -5.663    3.9195      O  1                2972.29A   -7.041    0.1642
MIPS                160.000m   -3.932  211.2333      Fe 2                3224.54A   -8.440    0.0066      O  1                5577.34A   -6.091    1.4620
IRAC                3.60000m   -7.315    0.0874      Fe 2                3214.67A   -7.858    0.0250      O  1                6300.30A   -4.396   72.5206
IRAC                4.50000m   -5.994    1.8277      Fe 2                2625.67A   -4.819   27.3768      O  1                6363.78A   -4.891   23.1666
IRAC                5.80000m   -4.281   94.4134      Fe 2                2611.87A   -5.550    5.0876      O  1                6391.73A   -8.220    0.0109
IRAC                8.00000m   -5.289    9.2816      Fe 2                2598.37A   -6.781    0.2988      O  1                44.0453m   -8.541    0.0052
SPR1                250.000m   -5.930    2.1181      Fe 2                2395.63A   -5.828    2.6805      O  1                63.1679m   -2.911 2214.0798
SPR2                350.000m   -4.286   93.3966      Fe 2                2388.63A   -6.877    0.2393      O  1                145.495m   -3.944  205.2204
SPR3                500.000m   -6.123    1.3588      Fe 2                2383.06A   -8.785    0.0030      O  2                2470.34A   -9.050    0.0016
PAC1                70.0000m   -2.911 2216.2378      Fe 2                2364.83A   -6.226    1.0731      O  2                7319.99A   -9.243    0.0010
PAC2                100.000m   -5.840    2.6088      Fe 2                2332.80A   -7.309    0.0886      O  2                3728.81A   -7.257    0.0999
PAC3                160.000m   -3.929  212.6658      Fe 2                2279.91A   -8.867    0.0024      O  2                3726.03A   -7.433    0.0666
PAH                 3.30000m   -8.121    0.0137      Fe 2                51.2868m   -5.984    1.8709      P  2                60.6263m   -6.355    0.7968
PAHC                3.23000m   -8.400    0.0072      Fe 2                5.67236m   -7.120    0.1370      P  2                1532.53A   -8.924    0.0022
PAHC                3.37000m   -8.390    0.0074      Fe 2                4.60641m   -6.929    0.2125      P  2                32.8620m   -6.458    0.6290
PAH                 6.20000m   -8.168    0.0123      Fe 2                4.08085m   -7.675    0.0381      P  2                1.14682m   -6.375    0.7613
PAHC                5.65000m   -7.078    0.1508      Fe 2                1.37181m   -6.294    0.9179      P  2                4669.25A   -8.040    0.0165
PAH                 7.90000m   -7.653    0.0401      Fe 2                1.29427m   -6.870    0.2436      P  2                2195.57A   -8.319    0.0087
PAHC                6.90000m   -5.291    9.2362      Fe 2                7806.23A   -8.127    0.0135      P  2                1536.42A   -8.855    0.0025
PAH                 11.3000m   -7.559    0.0498      Fe 2                7686.93A   -6.431    0.6682      P  2                1535.92A   -8.752    0.0032
PAHC                10.9000m   -7.170    0.1219      Fe 2                7552.40A   -8.911    0.0022      P  2                1.18828m   -5.951    2.0179
PAH                 11.8000m   -8.855    0.0025      Fe 2                4958.23A   -8.228    0.0107      P  2                2210.34A   -7.866    0.0246
PAHC                12.6500m   -6.918    0.2178      Fe 2                4750.57A   -8.225    0.0107      P  2                1542.30A   -9.041    0.0016
PAH                 13.3000m   -8.818    0.0027      Fe 2                4728.07A   -7.026    0.1700      P  2                7875.99A   -7.291    0.0922
PAHC                14.1000m   -6.578    0.4763      Fe 2                4514.90A   -7.388    0.0738      S  1                1483.04A   -8.897    0.0023
Bcon                3640.00A   -3.236 1048.9425      Fe 2                4488.75A   -7.108    0.1408      S  1                1820.34A   -7.582    0.0473
Pcon                5000.00A   -3.654  400.7110      Fe 2                4470.30A   -8.311    0.0088      S  1                1826.24A   -8.065    0.0155
O3bn                5007.00A   -5.516    5.4960      Fe 2                4413.78A   -5.814    2.7671      S  1                25.2421m   -5.526    5.3776
HFFc                      0    -6.405    0.7108      Fe 2                3254.24A   -7.917    0.0218      S  1                56.2957m   -6.485    0.5906
H FF                      0    -8.003    0.0179      Fe 2                3244.18A   -8.212    0.0111      S  2                6730.82A   -5.039   16.4770
MeFB                      0    -8.411    0.0070      Fe 2                2631.32A   -5.788    2.9371      S  2                6716.44A   -4.878   23.8900
MeFF                      0    -8.762    0.0031      Fe 2                2617.62A   -7.233    0.1056      S  2                4076.35A   -6.588    0.4665
ToFF                      0    -7.934    0.0210      Fe 2                2607.09A   -7.116    0.1382      S  2                4068.60A   -6.096    1.4455
Mion                      0    -7.396    0.0724      Fe 2                2404.89A   -6.816    0.2756      S  2                1.03364m   -6.726    0.3393
nFnu                122.400m   -8.934    0.0021      Fe 2                2399.24A   -7.637    0.0416      S  2                1.02867m   -6.723    0.3418
nFnu                60.8322m   -8.560    0.0050      Fe 2                2395.42A   -8.637    0.0042      S  2                1.03705m   -7.048    0.1617
nFnu                41.2152m   -8.346    0.0081      Fe 2                2380.76A   -5.635    4.1829      S  2                1.03205m   -6.589    0.4651
nFnu                30.8695m   -8.184    0.0118      Fe 2                2348.30A   -7.374    0.0762      S  2                1259.52A   -8.357    0.0079
nFnu                24.7829m   -8.060    0.0157      Fe 2                2327.40A   -7.967    0.0195      S  2                1253.81A   -8.435    0.0066
nFnu                24.2998m   -8.048    0.0162      Fe 2                87.3597m   -6.686    0.3716      S  2                1250.58A   -8.743    0.0033
nFnu                22.8302m   -8.014    0.0175      Fe 2                5.06097m   -7.587    0.0467      Sc 2                4246.82A   -8.811    0.0028
nFnu                21.4199m   -7.977    0.0190      Fe 2                4.43363m   -7.505    0.0564      Sc 2                7043.49A   -8.581    0.0047
nFnu                21.1235m   -7.967    0.0194      Fe 2                1.40951m   -8.915    0.0022      Sc 2                8261.17A   -9.095    0.0014
nFnu                19.6199m   -7.925    0.0215      Fe 2                1.32777m   -7.053    0.1596      Sc 2                8271.28A   -8.981    0.0019
nFnu                17.6534m   -7.864    0.0247      Fe 2                1.27877m   -7.110    0.1401      Sc 2                8326.62A   -9.235    0.0010
nFnu                17.3700m   -7.854    0.0253      Fe 2                1.25214m   -8.150    0.0128      Sc 2                8347.28A   -8.800    0.0029
nFnu                15.6901m   -7.792    0.0291      Fe 2                7926.88A   -8.388    0.0074      Sc 2                8384.33A   -9.113    0.0014
nFnu                14.6036m   -7.749    0.0321      Fe 2                7803.89A   -8.128    0.0134      Sc 2                1.07804m   -9.179    0.0012
nFnu                12.4300m   -7.648    0.0406      Fe 2                7665.28A   -7.381    0.0750      Sc 2                2.03194m   -8.717    0.0035
nFnu                11.4000m   -7.593    0.0460      Fe 2                5006.63A   -7.528    0.0535      Sc 2                2.04712m   -9.064    0.0016
nFnu                10.4600m   -7.537    0.0524      Fe 2                4772.06A   -8.341    0.0082      Sc 2                2.07591m   -8.708    0.0035
nFnu                9.48002m   -7.473    0.0607      Fe 2                4639.67A   -8.025    0.0170      Sc 2                2.07842m   -8.542    0.0052
nFnu                9.32488m   -7.462    0.0623      Fe 2                4528.39A   -7.636    0.0417      Sc 2                2.08152m   -8.811    0.0028
nFnu                8.21035m   -7.375    0.0762      Fe 2                4509.61A   -7.984    0.0187      Sc 2                2.11129m   -8.985    0.0019
nFnu                7.58000m   -7.318    0.0868      Fe 2                4452.10A   -6.007    1.7768      Sc 2                2.12445m   -8.983    0.0019
nFnu                7.05026m   -7.264    0.0982      Fe 2                3277.55A   -8.142    0.0130      Si 1                2211.75A   -9.081    0.0015
nFnu                4.11370m   -6.826    0.2694      Fe 2                3277.12A   -9.046    0.0016      Si 1                2519.20A   -8.485    0.0059
nFnu                2.32440m   -6.271    0.9677      Fe 2                3275.02A   -8.217    0.0109      Si 1                2528.51A   -8.268    0.0097
nFnu                1.64313m   -5.904    2.2508      Fe 2                2631.05A   -6.963    0.1966      Si 1                68.4548m   -7.773    0.0305
nFnu                1.48022m   -5.789    2.9346      Fe 2                2620.41A   -8.844    0.0026      Si 1                129.641m   -7.843    0.0259
nFnu                1.43649m   -5.754    3.1800      Fe 2                2613.82A   -7.733    0.0333      Si 2                34.8046m   -3.102 1426.1581
nFnu                1.11867m   -5.474    6.0539      Fe 2                2410.52A   -7.606    0.0447      Si 2                2334.41A   -6.258    0.9957
nFnu                8329.68A   -5.158   12.5510      Fe 2                2406.66A   -7.876    0.0240      Si 2                2328.52A   -6.869    0.2440
nFnu                8078.61A   -5.126   13.5137      Fe 2                2404.43A   -8.698    0.0036      Si 2                1808.01A   -6.280    0.9467
nFnu                6209.66A   -4.857   25.0579      Fe 2                2359.11A   -7.683    0.0374      Si 2                1526.71A   -9.233    0.0011
nFnu                4885.36A   -4.622   43.1223      Fe 2                2338.01A   -7.749    0.0322      Si 2                1260.42A   -8.330    0.0084
nFnu                3704.34A   -4.357   79.2900      Fe 2                4.67067m   -8.129    0.0134      Si 2                2350.17A   -6.119    1.3705
nFnu                3587.67A   -4.328   84.7915      Fe 2                1.29777m   -7.441    0.0654      Si 2                2344.20A   -5.720    3.4371
nFnu                2430.05A   -3.975  190.9443      Fe 2                1.27034m   -7.313    0.0878      Si 2                2334.60A   -5.827    2.6885
nFnu                2392.03A   -3.961  197.2695      Fe 2                7999.47A   -9.135    0.0013      Si 2                1817.45A   -6.209    1.1153
nFnu                2071.34A   -3.843  259.1785      Fe 2                7874.24A   -7.482    0.0594      Si 2                1816.93A   -5.865    2.4650
nFnu                2052.68A   -3.835  263.9089      Fe 2                7733.14A   -8.029    0.0169      Si 2                1533.43A   -6.665    0.3900
nFnu                1793.44A   -3.738  329.7658      Fe 2                4798.28A   -7.891    0.0232      Si 2                1309.28A   -7.443    0.0650
nFnu                1585.12A   -3.672  384.0384      Fe 2                4664.45A   -8.539    0.0052      Si 2                1265.00A   -7.260    0.0991
nFnu                1458.33A   -3.665  390.0161      Fe 2                4533.01A   -8.531    0.0053      Si 2                1264.74A   -7.660    0.0395
nFnu                1356.96A   -3.706  355.4480      Fe 2                4474.90A   -6.319    0.8655      Si 2                1197.39A   -7.549    0.0510
nFnu                1297.29A   -3.818  274.3474      Fe 2                3289.89A   -8.527    0.0054      Si 2                1194.50A   -7.772    0.0305
nFnu                1262.79A   -3.996  182.2620      Fe 2                3289.46A   -8.306    0.0089      Si 2                3862.60A   -8.854    0.0025
nFnu                1218.08A   -8.138    0.0131      Fe 2                2628.29A   -7.419    0.0688      Si 2                3856.02A   -8.827    0.0027
nFnu                1196.33A   -7.581    0.0474      Fe 2                2621.67A   -8.319    0.0087      Si 2                6371.37A   -8.771    0.0031
nFnu                1175.06A   -7.530    0.0533      Fe 2                2413.31A   -8.123    0.0136      Si 2                6347.11A   -8.693    0.0037
nFnu                1143.64A   -7.653    0.0401      Fe 2                2411.07A   -8.131    0.0133      Zn 2                2062.00A   -8.355    0.0080
nFnu                1113.22A   -7.766    0.0310      Fe 2                2344.28A   -7.838    0.0262      Zn 2                2025.48A   -8.121    0.0137
nFnu                1103.23A   -7.794    0.0290      Fe 2                17.9311m   -5.270    9.6898      Al 2                2669.15A   -5.902    2.2633
nFnu                1073.86A   -8.300    0.0090      Fe 2                1.64355m   -4.376   75.9609      Al 2                2660.35A   -5.728    3.3769
nFnu                1064.34A   -8.342    0.0082      Fe 2                1.53348m   -5.501    5.6942      Al 2                1670.79A   -6.398    0.7224
nFnu                1035.92A   -8.456    0.0063      Fe 2                8616.95A   -5.764    3.1044      Al 2                3900.67A   -9.137    0.0013
nFnu                1000.00A   -8.617    0.0044      Fe 2                7155.17A   -5.893    2.3091      Ca 2                7323.89A   -4.671   38.5343
nFnu                925.144A   -8.595    0.0046      Fe 2                6896.17A   -7.345    0.0816      Ca 2                7291.47A   -4.503   56.6751
RRC............................................      Fe 2                5413.37A   -7.803    0.0284      Ca 2                3968.47A   -6.680    0.3766
H  1                911.753A   -6.995    0.1824      Fe 2                5280.27A   -8.339    0.0083      Ca 2                8662.14A   -5.401    7.1649
H  1                3645.98A   -8.059    0.0157      Fe 2                5273.36A   -5.892    2.3160      Ca 2                3933.66A   -6.638    0.4155
H  1                3645.98A   -7.713    0.0350      Fe 2                5158.79A   -5.281    9.4577      Ca 2                8498.02A   -6.093    1.4575
H  1                8203.57A   -8.794    0.0029      Fe 2                5111.64A   -6.187    1.1718      Ca 2                8542.09A   -5.146   12.8949
H  1                8203.57A   -8.400    0.0072      Fe 2                5072.41A   -5.933    2.1052      Ca 2                3706.02A   -7.766    0.0309
H  1                8203.57A   -8.503    0.0057      Fe 2                5039.10A   -7.367    0.0774      Ca 2                3736.90A   -7.470    0.0612
H  1                1.45842m   -8.880    0.0024      Fe 2                4814.54A   -6.237    1.0454      Ca 2                3158.87A   -7.788    0.0294
H  1                1.45842m   -8.876    0.0024      Fe 2                4774.73A   -6.677    0.3796      Ca 2                3181.27A   -8.493    0.0058
H  1                1.45842m   -9.217    0.0011      Fe 2                4745.49A   -7.729    0.0337      Ca 2                3179.33A   -7.538    0.0523
H  1                2.27878m   -9.237    0.0010      Fe 2                4661.78A   -8.827    0.0027      Ca 2                1.19497m   -9.207    0.0011
H  1                2.27878m   -9.201    0.0011      Fe 2                4243.97A   -5.607    4.4613      Ca 2                1.18390m   -8.905    0.0022
Al 1                2070.66A   -9.211    0.0011      Fe 2                4177.20A   -6.697    0.3627      Ca 2                1838.01A   -8.725    0.0034
Si 1                1520.96A   -8.209    0.0112      Fe 2                4146.65A   -8.272    0.0096      Ca 2                1840.03A   -8.569    0.0049
S  1                1196.76A   -8.724    0.0034      Fe 2                4114.48A   -8.611    0.0044      Ca 2                2112.76A   -9.197    0.0011
grains.........................................      Fe 2                3929.35A   -8.864    0.0025      Cl 2                14.3639m   -6.580    0.4748
H-like iso-sequence............................      Fe 2                3387.09A   -7.112    0.1394      Cl 2                33.2721m   -7.660    0.0394
Cool                1215.67A   -3.571  485.0662      Fe 2                3376.20A   -6.315    0.8745      Cl 2                8578.70A   -6.268    0.9739
Crst                960.000A   -3.750  320.6879      Fe 2                2732.45A   -7.432    0.0667      Cl 2                9123.60A   -6.853    0.2534
CION                      0    -5.811    2.7870      Fe 2                2493.30A   -5.013   17.4961      Cl 2                3677.85A   -8.190    0.0116
Dest                1215.67A   -9.004    0.0018      Fe 2                2484.20A   -8.597    0.0046      Cl 2                6161.84A   -8.144    0.0129
Ca B                1215.67A   -6.633    0.4201      Fe 2                2360.00A   -6.978    0.1900      Mg 2                2802.71A   -4.428   67.2923
CaBo                4861.32A   -8.166    0.0123      Fe 2                2348.12A   -7.039    0.1648      Mg 2                2795.53A   -4.132  133.1542
Ca A                1215.67A   -6.824    0.2709      Fe 2                2331.31A   -8.697    0.0036      Mg 2                2936.52A   -7.359    0.0789
Ca A                1025.72A   -7.470    0.0611      Fe 2                24.5126m   -5.970    1.9342      Mg 2                2928.64A   -7.661    0.0394
Ca A                972.537A   -7.881    0.0237      Fe 2                1.80940m   -4.976   19.0483      Mg 2                2797.93A   -8.099    0.0144
Ca A                949.743A   -8.185    0.0118      Fe 2                1.67688m   -5.926    2.1382      Mg 2                2790.77A   -7.397    0.0723
Ca A                937.803A   -8.427    0.0068      Fe 2                1.59948m   -5.833    2.6477      Mg 2                2798.00A   -7.144    0.1295
Ca A                930.748A   -8.629    0.0042      Fe 2                9051.95A   -5.606    4.4727      Mg 2                9244.22A   -9.217    0.0011
Ca A                926.226A   -8.803    0.0028      Fe 2                8891.93A   -6.030    1.6826      Mg 2                9218.22A   -8.920    0.0022
Ca A                923.150A   -8.956    0.0020      Fe 2                7452.56A   -6.385    0.7439      N  2                205.283m   -8.453    0.0064
Ca A                920.963A   -9.092    0.0015      Fe 2                7172.00A   -6.300    0.9038      N  2                121.769m   -8.673    0.0038
Ca A                919.351A   -9.215    0.0011      Fe 2                6275.53A   -8.258    0.0100      N  2                6548.05A   -7.825    0.0270
Ca A                6562.80A   -7.893    0.0231      Fe 2                5527.36A   -6.874    0.2409      N  2                6583.45A   -7.356    0.0796
Ca A                4861.32A   -8.343    0.0082      Fe 2                5440.48A   -8.632    0.0042      N  2                5754.59A   -9.204    0.0011
Ca A                4340.46A   -8.668    0.0039      Fe 2                5433.15A   -6.406    0.7093      N  2                2142.77A   -9.209    0.0011
Ca A                4101.73A   -8.922    0.0022      Fe 2                5261.63A   -5.661    3.9408      Ni 2                1.19102m   -5.252   10.0993
Ca A                3970.07A   -9.131    0.0013      Fe 2                5220.08A   -6.936    0.2090      Ni 2                6.63416m   -5.880    2.3797
Ca A                1.87510m   -8.685    0.0037      Fe 2                5184.80A   -6.832    0.2659      Ni 2                1.07151m   -6.873    0.2420
Ca A                1.28181m   -9.012    0.0018      Fe 2                5158.01A   -6.781    0.2987      Ni 2                10.6793m   -6.510    0.5576
Ca B                6562.80A   -7.711    0.0351      Fe 2                4947.39A   -6.181    1.1897      Ni 2                1.27792m   -8.697    0.0036
Ca B                4861.32A   -8.168    0.0123      Fe 2                4905.35A   -6.532    0.5299      Ni 2                1.16130m   -7.389    0.0737
Ca B                4340.46A   -8.497    0.0057      Fe 2                4874.50A   -6.575    0.4802      Ni 2                12.7253m   -6.926    0.2142
Ca B                4101.73A   -8.755    0.0032      Fe 2                4852.74A   -7.936    0.0209      Ni 2                9882.95A   -8.138    0.0131
Ca B                3970.07A   -8.966    0.0020      Fe 2                4346.86A   -6.234    1.0521      Ni 2                1.09177m   -7.676    0.0381
Ca B                3889.05A   -9.147    0.0013      Fe 2                4276.84A   -6.158    1.2539      Ni 2                18.2355m   -7.642    0.0411
Ca B                1.87510m   -8.638    0.0042      Fe 2                4244.82A   -6.970    0.1934      Ni 2                9374.87A   -8.431    0.0067
Ca B                1.28181m   -8.955    0.0020      Fe 2                4231.56A   -8.570    0.0049      Ni 2                7377.83A   -6.040    1.6460
Ca B                1.09381m   -9.211    0.0011      Fe 2                4211.11A   -8.545    0.0051      Ni 2                8300.99A   -7.336    0.0833
H  1                2431.34A   -3.788  294.0434      Fe 2                3455.11A   -7.218    0.1091      Ni 2                1.93877m   -6.748    0.3225
H  1                1215.67A   -3.553  504.7231      Fe 2                3452.31A   -6.907    0.2235      Ni 2                2.36883m   -8.035    0.0167
H  1                6562.80A   -5.494    5.7828      Fe 2                3440.99A   -6.793    0.2905      Ni 2                2.91064m   -7.703    0.0357
H  1                4861.32A   -6.256    1.0000      Fe 2                2774.73A   -8.673    0.0038      Ni 2                6666.80A   -6.886    0.2346
H  1                4340.46A   -6.637    0.4161      Fe 2                2759.34A   -9.069    0.0015      Ni 2                7411.61A   -6.667    0.3884
H  1                4101.73A   -8.326    0.0085      Fe 2                2485.07A   -8.859    0.0025      Ni 2                1.76458m   -8.812    0.0028
H  1                3970.07A   -8.615    0.0044      Fe 2                2391.48A   -7.942    0.0206      Ni 2                2.04866m   -8.390    0.0073
H  1                3889.05A   -8.847    0.0026      Fe 2                2379.28A   -8.641    0.0041      Ni 2                2.30794m   -7.847    0.0257
H  1                3835.38A   -9.041    0.0016      Fe 2                2362.02A   -7.399    0.0719      Ni 2                6.91767m   -8.146    0.0129
H  1                3797.90A   -9.207    0.0011      Fe 2                35.7675m   -6.770    0.3067      Ni 2                4326.24A   -6.833    0.2650
H  1                3770.63A   -8.954    0.0020      Fe 2                1.95361m   -5.888    2.3377      Ni 2                4628.05A   -7.255    0.1003
H  1                3750.15A   -9.070    0.0015      Fe 2                1.80002m   -5.942    2.0622      Ni 2                6794.20A   -8.311    0.0088
H  1                3734.37A   -9.173    0.0012      Fe 2                1.71113m   -6.511    0.5560      Ni 2                7255.82A   -7.188    0.1171
H  1                1.87510m   -7.028    0.1691      Fe 2                1.66377m   -6.131    1.3360      Ni 2                7694.56A   -8.258    0.0100
H  1                1.28181m   -7.341    0.0822      Fe 2                9399.04A   -6.028    1.6922      Ni 2                8033.54A   -8.423    0.0068
H  1                1.09381m   -8.711    0.0035      Fe 2                9226.63A   -5.974    1.9164      Ni 2                1.04597m   -7.672    0.0384
H  1                1.00494m   -9.019    0.0017      Fe 2                9033.49A   -7.050    0.1609      Ni 2                1.23230m   -7.699    0.0361
H  1                4.05115m   -7.898    0.0228      Fe 2                7388.17A   -6.420    0.6855      Ni 2                4201.17A   -7.016    0.1741
H  1                2.62515m   -8.888    0.0023      Fe 2                6440.41A   -7.373    0.0764      Ni 2                4485.21A   -7.468    0.0614
H  1                2.16553m   -9.239    0.0010      Fe 2                6229.28A   -8.523    0.0054      Ni 2                7307.65A   -7.364    0.0781
H  1                7.45782m   -8.924    0.0021      Fe 2                5654.87A   -7.835    0.0264      Ni 2                7612.72A   -7.692    0.0367
He-like iso-sequence...........................      Fe 2                5556.31A   -7.075    0.1519      Ni 2                1.13597m   -8.375    0.0076
Pho+                3889.00A   -8.944    0.0021      Fe 2                5412.67A   -7.603    0.0450      Ni 2                4285.31A   -8.224    0.0108
extra Lyman....................................      Fe 2                5333.66A   -5.948    2.0343      Ni 2                6791.48A   -7.938    0.0208
database lines.................................      Fe 2                5296.84A   -7.231    0.1060      Ni 2                7054.20A   -7.843    0.0259
CN                  2648.35m   -8.875    0.0024      Fe 2                5268.89A   -6.951    0.2019      Ni 2                9.61508m   -9.133    0.0013
CN                  2640.74m   -8.574    0.0048      Fe 2                5107.96A   -7.887    0.0234      Ni 2                4033.04A   -7.282    0.0943
CN                  1322.30m   -8.953    0.0020      Fe 2                5049.30A   -6.354    0.7981      Ni 2                4294.09A   -7.402    0.0715
CN                  1321.03m   -8.696    0.0036      Fe 2                5005.52A   -6.408    0.7047      Ni 2                6467.29A   -8.435    0.0066
CN                  881.421m   -8.945    0.0020      Fe 2                4973.40A   -6.676    0.3806      Ni 2                6813.57A   -7.424    0.0680
CN                  880.858m   -8.789    0.0029      Fe 2                4950.76A   -7.022    0.1717      Ni 2                7078.04A   -7.972    0.0192
CN                  661.044m   -8.854    0.0025      Fe 2                4352.79A   -6.474    0.6060      Ni 2                1.02090m   -8.754    0.0032
CN                  660.727m   -8.741    0.0033      Fe 2                4319.62A   -6.740    0.3285      Ni 2                3993.06A   -6.937    0.2088
CN                  528.842m   -8.962    0.0020      Fe 2                4305.90A   -7.543    0.0517      Ni 2                4248.80A   -7.412    0.0699
CN                  528.639m   -8.872    0.0024      Fe 2                4084.33A   -8.869    0.0024      Ni 2                6007.06A   -8.526    0.0054
CN                  440.721m   -8.977    0.0019      Fe 2                3504.51A   -7.521    0.0543      Ni 2                6365.10A   -7.410    0.0701
CN                  440.580m   -8.903    0.0023      Fe 2                3504.02A   -7.378    0.0755      Ni 2                6700.24A   -8.804    0.0028
CN                  377.785m   -9.121    0.0014      Fe 2                3501.63A   -6.942    0.2063      Ni 2                6955.82A   -8.838    0.0026
CN                  377.682m   -9.057    0.0016      Fe 2                3489.99A   -7.621    0.0432      Ni 2                8703.87A   -7.866    0.0246
CN                  330.590m   -9.208    0.0011      Fe 2                2385.01A   -8.225    0.0107      Ni 2                9956.63A   -8.092    0.0146
CN                  330.511m   -9.152    0.0013      Fe 2                2.06648m   -7.281    0.0945      Ni 2                5.18504m   -8.871    0.0024
HF                  243.178m   -8.477    0.0060      Fe 2                1.89541m   -6.678    0.3789      Ni 2                3438.88A   -7.125    0.1352
CO                  2600.05m   -8.187    0.0117      Fe 2                1.79711m   -6.165    1.2354      Ni 2                3626.89A   -7.433    0.0666
CO                  1300.05m   -7.013    0.1753      Fe 2                1.74494m   -6.453    0.6357      Ni 2                3378.16A   -7.739    0.0329
CO                  866.727m   -6.652    0.4021      Fe 2                9652.70A   -6.877    0.2397      Ni 2                3559.41A   -7.719    0.0345
CO                  650.074m   -6.524    0.5405      Fe 2                9470.94A   -6.364    0.7797      level 1 lines..................................
CO                  520.089m   -6.462    0.6232      Fe 2                9267.56A   -6.746    0.3236      recombination..................................
CO                  433.438m   -6.421    0.6837      Fe 2                7544.00A   -9.060    0.0016      level2 lines...................................
CO                  371.549m   -6.407    0.7061      Fe 2                6558.51A   -7.587    0.0467      C  1                1247.50A   -8.105    0.0142
CO                  325.137m   -6.398    0.7214      Fe 2                5745.71A   -8.206    0.0112      C  1                1314.77A   -8.029    0.0169
CO                  289.041m   -6.401    0.7170      Fe 2                5643.98A   -8.047    0.0162      C  1                1233.29A   -8.621    0.0043
CO                  260.169m   -6.407    0.7072      Fe 2                5495.84A   -7.879    0.0238      C  1                1250.68A   -8.773    0.0030
CO                  236.549m   -6.421    0.6839      Fe 2                5376.47A   -6.342    0.8207      Mg 1                1817.31A   -8.929    0.0021
CO                  216.868m   -6.442    0.6526      Fe 2                5347.66A   -7.457    0.0631      Mg 1                1739.09A   -9.135    0.0013
CO                  200.218m   -6.467    0.6151      Fe 2                5181.96A   -7.733    0.0334      Mg 1                1699.05A   -9.167    0.0012
CO                  185.949m   -6.489    0.5853      Fe 2                5076.57A   -7.013    0.1753      Mg 1                1675.74A   -9.202    0.0011
CO                  173.584m   -6.514    0.5529      Fe 2                5043.53A   -6.882    0.2365      Si 1                1853.05A   -9.053    0.0016
CO                  162.767m   -6.540    0.5200      Fe 2                5020.25A   -6.999    0.1810      Si 2                1179.59A   -8.356    0.0079
CO                  153.225m   -6.569    0.4869      Fe 2                4372.43A   -7.014    0.1746      S  1                1356.05A   -8.642    0.0041
CO                  144.745m   -6.599    0.4544      Fe 2                4358.37A   -7.226    0.1073      S  1                1392.25A   -9.012    0.0018
CO                  137.159m   -6.630    0.4231      Fe 2                4080.00A   -8.898    0.0023      S  1                1418.10A   -9.212    0.0011
CO                  130.333m   -6.662    0.3933      Fe 2                3539.19A   -7.226    0.1073      Ca 2                1360.06A   -9.240    0.0010
CO                  124.160m   -6.699    0.3611      Fe 2                3538.69A   -7.519    0.0546      Fe 1                2484.25A   -8.888    0.0023
CO                  118.548m   -6.739    0.3292      Fe 2                3536.25A   -7.645    0.0409      Fe 1                2526.51A   -9.126    0.0014
CO                  113.427m   -6.779    0.2998      Fe 2                3524.38A   -8.953    0.0020      Sc 2                3627.22A   -7.580    0.0475
CO                  108.733m   -6.822    0.2716      Fe 2                22.8961m   -8.275    0.0096      Sc 2                3575.45A   -7.702    0.0358
CO                  104.416m   -6.866    0.2458      Fe 2                1.81139m   -8.554    0.0050      Sc 2                3368.13A   -8.266    0.0098
CO                  100.433m   -6.911    0.2215      Fe 2                7764.71A   -7.760    0.0313      Ti 2                3364.74A   -6.006    1.7817
CO                  96.7462m   -6.958    0.1986      Fe 2                7336.73A   -8.050    0.0161      Ti 2                3237.15A   -6.245    1.0258
CO                  93.3237m   -7.007    0.1775      Fe 2                7267.25A   -9.018    0.0017      Ti 2                1904.17A   -8.113    0.0139
CO                  90.1384m   -7.058    0.1579      Fe 2                6809.24A   -8.027    0.0169      Ti 2                1907.36A   -7.856    0.0252
CO                  87.1666m   -7.110    0.1400      Fe 2                6729.87A   -8.308    0.0089      V  2                2710.94A   -8.335    0.0083
CO                  84.3877m   -7.164    0.1237      Fe 2                6671.93A   -8.872    0.0024      V  2                2684.22A   -8.098    0.0144
CO                  81.7835m   -7.219    0.1089      Fe 2                5721.37A   -9.145    0.0013      V  2                2139.33A   -8.735    0.0033
CO                  79.3383m   -7.277    0.0954      Fe 2                5163.96A   -8.056    0.0158      Cr 1                4269.56A   -8.729    0.0034
CO                  77.0375m   -7.336    0.0832      Fe 2                4266.35A   -8.757    0.0032      Cr 1                3589.90A   -8.545    0.0051
CO                  74.8697m   -7.396    0.0724      Fe 2                4249.08A   -9.028    0.0017      Cr 2                2059.78A   -6.606    0.4475
CO                  72.8231m   -7.459    0.0627      Fe 2                4157.92A   -9.033    0.0017      Mn 2                1198.85A   -8.961    0.0020
CO                  70.8878m   -7.523    0.0542      Fe 2                3277.35A   -7.562    0.0495      Co 2                2060.90A   -8.072    0.0153
CO                  69.0557m   -7.586    0.0468      Fe 2                3255.89A   -8.819    0.0027      Co 2                2018.80A   -8.107    0.0141
CO                  67.3181m   -7.651    0.0403      Fe 2                2926.59A   -8.448    0.0064      Co 2                1949.74A   -8.184    0.0118
CO                  65.6684m   -7.717    0.0346      Fe 2                2880.76A   -8.133    0.0133      Co 2                1575.91A   -8.705    0.0036
CO                  64.0998m   -7.783    0.0297      Fe 2                2755.74A   -6.480    0.5974      Co 2                1470.18A   -8.779    0.0030
CO                  62.6072m   -7.850    0.0255      Fe 2                2739.55A   -7.190    0.1165      Ni 2                1751.83A   -7.640    0.0413
CO                  61.1843m   -7.917    0.0219      Fe 2                2716.70A   -7.339    0.0826      Ni 2                1744.24A   -7.447    0.0645
CO                  59.8271m   -7.984    0.0187      Fe 2                34.6508m   -9.146    0.0013      Ni 2                1484.97A   -8.768    0.0031
CO                  58.5311m   -8.052    0.0160      Fe 2                1.00287m   -7.748    0.0322      Ni 2                1472.74A   -8.458    0.0063
CO                  57.2920m   -8.121    0.0137      Fe 2                8245.16A   -9.247    0.0010      Ni 2                1400.37A   -8.768    0.0031
CO                  56.1066m   -8.191    0.0116      Fe 2                8037.28A   -8.278    0.0095      Ni 2                1375.73A   -8.435    0.0066
CO                  54.9712m   -8.262    0.0099      Fe 2                7579.61A   -8.769    0.0031      Ni 2                1324.11A   -8.537    0.0052
CO                  53.8829m   -8.334    0.0084      Fe 2                7017.95A   -8.688    0.0037      hyperfine structure............................
CO                  52.8388m   -8.405    0.0071      Fe 2                6933.67A   -9.053    0.0016      inner shell....................................
CO                  51.8365m   -8.477    0.0060      Fe 2                6872.19A   -8.219    0.0109      molecules......................................
CO                  50.8731m   -8.550    0.0051      Fe 2                6829.03A   -9.254    0.0010      H2 l                2.00000m   -3.932  210.9692
CO                  49.9472m   -8.622    0.0043      Fe 2                5746.98A   -8.105    0.0142      H2 v                      0    -5.574    4.8157
CO                  49.0559m   -8.697    0.0036      Fe 2                5283.12A   -8.664    0.0039      H-FB                      0    -6.183    1.1844
CO                  48.1977m   -8.772    0.0030      Fe 2                5199.18A   -8.879    0.0024      H-FF                      0    -6.418    0.6898
CO                  47.3709m   -8.849    0.0026      Fe 2                4351.81A   -9.027    0.0017      H-CT                6562.80A   -7.318    0.0868
CO                  46.5738m   -8.926    0.0021      Fe 2                4347.36A   -8.397    0.0072      H- H                      0    -7.518    0.0547
CO                  45.8046m   -9.005    0.0018      Fe 2                4329.43A   -7.743    0.0326      H2+                       0    -6.587    0.4676
CO                  45.0623m   -9.086    0.0015      Fe 2                2953.77A   -9.168    0.0012      bands..........................................
CO                  44.3452m   -9.169    0.0012      Fe 2                2772.73A   -7.251    0.1012      Fe 2b               2500.00A   -4.439   65.6011
CO                  43.6523m   -9.255    0.0010      Fe 2                2749.32A   -7.305    0.0893      Fe 2b               5000.00A   -4.495   57.7549
^13CO               1359.86m   -8.551    0.0051      Fe 2                9795.19A   -8.526    0.0054      Fe 2b               7000.00A   -5.437    6.5902
^13CO               906.599m   -8.167    0.0123      Fe 2                8228.13A   -8.441    0.0065      Fe 2b               10000.0A   -4.117  137.6865
^13CO               679.978m   -8.027    0.0170      Fe 2                7613.14A   -8.848    0.0026      Fe 2b               2355.00A   -5.226   10.7296
^13CO               544.012m   -7.962    0.0197      Fe 2                7011.24A   -9.255    0.0010      Fe 2b               2430.00A   -4.447   64.5200
^13CO               453.374m   -7.920    0.0217      Fe 2                6966.33A   -8.612    0.0044      Fe 2b               2445.00A   -4.447   64.5199
^13CO               388.637m   -7.906    0.0224      Fe 2                5477.25A   -8.610    0.0044      Fe 2b               2495.00A   -5.013   17.5041
^13CO               340.088m   -7.897    0.0229      Fe 2                5278.38A   -9.078    0.0015      Fe 2b               2610.00A   -4.697   36.2820
^13CO               302.332m   -7.900    0.0227      Fe 2                4402.59A   -8.863    0.0025      Fe 2b               2695.00A   -7.339    0.0826
^13CO               272.130m   -7.906    0.0224      Fe 2                4384.21A   -8.795    0.0029      Fe 2b               2758.00A   -6.267    0.9765
^13CO               247.423m   -7.920    0.0217      Fe 2                1.05081m   -9.006    0.0018      Fe 2b               2780.00A   -6.226    1.0727
^13CO               226.836m   -7.941    0.0207      Fe 2                7710.80A   -9.160    0.0012      Fe 2b               2935.00A   -7.920    0.0217
^13CO               209.419m   -7.967    0.0194      Fe 2                7048.01A   -8.826    0.0027      Fe 2b               2960.00A   -8.331    0.0084
^13CO               194.493m   -7.990    0.0185      Fe 2                5901.28A   -9.056    0.0016      Fe 2b               3180.00A   -6.857    0.2508
^13CO               181.558m   -8.015    0.0174      Fe 2                5527.62A   -9.168    0.0012      Fe 2b               3250.00A   -6.154    1.2648
^13CO               170.243m   -8.044    0.0163      Fe 2                2.04602m   -7.693    0.0366      Fe 2b               3590.00A   -6.174    1.2094
^13CO               160.261m   -8.073    0.0152      Fe 2                1.41956m   -8.248    0.0102      Fe 2b               3910.00A   -8.223    0.0108
^13CO               151.390m   -8.105    0.0142      Fe 2                1.35904m   -9.053    0.0016      Fe 2b               4060.00A   -8.882    0.0024
^13CO               143.454m   -8.137    0.0132      Fe 2                1.23314m   -8.041    0.0164      Fe 2b               4255.00A   -4.928   21.3002
^13CO               136.314m   -8.171    0.0122      Fe 2                1.09108m   -7.964    0.0196      Fe 2b               4558.00A   -5.658    3.9641
^13CO               129.855m   -8.210    0.0111      Fe 2                1.07084m   -8.402    0.0071      Fe 2b               4600.00A   -5.629    4.2447
^13CO               123.985m   -8.252    0.0101      Fe 2                1.05625m   -8.853    0.0025      Fe 2b               4743.00A   -6.377    0.7572
^13CO               118.627m   -8.295    0.0091      Fe 2                1.01565m   -8.655    0.0040      Fe 2b               4855.00A   -5.798    2.8712
^13CO               113.717m   -8.341    0.0082      Fe 2                8119.18A   -9.132    0.0013      Fe 2b               4920.00A   -5.284    9.3886
^13CO               109.201m   -8.390    0.0074      Fe 2                5588.16A   -7.958    0.0199      Fe 2b               4975.00A   -5.813    2.7725
^13CO               105.034m   -8.440    0.0065      Fe 2                5586.91A   -8.820    0.0027      Fe 2b               4971.00A   -5.856    2.5118
^13CO               101.176m   -8.494    0.0058      Fe 2                5580.82A   -7.389    0.0736      Fe 2b               5070.00A   -5.735    3.3200
^13CO               97.5955m   -8.550    0.0051      Fe 2                5551.32A   -7.107    0.1410      Fe 2b               5143.00A   -5.202   11.3383
^13CO               94.2629m   -8.610    0.0044      Fe 2                3227.74A   -8.807    0.0028      Fe 2b               5270.00A   -4.917   21.8365
^13CO               91.1537m   -8.674    0.0038      Fe 2                3196.07A   -8.342    0.0082      Fe 2b               5318.00A   -5.235   10.4978
^13CO               88.2461m   -8.742    0.0033      Fe 2                2.13278m   -7.948    0.0203      Fe 2b               5540.00A   -6.383    0.7474
^13CO               85.5213m   -8.814    0.0028      Fe 2                1.46079m   -8.794    0.0029      Fe 2b               5865.00A   -6.982    0.1879
^13CO               82.9627m   -8.893    0.0023      Fe 2                1.39678m   -8.855    0.0025      Fe 2b               6265.00A   -7.795    0.0289
^13CO               80.5556m   -8.979    0.0019      Fe 2                1.30943m   -8.875    0.0024      Fe 2b               6565.00A   -7.138    0.1312
^13CO               78.2869m   -9.074    0.0015      Fe 2                1.24364m   -9.060    0.0016      Fe 2b               6910.00A   -7.078    0.1509
^13CO               76.1453m   -9.181    0.0012      Fe 2                1.09413m   -8.161    0.0124      Fe 2b               7445.00A   -5.459    6.2741
OH+                 308.406m   -9.122    0.0014      Fe 2                1.07890m   -8.257    0.0100      Fe 2b               8625.00A   -5.126   13.4890
C  1                1560.31A   -7.905    0.0224      Fe 2                1.06830m   -9.015    0.0017      Fe 2b               1.03250m   -6.184    1.1812
C  1                1560.68A   -7.975    0.0191      Fe 2                1.03658m   -9.027    0.0017      Fe 2b               1.88900m   -4.833   26.5212
C  1                1560.71A   -8.083    0.0149      Fe 2                5650.95A   -7.936    0.0209      Fe 2b               2.20000m   -6.917    0.2183
C  1                1561.34A   -7.392    0.0732      Fe 2                5649.67A   -7.910    0.0222      miscellaneous..................................
C  1                1561.37A   -7.840    0.0261      Fe 2                5643.44A   -9.048    0.0016      Blnd                8446.00A   -8.991    0.0018
C  1                1561.44A   -7.477    0.0602      Fe 2                5613.27A   -7.323    0.0858      Blnd                1304.00A   -7.383    0.0747
C  1                1656.27A   -7.280    0.0948      Fe 2                2.24366m   -8.286    0.0093      Blnd                2798.00A   -3.954  200.4465
C  1                1656.93A   -7.647    0.0407      Fe 2                2.00672m   -7.632    0.0421      Blnd                6720.00A   -4.650   40.3670
C  1                1657.01A   -6.860    0.2489      Fe 2                1.10657m   -8.505    0.0056      Blnd                4074.00A   -5.975    1.9120
C  1                1657.38A   -7.665    0.0391      Fe 2                1.09542m   -8.609    0.0044      Blnd                1.03300m   -6.084    1.4881
C  1                1657.91A   -7.151    0.1273      Fe 2                5725.92A   -8.208    0.0112      Blnd                1256.00A   -8.006    0.0178
C  1                1658.12A   -7.244    0.1029      Fe 2                5718.22A   -7.657    0.0397      Blnd                5892.00A   -7.495    0.0577
C  1                1930.90A   -9.095    0.0015      Fe 2                2.22379m   -7.041    0.1640      Blnd                2665.00A   -5.505    5.6401
C  1                1992.01A   -8.788    0.0029      Fe 2                2.01513m   -7.361    0.0785      Blnd                2335.00A   -5.315    8.7357
C  1                1993.62A   -7.366    0.0776      Fe 2                9682.08A   -7.872    0.0242      Blnd                8579.00A   -4.924   21.5173
C  1                2582.90A   -8.631    0.0042      Fe 2                9513.85A   -8.679    0.0038      Blnd                7306.00A   -4.278   95.2094
C  1                8727.13A   -9.090    0.0015      Fe 2                8715.81A   -8.505    0.0056      Blnd                3933.00A   -6.358    0.7922
C  1                9824.13A   -4.482   59.5154      Fe 2                6873.84A   -8.170    0.0122      Blnd                1657.00A   -6.441    0.6537
C  1                9850.26A   -4.006  177.8034      Fe 2                6700.65A   -9.140    0.0013      Blnd                9850.00A   -3.881  237.3188
C  1                370.269m   -4.293   91.9923      Fe 2                6188.55A   -8.349    0.0081      Blnd                2326.00A   -7.231    0.1060
C  1                609.590m   -4.840   26.0931      Fe 2                5870.02A   -8.600    0.0045      Blnd                1335.00A   -8.340    0.0083
C  2                1334.53A   -9.115    0.0014      Fe 2                5673.20A   -8.634    0.0042      Blnd                3467.00A   -6.806    0.2823
C  2                1335.66A   -8.721    0.0034      Fe 2                4898.61A   -8.371    0.0077      Blnd                5199.00A   -4.560   49.7014
C  2                1335.71A   -8.720    0.0034      Fe 2                2.25348m   -7.879    0.0238      Blnd                1.04030m   -6.049    1.6110
C  2                2323.50A   -8.470    0.0061      Fe 2                1.02005m   -9.087    0.0015      Blnd                2141.00A   -9.060    0.0016
C  2                2324.69A   -8.152    0.0127      Fe 2                1.00139m   -8.530    0.0053      Blnd                6300.00A   -4.275   95.6981
C  2                2325.40A   -7.702    0.0358      Fe 2                9133.66A   -9.254    0.0010      Blnd                2471.00A   -8.947    0.0020
C  2                2326.93A   -7.688    0.0370      Fe 2                8885.67A   -8.979    0.0019      Blnd                7323.00A   -9.114    0.0014
C  2                2328.12A   -8.099    0.0144      Fe 2                7131.14A   -9.144    0.0013      Blnd                7332.00A   -9.196    0.0011
C  2                157.636m   -5.695    3.6406      Fe 2                6944.91A   -8.712    0.0035      Blnd                3727.00A   -7.035    0.1665
Ca 1                4226.73A   -7.334    0.0836      Fe 2                6473.88A   -8.749    0.0032      Blnd                7325.00A   -8.852    0.0025
Ca 1                6439.08A   -8.286    0.0093      Fe 2                6044.10A   -9.180    0.0012      N 1C                5199.00A   -8.536    0.0052
Ca 1                6462.57A   -8.534    0.0053      Fe 2                5835.45A   -8.849    0.0026      N 1T                5199.00A   -8.649    0.0041

                                                    Emergent line intensities
 Caution: emergent intensities are not reliable on the first iteration.
general properties.............................      Fe 2                2399.24A   -7.637    0.0416      Mn 2                2605.68A   -7.103    0.1425
continua.......................................      Fe 2                2395.42A   -8.637    0.0042      Mn 2                3438.97A   -8.462    0.0062
FIR                 83.0000m   -2.853 2532.6482      Fe 2                2380.76A   -5.635    4.1834      Mn 2                3460.03A   -9.059    0.0016
TIR                 1800.00m   -4.810   27.9608      Fe 2                2348.30A   -7.374    0.0762      N  1                1134.41A   -9.098    0.0014
NIRa                2.85000m   -2.931 2116.5261      Fe 2                2327.40A   -7.967    0.0195      N  1                1134.98A   -8.994    0.0018
NIRb                3.00000m   -4.093  145.6337      Fe 2                87.3597m   -6.686    0.3717      N  1                1199.55A   -8.418    0.0069
MIRa                15.0000m   -4.188  117.1383      Fe 2                5.06097m   -7.587    0.0467      N  1                1200.22A   -8.590    0.0046
MIRb                22.5000m   -3.056 1585.6565      Fe 2                4.43363m   -7.505    0.0565      N  1                1200.71A   -8.892    0.0023
NMIR                21.7500m   -2.931 2116.5261      Fe 2                1.40951m   -8.915    0.0022      N  1                3466.50A   -6.889    0.2329
TFIR                611.250m   -3.727  338.4985      Fe 2                1.32777m   -7.053    0.1597      N  1                3466.54A   -7.562    0.0494
TALL                10000.0A   -2.477 6018.7290      Fe 2                1.27877m   -7.110    0.1401      N  1                5197.90A   -4.958   19.8708
F12                 12.0000m   -6.091    1.4639      Fe 2                1.25214m   -8.150    0.0128      N  1                5200.26A   -4.782   29.8300
F25                 25.0000m   -4.702   35.8370      Fe 2                7926.88A   -8.388    0.0074      N  1                1.03977m   -6.394    0.7287
F60                 60.0000m   -2.910 2219.1799      Fe 2                7803.89A   -8.128    0.0134      N  1                1.03982m   -6.917    0.2187
F100                100.000m   -5.840    2.6063      Fe 2                7665.28A   -7.381    0.0750      N  1                1.04072m   -6.742    0.3270
MIPS                24.0000m   -4.702   35.8318      Fe 2                5006.63A   -7.528    0.0535      N  1                1.04076m   -6.729    0.3365
MIPS                70.0000m   -2.911 2215.7942      Fe 2                4772.06A   -8.341    0.0082      Na 1                5889.95A   -7.796    0.0288
MIPS                160.000m   -3.932  211.2754      Fe 2                4639.67A   -8.025    0.0170      Na 1                5895.92A   -7.796    0.0289
IRAC                3.60000m   -7.315    0.0874      Fe 2                4528.39A   -7.636    0.0417      Ni 1                7.50454m   -7.822    0.0272
IRAC                4.50000m   -5.994    1.8281      Fe 2                4509.61A   -7.984    0.0187      O  1                1304.86A   -7.514    0.0553
IRAC                5.80000m   -4.281   94.4322      Fe 2                4452.10A   -6.007    1.7768      O  1                1306.03A   -7.992    0.0184
IRAC                8.00000m   -5.289    9.2834      Fe 2                3277.55A   -8.142    0.0130      O  1                1355.60A   -7.572    0.0483
SPR1                250.000m   -5.930    2.1185      Fe 2                3277.12A   -9.046    0.0016      O  1                1358.51A   -8.010    0.0176
SPR2                350.000m   -4.286   93.4152      Fe 2                3275.02A   -8.218    0.0109      O  1                2972.29A   -7.041    0.1642
SPR3                500.000m   -6.123    1.3591      Fe 2                2631.05A   -6.963    0.1966      O  1                5577.34A   -6.092    1.4620
PAC1                70.0000m   -2.911 2216.6797      Fe 2                2620.41A   -8.844    0.0026      O  1                6300.30A   -4.396   72.5173
PAC2                100.000m   -5.840    2.6093      Fe 2                2613.82A   -7.734    0.0333      O  1                6363.78A   -4.892   23.1655
PAC3                160.000m   -3.929  212.7082      Fe 2                2410.52A   -7.606    0.0447      O  1                6391.73A   -8.220    0.0109
PAH                 3.30000m   -8.121    0.0137      Fe 2                2406.66A   -7.876    0.0240      O  1                44.0453m   -8.541    0.0052
PAHC                3.23000m   -8.400    0.0072      Fe 2                2404.43A   -8.698    0.0036      O  1                63.1679m   -2.911 2214.5212
PAHC                3.37000m   -8.390    0.0074      Fe 2                2359.11A   -7.683    0.0374      O  1                145.495m   -3.944  205.2614
PAH                 6.20000m   -8.168    0.0123      Fe 2                2338.01A   -7.749    0.0322      O  2                2470.34A   -9.050    0.0016
PAHC                5.65000m   -7.078    0.1508      Fe 2                4.67067m   -8.129    0.0134      O  2                7319.99A   -9.243    0.0010
PAH                 7.90000m   -7.653    0.0401      Fe 2                1.29777m   -7.441    0.0654      O  2                3728.81A   -7.257    0.0999
PAHC                6.90000m   -5.291    9.2380      Fe 2                1.27034m   -7.313    0.0878      O  2                3726.03A   -7.433    0.0666
PAH                 11.3000m   -7.559    0.0498      Fe 2                7999.47A   -9.135    0.0013      P  2                60.6263m   -6.355    0.7970
PAHC                10.9000m   -7.170    0.1219      Fe 2                7874.24A   -7.482    0.0594      P  2                1532.53A   -8.925    0.0021
PAH                 11.8000m   -8.855    0.0025      Fe 2                7733.14A   -8.029    0.0169      P  2                32.8620m   -6.458    0.6292
PAHC                12.6500m   -6.918    0.2178      Fe 2                4798.28A   -7.891    0.0232      P  2                1.14682m   -6.375    0.7613
PAH                 13.3000m   -8.818    0.0027      Fe 2                4664.45A   -8.539    0.0052      P  2                4669.25A   -8.040    0.0165
PAHC                14.1000m   -6.578    0.4764      Fe 2                4533.01A   -8.531    0.0053      P  2                2195.57A   -8.319    0.0087
Bcon                3640.00A   -3.236 1048.7817      Fe 2                4474.90A   -6.319    0.8655      P  2                1536.42A   -8.856    0.0025
Pcon                5000.00A   -3.654  400.6240      Fe 2                3289.89A   -8.527    0.0054      P  2                1535.92A   -8.753    0.0032
O3bn                5007.00A   -5.516    5.4949      Fe 2                3289.46A   -8.307    0.0089      P  2                1.18828m   -5.952    2.0179
RRC............................................      Fe 2                2628.29A   -7.419    0.0688      P  2                2210.34A   -7.866    0.0246
grains.........................................      Fe 2                2621.67A   -8.319    0.0087      P  2                1542.30A   -9.042    0.0016
H-like iso-sequence............................      Fe 2                2413.31A   -8.123    0.0136      P  2                7875.99A   -7.292    0.0922
H  1                1215.67A   -3.557  500.4254      Fe 2                2411.07A   -8.131    0.0133      S  1                1483.04A   -8.903    0.0023
H  1                6562.80A   -5.494    5.7825      Fe 2                2344.28A   -7.838    0.0262      S  1                1820.34A   -7.582    0.0473
H  1                4861.32A   -6.256    1.0000      Fe 2                17.9311m   -5.270    9.6917      S  1                1826.24A   -8.065    0.0155
H  1                4340.46A   -6.637    0.4161      Fe 2                1.64355m   -4.376   75.9760      S  1                25.2421m   -5.526    5.3787
H  1                4101.73A   -8.326    0.0085      Fe 2                1.53348m   -5.501    5.6950      S  1                56.2957m   -6.485    0.5907
H  1                3970.07A   -8.615    0.0044      Fe 2                8616.95A   -5.765    3.1041      S  2                6730.82A   -5.040   16.4757
H  1                3889.05A   -8.847    0.0026      Fe 2                7155.17A   -5.893    2.3090      S  2                6716.44A   -4.878   23.8882
H  1                3835.38A   -9.041    0.0016      Fe 2                6896.17A   -7.345    0.0816      S  2                4076.35A   -6.588    0.4665
H  1                3797.90A   -9.207    0.0011      Fe 2                5413.37A   -7.803    0.0284      S  2                4068.60A   -6.096    1.4455
H  1                3770.63A   -8.954    0.0020      Fe 2                5280.27A   -8.339    0.0083      S  2                1.03364m   -6.726    0.3393
H  1                3750.15A   -9.070    0.0015      Fe 2                5273.36A   -5.892    2.3159      S  2                1.02867m   -6.723    0.3418
H  1                3734.37A   -9.174    0.0012      Fe 2                5158.79A   -5.281    9.4576      S  2                1.03705m   -7.048    0.1617
H  1                1.87510m   -7.028    0.1691      Fe 2                5111.64A   -6.188    1.1718      S  2                1.03205m   -6.589    0.4650
H  1                1.28181m   -7.341    0.0822      Fe 2                5072.41A   -5.933    2.1052      S  2                1259.52A   -8.361    0.0079
H  1                1.09381m   -8.711    0.0035      Fe 2                5039.10A   -7.368    0.0774      S  2                1253.81A   -8.439    0.0066
H  1                1.00494m   -9.019    0.0017      Fe 2                4814.54A   -6.237    1.0454      S  2                1250.58A   -8.747    0.0032
H  1                4.05115m   -7.898    0.0228      Fe 2                4774.73A   -6.677    0.3796      Sc 2                4246.82A   -8.811    0.0028
H  1                2.62515m   -8.888    0.0023      Fe 2                4745.49A   -7.729    0.0337      Sc 2                7043.49A   -8.581    0.0047
H  1                2.16553m   -9.239    0.0010      Fe 2                4661.78A   -8.827    0.0027      Sc 2                8261.17A   -9.096    0.0014
H  1                7.45782m   -8.924    0.0021      Fe 2                4243.97A   -5.607    4.4614      Sc 2                8271.28A   -8.982    0.0019
He-like iso-sequence...........................      Fe 2                4177.20A   -6.697    0.3627      Sc 2                8326.62A   -9.235    0.0010
extra Lyman....................................      Fe 2                4146.65A   -8.272    0.0096      Sc 2                8347.28A   -8.801    0.0029
database lines.................................      Fe 2                4114.48A   -8.611    0.0044      Sc 2                8384.33A   -9.113    0.0014
CN                  2648.35m   -8.875    0.0024      Fe 2                3929.35A   -8.864    0.0025      Sc 2                1.07804m   -9.179    0.0012
CN                  2640.74m   -8.574    0.0048      Fe 2                3387.09A   -7.112    0.1394      Sc 2                2.03194m   -8.717    0.0035
CN                  1322.30m   -8.953    0.0020      Fe 2                3376.20A   -6.315    0.8746      Sc 2                2.04712m   -9.064    0.0016
CN                  1321.03m   -8.696    0.0036      Fe 2                2732.45A   -7.432    0.0667      Sc 2                2.07591m   -8.708    0.0035
CN                  881.421m   -8.945    0.0020      Fe 2                2493.30A   -5.013   17.4978      Sc 2                2.07842m   -8.542    0.0052
CN                  880.858m   -8.789    0.0029      Fe 2                2484.20A   -8.597    0.0046      Sc 2                2.08152m   -8.811    0.0028
CN                  661.044m   -8.854    0.0025      Fe 2                2360.00A   -6.978    0.1900      Sc 2                2.11129m   -8.985    0.0019
CN                  660.727m   -8.741    0.0033      Fe 2                2348.12A   -7.039    0.1648      Sc 2                2.12445m   -8.983    0.0019
CN                  528.842m   -8.962    0.0020      Fe 2                2331.31A   -8.697    0.0036      Si 1                2211.75A   -9.081    0.0015
CN                  528.639m   -8.872    0.0024      Fe 2                24.5126m   -5.970    1.9346      Si 1                2519.20A   -8.486    0.0059
CN                  440.721m   -8.977    0.0019      Fe 2                1.80940m   -4.976   19.0521      Si 1                2528.51A   -8.268    0.0097
CN                  440.580m   -8.903    0.0023      Fe 2                1.67688m   -5.926    2.1386      Si 1                68.4548m   -7.773    0.0305
CN                  377.785m   -9.121    0.0014      Fe 2                1.59948m   -5.833    2.6482      Si 1                129.641m   -7.843    0.0259
CN                  377.682m   -9.057    0.0016      Fe 2                9051.95A   -5.606    4.4724      Si 2                34.8046m   -3.102 1426.4425
CN                  330.590m   -9.208    0.0011      Fe 2                8891.93A   -6.030    1.6825      Si 2                2334.41A   -6.258    0.9958
CN                  330.511m   -9.152    0.0013      Fe 2                7452.56A   -6.385    0.7438      Si 2                2328.52A   -6.869    0.2440
HF                  243.178m   -8.477    0.0060      Fe 2                7172.00A   -6.300    0.9037      Si 2                1808.01A   -6.280    0.9467
CO                  2600.05m   -8.187    0.0117      Fe 2                6275.53A   -8.258    0.0100      Si 2                1526.71A   -9.233    0.0011
CO                  1300.05m   -7.013    0.1753      Fe 2                5527.36A   -6.875    0.2409      Si 2                1260.42A   -8.334    0.0084
CO                  866.727m   -6.652    0.4022      Fe 2                5440.48A   -8.632    0.0042      Si 2                2350.17A   -6.120    1.3706
CO                  650.074m   -6.524    0.5406      Fe 2                5433.15A   -6.406    0.7093      Si 2                2344.20A   -5.720    3.4375
CO                  520.089m   -6.462    0.6234      Fe 2                5261.63A   -5.661    3.9407      Si 2                2334.60A   -5.827    2.6888
CO                  433.438m   -6.421    0.6839      Fe 2                5220.08A   -6.936    0.2090      Si 2                1817.45A   -6.209    1.1153
CO                  371.549m   -6.407    0.7062      Fe 2                5184.80A   -6.832    0.2659      Si 2                1816.93A   -5.865    2.4649
CO                  325.137m   -6.398    0.7215      Fe 2                5158.01A   -6.781    0.2987      Si 2                1533.43A   -6.666    0.3892
CO                  289.041m   -6.401    0.7171      Fe 2                4947.39A   -6.181    1.1897      Si 2                1309.28A   -7.448    0.0644
CO                  260.169m   -6.407    0.7073      Fe 2                4905.35A   -6.532    0.5299      Si 2                1265.00A   -7.264    0.0982
CO                  236.549m   -6.421    0.6840      Fe 2                4874.50A   -6.575    0.4802      Si 2                1264.74A   -7.664    0.0391
CO                  216.868m   -6.442    0.6527      Fe 2                4852.74A   -7.936    0.0209      Si 2                1197.39A   -7.615    0.0438
CO                  200.218m   -6.467    0.6153      Fe 2                4346.86A   -6.234    1.0521      Si 2                1194.50A   -7.838    0.0262
CO                  185.949m   -6.489    0.5854      Fe 2                4276.84A   -6.158    1.2540      Si 2                3862.60A   -8.854    0.0025
CO                  173.584m   -6.514    0.5530      Fe 2                4244.82A   -6.970    0.1934      Si 2                3856.02A   -8.827    0.0027
CO                  162.767m   -6.540    0.5201      Fe 2                4231.56A   -8.570    0.0049      Si 2                6371.37A   -8.771    0.0031
CO                  153.225m   -6.569    0.4870      Fe 2                4211.11A   -8.546    0.0051      Si 2                6347.11A   -8.693    0.0037
CO                  144.745m   -6.599    0.4545      Fe 2                3455.11A   -7.219    0.1091      Zn 2                2062.00A   -8.355    0.0080
CO                  137.159m   -6.630    0.4232      Fe 2                3452.31A   -6.907    0.2235      Zn 2                2025.48A   -8.121    0.0137
CO                  130.333m   -6.662    0.3934      Fe 2                3440.99A   -6.793    0.2905      Al 2                2669.15A   -5.902    2.2635
CO                  124.160m   -6.699    0.3612      Fe 2                2774.73A   -8.673    0.0038      Al 2                2660.35A   -5.728    3.3772
CO                  118.548m   -6.739    0.3293      Fe 2                2759.34A   -9.069    0.0015      Al 2                1670.79A   -6.398    0.7224
CO                  113.427m   -6.779    0.2999      Fe 2                2485.07A   -8.859    0.0025      Al 2                3900.67A   -9.137    0.0013
CO                  108.733m   -6.822    0.2716      Fe 2                2391.48A   -7.942    0.0206      Ca 2                7323.89A   -4.671   38.5317
CO                  104.416m   -6.866    0.2459      Fe 2                2379.28A   -8.641    0.0041      Ca 2                7291.47A   -4.503   56.6713
CO                  100.433m   -6.911    0.2215      Fe 2                2362.02A   -7.399    0.0719      Ca 2                3968.47A   -6.680    0.3767
CO                  96.7462m   -6.958    0.1986      Fe 2                35.7675m   -6.770    0.3067      Ca 2                8662.14A   -5.401    7.1643
CO                  93.3237m   -7.007    0.1775      Fe 2                1.95361m   -5.888    2.3382      Ca 2                3933.66A   -6.638    0.4156
CO                  90.1384m   -7.058    0.1580      Fe 2                1.80002m   -5.942    2.0627      Ca 2                8498.02A   -6.093    1.4574
CO                  87.1666m   -7.110    0.1400      Fe 2                1.71113m   -6.511    0.5562      Ca 2                8542.09A   -5.146   12.8939
CO                  84.3877m   -7.164    0.1237      Fe 2                1.66377m   -6.131    1.3363      Ca 2                3706.02A   -7.766    0.0309
CO                  81.7835m   -7.219    0.1090      Fe 2                9399.04A   -6.028    1.6921      Ca 2                3736.90A   -7.470    0.0612
CO                  79.3383m   -7.277    0.0954      Fe 2                9226.63A   -5.974    1.9162      Ca 2                3158.87A   -7.788    0.0294
CO                  77.0375m   -7.336    0.0832      Fe 2                9033.49A   -7.050    0.1609      Ca 2                3181.27A   -8.493    0.0058
CO                  74.8697m   -7.396    0.0725      Fe 2                7388.17A   -6.420    0.6855      Ca 2                3179.33A   -7.538    0.0523
CO                  72.8231m   -7.459    0.0627      Fe 2                6440.41A   -7.373    0.0764      Ca 2                1.19497m   -9.207    0.0011
CO                  70.8878m   -7.523    0.0542      Fe 2                6229.28A   -8.523    0.0054      Ca 2                1.18390m   -8.905    0.0022
CO                  69.0557m   -7.586    0.0468      Fe 2                5654.87A   -7.835    0.0264      Ca 2                1838.01A   -8.725    0.0034
CO                  67.3181m   -7.651    0.0403      Fe 2                5556.31A   -7.075    0.1519      Ca 2                1840.03A   -8.569    0.0049
CO                  65.6684m   -7.717    0.0346      Fe 2                5412.67A   -7.603    0.0450      Ca 2                2112.76A   -9.197    0.0011
CO                  64.0998m   -7.783    0.0297      Fe 2                5333.66A   -5.948    2.0343      Cl 2                14.3639m   -6.580    0.4749
CO                  62.6072m   -7.850    0.0255      Fe 2                5296.84A   -7.231    0.1060      Cl 2                33.2721m   -7.660    0.0395
CO                  61.1843m   -7.917    0.0219      Fe 2                5268.89A   -6.951    0.2019      Cl 2                8578.70A   -6.268    0.9738
CO                  59.8271m   -7.984    0.0187      Fe 2                5107.96A   -7.887    0.0234      Cl 2                9123.60A   -6.853    0.2534
CO                  58.5311m   -8.052    0.0160      Fe 2                5049.30A   -6.354    0.7981      Cl 2                3677.85A   -8.190    0.0116
CO                  57.2920m   -8.121    0.0137      Fe 2                5005.52A   -6.408    0.7047      Cl 2                6161.84A   -8.144    0.0129
CO                  56.1066m   -8.191    0.0116      Fe 2                4973.40A   -6.676    0.3806      Mg 2                2802.71A   -4.428   67.2982
CO                  54.9712m   -8.262    0.0099      Fe 2                4950.76A   -7.022    0.1717      Mg 2                2795.53A   -4.132  133.1659
CO                  53.8829m   -8.334    0.0084      Fe 2                4352.79A   -6.474    0.6060      Mg 2                2936.52A   -7.359    0.0789
CO                  52.8388m   -8.405    0.0071      Fe 2                4319.62A   -6.740    0.3285      Mg 2                2928.64A   -7.661    0.0394
CO                  51.8365m   -8.477    0.0060      Fe 2                4305.90A   -7.543    0.0517      Mg 2                2797.93A   -8.099    0.0144
CO                  50.8731m   -8.550    0.0051      Fe 2                4084.33A   -8.869    0.0024      Mg 2                2790.77A   -7.397    0.0723
CO                  49.9472m   -8.622    0.0043      Fe 2                3504.51A   -7.521    0.0543      Mg 2                2798.00A   -7.144    0.1295
CO                  49.0559m   -8.697    0.0036      Fe 2                3504.02A   -7.378    0.0756      Mg 2                9244.22A   -9.217    0.0011
CO                  48.1977m   -8.772    0.0030      Fe 2                3501.63A   -6.942    0.2063      Mg 2                9218.22A   -8.920    0.0022
CO                  47.3709m   -8.849    0.0026      Fe 2                3489.99A   -7.621    0.0432      N  2                205.283m   -8.453    0.0064
CO                  46.5738m   -8.926    0.0021      Fe 2                2385.01A   -8.225    0.0107      N  2                121.769m   -8.673    0.0038
CO                  45.8046m   -9.005    0.0018      Fe 2                2.06648m   -7.281    0.0945      N  2                6548.05A   -7.825    0.0270
CO                  45.0623m   -9.086    0.0015      Fe 2                1.89541m   -6.678    0.3790      N  2                6583.45A   -7.356    0.0796
CO                  44.3452m   -9.169    0.0012      Fe 2                1.79711m   -6.165    1.2356      N  2                5754.59A   -9.204    0.0011
CO                  43.6523m   -9.255    0.0010      Fe 2                1.74494m   -6.453    0.6358      N  2                2142.77A   -9.209    0.0011
^13CO               1359.86m   -8.551    0.0051      Fe 2                9652.70A   -6.877    0.2397      Ni 2                1.19102m   -5.252   10.0992
^13CO               906.599m   -8.167    0.0123      Fe 2                9470.94A   -6.365    0.7797      Ni 2                6.63416m   -5.880    2.3802
^13CO               679.978m   -8.027    0.0170      Fe 2                9267.56A   -6.746    0.3236      Ni 2                1.07151m   -6.873    0.2420
^13CO               544.012m   -7.962    0.0197      Fe 2                7544.00A   -9.060    0.0016      Ni 2                10.6793m   -6.510    0.5577
^13CO               453.374m   -7.920    0.0217      Fe 2                6558.51A   -7.587    0.0467      Ni 2                1.27792m   -8.697    0.0036
^13CO               388.637m   -7.906    0.0224      Fe 2                5745.71A   -8.206    0.0112      Ni 2                1.16130m   -7.389    0.0737
^13CO               340.088m   -7.897    0.0229      Fe 2                5643.98A   -8.047    0.0162      Ni 2                12.7253m   -6.926    0.2142
^13CO               302.332m   -7.900    0.0227      Fe 2                5495.84A   -7.880    0.0238      Ni 2                9882.95A   -8.138    0.0131
^13CO               272.130m   -7.906    0.0224      Fe 2                5376.47A   -6.342    0.8207      Ni 2                1.09177m   -7.676    0.0381
^13CO               247.423m   -7.920    0.0217      Fe 2                5347.66A   -7.457    0.0631      Ni 2                18.2355m   -7.642    0.0411
^13CO               226.836m   -7.941    0.0207      Fe 2                5181.96A   -7.733    0.0334      Ni 2                9374.87A   -8.431    0.0067
^13CO               209.419m   -7.967    0.0195      Fe 2                5076.57A   -7.013    0.1753      Ni 2                7377.83A   -6.040    1.6459
^13CO               194.493m   -7.990    0.0185      Fe 2                5043.53A   -6.883    0.2365      Ni 2                8300.99A   -7.336    0.0833
^13CO               181.558m   -8.015    0.0174      Fe 2                5020.25A   -6.999    0.1810      Ni 2                1.93877m   -6.748    0.3226
^13CO               170.243m   -8.044    0.0163      Fe 2                4372.43A   -7.014    0.1746      Ni 2                2.36883m   -8.035    0.0167
^13CO               160.261m   -8.073    0.0152      Fe 2                4358.37A   -7.226    0.1073      Ni 2                2.91064m   -7.703    0.0357
^13CO               151.390m   -8.105    0.0142      Fe 2                4080.00A   -8.898    0.0023      Ni 2                6666.80A   -6.886    0.2346
^13CO               143.454m   -8.137    0.0132      Fe 2                3539.19A   -7.226    0.1073      Ni 2                7411.61A   -6.667    0.3883
^13CO               136.314m   -8.171    0.0122      Fe 2                3538.69A   -7.519    0.0546      Ni 2                1.76458m   -8.812    0.0028
^13CO               129.855m   -8.210    0.0111      Fe 2                3536.25A   -7.645    0.0409      Ni 2                2.04866m   -8.390    0.0074
^13CO               123.985m   -8.252    0.0101      Fe 2                3524.38A   -8.954    0.0020      Ni 2                2.30794m   -7.847    0.0257
^13CO               118.627m   -8.295    0.0091      Fe 2                22.8961m   -8.275    0.0096      Ni 2                6.91767m   -8.146    0.0129
^13CO               113.717m   -8.341    0.0082      Fe 2                1.81139m   -8.554    0.0050      Ni 2                4326.24A   -6.833    0.2650
^13CO               109.201m   -8.390    0.0074      Fe 2                7764.71A   -7.760    0.0313      Ni 2                4628.05A   -7.255    0.1003
^13CO               105.034m   -8.440    0.0065      Fe 2                7336.73A   -8.050    0.0161      Ni 2                6794.20A   -8.311    0.0088
^13CO               101.176m   -8.494    0.0058      Fe 2                7267.25A   -9.018    0.0017      Ni 2                7255.82A   -7.188    0.1171
^13CO               97.5955m   -8.550    0.0051      Fe 2                6809.24A   -8.027    0.0169      Ni 2                7694.56A   -8.259    0.0100
^13CO               94.2629m   -8.610    0.0044      Fe 2                6729.87A   -8.309    0.0089      Ni 2                8033.54A   -8.423    0.0068
^13CO               91.1537m   -8.674    0.0038      Fe 2                6671.93A   -8.872    0.0024      Ni 2                1.04597m   -7.672    0.0384
^13CO               88.2461m   -8.742    0.0033      Fe 2                5721.37A   -9.145    0.0013      Ni 2                1.23230m   -7.699    0.0361
^13CO               85.5213m   -8.814    0.0028      Fe 2                5163.96A   -8.057    0.0158      Ni 2                4201.17A   -7.016    0.1741
^13CO               82.9627m   -8.893    0.0023      Fe 2                4266.35A   -8.757    0.0032      Ni 2                4485.21A   -7.468    0.0614
^13CO               80.5556m   -8.979    0.0019      Fe 2                4249.08A   -9.028    0.0017      Ni 2                7307.65A   -7.364    0.0781
^13CO               78.2869m   -9.074    0.0015      Fe 2                4157.92A   -9.033    0.0017      Ni 2                7612.72A   -7.692    0.0367
^13CO               76.1453m   -9.181    0.0012      Fe 2                3277.35A   -7.562    0.0495      Ni 2                1.13597m   -8.375    0.0076
OH+                 308.406m   -9.122    0.0014      Fe 2                3255.89A   -8.819    0.0027      Ni 2                4285.31A   -8.224    0.0108
C  1                1560.31A   -7.906    0.0224      Fe 2                2926.59A   -8.448    0.0064      Ni 2                6791.48A   -7.938    0.0208
C  1                1560.68A   -7.976    0.0191      Fe 2                2880.76A   -8.133    0.0133      Ni 2                7054.20A   -7.843    0.0259
C  1                1560.71A   -8.084    0.0149      Fe 2                2755.74A   -6.480    0.5974      Ni 2                9.61508m   -9.133    0.0013
C  1                1561.34A   -7.393    0.0730      Fe 2                2739.55A   -7.190    0.1165      Ni 2                4033.04A   -7.282    0.0943
C  1                1561.37A   -7.841    0.0260      Fe 2                2716.70A   -7.339    0.0826      Ni 2                4294.09A   -7.402    0.0715
C  1                1561.44A   -7.478    0.0601      Fe 2                34.6508m   -9.146    0.0013      Ni 2                6467.29A   -8.436    0.0066
C  1                1656.27A   -7.280    0.0948      Fe 2                1.00287m   -7.748    0.0322      Ni 2                6813.57A   -7.424    0.0680
C  1                1656.93A   -7.647    0.0407      Fe 2                8245.16A   -9.247    0.0010      Ni 2                7078.04A   -7.972    0.0192
C  1                1657.01A   -6.860    0.2489      Fe 2                8037.28A   -8.278    0.0095      Ni 2                1.02090m   -8.754    0.0032
C  1                1657.38A   -7.665    0.0391      Fe 2                7579.61A   -8.769    0.0031      Ni 2                3993.06A   -6.937    0.2088
C  1                1657.91A   -7.151    0.1273      Fe 2                7017.95A   -8.688    0.0037      Ni 2                4248.80A   -7.412    0.0699
C  1                1658.12A   -7.244    0.1030      Fe 2                6933.67A   -9.053    0.0016      Ni 2                6007.06A   -8.526    0.0054
C  1                1930.90A   -9.095    0.0015      Fe 2                6872.19A   -8.219    0.0109      Ni 2                6365.10A   -7.411    0.0701
C  1                1992.01A   -8.788    0.0029      Fe 2                6829.03A   -9.254    0.0010      Ni 2                6700.24A   -8.804    0.0028
C  1                1993.62A   -7.366    0.0776      Fe 2                5746.98A   -8.106    0.0142      Ni 2                6955.82A   -8.839    0.0026
C  1                2582.90A   -8.631    0.0042      Fe 2                5283.12A   -8.665    0.0039      Ni 2                8703.87A   -7.866    0.0246
C  1                8727.13A   -9.091    0.0015      Fe 2                5199.18A   -8.879    0.0024      Ni 2                9956.63A   -8.092    0.0146
C  1                9824.13A   -4.482   59.5114      Fe 2                4351.81A   -9.027    0.0017      Ni 2                5.18504m   -8.871    0.0024
C  1                9850.26A   -4.007  177.7915      Fe 2                4347.36A   -8.397    0.0072      Ni 2                3438.88A   -7.125    0.1352
C  1                370.269m   -4.293   92.0107      Fe 2                4329.43A   -7.743    0.0326      Ni 2                3626.89A   -7.433    0.0666
C  1                609.590m   -4.840   26.0983      Fe 2                2953.77A   -9.168    0.0012      Ni 2                3378.16A   -7.739    0.0329
C  2                1334.53A   -9.120    0.0014      Fe 2                2772.73A   -7.251    0.1012      Ni 2                3559.41A   -7.719    0.0345
C  2                1335.66A   -8.725    0.0034      Fe 2                2749.32A   -7.305    0.0893      level 1 lines..................................
C  2                1335.71A   -8.725    0.0034      Fe 2                9795.19A   -8.526    0.0054      recombination..................................
C  2                2323.50A   -8.470    0.0061      Fe 2                8228.13A   -8.441    0.0065      level2 lines...................................
C  2                2324.69A   -8.152    0.0127      Fe 2                7613.14A   -8.849    0.0026      C  1                1247.50A   -8.109    0.0141
C  2                2325.40A   -7.702    0.0358      Fe 2                7011.24A   -9.255    0.0010      C  1                1314.77A   -8.033    0.0167
C  2                2326.93A   -7.688    0.0370      Fe 2                6966.33A   -8.612    0.0044      C  1                1233.29A   -8.625    0.0043
C  2                2328.12A   -8.099    0.0144      Fe 2                5477.25A   -8.610    0.0044      C  1                1250.68A   -8.777    0.0030
C  2                157.636m   -5.695    3.6413      Fe 2                5278.38A   -9.078    0.0015      Mg 1                1817.31A   -8.929    0.0021
Ca 1                4226.73A   -7.334    0.0836      Fe 2                4402.59A   -8.863    0.0025      Mg 1                1739.09A   -9.135    0.0013
Ca 1                6439.08A   -8.286    0.0093      Fe 2                4384.21A   -8.795    0.0029      Mg 1                1699.05A   -9.167    0.0012
Ca 1                6462.57A   -8.534    0.0053      Fe 2                1.05081m   -9.006    0.0018      Mg 1                1675.74A   -9.202    0.0011
Ca 1                6493.78A   -8.748    0.0032      Fe 2                7710.80A   -9.160    0.0012      Si 1                1853.05A   -9.053    0.0016
Cl 1                11.3303m   -7.581    0.0473      Fe 2                7048.01A   -8.826    0.0027      Si 2                1179.59A   -8.416    0.0069
Co 2                9335.96A   -8.396    0.0073      Fe 2                5901.28A   -9.056    0.0016      S  1                1356.05A   -8.647    0.0041
Co 2                9639.13A   -8.834    0.0026      Fe 2                5527.62A   -9.168    0.0012      S  1                1392.25A   -9.017    0.0017
Co 2                10.5199m   -7.230    0.1063      Fe 2                2.04602m   -7.693    0.0366      S  1                1418.10A   -9.218    0.0011
Co 2                15.4548m   -8.115    0.0138      Fe 2                1.41956m   -8.248    0.0102      Ca 2                1360.06A   -9.245    0.0010
Co 2                2.98382m   -6.716    0.3472      Fe 2                1.35904m   -9.053    0.0016      Fe 1                2484.25A   -8.888    0.0023
Co 2                14.7345m   -7.760    0.0314      Fe 2                1.23314m   -8.041    0.0164      Fe 1                2526.51A   -9.126    0.0014
Co 2                18.7989m   -8.279    0.0095      Fe 2                1.09108m   -7.964    0.0196      Sc 2                3627.22A   -7.580    0.0475
Co 2                25.6819m   -8.967    0.0019      Fe 2                1.07084m   -8.402    0.0071      Sc 2                3575.45A   -7.702    0.0358
Co 2                1.01879m   -7.445    0.0647      Fe 2                1.05625m   -8.853    0.0025      Sc 2                3368.13A   -8.266    0.0098
Co 2                1.12804m   -8.416    0.0069      Fe 2                1.01565m   -8.655    0.0040      Ti 2                3364.74A   -6.006    1.7818
Co 2                1.54700m   -7.691    0.0368      Fe 2                8119.18A   -9.132    0.0013      Ti 2                3237.15A   -6.245    1.0259
Co 2                1.72847m   -8.687    0.0037      Fe 2                5588.16A   -7.958    0.0199      Ti 2                1904.17A   -8.113    0.0139
Co 2                1.90349m   -8.526    0.0054      Fe 2                5586.91A   -8.820    0.0027      Ti 2                1907.36A   -7.856    0.0252
Co 2                1.02452m   -8.251    0.0101      Fe 2                5580.82A   -7.389    0.0736      V  2                2710.94A   -8.335    0.0083
Co 2                1.09726m   -8.879    0.0024      Fe 2                5551.32A   -7.107    0.1410      V  2                2684.22A   -8.098    0.0144
Co 2                1.49674m   -9.116    0.0014      Fe 2                3227.74A   -8.807    0.0028      V  2                2139.33A   -8.735    0.0033
Co 2                1.62622m   -9.104    0.0014      Fe 2                3196.07A   -8.342    0.0082      Cr 1                4269.56A   -8.729    0.0034
Co 2                1.73616m   -8.810    0.0028      Fe 2                2.13278m   -7.948    0.0203      Cr 1                3589.90A   -8.545    0.0051
Co 2                1.02803m   -8.849    0.0026      Fe 2                1.46079m   -8.794    0.0029      Cr 2                2059.78A   -6.606    0.4475
Co 2                8580.39A   -8.905    0.0022      Fe 2                1.39678m   -8.855    0.0025      Mn 2                1198.85A   -8.964    0.0020
Co 2                9342.40A   -7.600    0.0453      Fe 2                1.30943m   -8.875    0.0024      Co 2                2060.90A   -8.072    0.0153
Co 2                9943.48A   -7.948    0.0204      Fe 2                1.24364m   -9.060    0.0016      Co 2                2018.80A   -8.107    0.0141
Co 2                7539.01A   -8.269    0.0097      Fe 2                1.09413m   -8.161    0.0124      Co 2                1949.74A   -8.184    0.0118
Co 2                8121.00A   -7.981    0.0188      Fe 2                1.07890m   -8.258    0.0100      Co 2                1575.91A   -8.706    0.0035
Co 2                8571.41A   -8.588    0.0047      Fe 2                1.06830m   -9.015    0.0017      Co 2                1470.18A   -8.784    0.0030
Co 2                6.21176m   -9.230    0.0011      Fe 2                1.03658m   -9.027    0.0017      Ni 2                1751.83A   -7.640    0.0413
Co 2                8027.34A   -8.447    0.0064      Fe 2                5650.95A   -7.936    0.0209      Ni 2                1744.24A   -7.447    0.0645
Co 2                8467.14A   -8.860    0.0025      Fe 2                5649.67A   -7.910    0.0222      Ni 2                1484.97A   -8.774    0.0030
Co 2                8333.76A   -8.628    0.0042      Fe 2                5643.44A   -9.048    0.0016      Ni 2                1472.74A   -8.464    0.0062
Cr 2                8000.08A   -6.439    0.6573      Fe 2                5613.27A   -7.323    0.0858      Ni 2                1400.37A   -8.773    0.0030
Cr 2                8125.30A   -6.513    0.5544      Fe 2                2.24366m   -8.286    0.0093      Ni 2                1375.73A   -8.440    0.0066
Cr 2                8229.67A   -6.607    0.4463      Fe 2                2.00672m   -7.632    0.0422      Ni 2                1324.11A   -8.541    0.0052
Cr 2                8308.49A   -6.794    0.2900      Fe 2                1.10657m   -8.505    0.0056      hyperfine structure............................
Cr 2                8357.64A   -7.092    0.1461      Fe 2                1.09542m   -8.609    0.0044      inner shell....................................
Fe 1                24.0358m   -6.879    0.2387      Fe 2                5725.92A   -8.208    0.0112      molecules......................................
Fe 1                34.7038m   -7.467    0.0616      Fe 2                5718.22A   -7.657    0.0397      bands..........................................
Fe 2                25.9813m   -4.805   28.3085      Fe 2                2.22379m   -7.041    0.1640      Fe 2b               2500.00A   -4.439   65.6078
Fe 2                5.33871m   -4.282   94.2803      Fe 2                2.01513m   -7.361    0.0785      Fe 2b               5000.00A   -4.495   57.7546
Fe 2                4.11387m   -6.645    0.4091      Fe 2                9682.08A   -7.873    0.0242      Fe 2b               7000.00A   -5.438    6.5898
Fe 2                1.25668m   -5.554    5.0437      Fe 2                9513.85A   -8.679    0.0038      Fe 2b               10000.0A   -4.118  137.6777
Fe 2                1.19129m   -8.339    0.0083      Fe 2                8715.81A   -8.505    0.0056      Fe 2b               2355.00A   -5.226   10.7308
Fe 2                6309.53A   -9.184    0.0012      Fe 2                6873.84A   -8.170    0.0122      Fe 2b               2430.00A   -4.447   64.5268
Fe 2                4799.30A   -9.082    0.0015      Fe 2                6700.65A   -9.140    0.0013      Fe 2b               2445.00A   -4.447   64.5267
Fe 2                4704.22A   -8.307    0.0089      Fe 2                6188.55A   -8.349    0.0081      Fe 2b               2495.00A   -5.013   17.5059
Fe 2                4632.28A   -6.514    0.5531      Fe 2                5870.02A   -8.601    0.0045      Fe 2b               2610.00A   -4.697   36.2856
Fe 2                4604.48A   -8.297    0.0091      Fe 2                5673.20A   -8.634    0.0042      Fe 2b               2695.00A   -7.339    0.0826
Fe 2                4416.27A   -6.495    0.5774      Fe 2                4898.61A   -8.371    0.0077      Fe 2b               2758.00A   -6.267    0.9766
Fe 2                4382.74A   -7.465    0.0619      Fe 2                2.25348m   -7.879    0.0239      Fe 2b               2780.00A   -6.226    1.0728
Fe 2                4287.39A   -5.532    5.2963      Fe 2                1.02005m   -9.087    0.0015      Fe 2b               2935.00A   -7.920    0.0217
Fe 2                3931.44A   -9.127    0.0013      Fe 2                1.00139m   -8.531    0.0053      Fe 2b               2960.00A   -8.331    0.0084
Fe 2                3874.07A   -8.758    0.0032      Fe 2                9133.66A   -9.254    0.0010      Fe 2b               3180.00A   -6.857    0.2508
Fe 2                3175.38A   -7.344    0.0818      Fe 2                8885.67A   -8.979    0.0019      Fe 2b               3250.00A   -6.154    1.2649
Fe 2                2599.40A   -7.849    0.0256      Fe 2                7131.14A   -9.144    0.0013      Fe 2b               3590.00A   -6.174    1.2095
Fe 2                2585.88A   -8.864    0.0025      Fe 2                6944.91A   -8.712    0.0035      Fe 2b               3910.00A   -8.224    0.0108
Fe 2                2382.04A   -6.117    1.3792      Fe 2                6473.88A   -8.749    0.0032      Fe 2b               4060.00A   -8.882    0.0024
Fe 2                2343.50A   -8.663    0.0039      Fe 2                6044.10A   -9.180    0.0012      Fe 2b               4255.00A   -4.928   21.3007
Fe 2                35.3391m   -5.466    6.1696      Fe 2                5835.45A   -8.849    0.0026      Fe 2b               4558.00A   -5.658    3.9641
Fe 2                6.71944m   -5.422    6.8350      Fe 2                5060.09A   -8.930    0.0021      Fe 2b               4600.00A   -5.629    4.2447
Fe 2                4.88781m   -6.308    0.8879      Fe 2                4576.40A   -9.183    0.0012      Fe 2b               4743.00A   -6.377    0.7572
Fe 2                4.07521m   -7.130    0.1339      Fe 2                1.34608m   -9.229    0.0011      Fe 2b               4855.00A   -5.798    2.8712
Fe 2                1.32055m   -6.050    1.6081      Fe 2                1.11648m   -9.045    0.0016      Fe 2b               4920.00A   -5.284    9.3886
Fe 2                1.24854m   -7.084    0.1487      Fe 2                5048.19A   -8.896    0.0023      Fe 2b               4975.00A   -5.814    2.7725
Fe 2                1.20512m   -8.896    0.0023      Fe 2                1.71482m   -8.480    0.0060      Fe 2b               4971.00A   -5.856    2.5118
Fe 2                7637.52A   -6.354    0.7989      Fe 2                9949.21A   -8.812    0.0028      Fe 2b               5070.00A   -5.735    3.3200
Fe 2                7523.28A   -8.401    0.0072      Fe 2                7975.22A   -8.995    0.0018      Fe 2b               5143.00A   -5.202   11.3382
Fe 2                4889.62A   -6.378    0.7567      Fe 2                1.47063m   -9.250    0.0010      Fe 2b               5270.00A   -4.917   21.8362
Fe 2                4750.27A   -9.109    0.0014      Fe 2                1.01273m   -8.926    0.0021      Fe 2b               5318.00A   -5.235   10.4976
Fe 2                4716.37A   -7.391    0.0733      Fe 2                6353.11A   -9.047    0.0016      Fe 2b               5540.00A   -6.383    0.7474
Fe 2                4687.56A   -7.595    0.0459      Fe 2                1.80228m   -9.148    0.0013      Fe 2b               5865.00A   -6.982    0.1879
Fe 2                4492.64A   -7.364    0.0780      Fe 2                1.00387m   -9.076    0.0015      Fe 2b               6265.00A   -7.795    0.0289
Fe 2                4457.95A   -6.763    0.3116      Fe 2                9469.41A   -8.960    0.0020      Fe 2b               6565.00A   -7.139    0.1312
Fe 2                4432.45A   -7.557    0.0501      Fe 2                9384.77A   -8.451    0.0064      Fe 2b               6910.00A   -7.078    0.1509
Fe 2                4359.33A   -5.663    3.9195      Fe 2                2.39329m   -8.501    0.0057      Fe 2b               7445.00A   -5.459    6.2737
Fe 2                3224.54A   -8.440    0.0066      Fe 2                4825.73A   -7.927    0.0214      Fe 2b               8625.00A   -5.126   13.4880
Fe 2                3214.67A   -7.858    0.0250      Fe 2                2.50030m   -8.838    0.0026      Fe 2b               1.03250m   -6.184    1.1811
Fe 2                2625.67A   -4.819   27.3794      Fe 2                4867.73A   -8.968    0.0019      Fe 2b               1.88900m   -4.833   26.5265
Fe 2                2611.87A   -5.550    5.0881      Fe 2                2.59860m   -9.221    0.0011      Fe 2b               2.20000m   -6.917    0.2183
Fe 2                2598.37A   -6.781    0.2988      Fe 2                4903.85A   -8.420    0.0069      miscellaneous..................................
Fe 2                2395.63A   -5.828    2.6808      Fe 2                1.04657m   -9.254    0.0010      Blnd                8446.00A   -8.991    0.0018
Fe 2                2388.63A   -6.877    0.2394      Fe 2                3.58120m   -8.845    0.0026      Blnd                1304.00A   -7.388    0.0739
Fe 2                2383.06A   -8.785    0.0030      Fe 2                3.15558m   -8.875    0.0024      Blnd                2798.00A   -3.954  200.4641
Fe 2                2364.83A   -6.226    1.0732      Fe 2                5171.63A   -8.228    0.0107      Blnd                6720.00A   -4.650   40.3639
Fe 2                2332.80A   -7.309    0.0886      Fe 2                5169.03A   -7.474    0.0606      Blnd                4074.00A   -5.975    1.9120
Fe 2                2279.91A   -8.868    0.0024      Fe 2                5018.44A   -9.199    0.0011      Blnd                1.03300m   -6.084    1.4880
Fe 2                51.2868m   -5.984    1.8713      Fe 2                6044.54A   -8.672    0.0038      Blnd                1256.00A   -8.010    0.0177
Fe 2                5.67236m   -7.120    0.1371      Fe 2                5316.61A   -9.165    0.0012      Blnd                5892.00A   -7.495    0.0577
Fe 2                4.60641m   -6.929    0.2125      Fe 3                22.9190m   -9.193    0.0012      Blnd                2665.00A   -5.505    5.6407
Fe 2                4.08085m   -7.675    0.0381      Fe 3                4985.87A   -9.054    0.0016      Blnd                2335.00A   -5.315    8.7367
Fe 2                1.37181m   -6.294    0.9179      K  1                7664.90A   -9.012    0.0018      Blnd                8579.00A   -4.924   21.5156
Fe 2                1.29427m   -6.870    0.2436      Mg 1                2025.82A   -8.357    0.0079      Blnd                7306.00A   -4.278   95.2029
Fe 2                7806.23A   -8.127    0.0135      Mg 1                2852.13A   -5.739    3.2950      Blnd                3933.00A   -6.358    0.7923
Fe 2                7686.93A   -6.432    0.6682      Mg 1                3832.30A   -8.811    0.0028      Blnd                1657.00A   -6.441    0.6537
Fe 2                7552.40A   -8.911    0.0022      Mg 1                3838.29A   -8.394    0.0073      Blnd                9850.00A   -3.881  237.3029
Fe 2                4958.23A   -8.228    0.0107      Mg 1                4562.60A   -5.545    5.1487      Blnd                2326.00A   -7.231    0.1060
Fe 2                4750.57A   -8.225    0.0107      Mg 1                4571.10A   -5.983    1.8762      Blnd                1335.00A   -8.344    0.0082
Fe 2                4728.07A   -7.026    0.1700      Mg 1                4575.29A   -6.911    0.2215      Blnd                3467.00A   -6.806    0.2823
Fe 2                4514.90A   -7.388    0.0738      Mg 1                5167.32A   -8.070    0.0154      Blnd                5199.00A   -4.560   49.7008
Fe 2                4488.75A   -7.108    0.1408      Mg 1                5172.68A   -7.595    0.0458      Blnd                1.04030m   -6.049    1.6109
Fe 2                4470.30A   -8.311    0.0088      Mg 1                5183.60A   -7.375    0.0761      Blnd                2141.00A   -9.060    0.0016
Fe 2                4413.78A   -5.814    2.7672      Mg 1                8806.76A   -7.653    0.0401      Blnd                6300.00A   -4.276   95.6937
Fe 2                3254.24A   -7.917    0.0218      Mg 1                1.18282m   -7.820    0.0273      Blnd                2471.00A   -8.947    0.0020
Fe 2                3244.18A   -8.212    0.0111      Mg 1                1.50250m   -8.636    0.0042      Blnd                7323.00A   -9.114    0.0014
Fe 2                2631.32A   -5.788    2.9374      Mg 1                1.50402m   -9.080    0.0015      Blnd                7332.00A   -9.196    0.0011
Fe 2                2617.62A   -7.233    0.1056      Mg 1                1.71087m   -8.340    0.0082      Blnd                3727.00A   -7.035    0.1665
Fe 2                2607.09A   -7.116    0.1382      Mn 2                2576.10A   -6.869    0.2438      Blnd                7325.00A   -8.852    0.0025
Fe 2                2404.89A   -6.816    0.2756      Mn 2                2593.72A   -6.963    0.1964



 IC443 grid point v shock=43 km/s  
 Cooling:  H  1c                     0 :0.129 C  1c                     0 :0.057 Fe 2c                     0 :0.068 O  1c                     0 :0.403 Si 2c                     0 :0.231  
 Heating:  TotM                      0 :0.213 CT H                      0 :0.480 H- H                      0 :0.303  

 These are some of the most important databases used by Cloudy:
 Many recombination coefficients were taken from http://amdpp.phys.strath.ac.uk/tamoc/RR/ and http://amdpp.phys.strath.ac.uk/tamoc/DR/
      and are based on the following papers:
        Badnell N. R., et al., A&A 406, 1151 (2003) [http://adsabs.harvard.edu/abs/2003A%26A...406.1151B]
        Badnell N. R., ApJS 167, 334 (2006) [http://adsabs.harvard.edu/abs/2006ApJS..167..334B]
 Much of the molecular emission data is from LAMDA as accessed on June 30, 2015. This database is described in:
        Schoeier F.L., et al., A&A 432, 369 (2005) [http://adsabs.harvard.edu/abs/2005A%26A...432..369S]
      This database is in part based on the work of the following groups:
        JPL: Pickett H. M. et al., JQSRT, 60, 883 (1998). [http://adsabs.harvard.edu/abs/1998JQSRT..60..883P]
        CDMS: Mueller H. S. et al., A&A 370, L49 (2001). [http://adsabs.harvard.edu/abs/2001A%26A...370L..49M]
              Mueller H. S. et al., J. Mol. Struct. 742, 215 (2005). [http://adsabs.harvard.edu/abs/2005JMoSt.742..215M]
 Some of the ionic emission data is from version 10.0.1 of CHIANTI. CHIANTI is a collaborative project involving the NRL (USA), the
      Universities of Florence (Italy) and Cambridge (UK), and George Mason University (USA). These papers describe Chianti:
        Dere K. P., et al., A&AS, 125, 149 (1997) [http://adsabs.harvard.edu/abs/1997A%26AS..125..149D]
        Landi E., et al., ApJ, 744, 99 (2012) [http://adsabs.harvard.edu/abs/2012ApJ...744...99L]
 Much of the H_2 data is from this web site: http://molat.obspm.fr/index.php?page=pages/Molecules/H2/H2can94.php. These data are
      described in:
        Abgrall H. et al., Can. J. Phys., 72, 856 (1994) [http://adsabs.harvard.edu/abs/1994CaJPh..72..856A]
        Wrathmall S. A. & Flower D. R., J. Phys. B, 40, 3221 (2007) [http://adsabs.harvard.edu/abs/2007JPhB...40.3221W]
 The Case A and Case B recombination predictions for one-electron systems are from
	Storey, P.J. & Hummer, D.G., 1995, MNRAS 272, 41 http://adsabs.harvard.edu/abs/1995MNRAS.272...41S
 The He I recombination predictions are from
	Porter, R. L.; Ferland, G. J.; Storey, P. J.; Detisch, M. J., 2012, MNRAS, 425, 28p http://adsabs.harvard.edu/abs/2012MNRAS.425L..28P
		http://adsabs.harvard.edu/abs/2013MNRAS.433L..89P

 If you find some process or data set to be particularly critical to a result, please follow the trail of references back to the
 original source and cite that.  This will support and encourage atomic, molecular, and chemical physicists to continue their
 valuable work.

 IONIZE PARMET:  U(1-)-37.0000  U(4-):-37.0000  U(sp):-37.00  Q(ion):   -3.378  L(ion)-13.884    Q(low): 10.587    L(low) -2.807
 ENERGY BUDGET:  Heat:  -7.000  Coolg:  -2.461  Error:3461931.3%  Rec Lin:  -3.788  F-F  H  0.000    P(rad/tot)max     2.50E-04    R(F Con):1.737e+05

     Col(Heff):      3.822E+20  snd travl time  2.29E+12 sec  Te-low: 1.00E+04  Te-hi: 1.00E+04  G0TH85: 0.00E+00  G0DB96:0.00E+00
  Emiss Measure    n(e)n(p) dl       5.502E+16  n(e)n(He+)dl         4.626E+08  En(e)n(He++) dl         0.000E+00  ne nC+:7.06E+13
 He/Ha:2.67E-08  =   0.00*true  Lthin:7.38E+06  itr/zn: 1.43  H2 itr/zn:  0.00  File Opacity: F  MassTot 1.08e-03  (gm/cm^2)
   Temps(21 cm)   T(21cm/Ly a)  6.19E+03        T(<nH/Tkin>)  1.00E+04          T(<nH/Tspin>)    6.63E+03          TB21cm:1.11E+01
                   N(H0/Tspin)  6.89E+16        N(OH/Tkin)    6.81E+07          B(21cm)          0.00E+00
   <a>:2.71E-12  erdeFe0.0E+00  Tcompt0.00E+00  Tthr3.11E+11  <Tden>: 1.00E+04  <dens>:5.91E-22  <MolWgt>1.29E+00
     Mean Jeans  l(cm)2.26E+20  M(sun)1.80E+06  smallest:     len(cm):2.26E+20  M(sun):1.80E+06  a_ox tran:  0.00
 Rion:1.000E+30  Dist:0.00E+00  Diam:0.000E+00
 Hatom level 70  HatomType: add  HInducImp  F  He tot level: 63  He2 level:   70  ExecTime    25.7
 ConvrgError(%)  <eden>  0.156  MaxEden  0.733  <H-C> 100.00  Max(H-C)  100.00  <Press>   0.000  MaxPrs er  0.000
  Continuity(%)  chng Te   0.0  elec den   0.8  n(H2)    0.0  n(CO)        5.5

                                                        Averaged Quantities
             Te      Te(Ne)   Te(NeNp)  Te(NeHe+)Te(NeHe2+) Te(NeO+)  Te(NeO2+)  Te(H2)     N(H)     Ne(O2+)   Ne(Np)
 Radius:  1.00e+04  1.00e+04  1.00e+04  1.00e+04  0.00e+00  1.00e+04  1.00e+04  1.00e+04  2.49e+02  1.88e-01  1.88e-01
 
 Peimbert T(OIIIr)0.00E+00 T(Bac)0.00E+00 T(Hth)7.02E+03 t2(Hstrc) 3.31e-32 T(O3-BAC)5.59E+03 t2(O3-BC)-1.50e-01 t2(O3str) 3.31e-32

 Contin Optical Depths: COMP: 2.28e-07    H-: 1.08e-04 R(1300): 3.07e-03  H2+: 8.11e-07  Bra:2.28E-07
                          Pa: 2.30e-07    Ba: 9.90e-05      Hb: 7.68e-05   La: 7.55e+00     1r:2.901E+03  1.8:9.05E+02 4.:1.368E+02

 Old, new H  1 continuum optical depths:
     1 1.00e+08     2 0.00e+00     3 0.00e+00     4 0.00e+00     5 0.00e+00     6 0.00e+00     7 0.00e+00     8 0.00e+00
     9 0.00e+00    10 0.00e+00    11 0.00e+00    12 0.00e+00    13 0.00e+00    14 0.00e+00    15 0.00e+00    16 0.00e+00
    17 0.00e+00    18 0.00e+00    19 0.00e+00    20 0.00e+00    21 0.00e+00    22 0.00e+00    23 0.00e+00    24 0.00e+00
    25 0.00e+00    26 0.00e+00    27 0.00e+00    28 0.00e+00    29 0.00e+00    30 0.00e+00    31 0.00e+00    32 0.00e+00
    33 0.00e+00    34 0.00e+00    35 0.00e+00    36 0.00e+00    37 0.00e+00    38 0.00e+00    39 0.00e+00    40 0.00e+00
    41 0.00e+00    42 0.00e+00    43 0.00e+00    44 0.00e+00    45 0.00e+00    46 0.00e+00    47 0.00e+00    48 0.00e+00
    49 0.00e+00    50 0.00e+00    51 0.00e+00    52 0.00e+00    53 0.00e+00    54 0.00e+00
     1 2.90e+03     2 5.54e-05     3 1.09e-04     4 1.09e-04     5 1.09e-04     6 2.81e-05     7 2.81e-05     8 2.81e-05
     9 2.81e-05    10 2.83e-18    11 2.83e-18    12 2.83e-18    13 2.83e-18    14 2.83e-18    15 4.07e-18    16 4.07e-18
    17 4.07e-18    18 4.07e-18    19 4.07e-18    20 4.07e-18    21 7.07e-18    22 7.07e-18    23 7.07e-18    24 7.07e-18
    25 7.07e-18    26 7.07e-18    27 7.07e-18    28 1.14e-17    29 1.14e-17    30 1.14e-17    31 1.14e-17    32 1.14e-17
    33 1.14e-17    34 1.14e-17    35 1.14e-17    36 1.74e-17    37 1.74e-17    38 1.74e-17    39 1.74e-17    40 1.74e-17
    41 1.74e-17    42 1.74e-17    43 1.74e-17    44 1.74e-17    45 2.54e-17    46 2.54e-17    47 2.54e-17    48 2.54e-17
    49 2.54e-17    50 2.54e-17    51 2.54e-17    52 2.54e-17    53 2.54e-17    54 2.54e-17

 Old, new H  1 mean line optical depths:
  2- 1 5.59e+07  3- 2 0.00e+00  4- 3 0.00e+00  5- 4 0.00e+00  6- 5 0.00e+00  7- 6 0.00e+00  8- 7 0.00e+00
  9- 8 0.00e+00 10- 9 0.00e+00 11-10 0.00e+00 12-11 0.00e+00 13-12 0.00e+00 14-13 0.00e+00 15-14 0.00e+00 16-15 0.00e+00
 17-16 0.00e+00 18-17 0.00e+00 19-18 0.00e+00 20-19 0.00e+00 21-20 0.00e+00 22-21 0.00e+00 23-22 0.00e+00 24-23 0.00e+00
 25-24 0.00e+00
  2- 1 4.78e+07  3- 2 9.76e-07  4- 3 1.38e-13  5- 4 7.34e-14  6- 5 1.76e-13  7- 6-4.86e-15  8- 7 6.29e-15
  9- 8 5.54e-14 10- 9 1.88e-13 11-10 8.03e-13 12-11 9.12e-15 13-12-2.68e-16 14-13-2.20e-14 15-14-6.54e-14 16-15-1.46e-13
 17-16-2.86e-13 18-17-5.22e-13 19-18-9.09e-13 20-19-1.53e-12 21-20-2.55e-12 22-21-4.28e-12 23-22-7.73e-12 24-23-1.80e-11
 25-24-5.22e-10

 Old, new He 2 continuum optical depths:
     1 3.43e+06     2 9.96e+07     3 0.00e+00     4 0.00e+00     5 0.00e+00     6 0.00e+00     7 0.00e+00     8 0.00e+00
     9 0.00e+00    10 0.00e+00    11 0.00e+00    12 0.00e+00    13 0.00e+00    14 0.00e+00    15 0.00e+00    16 0.00e+00
    17 0.00e+00    18 0.00e+00    19 0.00e+00    20 0.00e+00    21 0.00e+00    22 0.00e+00    23 0.00e+00    24 0.00e+00
    25 0.00e+00    26 0.00e+00    27 0.00e+00    28 0.00e+00    29 0.00e+00    30 0.00e+00    31 0.00e+00    32 0.00e+00
    33 0.00e+00    34 0.00e+00    35 0.00e+00    36 0.00e+00    37 0.00e+00    38 0.00e+00    39 0.00e+00    40 0.00e+00
    41 0.00e+00    42 0.00e+00    43 0.00e+00    44 0.00e+00    45 0.00e+00    46 0.00e+00    47 0.00e+00    48 0.00e+00
    49 0.00e+00    50 0.00e+00    51 0.00e+00    52 0.00e+00    53 0.00e+00    54 0.00e+00
     1 1.37e+02     2 2.89e+03     3 6.70e-05     4 6.70e-05     5 6.70e-05     6 5.54e-05     7 5.54e-05     8 5.54e-05
     9 5.54e-05    10 8.81e-05    11 8.81e-05    12 8.81e-05    13 8.81e-05    14 8.81e-05    15 1.09e-04    16 1.09e-04
    17 1.09e-04    18 1.09e-04    19 1.09e-04    20 1.09e-04    21 9.16e-05    22 9.16e-05    23 9.16e-05    24 9.16e-05
    25 9.16e-05    26 9.16e-05    27 9.16e-05    28 2.81e-05    29 2.81e-05    30 2.81e-05    31 2.81e-05    32 2.81e-05
    33 2.81e-05    34 2.81e-05    35 2.81e-05    36 1.84e-18    37 1.84e-18    38 1.84e-18    39 1.84e-18    40 1.84e-18
    41 1.84e-18    42 1.84e-18    43 1.84e-18    44 1.84e-18    45 2.83e-18    46 2.83e-18    47 2.83e-18    48 2.83e-18
    49 2.83e-18    50 2.83e-18    51 2.83e-18    52 2.83e-18    53 2.83e-18    54 2.83e-18

 Old, new He 2 mean line optical depths:
  2- 1 5.59e+06  3- 2 0.00e+00  4- 3 0.00e+00  5- 4 0.00e+00  6- 5 0.00e+00  7- 6 0.00e+00  8- 7 0.00e+00
  9- 8 0.00e+00 10- 9 0.00e+00 11-10 0.00e+00 12-11 0.00e+00 13-12 0.00e+00 14-13 0.00e+00 15-14 0.00e+00 16-15 0.00e+00
 17-16 0.00e+00 18-17 0.00e+00 19-18 0.00e+00 20-19 0.00e+00 21-20 0.00e+00 22-21 0.00e+00 23-22 0.00e+00 24-23 0.00e+00
 25-24 0.00e+00
  2- 1 0.00e+00  3- 2 0.00e+00  4- 3 0.00e+00  5- 4 0.00e+00  6- 5 0.00e+00  7- 6 0.00e+00  8- 7 0.00e+00
  9- 8 0.00e+00 10- 9 0.00e+00 11-10 0.00e+00 12-11 0.00e+00 13-12 0.00e+00 14-13 0.00e+00 15-14 0.00e+00 16-15 0.00e+00
 17-16 0.00e+00 18-17 0.00e+00 19-18 0.00e+00 20-19 0.00e+00 21-20 0.00e+00 22-21 0.00e+00 23-22 0.00e+00 24-23 0.00e+00
 25-24 0.00e+00

 Old He Is optical depths:    1 2.36e+07    2 0.00e+00    3 0.00e+00    4 0.00e+00    5 0.00e+00
 New He Is optical depths:    1 9.05e+02    2 3.63e-05    3 4.60e-05    4 5.14e-05    5 5.14e-05
          Old He Is Lines:  584 0.00e+00 3889 0.00e+00 5016 0.00e+00 5876 0.00e+00
          New He Is Lines:  584 3.03e+06 3889 5.16e-09 5016 8.81e-15 5876 0.00e+00
IC443 grid point v shock=43 km/s  


          Start Iteration Number 2                                            IC443 grid point v shock=43 km/s  


 ####  1  Te:1.000E+04 Hden:2.495E+02 Ne:1.378E-01 R:1.000E+30 R-R0:4.739E+11 dR:9.479E+11 NTR:  1 Htot:2.739E-26 T912: 1.50e-03###
 Hydrogen      1.00e+00 4.64e-04 H+o/Hden 1.00e+00 4.10e-09 H-    H2 4.46e-06 1.66e-10 H2+ HeH+ 2.53e-11 Ho+ ColD 2.36e+14 1.10e+11
 Helium        1.00e+00 2.24e-12 0.00e+00 HeI 2s3S 8.54e-16 Comp H,C 0.00e+00 0.00e+00 Fill Fac 1.00e+00 Gam1/tot 9.64e-08
 He singlet n  1.00e+00 4.34e-22 5.19e-30 1.99e-29 5.57e-31 2.51e-30 He tripl 8.54e-16 5.11e-28 3.29e-29 3.18e-29 1.42e-30
 Pressure      NgasTgas 2.75e+06 P(total) 3.79e-10 P( gas ) 3.79e-10 P(Radtn) 0.00e+00 Rad accl 0.00e+00 ForceMul 0.00e+00
 Texc(La)      2.28e+03 T(I con) 0.00e+00 T(D con) 4.40e-02 T(U tot) 4.40e-02 nT (c+d) 1.06e+04 Prad/Gas 0.00e+00 Pmag/Gas 0.00e+00
 Molecules     CH/Ctot: 2.51e-06 CH+/Ctot 2.27e-08 CO/Ctot: 5.46e-01 CO+/Ctot 2.62e-08 H2O/Otot 6.20e-12 OH/Ototl 1.85e-06
 Lithium       6.99e-03 9.93e-01 0.00e+00 0.00e+00 Berylliu 9.51e-01 4.89e-02 1.59e-08 0.00e+00 0.00e+00 sec ion: 0.00e+00
 Boron         4.86e-01 5.14e-01 2.80e-14 0.00e+00 0.00e+00 0.00e+00
 Carbon        4.48e-01 5.36e-03 1.49e-14 0.00e+00 0.00e+00 0.00e+00 0.00e+00 H2O+/O   5.61e-10 OH+/Otot 4.31e-06 Hex(tot) 0.00e+00
 Nitrogen      9.68e-01 5.14e-04 7.81e-20 0.00e+00 0.00e+00 0.00e+00 0.00e+00 0.00e+00 O2/Ototl 8.36e-11 O2+/Otot 1.17e-07
 Oxygen        7.27e-01 2.72e-04 2.89e-24 0.00e+00 0.00e+00 0.00e+00 0.00e+00 0.00e+00 0.00e+00
 Fluorine      7.93e-01 5.75e-06 1.82e-21 0.00e+00 0.00e+00 0.00e+00 0.00e+00 0.00e+00 0.00e+00 0.00e+00
 Neon          1.00e+00 3.85e-07 0.00e+00 0.00e+00 0.00e+00 0.00e+00 0.00e+00 0.00e+00 0.00e+00 0.00e+00 0.00e+00
 Sodium        1.52e-03 9.98e-01 5.03e-22 0.00e+00 0.00e+00 0.00e+00 0.00e+00 0.00e+00 0.00e+00 0.00e+00 0.00e+00 0.00e+00
 Magnesium     6.08e-02 9.39e-01 7.24e-05 0.00e+00 0.00e+00 0.00e+00 0.00e+00 0.00e+00 0.00e+00 0.00e+00 0.00e+00 0.00e+00 0.00e+00
 Aluminium  0  9.16e-04 9.99e-01 1.78e-07 0.00e+00 0.00e+00 0.00e+00 0.00e+00 0.00e+00 0.00e+00 0.00e+00 0.00e+00 0.00e+00 0.00e+00
 Silicon    0  1.12e-01 3.96e-01 2.96e-06 0.00e+00 0.00e+00 0.00e+00 0.00e+00 0.00e+00 0.00e+00 0.00e+00 0.00e+00 0.00e+00 0.00e+00
 Phosphorus 0  1.23e-03 9.99e-01 8.13e-10 0.00e+00 0.00e+00 0.00e+00 0.00e+00 0.00e+00 0.00e+00 0.00e+00 0.00e+00 0.00e+00 0.00e+00
 Sulphur    0  6.21e-02 9.15e-03 1.25e-12 0.00e+00 0.00e+00 0.00e+00 0.00e+00 0.00e+00 0.00e+00 0.00e+00 0.00e+00 0.00e+00 0.00e+00
 Chlorine   0  1.15e-02 9.88e-01 1.38e-09 0.00e+00 0.00e+00 0.00e+00 0.00e+00 0.00e+00 0.00e+00 0.00e+00 0.00e+00 0.00e+00 0.00e+00
 Argon      0  1.00e+00 2.82e-05 5.38e-17 0.00e+00 0.00e+00 0.00e+00 0.00e+00 0.00e+00 0.00e+00 0.00e+00 0.00e+00 0.00e+00 0.00e+00
 Potassium  0  3.66e-04 1.00e+00 1.19e-13 0.00e+00 0.00e+00 0.00e+00 0.00e+00 0.00e+00 0.00e+00 0.00e+00 0.00e+00 0.00e+00 0.00e+00
 Calcium    0  8.13e-03 9.83e-01 9.30e-03 0.00e+00 0.00e+00 0.00e+00 0.00e+00 0.00e+00 0.00e+00 0.00e+00 0.00e+00 0.00e+00 0.00e+00
 Scandium   0  4.21e-03 9.89e-01 6.46e-03 0.00e+00 0.00e+00 0.00e+00 0.00e+00 0.00e+00 0.00e+00 0.00e+00 0.00e+00 0.00e+00 0.00e+00
 Titanium   0  3.01e-04 9.99e-01 5.39e-04 0.00e+00 0.00e+00 0.00e+00 0.00e+00 0.00e+00 0.00e+00 0.00e+00 0.00e+00 0.00e+00 0.00e+00
 Vanadium   0  1.09e-02 9.89e-01 4.00e-05 0.00e+00 0.00e+00 0.00e+00 0.00e+00 0.00e+00 0.00e+00 0.00e+00 0.00e+00 0.00e+00 0.00e+00
 Chromium   0  1.78e-02 9.82e-01 1.33e-04 0.00e+00 0.00e+00 0.00e+00 0.00e+00 0.00e+00 0.00e+00 0.00e+00 0.00e+00 0.00e+00 0.00e+00
 Manganese  0  3.17e-04 1.00e+00 7.45e-05 0.00e+00 0.00e+00 0.00e+00 0.00e+00 0.00e+00 0.00e+00 0.00e+00 0.00e+00 0.00e+00 0.00e+00
 Iron       0  3.02e-04 1.00e+00 3.83e-05 0.00e+00 0.00e+00 0.00e+00 0.00e+00 0.00e+00 0.00e+00 0.00e+00 0.00e+00 0.00e+00 0.00e+00
 Cobalt     0  9.60e-02 9.04e-01 3.06e-07 0.00e+00 0.00e+00 0.00e+00 0.00e+00 0.00e+00 0.00e+00 0.00e+00 0.00e+00 0.00e+00 0.00e+00
 Nickel     0  4.09e-04 1.00e+00 1.23e-12 0.00e+00 0.00e+00 0.00e+00 0.00e+00 0.00e+00 0.00e+00 0.00e+00 0.00e+00 0.00e+00 0.00e+00
 Copper     0  2.02e-01 7.98e-01 1.78e-11 0.00e+00 0.00e+00 0.00e+00 0.00e+00 0.00e+00 0.00e+00 0.00e+00 0.00e+00 0.00e+00 0.00e+00
 Zinc       0  5.86e-01 4.14e-01 9.37e-08 0.00e+00 0.00e+00 0.00e+00 0.00e+00 0.00e+00 0.00e+00 0.00e+00 0.00e+00 0.00e+00 0.00e+00
 ####252  Te:1.000E+04 Hden:2.495E+02 Ne:2.001E-01 R:1.000E+30 R-R0:1.825E+18 dR:1.530E+16 NTR:  2 Htot:5.557E-26 T912: 2.90e+03###
 Hydrogen      9.99e-01 6.90e-04 H+o/Hden 1.00e+00 6.62e-09 H-    H2 5.62e-06 2.81e-10 H2+ HeH+ 4.27e-11 Ho+ ColD 4.57e+20 2.90e+17
 Helium        1.00e+00 6.05e-11 0.00e+00 HeI 2s3S 1.15e-15 Comp H,C 4.10e-34 1.39e-33 Fill Fac 1.00e+00 Gam1/tot 3.72e-05
 He singlet n  1.00e+00 6.53e-22 1.66e-27 2.74e-29 1.57e-29 3.41e-30 He tripl 1.15e-15 6.89e-28 4.43e-29 4.28e-29 1.94e-30
 Pressure      NgasTgas 2.75e+06 P(total) 3.79e-10 P( gas ) 3.79e-10 P(Radtn) 1.10e-15 Rad accl 7.52e-12 ForceMul 6.48e+05
 Texc(La)      3.04e+03 T(I con) 0.00e+00 T(D con) 1.62e+00 T(U tot) 1.62e+00 nT (c+d) 3.91e+05 Prad/Gas 2.91e-06 Pmag/Gas 0.00e+00
 Molecules     CH/Ctot: 6.99e-06 CH+/Ctot 4.31e-08 CO/Ctot: 1.03e-04 CO+/Ctot 3.26e-11 H2O/Otot 1.24e-11 OH/Ototl 3.19e-06
 Lithium       2.12e-03 9.98e-01 0.00e+00 0.00e+00 Berylliu 1.39e-01 8.61e-01 3.63e-07 0.00e+00 0.00e+00 sec ion: 0.00e+00
 Boron         1.08e-03 9.99e-01 7.31e-14 0.00e+00 0.00e+00 0.00e+00
 Carbon        9.97e-01 3.31e-03 1.31e-14 0.00e+00 0.00e+00 0.00e+00 0.00e+00 H2O+/O   5.13e-10 OH+/Otot 4.54e-06 Hex(tot) 0.00e+00
 Nitrogen      9.96e-01 8.62e-04 3.49e-18 0.00e+00 0.00e+00 0.00e+00 0.00e+00 0.00e+00 O2/Ototl 1.27e-10 O2+/Otot 1.17e-07
 Oxygen        9.99e-01 5.56e-04 7.96e-24 0.00e+00 0.00e+00 0.00e+00 0.00e+00 0.00e+00 0.00e+00
 Fluorine      9.66e-01 7.26e-06 2.85e-21 0.00e+00 0.00e+00 0.00e+00 0.00e+00 0.00e+00 0.00e+00 0.00e+00
 Neon          1.00e+00 3.36e-07 0.00e+00 0.00e+00 0.00e+00 0.00e+00 0.00e+00 0.00e+00 0.00e+00 0.00e+00 0.00e+00
 Sodium        1.70e-03 9.98e-01 6.56e-22 0.00e+00 0.00e+00 0.00e+00 0.00e+00 0.00e+00 0.00e+00 0.00e+00 0.00e+00 0.00e+00
 Magnesium     4.36e-02 9.56e-01 1.09e-04 0.00e+00 0.00e+00 0.00e+00 0.00e+00 0.00e+00 0.00e+00 0.00e+00 0.00e+00 0.00e+00 0.00e+00
 Aluminium  0  4.82e-04 1.00e+00 2.10e-07 0.00e+00 0.00e+00 0.00e+00 0.00e+00 0.00e+00 0.00e+00 0.00e+00 0.00e+00 0.00e+00 0.00e+00
 Silicon    0  6.88e-04 9.99e-01 1.11e-05 0.00e+00 0.00e+00 0.00e+00 0.00e+00 0.00e+00 0.00e+00 0.00e+00 0.00e+00 0.00e+00 0.00e+00
 Phosphorus 0  1.23e-03 9.99e-01 1.09e-09 0.00e+00 0.00e+00 0.00e+00 0.00e+00 0.00e+00 0.00e+00 0.00e+00 0.00e+00 0.00e+00 0.00e+00
 Sulphur    0  7.94e-01 2.06e-01 4.21e-10 0.00e+00 0.00e+00 0.00e+00 0.00e+00 0.00e+00 0.00e+00 0.00e+00 0.00e+00 0.00e+00 0.00e+00
 Chlorine   0  1.00e-02 9.90e-01 1.67e-09 0.00e+00 0.00e+00 0.00e+00 0.00e+00 0.00e+00 0.00e+00 0.00e+00 0.00e+00 0.00e+00 0.00e+00
 Argon      0  1.00e+00 4.84e-05 2.47e-15 0.00e+00 0.00e+00 0.00e+00 0.00e+00 0.00e+00 0.00e+00 0.00e+00 0.00e+00 0.00e+00 0.00e+00
 Potassium  0  4.03e-04 1.00e+00 1.51e-13 0.00e+00 0.00e+00 0.00e+00 0.00e+00 0.00e+00 0.00e+00 0.00e+00 0.00e+00 0.00e+00 0.00e+00
 Calcium    0  2.10e-03 9.89e-01 8.75e-03 0.00e+00 0.00e+00 0.00e+00 0.00e+00 0.00e+00 0.00e+00 0.00e+00 0.00e+00 0.00e+00 0.00e+00
 Scandium   0  1.53e-03 9.92e-01 6.05e-03 0.00e+00 0.00e+00 0.00e+00 0.00e+00 0.00e+00 0.00e+00 0.00e+00 0.00e+00 0.00e+00 0.00e+00
 Titanium   0  2.97e-04 9.99e-01 5.01e-04 0.00e+00 0.00e+00 0.00e+00 0.00e+00 0.00e+00 0.00e+00 0.00e+00 0.00e+00 0.00e+00 0.00e+00
 Vanadium   0  1.03e-02 9.90e-01 4.87e-05 0.00e+00 0.00e+00 0.00e+00 0.00e+00 0.00e+00 0.00e+00 0.00e+00 0.00e+00 0.00e+00 0.00e+00
 Chromium   0  1.76e-03 9.98e-01 2.02e-04 0.00e+00 0.00e+00 0.00e+00 0.00e+00 0.00e+00 0.00e+00 0.00e+00 0.00e+00 0.00e+00 0.00e+00
 Manganese  0  3.16e-04 1.00e+00 1.11e-04 0.00e+00 0.00e+00 0.00e+00 0.00e+00 0.00e+00 0.00e+00 0.00e+00 0.00e+00 0.00e+00 0.00e+00
 Iron       0  2.87e-04 1.00e+00 5.70e-05 0.00e+00 0.00e+00 0.00e+00 0.00e+00 0.00e+00 0.00e+00 0.00e+00 0.00e+00 0.00e+00 0.00e+00
 Cobalt     0  1.44e-02 9.86e-01 4.96e-07 0.00e+00 0.00e+00 0.00e+00 0.00e+00 0.00e+00 0.00e+00 0.00e+00 0.00e+00 0.00e+00 0.00e+00
 Nickel     0  3.96e-04 1.00e+00 1.66e-12 0.00e+00 0.00e+00 0.00e+00 0.00e+00 0.00e+00 0.00e+00 0.00e+00 0.00e+00 0.00e+00 0.00e+00
 Copper     0  3.28e-02 9.67e-01 2.94e-11 0.00e+00 0.00e+00 0.00e+00 0.00e+00 0.00e+00 0.00e+00 0.00e+00 0.00e+00 0.00e+00 0.00e+00
 Zinc       0  3.91e-02 9.61e-01 2.80e-07 0.00e+00 0.00e+00 0.00e+00 0.00e+00 0.00e+00 0.00e+00 0.00e+00 0.00e+00 0.00e+00 0.00e+00
   IC443 grid point v shock=43 km/s  
   Calculation stopped because H column dens reached. Iteration 2 of 2
   The geometry is plane-parallel.
  !Ionization rate fell below background cosmic ray ionization rate.  Should this be added too?
  !   Use the COSMIC RAY BACKGROUND command.
  !Compton cooling rate underflows to zero.  Is this important?
  !Some input lines contained underscores, these were changed to spaces.
  !There is no hydrogen-ionizing radiation.  Was this intended?
  !Thermal collisional ionization of H reached 82.52% of the local ionization rate.
  !Charge transfer H => H+ reached 85579.4% of the local H ionization rate.
  !Charge transfer heating reached 100.99% of the local heating.
  !Continuum zero at some energies.
  !AGE: Cloud age was not set.  Longest timescale was 3.01e+13 s = 9.55e+05 years.
  !Heating - cooling mismatch =200.0%. Caused by constant temperature assumption. 
  !Mutual neutralization production of H-alpha was significant.
  !Incident radiation field energy density is less than 2.7K.  Add background with CMB command.
  !The CMB was not included.  This is added with the CMB command.
  !The intensity of the incident radiation field is less than 10 times the Habing diffuse ISM field.  Is this OK?
  !   Consider adding diffuse ISM emission with TABLE ISM command.
  !An ionization jump occurred elem S  1, by 188% from 6.21e-02 (zone 1) to 3.54e-01 (zone 2) to 6.65e-01 (zone 3)
   The density is too low to l-mix the lowest H  I collapsed level.  More resolved levels are needed for accurate line ratios.
   The density is too low to l-mix the lowest He I collapsed level.  More resolved levels are needed for accurate line ratios.
   Grains were not present but might survive in this environment (energy density temperature was 0.00e+00K)
   The local H2 cooling rate reached 3.5% of the local cooling.
   H- absorption heating was 26.8% of the total.
   The fraction of N in N2 reached 0.171% at some point in the cloud.
   The fraction of F in HF reached 3.40% at some point in the cloud.

                       *********************************> Cloudy 23.01 <**********************************
                       * title IC443 grid point v shock=43 km/s                                          *
                       * hden 2.3970                                                                     *
                       * constant temperature, t=10000 K linear                                          *
                       * stop column density 20.66                                                       *
                       * iterate                                                                         *
                       * save results last "v43.rlt"                                                     *
                       *********************************> Log(U):-37.00 <*********************************

                     Emission Line Spectrum.   Constant  Density Model.    Open geometry.  Iteration 2 of 2.
                                                     Intensity (erg/s/cm^2).


                                                   Intrinsic line intensities
general properties.............................      Co 2                9639.13A   -8.836    0.0026      Fe 2                1.11648m   -9.048    0.0016
TotH                      0    -7.024    0.1719      Co 2                10.5199m   -7.232    0.1063      Fe 2                5048.19A   -8.899    0.0023
TotC                      0    -2.462 6265.9673      Co 2                15.4548m   -8.118    0.0138      Fe 2                1.71482m   -8.483    0.0060
TotM                      0    -7.681    0.0378      Co 2                2.98382m   -6.718    0.3470      Fe 2                9949.21A   -8.814    0.0028
CT H                      0    -7.317    0.0874      Co 2                14.7345m   -7.762    0.0314      Fe 2                7975.22A   -8.997    0.0018
H  1c                     0    -3.353  805.8616      Co 2                18.7989m   -8.282    0.0095      Fe 2                1.47063m   -9.253    0.0010
NOc                       0    -8.731    0.0034      Co 2                25.6819m   -8.970    0.0019      Fe 2                1.01273m   -8.928    0.0021
CNc                       0    -7.627    0.0428      Co 2                1.01879m   -7.448    0.0647      Fe 2                6353.11A   -9.049    0.0016
OHc                       0    -8.509    0.0056      Co 2                1.12804m   -8.418    0.0069      Fe 2                1.80228m   -9.150    0.0013
HFc                       0    -8.387    0.0075      Co 2                1.54700m   -7.693    0.0368      Fe 2                1.00387m   -9.079    0.0015
COc                       0    -5.113   14.0001      Co 2                1.72847m   -8.689    0.0037      Fe 2                9469.41A   -8.962    0.0020
^13COc                    0    -6.633    0.4226      Co 2                1.90349m   -8.529    0.0054      Fe 2                9384.77A   -8.453    0.0064
SiOc                      0    -9.158    0.0013      Co 2                1.02452m   -8.254    0.0101      Fe 2                2.39329m   -8.503    0.0057
SiSc                      0    -9.115    0.0014      Co 2                1.09726m   -8.882    0.0024      Fe 2                4825.73A   -7.934    0.0211
OH+c                      0    -8.435    0.0067      Co 2                1.49674m   -9.118    0.0014      Fe 2                2.50030m   -8.840    0.0026
CHc                       0    -8.666    0.0039      Co 2                1.62622m   -9.106    0.0014      Fe 2                4867.73A   -8.975    0.0019
CHc                       0    -8.256    0.0101      Co 2                1.73616m   -8.812    0.0028      Fe 2                2.59860m   -9.223    0.0011
Al 1c                     0    -9.025    0.0017      Co 2                1.02803m   -8.851    0.0026      Fe 2                4903.85A   -8.427    0.0068
C  1c                     0    -3.706  357.0220      Co 2                8580.39A   -8.907    0.0022      Fe 2                1.04657m   -9.256    0.0010
C  2c                     0    -5.692    3.6859      Co 2                9342.40A   -7.603    0.0453      Fe 2                3.58120m   -8.848    0.0026
Ca 1c                     0    -7.243    0.1038      Co 2                9943.48A   -7.950    0.0204      Fe 2                3.15558m   -8.878    0.0024
Cl 1c                     0    -7.579    0.0478      Co 2                7539.01A   -8.271    0.0097      Fe 2                5171.63A   -8.236    0.0105
Co 2c                     0    -6.369    0.7765      Co 2                8121.00A   -7.984    0.0188      Fe 2                5169.03A   -7.476    0.0607
Cr 2c                     0    -5.938    2.0944      Co 2                8571.41A   -8.591    0.0047      Fe 2                5018.44A   -9.204    0.0011
Cu 1c                     0    -9.153    0.0013      Co 2                6.21176m   -9.232    0.0011      Fe 2                6044.54A   -8.679    0.0038
Fe 1c                     0    -6.778    0.3026      Co 2                8027.34A   -8.450    0.0064      Fe 2                5316.61A   -9.167    0.0012
Fe 2c                     0    -3.634  421.8410      Co 2                8467.14A   -8.863    0.0025      Fe 3                22.9190m   -9.199    0.0011
Fe 3c                     0    -8.482    0.0060      Co 2                8333.76A   -8.631    0.0042      Fe 3                4985.87A   -9.061    0.0016
K  1c                     0    -8.836    0.0026      Cr 2                8000.08A   -6.441    0.6574      K  1                7664.90A   -9.012    0.0018
Mg 1c                     0    -5.223   10.8707      Cr 2                8125.30A   -6.515    0.5545      Mg 1                2025.82A   -8.274    0.0096
Mn 2c                     0    -6.346    0.8186      Cr 2                8229.67A   -6.609    0.4463      Mg 1                2852.13A   -5.737    3.3216
N  1c                     0    -4.546   51.6285      Cr 2                8308.49A   -6.796    0.2900      Mg 1                3832.30A   -8.809    0.0028
Na 1c                     0    -7.498    0.0576      Cr 2                8357.64A   -7.094    0.1462      Mg 1                3838.29A   -8.392    0.0074
Ni 1c                     0    -7.821    0.0274      Fe 1                24.0358m   -6.878    0.2405      Mg 1                4562.60A   -5.543    5.1921
O  1c                     0    -2.856 2530.4702      Fe 1                34.7038m   -7.466    0.0621      Mg 1                4571.10A   -5.982    1.8920
O  2c                     0    -7.030    0.1695      Fe 2                25.9813m   -4.807   28.3052      Mg 1                4575.29A   -6.910    0.2233
P  2c                     0    -5.619    4.3597      Fe 2                5.33871m   -4.284   94.2613      Mg 1                5167.32A   -8.068    0.0155
S  1c                     0    -5.473    6.1100      Fe 2                4.11387m   -6.647    0.4090      Mg 1                5172.68A   -7.594    0.0462
S  2c                     0    -4.638   41.7220      Fe 2                1.25668m   -5.556    5.0440      Mg 1                5183.60A   -7.374    0.0767
Sc 2c                     0    -7.659    0.0398      Fe 2                1.19129m   -8.341    0.0083      Mg 1                8806.76A   -7.652    0.0404
Si 1c                     0    -7.385    0.0747      Fe 2                6309.53A   -9.186    0.0012      Mg 1                1.18282m   -7.823    0.0273
Si 2c                     0    -3.098 1447.7307      Fe 2                4799.30A   -9.084    0.0015      Mg 1                1.50250m   -8.634    0.0042
Zn 2c                     0    -7.946    0.0206      Fe 2                4704.22A   -8.309    0.0089      Mg 1                1.50402m   -9.079    0.0015
Al 2c                     0    -5.455    6.3612      Fe 2                4632.28A   -6.516    0.5532      Mg 1                1.71087m   -8.348    0.0081
Ca 2c                     0    -4.188  117.7249      Fe 2                4604.48A   -8.299    0.0091      Mn 2                2576.10A   -6.728    0.3396
Cl 2c                     0    -6.012    1.7665      Fe 2                4416.27A   -6.497    0.5774      Mn 2                2593.72A   -6.821    0.2739
Mg 2c                     0    -3.956  200.7555      Fe 2                4382.74A   -7.467    0.0619      Mn 2                2605.68A   -6.962    0.1983
N  2c                     0    -7.185    0.1184      Fe 2                4287.39A   -5.535    5.2966      Mn 2                3438.97A   -8.515    0.0055
Ni 2c                     0    -4.994   18.3852      Fe 2                3931.44A   -9.129    0.0013      Mn 2                3460.03A   -9.100    0.0014
continua.......................................      Fe 2                3874.07A   -8.760    0.0032      N  1                1134.17A   -9.195    0.0012
Bac                 3646.00A   -6.890    0.2339      Fe 2                3175.38A   -7.346    0.0818      N  1                1134.41A   -8.976    0.0019
nFnu                3645.00A   -4.344   82.2165      Fe 2                2599.40A   -7.928    0.0214      N  1                1134.98A   -8.864    0.0025
nFnu                3647.00A   -4.345   81.9826      Fe 2                2585.88A   -8.975    0.0019      N  1                1199.55A   -8.416    0.0070
cout                3646.00A   -7.191    0.1169      Fe 2                2382.04A   -6.059    1.5849      N  1                1200.22A   -8.589    0.0047
cref                3646.00A   -7.191    0.1170      Fe 2                2343.50A   -8.763    0.0031      N  1                1200.71A   -8.891    0.0023
thin                3646.00A   -6.890    0.2339      Fe 2                35.3391m   -5.469    6.1689      N  1                3466.50A   -6.892    0.2329
Ba C                      0    -7.644    0.0411      Fe 2                6.71944m   -5.424    6.8337      N  1                3466.54A   -7.565    0.0495
PA C                      0    -8.061    0.0158      Fe 2                4.88781m   -6.310    0.8878      N  1                5197.90A   -4.960   19.8748
FIR                 83.0000m   -2.853 2546.1982      Fe 2                4.07521m   -7.132    0.1339      N  1                5200.26A   -4.784   29.8360
TIR                 1800.00m   -4.810   28.0981      Fe 2                1.32055m   -6.052    1.6081      N  1                1.03977m   -6.396    0.7289
NIRa                2.85000m   -2.932 2123.7629      Fe 2                1.24854m   -7.087    0.1487      N  1                1.03982m   -6.919    0.2188
NIRb                3.00000m   -4.096  145.5600      Fe 2                1.20512m   -8.899    0.0023      N  1                1.04072m   -6.744    0.3271
MIRa                15.0000m   -4.190  117.1185      Fe 2                7637.52A   -6.356    0.7990      N  1                1.04076m   -6.732    0.3366
MIRb                22.5000m   -3.057 1593.0319      Fe 2                7523.28A   -8.403    0.0072      Na 1                5889.95A   -7.799    0.0288
NMIR                21.7500m   -2.932 2123.7629      Fe 2                4889.62A   -6.380    0.7568      Na 1                5895.92A   -7.799    0.0289
TFIR                611.250m   -3.727  340.2156      Fe 2                4750.27A   -9.111    0.0014      Ni 1                7.50454m   -7.821    0.0274
TALL                10000.0A   -2.471 6128.1040      Fe 2                4716.37A   -7.394    0.0733      O  1                1304.86A   -7.519    0.0549
F12                 12.0000m   -6.093    1.4641      Fe 2                4687.56A   -7.597    0.0459      O  1                1306.03A   -7.968    0.0195
F25                 25.0000m   -4.704   35.9037      Fe 2                4492.64A   -7.367    0.0780      O  1                1355.60A   -7.569    0.0489
F60                 60.0000m   -2.910 2231.1472      Fe 2                4457.95A   -6.765    0.3116      O  1                1358.51A   -8.009    0.0178
F100                100.000m   -5.842    2.6093      Fe 2                4432.45A   -7.559    0.0501      O  1                2972.29A   -7.043    0.1642
MIPS                24.0000m   -4.704   35.8985      Fe 2                4359.33A   -5.666    3.9198      O  1                5577.34A   -6.094    1.4621
MIPS                70.0000m   -2.911 2227.7542      Fe 2                3224.54A   -8.442    0.0066      O  1                6300.30A   -4.398   72.6060
MIPS                160.000m   -3.932  212.3665      Fe 2                3214.67A   -7.860    0.0250      O  1                6363.78A   -4.893   23.1939
IRAC                3.60000m   -7.317    0.0874      Fe 2                2625.67A   -4.821   27.3831      O  1                6391.73A   -8.222    0.0109
IRAC                4.50000m   -5.997    1.8278      Fe 2                2611.87A   -5.552    5.0860      O  1                44.0453m   -8.541    0.0052
IRAC                5.80000m   -4.284   94.4132      Fe 2                2598.37A   -6.784    0.2986      O  1                63.1679m   -2.911 2226.4768
IRAC                8.00000m   -5.291    9.2819      Fe 2                2395.63A   -5.831    2.6809      O  1                145.495m   -3.944  206.4115
SPR1                250.000m   -5.932    2.1211      Fe 2                2388.63A   -6.880    0.2392      O  2                2470.34A   -9.056    0.0016
SPR2                350.000m   -4.286   93.8963      Fe 2                2383.06A   -8.788    0.0030      O  2                7319.99A   -9.250    0.0010
SPR3                500.000m   -6.125    1.3608      Fe 2                2364.83A   -6.228    1.0732      O  2                3728.81A   -7.263    0.0990
PAC1                70.0000m   -2.911 2228.6396      Fe 2                2332.80A   -7.308    0.0892      O  2                3726.03A   -7.439    0.0660
PAC2                100.000m   -5.842    2.6122      Fe 2                2279.91A   -8.870    0.0024      P  2                60.6263m   -6.357    0.7969
PAC3                160.000m   -3.929  213.8012      Fe 2                51.2868m   -5.987    1.8711      P  2                1532.53A   -8.912    0.0022
PAH                 3.30000m   -8.123    0.0137      Fe 2                5.67236m   -7.122    0.1370      P  2                32.8620m   -6.460    0.6291
PAHC                3.23000m   -8.403    0.0072      Fe 2                4.60641m   -6.931    0.2125      P  2                1.14682m   -6.377    0.7614
PAHC                3.37000m   -8.393    0.0073      Fe 2                4.08085m   -7.678    0.0381      P  2                4669.25A   -8.042    0.0165
PAH                 6.20000m   -8.170    0.0123      Fe 2                1.37181m   -6.296    0.9179      P  2                2195.57A   -8.321    0.0087
PAHC                5.65000m   -7.080    0.1508      Fe 2                1.29427m   -6.872    0.2436      P  2                1536.42A   -8.868    0.0025
PAH                 7.90000m   -7.653    0.0403      Fe 2                7806.23A   -8.129    0.0135      P  2                1535.92A   -8.755    0.0032
PAHC                6.90000m   -5.293    9.2363      Fe 2                7686.93A   -6.434    0.6683      P  2                1.18828m   -5.954    2.0181
PAH                 11.3000m   -7.557    0.0503      Fe 2                7552.40A   -8.913    0.0022      P  2                2210.34A   -7.868    0.0246
PAHC                10.9000m   -7.173    0.1219      Fe 2                4958.23A   -8.230    0.0107      P  2                1542.30A   -9.043    0.0016
PAH                 11.8000m   -8.858    0.0025      Fe 2                4750.57A   -8.227    0.0107      P  2                7875.99A   -7.294    0.0923
PAHC                12.6500m   -6.921    0.2178      Fe 2                4728.07A   -7.028    0.1700      S  1                1483.04A   -8.893    0.0023
PAH                 13.3000m   -8.819    0.0028      Fe 2                4514.90A   -7.391    0.0738      S  1                1820.34A   -7.579    0.0478
PAHC                14.1000m   -6.581    0.4764      Fe 2                4488.75A   -7.110    0.1409      S  1                1826.24A   -8.062    0.0157
Bcon                3640.00A   -3.238 1048.9620      Fe 2                4470.30A   -8.313    0.0088      S  1                25.2421m   -5.523    5.4471
Pcon                5000.00A   -3.658  399.0989      Fe 2                4413.78A   -5.817    2.7674      S  1                56.2957m   -6.482    0.5982
O3bn                5007.00A   -5.519    5.4964      Fe 2                3254.24A   -7.920    0.0218      S  2                6730.82A   -5.061   15.7657
HFFc                      0    -6.408    0.7099      Fe 2                3244.18A   -8.214    0.0111      S  2                6716.44A   -4.900   22.8588
H FF                      0    -8.010    0.0177      Fe 2                2631.32A   -5.790    2.9399      S  2                4076.35A   -6.609    0.4463
MeFB                      0    -8.415    0.0070      Fe 2                2617.62A   -7.235    0.1057      S  2                4068.60A   -6.118    1.3831
MeFF                      0    -8.766    0.0031      Fe 2                2607.09A   -7.118    0.1382      S  2                1.03364m   -6.747    0.3247
ToFF                      0    -7.940    0.0208      Fe 2                2404.89A   -6.818    0.2758      S  2                1.02867m   -6.744    0.3271
Mion                      0    -7.396    0.0729      Fe 2                2399.24A   -7.639    0.0416      S  2                1.03705m   -7.069    0.1548
nFnu                122.400m   -8.937    0.0021      Fe 2                2395.42A   -8.639    0.0042      S  2                1.03205m   -6.610    0.4450
nFnu                60.8322m   -8.563    0.0050      Fe 2                2380.76A   -5.637    4.1839      S  2                1259.52A   -8.377    0.0076
nFnu                41.2152m   -8.349    0.0081      Fe 2                2348.30A   -7.379    0.0758      S  2                1253.81A   -8.456    0.0064
nFnu                30.8695m   -8.187    0.0118      Fe 2                2327.40A   -7.969    0.0195      S  2                1250.58A   -8.764    0.0031
nFnu                24.7829m   -8.063    0.0157      Fe 2                87.3597m   -6.689    0.3716      Sc 2                4246.82A   -8.813    0.0028
nFnu                24.2998m   -8.051    0.0161      Fe 2                5.06097m   -7.590    0.0467      Sc 2                7043.49A   -8.584    0.0047
nFnu                22.8302m   -8.017    0.0175      Fe 2                4.43363m   -7.507    0.0564      Sc 2                8261.17A   -9.098    0.0014
nFnu                21.4199m   -7.980    0.0190      Fe 2                1.40951m   -8.917    0.0022      Sc 2                8271.28A   -8.984    0.0019
nFnu                21.1235m   -7.971    0.0194      Fe 2                1.32777m   -7.056    0.1597      Sc 2                8326.62A   -9.238    0.0010
nFnu                19.6199m   -7.928    0.0214      Fe 2                1.27877m   -7.112    0.1401      Sc 2                8347.28A   -8.803    0.0029
nFnu                17.6534m   -7.867    0.0247      Fe 2                1.25214m   -8.153    0.0128      Sc 2                8384.33A   -9.115    0.0014
nFnu                17.3700m   -7.857    0.0252      Fe 2                7926.88A   -8.390    0.0074      Sc 2                1.07804m   -9.182    0.0012
nFnu                15.6901m   -7.795    0.0291      Fe 2                7803.89A   -8.131    0.0134      Sc 2                2.03194m   -8.719    0.0035
nFnu                14.6036m   -7.753    0.0321      Fe 2                7665.28A   -7.384    0.0750      Sc 2                2.04712m   -9.066    0.0016
nFnu                12.4300m   -7.651    0.0405      Fe 2                5006.63A   -7.531    0.0535      Sc 2                2.07591m   -8.711    0.0035
nFnu                11.4000m   -7.596    0.0460      Fe 2                4772.06A   -8.344    0.0082      Sc 2                2.07842m   -8.545    0.0052
nFnu                10.4600m   -7.540    0.0523      Fe 2                4639.67A   -8.028    0.0170      Sc 2                2.08152m   -8.814    0.0028
nFnu                9.48002m   -7.476    0.0606      Fe 2                4528.39A   -7.638    0.0417      Sc 2                2.11129m   -8.987    0.0019
nFnu                9.32488m   -7.465    0.0622      Fe 2                4509.61A   -7.986    0.0187      Sc 2                2.12445m   -8.985    0.0019
nFnu                8.21035m   -7.378    0.0761      Fe 2                4452.10A   -6.009    1.7769      Si 1                2211.75A   -9.097    0.0015
nFnu                7.58000m   -7.321    0.0867      Fe 2                3277.55A   -8.144    0.0130      Si 1                2519.20A   -8.489    0.0059
nFnu                7.05026m   -7.267    0.0981      Fe 2                3277.12A   -9.048    0.0016      Si 1                2528.51A   -8.271    0.0097
nFnu                4.11370m   -6.829    0.2692      Fe 2                3275.02A   -8.220    0.0109      Si 1                68.4548m   -7.776    0.0304
nFnu                2.32440m   -6.273    0.9675      Fe 2                2631.05A   -6.965    0.1967      Si 1                129.641m   -7.846    0.0259
nFnu                1.64313m   -5.906    2.2507      Fe 2                2620.41A   -8.847    0.0026      Si 2                34.8046m   -3.102 1433.7667
nFnu                1.48022m   -5.791    2.9345      Fe 2                2613.82A   -7.736    0.0333      Si 2                2334.41A   -6.261    0.9960
nFnu                1.43649m   -5.756    3.1798      Fe 2                2410.52A   -7.608    0.0447      Si 2                2328.52A   -6.871    0.2440
nFnu                1.11867m   -5.477    6.0537      Fe 2                2406.66A   -7.878    0.0240      Si 2                1808.01A   -6.267    0.9805
nFnu                8329.68A   -5.160   12.5510      Fe 2                2404.43A   -8.700    0.0036      Si 2                1526.71A   -9.242    0.0010
nFnu                8078.61A   -5.128   13.5135      Fe 2                2359.11A   -7.688    0.0372      Si 2                1260.42A   -8.382    0.0075
nFnu                6209.66A   -4.860   25.0588      Fe 2                2338.01A   -7.751    0.0322      Si 2                2350.17A   -6.122    1.3704
nFnu                4885.36A   -4.624   43.1256      Fe 2                4.67067m   -8.132    0.0134      Si 2                2344.20A   -5.723    3.4374
nFnu                3704.34A   -4.360   79.2984      Fe 2                1.29777m   -7.443    0.0654      Si 2                2334.60A   -5.829    2.6887
nFnu                3587.67A   -4.330   84.7987      Fe 2                1.27034m   -7.315    0.0878      Si 2                1817.45A   -6.225    1.0819
nFnu                2430.05A   -3.978  190.9677      Fe 2                7999.47A   -9.137    0.0013      Si 2                1816.93A   -5.867    2.4652
nFnu                2392.03A   -3.964  197.2937      Fe 2                7874.24A   -7.485    0.0594      Si 2                1533.43A   -6.667    0.3908
nFnu                2071.34A   -3.845  259.2114      Fe 2                7733.14A   -8.031    0.0169      Si 2                1309.28A   -7.445    0.0651
nFnu                2052.68A   -3.837  263.9425      Fe 2                4798.28A   -7.894    0.0232      Si 2                1265.00A   -7.240    0.1045
nFnu                1793.44A   -3.741  329.8086      Fe 2                4664.45A   -8.542    0.0052      Si 2                1264.74A   -7.662    0.0395
nFnu                1585.12A   -3.674  384.0883      Fe 2                4533.01A   -8.533    0.0053      Si 2                1197.39A   -7.550    0.0512
nFnu                1458.33A   -3.668  390.1131      Fe 2                4474.90A   -6.321    0.8655      Si 2                1194.50A   -7.767    0.0311
nFnu                1356.96A   -3.708  355.5302      Fe 2                3289.89A   -8.530    0.0054      Si 2                3862.60A   -8.856    0.0025
nFnu                1297.29A   -3.820  274.4072      Fe 2                3289.46A   -8.309    0.0089      Si 2                3856.02A   -8.829    0.0027
nFnu                1262.79A   -3.998  182.2992      Fe 2                2628.29A   -7.421    0.0688      Si 2                6371.37A   -8.773    0.0031
nFnu                1218.08A   -8.141    0.0131      Fe 2                2621.67A   -8.321    0.0087      Si 2                6347.11A   -8.696    0.0037
nFnu                1196.33A   -7.597    0.0459      Fe 2                2413.31A   -8.125    0.0136      Zn 2                2062.00A   -8.356    0.0080
nFnu                1175.06A   -7.543    0.0520      Fe 2                2411.07A   -8.133    0.0133      Zn 2                2025.48A   -8.123    0.0137
nFnu                1143.64A   -7.666    0.0391      Fe 2                2344.28A   -7.841    0.0262      Al 2                2669.15A   -5.904    2.2634
nFnu                1113.22A   -7.780    0.0301      Fe 2                17.9311m   -5.272    9.6906      Al 2                2660.35A   -5.730    3.3771
nFnu                1103.23A   -7.809    0.0282      Fe 2                1.64355m   -4.378   75.9675      Al 2                1670.79A   -6.400    0.7225
nFnu                1073.86A   -8.321    0.0087      Fe 2                1.53348m   -5.503    5.6946      Al 2                3900.67A   -9.140    0.0013
nFnu                1064.34A   -8.363    0.0079      Fe 2                8616.95A   -5.767    3.1046      Ca 2                7323.89A   -4.673   38.5217
nFnu                1035.92A   -8.478    0.0060      Fe 2                7155.17A   -5.895    2.3093      Ca 2                7291.47A   -4.505   56.6771
nFnu                1000.00A   -8.640    0.0042      Fe 2                6896.17A   -7.347    0.0816      Ca 2                3968.47A   -6.651    0.4053
nFnu                925.144A   -8.607    0.0045      Fe 2                5413.37A   -7.805    0.0284      Ca 2                8662.14A   -5.404    7.1524
RRC............................................      Fe 2                5280.27A   -8.341    0.0083      Ca 2                3933.66A   -6.634    0.4212
H  1                3645.98A   -8.066    0.0156      Fe 2                5273.36A   -5.894    2.3162      Ca 2                8498.02A   -6.095    1.4574
H  1                3645.98A   -7.720    0.0346      Fe 2                5158.79A   -5.283    9.4583      Ca 2                8542.09A   -5.148   12.8936
H  1                8203.57A   -8.801    0.0029      Fe 2                5111.64A   -6.190    1.1719      Ca 2                3706.02A   -7.768    0.0309
H  1                8203.57A   -8.407    0.0071      Fe 2                5072.41A   -5.935    2.1054      Ca 2                3736.90A   -7.472    0.0612
H  1                8203.57A   -8.510    0.0056      Fe 2                5039.10A   -7.370    0.0774      Ca 2                3158.87A   -7.790    0.0294
H  1                1.45842m   -8.887    0.0024      Fe 2                4814.54A   -6.239    1.0454      Ca 2                3181.27A   -8.495    0.0058
H  1                1.45842m   -8.883    0.0024      Fe 2                4774.73A   -6.679    0.3796      Ca 2                3179.33A   -7.541    0.0523
H  1                1.45842m   -9.224    0.0011      Fe 2                4745.49A   -7.731    0.0337      Ca 2                1.19497m   -9.210    0.0011
H  1                2.27878m   -9.244    0.0010      Fe 2                4661.78A   -8.829    0.0027      Ca 2                1.18390m   -8.908    0.0022
H  1                2.27878m   -9.208    0.0011      Fe 2                4243.97A   -5.609    4.4616      Ca 2                1838.01A   -8.727    0.0034
Al 1                2070.66A   -9.214    0.0011      Fe 2                4177.20A   -6.699    0.3627      Ca 2                1840.03A   -8.571    0.0049
Si 1                1520.96A   -8.220    0.0109      Fe 2                4146.65A   -8.275    0.0096      Ca 2                2112.76A   -9.199    0.0011
S  1                1196.76A   -8.935    0.0021      Fe 2                4114.48A   -8.614    0.0044      Cl 2                14.3639m   -6.582    0.4748
grains.........................................      Fe 2                3929.35A   -8.866    0.0025      Cl 2                33.2721m   -7.663    0.0394
H-like iso-sequence............................      Fe 2                3387.09A   -7.115    0.1394      Cl 2                8578.70A   -6.270    0.9739
Cool                1215.67A   -3.573  485.1309      Fe 2                3376.20A   -6.317    0.8746      Cl 2                9123.60A   -6.855    0.2534
Crst                960.000A   -3.753  320.7307      Fe 2                2732.45A   -7.434    0.0667      Cl 2                3677.85A   -8.193    0.0116
CION                      0    -5.814    2.7874      Fe 2                2493.30A   -5.021   17.3020      Cl 2                6161.84A   -8.147    0.0129
Dest                1215.67A   -9.048    0.0016      Fe 2                2484.20A   -8.599    0.0046      Mg 2                2802.71A   -4.431   67.2729
Ca B                1215.67A   -6.640    0.4156      Fe 2                2360.00A   -6.980    0.1898      Mg 2                2795.53A   -4.135  133.1156
CaBo                4861.32A   -8.174    0.0122      Fe 2                2348.12A   -7.041    0.1652      Mg 2                2936.52A   -7.362    0.0789
Ca A                1215.67A   -6.831    0.2680      Fe 2                2331.31A   -8.699    0.0036      Mg 2                2928.64A   -7.664    0.0394
Ca A                1025.72A   -7.477    0.0605      Fe 2                24.5126m   -5.972    1.9344      Mg 2                2797.93A   -8.102    0.0144
Ca A                972.537A   -7.888    0.0235      Fe 2                1.80940m   -4.979   19.0499      Mg 2                2790.77A   -7.400    0.0723
Ca A                949.743A   -8.192    0.0117      Fe 2                1.67688m   -5.929    2.1384      Mg 2                2798.00A   -7.147    0.1295
Ca A                937.803A   -8.434    0.0067      Fe 2                1.59948m   -5.836    2.6479      Mg 2                9244.22A   -9.219    0.0011
Ca A                930.748A   -8.636    0.0042      Fe 2                9051.95A   -5.608    4.4731      Mg 2                9218.22A   -8.923    0.0022
Ca A                926.226A   -8.810    0.0028      Fe 2                8891.93A   -6.033    1.6827      N  2                205.283m   -8.460    0.0063
Ca A                923.150A   -8.963    0.0020      Fe 2                7452.56A   -6.387    0.7439      N  2                121.769m   -8.680    0.0038
Ca A                920.963A   -9.099    0.0014      Fe 2                7172.00A   -6.303    0.9038      N  2                6548.05A   -7.832    0.0267
Ca A                919.351A   -9.222    0.0011      Fe 2                6275.53A   -8.260    0.0100      N  2                6583.45A   -7.362    0.0788
Ca A                6562.80A   -7.900    0.0228      Fe 2                5527.36A   -6.877    0.2410      N  2                5754.59A   -9.211    0.0011
Ca A                4861.32A   -8.350    0.0081      Fe 2                5440.48A   -8.634    0.0042      N  2                2142.77A   -9.215    0.0011
Ca A                4340.46A   -8.675    0.0038      Fe 2                5433.15A   -6.408    0.7094      Ni 2                1.19102m   -5.254   10.1003
Ca A                4101.73A   -8.929    0.0021      Fe 2                5261.63A   -5.663    3.9411      Ni 2                6.63416m   -5.882    2.3799
Ca A                3970.07A   -9.138    0.0013      Fe 2                5220.08A   -6.939    0.2090      Ni 2                1.07151m   -6.875    0.2420
Ca A                1.87510m   -8.692    0.0037      Fe 2                5184.80A   -6.834    0.2659      Ni 2                10.6793m   -6.512    0.5576
Ca A                1.28181m   -9.019    0.0017      Fe 2                5158.01A   -6.784    0.2987      Ni 2                1.27792m   -8.699    0.0036
Ca B                6562.80A   -7.718    0.0347      Fe 2                4947.39A   -6.183    1.1897      Ni 2                1.16130m   -7.391    0.0737
Ca B                4861.32A   -8.175    0.0121      Fe 2                4905.35A   -6.535    0.5299      Ni 2                12.7253m   -6.928    0.2142
Ca B                4340.46A   -8.504    0.0057      Fe 2                4874.50A   -6.577    0.4802      Ni 2                9882.95A   -8.140    0.0131
Ca B                4101.73A   -8.762    0.0031      Fe 2                4852.74A   -7.938    0.0209      Ni 2                1.09177m   -7.678    0.0381
Ca B                3970.07A   -8.973    0.0019      Fe 2                4346.86A   -6.237    1.0522      Ni 2                18.2355m   -7.645    0.0411
Ca B                3889.05A   -9.154    0.0013      Fe 2                4276.84A   -6.160    1.2540      Ni 2                9374.87A   -8.433    0.0067
Ca B                1.87510m   -8.645    0.0041      Fe 2                4244.82A   -6.972    0.1934      Ni 2                7377.83A   -6.042    1.6461
Ca B                1.28181m   -8.962    0.0020      Fe 2                4231.56A   -8.573    0.0049      Ni 2                8300.99A   -7.338    0.0833
Ca B                1.09381m   -9.219    0.0011      Fe 2                4211.11A   -8.548    0.0051      Ni 2                1.93877m   -6.750    0.3225
H  1                2431.34A   -3.790  294.0811      Fe 2                3455.11A   -7.221    0.1091      Ni 2                2.36883m   -8.037    0.0167
H  1                1215.67A   -3.556  504.7857      Fe 2                3452.31A   -6.910    0.2235      Ni 2                2.91064m   -7.706    0.0357
H  1                6562.80A   -5.497    5.7832      Fe 2                3440.99A   -6.796    0.2905      Ni 2                6666.80A   -6.888    0.2346
H  1                4861.32A   -6.259    1.0000      Fe 2                2774.73A   -8.675    0.0038      Ni 2                7411.61A   -6.669    0.3884
H  1                4340.46A   -6.640    0.4161      Fe 2                2759.34A   -9.071    0.0015      Ni 2                1.76458m   -8.815    0.0028
H  1                4101.73A   -8.330    0.0085      Fe 2                2485.07A   -8.861    0.0025      Ni 2                2.04866m   -8.393    0.0073
H  1                3970.07A   -8.619    0.0044      Fe 2                2391.48A   -7.944    0.0206      Ni 2                2.30794m   -7.849    0.0257
H  1                3889.05A   -8.852    0.0026      Fe 2                2379.28A   -8.644    0.0041      Ni 2                6.91767m   -8.148    0.0129
H  1                3835.38A   -9.046    0.0016      Fe 2                2362.02A   -7.402    0.0719      Ni 2                4326.24A   -6.835    0.2650
H  1                3797.90A   -9.213    0.0011      Fe 2                35.7675m   -6.772    0.3067      Ni 2                4628.05A   -7.257    0.1003
H  1                3770.63A   -8.958    0.0020      Fe 2                1.95361m   -5.890    2.3379      Ni 2                6794.20A   -8.314    0.0088
H  1                3750.15A   -9.074    0.0015      Fe 2                1.80002m   -5.944    2.0624      Ni 2                7255.82A   -7.190    0.1171
H  1                3734.37A   -9.178    0.0012      Fe 2                1.71113m   -6.514    0.5561      Ni 2                7694.56A   -8.261    0.0100
H  1                1.87510m   -7.031    0.1690      Fe 2                1.66377m   -6.133    1.3362      Ni 2                8033.54A   -8.425    0.0068
H  1                1.28181m   -7.344    0.0822      Fe 2                9399.04A   -6.030    1.6924      Ni 2                1.04597m   -7.674    0.0384
H  1                1.09381m   -8.715    0.0035      Fe 2                9226.63A   -5.976    1.9165      Ni 2                1.23230m   -7.701    0.0361
H  1                1.00494m   -9.023    0.0017      Fe 2                9033.49A   -7.052    0.1609      Ni 2                4201.17A   -7.018    0.1741
H  1                4.05115m   -7.901    0.0228      Fe 2                7388.17A   -6.423    0.6856      Ni 2                4485.21A   -7.471    0.0614
H  1                2.62515m   -8.891    0.0023      Fe 2                6440.41A   -7.375    0.0764      Ni 2                7307.65A   -7.366    0.0781
H  1                2.16553m   -9.242    0.0010      Fe 2                6229.28A   -8.526    0.0054      Ni 2                7612.72A   -7.694    0.0367
H  1                7.45782m   -8.927    0.0021      Fe 2                5654.87A   -7.837    0.0264      Ni 2                1.13597m   -8.377    0.0076
He-like iso-sequence...........................      Fe 2                5556.31A   -7.077    0.1519      Ni 2                4285.31A   -8.226    0.0108
Pho+                3889.00A   -8.949    0.0020      Fe 2                5412.67A   -7.605    0.0450      Ni 2                6791.48A   -7.941    0.0208
extra Lyman....................................      Fe 2                5333.66A   -5.950    2.0345      Ni 2                7054.20A   -7.845    0.0259
database lines.................................      Fe 2                5296.84A   -7.233    0.1060      Ni 2                9.61508m   -9.135    0.0013
CN                  2648.35m   -8.882    0.0024      Fe 2                5268.89A   -6.954    0.2019      Ni 2                4033.04A   -7.284    0.0944
CN                  2640.74m   -8.581    0.0048      Fe 2                5107.96A   -7.889    0.0234      Ni 2                4294.09A   -7.404    0.0715
CN                  1322.30m   -8.960    0.0020      Fe 2                5049.30A   -6.357    0.7981      Ni 2                6467.29A   -8.438    0.0066
CN                  1321.03m   -8.703    0.0036      Fe 2                5005.52A   -6.411    0.7047      Ni 2                6813.57A   -7.426    0.0681
CN                  881.421m   -8.952    0.0020      Fe 2                4973.40A   -6.678    0.3806      Ni 2                7078.04A   -7.975    0.0192
CN                  880.858m   -8.796    0.0029      Fe 2                4950.76A   -7.024    0.1717      Ni 2                1.02090m   -8.756    0.0032
CN                  661.044m   -8.861    0.0025      Fe 2                4352.79A   -6.476    0.6061      Ni 2                3993.06A   -6.939    0.2088
CN                  660.727m   -8.747    0.0032      Fe 2                4319.62A   -6.742    0.3285      Ni 2                4248.80A   -7.414    0.0699
CN                  528.842m   -8.969    0.0019      Fe 2                4305.90A   -7.545    0.0517      Ni 2                6007.06A   -8.528    0.0054
CN                  528.639m   -8.879    0.0024      Fe 2                4084.33A   -8.871    0.0024      Ni 2                6365.10A   -7.413    0.0701
CN                  440.721m   -8.984    0.0019      Fe 2                3504.51A   -7.524    0.0543      Ni 2                6700.24A   -8.806    0.0028
CN                  440.580m   -8.910    0.0022      Fe 2                3504.02A   -7.381    0.0756      Ni 2                6955.82A   -8.841    0.0026
CN                  377.785m   -9.128    0.0014      Fe 2                3501.63A   -6.944    0.2063      Ni 2                8703.87A   -7.868    0.0246
CN                  377.682m   -9.064    0.0016      Fe 2                3489.99A   -7.624    0.0432      Ni 2                9956.63A   -8.094    0.0146
CN                  330.590m   -9.215    0.0011      Fe 2                2385.01A   -8.228    0.0107      Ni 2                5.18504m   -8.874    0.0024
CN                  330.511m   -9.159    0.0013      Fe 2                2.06648m   -7.283    0.0945      Ni 2                3438.88A   -7.128    0.1352
HF                  243.178m   -8.487    0.0059      Fe 2                1.89541m   -6.680    0.3789      Ni 2                3626.89A   -7.435    0.0666
CO                  2600.05m   -8.190    0.0117      Fe 2                1.79711m   -6.167    1.2355      Ni 2                3378.16A   -7.742    0.0329
CO                  1300.05m   -7.014    0.1755      Fe 2                1.74494m   -6.455    0.6358      Ni 2                3559.41A   -7.721    0.0345
CO                  866.727m   -6.654    0.4027      Fe 2                9652.70A   -6.879    0.2397      level 1 lines..................................
CO                  650.074m   -6.525    0.5413      Fe 2                9470.94A   -6.367    0.7798      recombination..................................
CO                  520.089m   -6.463    0.6242      Fe 2                9267.56A   -6.749    0.3236      level2 lines...................................
CO                  433.438m   -6.423    0.6848      Fe 2                7544.00A   -9.062    0.0016      C  1                1247.50A   -8.107    0.0142
CO                  371.549m   -6.409    0.7072      Fe 2                6558.51A   -7.589    0.0467      C  1                1314.77A   -8.031    0.0169
CO                  325.137m   -6.400    0.7225      Fe 2                5745.71A   -8.208    0.0112      C  1                1165.98A   -9.215    0.0011
CO                  289.041m   -6.403    0.7181      Fe 2                5643.98A   -8.050    0.0162      C  1                1233.29A   -8.622    0.0043
CO                  260.169m   -6.409    0.7083      Fe 2                5495.84A   -7.882    0.0238      C  1                1250.68A   -8.774    0.0031
CO                  236.549m   -6.423    0.6849      Fe 2                5376.47A   -6.345    0.8208      Mg 1                1817.31A   -8.927    0.0021
CO                  216.868m   -6.443    0.6536      Fe 2                5347.66A   -7.459    0.0631      Mg 1                1739.09A   -9.132    0.0013
CO                  200.218m   -6.469    0.6161      Fe 2                5181.96A   -7.735    0.0334      Mg 1                1699.05A   -9.164    0.0012
CO                  185.949m   -6.491    0.5862      Fe 2                5076.57A   -7.015    0.1753      Mg 1                1675.74A   -9.198    0.0012
CO                  173.584m   -6.515    0.5538      Fe 2                5043.53A   -6.885    0.2365      Si 1                1853.05A   -9.055    0.0016
CO                  162.767m   -6.542    0.5208      Fe 2                5020.25A   -7.001    0.1810      Si 2                1179.59A   -8.314    0.0088
CO                  153.225m   -6.571    0.4877      Fe 2                4372.43A   -7.017    0.1746      Si 2                993.354A   -9.197    0.0012
CO                  144.745m   -6.601    0.4551      Fe 2                4358.37A   -7.228    0.1073      S  1                1356.05A   -8.637    0.0042
CO                  137.159m   -6.632    0.4238      Fe 2                4080.00A   -8.901    0.0023      S  1                1392.25A   -9.007    0.0018
CO                  130.333m   -6.663    0.3939      Fe 2                3539.19A   -7.228    0.1073      S  1                1418.10A   -9.204    0.0011
CO                  124.160m   -6.700    0.3617      Fe 2                3538.69A   -7.522    0.0546      Ca 2                1360.06A   -9.239    0.0010
CO                  118.548m   -6.741    0.3297      Fe 2                3536.25A   -7.647    0.0409      Fe 1                2484.25A   -8.888    0.0023
CO                  113.427m   -6.781    0.3003      Fe 2                3524.38A   -8.956    0.0020      Fe 1                2526.51A   -9.126    0.0014
CO                  108.733m   -6.824    0.2720      Fe 2                22.8961m   -8.277    0.0096      Sc 2                3627.22A   -7.582    0.0475
CO                  104.416m   -6.867    0.2462      Fe 2                1.81139m   -8.557    0.0050      Sc 2                3575.45A   -7.704    0.0358
CO                  100.433m   -6.913    0.2218      Fe 2                7764.71A   -7.763    0.0313      Sc 2                3368.13A   -8.269    0.0098
CO                  96.7462m   -6.960    0.1989      Fe 2                7336.73A   -8.052    0.0161      Ti 2                3364.74A   -6.008    1.7821
CO                  93.3237m   -7.009    0.1777      Fe 2                7267.25A   -9.020    0.0017      Ti 2                3237.15A   -6.248    1.0260
CO                  90.1384m   -7.060    0.1582      Fe 2                6809.24A   -8.030    0.0169      Ti 2                1904.17A   -8.115    0.0139
CO                  87.1666m   -7.112    0.1402      Fe 2                6729.87A   -8.311    0.0089      Ti 2                1907.36A   -7.858    0.0252
CO                  84.3877m   -7.166    0.1239      Fe 2                6671.93A   -8.874    0.0024      V  2                2710.94A   -8.337    0.0083
CO                  81.7835m   -7.221    0.1091      Fe 2                5721.37A   -9.147    0.0013      V  2                2684.22A   -8.100    0.0144
CO                  79.3383m   -7.279    0.0955      Fe 2                5163.96A   -8.059    0.0158      V  2                2139.33A   -8.738    0.0033
CO                  77.0375m   -7.338    0.0833      Fe 2                4266.35A   -8.759    0.0032      Cr 1                4269.56A   -8.732    0.0034
CO                  74.8697m   -7.398    0.0725      Fe 2                4249.08A   -9.031    0.0017      Cr 1                3589.90A   -8.548    0.0051
CO                  72.8231m   -7.461    0.0628      Fe 2                4157.92A   -9.036    0.0017      Cr 2                2059.78A   -6.608    0.4476
CO                  70.8878m   -7.524    0.0542      Fe 2                3277.35A   -7.564    0.0495      Mn 2                1198.85A   -8.963    0.0020
CO                  69.0557m   -7.588    0.0469      Fe 2                3255.89A   -8.821    0.0027      Co 2                2060.90A   -8.075    0.0153
CO                  67.3181m   -7.653    0.0404      Fe 2                2926.59A   -8.451    0.0064      Co 2                2018.80A   -8.109    0.0141
CO                  65.6684m   -7.719    0.0347      Fe 2                2880.76A   -8.136    0.0133      Co 2                1949.74A   -8.187    0.0118
CO                  64.0998m   -7.785    0.0298      Fe 2                2755.74A   -6.482    0.5976      Co 2                1575.91A   -8.707    0.0036
CO                  62.6072m   -7.851    0.0256      Fe 2                2739.55A   -7.193    0.1164      Co 2                1470.18A   -8.779    0.0030
CO                  61.1843m   -7.918    0.0219      Fe 2                2716.70A   -7.342    0.0826      Ni 2                1751.83A   -7.642    0.0414
CO                  59.8271m   -7.986    0.0187      Fe 2                34.6508m   -9.148    0.0013      Ni 2                1744.24A   -7.449    0.0645
CO                  58.5311m   -8.054    0.0160      Fe 2                1.00287m   -7.750    0.0322      Ni 2                1484.97A   -8.769    0.0031
CO                  57.2920m   -8.123    0.0137      Fe 2                8245.16A   -9.249    0.0010      Ni 2                1472.74A   -8.459    0.0063
CO                  56.1066m   -8.193    0.0116      Fe 2                8037.28A   -8.280    0.0095      Ni 2                1400.37A   -8.769    0.0031
CO                  54.9712m   -8.264    0.0099      Fe 2                7579.61A   -8.771    0.0031      Ni 2                1375.73A   -8.436    0.0066
CO                  53.8829m   -8.335    0.0084      Fe 2                7017.95A   -8.690    0.0037      Ni 2                1324.11A   -8.538    0.0053
CO                  52.8388m   -8.407    0.0071      Fe 2                6933.67A   -9.056    0.0016      hyperfine structure............................
CO                  51.8365m   -8.479    0.0060      Fe 2                6872.19A   -8.221    0.0109      inner shell....................................
CO                  50.8731m   -8.552    0.0051      Fe 2                6829.03A   -9.256    0.0010      molecules......................................
CO                  49.9472m   -8.624    0.0043      Fe 2                5746.98A   -8.108    0.0142      H2 l                2.00000m   -3.933  211.6039
CO                  49.0559m   -8.699    0.0036      Fe 2                5283.12A   -8.667    0.0039      H2 v                      0    -5.575    4.8299
CO                  48.1977m   -8.774    0.0031      Fe 2                5199.18A   -8.882    0.0024      H-FB                      0    -6.186    1.1830
CO                  47.3709m   -8.851    0.0026      Fe 2                4351.81A   -9.030    0.0017      H-FF                      0    -6.421    0.6890
CO                  46.5738m   -8.928    0.0021      Fe 2                4347.36A   -8.399    0.0072      H-CT                6562.80A   -7.325    0.0859
CO                  45.8046m   -9.007    0.0018      Fe 2                4329.43A   -7.746    0.0326      H- H                      0    -7.595    0.0461
CO                  45.0623m   -9.088    0.0015      Fe 2                2953.77A   -9.170    0.0012      H2+                       0    -6.590    0.4662
CO                  44.3452m   -9.170    0.0012      Fe 2                2772.73A   -7.254    0.1011      bands..........................................
CO                  43.6523m   -9.257    0.0010      Fe 2                2749.32A   -7.308    0.0893      Fe 2b               2500.00A   -4.442   65.6169
^13CO               1359.86m   -8.553    0.0051      Fe 2                9795.19A   -8.528    0.0054      Fe 2b               5000.00A   -4.497   57.7589
^13CO               906.599m   -8.168    0.0123      Fe 2                8228.13A   -8.443    0.0065      Fe 2b               7000.00A   -5.440    6.5907
^13CO               679.978m   -8.029    0.0170      Fe 2                7613.14A   -8.851    0.0026      Fe 2b               10000.0A   -4.120  137.6983
^13CO               544.012m   -7.964    0.0197      Fe 2                7011.24A   -9.257    0.0010      Fe 2b               2355.00A   -5.220   10.9364
^13CO               453.374m   -7.922    0.0217      Fe 2                6966.33A   -8.614    0.0044      Fe 2b               2430.00A   -4.449   64.5357
^13CO               388.637m   -7.908    0.0225      Fe 2                5477.25A   -8.612    0.0044      Fe 2b               2445.00A   -4.449   64.5357
^13CO               340.088m   -7.899    0.0229      Fe 2                5278.38A   -9.080    0.0015      Fe 2b               2495.00A   -5.020   17.3101
^13CO               302.332m   -7.901    0.0228      Fe 2                4402.59A   -8.865    0.0025      Fe 2b               2610.00A   -4.699   36.2850
^13CO               272.130m   -7.908    0.0224      Fe 2                4384.21A   -8.797    0.0029      Fe 2b               2695.00A   -7.342    0.0826
^13CO               247.423m   -7.922    0.0217      Fe 2                1.05081m   -9.008    0.0018      Fe 2b               2758.00A   -6.269    0.9765
^13CO               226.836m   -7.943    0.0207      Fe 2                7710.80A   -9.162    0.0012      Fe 2b               2780.00A   -6.228    1.0728
^13CO               209.419m   -7.969    0.0195      Fe 2                7048.01A   -8.828    0.0027      Fe 2b               2935.00A   -7.923    0.0217
^13CO               194.493m   -7.992    0.0185      Fe 2                5901.28A   -9.058    0.0016      Fe 2b               2960.00A   -8.333    0.0084
^13CO               181.558m   -8.017    0.0174      Fe 2                5527.62A   -9.170    0.0012      Fe 2b               3180.00A   -6.859    0.2508
^13CO               170.243m   -8.045    0.0163      Fe 2                2.04602m   -7.695    0.0366      Fe 2b               3250.00A   -6.157    1.2650
^13CO               160.261m   -8.075    0.0153      Fe 2                1.41956m   -8.250    0.0102      Fe 2b               3590.00A   -6.176    1.2095
^13CO               151.390m   -8.106    0.0142      Fe 2                1.35904m   -9.055    0.0016      Fe 2b               3910.00A   -8.226    0.0108
^13CO               143.454m   -8.139    0.0132      Fe 2                1.23314m   -8.044    0.0164      Fe 2b               4060.00A   -8.884    0.0024
^13CO               136.314m   -8.172    0.0122      Fe 2                1.09108m   -7.966    0.0196      Fe 2b               4255.00A   -4.930   21.3020
^13CO               129.855m   -8.212    0.0111      Fe 2                1.07084m   -8.405    0.0071      Fe 2b               4558.00A   -5.661    3.9644
^13CO               123.985m   -8.254    0.0101      Fe 2                1.05625m   -8.855    0.0025      Fe 2b               4600.00A   -5.631    4.2450
^13CO               118.627m   -8.297    0.0092      Fe 2                1.01565m   -8.657    0.0040      Fe 2b               4743.00A   -6.380    0.7573
^13CO               113.717m   -8.343    0.0082      Fe 2                8119.18A   -9.134    0.0013      Fe 2b               4855.00A   -5.801    2.8710
^13CO               109.201m   -8.391    0.0074      Fe 2                5588.16A   -7.960    0.0199      Fe 2b               4920.00A   -5.286    9.3890
^13CO               105.034m   -8.442    0.0066      Fe 2                5586.91A   -8.822    0.0027      Fe 2b               4975.00A   -5.816    2.7727
^13CO               101.176m   -8.496    0.0058      Fe 2                5580.82A   -7.392    0.0736      Fe 2b               4971.00A   -5.859    2.5120
^13CO               97.5955m   -8.552    0.0051      Fe 2                5551.32A   -7.110    0.1410      Fe 2b               5070.00A   -5.738    3.3202
^13CO               94.2629m   -8.612    0.0044      Fe 2                3227.74A   -8.809    0.0028      Fe 2b               5143.00A   -5.204   11.3389
^13CO               91.1537m   -8.676    0.0038      Fe 2                3196.07A   -8.344    0.0082      Fe 2b               5270.00A   -4.920   21.8380
^13CO               88.2461m   -8.743    0.0033      Fe 2                2.13278m   -7.951    0.0203      Fe 2b               5318.00A   -5.238   10.4986
^13CO               85.5213m   -8.816    0.0028      Fe 2                1.46079m   -8.797    0.0029      Fe 2b               5540.00A   -6.385    0.7475
^13CO               82.9627m   -8.895    0.0023      Fe 2                1.39678m   -8.857    0.0025      Fe 2b               5865.00A   -6.985    0.1879
^13CO               80.5556m   -8.980    0.0019      Fe 2                1.30943m   -8.877    0.0024      Fe 2b               6265.00A   -7.798    0.0289
^13CO               78.2869m   -9.075    0.0015      Fe 2                1.24364m   -9.062    0.0016      Fe 2b               6565.00A   -7.141    0.1312
^13CO               76.1453m   -9.183    0.0012      Fe 2                1.09413m   -8.164    0.0124      Fe 2b               6910.00A   -7.080    0.1509
OH+                 308.406m   -9.123    0.0014      Fe 2                1.07890m   -8.260    0.0100      Fe 2b               7445.00A   -5.461    6.2746
C  1                1560.31A   -7.892    0.0233      Fe 2                1.06830m   -9.018    0.0017      Fe 2b               8625.00A   -5.129   13.4901
C  1                1560.68A   -7.961    0.0198      Fe 2                1.03658m   -9.029    0.0017      Fe 2b               1.03250m   -6.186    1.1813
C  1                1560.71A   -8.068    0.0155      Fe 2                5650.95A   -7.939    0.0209      Fe 2b               1.88900m   -4.835   26.5235
C  1                1561.34A   -7.396    0.0728      Fe 2                5649.67A   -7.913    0.0222      Fe 2b               2.20000m   -6.920    0.2183
C  1                1561.37A   -7.861    0.0250      Fe 2                5643.44A   -9.050    0.0016      miscellaneous..................................
C  1                1561.44A   -7.477    0.0604      Fe 2                5613.27A   -7.325    0.0858      Blnd                8446.00A   -8.994    0.0018
C  1                1656.27A   -7.270    0.0974      Fe 2                2.24366m   -8.288    0.0093      Blnd                1304.00A   -7.386    0.0747
C  1                1656.93A   -7.610    0.0445      Fe 2                2.00672m   -7.634    0.0422      Blnd                2798.00A   -3.957  200.3886
C  1                1657.01A   -6.866    0.2472      Fe 2                1.10657m   -8.507    0.0056      Blnd                6720.00A   -4.672   38.6245
C  1                1657.38A   -7.614    0.0441      Fe 2                1.09542m   -8.611    0.0044      Blnd                4074.00A   -5.996    1.8294
C  1                1657.91A   -7.153    0.1274      Fe 2                5725.92A   -8.210    0.0112      Blnd                1.03300m   -6.105    1.4239
C  1                1658.12A   -7.191    0.1170      Fe 2                5718.22A   -7.660    0.0397      Blnd                1256.00A   -8.026    0.0171
C  1                1930.90A   -9.095    0.0015      Fe 2                2.22379m   -7.044    0.1640      Blnd                5892.00A   -7.498    0.0577
C  1                1992.01A   -8.918    0.0022      Fe 2                2.01513m   -7.364    0.0785      Blnd                2665.00A   -5.507    5.6406
C  1                1993.62A   -7.482    0.0599      Fe 2                9682.08A   -7.875    0.0242      Blnd                2335.00A   -5.317    8.7365
C  1                2582.90A   -8.746    0.0033      Fe 2                9513.85A   -8.681    0.0038      Blnd                8579.00A   -4.926   21.5034
C  1                8727.13A   -9.187    0.0012      Fe 2                8715.81A   -8.507    0.0056      Blnd                7306.00A   -4.280   95.1989
C  1                9824.13A   -4.484   59.5242      Fe 2                6873.84A   -8.172    0.0122      Blnd                3933.00A   -6.342    0.8265
C  1                9850.26A   -4.009  177.8298      Fe 2                6700.65A   -9.142    0.0013      Blnd                1657.00A   -6.428    0.6778
C  1                370.269m   -4.293   92.4904      Fe 2                6188.55A   -8.352    0.0081      Blnd                9850.00A   -3.883  237.3540
C  1                609.590m   -4.840   26.2334      Fe 2                5870.02A   -8.603    0.0045      Blnd                2326.00A   -7.244    0.1035
C  2                1334.53A   -9.068    0.0016      Fe 2                5673.20A   -8.637    0.0042      Blnd                1335.00A   -8.350    0.0081
C  2                1335.66A   -8.758    0.0032      Fe 2                4898.61A   -8.373    0.0077      Blnd                3467.00A   -6.808    0.2823
C  2                1335.71A   -8.730    0.0034      Fe 2                2.25348m   -7.881    0.0238      Blnd                5199.00A   -4.562   49.7108
C  2                2323.50A   -8.483    0.0060      Fe 2                1.02005m   -9.089    0.0015      Blnd                1.04030m   -6.052    1.6113
C  2                2324.69A   -8.165    0.0124      Fe 2                1.00139m   -8.533    0.0053      Blnd                2141.00A   -9.067    0.0016
C  2                2325.40A   -7.715    0.0350      Fe 2                9133.66A   -9.256    0.0010      Blnd                6300.00A   -4.277   95.8108
C  2                2326.93A   -7.701    0.0361      Fe 2                8885.67A   -8.981    0.0019      Blnd                2471.00A   -8.953    0.0020
C  2                2328.12A   -8.112    0.0140      Fe 2                7131.14A   -9.146    0.0013      Blnd                7323.00A   -9.121    0.0014
C  2                157.636m   -5.705    3.5780      Fe 2                6944.91A   -8.715    0.0035      Blnd                7332.00A   -9.202    0.0011
Ca 1                4226.73A   -7.336    0.0838      Fe 2                6473.88A   -8.752    0.0032      Blnd                3727.00A   -7.041    0.1649
Ca 1                6439.08A   -8.294    0.0092      Fe 2                6044.10A   -9.183    0.0012      Blnd                7325.00A   -8.859    0.0025
Ca 1                6462.57A   -8.533    0.0053      Fe 2                5835.45A   -8.851    0.0026      N 1C                5199.00A   -8.524    0.0054
Ca 1                6493.78A   -8.743    0.0033      Fe 2                5060.09A   -8.932    0.0021      N 1T                5199.00A   -8.652    0.0040
Cl 1                11.3303m   -7.579    0.0478      Fe 2                4576.40A   -9.185    0.0012
Co 2                9335.96A   -8.398    0.0073      Fe 2                1.34608m   -9.231    0.0011

                                                    Emergent line intensities
general properties.............................      Fe 2                2399.24A   -7.639    0.0417      Mn 2                2605.68A   -6.962    0.1983
continua.......................................      Fe 2                2395.42A   -8.639    0.0042      Mn 2                3438.97A   -8.515    0.0055
FIR                 83.0000m   -2.853 2547.2065      Fe 2                2380.76A   -5.637    4.1848      Mn 2                3460.03A   -9.100    0.0014
TIR                 1800.00m   -4.810   28.1093      Fe 2                2348.30A   -7.379    0.0758      N  1                1134.41A   -9.064    0.0016
NIRa                2.85000m   -2.932 2124.6038      Fe 2                2327.40A   -7.969    0.0195      N  1                1134.98A   -8.949    0.0020
NIRb                3.00000m   -4.096  145.6176      Fe 2                87.3597m   -6.689    0.3718      N  1                1199.55A   -8.420    0.0069
MIRa                15.0000m   -4.190  117.1648      Fe 2                5.06097m   -7.590    0.0467      N  1                1200.22A   -8.592    0.0046
MIRb                22.5000m   -3.057 1593.6626      Fe 2                4.43363m   -7.507    0.0565      N  1                1200.71A   -8.894    0.0023
NMIR                21.7500m   -2.932 2124.6038      Fe 2                1.40951m   -8.917    0.0022      N  1                3466.50A   -6.892    0.2329
TFIR                611.250m   -3.727  340.3503      Fe 2                1.32777m   -7.056    0.1597      N  1                3466.54A   -7.565    0.0495
TALL                10000.0A   -2.478 6040.1948      Fe 2                1.27877m   -7.113    0.1401      N  1                5197.90A   -4.961   19.8743
F12                 12.0000m   -6.093    1.4646      Fe 2                1.25214m   -8.153    0.0128      N  1                5200.26A   -4.784   29.8353
F25                 25.0000m   -4.704   35.9179      Fe 2                7926.88A   -8.390    0.0074      N  1                1.03977m   -6.396    0.7288
F60                 60.0000m   -2.910 2232.0305      Fe 2                7803.89A   -8.131    0.0134      N  1                1.03982m   -6.919    0.2187
F100                100.000m   -5.842    2.6103      Fe 2                7665.28A   -7.384    0.0750      N  1                1.04072m   -6.744    0.3271
MIPS                24.0000m   -4.704   35.9127      Fe 2                5006.63A   -7.531    0.0535      N  1                1.04076m   -6.732    0.3365
MIPS                70.0000m   -2.911 2228.6362      Fe 2                4772.06A   -8.344    0.0082      Na 1                5889.95A   -7.799    0.0288
MIPS                160.000m   -3.932  212.4506      Fe 2                4639.67A   -8.028    0.0170      Na 1                5895.92A   -7.799    0.0289
IRAC                3.60000m   -7.317    0.0874      Fe 2                4528.39A   -7.639    0.0417      Ni 1                7.50454m   -7.821    0.0274
IRAC                4.50000m   -5.997    1.8286      Fe 2                4509.61A   -7.986    0.0187      O  1                1304.86A   -7.524    0.0544
IRAC                5.80000m   -4.284   94.4506      Fe 2                4452.10A   -6.009    1.7770      O  1                1306.03A   -7.973    0.0193
IRAC                8.00000m   -5.291    9.2856      Fe 2                3277.55A   -8.144    0.0130      O  1                1355.60A   -7.575    0.0483
SPR1                250.000m   -5.932    2.1220      Fe 2                3277.12A   -9.048    0.0016      O  1                1358.51A   -8.015    0.0175
SPR2                350.000m   -4.286   93.9335      Fe 2                3275.02A   -8.220    0.0109      O  1                2972.29A   -7.044    0.1642
SPR3                500.000m   -6.125    1.3613      Fe 2                2631.05A   -6.965    0.1967      O  1                5577.34A   -6.094    1.4621
PAC1                70.0000m   -2.911 2229.5220      Fe 2                2620.41A   -8.847    0.0026      O  1                6300.30A   -4.398   72.5993
PAC2                100.000m   -5.842    2.6132      Fe 2                2613.82A   -7.736    0.0333      O  1                6363.78A   -4.894   23.1917
PAC3                160.000m   -3.929  213.8858      Fe 2                2410.52A   -7.608    0.0447      O  1                6391.73A   -8.222    0.0109
PAH                 3.30000m   -8.123    0.0137      Fe 2                2406.66A   -7.878    0.0240      O  1                44.0453m   -8.541    0.0052
PAHC                3.23000m   -8.403    0.0072      Fe 2                2404.43A   -8.700    0.0036      O  1                63.1679m   -2.911 2227.3584
PAHC                3.37000m   -8.393    0.0073      Fe 2                2359.11A   -7.688    0.0372      O  1                145.495m   -3.944  206.4932
PAH                 6.20000m   -8.170    0.0123      Fe 2                2338.01A   -7.751    0.0322      O  2                2470.34A   -9.056    0.0016
PAHC                5.65000m   -7.080    0.1509      Fe 2                4.67067m   -8.132    0.0134      O  2                7319.99A   -9.250    0.0010
PAH                 7.90000m   -7.653    0.0403      Fe 2                1.29777m   -7.443    0.0654      O  2                3728.81A   -7.263    0.0990
PAHC                6.90000m   -5.293    9.2400      Fe 2                1.27034m   -7.315    0.0878      O  2                3726.03A   -7.440    0.0660
PAH                 11.3000m   -7.557    0.0503      Fe 2                7999.47A   -9.137    0.0013      P  2                60.6263m   -6.357    0.7972
PAHC                10.9000m   -7.173    0.1219      Fe 2                7874.24A   -7.485    0.0594      P  2                1532.53A   -8.914    0.0022
PAH                 11.8000m   -8.858    0.0025      Fe 2                7733.14A   -8.031    0.0169      P  2                32.8620m   -6.460    0.6293
PAHC                12.6500m   -6.921    0.2179      Fe 2                4798.28A   -7.894    0.0232      P  2                1.14682m   -6.377    0.7613
PAH                 13.3000m   -8.819    0.0028      Fe 2                4664.45A   -8.542    0.0052      P  2                4669.25A   -8.043    0.0165
PAHC                14.1000m   -6.581    0.4765      Fe 2                4533.01A   -8.534    0.0053      P  2                2195.57A   -8.321    0.0087
Bcon                3640.00A   -3.238 1049.0072      Fe 2                4474.90A   -6.322    0.8656      P  2                1536.42A   -8.870    0.0025
Pcon                5000.00A   -3.658  399.0899      Fe 2                3289.89A   -8.530    0.0054      P  2                1535.92A   -8.757    0.0032
O3bn                5007.00A   -5.519    5.4964      Fe 2                3289.46A   -8.309    0.0089      P  2                1.18828m   -5.954    2.0181
RRC............................................      Fe 2                2628.29A   -7.422    0.0688      P  2                2210.34A   -7.868    0.0246
grains.........................................      Fe 2                2621.67A   -8.321    0.0087      P  2                1542.30A   -9.045    0.0016
H-like iso-sequence............................      Fe 2                2413.31A   -8.125    0.0136      P  2                7875.99A   -7.294    0.0922
H  1                1215.67A   -3.559  500.6514      Fe 2                2411.07A   -8.133    0.0134      S  1                1483.04A   -8.900    0.0023
H  1                6562.80A   -5.497    5.7826      Fe 2                2344.28A   -7.841    0.0262      S  1                1820.34A   -7.579    0.0478
H  1                4861.32A   -6.259    1.0000      Fe 2                17.9311m   -5.272    9.6944      S  1                1826.24A   -8.062    0.0157
H  1                4340.46A   -6.640    0.4161      Fe 2                1.64355m   -4.378   75.9975      S  1                25.2421m   -5.523    5.4492
H  1                4101.73A   -8.330    0.0085      Fe 2                1.53348m   -5.503    5.6964      S  1                56.2957m   -6.482    0.5984
H  1                3970.07A   -8.619    0.0044      Fe 2                8616.95A   -5.767    3.1041      S  2                6730.82A   -5.061   15.7639
H  1                3889.05A   -8.852    0.0026      Fe 2                7155.17A   -5.896    2.3090      S  2                6716.44A   -4.900   22.8563
H  1                3835.38A   -9.046    0.0016      Fe 2                6896.17A   -7.347    0.0816      S  2                4076.35A   -6.609    0.4464
H  1                3797.90A   -9.213    0.0011      Fe 2                5413.37A   -7.805    0.0284      S  2                4068.60A   -6.118    1.3832
H  1                3770.63A   -8.958    0.0020      Fe 2                5280.27A   -8.341    0.0083      S  2                1.03364m   -6.748    0.3246
H  1                3750.15A   -9.074    0.0015      Fe 2                5273.36A   -5.894    2.3161      S  2                1.02867m   -6.744    0.3270
H  1                3734.37A   -9.178    0.0012      Fe 2                5158.79A   -5.283    9.4581      S  2                1.03705m   -7.069    0.1547
H  1                1.87510m   -7.031    0.1691      Fe 2                5111.64A   -6.190    1.1719      S  2                1.03205m   -6.611    0.4450
H  1                1.28181m   -7.344    0.0822      Fe 2                5072.41A   -5.936    2.1054      S  2                1259.52A   -8.382    0.0075
H  1                1.09381m   -8.715    0.0035      Fe 2                5039.10A   -7.370    0.0774      S  2                1253.81A   -8.460    0.0063
H  1                1.00494m   -9.023    0.0017      Fe 2                4814.54A   -6.240    1.0454      S  2                1250.58A   -8.769    0.0031
H  1                4.05115m   -7.901    0.0228      Fe 2                4774.73A   -6.680    0.3796      Sc 2                4246.82A   -8.813    0.0028
H  1                2.62515m   -8.891    0.0023      Fe 2                4745.49A   -7.731    0.0337      Sc 2                7043.49A   -8.584    0.0047
H  1                2.16553m   -9.242    0.0010      Fe 2                4661.78A   -8.830    0.0027      Sc 2                8261.17A   -9.098    0.0014
H  1                7.45782m   -8.927    0.0021      Fe 2                4243.97A   -5.609    4.4618      Sc 2                8271.28A   -8.984    0.0019
He-like iso-sequence...........................      Fe 2                4177.20A   -6.699    0.3628      Sc 2                8326.62A   -9.238    0.0010
extra Lyman....................................      Fe 2                4146.65A   -8.275    0.0096      Sc 2                8347.28A   -8.803    0.0029
database lines.................................      Fe 2                4114.48A   -8.614    0.0044      Sc 2                8384.33A   -9.115    0.0014
CN                  2648.35m   -8.882    0.0024      Fe 2                3929.35A   -8.867    0.0025      Sc 2                1.07804m   -9.182    0.0012
CN                  2640.74m   -8.581    0.0048      Fe 2                3387.09A   -7.115    0.1394      Sc 2                2.03194m   -8.719    0.0035
CN                  1322.30m   -8.960    0.0020      Fe 2                3376.20A   -6.317    0.8747      Sc 2                2.04712m   -9.066    0.0016
CN                  1321.03m   -8.703    0.0036      Fe 2                2732.45A   -7.434    0.0668      Sc 2                2.07591m   -8.711    0.0035
CN                  881.421m   -8.952    0.0020      Fe 2                2493.30A   -5.021   17.3055      Sc 2                2.07842m   -8.545    0.0052
CN                  880.858m   -8.796    0.0029      Fe 2                2484.20A   -8.599    0.0046      Sc 2                2.08152m   -8.814    0.0028
CN                  661.044m   -8.861    0.0025      Fe 2                2360.00A   -6.980    0.1899      Sc 2                2.11129m   -8.987    0.0019
CN                  660.727m   -8.747    0.0032      Fe 2                2348.12A   -7.041    0.1652      Sc 2                2.12445m   -8.985    0.0019
CN                  528.842m   -8.969    0.0020      Fe 2                2331.31A   -8.700    0.0036      Si 1                2211.75A   -9.097    0.0015
CN                  528.639m   -8.879    0.0024      Fe 2                24.5126m   -5.972    1.9351      Si 1                2519.20A   -8.489    0.0059
CN                  440.721m   -8.984    0.0019      Fe 2                1.80940m   -4.979   19.0575      Si 1                2528.51A   -8.271    0.0097
CN                  440.580m   -8.910    0.0022      Fe 2                1.67688m   -5.929    2.1392      Si 1                68.4548m   -7.776    0.0304
CN                  377.785m   -9.128    0.0014      Fe 2                1.59948m   -5.836    2.6489      Si 1                129.641m   -7.846    0.0259
CN                  377.682m   -9.064    0.0016      Fe 2                9051.95A   -5.608    4.4724      Si 2                34.8046m   -3.102 1434.3345
CN                  330.590m   -9.215    0.0011      Fe 2                8891.93A   -6.033    1.6825      Si 2                2334.41A   -6.261    0.9962
CN                  330.511m   -9.159    0.0013      Fe 2                7452.56A   -6.387    0.7438      Si 2                2328.52A   -6.872    0.2440
HF                  243.178m   -8.487    0.0059      Fe 2                7172.00A   -6.303    0.9037      Si 2                1808.01A   -6.267    0.9806
CO                  2600.05m   -8.190    0.0117      Fe 2                6275.53A   -8.261    0.0100      Si 2                1526.71A   -9.243    0.0010
CO                  1300.05m   -7.014    0.1756      Fe 2                5527.36A   -6.877    0.2409      Si 2                1260.42A   -8.386    0.0075
CO                  866.727m   -6.654    0.4028      Fe 2                5440.48A   -8.634    0.0042      Si 2                2350.17A   -6.122    1.3707
CO                  650.074m   -6.525    0.5415      Fe 2                5433.15A   -6.408    0.7094      Si 2                2344.20A   -5.723    3.4382
CO                  520.089m   -6.463    0.6244      Fe 2                5261.63A   -5.663    3.9410      Si 2                2334.60A   -5.829    2.6893
CO                  433.438m   -6.423    0.6850      Fe 2                5220.08A   -6.939    0.2090      Si 2                1817.45A   -6.225    1.0820
CO                  371.549m   -6.409    0.7075      Fe 2                5184.80A   -6.834    0.2659      Si 2                1816.93A   -5.867    2.4653
CO                  325.137m   -6.400    0.7228      Fe 2                5158.01A   -6.784    0.2987      Si 2                1533.43A   -6.668    0.3898
CO                  289.041m   -6.403    0.7184      Fe 2                4947.39A   -6.184    1.1897      Si 2                1309.28A   -7.450    0.0644
CO                  260.169m   -6.409    0.7086      Fe 2                4905.35A   -6.535    0.5299      Si 2                1265.00A   -7.244    0.1035
CO                  236.549m   -6.423    0.6852      Fe 2                4874.50A   -6.578    0.4802      Si 2                1264.74A   -7.666    0.0391
CO                  216.868m   -6.443    0.6538      Fe 2                4852.74A   -7.938    0.0209      Si 2                1197.39A   -7.651    0.0406
CO                  200.218m   -6.469    0.6163      Fe 2                4346.86A   -6.237    1.0522      Si 2                1194.50A   -7.863    0.0249
CO                  185.949m   -6.491    0.5865      Fe 2                4276.84A   -6.161    1.2541      Si 2                3862.60A   -8.856    0.0025
CO                  173.584m   -6.515    0.5540      Fe 2                4244.82A   -6.972    0.1934      Si 2                3856.02A   -8.829    0.0027
CO                  162.767m   -6.542    0.5210      Fe 2                4231.56A   -8.573    0.0049      Si 2                6371.37A   -8.773    0.0031
CO                  153.225m   -6.571    0.4879      Fe 2                4211.11A   -8.548    0.0051      Si 2                6347.11A   -8.696    0.0037
CO                  144.745m   -6.601    0.4553      Fe 2                3455.11A   -7.221    0.1091      Zn 2                2062.00A   -8.356    0.0080
CO                  137.159m   -6.632    0.4239      Fe 2                3452.31A   -6.910    0.2235      Zn 2                2025.48A   -8.123    0.0137
CO                  130.333m   -6.663    0.3941      Fe 2                3440.99A   -6.796    0.2906      Al 2                2669.15A   -5.904    2.2639
CO                  124.160m   -6.700    0.3618      Fe 2                2774.73A   -8.675    0.0038      Al 2                2660.35A   -5.730    3.3778
CO                  118.548m   -6.741    0.3299      Fe 2                2759.34A   -9.072    0.0015      Al 2                1670.79A   -6.400    0.7226
CO                  113.427m   -6.781    0.3004      Fe 2                2485.07A   -8.861    0.0025      Al 2                3900.67A   -9.140    0.0013
CO                  108.733m   -6.824    0.2721      Fe 2                2391.48A   -7.944    0.0206      Ca 2                7323.89A   -4.673   38.5166
CO                  104.416m   -6.867    0.2463      Fe 2                2379.28A   -8.644    0.0041      Ca 2                7291.47A   -4.506   56.6696
CO                  100.433m   -6.913    0.2219      Fe 2                2362.02A   -7.402    0.0720      Ca 2                3968.47A   -6.651    0.4054
CO                  96.7462m   -6.960    0.1990      Fe 2                35.7675m   -6.772    0.3068      Ca 2                8662.14A   -5.405    7.1513
CO                  93.3237m   -7.009    0.1778      Fe 2                1.95361m   -5.890    2.3389      Ca 2                3933.66A   -6.634    0.4214
CO                  90.1384m   -7.060    0.1582      Fe 2                1.80002m   -5.944    2.0632      Ca 2                8498.02A   -6.095    1.4571
CO                  87.1666m   -7.112    0.1403      Fe 2                1.71113m   -6.514    0.5563      Ca 2                8542.09A   -5.149   12.8917
CO                  84.3877m   -7.166    0.1240      Fe 2                1.66377m   -6.133    1.3367      Ca 2                3706.02A   -7.768    0.0309
CO                  81.7835m   -7.221    0.1091      Fe 2                9399.04A   -6.031    1.6921      Ca 2                3736.90A   -7.472    0.0612
CO                  79.3383m   -7.279    0.0956      Fe 2                9226.63A   -5.977    1.9163      Ca 2                3158.87A   -7.790    0.0294
CO                  77.0375m   -7.338    0.0834      Fe 2                9033.49A   -7.052    0.1609      Ca 2                3181.27A   -8.495    0.0058
CO                  74.8697m   -7.398    0.0726      Fe 2                7388.17A   -6.423    0.6855      Ca 2                3179.33A   -7.541    0.0523
CO                  72.8231m   -7.461    0.0628      Fe 2                6440.41A   -7.376    0.0764      Ca 2                1.19497m   -9.210    0.0011
CO                  70.8878m   -7.524    0.0543      Fe 2                6229.28A   -8.526    0.0054      Ca 2                1.18390m   -8.908    0.0022
CO                  69.0557m   -7.588    0.0469      Fe 2                5654.87A   -7.837    0.0264      Ca 2                1838.01A   -8.727    0.0034
CO                  67.3181m   -7.653    0.0404      Fe 2                5556.31A   -7.077    0.1519      Ca 2                1840.03A   -8.571    0.0049
CO                  65.6684m   -7.719    0.0347      Fe 2                5412.67A   -7.606    0.0450      Ca 2                2112.76A   -9.199    0.0011
CO                  64.0998m   -7.785    0.0298      Fe 2                5333.66A   -5.951    2.0344      Cl 2                14.3639m   -6.582    0.4750
CO                  62.6072m   -7.851    0.0256      Fe 2                5296.84A   -7.234    0.1060      Cl 2                33.2721m   -7.663    0.0395
CO                  61.1843m   -7.918    0.0219      Fe 2                5268.89A   -6.954    0.2019      Cl 2                8578.70A   -6.270    0.9738
CO                  59.8271m   -7.986    0.0187      Fe 2                5107.96A   -7.889    0.0234      Cl 2                9123.60A   -6.855    0.2533
CO                  58.5311m   -8.054    0.0160      Fe 2                5049.30A   -6.357    0.7981      Cl 2                3677.85A   -8.193    0.0116
CO                  57.2920m   -8.123    0.0137      Fe 2                5005.52A   -6.411    0.7047      Cl 2                6161.84A   -8.147    0.0129
CO                  56.1066m   -8.193    0.0116      Fe 2                4973.40A   -6.678    0.3806      Mg 2                2802.71A   -4.431   67.2885
CO                  54.9712m   -8.264    0.0099      Fe 2                4950.76A   -7.024    0.1717      Mg 2                2795.53A   -4.135  133.1469
CO                  53.8829m   -8.335    0.0084      Fe 2                4352.79A   -6.476    0.6061      Mg 2                2936.52A   -7.362    0.0789
CO                  52.8388m   -8.407    0.0071      Fe 2                4319.62A   -6.742    0.3285      Mg 2                2928.64A   -7.664    0.0394
CO                  51.8365m   -8.479    0.0060      Fe 2                4305.90A   -7.545    0.0517      Mg 2                2797.93A   -8.102    0.0144
CO                  50.8731m   -8.552    0.0051      Fe 2                4084.33A   -8.871    0.0024      Mg 2                2790.77A   -7.400    0.0723
CO                  49.9472m   -8.624    0.0043      Fe 2                3504.51A   -7.524    0.0543      Mg 2                2798.00A   -7.147    0.1295
CO                  49.0559m   -8.699    0.0036      Fe 2                3504.02A   -7.381    0.0756      Mg 2                9244.22A   -9.219    0.0011
CO                  48.1977m   -8.774    0.0031      Fe 2                3501.63A   -6.944    0.2064      Mg 2                9218.22A   -8.923    0.0022
CO                  47.3709m   -8.851    0.0026      Fe 2                3489.99A   -7.624    0.0432      N  2                205.283m   -8.460    0.0063
CO                  46.5738m   -8.928    0.0021      Fe 2                2385.01A   -8.228    0.0107      N  2                121.769m   -8.680    0.0038
CO                  45.8046m   -9.007    0.0018      Fe 2                2.06648m   -7.283    0.0945      N  2                6548.05A   -7.832    0.0267
CO                  45.0623m   -9.088    0.0015      Fe 2                1.89541m   -6.680    0.3791      N  2                6583.45A   -7.362    0.0788
CO                  44.3452m   -9.170    0.0012      Fe 2                1.79711m   -6.167    1.2360      N  2                5754.59A   -9.211    0.0011
CO                  43.6523m   -9.257    0.0010      Fe 2                1.74494m   -6.455    0.6360      N  2                2142.77A   -9.215    0.0011
^13CO               1359.86m   -8.553    0.0051      Fe 2                9652.70A   -6.879    0.2397      Ni 2                1.19102m   -5.255   10.1001
^13CO               906.599m   -8.168    0.0123      Fe 2                9470.94A   -6.367    0.7797      Ni 2                6.63416m   -5.882    2.3809
^13CO               679.978m   -8.029    0.0170      Fe 2                9267.56A   -6.749    0.3236      Ni 2                1.07151m   -6.875    0.2420
^13CO               544.012m   -7.964    0.0197      Fe 2                7544.00A   -9.062    0.0016      Ni 2                10.6793m   -6.512    0.5578
^13CO               453.374m   -7.922    0.0217      Fe 2                6558.51A   -7.589    0.0467      Ni 2                1.27792m   -8.699    0.0036
^13CO               388.637m   -7.908    0.0225      Fe 2                5745.71A   -8.208    0.0112      Ni 2                1.16130m   -7.391    0.0737
^13CO               340.088m   -7.899    0.0229      Fe 2                5643.98A   -8.050    0.0162      Ni 2                12.7253m   -6.928    0.2143
^13CO               302.332m   -7.901    0.0228      Fe 2                5495.84A   -7.882    0.0238      Ni 2                9882.95A   -8.140    0.0131
^13CO               272.130m   -7.908    0.0225      Fe 2                5376.47A   -6.345    0.8207      Ni 2                1.09177m   -7.678    0.0381
^13CO               247.423m   -7.922    0.0217      Fe 2                5347.66A   -7.459    0.0631      Ni 2                18.2355m   -7.645    0.0411
^13CO               226.836m   -7.943    0.0207      Fe 2                5181.96A   -7.735    0.0334      Ni 2                9374.87A   -8.433    0.0067
^13CO               209.419m   -7.969    0.0195      Fe 2                5076.57A   -7.015    0.1753      Ni 2                7377.83A   -6.043    1.6459
^13CO               194.493m   -7.992    0.0185      Fe 2                5043.53A   -6.885    0.2365      Ni 2                8300.99A   -7.339    0.0833
^13CO               181.558m   -8.017    0.0174      Fe 2                5020.25A   -7.001    0.1810      Ni 2                1.93877m   -6.750    0.3227
^13CO               170.243m   -8.045    0.0164      Fe 2                4372.43A   -7.017    0.1746      Ni 2                2.36883m   -8.037    0.0167
^13CO               160.261m   -8.075    0.0153      Fe 2                4358.37A   -7.228    0.1073      Ni 2                2.91064m   -7.706    0.0357
^13CO               151.390m   -8.106    0.0142      Fe 2                4080.00A   -8.901    0.0023      Ni 2                6666.80A   -6.889    0.2346
^13CO               143.454m   -8.139    0.0132      Fe 2                3539.19A   -7.228    0.1073      Ni 2                7411.61A   -6.670    0.3884
^13CO               136.314m   -8.172    0.0122      Fe 2                3538.69A   -7.522    0.0546      Ni 2                1.76458m   -8.815    0.0028
^13CO               129.855m   -8.212    0.0111      Fe 2                3536.25A   -7.648    0.0409      Ni 2                2.04866m   -8.393    0.0074
^13CO               123.985m   -8.254    0.0101      Fe 2                3524.38A   -8.956    0.0020      Ni 2                2.30794m   -7.849    0.0257
^13CO               118.627m   -8.297    0.0092      Fe 2                22.8961m   -8.277    0.0096      Ni 2                6.91767m   -8.148    0.0129
^13CO               113.717m   -8.343    0.0082      Fe 2                1.81139m   -8.557    0.0050      Ni 2                4326.24A   -6.836    0.2650
^13CO               109.201m   -8.391    0.0074      Fe 2                7764.71A   -7.763    0.0313      Ni 2                4628.05A   -7.258    0.1003
^13CO               105.034m   -8.442    0.0066      Fe 2                7336.73A   -8.052    0.0161      Ni 2                6794.20A   -8.314    0.0088
^13CO               101.176m   -8.496    0.0058      Fe 2                7267.25A   -9.021    0.0017      Ni 2                7255.82A   -7.191    0.1171
^13CO               97.5955m   -8.552    0.0051      Fe 2                6809.24A   -8.030    0.0169      Ni 2                7694.56A   -8.261    0.0100
^13CO               94.2629m   -8.612    0.0044      Fe 2                6729.87A   -8.311    0.0089      Ni 2                8033.54A   -8.425    0.0068
^13CO               91.1537m   -8.676    0.0038      Fe 2                6671.93A   -8.874    0.0024      Ni 2                1.04597m   -7.674    0.0384
^13CO               88.2461m   -8.743    0.0033      Fe 2                5721.37A   -9.148    0.0013      Ni 2                1.23230m   -7.702    0.0361
^13CO               85.5213m   -8.816    0.0028      Fe 2                5163.96A   -8.059    0.0158      Ni 2                4201.17A   -7.018    0.1741
^13CO               82.9627m   -8.895    0.0023      Fe 2                4266.35A   -8.760    0.0032      Ni 2                4485.21A   -7.471    0.0614
^13CO               80.5556m   -8.980    0.0019      Fe 2                4249.08A   -9.031    0.0017      Ni 2                7307.65A   -7.366    0.0781
^13CO               78.2869m   -9.075    0.0015      Fe 2                4157.92A   -9.036    0.0017      Ni 2                7612.72A   -7.694    0.0367
^13CO               76.1453m   -9.183    0.0012      Fe 2                3277.35A   -7.564    0.0495      Ni 2                1.13597m   -8.377    0.0076
OH+                 308.406m   -9.123    0.0014      Fe 2                3255.89A   -8.821    0.0027      Ni 2                4285.31A   -8.226    0.0108
C  1                1560.31A   -7.894    0.0232      Fe 2                2926.59A   -8.451    0.0064      Ni 2                6791.48A   -7.941    0.0208
C  1                1560.68A   -7.963    0.0198      Fe 2                2880.76A   -8.136    0.0133      Ni 2                7054.20A   -7.845    0.0259
C  1                1560.71A   -8.069    0.0155      Fe 2                2755.74A   -6.482    0.5977      Ni 2                9.61508m   -9.135    0.0013
C  1                1561.34A   -7.398    0.0727      Fe 2                2739.55A   -7.193    0.1164      Ni 2                4033.04A   -7.284    0.0944
C  1                1561.37A   -7.862    0.0249      Fe 2                2716.70A   -7.342    0.0826      Ni 2                4294.09A   -7.404    0.0715
C  1                1561.44A   -7.479    0.0603      Fe 2                34.6508m   -9.148    0.0013      Ni 2                6467.29A   -8.438    0.0066
C  1                1656.27A   -7.270    0.0975      Fe 2                1.00287m   -7.751    0.0322      Ni 2                6813.57A   -7.426    0.0680
C  1                1656.93A   -7.610    0.0445      Fe 2                8245.16A   -9.250    0.0010      Ni 2                7078.04A   -7.975    0.0192
C  1                1657.01A   -6.866    0.2473      Fe 2                8037.28A   -8.280    0.0095      Ni 2                1.02090m   -8.756    0.0032
C  1                1657.38A   -7.614    0.0442      Fe 2                7579.61A   -8.771    0.0031      Ni 2                3993.06A   -6.939    0.2088
C  1                1657.91A   -7.154    0.1275      Fe 2                7017.95A   -8.690    0.0037      Ni 2                4248.80A   -7.414    0.0699
C  1                1658.12A   -7.191    0.1170      Fe 2                6933.67A   -9.056    0.0016      Ni 2                6007.06A   -8.529    0.0054
C  1                1930.90A   -9.095    0.0015      Fe 2                6872.19A   -8.222    0.0109      Ni 2                6365.10A   -7.413    0.0701
C  1                1992.01A   -8.918    0.0022      Fe 2                6829.03A   -9.256    0.0010      Ni 2                6700.24A   -8.806    0.0028
C  1                1993.62A   -7.482    0.0599      Fe 2                5746.98A   -8.108    0.0142      Ni 2                6955.82A   -8.841    0.0026
C  1                2582.90A   -8.746    0.0033      Fe 2                5283.12A   -8.667    0.0039      Ni 2                8703.87A   -7.868    0.0246
C  1                8727.13A   -9.188    0.0012      Fe 2                5199.18A   -8.882    0.0024      Ni 2                9956.63A   -8.095    0.0146
C  1                9824.13A   -4.484   59.5163      Fe 2                4351.81A   -9.030    0.0017      Ni 2                5.18504m   -8.874    0.0024
C  1                9850.26A   -4.009  177.8062      Fe 2                4347.36A   -8.399    0.0072      Ni 2                3438.88A   -7.128    0.1352
C  1                370.269m   -4.293   92.5270      Fe 2                4329.43A   -7.746    0.0326      Ni 2                3626.89A   -7.435    0.0666
C  1                609.590m   -4.840   26.2438      Fe 2                2953.77A   -9.170    0.0012      Ni 2                3378.16A   -7.742    0.0329
C  2                1334.53A   -9.073    0.0015      Fe 2                2772.73A   -7.254    0.1011      Ni 2                3559.41A   -7.721    0.0345
C  2                1335.66A   -8.764    0.0031      Fe 2                2749.32A   -7.308    0.0893      level 1 lines..................................
C  2                1335.71A   -8.735    0.0033      Fe 2                9795.19A   -8.528    0.0054      recombination..................................
C  2                2323.50A   -8.483    0.0060      Fe 2                8228.13A   -8.443    0.0065      level2 lines...................................
C  2                2324.69A   -8.165    0.0124      Fe 2                7613.14A   -8.851    0.0026      C  1                1247.50A   -8.111    0.0141
C  2                2325.40A   -7.715    0.0350      Fe 2                7011.24A   -9.257    0.0010      C  1                1314.77A   -8.035    0.0167
C  2                2326.93A   -7.701    0.0361      Fe 2                6966.33A   -8.615    0.0044      C  1                1233.29A   -8.626    0.0043
C  2                2328.12A   -8.112    0.0140      Fe 2                5477.25A   -8.612    0.0044      C  1                1250.68A   -8.778    0.0030
C  2                157.636m   -5.705    3.5795      Fe 2                5278.38A   -9.080    0.0015      Mg 1                1817.31A   -8.927    0.0021
Ca 1                4226.73A   -7.336    0.0838      Fe 2                4402.59A   -8.865    0.0025      Mg 1                1739.09A   -9.132    0.0013
Ca 1                6439.08A   -8.294    0.0092      Fe 2                4384.21A   -8.797    0.0029      Mg 1                1699.05A   -9.164    0.0012
Ca 1                6462.57A   -8.533    0.0053      Fe 2                1.05081m   -9.009    0.0018      Mg 1                1675.74A   -9.198    0.0012
Ca 1                6493.78A   -8.744    0.0033      Fe 2                7710.80A   -9.162    0.0012      Si 1                1853.05A   -9.055    0.0016
Cl 1                11.3303m   -7.579    0.0478      Fe 2                7048.01A   -8.828    0.0027      Si 2                1179.59A   -8.408    0.0071
Co 2                9335.96A   -8.399    0.0073      Fe 2                5901.28A   -9.059    0.0016      S  1                1356.05A   -8.641    0.0041
Co 2                9639.13A   -8.836    0.0026      Fe 2                5527.62A   -9.170    0.0012      S  1                1392.25A   -9.012    0.0018
Co 2                10.5199m   -7.232    0.1063      Fe 2                2.04602m   -7.695    0.0366      S  1                1418.10A   -9.210    0.0011
Co 2                15.4548m   -8.118    0.0138      Fe 2                1.41956m   -8.250    0.0102      Ca 2                1360.06A   -9.245    0.0010
Co 2                2.98382m   -6.718    0.3472      Fe 2                1.35904m   -9.055    0.0016      Fe 1                2484.25A   -8.889    0.0023
Co 2                14.7345m   -7.762    0.0314      Fe 2                1.23314m   -8.044    0.0164      Fe 1                2526.51A   -9.126    0.0014
Co 2                18.7989m   -8.282    0.0095      Fe 2                1.09108m   -7.966    0.0196      Sc 2                3627.22A   -7.582    0.0475
Co 2                25.6819m   -8.970    0.0019      Fe 2                1.07084m   -8.405    0.0071      Sc 2                3575.45A   -7.705    0.0358
Co 2                1.01879m   -7.448    0.0647      Fe 2                1.05625m   -8.855    0.0025      Sc 2                3368.13A   -8.269    0.0098
Co 2                1.12804m   -8.419    0.0069      Fe 2                1.01565m   -8.658    0.0040      Ti 2                3364.74A   -6.008    1.7825
Co 2                1.54700m   -7.693    0.0368      Fe 2                8119.18A   -9.134    0.0013      Ti 2                3237.15A   -6.248    1.0263
Co 2                1.72847m   -8.689    0.0037      Fe 2                5588.16A   -7.960    0.0199      Ti 2                1904.17A   -8.115    0.0139
Co 2                1.90349m   -8.529    0.0054      Fe 2                5586.91A   -8.822    0.0027      Ti 2                1907.36A   -7.858    0.0252
Co 2                1.02452m   -8.254    0.0101      Fe 2                5580.82A   -7.392    0.0736      V  2                2710.94A   -8.337    0.0084
Co 2                1.09726m   -8.882    0.0024      Fe 2                5551.32A   -7.110    0.1410      V  2                2684.22A   -8.100    0.0144
Co 2                1.49674m   -9.118    0.0014      Fe 2                3227.74A   -8.810    0.0028      V  2                2139.33A   -8.738    0.0033
Co 2                1.62622m   -9.106    0.0014      Fe 2                3196.07A   -8.344    0.0082      Cr 1                4269.56A   -8.732    0.0034
Co 2                1.73616m   -8.812    0.0028      Fe 2                2.13278m   -7.951    0.0203      Cr 1                3589.90A   -8.548    0.0051
Co 2                1.02803m   -8.852    0.0026      Fe 2                1.46079m   -8.797    0.0029      Cr 2                2059.78A   -6.608    0.4477
Co 2                8580.39A   -8.907    0.0022      Fe 2                1.39678m   -8.858    0.0025      Mn 2                1198.85A   -8.966    0.0020
Co 2                9342.40A   -7.603    0.0453      Fe 2                1.30943m   -8.877    0.0024      Co 2                2060.90A   -8.075    0.0153
Co 2                9943.48A   -7.950    0.0204      Fe 2                1.24364m   -9.063    0.0016      Co 2                2018.80A   -8.109    0.0141
Co 2                7539.01A   -8.272    0.0097      Fe 2                1.09413m   -8.164    0.0124      Co 2                1949.74A   -8.187    0.0118
Co 2                8121.00A   -7.984    0.0188      Fe 2                1.07890m   -8.260    0.0100      Co 2                1575.91A   -8.708    0.0036
Co 2                8571.41A   -8.591    0.0047      Fe 2                1.06830m   -9.018    0.0017      Co 2                1470.18A   -8.786    0.0030
Co 2                6.21176m   -9.232    0.0011      Fe 2                1.03658m   -9.029    0.0017      Ni 2                1751.83A   -7.642    0.0414
Co 2                8027.34A   -8.450    0.0064      Fe 2                5650.95A   -7.939    0.0209      Ni 2                1744.24A   -7.449    0.0645
Co 2                8467.14A   -8.863    0.0025      Fe 2                5649.67A   -7.913    0.0222      Ni 2                1484.97A   -8.776    0.0030
Co 2                8333.76A   -8.631    0.0042      Fe 2                5643.44A   -9.050    0.0016      Ni 2                1472.74A   -8.465    0.0062
Cr 2                8000.08A   -6.441    0.6573      Fe 2                5613.27A   -7.326    0.0858      Ni 2                1400.37A   -8.775    0.0031
Cr 2                8125.30A   -6.515    0.5544      Fe 2                2.24366m   -8.288    0.0093      Ni 2                1375.73A   -8.441    0.0066
Cr 2                8229.67A   -6.609    0.4463      Fe 2                2.00672m   -7.634    0.0422      Ni 2                1324.11A   -8.543    0.0052
Cr 2                8308.49A   -6.797    0.2900      Fe 2                1.10657m   -8.507    0.0056      hyperfine structure............................
Cr 2                8357.64A   -7.094    0.1461      Fe 2                1.09542m   -8.611    0.0044      inner shell....................................
Fe 1                24.0358m   -6.878    0.2406      Fe 2                5725.92A   -8.210    0.0112      molecules......................................
Fe 1                34.7038m   -7.466    0.0621      Fe 2                5718.22A   -7.660    0.0397      bands..........................................
Fe 2                25.9813m   -4.807   28.3164      Fe 2                2.22379m   -7.044    0.1641      Fe 2b               2500.00A   -4.442   65.6302
Fe 2                5.33871m   -4.284   94.2987      Fe 2                2.01513m   -7.364    0.0786      Fe 2b               5000.00A   -4.497   57.7584
Fe 2                4.11387m   -6.647    0.4092      Fe 2                9682.08A   -7.875    0.0242      Fe 2b               7000.00A   -5.440    6.5899
Fe 2                1.25668m   -5.556    5.0442      Fe 2                9513.85A   -8.682    0.0038      Fe 2b               10000.0A   -4.120  137.6807
Fe 2                1.19129m   -8.341    0.0083      Fe 2                8715.81A   -8.508    0.0056      Fe 2b               2355.00A   -5.220   10.9388
Fe 2                6309.53A   -9.186    0.0012      Fe 2                6873.84A   -8.172    0.0122      Fe 2b               2430.00A   -4.449   64.5493
Fe 2                4799.30A   -9.084    0.0015      Fe 2                6700.65A   -9.143    0.0013      Fe 2b               2445.00A   -4.449   64.5491
Fe 2                4704.22A   -8.309    0.0089      Fe 2                6188.55A   -8.352    0.0081      Fe 2b               2495.00A   -5.021   17.3136
Fe 2                4632.28A   -6.516    0.5532      Fe 2                5870.02A   -8.603    0.0045      Fe 2b               2610.00A   -4.699   36.2920
Fe 2                4604.48A   -8.299    0.0091      Fe 2                5673.20A   -8.637    0.0042      Fe 2b               2695.00A   -7.342    0.0826
Fe 2                4416.27A   -6.497    0.5774      Fe 2                4898.61A   -8.373    0.0077      Fe 2b               2758.00A   -6.269    0.9767
Fe 2                4382.74A   -7.467    0.0619      Fe 2                2.25348m   -7.881    0.0239      Fe 2b               2780.00A   -6.228    1.0729
Fe 2                4287.39A   -5.535    5.2969      Fe 2                1.02005m   -9.090    0.0015      Fe 2b               2935.00A   -7.923    0.0217
Fe 2                3931.44A   -9.129    0.0013      Fe 2                1.00139m   -8.533    0.0053      Fe 2b               2960.00A   -8.333    0.0084
Fe 2                3874.07A   -8.760    0.0032      Fe 2                9133.66A   -9.256    0.0010      Fe 2b               3180.00A   -6.859    0.2509
Fe 2                3175.38A   -7.346    0.0818      Fe 2                8885.67A   -8.982    0.0019      Fe 2b               3250.00A   -6.157    1.2651
Fe 2                2599.40A   -7.928    0.0214      Fe 2                7131.14A   -9.147    0.0013      Fe 2b               3590.00A   -6.176    1.2096
Fe 2                2585.88A   -8.975    0.0019      Fe 2                6944.91A   -8.715    0.0035      Fe 2b               3910.00A   -8.226    0.0108
Fe 2                2382.04A   -6.059    1.5854      Fe 2                6473.88A   -8.752    0.0032      Fe 2b               4060.00A   -8.884    0.0024
Fe 2                2343.50A   -8.763    0.0031      Fe 2                6044.10A   -9.183    0.0012      Fe 2b               4255.00A   -4.931   21.3030
Fe 2                35.3391m   -5.469    6.1714      Fe 2                5835.45A   -8.851    0.0026      Fe 2b               4558.00A   -5.661    3.9645
Fe 2                6.71944m   -5.424    6.8364      Fe 2                5060.09A   -8.932    0.0021      Fe 2b               4600.00A   -5.631    4.2451
Fe 2                4.88781m   -6.310    0.8882      Fe 2                4576.40A   -9.185    0.0012      Fe 2b               4743.00A   -6.380    0.7573
Fe 2                4.07521m   -7.132    0.1340      Fe 2                1.34608m   -9.231    0.0011      Fe 2b               4855.00A   -5.801    2.8710
Fe 2                1.32055m   -6.053    1.6083      Fe 2                1.11648m   -9.048    0.0016      Fe 2b               4920.00A   -5.286    9.3889
Fe 2                1.24854m   -7.087    0.1487      Fe 2                5048.19A   -8.899    0.0023      Fe 2b               4975.00A   -5.816    2.7727
Fe 2                1.20512m   -8.899    0.0023      Fe 2                1.71482m   -8.483    0.0060      Fe 2b               4971.00A   -5.859    2.5120
Fe 2                7637.52A   -6.356    0.7989      Fe 2                9949.21A   -8.815    0.0028      Fe 2b               5070.00A   -5.738    3.3202
Fe 2                7523.28A   -8.404    0.0072      Fe 2                7975.22A   -8.998    0.0018      Fe 2b               5143.00A   -5.204   11.3387
Fe 2                4889.62A   -6.380    0.7568      Fe 2                1.47063m   -9.253    0.0010      Fe 2b               5270.00A   -4.920   21.8374
Fe 2                4750.27A   -9.112    0.0014      Fe 2                1.01273m   -8.928    0.0021      Fe 2b               5318.00A   -5.238   10.4983
Fe 2                4716.37A   -7.394    0.0733      Fe 2                6353.11A   -9.049    0.0016      Fe 2b               5540.00A   -6.385    0.7475
Fe 2                4687.56A   -7.597    0.0459      Fe 2                1.80228m   -9.150    0.0013      Fe 2b               5865.00A   -6.985    0.1879
Fe 2                4492.64A   -7.367    0.0780      Fe 2                1.00387m   -9.079    0.0015      Fe 2b               6265.00A   -7.798    0.0289
Fe 2                4457.95A   -6.765    0.3117      Fe 2                9469.41A   -8.963    0.0020      Fe 2b               6565.00A   -7.141    0.1312
Fe 2                4432.45A   -7.559    0.0501      Fe 2                9384.77A   -8.453    0.0064      Fe 2b               6910.00A   -7.080    0.1509
Fe 2                4359.33A   -5.666    3.9199      Fe 2                2.39329m   -8.503    0.0057      Fe 2b               7445.00A   -5.461    6.2738
Fe 2                3224.54A   -8.443    0.0066      Fe 2                4825.73A   -7.934    0.0211      Fe 2b               8625.00A   -5.129   13.4881
Fe 2                3214.67A   -7.860    0.0251      Fe 2                2.50030m   -8.840    0.0026      Fe 2b               1.03250m   -6.187    1.1811
Fe 2                2625.67A   -4.821   27.3884      Fe 2                4867.73A   -8.975    0.0019      Fe 2b               1.88900m   -4.835   26.5340
Fe 2                2611.87A   -5.552    5.0870      Fe 2                2.59860m   -9.223    0.0011      Fe 2b               2.20000m   -6.920    0.2184
Fe 2                2598.37A   -6.784    0.2987      Fe 2                4903.85A   -8.427    0.0068      miscellaneous..................................
Fe 2                2395.63A   -5.831    2.6814      Fe 2                1.04657m   -9.256    0.0010      Blnd                8446.00A   -8.995    0.0018
Fe 2                2388.63A   -6.880    0.2393      Fe 2                3.58120m   -8.848    0.0026      Blnd                1304.00A   -7.390    0.0739
Fe 2                2383.06A   -8.788    0.0030      Fe 2                3.15558m   -8.878    0.0024      Blnd                2798.00A   -3.957  200.4354
Fe 2                2364.83A   -6.228    1.0735      Fe 2                5171.63A   -8.236    0.0105      Blnd                6720.00A   -4.672   38.6202
Fe 2                2332.80A   -7.308    0.0892      Fe 2                5169.03A   -7.476    0.0607      Blnd                4074.00A   -5.997    1.8295
Fe 2                2279.91A   -8.870    0.0024      Fe 2                5018.44A   -9.204    0.0011      Blnd                1.03300m   -6.106    1.4237
Fe 2                51.2868m   -5.987    1.8718      Fe 2                6044.54A   -8.679    0.0038      Blnd                1256.00A   -8.031    0.0169
Fe 2                5.67236m   -7.122    0.1371      Fe 2                5316.61A   -9.168    0.0012      Blnd                5892.00A   -7.498    0.0577
Fe 2                4.60641m   -6.931    0.2126      Fe 3                22.9190m   -9.199    0.0011      Blnd                2665.00A   -5.508    5.6416
Fe 2                4.08085m   -7.678    0.0381      Fe 3                4985.87A   -9.061    0.0016      Blnd                2335.00A   -5.318    8.7384
Fe 2                1.37181m   -6.296    0.9181      K  1                7664.90A   -9.012    0.0018      Blnd                8579.00A   -4.927   21.5001
Fe 2                1.29427m   -6.872    0.2437      Mg 1                2025.82A   -8.274    0.0096      Blnd                7306.00A   -4.280   95.1862
Fe 2                7806.23A   -8.129    0.0135      Mg 1                2852.13A   -5.738    3.3224      Blnd                3933.00A   -6.342    0.8268
Fe 2                7686.93A   -6.434    0.6682      Mg 1                3832.30A   -8.810    0.0028      Blnd                1657.00A   -6.428    0.6779
Fe 2                7552.40A   -8.913    0.0022      Mg 1                3838.29A   -8.393    0.0074      Blnd                9850.00A   -3.884  237.3225
Fe 2                4958.23A   -8.231    0.0107      Mg 1                4562.60A   -5.544    5.1922      Blnd                2326.00A   -7.244    0.1035
Fe 2                4750.57A   -8.228    0.0107      Mg 1                4571.10A   -5.982    1.8921      Blnd                1335.00A   -8.356    0.0080
Fe 2                4728.07A   -7.028    0.1700      Mg 1                4575.29A   -6.910    0.2233      Blnd                3467.00A   -6.808    0.2824
Fe 2                4514.90A   -7.391    0.0738      Mg 1                5167.32A   -8.068    0.0155      Blnd                5199.00A   -4.563   49.7096
Fe 2                4488.75A   -7.110    0.1409      Mg 1                5172.68A   -7.594    0.0462      Blnd                1.04030m   -6.052    1.6112
Fe 2                4470.30A   -8.313    0.0088      Mg 1                5183.60A   -7.374    0.0767      Blnd                2141.00A   -9.067    0.0016
Fe 2                4413.78A   -5.817    2.7675      Mg 1                8806.76A   -7.653    0.0404      Blnd                6300.00A   -4.278   95.8019
Fe 2                3254.24A   -7.920    0.0218      Mg 1                1.18282m   -7.823    0.0273      Blnd                2471.00A   -8.953    0.0020
Fe 2                3244.18A   -8.215    0.0111      Mg 1                1.50250m   -8.634    0.0042      Blnd                7323.00A   -9.121    0.0014
Fe 2                2631.32A   -5.791    2.9405      Mg 1                1.50402m   -9.079    0.0015      Blnd                7332.00A   -9.203    0.0011
Fe 2                2617.62A   -7.235    0.1057      Mg 1                1.71087m   -8.348    0.0082      Blnd                3727.00A   -7.042    0.1649
Fe 2                2607.09A   -7.118    0.1382      Mn 2                2576.10A   -6.728    0.3397      Blnd                7325.00A   -8.859    0.0025
Fe 2                2404.89A   -6.818    0.2758      Mn 2                2593.72A   -6.821    0.2739



 IC443 grid point v shock=43 km/s  
 Cooling:  H  1c                     0 :0.129 C  1c                     0 :0.057 Fe 2c                     0 :0.067 O  1c                     0 :0.404 Si 2c                     0 :0.231  
 Heating:  TotM                      0 :0.220 CT H                      0 :0.508 H- H                      0 :0.268  

 These are some of the most important databases used by Cloudy:
 Many recombination coefficients were taken from http://amdpp.phys.strath.ac.uk/tamoc/RR/ and http://amdpp.phys.strath.ac.uk/tamoc/DR/
      and are based on the following papers:
        Badnell N. R., et al., A&A 406, 1151 (2003) [http://adsabs.harvard.edu/abs/2003A%26A...406.1151B]
        Badnell N. R., ApJS 167, 334 (2006) [http://adsabs.harvard.edu/abs/2006ApJS..167..334B]
 Much of the molecular emission data is from LAMDA as accessed on June 30, 2015. This database is described in:
        Schoeier F.L., et al., A&A 432, 369 (2005) [http://adsabs.harvard.edu/abs/2005A%26A...432..369S]
      This database is in part based on the work of the following groups:
        JPL: Pickett H. M. et al., JQSRT, 60, 883 (1998). [http://adsabs.harvard.edu/abs/1998JQSRT..60..883P]
        CDMS: Mueller H. S. et al., A&A 370, L49 (2001). [http://adsabs.harvard.edu/abs/2001A%26A...370L..49M]
              Mueller H. S. et al., J. Mol. Struct. 742, 215 (2005). [http://adsabs.harvard.edu/abs/2005JMoSt.742..215M]
 Some of the ionic emission data is from version 10.0.1 of CHIANTI. CHIANTI is a collaborative project involving the NRL (USA), the
      Universities of Florence (Italy) and Cambridge (UK), and George Mason University (USA). These papers describe Chianti:
        Dere K. P., et al., A&AS, 125, 149 (1997) [http://adsabs.harvard.edu/abs/1997A%26AS..125..149D]
        Landi E., et al., ApJ, 744, 99 (2012) [http://adsabs.harvard.edu/abs/2012ApJ...744...99L]
 Much of the H_2 data is from this web site: http://molat.obspm.fr/index.php?page=pages/Molecules/H2/H2can94.php. These data are
      described in:
        Abgrall H. et al., Can. J. Phys., 72, 856 (1994) [http://adsabs.harvard.edu/abs/1994CaJPh..72..856A]
        Wrathmall S. A. & Flower D. R., J. Phys. B, 40, 3221 (2007) [http://adsabs.harvard.edu/abs/2007JPhB...40.3221W]
 The Case A and Case B recombination predictions for one-electron systems are from
	Storey, P.J. & Hummer, D.G., 1995, MNRAS 272, 41 http://adsabs.harvard.edu/abs/1995MNRAS.272...41S
 The He I recombination predictions are from
	Porter, R. L.; Ferland, G. J.; Storey, P. J.; Detisch, M. J., 2012, MNRAS, 425, 28p http://adsabs.harvard.edu/abs/2012MNRAS.425L..28P
		http://adsabs.harvard.edu/abs/2013MNRAS.433L..89P

 If you find some process or data set to be particularly critical to a result, please follow the trail of references back to the
 original source and cite that.  This will support and encourage atomic, molecular, and chemical physicists to continue their
 valuable work.

 IONIZE PARMET:  U(1-)-37.0000  U(4-):-37.0000  U(sp):-37.00  Q(ion):   -4.493  L(ion)-14.992    Q(low): 10.586    L(low) -2.807
 ENERGY BUDGET:  Heat:  -7.024  Coolg:  -2.462  Error:3645192.3%  Rec Lin:  -3.790  F-F  H  0.000    P(rad/tot)max     1.27E-04    R(F Con):1.737e+05

     Col(Heff):      3.822E+20  snd travl time  2.29E+12 sec  Te-low: 1.00E+04  Te-hi: 1.00E+04  G0TH85: 0.00E+00  G0DB96:0.00E+00
  Emiss Measure    n(e)n(p) dl       5.413E+16  n(e)n(He+)dl         4.569E+08  En(e)n(He++) dl         0.000E+00  ne nC+:6.84E+13
 He/Ha:2.67E-08  =   0.00*true  Lthin:7.46E+06  itr/zn: 1.38  H2 itr/zn:  0.00  File Opacity: F  MassTot 1.08e-03  (gm/cm^2)
   Temps(21 cm)   T(21cm/Ly a)  6.57E+03        T(<nH/Tkin>)  1.00E+04          T(<nH/Tspin>)    7.04E+03          TB21cm:1.11E+01
                   N(H0/Tspin)  6.49E+16        N(OH/Tkin)    6.80E+07          B(21cm)          0.00E+00
   <a>:3.15E-12  erdeFe0.0E+00  Tcompt0.00E+00  Tthr3.11E+11  <Tden>: 1.00E+04  <dens>:5.91E-22  <MolWgt>1.29E+00
     Mean Jeans  l(cm)2.26E+20  M(sun)1.80E+06  smallest:     len(cm):2.26E+20  M(sun):1.80E+06  a_ox tran:  0.00
 Rion:1.000E+30  Dist:0.00E+00  Diam:0.000E+00
 Hatom level 70  HatomType: add  HInducImp  F  He tot level: 63  He2 level:   70  ExecTime    43.1
 ConvrgError(%)  <eden>  0.151  MaxEden  0.878  <H-C> 100.00  Max(H-C)  100.00  <Press>   0.000  MaxPrs er  0.000
  Continuity(%)  chng Te   0.0  elec den   1.1  n(H2)    0.0  n(CO)        5.5

                                                        Averaged Quantities
             Te      Te(Ne)   Te(NeNp)  Te(NeHe+)Te(NeHe2+) Te(NeO+)  Te(NeO2+)  Te(H2)     N(H)     Ne(O2+)   Ne(Np)
 Radius:  1.00e+04  1.00e+04  1.00e+04  1.00e+04  0.00e+00  1.00e+04  1.00e+04  1.00e+04  2.49e+02  1.87e-01  1.86e-01
 
 Peimbert T(OIIIr)0.00E+00 T(Bac)0.00E+00 T(Hth)7.00E+03 t2(Hstrc) 3.31e-32 T(O3-BAC)5.58E+03 t2(O3-BC)-1.50e-01 t2(O3str) 0.00e+00

 Contin Optical Depths: COMP: 2.27e-07    H-: 1.07e-04 R(1300): 3.07e-03  H2+: 8.04e-07  Bra:2.27E-07
                          Pa: 2.29e-07    Ba: 9.84e-05      Hb: 7.63e-05   La: 7.55e+00     1r:2.901E+03  1.8:9.05E+02 4.:1.368E+02

 Old, new H  1 continuum optical depths:
     1 2.90e+03     2 5.54e-05     3 1.09e-04     4 1.09e-04     5 1.09e-04     6 2.81e-05     7 2.81e-05     8 2.81e-05
     9 2.81e-05    10 2.83e-18    11 2.83e-18    12 2.83e-18    13 2.83e-18    14 2.83e-18    15 4.07e-18    16 4.07e-18
    17 4.07e-18    18 4.07e-18    19 4.07e-18    20 4.07e-18    21 7.07e-18    22 7.07e-18    23 7.07e-18    24 7.07e-18
    25 7.07e-18    26 7.07e-18    27 7.07e-18    28 1.14e-17    29 1.14e-17    30 1.14e-17    31 1.14e-17    32 1.14e-17
    33 1.14e-17    34 1.14e-17    35 1.14e-17    36 1.74e-17    37 1.74e-17    38 1.74e-17    39 1.74e-17    40 1.74e-17
    41 1.74e-17    42 1.74e-17    43 1.74e-17    44 1.74e-17    45 2.54e-17    46 2.54e-17    47 2.54e-17    48 2.54e-17
    49 2.54e-17    50 2.54e-17    51 2.54e-17    52 2.54e-17    53 2.54e-17    54 2.54e-17
     1 2.90e+03     2 5.50e-05     3 1.08e-04     4 1.08e-04     5 1.08e-04     6 2.79e-05     7 2.79e-05     8 2.79e-05
     9 2.79e-05    10 2.82e-18    11 2.82e-18    12 2.82e-18    13 2.82e-18    14 2.82e-18    15 4.04e-18    16 4.04e-18
    17 4.04e-18    18 4.04e-18    19 4.04e-18    20 4.04e-18    21 7.02e-18    22 7.02e-18    23 7.02e-18    24 7.02e-18
    25 7.02e-18    26 7.02e-18    27 7.02e-18    28 1.13e-17    29 1.13e-17    30 1.13e-17    31 1.13e-17    32 1.13e-17
    33 1.13e-17    34 1.13e-17    35 1.13e-17    36 1.73e-17    37 1.73e-17    38 1.73e-17    39 1.73e-17    40 1.73e-17
    41 1.73e-17    42 1.73e-17    43 1.73e-17    44 1.73e-17    45 2.52e-17    46 2.52e-17    47 2.52e-17    48 2.52e-17
    49 2.52e-17    50 2.52e-17    51 2.52e-17    52 2.52e-17    53 2.52e-17    54 2.52e-17

 Old, new H  1 mean line optical depths:
  2- 1 4.78e+07  3- 2 9.76e-07  4- 3 1.38e-13  5- 4 7.34e-14  6- 5 1.76e-13  7- 6-4.86e-15  8- 7 6.29e-15
  9- 8 5.54e-14 10- 9 1.88e-13 11-10 8.03e-13 12-11 9.12e-15 13-12-2.68e-16 14-13-2.20e-14 15-14-6.54e-14 16-15-1.46e-13
 17-16-2.86e-13 18-17-5.22e-13 19-18-9.09e-13 20-19-1.53e-12 21-20-2.55e-12 22-21-4.28e-12 23-22-7.73e-12 24-23-1.80e-11
 25-24-5.22e-10
  2- 1 4.78e+07  3- 2 9.14e-07  4- 3 1.38e-13  5- 4 7.30e-14  6- 5 1.75e-13  7- 6-4.83e-15  8- 7 6.26e-15
  9- 8 5.51e-14 10- 9 1.87e-13 11-10 7.98e-13 12-11 9.20e-15 13-12-3.92e-17 14-13-2.15e-14 15-14-6.44e-14 16-15-1.44e-13
 17-16-2.82e-13 18-17-5.16e-13 19-18-8.99e-13 20-19-1.52e-12 21-20-2.52e-12 22-21-4.23e-12 23-22-7.63e-12 24-23-1.78e-11
 25-24-5.14e-10

 Old, new He 2 continuum optical depths:
     1 1.37e+02     2 2.89e+03     3 6.70e-05     4 6.70e-05     5 6.70e-05     6 5.54e-05     7 5.54e-05     8 5.54e-05
     9 5.54e-05    10 8.81e-05    11 8.81e-05    12 8.81e-05    13 8.81e-05    14 8.81e-05    15 1.09e-04    16 1.09e-04
    17 1.09e-04    18 1.09e-04    19 1.09e-04    20 1.09e-04    21 9.16e-05    22 9.16e-05    23 9.16e-05    24 9.16e-05
    25 9.16e-05    26 9.16e-05    27 9.16e-05    28 2.81e-05    29 2.81e-05    30 2.81e-05    31 2.81e-05    32 2.81e-05
    33 2.81e-05    34 2.81e-05    35 2.81e-05    36 1.84e-18    37 1.84e-18    38 1.84e-18    39 1.84e-18    40 1.84e-18
    41 1.84e-18    42 1.84e-18    43 1.84e-18    44 1.84e-18    45 2.83e-18    46 2.83e-18    47 2.83e-18    48 2.83e-18
    49 2.83e-18    50 2.83e-18    51 2.83e-18    52 2.83e-18    53 2.83e-18    54 2.83e-18
     1 1.37e+02     2 2.89e+03     3 6.71e-05     4 6.71e-05     5 6.71e-05     6 5.50e-05     7 5.50e-05     8 5.50e-05
     9 5.50e-05    10 8.75e-05    11 8.75e-05    12 8.75e-05    13 8.75e-05    14 8.75e-05    15 1.08e-04    16 1.08e-04
    17 1.08e-04    18 1.08e-04    19 1.08e-04    20 1.08e-04    21 9.10e-05    22 9.10e-05    23 9.10e-05    24 9.10e-05
    25 9.10e-05    26 9.10e-05    27 9.10e-05    28 2.79e-05    29 2.79e-05    30 2.79e-05    31 2.79e-05    32 2.79e-05
    33 2.79e-05    34 2.79e-05    35 2.79e-05    36 1.83e-18    37 1.83e-18    38 1.83e-18    39 1.83e-18    40 1.83e-18
    41 1.83e-18    42 1.83e-18    43 1.83e-18    44 1.83e-18    45 2.82e-18    46 2.82e-18    47 2.82e-18    48 2.82e-18
    49 2.82e-18    50 2.82e-18    51 2.82e-18    52 2.82e-18    53 2.82e-18    54 2.82e-18

 Old, new He 2 mean line optical depths:
  2- 1 0.00e+00  3- 2 0.00e+00  4- 3 0.00e+00  5- 4 0.00e+00  6- 5 0.00e+00  7- 6 0.00e+00  8- 7 0.00e+00
  9- 8 0.00e+00 10- 9 0.00e+00 11-10 0.00e+00 12-11 0.00e+00 13-12 0.00e+00 14-13 0.00e+00 15-14 0.00e+00 16-15 0.00e+00
 17-16 0.00e+00 18-17 0.00e+00 19-18 0.00e+00 20-19 0.00e+00 21-20 0.00e+00 22-21 0.00e+00 23-22 0.00e+00 24-23 0.00e+00
 25-24 0.00e+00
  2- 1 0.00e+00  3- 2 0.00e+00  4- 3 0.00e+00  5- 4 0.00e+00  6- 5 0.00e+00  7- 6 0.00e+00  8- 7 0.00e+00
  9- 8 0.00e+00 10- 9 0.00e+00 11-10 0.00e+00 12-11 0.00e+00 13-12 0.00e+00 14-13 0.00e+00 15-14 0.00e+00 16-15 0.00e+00
 17-16 0.00e+00 18-17 0.00e+00 19-18 0.00e+00 20-19 0.00e+00 21-20 0.00e+00 22-21 0.00e+00 23-22 0.00e+00 24-23 0.00e+00
 25-24 0.00e+00

 Old He Is optical depths:    1 9.05e+02    2 3.63e-05    3 4.60e-05    4 5.14e-05    5 5.14e-05
 New He Is optical depths:    1 9.05e+02    2 3.60e-05    3 4.57e-05    4 5.10e-05    5 5.10e-05
          Old He Is Lines:  584 3.03e+06 3889 5.16e-09 5016 8.81e-15 5876 0.00e+00
          New He Is Lines:  584 3.03e+06 3889 5.13e-09 5016 8.76e-15 5876 0.00e+00

==== H      compounds ====           Log10 column densities [cm^-2]
   H2        : 15.387   H2*       : 12.504   H2+       : 11.060   H3+       :  7.496
==== He     compounds ====
   HeH+      : 10.242
==== Li     compounds ====
   LiH       :  2.891   LiH+      :  0.739
==== C      compounds ====
   CH        : 11.870   CH+       :  9.683   CH2       :  7.432   CH2+      :  5.927   CH3       :  1.314   CH3+      :  1.263
   CH4       : -3.699   CH4+      : -5.465   CH5+      : -9.908   C2        : 11.070   C2+       :  9.776   C2H       :  6.100
   C2H+      :  5.878   C2H2      : -0.057   C2H2+     :  1.827   C2H3+     : -8.086   C3        :  1.117   C3+       :  3.742
   C3H       : -1.656   C3H+      :  0.336
==== N      compounds ====
   NH        : 13.582   NH+       : 12.891   NH2       :  9.472   NH2+      :  9.181   NH3       :  5.050   NH3+      :  4.785
   NH4+      : -1.524   CN        : 13.053   CN+       :  7.370   HCN       :  7.632   HCN+      :  6.583   HNC       :  5.665
   HCNH+     :  2.606   HC3N      : -3.611   N2        : 14.010   N2+       :  9.831   N2H+      :  3.015
==== O      compounds ====
   OH        : 11.832   OH+       : 12.020   H2O       :  6.407   H2O+      :  8.083   H3O+      :  3.873   CO        : 14.485
   CO+       :  7.360   HCO+      :  8.350   H2CO      :  3.302   NO        : 12.124   NO+       : 10.465   HNO       :  5.864
   HNO+      :  6.177   OCN       :  4.162   OCN+      :  7.920   N2O       :  6.987   O2        :  7.470   O2+       : 10.463
   NO2       :  5.325   NO2+      :  4.307
==== F      compounds ====
   HF        : 12.125   HF+       :  3.865   H2F+      :  0.433   CF+       :  8.745
==== Ne     compounds ====
   NeH+      :  8.572
==== Si     compounds ====
   SiH       :  4.769   SiH2+     :  3.590   SiN       :  2.488   SiN+      : 10.702   SiO       :  7.509   SiO+      :  9.180
   SiOH+     :  4.828
==== S      compounds ====
   HS        : 11.040   HS+       :  9.642   CS        :  9.495   CS+       :  8.648   HCS+      :  5.609   NS        : 10.270
   NS+       :  9.945   SO        :  9.783   SO+       :  8.921   OCS       :  3.227   OCS+      :  1.925   SO2       :-35.930
   SiS       : 10.986   S2        :  4.185   S2+       :  3.054
==== Cl     compounds ====
   HCl       :  7.146   HCl+      : 10.076   H2Cl+     :  6.370   CCl       :-12.759   CCl+      :  1.741   H2CCl+    :-15.511
   ClO       :-13.012   ClO+      :-17.521
==== Ar     compounds ====
   ArH+      :  8.676


               1      2      3      4      5      6      7      8      9     10     11     12     13     14     15     16     17

 Hydrogen   20.660 17.463 15.387 (H2)                Log10 Column density (cm^-2)
 Helium     19.660  9.388-30.000
 Lithium     9.514 11.968-30.000-30.000
 Beryllium   9.548  9.929  3.535-30.000-30.000
 Boron       9.343 11.447 -1.715-30.000-30.000-30.000
 Carbon     17.047 14.564  3.137-30.000-30.000-30.000-30.000
 Nitrogen   16.587 13.488 -0.956-30.000-30.000-30.000-30.000-30.000
 Oxygen     17.349 14.059 -5.811-30.000-30.000-30.000-30.000-30.000-30.000
 Fluorine   13.096  7.971 -7.453-30.000-30.000-30.000-30.000-30.000-30.000-30.000
 Neon       16.660 10.199-30.000-30.000-30.000-30.000-30.000-30.000-30.000-30.000-30.000
 Sodium     12.215 14.990 -6.216-30.000-30.000-30.000-30.000-30.000-30.000-30.000-30.000-30.000
 Magnesium  14.895 16.178 12.200-30.000-30.000-30.000-30.000-30.000-30.000-30.000-30.000-30.000-30.000
 Aluminium  11.930 15.130  8.438-30.000-30.000-30.000-30.000-30.000-30.000-30.000-30.000-30.000-30.000-30.000
 Silicon    13.876 16.198 11.209-30.000-30.000-30.000-30.000-30.000-30.000-30.000-30.000-30.000-30.000-30.000-30.000
 Phosphorus 11.257 14.165  5.178-30.000-30.000-30.000-30.000-30.000-30.000-30.000-30.000-30.000-30.000-30.000-30.000-30.000
 Sulphur    15.817 15.265  6.553-30.000-30.000-30.000-30.000-30.000-30.000-30.000-30.000-30.000-30.000-30.000-30.000-30.000-30.000
 Chlorine   11.954 13.936  5.148-30.000-30.000-30.000-30.000-30.000-30.000-30.000-30.000-30.000-30.000-30.000-30.000-30.000-30.000
-30.000
 Argon      15.060 10.741  0.397-30.000-30.000-30.000-30.000-30.000-30.000-30.000-30.000-30.000-30.000-30.000-30.000-30.000-30.000
-30.000-30.000
 Potassium  10.376 13.780  0.938-30.000-30.000-30.000-30.000-30.000-30.000-30.000-30.000-30.000-30.000-30.000-30.000-30.000-30.000
-30.000-30.000-30.000
 Calcium    12.588 15.014 12.968-30.000-30.000-30.000-30.000-30.000-30.000-30.000-30.000-30.000-30.000-30.000-30.000-30.000-30.000
-30.000-30.000-30.000-30.000
 Scandium    9.204 11.827  9.617-30.000-30.000-30.000-30.000-30.000-30.000-30.000-30.000-30.000-30.000-30.000-30.000-30.000-30.000
-30.000-30.000-30.000-30.000-30.000
 Titanium   10.160 13.681 10.387-30.000-30.000-30.000-30.000-30.000-30.000-30.000-30.000-30.000-30.000-30.000-30.000-30.000-30.000
-30.000-30.000-30.000-30.000-30.000-30.000
 Vanadium   10.695 12.655  8.331-30.000-30.000-30.000-30.000-30.000-30.000-30.000-30.000-30.000-30.000-30.000-30.000-30.000-30.000
-30.000-30.000-30.000-30.000-30.000-30.000-30.000
 Chromium   11.971 14.328 10.598-30.000-30.000-30.000-30.000-30.000-30.000-30.000-30.000-30.000-30.000-30.000-30.000-30.000-30.000
-30.000-30.000-30.000-30.000-30.000-30.000-30.000-30.000
 Manganese  10.622 14.119 10.128-30.000-30.000-30.000-30.000-30.000-30.000-30.000-30.000-30.000-30.000-30.000-30.000-30.000-30.000
-30.000-30.000-30.000-30.000-30.000-30.000-30.000-30.000-30.000
 Iron       12.579 16.110 11.830-30.000-30.000-30.000-30.000-30.000-30.000-30.000-30.000-30.000-30.000-30.000-30.000-30.000-30.000
-30.000-30.000-30.000-30.000-30.000-30.000-30.000-30.000-30.000-30.000
 Cobalt     12.060 13.567  7.233-30.000-30.000-30.000-30.000-30.000-30.000-30.000-30.000-30.000-30.000-30.000-30.000-30.000-30.000
-30.000-30.000-30.000-30.000-30.000-30.000-30.000-30.000-30.000-30.000-30.000
 Nickel     11.516 14.910  3.104-30.000-30.000-30.000-30.000-30.000-30.000-30.000-30.000-30.000-30.000-30.000-30.000-30.000-30.000
-30.000-30.000-30.000-30.000-30.000-30.000-30.000-30.000-30.000-30.000-30.000-30.000
 Copper     11.696 12.839  2.296-30.000-30.000-30.000-30.000-30.000-30.000-30.000-30.000-30.000-30.000-30.000-30.000-30.000-30.000
-30.000-30.000-30.000-30.000-30.000-30.000-30.000-30.000-30.000-30.000-30.000-30.000-30.000
 Zinc       12.292 13.210  6.654-30.000-30.000-30.000-30.000-30.000-30.000-30.000-30.000-30.000-30.000-30.000-30.000-30.000-30.000
-30.000-30.000-30.000-30.000-30.000-30.000-30.000-30.000-30.000-30.000-30.000-30.000-30.000-30.000
 Exc state                  He[2]  4.694                 C+[2] 13.835                  C[1] 16.259                  C[2] 16.748
                             C[3] 16.570                  O[1] 17.347                  O[2] 14.705                  O[3] 14.678
                           Si+[1] 16.196                C+2[2] -1.397                C+2[3]-10.425                C+2[4] -5.945


 Hydrogen   -0.000 -3.197 -4.972 (H2)                 Log10 Mean Ionisation (over radius)
 Helium      0.000-10.272
 Lithium    -2.456 -0.002
 Beryllium  -0.532 -0.151 -6.545
 Boron      -2.107 -0.003-13.165
 Carbon     -0.003 -2.485-13.912
 Nitrogen   -0.003 -3.102-17.546
 Oxygen     -0.001 -3.291-23.161
 Fluorine   -0.044 -5.169-20.593
 Neon       -0.000 -6.461
 Sodium     -2.776 -0.001-21.206
 Magnesium  -1.305 -0.022 -4.000
 Aluminium  -3.200 -0.000 -6.692
 Silicon    -2.325 -0.002 -4.992
 Phosphorus -2.908 -0.001 -8.987
 Sulphur    -0.107 -0.660 -9.372
 Chlorine   -1.987 -0.005 -8.793
 Argon      -0.000 -4.319-14.663
 Potassium  -3.404 -0.000-12.843
 Calcium    -2.432 -0.005 -2.052
 Scandium   -2.626 -0.004 -2.213
 Titanium   -3.521 -0.000 -3.294
 Vanadium   -1.965 -0.005 -4.329
 Chromium   -2.359 -0.002 -3.732
 Manganese  -3.497 -0.000 -3.991
 Iron       -3.531 -0.000 -4.280
 Cobalt     -1.520 -0.013 -6.347
 Nickel     -3.394 -0.000-11.806
 Copper     -1.173 -0.030-10.573
 Zinc       -0.968 -0.050 -6.606

               1      2      3      4      5      6      7      8      9     10     11     12     13     14     15     16     17

 Hydrogen   -0.000 -3.196 -4.971 (H2)         Log10 Mean Ionisation (over radius*electron density)
 Helium     -0.000-10.270
 Lithium    -2.463 -0.001
 Beryllium  -0.545 -0.146 -6.539
 Boron      -2.143 -0.003-13.164
 Carbon     -0.003 -2.484-13.910
 Nitrogen   -0.003 -3.101-17.542
 Oxygen     -0.001 -3.290-23.159
 Fluorine   -0.043 -5.168-20.591
 Neon       -0.000 -6.462
 Sodium     -2.776 -0.001-21.206
 Magnesium  -1.307 -0.022 -3.999
 Aluminium  -3.204 -0.000 -6.691
 Silicon    -2.358 -0.002 -4.990
 Phosphorus -2.908 -0.001 -8.987
 Sulphur    -0.108 -0.658 -9.369
 Chlorine   -1.988 -0.005 -8.793
 Argon      -0.000 -4.319-14.660
 Potassium  -3.404 -0.000-12.842
 Calcium    -2.441 -0.005 -2.052
 Scandium   -2.633 -0.004 -2.213
 Titanium   -3.521 -0.000 -3.295
 Vanadium   -1.966 -0.005 -4.329
 Chromium   -2.374 -0.002 -3.731
 Manganese  -3.497 -0.000 -3.990
 Iron       -3.532 -0.000 -4.279
 Cobalt     -1.532 -0.013 -6.345
 Nickel     -3.395 -0.000-11.806
 Copper     -1.185 -0.029-10.572
 Zinc       -0.985 -0.047 -6.603

               1      2      3      4      5      6      7      8      9     10     11     12     13     14     15     16     17

 Hydrogen    4.000  4.000  4.000 (H2)                  Log10 Mean Temperature (over radius)
 Helium      4.000  4.000
 Lithium     4.000  4.000
 Beryllium   4.000  4.000  4.000
 Boron       4.000  4.000  4.000
 Carbon      4.000  4.000  4.000
 Nitrogen    4.000  4.000  4.000
 Oxygen      4.000  4.000  4.000
 Fluorine    4.000  4.000  4.000
 Neon        4.000  4.000
 Sodium      4.000  4.000  4.000
 Magnesium   4.000  4.000  4.000
 Aluminium   4.000  4.000  4.000
 Silicon     4.000  4.000  4.000
 Phosphorus  4.000  4.000  4.000
 Sulphur     4.000  4.000  4.000
 Chlorine    4.000  4.000  4.000
 Argon       4.000  4.000  4.000
 Potassium   4.000  4.000  4.000
 Calcium     4.000  4.000  4.000
 Scandium    4.000  4.000  4.000
 Titanium    4.000  4.000  4.000
 Vanadium    4.000  4.000  4.000
 Chromium    4.000  4.000  4.000
 Manganese   4.000  4.000  4.000
 Iron        4.000  4.000  4.000
 Cobalt      4.000  4.000  4.000
 Nickel      4.000  4.000  4.000
 Copper      4.000  4.000  4.000
 Zinc        4.000  4.000  4.000

               1      2      3      4      5      6      7      8      9     10     11     12     13     14     15     16     17

 Hydrogen    4.000  4.000  4.000 (H2)          Log10 Mean Temperature (over radius*electron density)
 Helium      4.000  4.000
 Lithium     4.000  4.000
 Beryllium   4.000  4.000  4.000
 Boron       4.000  4.000  4.000
 Carbon      4.000  4.000  4.000
 Nitrogen    4.000  4.000  4.000
 Oxygen      4.000  4.000  4.000
 Fluorine    4.000  4.000  4.000
 Neon        4.000  4.000
 Sodium      4.000  4.000  4.000
 Magnesium   4.000  4.000  4.000
 Aluminium   4.000  4.000  4.000
 Silicon     4.000  4.000  4.000
 Phosphorus  4.000  4.000  4.000
 Sulphur     4.000  4.000  4.000
 Chlorine    4.000  4.000  4.000
 Argon       4.000  4.000  4.000
 Potassium   4.000  4.000  4.000
 Calcium     4.000  4.000  4.000
 Scandium    4.000  4.000  4.000
 Titanium    4.000  4.000  4.000
 Vanadium    4.000  4.000  4.000
 Chromium    4.000  4.000  4.000
 Manganese   4.000  4.000  4.000
 Iron        4.000  4.000  4.000
 Cobalt      4.000  4.000  4.000
 Nickel      4.000  4.000  4.000
 Copper      4.000  4.000  4.000
 Zinc        4.000  4.000  4.000

               1      2      3      4      5      6      7      8      9     10     11     12     13     14     15     16     17
IC443 grid point v shock=43 km/s  

---------------Convergence statistics---------------
      2.33 mean iterations/state convergence
         3 mean cx acceleration loops/iteration
      1.09 mean iso convergence loops/ion solve
      1.03 mean steps/chemistry solve
      1.01 mean step length searches/chemistry step
----------------------------------------------------

 Cloudy ends: 252 zones, 2 iterations. (single thread) ExecTime(s) 43.09
 [Stop in cdMain at maincl.cpp:593, Cloudy exited OK]
