                                                          Cloudy 23.01
                                                         www.nublado.org

                                                  PRNG seed: 0x086b5c035411693c

                       **************************************23Jul25**************************************
                       *                                                                                 *
                       * title IC443 grid point v shock=47 km/s                                          *
                       * hden 2.4750                                                                     *
                       * constant temperature, t=10000 K linear                                          *
                       * stop column density 20.74                                                       *
                       * iterate                                                                         *
                       * save results last "v47.rlt"                                                     *
                       *                                                                                 *
                       ***********************************************************************************



 NOTE Setcon: continuum has zero intensity starting at  3.0447e-09 Ryd.
  9244 cells in the incident continuum have zero intensity.  Problems???

 NOTE There is no hydrogen-ionizing radiation.
 Was this intended?

 NOTE There is no Balmer continuum radiation.<<<<
 Was this intended?

           9244CellPeak3.04E-09   Lo 3.04e-09=  29.98m   Hi-Con:7.13E+06 Ryd   E(hi):7.35E+06Ryd     E(hi):     100.00 MeV
           I(nu>1ryd):   0.0000   Average nu:0.000E+00   I( X-ray):   0.0000   I(BalC): -30.0000     Phi(BalmrC): -30.0000
           phi(1.0-1.8): 0.0000   phi(1.8-4.0):  0.000   phi(4.0-20):  0.000   phi(20--):  0.000     Ion pht flx:0.000E+00
           I(gam ray):   0.0000   phi(gam r):   0.0000   I(Infred):   0.0000   Alf(ox):   0.0000     Total inten: -35.9298
           U(1.0----):0.000E+00   U(4.0----):0.000E+00   T(En-Den):0.000E+00   T(Comp):0.000E+00     nuJnu(912A):0.000E+00
           Occ(FarIR):0.000E+00   Occ(H n=6):0.000E+00   Occ(1Ryd):0.000E+00   Occ(4R):0.000E+00     Occ (Nu-hi):0.000E+00
           Tbr(FarIR):0.000E+00   Tbr(H n=6):0.000E+00   Tbr(1Ryd):0.000E+00   Tbr(4R):0.000E+00     Tbr (Nu-hi):0.000E+00
  
                                                  Gas Phase Chemical Composition
        H :  0.0000  He: -1.0000  Li: -8.6904  Be:-10.5800  B : -9.2097  C : -3.6108  N : -4.0701  O : -3.3098  F : -7.5200
        Ne: -4.0000  Na: -5.6696  Mg: -4.4597  Al: -5.5302  Si: -4.4597  P : -6.4949  S : -4.7352  Cl: -6.7190  Ar: -5.6003
        K : -6.8794  Ca: -5.6402  Sc: -8.8297  Ti: -6.9788  V : -8.0000  Cr: -6.3298  Mn: -6.5406  Fe: -4.5498  Co: -7.0799
                                               Ni: -5.7496  Cu: -7.7905  Zn: -7.4001
 
 ####  1  Te:1.000E+04 Hden:2.985E+02 Ne:1.667E-01 R:1.000E+30 R-R0:3.960E+11 dR:7.921E+11 NTR:  1 Htot:3.966E-26 T912: 1.50e-03###
 Hydrogen      1.00e+00 4.70e-04 H+o/Hden 1.00e+00 4.45e-09 H-    H2 4.27e-06 1.64e-10 H2+ HeH+ 2.51e-11 Ho+ ColD 2.36e+14 1.11e+11
 Helium        1.00e+00 2.33e-12 0.00e+00 HeI 2s3S 1.03e-15 Comp H,C 0.00e+00 0.00e+00 Fill Fac 1.00e+00 Gam1/tot 5.03e-09
 He singlet n  1.00e+00 5.24e-22 3.14e-30 2.40e-29 3.44e-31 3.02e-30 He tripl 1.03e-15 6.17e-28 3.97e-29 3.83e-29 1.70e-30
 Pressure      NgasTgas 3.29e+06 P(total) 4.54e-10 P( gas ) 4.54e-10 P(Radtn) 0.00e+00 Rad accl 0.00e+00 ForceMul 0.00e+00
 Texc(La)      2.29e+03 T(I con) 0.00e+00 T(D con) 4.68e-02 T(U tot) 4.68e-02 nT (c+d) 1.13e+04 Prad/Gas 0.00e+00 Pmag/Gas 0.00e+00
 Molecules     CH/Ctot: 2.51e-06 CH+/Ctot 2.24e-08 CO/Ctot: 5.26e-01 CO+/Ctot 2.57e-08 H2O/Otot 5.77e-12 OH/Ototl 1.81e-06
 Lithium       7.36e-03 9.93e-01 0.00e+00 0.00e+00 Berylliu 9.51e-01 4.86e-02 1.59e-08 0.00e+00 0.00e+00 sec ion: 0.00e+00
 Boron         4.92e-01 5.08e-01 2.78e-14 0.00e+00 0.00e+00 0.00e+00
 Carbon        4.68e-01 5.28e-03 1.48e-14 0.00e+00 0.00e+00 0.00e+00 0.00e+00 H2O+/O   5.08e-10 OH+/Otot 4.13e-06 Hex(tot) 0.00e+00
 Nitrogen      9.70e-01 5.24e-04 8.29e-20 0.00e+00 0.00e+00 0.00e+00 0.00e+00 0.00e+00 O2/Ototl 8.14e-11 O2+/Otot 1.13e-07
 Oxygen        7.37e-01 2.79e-04 2.99e-24 0.00e+00 0.00e+00 0.00e+00 0.00e+00 0.00e+00 0.00e+00
 Fluorine      7.97e-01 6.01e-06 1.92e-21 0.00e+00 0.00e+00 0.00e+00 0.00e+00 0.00e+00 0.00e+00 0.00e+00
 Neon          1.00e+00 3.69e-07 0.00e+00 0.00e+00 0.00e+00 0.00e+00 0.00e+00 0.00e+00 0.00e+00 0.00e+00 0.00e+00
 Sodium        1.60e-03 9.98e-01 5.07e-22 0.00e+00 0.00e+00 0.00e+00 0.00e+00 0.00e+00 0.00e+00 0.00e+00 0.00e+00 0.00e+00
 Magnesium     6.08e-02 9.39e-01 7.34e-05 0.00e+00 0.00e+00 0.00e+00 0.00e+00 0.00e+00 0.00e+00 0.00e+00 0.00e+00 0.00e+00 0.00e+00
 Aluminium  0  9.28e-04 9.99e-01 1.79e-07 0.00e+00 0.00e+00 0.00e+00 0.00e+00 0.00e+00 0.00e+00 0.00e+00 0.00e+00 0.00e+00 0.00e+00
 Silicon    0  1.12e-01 3.99e-01 3.02e-06 0.00e+00 0.00e+00 0.00e+00 0.00e+00 0.00e+00 0.00e+00 0.00e+00 0.00e+00 0.00e+00 0.00e+00
 Phosphorus 0  1.25e-03 9.99e-01 8.20e-10 0.00e+00 0.00e+00 0.00e+00 0.00e+00 0.00e+00 0.00e+00 0.00e+00 0.00e+00 0.00e+00 0.00e+00
 Sulphur    0  6.78e-02 9.80e-03 1.40e-12 0.00e+00 0.00e+00 0.00e+00 0.00e+00 0.00e+00 0.00e+00 0.00e+00 0.00e+00 0.00e+00 0.00e+00
 Chlorine   0  1.10e-02 9.89e-01 1.39e-09 0.00e+00 0.00e+00 0.00e+00 0.00e+00 0.00e+00 0.00e+00 0.00e+00 0.00e+00 0.00e+00 0.00e+00
 Argon      0  1.00e+00 2.95e-05 5.86e-17 0.00e+00 0.00e+00 0.00e+00 0.00e+00 0.00e+00 0.00e+00 0.00e+00 0.00e+00 0.00e+00 0.00e+00
 Potassium  0  3.85e-04 1.00e+00 1.20e-13 0.00e+00 0.00e+00 0.00e+00 0.00e+00 0.00e+00 0.00e+00 0.00e+00 0.00e+00 0.00e+00 0.00e+00
 Calcium    0  8.60e-03 9.82e-01 9.27e-03 0.00e+00 0.00e+00 0.00e+00 0.00e+00 0.00e+00 0.00e+00 0.00e+00 0.00e+00 0.00e+00 0.00e+00
 Scandium   0  4.32e-03 9.89e-01 6.46e-03 0.00e+00 0.00e+00 0.00e+00 0.00e+00 0.00e+00 0.00e+00 0.00e+00 0.00e+00 0.00e+00 0.00e+00
 Titanium   0  3.07e-04 9.99e-01 5.38e-04 0.00e+00 0.00e+00 0.00e+00 0.00e+00 0.00e+00 0.00e+00 0.00e+00 0.00e+00 0.00e+00 0.00e+00
 Vanadium   0  1.13e-02 9.89e-01 4.02e-05 0.00e+00 0.00e+00 0.00e+00 0.00e+00 0.00e+00 0.00e+00 0.00e+00 0.00e+00 0.00e+00 0.00e+00
 Chromium   0  1.82e-02 9.82e-01 1.35e-04 0.00e+00 0.00e+00 0.00e+00 0.00e+00 0.00e+00 0.00e+00 0.00e+00 0.00e+00 0.00e+00 0.00e+00
 Manganese  0  3.23e-04 1.00e+00 7.56e-05 0.00e+00 0.00e+00 0.00e+00 0.00e+00 0.00e+00 0.00e+00 0.00e+00 0.00e+00 0.00e+00 0.00e+00
 Iron       0  3.05e-04 1.00e+00 3.88e-05 0.00e+00 0.00e+00 0.00e+00 0.00e+00 0.00e+00 0.00e+00 0.00e+00 0.00e+00 0.00e+00 0.00e+00
 Cobalt     0  9.83e-02 9.02e-01 3.09e-07 0.00e+00 0.00e+00 0.00e+00 0.00e+00 0.00e+00 0.00e+00 0.00e+00 0.00e+00 0.00e+00 0.00e+00
 Nickel     0  4.15e-04 1.00e+00 1.24e-12 0.00e+00 0.00e+00 0.00e+00 0.00e+00 0.00e+00 0.00e+00 0.00e+00 0.00e+00 0.00e+00 0.00e+00
 Copper     0  2.06e-01 7.94e-01 1.78e-11 0.00e+00 0.00e+00 0.00e+00 0.00e+00 0.00e+00 0.00e+00 0.00e+00 0.00e+00 0.00e+00 0.00e+00
 Zinc       0  5.91e-01 4.09e-01 9.31e-08 0.00e+00 0.00e+00 0.00e+00 0.00e+00 0.00e+00 0.00e+00 0.00e+00 0.00e+00 0.00e+00 0.00e+00
 ####253  Te:1.000E+04 Hden:2.985E+02 Ne:2.479E-01 R:1.000E+30 R-R0:1.838E+18 dR:6.083E+15 NTR:  1 Htot:1.247E-25 T912: 3.49e+03###
 Hydrogen      9.99e-01 7.18e-04 H+o/Hden 1.00e+00 7.18e-09 H-    H2 5.25e-06 2.79e-10 H2+ HeH+ 4.24e-11 Ho+ ColD 5.49e+20 3.55e+17
 Helium        1.00e+00 6.24e-11 0.00e+00 HeI 2s3S 1.42e-15 Comp H,C 7.03e-34 2.47e-33 Fill Fac 1.00e+00 Gam1/tot 1.30e-04
 He singlet n  1.00e+00 8.05e-22 2.06e-27 3.38e-29 1.94e-29 4.20e-30 He tripl 1.42e-15 8.49e-28 5.46e-29 5.27e-29 2.39e-30
 Pressure      NgasTgas 3.29e+06 P(total) 4.54e-10 P( gas ) 4.54e-10 P(Radtn) 1.35e-13 Rad accl 8.20e-12 ForceMul 4.74e+05
 Texc(La)      3.28e+03 T(I con) 0.00e+00 T(D con) 1.77e+00 T(U tot) 1.77e+00 nT (c+d) 4.28e+05 Prad/Gas 2.96e-04 Pmag/Gas 0.00e+00
 Molecules     CH/Ctot: 6.54e-06 CH+/Ctot 3.97e-08 CO/Ctot: 8.36e-05 CO+/Ctot 2.93e-11 H2O/Otot 1.09e-11 OH/Ototl 3.00e-06
 Lithium       1.74e-03 9.98e-01 0.00e+00 0.00e+00 Berylliu 1.05e-01 8.95e-01 3.87e-07 0.00e+00 0.00e+00 sec ion: 0.00e+00
 Boron         8.58e-04 9.99e-01 7.52e-14 0.00e+00 0.00e+00 0.00e+00
 Carbon        9.96e-01 3.64e-03 1.48e-14 0.00e+00 0.00e+00 0.00e+00 0.00e+00 H2O+/O   4.21e-10 OH+/Otot 4.12e-06 Hex(tot) 0.00e+00
 Nitrogen      9.97e-01 8.97e-04 3.74e-18 0.00e+00 0.00e+00 0.00e+00 0.00e+00 0.00e+00 O2/Ototl 1.16e-10 O2+/Otot 1.03e-07
 Oxygen        9.99e-01 5.79e-04 8.52e-24 0.00e+00 0.00e+00 0.00e+00 0.00e+00 0.00e+00 0.00e+00
 Fluorine      9.71e-01 7.83e-06 3.14e-21 0.00e+00 0.00e+00 0.00e+00 0.00e+00 0.00e+00 0.00e+00 0.00e+00
 Neon          1.00e+00 3.25e-07 0.00e+00 0.00e+00 0.00e+00 0.00e+00 0.00e+00 0.00e+00 0.00e+00 0.00e+00 0.00e+00
 Sodium        1.75e-03 9.98e-01 6.73e-22 0.00e+00 0.00e+00 0.00e+00 0.00e+00 0.00e+00 0.00e+00 0.00e+00 0.00e+00 0.00e+00
 Magnesium     4.03e-02 9.60e-01 1.14e-04 0.00e+00 0.00e+00 0.00e+00 0.00e+00 0.00e+00 0.00e+00 0.00e+00 0.00e+00 0.00e+00 0.00e+00
 Aluminium  0  4.08e-04 1.00e+00 2.13e-07 0.00e+00 0.00e+00 0.00e+00 0.00e+00 0.00e+00 0.00e+00 0.00e+00 0.00e+00 0.00e+00 0.00e+00
 Silicon    0  5.29e-04 9.99e-01 1.16e-05 0.00e+00 0.00e+00 0.00e+00 0.00e+00 0.00e+00 0.00e+00 0.00e+00 0.00e+00 0.00e+00 0.00e+00
 Phosphorus 0  1.24e-03 9.99e-01 1.12e-09 0.00e+00 0.00e+00 0.00e+00 0.00e+00 0.00e+00 0.00e+00 0.00e+00 0.00e+00 0.00e+00 0.00e+00
 Sulphur    0  7.19e-01 2.81e-01 6.04e-10 0.00e+00 0.00e+00 0.00e+00 0.00e+00 0.00e+00 0.00e+00 0.00e+00 0.00e+00 0.00e+00 0.00e+00
 Chlorine   0  9.22e-03 9.91e-01 1.70e-09 0.00e+00 0.00e+00 0.00e+00 0.00e+00 0.00e+00 0.00e+00 0.00e+00 0.00e+00 0.00e+00 0.00e+00
 Argon      0  1.00e+00 5.24e-05 2.76e-15 0.00e+00 0.00e+00 0.00e+00 0.00e+00 0.00e+00 0.00e+00 0.00e+00 0.00e+00 0.00e+00 0.00e+00
 Potassium  0  3.96e-04 1.00e+00 1.54e-13 0.00e+00 0.00e+00 0.00e+00 0.00e+00 0.00e+00 0.00e+00 0.00e+00 0.00e+00 0.00e+00 0.00e+00
 Calcium    0  1.69e-03 9.90e-01 8.75e-03 0.00e+00 0.00e+00 0.00e+00 0.00e+00 0.00e+00 0.00e+00 0.00e+00 0.00e+00 0.00e+00 0.00e+00
 Scandium   0  1.30e-03 9.93e-01 6.05e-03 0.00e+00 0.00e+00 0.00e+00 0.00e+00 0.00e+00 0.00e+00 0.00e+00 0.00e+00 0.00e+00 0.00e+00
 Titanium   0  3.01e-04 9.99e-01 4.99e-04 0.00e+00 0.00e+00 0.00e+00 0.00e+00 0.00e+00 0.00e+00 0.00e+00 0.00e+00 0.00e+00 0.00e+00
 Vanadium   0  9.88e-03 9.90e-01 4.96e-05 0.00e+00 0.00e+00 0.00e+00 0.00e+00 0.00e+00 0.00e+00 0.00e+00 0.00e+00 0.00e+00 0.00e+00
 Chromium   0  1.41e-03 9.98e-01 2.10e-04 0.00e+00 0.00e+00 0.00e+00 0.00e+00 0.00e+00 0.00e+00 0.00e+00 0.00e+00 0.00e+00 0.00e+00
 Manganese  0  3.18e-04 1.00e+00 1.15e-04 0.00e+00 0.00e+00 0.00e+00 0.00e+00 0.00e+00 0.00e+00 0.00e+00 0.00e+00 0.00e+00 0.00e+00
 Iron       0  2.85e-04 1.00e+00 5.93e-05 0.00e+00 0.00e+00 0.00e+00 0.00e+00 0.00e+00 0.00e+00 0.00e+00 0.00e+00 0.00e+00 0.00e+00
 Cobalt     0  1.15e-02 9.89e-01 5.18e-07 0.00e+00 0.00e+00 0.00e+00 0.00e+00 0.00e+00 0.00e+00 0.00e+00 0.00e+00 0.00e+00 0.00e+00
 Nickel     0  3.95e-04 1.00e+00 1.71e-12 0.00e+00 0.00e+00 0.00e+00 0.00e+00 0.00e+00 0.00e+00 0.00e+00 0.00e+00 0.00e+00 0.00e+00
 Copper     0  2.62e-02 9.74e-01 3.04e-11 0.00e+00 0.00e+00 0.00e+00 0.00e+00 0.00e+00 0.00e+00 0.00e+00 0.00e+00 0.00e+00 0.00e+00
 Zinc       0  2.84e-02 9.72e-01 2.90e-07 0.00e+00 0.00e+00 0.00e+00 0.00e+00 0.00e+00 0.00e+00 0.00e+00 0.00e+00 0.00e+00 0.00e+00
   IC443 grid point v shock=47 km/s  
   Calculation stopped because H column dens reached. Iteration 1 of 2
   The geometry is plane-parallel.
  !Ionization rate fell below background cosmic ray ionization rate.  Should this be added too?
  !   Use the COSMIC RAY BACKGROUND command.
  !Compton cooling rate underflows to zero.  Is this important?
  !Some input lines contained underscores, these were changed to spaces.
  !There is no hydrogen-ionizing radiation.  Was this intended?
  !Thermal collisional ionization of H reached 83.00% of the local ionization rate.
  !Charge transfer H => H+ reached 86479.1% of the local H ionization rate.
  !Charge transfer heating reached 102.47% of the local heating.
  !Continuum zero at some energies.
  !AGE: Cloud age was not set.  Longest timescale was 2.49e+13 s = 7.89e+05 years.
  !Heating - cooling mismatch =200.0%. Caused by constant temperature assumption. 
  !Mutual neutralization production of H-alpha was significant.
  !Incident radiation field energy density is less than 2.7K.  Add background with CMB command.
  !The CMB was not included.  This is added with the CMB command.
  !The intensity of the incident radiation field is less than 10 times the Habing diffuse ISM field.  Is this OK?
  !   Consider adding diffuse ISM emission with TABLE ISM command.
  !An ionization jump occurred elem S  1, by 179% from 6.78e-02 (zone 1) to 3.86e-01 (zone 2) to 6.90e-01 (zone 3)
   The density is too low to l-mix the lowest H  I collapsed level.  More resolved levels are needed for accurate line ratios.
   The density is too low to l-mix the lowest He I collapsed level.  More resolved levels are needed for accurate line ratios.
   Grains were not present but might survive in this environment (energy density temperature was 0.00e+00K)
   The local H2 cooling rate reached 3.2% of the local cooling.
   H- absorption heating was 35.6% of the total.
   The fraction of N in N2 reached 0.142% at some point in the cloud.
   The fraction of F in HF reached 2.91% at some point in the cloud.

                       *********************************> Cloudy 23.01 <**********************************
                       * title IC443 grid point v shock=47 km/s                                          *
                       * hden 2.4750                                                                     *
                       * constant temperature, t=10000 K linear                                          *
                       * stop column density 20.74                                                       *
                       * iterate                                                                         *
                       * save results last "v47.rlt"                                                     *
                       *********************************> Log(U):-37.00 <*********************************

                     Emission Line Spectrum.   Constant  Density Model.    Open geometry.  Iteration 1 of 2.
                                                     Intensity (erg/s/cm^2).


                                                   Intrinsic line intensities
general properties.............................      Co 2                9639.13A   -8.672    0.0027      Fe 2                1.34608m   -9.068    0.0011
TotH                      0    -6.807    0.1947      Co 2                10.5199m   -7.069    0.1065      Fe 2                1.11648m   -8.885    0.0016
TotC                      0    -2.305 6189.0171      Co 2                15.4548m   -7.954    0.0139      Fe 2                5048.19A   -8.736    0.0023
TotM                      0    -7.487    0.0407      Co 2                2.98382m   -6.555    0.3477      Fe 2                1.71482m   -8.320    0.0060
CT H                      0    -7.172    0.0840      Co 2                14.7345m   -7.598    0.0315      Fe 2                9949.21A   -8.652    0.0028
H FB                      0    -7.441    0.0452      Co 2                18.7989m   -8.118    0.0095      Fe 2                7975.22A   -8.835    0.0018
HFBc                      0    -7.441    0.0452      Co 2                25.6819m   -8.806    0.0020      Fe 2                1.47063m   -9.090    0.0010
H  1c                     0    -3.190  805.6482      Co 2                1.01879m   -7.284    0.0650      Fe 2                1.01273m   -8.765    0.0021
NOc                       0    -8.613    0.0030      Co 2                1.12804m   -8.254    0.0069      Fe 2                6353.11A   -8.886    0.0016
CNc                       0    -7.516    0.0381      Co 2                1.54700m   -7.529    0.0369      Fe 2                1.80228m   -8.988    0.0013
OHc                       0    -8.372    0.0053      Co 2                1.72847m   -8.525    0.0037      Fe 2                1.00387m   -8.916    0.0015
HFc                       0    -8.275    0.0066      Co 2                1.90349m   -8.365    0.0054      Fe 2                9469.41A   -8.800    0.0020
COc                       0    -5.041   11.3530      Co 2                1.02452m   -8.090    0.0101      Fe 2                9384.77A   -8.291    0.0064
^13COc                    0    -6.562    0.3426      Co 2                1.09726m   -8.718    0.0024      Fe 2                2.39329m   -8.341    0.0057
SiSc                      0    -9.067    0.0011      Co 2                1.49674m   -8.955    0.0014      Fe 2                4825.73A   -7.762    0.0216
OH+c                      0    -8.303    0.0062      Co 2                1.62622m   -8.943    0.0014      Fe 2                2.50030m   -8.678    0.0026
CHc                       0    -8.531    0.0037      Co 2                1.73616m   -8.649    0.0028      Fe 2                4867.73A   -8.803    0.0020
CHc                       0    -8.121    0.0095      Co 2                1.02803m   -8.688    0.0026      Fe 2                2.59860m   -9.061    0.0011
Al 1c                     0    -8.887    0.0016      Co 2                8580.39A   -8.744    0.0023      Fe 2                4903.85A   -8.255    0.0069
C  1c                     0    -3.564  340.8002      Co 2                9342.40A   -7.439    0.0454      Fe 2                1.04657m   -9.094    0.0010
C  2c                     0    -5.556    3.4725      Co 2                9943.48A   -7.787    0.0204      Fe 2                3.58120m   -8.685    0.0026
Ca 1c                     0    -7.111    0.0967      Co 2                7539.01A   -8.108    0.0097      Fe 2                3.15558m   -8.715    0.0024
Cl 1c                     0    -7.444    0.0449      Co 2                8121.00A   -7.820    0.0189      Fe 2                5171.63A   -8.064    0.0108
Co 2c                     0    -6.205    0.7784      Co 2                8571.41A   -8.427    0.0047      Fe 2                5169.03A   -7.311    0.0610
Cr 2c                     0    -5.775    2.0947      Co 2                6.21176m   -9.069    0.0011      Fe 2                5018.44A   -9.034    0.0012
Cu 1c                     0    -9.038    0.0011      Co 2                8027.34A   -8.286    0.0065      Fe 2                6044.54A   -8.507    0.0039
Fe 1c                     0    -6.617    0.3013      Co 2                8467.14A   -8.699    0.0025      Fe 2                5316.61A   -9.000    0.0012
Fe 2c                     0    -3.471  421.7451      Co 2                8333.76A   -8.467    0.0043      Fe 3                22.9190m   -9.029    0.0012
Fe 3c                     0    -8.312    0.0061      Cr 2                8000.08A   -6.278    0.6575      Fe 3                4985.87A   -8.891    0.0016
K  1c                     0    -8.658    0.0027      Cr 2                8125.30A   -6.352    0.5546      K  1                7664.90A   -8.834    0.0018
Mg 1c                     0    -5.074   10.5141      Cr 2                8229.67A   -6.447    0.4464      Mg 1                2025.82A   -8.264    0.0068
Mn 2c                     0    -6.360    0.5447      Cr 2                8308.49A   -6.634    0.2900      Mg 1                2852.13A   -5.589    3.2141
N  1c                     0    -4.383   51.6540      Cr 2                8357.64A   -6.931    0.1462      Mg 1                3832.30A   -8.661    0.0027
Na 1c                     0    -7.317    0.0602      Fe 1                24.0358m   -6.717    0.2394      Mg 1                3838.29A   -8.244    0.0071
Ni 1c                     0    -7.658    0.0275      Fe 1                34.7038m   -7.305    0.0618      Mg 1                4562.60A   -5.395    5.0217
O  1c                     0    -2.698 2500.1592      Fe 2                25.9813m   -4.644   28.2986      Mg 1                4571.10A   -5.834    1.8300
O  2c                     0    -6.860    0.1723      Fe 2                5.33871m   -4.122   94.2534      Mg 1                4575.29A   -6.762    0.2160
P  2c                     0    -5.457    4.3584      Fe 2                4.11387m   -6.485    0.4090      Mg 1                5167.32A   -7.920    0.0150
S  1c                     0    -5.318    5.9961      Fe 2                1.25668m   -5.394    5.0429      Mg 1                5172.68A   -7.446    0.0447
S  2c                     0    -4.448   44.4560      Fe 2                1.19129m   -8.178    0.0083      Mg 1                5183.60A   -7.226    0.0742
Sc 2c                     0    -7.496    0.0398      Fe 2                6309.53A   -9.024    0.0012      Mg 1                8806.76A   -7.503    0.0392
Si 1c                     0    -7.289    0.0641      Fe 2                4799.30A   -8.922    0.0015      Mg 1                1.18282m   -7.668    0.0268
Si 2c                     0    -2.940 1432.7358      Fe 2                4704.22A   -8.146    0.0089      Mg 1                1.50250m   -8.486    0.0041
Zn 2c                     0    -7.779    0.0207      Fe 2                4632.28A   -6.353    0.5531      Mg 1                1.50402m   -8.931    0.0015
Al 2c                     0    -5.293    6.3600      Fe 2                4604.48A   -8.137    0.0091      Mg 1                1.71087m   -8.186    0.0081
Ca 2c                     0    -4.025  117.7286      Fe 2                4416.27A   -6.335    0.5773      Mn 2                2576.10A   -6.745    0.2244
Cl 2c                     0    -5.849    1.7671      Fe 2                4382.74A   -7.305    0.0619      Mn 2                2593.72A   -6.839    0.1808
Mg 2c                     0    -3.793  201.0505      Fe 2                4287.39A   -5.372    5.2952      Mn 2                2605.68A   -6.978    0.1313
N  2c                     0    -7.015    0.1205      Fe 2                3931.44A   -8.967    0.0013      Mn 2                3438.97A   -8.298    0.0063
Ni 2c                     0    -4.832   18.3797      Fe 2                3874.07A   -8.598    0.0032      Mn 2                3460.03A   -8.889    0.0016
continua.......................................      Fe 2                3175.38A   -7.184    0.0818      N  1                1134.41A   -8.916    0.0015
Bac                 3646.00A   -6.721    0.2375      Fe 2                2599.40A   -7.765    0.0215      N  1                1134.98A   -8.821    0.0019
nFnu                3645.00A   -4.181   82.1987      Fe 2                2585.88A   -8.781    0.0021      N  1                1199.55A   -8.254    0.0070
nFnu                3647.00A   -4.183   81.9612      Fe 2                2382.04A   -6.022    1.1863      N  1                1200.22A   -8.427    0.0047
cout                3646.00A   -7.022    0.1187      Fe 2                2343.50A   -8.580    0.0033      N  1                1200.71A   -8.729    0.0023
cref                3646.00A   -7.022    0.1187      Fe 2                35.3391m   -5.306    6.1676      N  1                3466.50A   -6.729    0.2330
thin                3646.00A   -6.721    0.2375      Fe 2                6.71944m   -5.262    6.8332      N  1                3466.54A   -7.402    0.0495
Ba C                      0    -7.474    0.0419      Fe 2                4.88781m   -6.148    0.8877      N  1                5197.90A   -4.798   19.8853
PA C                      0    -7.890    0.0161      Fe 2                4.07521m   -6.969    0.1339      N  1                5200.26A   -4.621   29.8498
FIR                 83.0000m   -2.698 2502.1179      Fe 2                1.32055m   -5.890    1.6078      N  1                1.03977m   -6.233    0.7294
TIR                 1800.00m   -4.741   22.6820      Fe 2                1.24854m   -6.924    0.1487      N  1                1.03982m   -6.756    0.2189
NIRa                2.85000m   -2.772 2108.8562      Fe 2                1.20512m   -8.736    0.0023      N  1                1.04072m   -6.581    0.3273
NIRb                3.00000m   -3.933  145.6097      Fe 2                7637.52A   -6.194    0.7989      N  1                1.04076m   -6.569    0.3368
MIRa                15.0000m   -4.028  117.1041      Fe 2                7523.28A   -8.241    0.0072      Na 1                5889.95A   -7.617    0.0301
MIRb                22.5000m   -2.898 1577.8940      Fe 2                4889.62A   -6.217    0.7566      Na 1                5895.92A   -7.617    0.0301
NMIR                21.7500m   -2.772 2108.8562      Fe 2                4750.27A   -8.949    0.0014      Ni 1                7.50454m   -7.658    0.0275
TFIR                611.250m   -3.593  318.4235      Fe 2                4716.37A   -7.231    0.0733      O  1                1304.86A   -7.349    0.0558
TALL                10000.0A   -2.313 6067.2061      Fe 2                4687.56A   -7.435    0.0459      O  1                1306.03A   -7.819    0.0189
F12                 12.0000m   -5.931    1.4618      Fe 2                4492.64A   -7.204    0.0780      O  1                1355.60A   -7.410    0.0486
F25                 25.0000m   -4.542   35.7944      Fe 2                4457.95A   -6.603    0.3116      O  1                1358.51A   -7.838    0.0181
F60                 60.0000m   -2.753 2203.9321      Fe 2                4432.45A   -7.397    0.0501      O  1                2972.29A   -6.881    0.1642
F100                100.000m   -5.754    2.1995      Fe 2                4359.33A   -5.503    3.9191      O  1                5577.34A   -5.931    1.4622
MIPS                24.0000m   -4.543   35.7892      Fe 2                3224.54A   -8.280    0.0065      O  1                6300.30A   -4.236   72.4631
MIPS                70.0000m   -2.754 2200.5735      Fe 2                3214.67A   -7.698    0.0250      O  1                6363.78A   -4.732   23.1483
MIPS                160.000m   -3.777  208.6304      Fe 2                2625.67A   -4.659   27.3749      O  1                6391.73A   -8.060    0.0109
IRAC                3.60000m   -7.154    0.0875      Fe 2                2611.87A   -5.392    5.0611      O  1                44.0453m   -8.385    0.0051
IRAC                4.50000m   -5.834    1.8276      Fe 2                2598.37A   -6.623    0.2972      O  1                63.1679m   -2.754 2199.4131
IRAC                5.80000m   -4.121   94.4052      Fe 2                2395.63A   -5.668    2.6797      O  1                145.495m   -3.788  203.2763
IRAC                8.00000m   -5.129    9.2809      Fe 2                2388.63A   -6.719    0.2384      O  2                2470.34A   -8.886    0.0016
SPR1                250.000m   -5.858    1.7301      Fe 2                2383.06A   -8.621    0.0030      O  2                7319.99A   -9.080    0.0010
SPR2                350.000m   -4.181   82.3153      Fe 2                2364.83A   -6.065    1.0756      O  2                3728.81A   -7.094    0.1006
SPR3                500.000m   -6.055    1.0989      Fe 2                2332.80A   -7.152    0.0880      O  2                3726.03A   -7.270    0.0671
PAC1                70.0000m   -2.754 2201.4421      Fe 2                2279.91A   -8.703    0.0025      P  2                60.6263m   -6.195    0.7964
PAC2                100.000m   -5.753    2.2026      Fe 2                51.2868m   -5.824    1.8706      P  2                1532.53A   -8.776    0.0021
PAC3                160.000m   -3.774  209.8014      Fe 2                5.67236m   -6.959    0.1370      P  2                32.8620m   -6.298    0.6290
PAH                 3.30000m   -7.960    0.0137      Fe 2                4.60641m   -6.769    0.2124      P  2                1.14682m   -6.215    0.7612
PAHC                3.23000m   -8.240    0.0072      Fe 2                4.08085m   -7.515    0.0381      P  2                4669.25A   -7.880    0.0165
PAHC                3.37000m   -8.230    0.0074      Fe 2                1.37181m   -6.134    0.9177      P  2                2195.57A   -8.159    0.0087
PAH                 6.20000m   -8.007    0.0123      Fe 2                1.29427m   -6.710    0.2436      P  2                1536.42A   -8.672    0.0027
PAHC                5.65000m   -6.918    0.1508      Fe 2                7806.23A   -7.966    0.0135      P  2                1535.92A   -8.592    0.0032
PAH                 7.90000m   -7.490    0.0404      Fe 2                7686.93A   -6.271    0.6681      P  2                1.18828m   -5.791    2.0176
PAHC                6.90000m   -5.131    9.2352      Fe 2                7552.40A   -8.751    0.0022      P  2                2210.34A   -7.706    0.0246
PAH                 11.3000m   -7.420    0.0474      Fe 2                4958.23A   -8.068    0.0107      P  2                1542.30A   -8.881    0.0016
PAHC                10.9000m   -7.010    0.1219      Fe 2                4750.57A   -8.065    0.0107      P  2                7875.99A   -7.131    0.0922
PAH                 11.8000m   -8.694    0.0025      Fe 2                4728.07A   -6.866    0.1700      S  1                1483.04A   -8.740    0.0023
PAHC                12.6500m   -6.758    0.2177      Fe 2                4514.90A   -7.228    0.0738      S  1                1820.34A   -7.423    0.0471
PAH                 13.3000m   -8.673    0.0026      Fe 2                4488.75A   -6.948    0.1408      S  1                1826.24A   -7.906    0.0155
PAHC                14.1000m   -6.418    0.4765      Fe 2                4470.30A   -8.151    0.0088      S  1                25.2421m   -5.368    5.3456
Bcon                3640.00A   -3.076 1047.7561      Fe 2                4413.78A   -5.654    2.7669      S  1                56.2957m   -6.328    0.5871
Pcon                5000.00A   -3.493  401.2592      Fe 2                3254.24A   -7.757    0.0218      S  2                6730.82A   -4.871   16.7993
O3bn                5007.00A   -5.356    5.4954      Fe 2                3244.18A   -8.052    0.0111      S  2                6716.44A   -4.710   24.3561
HFFc                      0    -6.244    0.7116      Fe 2                2631.32A   -5.625    2.9626      S  2                4076.35A   -6.419    0.4756
H FF                      0    -7.840    0.0181      Fe 2                2617.62A   -7.069    0.1065      S  2                4068.60A   -5.928    1.4738
MeFB                      0    -8.250    0.0070      Fe 2                2607.09A   -6.955    0.1385      S  2                1.03364m   -6.557    0.3460
MeFF                      0    -8.601    0.0031      Fe 2                2404.89A   -6.655    0.2765      S  2                1.02867m   -6.554    0.3485
ToFF                      0    -7.770    0.0212      Fe 2                2399.24A   -7.476    0.0417      S  2                1.03705m   -6.879    0.1649
Mion                      0    -7.245    0.0711      Fe 2                2395.42A   -8.472    0.0042      S  2                1.03205m   -6.420    0.4742
nFnu                122.400m   -8.773    0.0021      Fe 2                2380.76A   -5.475    4.1794      S  2                1259.52A   -8.191    0.0080
nFnu                60.8322m   -8.399    0.0050      Fe 2                2348.30A   -7.213    0.0765      S  2                1253.81A   -8.269    0.0067
nFnu                41.2152m   -8.185    0.0082      Fe 2                2327.40A   -7.805    0.0196      S  2                1250.58A   -8.578    0.0033
nFnu                30.8695m   -8.023    0.0118      Fe 2                87.3597m   -6.526    0.3715      Sc 2                4246.82A   -8.650    0.0028
nFnu                24.7829m   -7.899    0.0158      Fe 2                5.06097m   -7.427    0.0467      Sc 2                7043.49A   -8.421    0.0047
nFnu                24.2998m   -7.887    0.0162      Fe 2                4.43363m   -7.345    0.0564      Sc 2                8261.17A   -8.935    0.0014
nFnu                22.8302m   -7.853    0.0175      Fe 2                1.40951m   -8.755    0.0022      Sc 2                8271.28A   -8.821    0.0019
nFnu                21.4199m   -7.816    0.0190      Fe 2                1.32777m   -6.893    0.1596      Sc 2                8326.62A   -9.075    0.0010
nFnu                21.1235m   -7.807    0.0195      Fe 2                1.27877m   -6.950    0.1400      Sc 2                8347.28A   -8.640    0.0029
nFnu                19.6199m   -7.764    0.0215      Fe 2                1.25214m   -7.990    0.0128      Sc 2                8384.33A   -8.952    0.0014
nFnu                17.6534m   -7.703    0.0247      Fe 2                7926.88A   -8.228    0.0074      Sc 2                1.07804m   -9.019    0.0012
nFnu                17.3700m   -7.693    0.0253      Fe 2                7803.89A   -7.968    0.0134      Sc 2                2.03194m   -8.557    0.0035
nFnu                15.6901m   -7.631    0.0292      Fe 2                7665.28A   -7.221    0.0750      Sc 2                2.04712m   -8.904    0.0016
nFnu                14.6036m   -7.589    0.0322      Fe 2                5006.63A   -7.368    0.0535      Sc 2                2.07591m   -8.548    0.0035
nFnu                12.4300m   -7.488    0.0406      Fe 2                4772.06A   -8.181    0.0082      Sc 2                2.07842m   -8.382    0.0052
nFnu                11.4000m   -7.433    0.0461      Fe 2                4639.67A   -7.865    0.0170      Sc 2                2.08152m   -8.651    0.0028
nFnu                10.4600m   -7.376    0.0525      Fe 2                4528.39A   -7.476    0.0417      Sc 2                2.11129m   -8.825    0.0019
nFnu                9.48002m   -7.312    0.0608      Fe 2                4509.61A   -7.824    0.0187      Sc 2                2.12445m   -8.823    0.0019
nFnu                9.32488m   -7.301    0.0624      Fe 2                4452.10A   -5.847    1.7766      Si 1                2211.75A   -8.982    0.0013
nFnu                8.21035m   -7.214    0.0762      Fe 2                3277.55A   -7.982    0.0130      Si 1                2519.20A   -8.392    0.0051
nFnu                7.58000m   -7.158    0.0868      Fe 2                3277.12A   -8.886    0.0016      Si 1                2528.51A   -8.174    0.0084
nFnu                7.05026m   -7.104    0.0983      Fe 2                3275.02A   -8.057    0.0109      Si 1                68.4548m   -7.680    0.0261
nFnu                4.11370m   -6.666    0.2696      Fe 2                2631.05A   -6.801    0.1972      Si 1                129.641m   -7.750    0.0222
nFnu                2.32440m   -6.110    0.9679      Fe 2                2620.41A   -8.679    0.0026      Si 2                34.8046m   -2.944 1418.7661
nFnu                1.64313m   -5.744    2.2509      Fe 2                2613.82A   -7.573    0.0333      Si 2                2334.41A   -6.100    0.9919
nFnu                1.48022m   -5.629    2.9346      Fe 2                2410.52A   -7.447    0.0446      Si 2                2328.52A   -6.709    0.2440
nFnu                1.43649m   -5.594    3.1801      Fe 2                2406.66A   -7.715    0.0241      Si 2                1808.01A   -6.144    0.8969
nFnu                1.11867m   -5.314    6.0535      Fe 2                2404.43A   -8.532    0.0037      Si 2                1526.71A   -8.995    0.0013
nFnu                8329.68A   -4.998   12.5497      Fe 2                2359.11A   -7.521    0.0376      Si 2                1260.42A   -8.152    0.0088
nFnu                8078.61A   -4.966   13.5125      Fe 2                2338.01A   -7.588    0.0322      Si 2                2350.17A   -5.958    1.3743
nFnu                6209.66A   -4.697   25.0548      Fe 2                4.67067m   -7.969    0.0134      Si 2                2344.20A   -5.560    3.4381
nFnu                4885.36A   -4.462   43.1162      Fe 2                1.29777m   -7.281    0.0654      Si 2                2334.60A   -5.666    2.6920
nFnu                3704.34A   -4.197   79.2778      Fe 2                1.27034m   -7.153    0.0878      Si 2                1817.45A   -6.030    1.1657
nFnu                3587.67A   -4.168   84.7800      Fe 2                7999.47A   -8.975    0.0013      Si 2                1816.93A   -5.704    2.4666
nFnu                2430.05A   -3.815  190.9152      Fe 2                7874.24A   -7.322    0.0594      Si 2                1533.43A   -6.505    0.3900
nFnu                2392.03A   -3.801  197.2393      Fe 2                7733.14A   -7.869    0.0169      Si 2                1309.28A   -7.282    0.0651
nFnu                2071.34A   -3.683  259.1345      Fe 2                4798.28A   -7.731    0.0232      Si 2                1265.00A   -7.101    0.0990
nFnu                2052.68A   -3.675  263.8642      Fe 2                4664.45A   -8.379    0.0052      Si 2                1264.74A   -7.499    0.0395
nFnu                1793.44A   -3.578  329.7093      Fe 2                4533.01A   -8.371    0.0053      Si 2                1197.39A   -7.391    0.0507
nFnu                1585.12A   -3.512  383.8139      Fe 2                4474.90A   -6.159    0.8654      Si 2                1194.50A   -7.621    0.0298
nFnu                1458.33A   -3.506  389.7118      Fe 2                3289.89A   -8.367    0.0054      Si 2                3862.60A   -8.693    0.0025
nFnu                1356.96A   -3.546  355.1992      Fe 2                3289.46A   -8.146    0.0089      Si 2                3856.02A   -8.666    0.0027
nFnu                1297.29A   -3.658  274.1428      Fe 2                2628.29A   -7.261    0.0685      Si 2                6371.37A   -8.610    0.0031
nFnu                1262.79A   -3.836  182.0731      Fe 2                2621.67A   -8.158    0.0087      Si 2                6347.11A   -8.533    0.0037
nFnu                1218.08A   -7.986    0.0129      Fe 2                2413.31A   -7.964    0.0136      Zn 2                2062.00A   -8.191    0.0080
nFnu                1196.33A   -7.429    0.0464      Fe 2                2411.07A   -7.972    0.0133      Zn 2                2025.48A   -7.957    0.0138
nFnu                1175.06A   -7.379    0.0522      Fe 2                2344.28A   -7.680    0.0261      Al 2                2669.15A   -5.742    2.2630
nFnu                1143.64A   -7.502    0.0393      Fe 2                17.9311m   -5.110    9.6889      Al 2                2660.35A   -5.568    3.3765
nFnu                1113.22A   -7.614    0.0303      Fe 2                1.64355m   -4.216   75.9513      Al 2                1670.79A   -6.237    0.7228
nFnu                1103.23A   -7.643    0.0284      Fe 2                1.53348m   -5.341    5.6940      Al 2                3900.67A   -8.977    0.0013
nFnu                1073.86A   -8.198    0.0079      Fe 2                8616.95A   -5.604    3.1041      Ca 2                7323.89A   -4.510   38.5716
nFnu                1064.34A   -8.240    0.0072      Fe 2                7155.17A   -5.733    2.3095      Ca 2                7291.47A   -4.343   56.7102
nFnu                1035.92A   -8.354    0.0055      Fe 2                6896.17A   -7.185    0.0816      Ca 2                3968.47A   -6.588    0.3220
nFnu                1000.00A   -8.514    0.0038      Fe 2                5413.37A   -7.642    0.0284      Ca 2                8662.14A   -5.239    7.1908
nFnu                925.144A   -8.494    0.0040      Fe 2                5280.27A   -8.179    0.0083      Ca 2                3933.66A   -6.544    0.3569
RRC............................................      Fe 2                5273.36A   -5.732    2.3157      Ca 2                8498.02A   -5.932    1.4604
H  1                911.753A   -6.832    0.1839      Fe 2                5158.79A   -5.121    9.4568      Ca 2                8542.09A   -4.985   12.9207
H  1                3645.98A   -7.896    0.0159      Fe 2                5111.64A   -6.027    1.1717      Ca 2                3706.02A   -7.605    0.0310
H  1                3645.98A   -7.549    0.0352      Fe 2                5072.41A   -5.773    2.1050      Ca 2                3736.90A   -7.309    0.0613
H  1                8203.57A   -8.630    0.0029      Fe 2                5039.10A   -7.207    0.0774      Ca 2                3158.87A   -7.627    0.0294
H  1                8203.57A   -8.236    0.0072      Fe 2                4814.54A   -6.077    1.0453      Ca 2                3181.27A   -8.333    0.0058
H  1                8203.57A   -8.339    0.0057      Fe 2                4774.73A   -6.517    0.3795      Ca 2                3179.33A   -7.378    0.0523
H  1                1.45842m   -8.716    0.0024      Fe 2                4745.49A   -7.569    0.0337      Ca 2                1.19497m   -9.044    0.0011
H  1                1.45842m   -8.712    0.0024      Fe 2                4661.78A   -8.667    0.0027      Ca 2                1.18390m   -8.743    0.0023
H  1                1.45842m   -9.053    0.0011      Fe 2                4243.97A   -5.447    4.4607      Ca 2                1838.01A   -8.565    0.0034
H  1                2.27878m   -9.073    0.0011      Fe 2                4177.20A   -6.537    0.3627      Ca 2                1840.03A   -8.409    0.0049
H  1                2.27878m   -9.037    0.0011      Fe 2                4146.65A   -8.112    0.0096      Ca 2                2112.76A   -9.037    0.0011
Al 1                2070.66A   -9.050    0.0011      Fe 2                4114.48A   -8.451    0.0044      Cl 2                14.3639m   -6.420    0.4750
Si 1                1520.96A   -8.049    0.0112      Fe 2                3929.35A   -8.704    0.0025      Cl 2                33.2721m   -7.500    0.0395
S  1                1196.76A   -8.565    0.0034      Fe 2                3387.09A   -6.952    0.1393      Cl 2                8578.70A   -6.108    0.9743
grains.........................................      Fe 2                3376.20A   -6.155    0.8744      Cl 2                9123.60A   -6.692    0.2535
H-like iso-sequence............................      Fe 2                2732.45A   -7.268    0.0674      Cl 2                3677.85A   -8.030    0.0116
Cool                1215.67A   -3.411  485.0024      Fe 2                2493.30A   -4.849   17.6764      Cl 2                6161.84A   -7.984    0.0129
Crst                960.000A   -3.590  320.6457      Fe 2                2484.20A   -8.421    0.0047      Mg 2                2802.71A   -4.268   67.3647
CION                      0    -5.651    2.7866      Fe 2                2360.00A   -6.836    0.1823      Mg 2                2795.53A   -3.971  133.2979
Dest                1215.67A   -8.873    0.0017      Fe 2                2348.12A   -6.905    0.1552      Mg 2                2936.52A   -7.199    0.0790
Ca B                1215.67A   -6.469    0.4237      Fe 2                2331.31A   -8.539    0.0036      Mg 2                2928.64A   -7.500    0.0394
CaBo                4861.32A   -8.003    0.0124      Fe 2                24.5126m   -5.810    1.9341      Mg 2                2797.93A   -7.939    0.0144
Ca A                1215.67A   -6.660    0.2731      Fe 2                1.80940m   -4.816   19.0459      Mg 2                2790.77A   -7.236    0.0724
Ca A                1025.72A   -7.306    0.0616      Fe 2                1.67688m   -5.766    2.1382      Mg 2                2798.00A   -6.983    0.1297
Ca A                972.537A   -7.717    0.0239      Fe 2                1.59948m   -5.673    2.6474      Mg 2                9244.22A   -9.055    0.0011
Ca A                949.743A   -8.021    0.0119      Fe 2                9051.95A   -5.446    4.4723      Mg 2                9218.22A   -8.760    0.0022
Ca A                937.803A   -8.263    0.0068      Fe 2                8891.93A   -5.870    1.6824      N  2                205.283m   -8.290    0.0064
Ca A                930.748A   -8.465    0.0043      Fe 2                7452.56A   -6.225    0.7440      N  2                121.769m   -8.509    0.0039
Ca A                926.226A   -8.639    0.0029      Fe 2                7172.00A   -6.140    0.9037      N  2                6548.05A   -7.661    0.0272
Ca A                923.150A   -8.792    0.0020      Fe 2                6275.53A   -8.098    0.0100      N  2                6583.45A   -7.192    0.0802
Ca A                920.963A   -8.928    0.0015      Fe 2                5527.36A   -6.714    0.2410      N  2                5754.59A   -9.040    0.0011
Ca A                919.351A   -9.051    0.0011      Fe 2                5440.48A   -8.472    0.0042      N  2                2142.77A   -9.045    0.0011
Ca A                6562.80A   -7.729    0.0233      Fe 2                5433.15A   -6.245    0.7092      Ni 2                1.19102m   -5.092   10.0940
Ca A                4861.32A   -8.180    0.0083      Fe 2                5261.63A   -5.501    3.9403      Ni 2                6.63416m   -5.720    2.3792
Ca A                4340.46A   -8.504    0.0039      Fe 2                5220.08A   -6.776    0.2090      Ni 2                1.07151m   -6.712    0.2421
Ca A                4101.73A   -8.758    0.0022      Fe 2                5184.80A   -6.672    0.2658      Ni 2                10.6793m   -6.350    0.5578
Ca A                3970.07A   -8.967    0.0013      Fe 2                5158.01A   -6.621    0.2987      Ni 2                1.27792m   -8.536    0.0036
Ca A                1.87510m   -8.521    0.0038      Fe 2                4947.39A   -6.021    1.1896      Ni 2                1.16130m   -7.229    0.0737
Ca A                1.28181m   -8.848    0.0018      Fe 2                4905.35A   -6.372    0.5298      Ni 2                12.7253m   -6.766    0.2142
Ca B                6562.80A   -7.547    0.0354      Fe 2                4874.50A   -6.415    0.4801      Ni 2                9882.95A   -7.978    0.0131
Ca B                4861.32A   -8.004    0.0124      Fe 2                4852.74A   -7.776    0.0209      Ni 2                1.09177m   -7.516    0.0381
Ca B                4340.46A   -8.334    0.0058      Fe 2                4346.86A   -6.074    1.0520      Ni 2                18.2355m   -7.482    0.0411
Ca B                4101.73A   -8.591    0.0032      Fe 2                4276.84A   -5.998    1.2538      Ni 2                9374.87A   -8.270    0.0067
Ca B                3970.07A   -8.803    0.0020      Fe 2                4244.82A   -6.810    0.1934      Ni 2                7377.83A   -5.879    1.6476
Ca B                3889.05A   -8.983    0.0013      Fe 2                4231.56A   -8.410    0.0049      Ni 2                8300.99A   -7.175    0.0833
Ca B                1.87510m   -8.474    0.0042      Fe 2                4211.11A   -8.385    0.0051      Ni 2                1.93877m   -6.587    0.3228
Ca B                1.28181m   -8.791    0.0020      Fe 2                3455.11A   -7.058    0.1091      Ni 2                2.36883m   -7.874    0.0167
Ca B                1.09381m   -9.048    0.0011      Fe 2                3452.31A   -6.747    0.2234      Ni 2                2.91064m   -7.543    0.0358
H  1                2431.34A   -3.628  294.0051      Fe 2                3440.99A   -6.633    0.2905      Ni 2                6666.80A   -6.726    0.2346
H  1                1215.67A   -3.393  504.6606      Fe 2                2774.73A   -8.508    0.0039      Ni 2                7411.61A   -6.507    0.3883
H  1                6562.80A   -5.334    5.7825      Fe 2                2759.34A   -8.902    0.0016      Ni 2                1.76458m   -8.652    0.0028
H  1                4861.32A   -6.096    1.0000      Fe 2                2485.07A   -8.696    0.0025      Ni 2                2.04866m   -8.230    0.0073
H  1                4340.46A   -6.477    0.4161      Fe 2                2391.48A   -7.777    0.0208      Ni 2                2.30794m   -7.687    0.0257
H  1                4101.73A   -8.164    0.0085      Fe 2                2379.28A   -8.465    0.0043      Ni 2                6.91767m   -7.986    0.0129
H  1                3970.07A   -8.453    0.0044      Fe 2                2362.02A   -7.240    0.0719      Ni 2                4326.24A   -6.673    0.2650
H  1                3889.05A   -8.685    0.0026      Fe 2                35.7675m   -6.610    0.3066      Ni 2                4628.05A   -7.095    0.1003
H  1                3835.38A   -8.878    0.0017      Fe 2                1.95361m   -5.728    2.3374      Ni 2                6794.20A   -8.151    0.0088
H  1                3797.90A   -9.045    0.0011      Fe 2                1.80002m   -5.782    2.0622      Ni 2                7255.82A   -7.028    0.1171
H  1                3770.63A   -8.792    0.0020      Fe 2                1.71113m   -6.351    0.5560      Ni 2                7694.56A   -8.098    0.0100
H  1                3750.15A   -8.907    0.0015      Fe 2                1.66377m   -5.970    1.3359      Ni 2                8033.54A   -8.263    0.0068
H  1                3734.37A   -9.011    0.0012      Fe 2                9399.04A   -5.868    1.6921      Ni 2                1.04597m   -7.512    0.0384
H  1                1.87510m   -6.868    0.1691      Fe 2                9226.63A   -5.814    1.9162      Ni 2                1.23230m   -7.539    0.0361
H  1                1.28181m   -7.181    0.0822      Fe 2                9033.49A   -6.890    0.1609      Ni 2                4201.17A   -6.855    0.1741
H  1                1.09381m   -8.549    0.0035      Fe 2                7388.17A   -6.260    0.6855      Ni 2                4485.21A   -7.308    0.0614
H  1                1.00494m   -8.857    0.0017      Fe 2                6440.41A   -7.213    0.0764      Ni 2                7307.65A   -7.204    0.0781
H  1                4.05115m   -7.738    0.0228      Fe 2                6229.28A   -8.363    0.0054      Ni 2                7612.72A   -7.532    0.0367
H  1                2.62515m   -8.727    0.0023      Fe 2                5654.87A   -7.674    0.0264      Ni 2                1.13597m   -8.215    0.0076
H  1                2.16553m   -9.077    0.0010      Fe 2                5556.31A   -6.915    0.1519      Ni 2                4285.31A   -8.064    0.0108
H  1                7.45782m   -8.763    0.0022      Fe 2                5412.67A   -7.443    0.0450      Ni 2                6791.48A   -7.778    0.0208
He-like iso-sequence...........................      Fe 2                5333.66A   -5.788    2.0341      Ni 2                7054.20A   -7.683    0.0259
Pho+                3889.00A   -8.781    0.0021      Fe 2                5296.84A   -7.071    0.1060      Ni 2                9.61508m   -8.973    0.0013
extra Lyman....................................      Fe 2                5268.89A   -6.791    0.2019      Ni 2                4033.04A   -7.122    0.0943
database lines.................................      Fe 2                5107.96A   -7.727    0.0234      Ni 2                4294.09A   -7.242    0.0715
CN                  2648.35m   -8.775    0.0021      Fe 2                5049.30A   -6.194    0.7980      Ni 2                6467.29A   -8.275    0.0066
CN                  2640.74m   -8.475    0.0042      Fe 2                5005.52A   -6.248    0.7046      Ni 2                6813.57A   -7.263    0.0680
CN                  1322.30m   -8.847    0.0018      Fe 2                4973.40A   -6.516    0.3805      Ni 2                7078.04A   -7.812    0.0192
CN                  1321.03m   -8.589    0.0032      Fe 2                4950.76A   -6.862    0.1717      Ni 2                1.02090m   -8.594    0.0032
CN                  881.421m   -8.839    0.0018      Fe 2                4352.79A   -6.314    0.6059      Ni 2                3993.06A   -6.777    0.2088
CN                  880.858m   -8.682    0.0026      Fe 2                4319.62A   -6.580    0.3284      Ni 2                4248.80A   -7.252    0.0699
CN                  661.044m   -8.750    0.0022      Fe 2                4305.90A   -7.383    0.0517      Ni 2                6007.06A   -8.366    0.0054
CN                  660.727m   -8.636    0.0029      Fe 2                4084.33A   -8.708    0.0024      Ni 2                6365.10A   -7.250    0.0701
CN                  528.842m   -8.856    0.0017      Fe 2                3504.51A   -7.361    0.0543      Ni 2                6700.24A   -8.644    0.0028
CN                  528.639m   -8.765    0.0021      Fe 2                3504.02A   -7.218    0.0755      Ni 2                6955.82A   -8.678    0.0026
CN                  440.721m   -8.873    0.0017      Fe 2                3501.63A   -6.782    0.2063      Ni 2                8703.87A   -7.706    0.0246
CN                  440.580m   -8.798    0.0020      Fe 2                3489.99A   -7.461    0.0431      Ni 2                9956.63A   -7.932    0.0146
CN                  377.785m   -9.015    0.0012      Fe 2                2385.01A   -8.065    0.0107      Ni 2                5.18504m   -8.711    0.0024
CN                  377.682m   -8.951    0.0014      Fe 2                2.06648m   -7.121    0.0945      Ni 2                3438.88A   -6.965    0.1352
CN                  330.511m   -9.047    0.0011      Fe 2                1.89541m   -6.518    0.3789      Ni 2                3626.89A   -7.273    0.0666
HF                  243.178m   -8.375    0.0053      Fe 2                1.79711m   -6.005    1.2352      Ni 2                3378.16A   -7.579    0.0329
CO                  2600.05m   -8.239    0.0072      Fe 2                1.74494m   -6.293    0.6357      Ni 2                3559.41A   -7.559    0.0345
CO                  1300.05m   -7.002    0.1243      Fe 2                9652.70A   -6.717    0.2397      level 1 lines..................................
CO                  866.727m   -6.608    0.3080      Fe 2                9470.94A   -6.204    0.7796      recombination..................................
CO                  650.074m   -6.463    0.4293      Fe 2                9267.56A   -6.586    0.3236      level2 lines...................................
CO                  520.089m   -6.396    0.5019      Fe 2                7544.00A   -8.900    0.0016      C  1                1247.50A   -7.940    0.0143
CO                  433.438m   -6.353    0.5543      Fe 2                6558.51A   -7.427    0.0467      C  1                1314.77A   -7.864    0.0171
CO                  371.549m   -6.337    0.5746      Fe 2                5745.71A   -8.045    0.0112      C  1                1233.29A   -8.459    0.0043
CO                  325.137m   -6.327    0.5876      Fe 2                5643.98A   -7.887    0.0162      C  1                1250.68A   -8.612    0.0030
CO                  289.041m   -6.329    0.5853      Fe 2                5495.84A   -7.719    0.0238      Mg 1                1817.31A   -8.783    0.0021
CO                  260.169m   -6.335    0.5772      Fe 2                5376.47A   -6.182    0.8206      Mg 1                1739.09A   -8.991    0.0013
CO                  236.549m   -6.349    0.5587      Fe 2                5347.66A   -7.297    0.0630      Mg 1                1699.05A   -9.016    0.0012
CO                  216.868m   -6.370    0.5329      Fe 2                5181.96A   -7.573    0.0334      Mg 1                1675.74A   -9.036    0.0011
CO                  200.218m   -6.395    0.5027      Fe 2                5076.57A   -6.853    0.1753      Mg 1                1660.94A   -9.095    0.0010
CO                  185.949m   -6.417    0.4782      Fe 2                5043.53A   -6.722    0.2365      Si 1                1853.05A   -8.956    0.0014
CO                  173.584m   -6.441    0.4519      Fe 2                5020.25A   -6.839    0.1810      Si 2                1179.59A   -8.225    0.0074
CO                  162.767m   -6.468    0.4250      Fe 2                4372.43A   -6.854    0.1746      S  1                1356.05A   -8.477    0.0042
CO                  153.225m   -6.496    0.3979      Fe 2                4358.37A   -7.066    0.1073      S  1                1392.25A   -8.856    0.0017
CO                  144.745m   -6.526    0.3714      Fe 2                4080.00A   -8.738    0.0023      S  1                1418.10A   -9.053    0.0011
CO                  137.159m   -6.557    0.3458      Fe 2                3539.19A   -7.066    0.1073      Ca 2                1360.06A   -9.071    0.0011
CO                  130.333m   -6.589    0.3215      Fe 2                3538.69A   -7.359    0.0546      Fe 1                2484.25A   -8.727    0.0023
CO                  124.160m   -6.626    0.2951      Fe 2                3536.25A   -7.485    0.0409      Fe 1                2526.51A   -8.963    0.0014
CO                  118.548m   -6.666    0.2691      Fe 2                3524.38A   -8.793    0.0020      Sc 2                3627.22A   -7.420    0.0475
CO                  113.427m   -6.707    0.2451      Fe 2                22.8961m   -8.115    0.0096      Sc 2                3575.45A   -7.542    0.0358
CO                  108.733m   -6.750    0.2220      Fe 2                1.81139m   -8.394    0.0050      Sc 2                3368.13A   -8.106    0.0098
CO                  104.416m   -6.793    0.2009      Fe 2                7764.71A   -7.600    0.0313      Ti 2                3364.74A   -5.846    1.7812
CO                  100.433m   -6.838    0.1810      Fe 2                7336.73A   -7.890    0.0161      Ti 2                3237.15A   -6.085    1.0256
CO                  96.7462m   -6.886    0.1624      Fe 2                7267.25A   -8.858    0.0017      Ti 2                1904.17A   -7.953    0.0139
CO                  93.3237m   -6.935    0.1451      Fe 2                6809.24A   -7.867    0.0169      Ti 2                1907.36A   -7.696    0.0251
CO                  90.1384m   -6.985    0.1291      Fe 2                6729.87A   -8.148    0.0089      V  2                2710.94A   -8.174    0.0084
CO                  87.1666m   -7.038    0.1145      Fe 2                6671.93A   -8.712    0.0024      V  2                2684.22A   -7.937    0.0144
CO                  84.3877m   -7.091    0.1012      Fe 2                5721.37A   -8.985    0.0013      V  2                2139.33A   -8.570    0.0034
CO                  81.7835m   -7.146    0.0891      Fe 2                5163.96A   -7.896    0.0159      Cr 1                4269.56A   -8.604    0.0031
CO                  79.3383m   -7.204    0.0780      Fe 2                4266.35A   -8.597    0.0032      Cr 1                3589.90A   -8.421    0.0047
CO                  77.0375m   -7.263    0.0681      Fe 2                4249.08A   -8.868    0.0017      Cr 2                2059.78A   -6.445    0.4476
CO                  74.8697m   -7.323    0.0593      Fe 2                4157.92A   -8.873    0.0017      Mn 2                1198.85A   -8.801    0.0020
CO                  72.8231m   -7.386    0.0513      Fe 2                3277.35A   -7.397    0.0500      Co 2                2060.90A   -7.911    0.0153
CO                  70.8878m   -7.449    0.0444      Fe 2                3255.89A   -8.652    0.0028      Co 2                2018.80A   -7.946    0.0141
CO                  69.0557m   -7.513    0.0383      Fe 2                2926.59A   -8.271    0.0067      Co 2                1949.74A   -8.024    0.0118
CO                  67.3181m   -7.577    0.0330      Fe 2                2880.76A   -7.970    0.0134      Co 2                1575.91A   -8.547    0.0035
CO                  65.6684m   -7.643    0.0284      Fe 2                2755.74A   -6.315    0.6037      Co 2                1470.18A   -8.622    0.0030
CO                  64.0998m   -7.710    0.0244      Fe 2                2739.55A   -7.014    0.1207      Ni 2                1751.83A   -7.480    0.0413
CO                  62.6072m   -7.776    0.0209      Fe 2                2716.70A   -7.179    0.0826      Ni 2                1744.24A   -7.287    0.0645
CO                  61.1843m   -7.843    0.0179      Fe 2                34.6508m   -8.986    0.0013      Ni 2                1484.97A   -8.612    0.0031
CO                  59.8271m   -7.911    0.0153      Fe 2                1.00287m   -7.588    0.0322      Ni 2                1472.74A   -8.300    0.0063
CO                  58.5311m   -7.979    0.0131      Fe 2                8245.16A   -9.087    0.0010      Ni 2                1400.37A   -8.611    0.0031
CO                  57.2920m   -8.047    0.0112      Fe 2                8037.28A   -8.118    0.0095      Ni 2                1375.73A   -8.274    0.0066
CO                  56.1066m   -8.118    0.0095      Fe 2                7579.61A   -8.609    0.0031      Ni 2                1324.11A   -8.376    0.0052
CO                  54.9712m   -8.189    0.0081      Fe 2                7017.95A   -8.528    0.0037      hyperfine structure............................
CO                  53.8829m   -8.260    0.0069      Fe 2                6933.67A   -8.893    0.0016      inner shell....................................
CO                  52.8388m   -8.332    0.0058      Fe 2                6872.19A   -8.059    0.0109      molecules......................................
CO                  51.8365m   -8.404    0.0049      Fe 2                6829.03A   -9.094    0.0010      H2 l                2.00000m   -3.802  197.0970
CO                  50.8731m   -8.476    0.0042      Fe 2                5746.98A   -7.945    0.0142      H2 v                      0    -5.441    4.5239
CO                  49.9472m   -8.549    0.0035      Fe 2                5283.12A   -8.504    0.0039      H-FB                      0    -6.022    1.1855
CO                  49.0559m   -8.623    0.0030      Fe 2                5199.18A   -8.719    0.0024      H-FF                      0    -6.257    0.6904
CO                  48.1977m   -8.699    0.0025      Fe 2                4351.81A   -8.867    0.0017      H-CT                6562.80A   -7.126    0.0935
CO                  47.3709m   -8.775    0.0021      Fe 2                4347.36A   -8.237    0.0072      H- H                      0    -7.255    0.0693
CO                  46.5738m   -8.852    0.0018      Fe 2                4329.43A   -7.583    0.0326      H2+                       0    -6.426    0.4685
CO                  45.8046m   -8.931    0.0015      Fe 2                2953.77A   -9.001    0.0012      bands..........................................
CO                  45.0623m   -9.012    0.0012      Fe 2                2772.73A   -7.076    0.1048      Fe 2b               2500.00A   -4.280   65.5773
CO                  44.3452m   -9.095    0.0010      Fe 2                2749.32A   -7.145    0.0893      Fe 2b               5000.00A   -4.335   57.7495
^13CO               1359.86m   -8.546    0.0036      Fe 2                9795.19A   -8.366    0.0054      Fe 2b               7000.00A   -5.277    6.5907
^13CO               906.599m   -8.125    0.0094      Fe 2                8228.13A   -8.281    0.0065      Fe 2b               10000.0A   -3.957  137.6710
^13CO               679.978m   -7.968    0.0134      Fe 2                7613.14A   -8.688    0.0026      Fe 2b               2355.00A   -5.074   10.5172
^13CO               544.012m   -7.897    0.0158      Fe 2                7011.24A   -9.095    0.0010      Fe 2b               2430.00A   -4.287   64.4807
^13CO               453.374m   -7.852    0.0176      Fe 2                6966.33A   -8.452    0.0044      Fe 2b               2445.00A   -4.287   64.4807
^13CO               388.637m   -7.835    0.0182      Fe 2                5477.25A   -8.450    0.0044      Fe 2b               2495.00A   -4.849   17.6847
^13CO               340.088m   -7.826    0.0186      Fe 2                5278.38A   -8.917    0.0015      Fe 2b               2610.00A   -4.537   36.2745
^13CO               302.332m   -7.827    0.0186      Fe 2                4402.59A   -8.703    0.0025      Fe 2b               2695.00A   -7.179    0.0826
^13CO               272.130m   -7.834    0.0183      Fe 2                4384.21A   -8.635    0.0029      Fe 2b               2758.00A   -6.100    0.9915
^13CO               247.423m   -7.847    0.0177      Fe 2                1.05081m   -8.846    0.0018      Fe 2b               2780.00A   -6.060    1.0879
^13CO               226.836m   -7.869    0.0169      Fe 2                7710.80A   -8.999    0.0012      Fe 2b               2935.00A   -7.753    0.0221
^13CO               209.419m   -7.895    0.0159      Fe 2                7048.01A   -8.666    0.0027      Fe 2b               2960.00A   -8.156    0.0087
^13CO               194.493m   -7.917    0.0151      Fe 2                5901.28A   -8.896    0.0016      Fe 2b               3180.00A   -6.696    0.2515
^13CO               181.558m   -7.943    0.0142      Fe 2                5527.62A   -9.007    0.0012      Fe 2b               3250.00A   -5.994    1.2653
^13CO               170.243m   -7.971    0.0133      Fe 2                2.04602m   -7.533    0.0366      Fe 2b               3590.00A   -6.014    1.2092
^13CO               160.261m   -8.000    0.0125      Fe 2                1.41956m   -8.088    0.0102      Fe 2b               3910.00A   -8.063    0.0108
^13CO               151.390m   -8.032    0.0116      Fe 2                1.35904m   -8.893    0.0016      Fe 2b               4060.00A   -8.722    0.0024
^13CO               143.454m   -8.064    0.0108      Fe 2                1.23314m   -7.881    0.0164      Fe 2b               4255.00A   -4.768   21.2977
^13CO               136.314m   -8.098    0.0100      Fe 2                1.09108m   -7.804    0.0196      Fe 2b               4558.00A   -5.498    3.9638
^13CO               129.855m   -8.137    0.0091      Fe 2                1.07084m   -8.242    0.0071      Fe 2b               4600.00A   -5.468    4.2443
^13CO               123.985m   -8.179    0.0083      Fe 2                1.05625m   -8.693    0.0025      Fe 2b               4743.00A   -6.217    0.7571
^13CO               118.627m   -8.223    0.0075      Fe 2                1.01565m   -8.495    0.0040      Fe 2b               4855.00A   -5.638    2.8712
^13CO               113.717m   -8.269    0.0067      Fe 2                8119.18A   -8.972    0.0013      Fe 2b               4920.00A   -5.124    9.3880
^13CO               109.201m   -8.317    0.0060      Fe 2                5588.16A   -7.798    0.0199      Fe 2b               4975.00A   -5.653    2.7723
^13CO               105.034m   -8.368    0.0054      Fe 2                5586.91A   -8.660    0.0027      Fe 2b               4971.00A   -5.696    2.5116
^13CO               101.176m   -8.421    0.0047      Fe 2                5580.82A   -7.229    0.0736      Fe 2b               5070.00A   -5.575    3.3196
^13CO               97.5955m   -8.478    0.0042      Fe 2                5551.32A   -6.947    0.1410      Fe 2b               5143.00A   -5.042   11.3377
^13CO               94.2629m   -8.537    0.0036      Fe 2                3227.74A   -8.631    0.0029      Fe 2b               5270.00A   -4.757   21.8347
^13CO               91.1537m   -8.601    0.0031      Fe 2                3196.07A   -8.182    0.0082      Fe 2b               5318.00A   -5.075   10.4966
^13CO               88.2461m   -8.668    0.0027      Fe 2                2.13278m   -7.788    0.0203      Fe 2b               5540.00A   -6.223    0.7474
^13CO               85.5213m   -8.741    0.0023      Fe 2                1.46079m   -8.634    0.0029      Fe 2b               5865.00A   -6.822    0.1880
^13CO               82.9627m   -8.820    0.0019      Fe 2                1.39678m   -8.695    0.0025      Fe 2b               6265.00A   -7.635    0.0289
^13CO               80.5556m   -8.905    0.0016      Fe 2                1.30943m   -8.715    0.0024      Fe 2b               6565.00A   -6.978    0.1312
^13CO               78.2869m   -9.000    0.0012      Fe 2                1.24364m   -8.900    0.0016      Fe 2b               6910.00A   -6.917    0.1509
OH+                 308.406m   -8.989    0.0013      Fe 2                1.09413m   -8.001    0.0124      Fe 2b               7445.00A   -5.299    6.2745
C  1                1560.31A   -7.738    0.0228      Fe 2                1.07890m   -8.097    0.0100      Fe 2b               8625.00A   -4.966   13.4878
C  1                1560.68A   -7.788    0.0203      Fe 2                1.06830m   -8.855    0.0017      Fe 2b               1.03250m   -6.024    1.1811
C  1                1560.71A   -7.938    0.0144      Fe 2                1.03658m   -8.867    0.0017      Fe 2b               1.88900m   -4.673   26.5181
C  1                1561.34A   -7.246    0.0708      Fe 2                5650.95A   -7.776    0.0209      Fe 2b               2.20000m   -6.757    0.2184
C  1                1561.37A   -7.727    0.0234      Fe 2                5649.67A   -7.750    0.0222      miscellaneous..................................
C  1                1561.44A   -7.290    0.0640      Fe 2                5643.44A   -8.888    0.0016      Blnd                8446.00A   -8.827    0.0019
C  1                1656.27A   -7.090    0.1015      Fe 2                5613.27A   -7.163    0.0858      Blnd                1304.00A   -7.221    0.0751
C  1                1656.93A   -7.481    0.0412      Fe 2                2.24366m   -8.126    0.0093      Blnd                2798.00A   -3.794  200.6627
C  1                1657.01A   -6.697    0.2508      Fe 2                2.00672m   -7.471    0.0422      Blnd                6720.00A   -4.482   41.1554
C  1                1657.38A   -7.520    0.0377      Fe 2                1.10657m   -8.345    0.0056      Blnd                4074.00A   -5.806    1.9494
C  1                1657.91A   -7.000    0.1247      Fe 2                1.09542m   -8.449    0.0044      Blnd                1.03300m   -5.915    1.5172
C  1                1658.12A   -7.147    0.0889      Fe 2                5725.92A   -8.048    0.0112      Blnd                1256.00A   -7.840    0.0181
C  1                1930.90A   -8.879    0.0016      Fe 2                5718.22A   -7.497    0.0397      Blnd                5892.00A   -7.316    0.0603
C  1                1992.01A   -8.549    0.0035      Fe 2                2.22379m   -6.881    0.1641      Blnd                2665.00A   -5.345    5.6395
C  1                1993.62A   -7.166    0.0852      Fe 2                2.01513m   -7.201    0.0785      Blnd                2335.00A   -5.155    8.7403
C  1                2582.90A   -8.431    0.0046      Fe 2                9682.08A   -7.712    0.0242      Blnd                8579.00A   -4.762   21.5720
C  1                8727.13A   -8.884    0.0016      Fe 2                9513.85A   -8.519    0.0038      Blnd                7306.00A   -4.117   95.2818
C  1                9824.13A   -4.321   59.5451      Fe 2                8715.81A   -8.345    0.0056      Blnd                3933.00A   -6.264    0.6789
C  1                9850.26A   -3.846  177.8921      Fe 2                6873.84A   -8.009    0.0122      Blnd                1657.00A   -6.287    0.6449
C  1                370.269m   -4.187   81.1779      Fe 2                6700.65A   -8.980    0.0013      Blnd                9850.00A   -3.721  237.4372
C  1                609.590m   -4.769   21.2219      Fe 2                6188.55A   -8.189    0.0081      Blnd                2326.00A   -7.080    0.1039
C  2                1334.53A   -8.969    0.0013      Fe 2                5870.02A   -8.440    0.0045      Blnd                1335.00A   -8.178    0.0083
C  2                1335.66A   -8.549    0.0035      Fe 2                5673.20A   -8.474    0.0042      Blnd                3467.00A   -6.645    0.2825
C  2                1335.71A   -8.563    0.0034      Fe 2                4898.61A   -8.211    0.0077      Blnd                5199.00A   -4.400   49.7350
C  2                2323.50A   -8.323    0.0059      Fe 2                2.25348m   -7.719    0.0238      Blnd                1.04030m   -5.889    1.6124
C  2                2324.69A   -8.009    0.0122      Fe 2                1.02005m   -8.927    0.0015      Blnd                2141.00A   -8.897    0.0016
C  2                2325.40A   -7.540    0.0360      Fe 2                1.00139m   -8.370    0.0053      Blnd                6300.00A   -4.116   95.6223
C  2                2326.93A   -7.541    0.0359      Fe 2                9133.66A   -9.093    0.0010      Blnd                2471.00A   -8.783    0.0021
C  2                2328.12A   -7.956    0.0138      Fe 2                8885.67A   -8.819    0.0019      Blnd                7323.00A   -8.951    0.0014
C  2                157.636m   -5.569    3.3643      Fe 2                7131.14A   -8.984    0.0013      Blnd                7332.00A   -9.033    0.0012
Ca 1                4226.73A   -7.204    0.0780      Fe 2                6944.91A   -8.552    0.0035      Blnd                3727.00A   -6.872    0.1677
Ca 1                6439.08A   -8.149    0.0089      Fe 2                6473.88A   -8.589    0.0032      Blnd                7325.00A   -8.689    0.0026
Ca 1                6462.57A   -8.407    0.0049      Fe 2                6044.10A   -9.020    0.0012      N 1C                5199.00A   -8.375    0.0053
Ca 1                6493.78A   -8.626    0.0030      Fe 2                5835.45A   -8.689    0.0026      N 1T                5199.00A   -8.487    0.0041
Cl 1                11.3303m   -7.444    0.0449      Fe 2                5060.09A   -8.770    0.0021
Co 2                9335.96A   -8.235    0.0073      Fe 2                4576.40A   -9.022    0.0012

                                                    Emergent line intensities
 Caution: emergent intensities are not reliable on the first iteration.
general properties.............................      Fe 2                2380.76A   -5.475    4.1800      Mn 2                3438.97A   -8.298    0.0063
continua.......................................      Fe 2                2348.30A   -7.213    0.0765      Mn 2                3460.03A   -8.890    0.0016
FIR                 83.0000m   -2.698 2502.7466      Fe 2                2327.40A   -7.805    0.0196      N  1                1134.41A   -8.981    0.0013
TIR                 1800.00m   -4.741   22.6877      Fe 2                87.3597m   -6.526    0.3716      N  1                1134.98A   -8.883    0.0016
NIRa                2.85000m   -2.772 2109.3860      Fe 2                5.06097m   -7.427    0.0467      N  1                1199.55A   -8.257    0.0069
NIRb                3.00000m   -3.933  145.6463      Fe 2                4.43363m   -7.345    0.0565      N  1                1200.22A   -8.430    0.0046
MIRa                15.0000m   -4.028  117.1335      Fe 2                1.40951m   -8.755    0.0022      N  1                1200.71A   -8.732    0.0023
MIRb                22.5000m   -2.898 1578.2905      Fe 2                1.32777m   -6.893    0.1596      N  1                3466.50A   -6.729    0.2331
NMIR                21.7500m   -2.772 2109.3860      Fe 2                1.27877m   -6.950    0.1400      N  1                3466.54A   -7.402    0.0495
TFIR                611.250m   -3.593  318.5035      Fe 2                1.25214m   -7.990    0.0128      N  1                5197.90A   -4.798   19.8849
TALL                10000.0A   -2.320 5975.6802      Fe 2                7926.88A   -8.228    0.0074      N  1                5200.26A   -4.621   29.8493
F12                 12.0000m   -5.931    1.4621      Fe 2                7803.89A   -7.968    0.0134      N  1                1.03977m   -6.233    0.7293
F25                 25.0000m   -4.542   35.8034      Fe 2                7665.28A   -7.221    0.0750      N  1                1.03982m   -6.756    0.2189
F60                 60.0000m   -2.753 2204.4861      Fe 2                5006.63A   -7.368    0.0535      N  1                1.04072m   -6.581    0.3273
F100                100.000m   -5.754    2.2001      Fe 2                4772.06A   -8.181    0.0082      N  1                1.04076m   -6.569    0.3368
MIPS                24.0000m   -4.543   35.7981      Fe 2                4639.67A   -7.865    0.0170      Na 1                5889.95A   -7.617    0.0301
MIPS                70.0000m   -2.754 2201.1265      Fe 2                4528.39A   -7.476    0.0417      Na 1                5895.92A   -7.617    0.0301
MIPS                160.000m   -3.777  208.6828      Fe 2                4509.61A   -7.824    0.0187      Ni 1                7.50454m   -7.658    0.0275
IRAC                3.60000m   -7.154    0.0875      Fe 2                4452.10A   -5.847    1.7767      O  1                1304.86A   -7.354    0.0553
IRAC                4.50000m   -5.834    1.8281      Fe 2                3277.55A   -7.982    0.0130      O  1                1306.03A   -7.823    0.0187
IRAC                5.80000m   -4.121   94.4290      Fe 2                3277.12A   -8.886    0.0016      O  1                1355.60A   -7.415    0.0480
IRAC                8.00000m   -5.129    9.2832      Fe 2                3275.02A   -8.058    0.0109      O  1                1358.51A   -7.843    0.0179
SPR1                250.000m   -5.858    1.7306      Fe 2                2631.05A   -6.801    0.1972      O  1                2972.29A   -6.881    0.1642
SPR2                350.000m   -4.181   82.3360      Fe 2                2620.41A   -8.679    0.0026      O  1                5577.34A   -5.931    1.4621
SPR3                500.000m   -6.055    1.0992      Fe 2                2613.82A   -7.573    0.0333      O  1                6300.30A   -4.236   72.4590
PAC1                70.0000m   -2.754 2201.9954      Fe 2                2410.52A   -7.447    0.0446      O  1                6363.78A   -4.732   23.1470
PAC2                100.000m   -5.753    2.2032      Fe 2                2406.66A   -7.715    0.0241      O  1                6391.73A   -8.060    0.0109
PAC3                160.000m   -3.774  209.8541      Fe 2                2404.43A   -8.532    0.0037      O  1                44.0453m   -8.385    0.0051
PAH                 3.30000m   -7.960    0.0137      Fe 2                2359.11A   -7.521    0.0376      O  1                63.1679m   -2.754 2199.9656
PAHC                3.23000m   -8.240    0.0072      Fe 2                2338.01A   -7.589    0.0322      O  1                145.495m   -3.788  203.3273
PAHC                3.37000m   -8.230    0.0074      Fe 2                4.67067m   -7.969    0.0134      O  2                2470.34A   -8.887    0.0016
PAH                 6.20000m   -8.007    0.0123      Fe 2                1.29777m   -7.281    0.0654      O  2                7319.99A   -9.080    0.0010
PAHC                5.65000m   -6.918    0.1509      Fe 2                1.27034m   -7.153    0.0878      O  2                3728.81A   -7.094    0.1006
PAH                 7.90000m   -7.490    0.0404      Fe 2                7999.47A   -8.975    0.0013      O  2                3726.03A   -7.270    0.0671
PAHC                6.90000m   -5.131    9.2375      Fe 2                7874.24A   -7.322    0.0594      P  2                60.6263m   -6.195    0.7966
PAH                 11.3000m   -7.420    0.0474      Fe 2                7733.14A   -7.869    0.0169      P  2                1532.53A   -8.777    0.0021
PAHC                10.9000m   -7.010    0.1220      Fe 2                4798.28A   -7.731    0.0232      P  2                32.8620m   -6.298    0.6291
PAH                 11.8000m   -8.694    0.0025      Fe 2                4664.45A   -8.379    0.0052      P  2                1.14682m   -6.215    0.7612
PAHC                12.6500m   -6.758    0.2178      Fe 2                4533.01A   -8.371    0.0053      P  2                4669.25A   -7.880    0.0165
PAH                 13.3000m   -8.673    0.0026      Fe 2                4474.90A   -6.159    0.8654      P  2                2195.57A   -8.159    0.0087
PAHC                14.1000m   -6.418    0.4766      Fe 2                3289.89A   -8.367    0.0054      P  2                1536.42A   -8.673    0.0027
Bcon                3640.00A   -3.076 1047.5878      Fe 2                3289.46A   -8.147    0.0089      P  2                1535.92A   -8.593    0.0032
Pcon                5000.00A   -3.493  401.1498      Fe 2                2628.29A   -7.261    0.0685      P  2                1.18828m   -5.792    2.0176
O3bn                5007.00A   -5.356    5.4941      Fe 2                2621.67A   -8.158    0.0087      P  2                2210.34A   -7.706    0.0246
RRC............................................      Fe 2                2413.31A   -7.964    0.0136      P  2                1542.30A   -8.882    0.0016
grains.........................................      Fe 2                2411.07A   -7.972    0.0133      P  2                7875.99A   -7.132    0.0922
H-like iso-sequence............................      Fe 2                2344.28A   -7.680    0.0261      S  1                1483.04A   -8.746    0.0022
H  1                1215.67A   -3.397  500.2086      Fe 2                17.9311m   -5.110    9.6913      S  1                1820.34A   -7.423    0.0471
H  1                6562.80A   -5.334    5.7821      Fe 2                1.64355m   -4.216   75.9703      S  1                1826.24A   -7.907    0.0155
H  1                4861.32A   -6.096    1.0000      Fe 2                1.53348m   -5.341    5.6951      S  1                25.2421m   -5.368    5.3470
H  1                4340.46A   -6.477    0.4161      Fe 2                8616.95A   -5.604    3.1038      S  1                56.2957m   -6.328    0.5872
H  1                4101.73A   -8.164    0.0086      Fe 2                7155.17A   -5.733    2.3094      S  2                6730.82A   -4.871   16.7977
H  1                3970.07A   -8.453    0.0044      Fe 2                6896.17A   -7.185    0.0816      S  2                6716.44A   -4.710   24.3537
H  1                3889.05A   -8.685    0.0026      Fe 2                5413.37A   -7.643    0.0284      S  2                4076.35A   -6.419    0.4756
H  1                3835.38A   -8.879    0.0017      Fe 2                5280.27A   -8.179    0.0083      S  2                4068.60A   -5.928    1.4738
H  1                3797.90A   -9.045    0.0011      Fe 2                5273.36A   -5.732    2.3156      S  2                1.03364m   -6.557    0.3459
H  1                3770.63A   -8.792    0.0020      Fe 2                5158.79A   -5.121    9.4566      S  2                1.02867m   -6.554    0.3485
H  1                3750.15A   -8.907    0.0015      Fe 2                5111.64A   -6.028    1.1717      S  2                1.03705m   -6.879    0.1649
H  1                3734.37A   -9.011    0.0012      Fe 2                5072.41A   -5.773    2.1050      S  2                1.03205m   -6.420    0.4741
H  1                1.87510m   -6.868    0.1691      Fe 2                5039.10A   -7.207    0.0774      S  2                1259.52A   -8.196    0.0080
H  1                1.28181m   -7.181    0.0822      Fe 2                4814.54A   -6.077    1.0453      S  2                1253.81A   -8.273    0.0067
H  1                1.09381m   -8.549    0.0035      Fe 2                4774.73A   -6.517    0.3795      S  2                1250.58A   -8.582    0.0033
H  1                1.00494m   -8.857    0.0017      Fe 2                4745.49A   -7.569    0.0337      Sc 2                4246.82A   -8.650    0.0028
H  1                4.05115m   -7.738    0.0228      Fe 2                4661.78A   -8.667    0.0027      Sc 2                7043.49A   -8.421    0.0047
H  1                2.62515m   -8.727    0.0023      Fe 2                4243.97A   -5.447    4.4609      Sc 2                8261.17A   -8.935    0.0014
H  1                2.16553m   -9.077    0.0010      Fe 2                4177.20A   -6.537    0.3627      Sc 2                8271.28A   -8.822    0.0019
H  1                7.45782m   -8.763    0.0022      Fe 2                4146.65A   -8.112    0.0096      Sc 2                8326.62A   -9.075    0.0010
He-like iso-sequence...........................      Fe 2                4114.48A   -8.451    0.0044      Sc 2                8347.28A   -8.640    0.0029
extra Lyman....................................      Fe 2                3929.35A   -8.704    0.0025      Sc 2                8384.33A   -8.953    0.0014
database lines.................................      Fe 2                3387.09A   -6.952    0.1394      Sc 2                1.07804m   -9.019    0.0012
CN                  2648.35m   -8.775    0.0021      Fe 2                3376.20A   -6.155    0.8745      Sc 2                2.03194m   -8.557    0.0035
CN                  2640.74m   -8.475    0.0042      Fe 2                2732.45A   -7.268    0.0674      Sc 2                2.04712m   -8.904    0.0016
CN                  1322.30m   -8.847    0.0018      Fe 2                2493.30A   -4.849   17.6787      Sc 2                2.07591m   -8.548    0.0035
CN                  1321.03m   -8.589    0.0032      Fe 2                2484.20A   -8.421    0.0047      Sc 2                2.07842m   -8.382    0.0052
CN                  881.421m   -8.839    0.0018      Fe 2                2360.00A   -6.836    0.1823      Sc 2                2.08152m   -8.651    0.0028
CN                  880.858m   -8.682    0.0026      Fe 2                2348.12A   -6.905    0.1553      Sc 2                2.11129m   -8.825    0.0019
CN                  661.044m   -8.750    0.0022      Fe 2                2331.31A   -8.539    0.0036      Sc 2                2.12445m   -8.823    0.0019
CN                  660.727m   -8.636    0.0029      Fe 2                24.5126m   -5.810    1.9346      Si 1                2211.75A   -8.982    0.0013
CN                  528.842m   -8.856    0.0017      Fe 2                1.80940m   -4.816   19.0506      Si 1                2519.20A   -8.392    0.0051
CN                  528.639m   -8.765    0.0021      Fe 2                1.67688m   -5.766    2.1387      Si 1                2528.51A   -8.174    0.0084
CN                  440.721m   -8.873    0.0017      Fe 2                1.59948m   -5.673    2.6481      Si 1                68.4548m   -7.680    0.0261
CN                  440.580m   -8.798    0.0020      Fe 2                9051.95A   -5.446    4.4719      Si 1                129.641m   -7.750    0.0222
CN                  377.785m   -9.015    0.0012      Fe 2                8891.93A   -5.870    1.6822      Si 2                34.8046m   -2.944 1419.1226
CN                  377.682m   -8.951    0.0014      Fe 2                7452.56A   -6.225    0.7439      Si 2                2334.41A   -6.100    0.9920
CN                  330.511m   -9.047    0.0011      Fe 2                7172.00A   -6.140    0.9036      Si 2                2328.52A   -6.709    0.2440
HF                  243.178m   -8.375    0.0053      Fe 2                6275.53A   -8.098    0.0100      Si 2                1808.01A   -6.144    0.8969
CO                  2600.05m   -8.239    0.0072      Fe 2                5527.36A   -6.714    0.2410      Si 2                1526.71A   -8.996    0.0013
CO                  1300.05m   -7.002    0.1243      Fe 2                5440.48A   -8.472    0.0042      Si 2                1260.42A   -8.156    0.0087
CO                  866.727m   -6.608    0.3081      Fe 2                5433.15A   -6.246    0.7092      Si 2                2350.17A   -5.958    1.3745
CO                  650.074m   -6.463    0.4294      Fe 2                5261.63A   -5.501    3.9402      Si 2                2344.20A   -5.560    3.4385
CO                  520.089m   -6.396    0.5020      Fe 2                5220.08A   -6.776    0.2090      Si 2                2334.60A   -5.666    2.6924
CO                  433.438m   -6.353    0.5544      Fe 2                5184.80A   -6.672    0.2658      Si 2                1817.45A   -6.030    1.1657
CO                  371.549m   -6.337    0.5747      Fe 2                5158.01A   -6.621    0.2987      Si 2                1816.93A   -5.704    2.4666
CO                  325.137m   -6.327    0.5878      Fe 2                4947.39A   -6.021    1.1896      Si 2                1533.43A   -6.506    0.3890
CO                  289.041m   -6.329    0.5854      Fe 2                4905.35A   -6.372    0.5298      Si 2                1309.28A   -7.287    0.0645
CO                  260.169m   -6.335    0.5773      Fe 2                4874.50A   -6.415    0.4801      Si 2                1265.00A   -7.105    0.0980
CO                  236.549m   -6.349    0.5589      Fe 2                4852.74A   -7.776    0.0209      Si 2                1264.74A   -7.504    0.0392
CO                  216.868m   -6.370    0.5330      Fe 2                4346.86A   -6.074    1.0520      Si 2                1197.39A   -7.466    0.0427
CO                  200.218m   -6.395    0.5028      Fe 2                4276.84A   -5.998    1.2538      Si 2                1194.50A   -7.695    0.0252
CO                  185.949m   -6.417    0.4784      Fe 2                4244.82A   -6.810    0.1934      Si 2                3862.60A   -8.693    0.0025
CO                  173.584m   -6.441    0.4520      Fe 2                4231.56A   -8.410    0.0049      Si 2                3856.02A   -8.666    0.0027
CO                  162.767m   -6.468    0.4251      Fe 2                4211.11A   -8.385    0.0051      Si 2                6371.37A   -8.610    0.0031
CO                  153.225m   -6.496    0.3980      Fe 2                3455.11A   -7.059    0.1091      Si 2                6347.11A   -8.533    0.0037
CO                  144.745m   -6.526    0.3715      Fe 2                3452.31A   -6.747    0.2234      Zn 2                2062.00A   -8.191    0.0080
CO                  137.159m   -6.557    0.3459      Fe 2                3440.99A   -6.633    0.2905      Zn 2                2025.48A   -7.957    0.0138
CO                  130.333m   -6.589    0.3215      Fe 2                2774.73A   -8.508    0.0039      Al 2                2669.15A   -5.742    2.2633
CO                  124.160m   -6.626    0.2952      Fe 2                2759.34A   -8.902    0.0016      Al 2                2660.35A   -5.568    3.3769
CO                  118.548m   -6.666    0.2692      Fe 2                2485.07A   -8.696    0.0025      Al 2                1670.79A   -6.237    0.7229
CO                  113.427m   -6.707    0.2451      Fe 2                2391.48A   -7.777    0.0208      Al 2                3900.67A   -8.977    0.0013
CO                  108.733m   -6.750    0.2220      Fe 2                2379.28A   -8.465    0.0043      Ca 2                7323.89A   -4.510   38.5683
CO                  104.416m   -6.793    0.2010      Fe 2                2362.02A   -7.240    0.0719      Ca 2                7291.47A   -4.343   56.7054
CO                  100.433m   -6.838    0.1811      Fe 2                35.7675m   -6.610    0.3067      Ca 2                3968.47A   -6.588    0.3221
CO                  96.7462m   -6.886    0.1624      Fe 2                1.95361m   -5.728    2.3380      Ca 2                8662.14A   -5.240    7.1901
CO                  93.3237m   -6.935    0.1452      Fe 2                1.80002m   -5.782    2.0627      Ca 2                3933.66A   -6.544    0.3570
CO                  90.1384m   -6.985    0.1292      Fe 2                1.71113m   -6.351    0.5561      Ca 2                8498.02A   -5.932    1.4603
CO                  87.1666m   -7.038    0.1145      Fe 2                1.66377m   -5.970    1.3362      Ca 2                8542.09A   -4.985   12.9195
CO                  84.3877m   -7.091    0.1012      Fe 2                9399.04A   -5.868    1.6919      Ca 2                3706.02A   -7.606    0.0310
CO                  81.7835m   -7.146    0.0891      Fe 2                9226.63A   -5.814    1.9160      Ca 2                3736.90A   -7.309    0.0613
CO                  79.3383m   -7.204    0.0781      Fe 2                9033.49A   -6.890    0.1609      Ca 2                3158.87A   -7.627    0.0294
CO                  77.0375m   -7.263    0.0681      Fe 2                7388.17A   -6.260    0.6854      Ca 2                3181.27A   -8.333    0.0058
CO                  74.8697m   -7.323    0.0593      Fe 2                6440.41A   -7.213    0.0764      Ca 2                3179.33A   -7.378    0.0523
CO                  72.8231m   -7.386    0.0513      Fe 2                6229.28A   -8.363    0.0054      Ca 2                1.19497m   -9.044    0.0011
CO                  70.8878m   -7.449    0.0444      Fe 2                5654.87A   -7.675    0.0264      Ca 2                1.18390m   -8.743    0.0023
CO                  69.0557m   -7.513    0.0384      Fe 2                5556.31A   -6.915    0.1519      Ca 2                1838.01A   -8.565    0.0034
CO                  67.3181m   -7.577    0.0330      Fe 2                5412.67A   -7.443    0.0450      Ca 2                1840.03A   -8.409    0.0049
CO                  65.6684m   -7.643    0.0284      Fe 2                5333.66A   -5.788    2.0340      Ca 2                2112.76A   -9.037    0.0011
CO                  64.0998m   -7.710    0.0244      Fe 2                5296.84A   -7.071    0.1060      Cl 2                14.3639m   -6.420    0.4751
CO                  62.6072m   -7.776    0.0209      Fe 2                5268.89A   -6.791    0.2019      Cl 2                33.2721m   -7.500    0.0395
CO                  61.1843m   -7.843    0.0179      Fe 2                5107.96A   -7.727    0.0234      Cl 2                8578.70A   -6.108    0.9742
CO                  59.8271m   -7.911    0.0153      Fe 2                5049.30A   -6.194    0.7980      Cl 2                9123.60A   -6.692    0.2534
CO                  58.5311m   -7.979    0.0131      Fe 2                5005.52A   -6.248    0.7046      Cl 2                3677.85A   -8.030    0.0116
CO                  57.2920m   -8.047    0.0112      Fe 2                4973.40A   -6.516    0.3805      Cl 2                6161.84A   -7.984    0.0129
CO                  56.1066m   -8.118    0.0095      Fe 2                4950.76A   -6.862    0.1717      Mg 2                2802.71A   -4.268   67.3722
CO                  54.9712m   -8.189    0.0081      Fe 2                4352.79A   -6.314    0.6060      Mg 2                2795.53A   -3.971  133.3127
CO                  53.8829m   -8.260    0.0069      Fe 2                4319.62A   -6.580    0.3284      Mg 2                2936.52A   -7.199    0.0790
CO                  52.8388m   -8.332    0.0058      Fe 2                4305.90A   -7.383    0.0517      Mg 2                2928.64A   -7.500    0.0394
CO                  51.8365m   -8.404    0.0049      Fe 2                4084.33A   -8.709    0.0024      Mg 2                2797.93A   -7.939    0.0144
CO                  50.8731m   -8.476    0.0042      Fe 2                3504.51A   -7.361    0.0543      Mg 2                2790.77A   -7.236    0.0724
CO                  49.9472m   -8.549    0.0035      Fe 2                3504.02A   -7.218    0.0755      Mg 2                2798.00A   -6.983    0.1297
CO                  49.0559m   -8.623    0.0030      Fe 2                3501.63A   -6.782    0.2063      Mg 2                9244.22A   -9.055    0.0011
CO                  48.1977m   -8.699    0.0025      Fe 2                3489.99A   -7.461    0.0431      Mg 2                9218.22A   -8.760    0.0022
CO                  47.3709m   -8.775    0.0021      Fe 2                2385.01A   -8.065    0.0107      N  2                205.283m   -8.290    0.0064
CO                  46.5738m   -8.852    0.0018      Fe 2                2.06648m   -7.121    0.0945      N  2                121.769m   -8.509    0.0039
CO                  45.8046m   -8.931    0.0015      Fe 2                1.89541m   -6.518    0.3790      N  2                6548.05A   -7.662    0.0272
CO                  45.0623m   -9.012    0.0012      Fe 2                1.79711m   -6.005    1.2355      N  2                6583.45A   -7.192    0.0802
CO                  44.3452m   -9.095    0.0010      Fe 2                1.74494m   -6.293    0.6358      N  2                5754.59A   -9.040    0.0011
^13CO               1359.86m   -8.546    0.0036      Fe 2                9652.70A   -6.717    0.2396      N  2                2142.77A   -9.045    0.0011
^13CO               906.599m   -8.125    0.0094      Fe 2                9470.94A   -6.205    0.7796      Ni 2                1.19102m   -5.092   10.0939
^13CO               679.978m   -7.968    0.0134      Fe 2                9267.56A   -6.586    0.3236      Ni 2                6.63416m   -5.720    2.3798
^13CO               544.012m   -7.897    0.0158      Fe 2                7544.00A   -8.900    0.0016      Ni 2                1.07151m   -6.712    0.2421
^13CO               453.374m   -7.852    0.0176      Fe 2                6558.51A   -7.427    0.0467      Ni 2                10.6793m   -6.350    0.5579
^13CO               388.637m   -7.835    0.0182      Fe 2                5745.71A   -8.046    0.0112      Ni 2                1.27792m   -8.537    0.0036
^13CO               340.088m   -7.826    0.0186      Fe 2                5643.98A   -7.887    0.0162      Ni 2                1.16130m   -7.229    0.0737
^13CO               302.332m   -7.827    0.0186      Fe 2                5495.84A   -7.719    0.0238      Ni 2                12.7253m   -6.766    0.2142
^13CO               272.130m   -7.834    0.0183      Fe 2                5376.47A   -6.182    0.8206      Ni 2                9882.95A   -7.978    0.0131
^13CO               247.423m   -7.847    0.0177      Fe 2                5347.66A   -7.297    0.0630      Ni 2                1.09177m   -7.516    0.0381
^13CO               226.836m   -7.869    0.0169      Fe 2                5181.96A   -7.573    0.0334      Ni 2                18.2355m   -7.482    0.0411
^13CO               209.419m   -7.895    0.0159      Fe 2                5076.57A   -6.853    0.1753      Ni 2                9374.87A   -8.271    0.0067
^13CO               194.493m   -7.917    0.0151      Fe 2                5043.53A   -6.723    0.2365      Ni 2                7377.83A   -5.880    1.6474
^13CO               181.558m   -7.943    0.0142      Fe 2                5020.25A   -6.839    0.1810      Ni 2                8300.99A   -7.176    0.0833
^13CO               170.243m   -7.971    0.0134      Fe 2                4372.43A   -6.854    0.1746      Ni 2                1.93877m   -6.587    0.3229
^13CO               160.261m   -8.000    0.0125      Fe 2                4358.37A   -7.066    0.1073      Ni 2                2.36883m   -7.874    0.0167
^13CO               151.390m   -8.032    0.0116      Fe 2                4080.00A   -8.738    0.0023      Ni 2                2.91064m   -7.543    0.0358
^13CO               143.454m   -8.064    0.0108      Fe 2                3539.19A   -7.066    0.1073      Ni 2                6666.80A   -6.726    0.2346
^13CO               136.314m   -8.098    0.0100      Fe 2                3538.69A   -7.359    0.0546      Ni 2                7411.61A   -6.507    0.3883
^13CO               129.855m   -8.137    0.0091      Fe 2                3536.25A   -7.485    0.0409      Ni 2                1.76458m   -8.652    0.0028
^13CO               123.985m   -8.179    0.0083      Fe 2                3524.38A   -8.793    0.0020      Ni 2                2.04866m   -8.230    0.0073
^13CO               118.627m   -8.223    0.0075      Fe 2                22.8961m   -8.115    0.0096      Ni 2                2.30794m   -7.687    0.0257
^13CO               113.717m   -8.269    0.0067      Fe 2                1.81139m   -8.394    0.0050      Ni 2                6.91767m   -7.986    0.0129
^13CO               109.201m   -8.317    0.0060      Fe 2                7764.71A   -7.600    0.0313      Ni 2                4326.24A   -6.673    0.2650
^13CO               105.034m   -8.368    0.0054      Fe 2                7336.73A   -7.890    0.0161      Ni 2                4628.05A   -7.095    0.1003
^13CO               101.176m   -8.421    0.0047      Fe 2                7267.25A   -8.858    0.0017      Ni 2                6794.20A   -8.151    0.0088
^13CO               97.5955m   -8.478    0.0042      Fe 2                6809.24A   -7.867    0.0169      Ni 2                7255.82A   -7.028    0.1171
^13CO               94.2629m   -8.537    0.0036      Fe 2                6729.87A   -8.149    0.0089      Ni 2                7694.56A   -8.098    0.0100
^13CO               91.1537m   -8.601    0.0031      Fe 2                6671.93A   -8.712    0.0024      Ni 2                8033.54A   -8.263    0.0068
^13CO               88.2461m   -8.668    0.0027      Fe 2                5721.37A   -8.985    0.0013      Ni 2                1.04597m   -7.512    0.0384
^13CO               85.5213m   -8.741    0.0023      Fe 2                5163.96A   -7.896    0.0159      Ni 2                1.23230m   -7.539    0.0361
^13CO               82.9627m   -8.820    0.0019      Fe 2                4266.35A   -8.597    0.0032      Ni 2                4201.17A   -6.856    0.1741
^13CO               80.5556m   -8.905    0.0016      Fe 2                4249.08A   -8.868    0.0017      Ni 2                4485.21A   -7.308    0.0614
^13CO               78.2869m   -9.000    0.0012      Fe 2                4157.92A   -8.873    0.0017      Ni 2                7307.65A   -7.204    0.0781
OH+                 308.406m   -8.989    0.0013      Fe 2                3277.35A   -7.397    0.0500      Ni 2                7612.72A   -7.532    0.0367
C  1                1560.31A   -7.739    0.0228      Fe 2                3255.89A   -8.652    0.0028      Ni 2                1.13597m   -8.215    0.0076
C  1                1560.68A   -7.789    0.0203      Fe 2                2926.59A   -8.271    0.0067      Ni 2                4285.31A   -8.064    0.0108
C  1                1560.71A   -7.939    0.0144      Fe 2                2880.76A   -7.970    0.0134      Ni 2                6791.48A   -7.778    0.0208
C  1                1561.34A   -7.247    0.0706      Fe 2                2755.74A   -6.315    0.6038      Ni 2                7054.20A   -7.683    0.0259
C  1                1561.37A   -7.729    0.0233      Fe 2                2739.55A   -7.015    0.1207      Ni 2                9.61508m   -8.973    0.0013
C  1                1561.44A   -7.291    0.0638      Fe 2                2716.70A   -7.179    0.0826      Ni 2                4033.04A   -7.122    0.0943
C  1                1656.27A   -7.090    0.1015      Fe 2                34.6508m   -8.986    0.0013      Ni 2                4294.09A   -7.242    0.0715
C  1                1656.93A   -7.481    0.0412      Fe 2                1.00287m   -7.588    0.0322      Ni 2                6467.29A   -8.275    0.0066
C  1                1657.01A   -6.697    0.2508      Fe 2                8245.16A   -9.087    0.0010      Ni 2                6813.57A   -7.264    0.0680
C  1                1657.38A   -7.520    0.0377      Fe 2                8037.28A   -8.118    0.0095      Ni 2                7078.04A   -7.812    0.0192
C  1                1657.91A   -7.000    0.1247      Fe 2                7579.61A   -8.609    0.0031      Ni 2                1.02090m   -8.594    0.0032
C  1                1658.12A   -7.147    0.0890      Fe 2                7017.95A   -8.528    0.0037      Ni 2                3993.06A   -6.777    0.2088
C  1                1930.90A   -8.879    0.0016      Fe 2                6933.67A   -8.893    0.0016      Ni 2                4248.80A   -7.252    0.0699
C  1                1992.01A   -8.550    0.0035      Fe 2                6872.19A   -8.059    0.0109      Ni 2                6007.06A   -8.366    0.0054
C  1                1993.62A   -7.166    0.0852      Fe 2                6829.03A   -9.094    0.0010      Ni 2                6365.10A   -7.250    0.0701
C  1                2582.90A   -8.431    0.0046      Fe 2                5746.98A   -7.945    0.0142      Ni 2                6700.24A   -8.644    0.0028
C  1                8727.13A   -8.885    0.0016      Fe 2                5283.12A   -8.504    0.0039      Ni 2                6955.82A   -8.679    0.0026
C  1                9824.13A   -4.322   59.5400      Fe 2                5199.18A   -8.719    0.0024      Ni 2                8703.87A   -7.706    0.0246
C  1                9850.26A   -3.846  177.8771      Fe 2                4351.81A   -8.867    0.0017      Ni 2                9956.63A   -7.932    0.0146
C  1                370.269m   -4.187   81.1983      Fe 2                4347.36A   -8.237    0.0072      Ni 2                5.18504m   -8.711    0.0024
C  1                609.590m   -4.769   21.2272      Fe 2                4329.43A   -7.583    0.0326      Ni 2                3438.88A   -6.965    0.1352
C  2                1334.53A   -8.973    0.0013      Fe 2                2953.77A   -9.001    0.0012      Ni 2                3626.89A   -7.273    0.0666
C  2                1335.66A   -8.555    0.0035      Fe 2                2772.73A   -7.076    0.1049      Ni 2                3378.16A   -7.579    0.0329
C  2                1335.71A   -8.568    0.0034      Fe 2                2749.32A   -7.145    0.0894      Ni 2                3559.41A   -7.559    0.0345
C  2                2323.50A   -8.323    0.0059      Fe 2                9795.19A   -8.366    0.0054      level 1 lines..................................
C  2                2324.69A   -8.009    0.0122      Fe 2                8228.13A   -8.281    0.0065      recombination..................................
C  2                2325.40A   -7.540    0.0360      Fe 2                7613.14A   -8.689    0.0026      level2 lines...................................
C  2                2326.93A   -7.541    0.0359      Fe 2                7011.24A   -9.095    0.0010      C  1                1247.50A   -7.944    0.0142
C  2                2328.12A   -7.956    0.0138      Fe 2                6966.33A   -8.452    0.0044      C  1                1314.77A   -7.869    0.0169
C  2                157.636m   -5.569    3.3651      Fe 2                5477.25A   -8.450    0.0044      C  1                1233.29A   -8.463    0.0043
Ca 1                4226.73A   -7.204    0.0780      Fe 2                5278.38A   -8.918    0.0015      C  1                1250.68A   -8.616    0.0030
Ca 1                6439.08A   -8.149    0.0089      Fe 2                4402.59A   -8.703    0.0025      Mg 1                1817.31A   -8.783    0.0021
Ca 1                6462.57A   -8.407    0.0049      Fe 2                4384.21A   -8.635    0.0029      Mg 1                1739.09A   -8.991    0.0013
Ca 1                6493.78A   -8.626    0.0030      Fe 2                1.05081m   -8.846    0.0018      Mg 1                1699.05A   -9.016    0.0012
Cl 1                11.3303m   -7.444    0.0449      Fe 2                7710.80A   -9.000    0.0012      Mg 1                1675.74A   -9.037    0.0011
Co 2                9335.96A   -8.235    0.0073      Fe 2                7048.01A   -8.666    0.0027      Mg 1                1660.94A   -9.095    0.0010
Co 2                9639.13A   -8.673    0.0027      Fe 2                5901.28A   -8.896    0.0016      Si 1                1853.05A   -8.956    0.0014
Co 2                10.5199m   -7.069    0.1066      Fe 2                5527.62A   -9.008    0.0012      Si 2                1179.59A   -8.292    0.0064
Co 2                15.4548m   -7.954    0.0139      Fe 2                2.04602m   -7.533    0.0366      S  1                1356.05A   -8.482    0.0041
Co 2                2.98382m   -6.555    0.3478      Fe 2                1.41956m   -8.088    0.0102      S  1                1392.25A   -8.861    0.0017
Co 2                14.7345m   -7.598    0.0315      Fe 2                1.35904m   -8.893    0.0016      S  1                1418.10A   -9.059    0.0011
Co 2                18.7989m   -8.118    0.0095      Fe 2                1.23314m   -7.881    0.0164      Ca 2                1360.06A   -9.077    0.0010
Co 2                25.6819m   -8.806    0.0020      Fe 2                1.09108m   -7.804    0.0196      Fe 1                2484.25A   -8.727    0.0023
Co 2                1.01879m   -7.284    0.0650      Fe 2                1.07084m   -8.242    0.0071      Fe 1                2526.51A   -8.963    0.0014
Co 2                1.12804m   -8.254    0.0069      Fe 2                1.05625m   -8.693    0.0025      Sc 2                3627.22A   -7.420    0.0475
Co 2                1.54700m   -7.529    0.0369      Fe 2                1.01565m   -8.495    0.0040      Sc 2                3575.45A   -7.542    0.0359
Co 2                1.72847m   -8.525    0.0037      Fe 2                8119.18A   -8.972    0.0013      Sc 2                3368.13A   -8.106    0.0098
Co 2                1.90349m   -8.365    0.0054      Fe 2                5588.16A   -7.798    0.0199      Ti 2                3364.74A   -5.846    1.7814
Co 2                1.02452m   -8.090    0.0101      Fe 2                5586.91A   -8.660    0.0027      Ti 2                3237.15A   -6.085    1.0256
Co 2                1.09726m   -8.718    0.0024      Fe 2                5580.82A   -7.229    0.0736      Ti 2                1904.17A   -7.953    0.0139
Co 2                1.49674m   -8.955    0.0014      Fe 2                5551.32A   -6.947    0.1410      Ti 2                1907.36A   -7.696    0.0251
Co 2                1.62622m   -8.943    0.0014      Fe 2                3227.74A   -8.631    0.0029      V  2                2710.94A   -8.174    0.0084
Co 2                1.73616m   -8.649    0.0028      Fe 2                3196.07A   -8.182    0.0082      V  2                2684.22A   -7.937    0.0144
Co 2                1.02803m   -8.688    0.0026      Fe 2                2.13278m   -7.788    0.0203      V  2                2139.33A   -8.570    0.0034
Co 2                8580.39A   -8.744    0.0023      Fe 2                1.46079m   -8.634    0.0029      Cr 1                4269.56A   -8.604    0.0031
Co 2                9342.40A   -7.439    0.0454      Fe 2                1.39678m   -8.695    0.0025      Cr 1                3589.90A   -8.421    0.0047
Co 2                9943.48A   -7.787    0.0204      Fe 2                1.30943m   -8.715    0.0024      Cr 2                2059.78A   -6.446    0.4476
Co 2                7539.01A   -8.108    0.0097      Fe 2                1.24364m   -8.900    0.0016      Mn 2                1198.85A   -8.805    0.0020
Co 2                8121.00A   -7.820    0.0189      Fe 2                1.09413m   -8.001    0.0124      Co 2                2060.90A   -7.911    0.0153
Co 2                8571.41A   -8.427    0.0047      Fe 2                1.07890m   -8.098    0.0100      Co 2                2018.80A   -7.946    0.0141
Co 2                6.21176m   -9.069    0.0011      Fe 2                1.06830m   -8.855    0.0017      Co 2                1949.74A   -8.024    0.0118
Co 2                8027.34A   -8.286    0.0065      Fe 2                1.03658m   -8.867    0.0017      Co 2                1575.91A   -8.548    0.0035
Co 2                8467.14A   -8.699    0.0025      Fe 2                5650.95A   -7.776    0.0209      Co 2                1470.18A   -8.628    0.0029
Co 2                8333.76A   -8.467    0.0043      Fe 2                5649.67A   -7.750    0.0222      Ni 2                1751.83A   -7.480    0.0413
Cr 2                8000.08A   -6.279    0.6574      Fe 2                5643.44A   -8.888    0.0016      Ni 2                1744.24A   -7.287    0.0645
Cr 2                8125.30A   -6.352    0.5545      Fe 2                5613.27A   -7.163    0.0858      Ni 2                1484.97A   -8.618    0.0030
Cr 2                8229.67A   -6.447    0.4464      Fe 2                2.24366m   -8.126    0.0093      Ni 2                1472.74A   -8.306    0.0062
Cr 2                8308.49A   -6.634    0.2900      Fe 2                2.00672m   -7.471    0.0422      Ni 2                1400.37A   -8.616    0.0030
Cr 2                8357.64A   -6.932    0.1462      Fe 2                1.10657m   -8.345    0.0056      Ni 2                1375.73A   -8.279    0.0066
Fe 1                24.0358m   -6.717    0.2395      Fe 2                1.09542m   -8.449    0.0044      Ni 2                1324.11A   -8.381    0.0052
Fe 1                34.7038m   -7.305    0.0618      Fe 2                5725.92A   -8.048    0.0112      hyperfine structure............................
Fe 2                25.9813m   -4.644   28.3057      Fe 2                5718.22A   -7.497    0.0397      inner shell....................................
Fe 2                5.33871m   -4.122   94.2770      Fe 2                2.22379m   -6.881    0.1641      molecules......................................
Fe 2                4.11387m   -6.485    0.4091      Fe 2                2.01513m   -7.201    0.0785      bands..........................................
Fe 2                1.25668m   -5.394    5.0430      Fe 2                9682.08A   -7.712    0.0242      Fe 2b               2500.00A   -4.280   65.5857
Fe 2                1.19129m   -8.179    0.0083      Fe 2                9513.85A   -8.519    0.0038      Fe 2b               5000.00A   -4.335   57.7492
Fe 2                6309.53A   -9.024    0.0012      Fe 2                8715.81A   -8.345    0.0056      Fe 2b               7000.00A   -5.277    6.5901
Fe 2                4799.30A   -8.922    0.0015      Fe 2                6873.84A   -8.009    0.0122      Fe 2b               10000.0A   -3.958  137.6599
Fe 2                4704.22A   -8.147    0.0089      Fe 2                6700.65A   -8.980    0.0013      Fe 2b               2355.00A   -5.074   10.5188
Fe 2                4632.28A   -6.354    0.5531      Fe 2                6188.55A   -8.189    0.0081      Fe 2b               2430.00A   -4.287   64.4893
Fe 2                4604.48A   -8.137    0.0091      Fe 2                5870.02A   -8.441    0.0045      Fe 2b               2445.00A   -4.287   64.4892
Fe 2                4416.27A   -6.335    0.5773      Fe 2                5673.20A   -8.474    0.0042      Fe 2b               2495.00A   -4.849   17.6869
Fe 2                4382.74A   -7.305    0.0619      Fe 2                4898.61A   -8.211    0.0077      Fe 2b               2610.00A   -4.537   36.2790
Fe 2                4287.39A   -5.372    5.2954      Fe 2                2.25348m   -7.719    0.0239      Fe 2b               2695.00A   -7.179    0.0827
Fe 2                3931.44A   -8.967    0.0013      Fe 2                1.02005m   -8.927    0.0015      Fe 2b               2758.00A   -6.100    0.9916
Fe 2                3874.07A   -8.598    0.0032      Fe 2                1.00139m   -8.370    0.0053      Fe 2b               2780.00A   -6.060    1.0880
Fe 2                3175.38A   -7.184    0.0818      Fe 2                9133.66A   -9.093    0.0010      Fe 2b               2935.00A   -7.753    0.0221
Fe 2                2599.40A   -7.765    0.0215      Fe 2                8885.67A   -8.819    0.0019      Fe 2b               2960.00A   -8.156    0.0087
Fe 2                2585.88A   -8.781    0.0021      Fe 2                7131.14A   -8.984    0.0013      Fe 2b               3180.00A   -6.696    0.2515
Fe 2                2382.04A   -6.022    1.1865      Fe 2                6944.91A   -8.552    0.0035      Fe 2b               3250.00A   -5.994    1.2654
Fe 2                2343.50A   -8.580    0.0033      Fe 2                6473.88A   -8.589    0.0032      Fe 2b               3590.00A   -6.014    1.2093
Fe 2                35.3391m   -5.306    6.1692      Fe 2                6044.10A   -9.020    0.0012      Fe 2b               3910.00A   -8.063    0.0108
Fe 2                6.71944m   -5.262    6.8349      Fe 2                5835.45A   -8.689    0.0026      Fe 2b               4060.00A   -8.722    0.0024
Fe 2                4.88781m   -6.148    0.8879      Fe 2                5060.09A   -8.770    0.0021      Fe 2b               4255.00A   -4.768   21.2983
Fe 2                4.07521m   -6.969    0.1339      Fe 2                4576.40A   -9.022    0.0012      Fe 2b               4558.00A   -5.498    3.9638
Fe 2                1.32055m   -5.890    1.6079      Fe 2                1.34608m   -9.068    0.0011      Fe 2b               4600.00A   -5.469    4.2444
Fe 2                1.24854m   -6.924    0.1487      Fe 2                1.11648m   -8.885    0.0016      Fe 2b               4743.00A   -6.217    0.7571
Fe 2                1.20512m   -8.736    0.0023      Fe 2                5048.19A   -8.736    0.0023      Fe 2b               4855.00A   -5.638    2.8712
Fe 2                7637.52A   -6.194    0.7988      Fe 2                1.71482m   -8.320    0.0060      Fe 2b               4920.00A   -5.124    9.3879
Fe 2                7523.28A   -8.241    0.0072      Fe 2                9949.21A   -8.652    0.0028      Fe 2b               4975.00A   -5.654    2.7722
Fe 2                4889.62A   -6.217    0.7566      Fe 2                7975.22A   -8.835    0.0018      Fe 2b               4971.00A   -5.696    2.5115
Fe 2                4750.27A   -8.949    0.0014      Fe 2                1.47063m   -9.090    0.0010      Fe 2b               5070.00A   -5.575    3.3196
Fe 2                4716.37A   -7.231    0.0733      Fe 2                1.01273m   -8.766    0.0021      Fe 2b               5143.00A   -5.042   11.3375
Fe 2                4687.56A   -7.435    0.0459      Fe 2                6353.11A   -8.887    0.0016      Fe 2b               5270.00A   -4.757   21.8343
Fe 2                4492.64A   -7.204    0.0780      Fe 2                1.80228m   -8.988    0.0013      Fe 2b               5318.00A   -5.075   10.4963
Fe 2                4457.95A   -6.603    0.3116      Fe 2                1.00387m   -8.916    0.0015      Fe 2b               5540.00A   -6.223    0.7474
Fe 2                4432.45A   -7.397    0.0501      Fe 2                9469.41A   -8.800    0.0020      Fe 2b               5865.00A   -6.822    0.1880
Fe 2                4359.33A   -5.503    3.9192      Fe 2                9384.77A   -8.291    0.0064      Fe 2b               6265.00A   -7.635    0.0289
Fe 2                3224.54A   -8.280    0.0066      Fe 2                2.39329m   -8.341    0.0057      Fe 2b               6565.00A   -6.978    0.1312
Fe 2                3214.67A   -7.698    0.0250      Fe 2                4825.73A   -7.762    0.0216      Fe 2b               6910.00A   -6.918    0.1509
Fe 2                2625.67A   -4.659   27.3782      Fe 2                2.50030m   -8.678    0.0026      Fe 2b               7445.00A   -5.299    6.2739
Fe 2                2611.87A   -5.392    5.0617      Fe 2                4867.73A   -8.803    0.0020      Fe 2b               8625.00A   -4.966   13.4865
Fe 2                2598.37A   -6.623    0.2972      Fe 2                2.59860m   -9.061    0.0011      Fe 2b               1.03250m   -6.024    1.1810
Fe 2                2395.63A   -5.668    2.6801      Fe 2                4903.85A   -8.255    0.0069      Fe 2b               1.88900m   -4.673   26.5248
Fe 2                2388.63A   -6.719    0.2384      Fe 2                1.04657m   -9.094    0.0010      Fe 2b               2.20000m   -6.757    0.2184
Fe 2                2383.06A   -8.621    0.0030      Fe 2                3.58120m   -8.685    0.0026      miscellaneous..................................
Fe 2                2364.83A   -6.065    1.0757      Fe 2                3.15558m   -8.715    0.0024      Blnd                8446.00A   -8.827    0.0019
Fe 2                2332.80A   -7.152    0.0880      Fe 2                5171.63A   -8.064    0.0108      Blnd                1304.00A   -7.225    0.0743
Fe 2                2279.91A   -8.703    0.0025      Fe 2                5169.03A   -7.311    0.0610      Blnd                2798.00A   -3.794  200.6848
Fe 2                51.2868m   -5.824    1.8711      Fe 2                5018.44A   -9.034    0.0012      Blnd                6720.00A   -4.482   41.1514
Fe 2                5.67236m   -6.959    0.1371      Fe 2                6044.54A   -8.507    0.0039      Blnd                4074.00A   -5.806    1.9495
Fe 2                4.60641m   -6.769    0.2125      Fe 2                5316.61A   -9.000    0.0012      Blnd                1.03300m   -5.915    1.5171
Fe 2                4.08085m   -7.515    0.0381      Fe 3                22.9190m   -9.029    0.0012      Blnd                1256.00A   -7.844    0.0179
Fe 2                1.37181m   -6.134    0.9178      Fe 3                4985.87A   -8.891    0.0016      Blnd                5892.00A   -7.316    0.0603
Fe 2                1.29427m   -6.710    0.2436      K  1                7664.90A   -8.834    0.0018      Blnd                2665.00A   -5.345    5.6402
Fe 2                7806.23A   -7.967    0.0135      Mg 1                2025.82A   -8.264    0.0068      Blnd                2335.00A   -5.155    8.7415
Fe 2                7686.93A   -6.272    0.6681      Mg 1                2852.13A   -5.589    3.2145      Blnd                8579.00A   -4.763   21.5698
Fe 2                7552.40A   -8.751    0.0022      Mg 1                3832.30A   -8.661    0.0027      Blnd                7306.00A   -4.117   95.2737
Fe 2                4958.23A   -8.068    0.0107      Mg 1                3838.29A   -8.244    0.0071      Blnd                3933.00A   -6.264    0.6790
Fe 2                4750.57A   -8.065    0.0107      Mg 1                4562.60A   -5.395    5.0219      Blnd                1657.00A   -6.287    0.6449
Fe 2                4728.07A   -6.866    0.1700      Mg 1                4571.10A   -5.834    1.8300      Blnd                9850.00A   -3.721  237.4172
Fe 2                4514.90A   -7.228    0.0738      Mg 1                4575.29A   -6.762    0.2160      Blnd                2326.00A   -7.080    0.1039
Fe 2                4488.75A   -6.948    0.1408      Mg 1                5167.32A   -7.920    0.0150      Blnd                1335.00A   -8.183    0.0082
Fe 2                4470.30A   -8.151    0.0088      Mg 1                5172.68A   -7.446    0.0447      Blnd                3467.00A   -6.645    0.2825
Fe 2                4413.78A   -5.654    2.7670      Mg 1                5183.60A   -7.226    0.0742      Blnd                5199.00A   -4.400   49.7343
Fe 2                3254.24A   -7.757    0.0218      Mg 1                8806.76A   -7.503    0.0392      Blnd                1.04030m   -5.889    1.6122
Fe 2                3244.18A   -8.052    0.0111      Mg 1                1.18282m   -7.668    0.0268      Blnd                2141.00A   -8.897    0.0016
Fe 2                2631.32A   -5.625    2.9629      Mg 1                1.50250m   -8.486    0.0041      Blnd                6300.00A   -4.116   95.6168
Fe 2                2617.62A   -7.069    0.1066      Mg 1                1.50402m   -8.931    0.0015      Blnd                2471.00A   -8.783    0.0021
Fe 2                2607.09A   -6.955    0.1385      Mg 1                1.71087m   -8.186    0.0081      Blnd                7323.00A   -8.951    0.0014
Fe 2                2404.89A   -6.655    0.2765      Mn 2                2576.10A   -6.745    0.2245      Blnd                7332.00A   -9.033    0.0012
Fe 2                2399.24A   -7.476    0.0417      Mn 2                2593.72A   -6.839    0.1808      Blnd                3727.00A   -6.872    0.1677
Fe 2                2395.42A   -8.472    0.0042      Mn 2                2605.68A   -6.978    0.1313      Blnd                7325.00A   -8.689    0.0026



 IC443 grid point v shock=47 km/s  
 Cooling:  H  1c                     0 :0.130 C  1c                     0 :0.055 Fe 2c                     0 :0.068 O  1c                     0 :0.404 Si 2c                     0 :0.231  
 Heating:  TotM                      0 :0.209 CT H                      0 :0.432 H- H                      0 :0.356  

 These are some of the most important databases used by Cloudy:
 Many recombination coefficients were taken from http://amdpp.phys.strath.ac.uk/tamoc/RR/ and http://amdpp.phys.strath.ac.uk/tamoc/DR/
      and are based on the following papers:
        Badnell N. R., et al., A&A 406, 1151 (2003) [http://adsabs.harvard.edu/abs/2003A%26A...406.1151B]
        Badnell N. R., ApJS 167, 334 (2006) [http://adsabs.harvard.edu/abs/2006ApJS..167..334B]
 Much of the molecular emission data is from LAMDA as accessed on June 30, 2015. This database is described in:
        Schoeier F.L., et al., A&A 432, 369 (2005) [http://adsabs.harvard.edu/abs/2005A%26A...432..369S]
      This database is in part based on the work of the following groups:
        JPL: Pickett H. M. et al., JQSRT, 60, 883 (1998). [http://adsabs.harvard.edu/abs/1998JQSRT..60..883P]
        CDMS: Mueller H. S. et al., A&A 370, L49 (2001). [http://adsabs.harvard.edu/abs/2001A%26A...370L..49M]
              Mueller H. S. et al., J. Mol. Struct. 742, 215 (2005). [http://adsabs.harvard.edu/abs/2005JMoSt.742..215M]
 Some of the ionic emission data is from version 10.0.1 of CHIANTI. CHIANTI is a collaborative project involving the NRL (USA), the
      Universities of Florence (Italy) and Cambridge (UK), and George Mason University (USA). These papers describe Chianti:
        Dere K. P., et al., A&AS, 125, 149 (1997) [http://adsabs.harvard.edu/abs/1997A%26AS..125..149D]
        Landi E., et al., ApJ, 744, 99 (2012) [http://adsabs.harvard.edu/abs/2012ApJ...744...99L]
 Much of the H_2 data is from this web site: http://molat.obspm.fr/index.php?page=pages/Molecules/H2/H2can94.php. These data are
      described in:
        Abgrall H. et al., Can. J. Phys., 72, 856 (1994) [http://adsabs.harvard.edu/abs/1994CaJPh..72..856A]
        Wrathmall S. A. & Flower D. R., J. Phys. B, 40, 3221 (2007) [http://adsabs.harvard.edu/abs/2007JPhB...40.3221W]
 The Case A and Case B recombination predictions for one-electron systems are from
	Storey, P.J. & Hummer, D.G., 1995, MNRAS 272, 41 http://adsabs.harvard.edu/abs/1995MNRAS.272...41S
 The He I recombination predictions are from
	Porter, R. L.; Ferland, G. J.; Storey, P. J.; Detisch, M. J., 2012, MNRAS, 425, 28p http://adsabs.harvard.edu/abs/2012MNRAS.425L..28P
		http://adsabs.harvard.edu/abs/2013MNRAS.433L..89P

 If you find some process or data set to be particularly critical to a result, please follow the trail of references back to the
 original source and cite that.  This will support and encourage atomic, molecular, and chemical physicists to continue their
 valuable work.

 IONIZE PARMET:  U(1-)-37.0000  U(4-):-37.0000  U(sp):-37.00  Q(ion):   -3.399  L(ion)-13.903    Q(low): 10.732    L(low) -2.651
 ENERGY BUDGET:  Heat:  -6.807  Coolg:  -2.305  Error:3178762.6%  Rec Lin:  -3.628  F-F  H  0.000    P(rad/tot)max     2.96E-04    R(F Con):1.737e+05

     Col(Heff):      4.596E+20  snd travl time  2.30E+12 sec  Te-low: 1.00E+04  Te-hi: 1.00E+04  G0TH85: 0.00E+00  G0DB96:0.00E+00
  Emiss Measure    n(e)n(p) dl       8.022E+16  n(e)n(He+)dl         6.807E+08  En(e)n(He++) dl         0.000E+00  ne nC+:1.00E+14
 He/Ha:2.67E-08  =   0.00*true  Lthin:6.71E+06  itr/zn: 1.45  H2 itr/zn:  0.00  File Opacity: F  MassTot 1.30e-03  (gm/cm^2)
   Temps(21 cm)   T(21cm/Ly a)  5.94E+03        T(<nH/Tkin>)  1.00E+04          T(<nH/Tspin>)    6.37E+03          TB21cm:1.33E+01
                   N(H0/Tspin)  8.63E+16        N(OH/Tkin)    7.78E+07          B(21cm)          0.00E+00
   <a>:3.41E-12  erdeFe0.0E+00  Tcompt0.00E+00  Tthr2.62E+11  <Tden>: 1.00E+04  <dens>:7.07E-22  <MolWgt>1.29E+00
     Mean Jeans  l(cm)2.07E+20  M(sun)1.65E+06  smallest:     len(cm):2.07E+20  M(sun):1.64E+06  a_ox tran:  0.00
 Rion:1.000E+30  Dist:0.00E+00  Diam:0.000E+00
 Hatom level 70  HatomType: add  HInducImp  F  He tot level: 63  He2 level:   70  ExecTime    27.6
 ConvrgError(%)  <eden>  0.161  MaxEden  0.905  <H-C> 100.00  Max(H-C)  100.00  <Press>   0.000  MaxPrs er  0.000
  Continuity(%)  chng Te   0.0  elec den   1.1  n(H2)    0.0  n(CO)        5.6

                                                        Averaged Quantities
             Te      Te(Ne)   Te(NeNp)  Te(NeHe+)Te(NeHe2+) Te(NeO+)  Te(NeO2+)  Te(H2)     N(H)     Ne(O2+)   Ne(Np)
 Radius:  1.00e+04  1.00e+04  1.00e+04  1.00e+04  0.00e+00  1.00e+04  1.00e+04  1.00e+04  2.99e+02  2.27e-01  2.26e-01
 
 Peimbert T(OIIIr)0.00E+00 T(Bac)0.00E+00 T(Hth)7.04E+03 t2(Hstrc) 3.31e-32 T(O3-BAC)5.61E+03 t2(O3-BC)-1.51e-01 t2(O3str) 3.31e-32

 Contin Optical Depths: COMP: 2.76e-07    H-: 1.39e-04 R(1300): 3.69e-03  H2+: 9.49e-07  Bra:2.76E-07
                          Pa: 2.78e-07    Ba: 1.28e-04      Hb: 9.91e-05   La: 9.08e+00     1r:3.488E+03  1.8:1.09E+03 4.:1.645E+02

 Old, new H  1 continuum optical depths:
     1 1.00e+08     2 0.00e+00     3 0.00e+00     4 0.00e+00     5 0.00e+00     6 0.00e+00     7 0.00e+00     8 0.00e+00
     9 0.00e+00    10 0.00e+00    11 0.00e+00    12 0.00e+00    13 0.00e+00    14 0.00e+00    15 0.00e+00    16 0.00e+00
    17 0.00e+00    18 0.00e+00    19 0.00e+00    20 0.00e+00    21 0.00e+00    22 0.00e+00    23 0.00e+00    24 0.00e+00
    25 0.00e+00    26 0.00e+00    27 0.00e+00    28 0.00e+00    29 0.00e+00    30 0.00e+00    31 0.00e+00    32 0.00e+00
    33 0.00e+00    34 0.00e+00    35 0.00e+00    36 0.00e+00    37 0.00e+00    38 0.00e+00    39 0.00e+00    40 0.00e+00
    41 0.00e+00    42 0.00e+00    43 0.00e+00    44 0.00e+00    45 0.00e+00    46 0.00e+00    47 0.00e+00    48 0.00e+00
    49 0.00e+00    50 0.00e+00    51 0.00e+00    52 0.00e+00    53 0.00e+00    54 0.00e+00
     1 3.49e+03     2 7.15e-05     3 1.40e-04     4 1.40e-04     5 1.40e-04     6 3.63e-05     7 3.63e-05     8 3.63e-05
     9 3.63e-05    10 4.10e-18    11 4.10e-18    12 4.10e-18    13 4.10e-18    14 4.10e-18    15 5.89e-18    16 5.89e-18
    17 5.89e-18    18 5.89e-18    19 5.89e-18    20 5.89e-18    21 1.02e-17    22 1.02e-17    23 1.02e-17    24 1.02e-17
    25 1.02e-17    26 1.02e-17    27 1.02e-17    28 1.65e-17    29 1.65e-17    30 1.65e-17    31 1.65e-17    32 1.65e-17
    33 1.65e-17    34 1.65e-17    35 1.65e-17    36 2.53e-17    37 2.53e-17    38 2.53e-17    39 2.53e-17    40 2.53e-17
    41 2.53e-17    42 2.53e-17    43 2.53e-17    44 2.53e-17    45 3.69e-17    46 3.69e-17    47 3.69e-17    48 3.69e-17
    49 3.69e-17    50 3.69e-17    51 3.69e-17    52 3.69e-17    53 3.69e-17    54 3.69e-17

 Old, new H  1 mean line optical depths:
  2- 1 6.72e+07  3- 2 0.00e+00  4- 3 0.00e+00  5- 4 0.00e+00  6- 5 0.00e+00  7- 6 0.00e+00  8- 7 0.00e+00
  9- 8 0.00e+00 10- 9 0.00e+00 11-10 0.00e+00 12-11 0.00e+00 13-12 0.00e+00 14-13 0.00e+00 15-14 0.00e+00 16-15 0.00e+00
 17-16 0.00e+00 18-17 0.00e+00 19-18 0.00e+00 20-19 0.00e+00 21-20 0.00e+00 22-21 0.00e+00 23-22 0.00e+00 24-23 0.00e+00
 25-24 0.00e+00
  2- 1 5.74e+07  3- 2 1.49e-06  4- 3 2.00e-13  5- 4 1.06e-13  6- 5 2.54e-13  7- 6-7.07e-15  8- 7 9.01e-15
  9- 8 8.00e-14 10- 9 2.71e-13 11-10 1.16e-12 12-11 1.20e-14 13-12-2.79e-15 14-13-3.63e-14 15-14-1.03e-13 16-15-2.25e-13
 17-16-4.37e-13 18-17-7.95e-13 19-18-1.38e-12 20-19-2.32e-12 21-20-3.84e-12 22-21-6.43e-12 23-22-1.15e-11 24-23-2.66e-11
 25-24-7.62e-10

 Old, new He 2 continuum optical depths:
     1 3.43e+06     2 9.96e+07     3 0.00e+00     4 0.00e+00     5 0.00e+00     6 0.00e+00     7 0.00e+00     8 0.00e+00
     9 0.00e+00    10 0.00e+00    11 0.00e+00    12 0.00e+00    13 0.00e+00    14 0.00e+00    15 0.00e+00    16 0.00e+00
    17 0.00e+00    18 0.00e+00    19 0.00e+00    20 0.00e+00    21 0.00e+00    22 0.00e+00    23 0.00e+00    24 0.00e+00
    25 0.00e+00    26 0.00e+00    27 0.00e+00    28 0.00e+00    29 0.00e+00    30 0.00e+00    31 0.00e+00    32 0.00e+00
    33 0.00e+00    34 0.00e+00    35 0.00e+00    36 0.00e+00    37 0.00e+00    38 0.00e+00    39 0.00e+00    40 0.00e+00
    41 0.00e+00    42 0.00e+00    43 0.00e+00    44 0.00e+00    45 0.00e+00    46 0.00e+00    47 0.00e+00    48 0.00e+00
    49 0.00e+00    50 0.00e+00    51 0.00e+00    52 0.00e+00    53 0.00e+00    54 0.00e+00
     1 1.64e+02     2 3.47e+03     3 8.07e-05     4 8.07e-05     5 8.07e-05     6 7.15e-05     7 7.15e-05     8 7.15e-05
     9 7.15e-05    10 1.14e-04    11 1.14e-04    12 1.14e-04    13 1.14e-04    14 1.14e-04    15 1.40e-04    16 1.40e-04
    17 1.40e-04    18 1.40e-04    19 1.40e-04    20 1.40e-04    21 1.18e-04    22 1.18e-04    23 1.18e-04    24 1.18e-04
    25 1.18e-04    26 1.18e-04    27 1.18e-04    28 3.63e-05    29 3.63e-05    30 3.63e-05    31 3.63e-05    32 3.63e-05
    33 3.63e-05    34 3.63e-05    35 3.63e-05    36 2.66e-18    37 2.66e-18    38 2.66e-18    39 2.66e-18    40 2.66e-18
    41 2.66e-18    42 2.66e-18    43 2.66e-18    44 2.66e-18    45 4.10e-18    46 4.10e-18    47 4.10e-18    48 4.10e-18
    49 4.10e-18    50 4.10e-18    51 4.10e-18    52 4.10e-18    53 4.10e-18    54 4.10e-18

 Old, new He 2 mean line optical depths:
  2- 1 6.72e+06  3- 2 0.00e+00  4- 3 0.00e+00  5- 4 0.00e+00  6- 5 0.00e+00  7- 6 0.00e+00  8- 7 0.00e+00
  9- 8 0.00e+00 10- 9 0.00e+00 11-10 0.00e+00 12-11 0.00e+00 13-12 0.00e+00 14-13 0.00e+00 15-14 0.00e+00 16-15 0.00e+00
 17-16 0.00e+00 18-17 0.00e+00 19-18 0.00e+00 20-19 0.00e+00 21-20 0.00e+00 22-21 0.00e+00 23-22 0.00e+00 24-23 0.00e+00
 25-24 0.00e+00
  2- 1 0.00e+00  3- 2 0.00e+00  4- 3 0.00e+00  5- 4 0.00e+00  6- 5 0.00e+00  7- 6 0.00e+00  8- 7 0.00e+00
  9- 8 0.00e+00 10- 9 0.00e+00 11-10 0.00e+00 12-11 0.00e+00 13-12 0.00e+00 14-13 0.00e+00 15-14 0.00e+00 16-15 0.00e+00
 17-16 0.00e+00 18-17 0.00e+00 19-18 0.00e+00 20-19 0.00e+00 21-20 0.00e+00 22-21 0.00e+00 23-22 0.00e+00 24-23 0.00e+00
 25-24 0.00e+00

 Old He Is optical depths:    1 2.36e+07    2 0.00e+00    3 0.00e+00    4 0.00e+00    5 0.00e+00
 New He Is optical depths:    1 1.09e+03    2 4.68e-05    3 5.93e-05    4 6.63e-05    5 6.63e-05
          Old He Is Lines:  584 0.00e+00 3889 0.00e+00 5016 0.00e+00 5876 0.00e+00
          New He Is Lines:  584 3.65e+06 3889 7.47e-09 5016 1.27e-14 5876 4.31e-20
IC443 grid point v shock=47 km/s  


          Start Iteration Number 2                                            IC443 grid point v shock=47 km/s  


 ####  1  Te:1.000E+04 Hden:2.985E+02 Ne:1.652E-01 R:1.000E+30 R-R0:3.960E+11 dR:7.921E+11 NTR:  1 Htot:3.946E-26 T912: 1.50e-03###
 Hydrogen      1.00e+00 4.64e-04 H+o/Hden 1.00e+00 4.39e-09 H-    H2 4.23e-06 1.62e-10 H2+ HeH+ 2.46e-11 Ho+ ColD 2.36e+14 1.10e+11
 Helium        1.00e+00 2.30e-12 0.00e+00 HeI 2s3S 1.02e-15 Comp H,C 0.00e+00 0.00e+00 Fill Fac 1.00e+00 Gam1/tot 9.73e-08
 He singlet n  1.00e+00 5.20e-22 6.21e-30 2.38e-29 6.68e-31 3.01e-30 He tripl 1.02e-15 6.13e-28 3.94e-29 3.80e-29 1.70e-30
 Pressure      NgasTgas 3.29e+06 P(total) 4.54e-10 P( gas ) 4.54e-10 P(Radtn) 0.00e+00 Rad accl 0.00e+00 ForceMul 0.00e+00
 Texc(La)      2.29e+03 T(I con) 0.00e+00 T(D con) 4.58e-02 T(U tot) 4.58e-02 nT (c+d) 1.11e+04 Prad/Gas 0.00e+00 Pmag/Gas 0.00e+00
 Molecules     CH/Ctot: 2.46e-06 CH+/Ctot 2.22e-08 CO/Ctot: 5.30e-01 CO+/Ctot 2.56e-08 H2O/Otot 5.67e-12 OH/Ototl 1.79e-06
 Lithium       7.24e-03 9.93e-01 0.00e+00 0.00e+00 Berylliu 9.51e-01 4.88e-02 1.58e-08 0.00e+00 0.00e+00 sec ion: 0.00e+00
 Boron         4.91e-01 5.09e-01 2.77e-14 0.00e+00 0.00e+00 0.00e+00
 Carbon        4.64e-01 5.25e-03 1.46e-14 0.00e+00 0.00e+00 0.00e+00 0.00e+00 H2O+/O   5.09e-10 OH+/Otot 4.13e-06 Hex(tot) 0.00e+00
 Nitrogen      9.70e-01 5.17e-04 8.06e-20 0.00e+00 0.00e+00 0.00e+00 0.00e+00 0.00e+00 O2/Ototl 8.13e-11 O2+/Otot 1.13e-07
 Oxygen        7.35e-01 2.75e-04 2.93e-24 0.00e+00 0.00e+00 0.00e+00 0.00e+00 0.00e+00 0.00e+00
 Fluorine      7.98e-01 6.01e-06 1.91e-21 0.00e+00 0.00e+00 0.00e+00 0.00e+00 0.00e+00 0.00e+00 0.00e+00
 Neon          1.00e+00 3.71e-07 0.00e+00 0.00e+00 0.00e+00 0.00e+00 0.00e+00 0.00e+00 0.00e+00 0.00e+00 0.00e+00
 Sodium        1.59e-03 9.98e-01 5.04e-22 0.00e+00 0.00e+00 0.00e+00 0.00e+00 0.00e+00 0.00e+00 0.00e+00 0.00e+00 0.00e+00
 Magnesium     6.09e-02 9.39e-01 7.25e-05 0.00e+00 0.00e+00 0.00e+00 0.00e+00 0.00e+00 0.00e+00 0.00e+00 0.00e+00 0.00e+00 0.00e+00
 Aluminium  0  9.23e-04 9.99e-01 1.78e-07 0.00e+00 0.00e+00 0.00e+00 0.00e+00 0.00e+00 0.00e+00 0.00e+00 0.00e+00 0.00e+00 0.00e+00
 Silicon    0  1.12e-01 3.98e-01 2.98e-06 0.00e+00 0.00e+00 0.00e+00 0.00e+00 0.00e+00 0.00e+00 0.00e+00 0.00e+00 0.00e+00 0.00e+00
 Phosphorus 0  1.25e-03 9.99e-01 8.14e-10 0.00e+00 0.00e+00 0.00e+00 0.00e+00 0.00e+00 0.00e+00 0.00e+00 0.00e+00 0.00e+00 0.00e+00
 Sulphur    0  6.65e-02 9.57e-03 1.34e-12 0.00e+00 0.00e+00 0.00e+00 0.00e+00 0.00e+00 0.00e+00 0.00e+00 0.00e+00 0.00e+00 0.00e+00
 Chlorine   0  1.10e-02 9.89e-01 1.38e-09 0.00e+00 0.00e+00 0.00e+00 0.00e+00 0.00e+00 0.00e+00 0.00e+00 0.00e+00 0.00e+00 0.00e+00
 Argon      0  1.00e+00 2.93e-05 5.74e-17 0.00e+00 0.00e+00 0.00e+00 0.00e+00 0.00e+00 0.00e+00 0.00e+00 0.00e+00 0.00e+00 0.00e+00
 Potassium  0  3.83e-04 1.00e+00 1.19e-13 0.00e+00 0.00e+00 0.00e+00 0.00e+00 0.00e+00 0.00e+00 0.00e+00 0.00e+00 0.00e+00 0.00e+00
 Calcium    0  8.31e-03 9.82e-01 9.29e-03 0.00e+00 0.00e+00 0.00e+00 0.00e+00 0.00e+00 0.00e+00 0.00e+00 0.00e+00 0.00e+00 0.00e+00
 Scandium   0  4.30e-03 9.89e-01 6.48e-03 0.00e+00 0.00e+00 0.00e+00 0.00e+00 0.00e+00 0.00e+00 0.00e+00 0.00e+00 0.00e+00 0.00e+00
 Titanium   0  3.08e-04 9.99e-01 5.39e-04 0.00e+00 0.00e+00 0.00e+00 0.00e+00 0.00e+00 0.00e+00 0.00e+00 0.00e+00 0.00e+00 0.00e+00
 Vanadium   0  1.12e-02 9.89e-01 4.00e-05 0.00e+00 0.00e+00 0.00e+00 0.00e+00 0.00e+00 0.00e+00 0.00e+00 0.00e+00 0.00e+00 0.00e+00
 Chromium   0  1.82e-02 9.82e-01 1.33e-04 0.00e+00 0.00e+00 0.00e+00 0.00e+00 0.00e+00 0.00e+00 0.00e+00 0.00e+00 0.00e+00 0.00e+00
 Manganese  0  3.24e-04 1.00e+00 7.46e-05 0.00e+00 0.00e+00 0.00e+00 0.00e+00 0.00e+00 0.00e+00 0.00e+00 0.00e+00 0.00e+00 0.00e+00
 Iron       0  3.06e-04 1.00e+00 3.83e-05 0.00e+00 0.00e+00 0.00e+00 0.00e+00 0.00e+00 0.00e+00 0.00e+00 0.00e+00 0.00e+00 0.00e+00
 Cobalt     0  9.78e-02 9.02e-01 3.06e-07 0.00e+00 0.00e+00 0.00e+00 0.00e+00 0.00e+00 0.00e+00 0.00e+00 0.00e+00 0.00e+00 0.00e+00
 Nickel     0  4.16e-04 1.00e+00 1.23e-12 0.00e+00 0.00e+00 0.00e+00 0.00e+00 0.00e+00 0.00e+00 0.00e+00 0.00e+00 0.00e+00 0.00e+00
 Copper     0  2.05e-01 7.95e-01 1.77e-11 0.00e+00 0.00e+00 0.00e+00 0.00e+00 0.00e+00 0.00e+00 0.00e+00 0.00e+00 0.00e+00 0.00e+00
 Zinc       0  5.91e-01 4.09e-01 9.27e-08 0.00e+00 0.00e+00 0.00e+00 0.00e+00 0.00e+00 0.00e+00 0.00e+00 0.00e+00 0.00e+00 0.00e+00
 ####254  Te:1.000E+04 Hden:2.985E+02 Ne:2.420E-01 R:1.000E+30 R-R0:1.838E+18 dR:6.095E+15 NTR:  2 Htot:8.541E-26 T912: 3.49e+03###
 Hydrogen      9.99e-01 6.99e-04 H+o/Hden 1.00e+00 7.15e-09 H-    H2 5.31e-06 2.75e-10 H2+ HeH+ 4.17e-11 Ho+ ColD 5.49e+20 3.52e+17
 Helium        1.00e+00 6.11e-11 0.00e+00 HeI 2s3S 1.39e-15 Comp H,C 7.00e-34 2.41e-33 Fill Fac 1.00e+00 Gam1/tot 3.63e-05
 He singlet n  1.00e+00 7.88e-22 1.99e-27 3.31e-29 1.90e-29 4.12e-30 He tripl 1.39e-15 8.32e-28 5.35e-29 5.17e-29 2.34e-30
 Pressure      NgasTgas 3.29e+06 P(total) 4.54e-10 P( gas ) 4.54e-10 P(Radtn) 6.82e-16 Rad accl 9.44e-12 ForceMul 5.59e+05
 Texc(La)      3.01e+03 T(I con) 0.00e+00 T(D con) 1.77e+00 T(U tot) 1.77e+00 nT (c+d) 4.28e+05 Prad/Gas 1.50e-06 Pmag/Gas 0.00e+00
 Molecules     CH/Ctot: 6.61e-06 CH+/Ctot 4.05e-08 CO/Ctot: 8.04e-05 CO+/Ctot 2.87e-11 H2O/Otot 1.12e-11 OH/Ototl 3.04e-06
 Lithium       1.96e-03 9.98e-01 0.00e+00 0.00e+00 Berylliu 1.27e-01 8.73e-01 3.71e-07 0.00e+00 0.00e+00 sec ion: 0.00e+00
 Boron         9.73e-04 9.99e-01 7.37e-14 0.00e+00 0.00e+00 0.00e+00
 Carbon        9.97e-01 3.21e-03 1.28e-14 0.00e+00 0.00e+00 0.00e+00 0.00e+00 H2O+/O   4.49e-10 OH+/Otot 4.25e-06 Hex(tot) 0.00e+00
 Nitrogen      9.97e-01 8.73e-04 3.57e-18 0.00e+00 0.00e+00 0.00e+00 0.00e+00 0.00e+00 O2/Ototl 1.19e-10 O2+/Otot 1.08e-07
 Oxygen        9.99e-01 5.63e-04 8.13e-24 0.00e+00 0.00e+00 0.00e+00 0.00e+00 0.00e+00 0.00e+00
 Fluorine      9.72e-01 7.64e-06 3.02e-21 0.00e+00 0.00e+00 0.00e+00 0.00e+00 0.00e+00 0.00e+00 0.00e+00
 Neon          1.00e+00 3.22e-07 0.00e+00 0.00e+00 0.00e+00 0.00e+00 0.00e+00 0.00e+00 0.00e+00 0.00e+00 0.00e+00
 Sodium        1.78e-03 9.98e-01 6.61e-22 0.00e+00 0.00e+00 0.00e+00 0.00e+00 0.00e+00 0.00e+00 0.00e+00 0.00e+00 0.00e+00
 Magnesium     4.19e-02 9.58e-01 1.11e-04 0.00e+00 0.00e+00 0.00e+00 0.00e+00 0.00e+00 0.00e+00 0.00e+00 0.00e+00 0.00e+00 0.00e+00
 Aluminium  0  4.48e-04 1.00e+00 2.11e-07 0.00e+00 0.00e+00 0.00e+00 0.00e+00 0.00e+00 0.00e+00 0.00e+00 0.00e+00 0.00e+00 0.00e+00
 Silicon    0  6.00e-04 9.99e-01 1.13e-05 0.00e+00 0.00e+00 0.00e+00 0.00e+00 0.00e+00 0.00e+00 0.00e+00 0.00e+00 0.00e+00 0.00e+00
 Phosphorus 0  1.26e-03 9.99e-01 1.10e-09 0.00e+00 0.00e+00 0.00e+00 0.00e+00 0.00e+00 0.00e+00 0.00e+00 0.00e+00 0.00e+00 0.00e+00
 Sulphur    0  7.97e-01 2.03e-01 4.28e-10 0.00e+00 0.00e+00 0.00e+00 0.00e+00 0.00e+00 0.00e+00 0.00e+00 0.00e+00 0.00e+00 0.00e+00
 Chlorine   0  9.51e-03 9.90e-01 1.68e-09 0.00e+00 0.00e+00 0.00e+00 0.00e+00 0.00e+00 0.00e+00 0.00e+00 0.00e+00 0.00e+00 0.00e+00
 Argon      0  1.00e+00 5.10e-05 2.64e-15 0.00e+00 0.00e+00 0.00e+00 0.00e+00 0.00e+00 0.00e+00 0.00e+00 0.00e+00 0.00e+00 0.00e+00
 Potassium  0  4.20e-04 1.00e+00 1.52e-13 0.00e+00 0.00e+00 0.00e+00 0.00e+00 0.00e+00 0.00e+00 0.00e+00 0.00e+00 0.00e+00 0.00e+00
 Calcium    0  1.89e-03 9.89e-01 8.74e-03 0.00e+00 0.00e+00 0.00e+00 0.00e+00 0.00e+00 0.00e+00 0.00e+00 0.00e+00 0.00e+00 0.00e+00
 Scandium   0  1.43e-03 9.93e-01 6.07e-03 0.00e+00 0.00e+00 0.00e+00 0.00e+00 0.00e+00 0.00e+00 0.00e+00 0.00e+00 0.00e+00 0.00e+00
 Titanium   0  3.03e-04 9.99e-01 5.01e-04 0.00e+00 0.00e+00 0.00e+00 0.00e+00 0.00e+00 0.00e+00 0.00e+00 0.00e+00 0.00e+00 0.00e+00
 Vanadium   0  1.03e-02 9.90e-01 4.90e-05 0.00e+00 0.00e+00 0.00e+00 0.00e+00 0.00e+00 0.00e+00 0.00e+00 0.00e+00 0.00e+00 0.00e+00
 Chromium   0  1.61e-03 9.98e-01 2.04e-04 0.00e+00 0.00e+00 0.00e+00 0.00e+00 0.00e+00 0.00e+00 0.00e+00 0.00e+00 0.00e+00 0.00e+00
 Manganese  0  3.23e-04 1.00e+00 1.12e-04 0.00e+00 0.00e+00 0.00e+00 0.00e+00 0.00e+00 0.00e+00 0.00e+00 0.00e+00 0.00e+00 0.00e+00
 Iron       0  2.89e-04 1.00e+00 5.77e-05 0.00e+00 0.00e+00 0.00e+00 0.00e+00 0.00e+00 0.00e+00 0.00e+00 0.00e+00 0.00e+00 0.00e+00
 Cobalt     0  1.30e-02 9.87e-01 5.03e-07 0.00e+00 0.00e+00 0.00e+00 0.00e+00 0.00e+00 0.00e+00 0.00e+00 0.00e+00 0.00e+00 0.00e+00
 Nickel     0  4.01e-04 1.00e+00 1.67e-12 0.00e+00 0.00e+00 0.00e+00 0.00e+00 0.00e+00 0.00e+00 0.00e+00 0.00e+00 0.00e+00 0.00e+00
 Copper     0  2.94e-02 9.71e-01 2.97e-11 0.00e+00 0.00e+00 0.00e+00 0.00e+00 0.00e+00 0.00e+00 0.00e+00 0.00e+00 0.00e+00 0.00e+00
 Zinc       0  3.61e-02 9.64e-01 2.83e-07 0.00e+00 0.00e+00 0.00e+00 0.00e+00 0.00e+00 0.00e+00 0.00e+00 0.00e+00 0.00e+00 0.00e+00
   IC443 grid point v shock=47 km/s  
   Calculation stopped because H column dens reached. Iteration 2 of 2
   The geometry is plane-parallel.
  !Ionization rate fell below background cosmic ray ionization rate.  Should this be added too?
  !   Use the COSMIC RAY BACKGROUND command.
  !Compton cooling rate underflows to zero.  Is this important?
  !Some input lines contained underscores, these were changed to spaces.
  !There is no hydrogen-ionizing radiation.  Was this intended?
  !Thermal collisional ionization of H reached 82.67% of the local ionization rate.
  !Charge transfer H => H+ reached 85873.7% of the local H ionization rate.
  !Charge transfer heating reached 102.23% of the local heating.
  !Continuum zero at some energies.
  !AGE: Cloud age was not set.  Longest timescale was 2.51e+13 s = 7.97e+05 years.
  !Heating - cooling mismatch =200.0%. Caused by constant temperature assumption. 
  !Mutual neutralization production of H-alpha was significant.
  !Incident radiation field energy density is less than 2.7K.  Add background with CMB command.
  !The CMB was not included.  This is added with the CMB command.
  !The intensity of the incident radiation field is less than 10 times the Habing diffuse ISM field.  Is this OK?
  !   Consider adding diffuse ISM emission with TABLE ISM command.
  !An ionization jump occurred elem S  1, by 185% from 6.65e-02 (zone 1) to 3.64e-01 (zone 2) to 6.75e-01 (zone 3)
   The density is too low to l-mix the lowest H  I collapsed level.  More resolved levels are needed for accurate line ratios.
   The density is too low to l-mix the lowest He I collapsed level.  More resolved levels are needed for accurate line ratios.
   Grains were not present but might survive in this environment (energy density temperature was 0.00e+00K)
   The local H2 cooling rate reached 3.3% of the local cooling.
   H- absorption heating was 31.6% of the total.
   The fraction of N in N2 reached 0.140% at some point in the cloud.
   The fraction of F in HF reached 2.84% at some point in the cloud.

                       *********************************> Cloudy 23.01 <**********************************
                       * title IC443 grid point v shock=47 km/s                                          *
                       * hden 2.4750                                                                     *
                       * constant temperature, t=10000 K linear                                          *
                       * stop column density 20.74                                                       *
                       * iterate                                                                         *
                       * save results last "v47.rlt"                                                     *
                       *********************************> Log(U):-37.00 <*********************************

                     Emission Line Spectrum.   Constant  Density Model.    Open geometry.  Iteration 2 of 2.
                                                     Intensity (erg/s/cm^2).


                                                   Intrinsic line intensities
general properties.............................      Co 2                15.4548m   -7.957    0.0139      Fe 2                1.11648m   -8.887    0.0016
TotH                      0    -6.834    0.1838      Co 2                2.98382m   -6.557    0.3477      Fe 2                5048.19A   -8.738    0.0023
TotC                      0    -2.306 6207.9360      Co 2                14.7345m   -7.601    0.0315      Fe 2                1.71482m   -8.322    0.0060
TotM                      0    -7.496    0.0400      Co 2                18.7989m   -8.120    0.0095      Fe 2                9949.21A   -8.654    0.0028
CT H                      0    -7.169    0.0851      Co 2                25.6819m   -8.808    0.0020      Fe 2                7975.22A   -8.837    0.0018
H  1c                     0    -3.192  805.7469      Co 2                1.01879m   -7.286    0.0650      Fe 2                1.47063m   -9.092    0.0010
NOc                       0    -8.611    0.0031      Co 2                1.12804m   -8.257    0.0069      Fe 2                1.01273m   -8.768    0.0021
CNc                       0    -7.522    0.0377      Co 2                1.54700m   -7.531    0.0369      Fe 2                6353.11A   -8.889    0.0016
OHc                       0    -8.372    0.0053      Co 2                1.72847m   -8.527    0.0037      Fe 2                1.80228m   -8.990    0.0013
HFc                       0    -8.284    0.0065      Co 2                1.90349m   -8.367    0.0054      Fe 2                1.00387m   -8.918    0.0015
COc                       0    -5.042   11.3868      Co 2                1.02452m   -8.092    0.0101      Fe 2                9469.41A   -8.802    0.0020
^13COc                    0    -6.562    0.3436      Co 2                1.09726m   -8.720    0.0024      Fe 2                9384.77A   -8.293    0.0064
SiSc                      0    -9.054    0.0011      Co 2                1.49674m   -8.957    0.0014      Fe 2                2.39329m   -8.343    0.0057
OH+c                      0    -8.302    0.0063      Co 2                1.62622m   -8.945    0.0014      Fe 2                4825.73A   -7.768    0.0214
CHc                       0    -8.531    0.0037      Co 2                1.73616m   -8.651    0.0028      Fe 2                2.50030m   -8.680    0.0026
CHc                       0    -8.121    0.0095      Co 2                1.02803m   -8.690    0.0026      Fe 2                4867.73A   -8.810    0.0019
Al 1c                     0    -8.885    0.0016      Co 2                8580.39A   -8.746    0.0023      Fe 2                2.59860m   -9.063    0.0011
C  1c                     0    -3.565  341.3044      Co 2                9342.40A   -7.442    0.0454      Fe 2                4903.85A   -8.261    0.0069
C  2c                     0    -5.566    3.4082      Co 2                9943.48A   -7.789    0.0204      Fe 2                1.04657m   -9.096    0.0010
Ca 1c                     0    -7.113    0.0967      Co 2                7539.01A   -8.110    0.0097      Fe 2                3.58120m   -8.687    0.0026
Cl 1c                     0    -7.442    0.0453      Co 2                8121.00A   -7.822    0.0189      Fe 2                3.15558m   -8.718    0.0024
Co 2c                     0    -6.207    0.7784      Co 2                8571.41A   -8.429    0.0047      Fe 2                5171.63A   -8.070    0.0107
Cr 2c                     0    -5.777    2.0949      Co 2                6.21176m   -9.071    0.0011      Fe 2                5169.03A   -7.313    0.0611
Cu 1c                     0    -9.033    0.0012      Co 2                8027.34A   -8.288    0.0065      Fe 2                5018.44A   -9.039    0.0011
Fe 1c                     0    -6.616    0.3036      Co 2                8467.14A   -8.701    0.0025      Fe 2                6044.54A   -8.514    0.0038
Fe 2c                     0    -3.473  421.7859      Co 2                8333.76A   -8.469    0.0043      Fe 2                5316.61A   -9.002    0.0012
Fe 3c                     0    -8.318    0.0060      Cr 2                8000.08A   -6.281    0.6575      Fe 3                22.9190m   -9.035    0.0012
K  1c                     0    -8.657    0.0028      Cr 2                8125.30A   -6.354    0.5547      Fe 3                4985.87A   -8.897    0.0016
Mg 1c                     0    -5.073   10.6062      Cr 2                8229.67A   -6.449    0.4464      K  1                7664.90A   -8.833    0.0018
Mn 2c                     0    -6.216    0.7622      Cr 2                8308.49A   -6.636    0.2901      Mg 1                2025.82A   -8.182    0.0083
N  1c                     0    -4.385   51.6631      Cr 2                8357.64A   -6.934    0.1462      Mg 1                2852.13A   -5.588    3.2416
Na 1c                     0    -7.319    0.0602      Fe 1                24.0358m   -6.716    0.2413      Mg 1                3832.30A   -8.660    0.0027
Ni 1c                     0    -7.657    0.0277      Fe 1                34.7038m   -7.304    0.0623      Mg 1                3838.29A   -8.243    0.0072
O  1c                     0    -2.698 2512.5576      Fe 2                25.9813m   -4.647   28.3012      Mg 1                4562.60A   -5.394    5.0657
O  2c                     0    -6.866    0.1709      Fe 2                5.33871m   -4.124   94.2553      Mg 1                4571.10A   -5.832    1.8460
P  2c                     0    -5.459    4.3588      Fe 2                4.11387m   -6.487    0.4090      Mg 1                4575.29A   -6.760    0.2179
S  1c                     0    -5.314    6.0842      Fe 2                1.25668m   -5.396    5.0434      Mg 1                5167.32A   -7.919    0.0151
S  2c                     0    -4.472   42.3316      Fe 2                1.19129m   -8.181    0.0083      Mg 1                5172.68A   -7.445    0.0451
Sc 2c                     0    -7.499    0.0398      Fe 2                6309.53A   -9.026    0.0012      Mg 1                5183.60A   -7.224    0.0749
Si 1c                     0    -7.292    0.0640      Fe 2                4799.30A   -8.924    0.0015      Mg 1                8806.76A   -7.502    0.0395
Si 2c                     0    -2.940 1439.6455      Fe 2                4704.22A   -8.149    0.0089      Mg 1                1.18282m   -7.670    0.0268
Zn 2c                     0    -7.781    0.0208      Fe 2                4632.28A   -6.356    0.5531      Mg 1                1.50250m   -8.485    0.0041
Al 2c                     0    -5.295    6.3606      Fe 2                4604.48A   -8.139    0.0091      Mg 1                1.50402m   -8.929    0.0015
Ca 2c                     0    -4.028  117.7405      Fe 2                4416.27A   -6.337    0.5773      Mg 1                1.71087m   -8.192    0.0081
Cl 2c                     0    -5.851    1.7672      Fe 2                4382.74A   -7.307    0.0619      Mn 2                2576.10A   -6.599    0.3159
Mg 2c                     0    -3.795  200.9829      Fe 2                4287.39A   -5.375    5.2957      Mn 2                2593.72A   -6.692    0.2547
N  2c                     0    -7.021    0.1195      Fe 2                3931.44A   -8.969    0.0013      Mn 2                2605.68A   -6.833    0.1845
Ni 2c                     0    -4.834   18.3815      Fe 2                3874.07A   -8.600    0.0032      Mn 2                3438.97A   -8.347    0.0056
continua.......................................      Fe 2                3175.38A   -7.186    0.0818      Mn 2                3460.03A   -8.928    0.0015
Bac                 3646.00A   -6.726    0.2356      Fe 2                2599.40A   -7.827    0.0187      N  1                1134.17A   -9.054    0.0011
nFnu                3645.00A   -4.184   82.2049      Fe 2                2585.88A   -8.870    0.0017      N  1                1134.41A   -8.847    0.0018
nFnu                3647.00A   -4.185   81.9693      Fe 2                2382.04A   -5.964    1.3640      N  1                1134.98A   -8.742    0.0023
cout                3646.00A   -7.027    0.1178      Fe 2                2343.50A   -8.663    0.0027      N  1                1199.55A   -8.256    0.0070
cref                3646.00A   -7.027    0.1178      Fe 2                35.3391m   -5.308    6.1683      N  1                1200.22A   -8.428    0.0047
thin                3646.00A   -6.726    0.2356      Fe 2                6.71944m   -5.264    6.8333      N  1                1200.71A   -8.730    0.0023
Ba C                      0    -7.480    0.0415      Fe 2                4.88781m   -6.150    0.8878      N  1                3466.50A   -6.731    0.2331
PA C                      0    -7.897    0.0159      Fe 2                4.07521m   -6.972    0.1339      N  1                3466.54A   -7.404    0.0495
FIR                 83.0000m   -2.698 2514.8655      Fe 2                1.32055m   -5.892    1.6080      N  1                5197.90A   -4.800   19.8887
TIR                 1800.00m   -4.741   22.7741      Fe 2                1.24854m   -6.926    0.1487      N  1                5200.26A   -4.623   29.8551
NIRa                2.85000m   -2.773 2115.8184      Fe 2                1.20512m   -8.738    0.0023      N  1                1.03977m   -6.235    0.7295
NIRb                3.00000m   -3.935  145.5592      Fe 2                7637.52A   -6.196    0.7989      N  1                1.03982m   -6.758    0.2189
MIRa                15.0000m   -4.030  117.1101      Fe 2                7523.28A   -8.243    0.0072      N  1                1.04072m   -6.583    0.3274
MIRb                22.5000m   -2.898 1584.8966      Fe 2                4889.62A   -6.220    0.7567      N  1                1.04076m   -6.571    0.3368
NMIR                21.7500m   -2.773 2115.8184      Fe 2                4750.27A   -8.951    0.0014      Na 1                5889.95A   -7.619    0.0302
TFIR                611.250m   -3.593  319.9722      Fe 2                4716.37A   -7.233    0.0733      Na 1                5895.92A   -7.619    0.0302
TALL                10000.0A   -2.314 6086.0161      Fe 2                4687.56A   -7.437    0.0459      Ni 1                7.50454m   -7.657    0.0277
F12                 12.0000m   -5.933    1.4622      Fe 2                4492.64A   -7.207    0.0780      O  1                1304.86A   -7.361    0.0546
F25                 25.0000m   -4.544   35.8775      Fe 2                4457.95A   -6.605    0.3116      O  1                1306.03A   -7.793    0.0202
F60                 60.0000m   -2.753 2215.2173      Fe 2                4432.45A   -7.399    0.0501      O  1                1355.60A   -7.411    0.0487
F100                100.000m   -5.755    2.2050      Fe 2                4359.33A   -5.505    3.9195      O  1                1358.51A   -7.842    0.0181
MIPS                24.0000m   -4.544   35.8723      Fe 2                3224.54A   -8.282    0.0066      O  1                2972.29A   -6.883    0.1642
MIPS                70.0000m   -2.754 2211.8494      Fe 2                3214.67A   -7.700    0.0250      O  1                5577.34A   -5.933    1.4623
MIPS                160.000m   -3.777  209.6724      Fe 2                2625.67A   -4.661   27.3802      O  1                6300.30A   -4.238   72.5416
IRAC                3.60000m   -7.157    0.0874      Fe 2                2611.87A   -5.394    5.0587      O  1                6363.78A   -4.733   23.1734
IRAC                4.50000m   -5.837    1.8278      Fe 2                2598.37A   -6.626    0.2970      O  1                6391.73A   -8.062    0.0109
IRAC                5.80000m   -4.123   94.4072      Fe 2                2395.63A   -5.670    2.6800      O  1                44.0453m   -8.385    0.0052
IRAC                8.00000m   -5.131    9.2814      Fe 2                2388.63A   -6.721    0.2382      O  1                63.1679m   -2.754 2210.6843
SPR1                250.000m   -5.859    1.7351      Fe 2                2383.06A   -8.623    0.0030      O  1                145.495m   -3.788  204.3734
SPR2                350.000m   -4.181   82.7159      Fe 2                2364.83A   -6.067    1.0756      O  2                2470.34A   -8.892    0.0016
SPR3                500.000m   -6.056    1.1021      Fe 2                2332.80A   -7.150    0.0887      O  2                7319.99A   -9.086    0.0010
PAC1                70.0000m   -2.754 2212.7183      Fe 2                2279.91A   -8.705    0.0025      O  2                3728.81A   -7.099    0.0998
PAC2                100.000m   -5.754    2.2081      Fe 2                51.2868m   -5.826    1.8708      O  2                3726.03A   -7.276    0.0665
PAC3                160.000m   -3.775  210.8468      Fe 2                5.67236m   -6.962    0.1370      P  2                60.6263m   -6.197    0.7964
PAH                 3.30000m   -7.963    0.0137      Fe 2                4.60641m   -6.771    0.2125      P  2                1532.53A   -8.762    0.0022
PAHC                3.23000m   -8.242    0.0072      Fe 2                4.08085m   -7.517    0.0381      P  2                32.8620m   -6.300    0.6290
PAHC                3.37000m   -8.233    0.0073      Fe 2                1.37181m   -6.136    0.9178      P  2                1.14682m   -6.217    0.7613
PAH                 6.20000m   -8.010    0.0123      Fe 2                1.29427m   -6.712    0.2436      P  2                4669.25A   -7.882    0.0165
PAHC                5.65000m   -6.920    0.1508      Fe 2                7806.23A   -7.969    0.0135      P  2                2195.57A   -8.161    0.0087
PAH                 7.90000m   -7.490    0.0406      Fe 2                7686.93A   -6.274    0.6682      P  2                1536.42A   -8.686    0.0026
PAHC                6.90000m   -5.133    9.2355      Fe 2                7552.40A   -8.753    0.0022      P  2                1535.92A   -8.594    0.0032
PAH                 11.3000m   -7.419    0.0478      Fe 2                4958.23A   -8.070    0.0107      P  2                1.18828m   -5.794    2.0178
PAHC                10.9000m   -7.012    0.1219      Fe 2                4750.57A   -8.067    0.0107      P  2                2210.34A   -7.708    0.0246
PAH                 11.8000m   -8.697    0.0025      Fe 2                4728.07A   -6.868    0.1700      P  2                1542.30A   -8.883    0.0016
PAHC                12.6500m   -6.760    0.2178      Fe 2                4514.90A   -7.230    0.0738      P  2                7875.99A   -7.134    0.0922
PAH                 13.3000m   -8.674    0.0027      Fe 2                4488.75A   -6.950    0.1408      S  1                1483.04A   -8.735    0.0023
PAHC                14.1000m   -6.420    0.4765      Fe 2                4470.30A   -8.153    0.0088      S  1                1820.34A   -7.420    0.0477
Bcon                3640.00A   -3.078 1047.7065      Fe 2                4413.78A   -5.656    2.7672      S  1                1826.24A   -7.903    0.0157
Pcon                5000.00A   -3.497  399.4083      Fe 2                3254.24A   -7.760    0.0218      S  1                25.2421m   -5.364    5.4241
O3bn                5007.00A   -5.358    5.4959      Fe 2                3244.18A   -8.054    0.0111      S  1                56.2957m   -6.323    0.5957
HFFc                      0    -6.247    0.7107      Fe 2                2631.32A   -5.626    2.9660      S  2                6730.82A   -4.894   15.9965
H FF                      0    -7.846    0.0179      Fe 2                2617.62A   -7.071    0.1066      S  2                6716.44A   -4.733   23.1922
MeFB                      0    -8.253    0.0070      Fe 2                2607.09A   -6.957    0.1385      S  2                4076.35A   -6.442    0.4529
MeFF                      0    -8.605    0.0031      Fe 2                2404.89A   -6.656    0.2767      S  2                4068.60A   -5.951    1.4034
ToFF                      0    -7.776    0.0210      Fe 2                2399.24A   -7.478    0.0417      S  2                1.03364m   -6.581    0.3294
Mion                      0    -7.244    0.0715      Fe 2                2395.42A   -8.474    0.0042      S  2                1.02867m   -6.577    0.3319
nFnu                122.400m   -8.776    0.0021      Fe 2                2380.76A   -5.477    4.1803      S  2                1.03705m   -6.902    0.1570
nFnu                60.8322m   -8.402    0.0050      Fe 2                2348.30A   -7.217    0.0761      S  2                1.03205m   -6.444    0.4515
nFnu                41.2152m   -8.188    0.0081      Fe 2                2327.40A   -7.807    0.0196      S  2                1259.52A   -8.213    0.0077
nFnu                30.8695m   -8.026    0.0118      Fe 2                87.3597m   -6.528    0.3715      S  2                1253.81A   -8.291    0.0064
nFnu                24.7829m   -7.902    0.0157      Fe 2                5.06097m   -7.429    0.0467      S  2                1250.58A   -8.601    0.0031
nFnu                24.2998m   -7.890    0.0161      Fe 2                4.43363m   -7.347    0.0564      Sc 2                4246.82A   -8.652    0.0028
nFnu                22.8302m   -7.856    0.0175      Fe 2                1.40951m   -8.757    0.0022      Sc 2                7043.49A   -8.423    0.0047
nFnu                21.4199m   -7.819    0.0190      Fe 2                1.32777m   -6.895    0.1597      Sc 2                8261.17A   -8.938    0.0014
nFnu                21.1235m   -7.810    0.0194      Fe 2                1.27877m   -6.952    0.1401      Sc 2                8271.28A   -8.824    0.0019
nFnu                19.6199m   -7.767    0.0215      Fe 2                1.25214m   -7.992    0.0128      Sc 2                8326.62A   -9.077    0.0010
nFnu                17.6534m   -7.706    0.0247      Fe 2                7926.88A   -8.230    0.0074      Sc 2                8347.28A   -8.643    0.0029
nFnu                17.3700m   -7.696    0.0253      Fe 2                7803.89A   -7.970    0.0134      Sc 2                8384.33A   -8.955    0.0014
nFnu                15.6901m   -7.634    0.0291      Fe 2                7665.28A   -7.223    0.0750      Sc 2                1.07804m   -9.021    0.0012
nFnu                14.6036m   -7.592    0.0321      Fe 2                5006.63A   -7.370    0.0535      Sc 2                2.03194m   -8.559    0.0035
nFnu                12.4300m   -7.490    0.0406      Fe 2                4772.06A   -8.183    0.0082      Sc 2                2.04712m   -8.906    0.0016
nFnu                11.4000m   -7.436    0.0460      Fe 2                4639.67A   -7.867    0.0170      Sc 2                2.07591m   -8.550    0.0035
nFnu                10.4600m   -7.379    0.0524      Fe 2                4528.39A   -7.478    0.0417      Sc 2                2.07842m   -8.384    0.0052
nFnu                9.48002m   -7.315    0.0607      Fe 2                4509.61A   -7.826    0.0187      Sc 2                2.08152m   -8.653    0.0028
nFnu                9.32488m   -7.304    0.0623      Fe 2                4452.10A   -5.849    1.7768      Sc 2                2.11129m   -8.827    0.0019
nFnu                8.21035m   -7.217    0.0762      Fe 2                3277.55A   -7.984    0.0130      Sc 2                2.12445m   -8.825    0.0019
nFnu                7.58000m   -7.160    0.0867      Fe 2                3277.12A   -8.888    0.0016      Si 1                2211.75A   -8.999    0.0013
nFnu                7.05026m   -7.107    0.0982      Fe 2                3275.02A   -8.060    0.0109      Si 1                2519.20A   -8.396    0.0050
nFnu                4.11370m   -6.668    0.2694      Fe 2                2631.05A   -6.803    0.1974      Si 1                2528.51A   -8.177    0.0083
nFnu                2.32440m   -6.113    0.9677      Fe 2                2620.41A   -8.681    0.0026      Si 1                68.4548m   -7.683    0.0260
nFnu                1.64313m   -5.746    2.2508      Fe 2                2613.82A   -7.576    0.0333      Si 1                129.641m   -7.753    0.0221
nFnu                1.48022m   -5.631    2.9345      Fe 2                2410.52A   -7.449    0.0446      Si 2                34.8046m   -2.944 1425.6741
nFnu                1.43649m   -5.596    3.1799      Fe 2                2406.66A   -7.717    0.0241      Si 2                2334.41A   -6.102    0.9923
nFnu                1.11867m   -5.316    6.0534      Fe 2                2404.43A   -8.534    0.0037      Si 2                2328.52A   -6.711    0.2440
nFnu                8329.68A   -5.000   12.5498      Fe 2                2359.11A   -7.525    0.0374      Si 2                1808.01A   -6.127    0.9354
nFnu                8078.61A   -4.968   13.5123      Fe 2                2338.01A   -7.591    0.0322      Si 2                1526.71A   -9.016    0.0012
nFnu                6209.66A   -4.700   25.0557      Fe 2                4.67067m   -7.972    0.0134      Si 2                1260.42A   -8.205    0.0078
nFnu                4885.36A   -4.464   43.1192      Fe 2                1.29777m   -7.283    0.0654      Si 2                2350.17A   -5.960    1.3741
nFnu                3704.34A   -4.199   79.2855      Fe 2                1.27034m   -7.155    0.0878      Si 2                2344.20A   -5.562    3.4384
nFnu                3587.67A   -4.170   84.7865      Fe 2                7999.47A   -8.977    0.0013      Si 2                2334.60A   -5.668    2.6923
nFnu                2430.05A   -3.818  190.9366      Fe 2                7874.24A   -7.324    0.0594      Si 2                1817.45A   -6.046    1.1276
nFnu                2392.03A   -3.803  197.2616      Fe 2                7733.14A   -7.871    0.0169      Si 2                1816.93A   -5.706    2.4669
nFnu                2071.34A   -3.685  259.1649      Fe 2                4798.28A   -7.733    0.0232      Si 2                1533.43A   -6.506    0.3909
nFnu                2052.68A   -3.677  263.8951      Fe 2                4664.45A   -8.381    0.0052      Si 2                1309.28A   -7.284    0.0652
nFnu                1793.44A   -3.580  329.7486      Fe 2                4533.01A   -8.373    0.0053      Si 2                1265.00A   -7.082    0.1039
nFnu                1585.12A   -3.514  383.8598      Fe 2                4474.90A   -6.161    0.8655      Si 2                1264.74A   -7.501    0.0396
nFnu                1458.33A   -3.508  389.8085      Fe 2                3289.89A   -8.369    0.0054      Si 2                1197.39A   -7.391    0.0510
nFnu                1356.96A   -3.548  355.2807      Fe 2                3289.46A   -8.149    0.0089      Si 2                1194.50A   -7.612    0.0306
nFnu                1297.29A   -3.660  274.2016      Fe 2                2628.29A   -7.263    0.0685      Si 2                3862.60A   -8.696    0.0025
nFnu                1262.79A   -3.838  182.1094      Fe 2                2621.67A   -8.160    0.0087      Si 2                3856.02A   -8.669    0.0027
nFnu                1218.08A   -7.989    0.0129      Fe 2                2413.31A   -7.966    0.0136      Si 2                6371.37A   -8.613    0.0031
nFnu                1196.33A   -7.447    0.0449      Fe 2                2411.07A   -7.974    0.0133      Si 2                6347.11A   -8.535    0.0037
nFnu                1175.06A   -7.393    0.0508      Fe 2                2344.28A   -7.683    0.0261      Zn 2                2062.00A   -8.193    0.0080
nFnu                1143.64A   -7.516    0.0382      Fe 2                17.9311m   -5.112    9.6898      Zn 2                2025.48A   -7.958    0.0138
nFnu                1113.22A   -7.630    0.0294      Fe 2                1.64355m   -4.218   75.9586      Al 2                2669.15A   -5.744    2.2632
nFnu                1103.23A   -7.659    0.0275      Fe 2                1.53348m   -5.343    5.6945      Al 2                2660.35A   -5.570    3.3768
nFnu                1073.86A   -8.224    0.0075      Fe 2                8616.95A   -5.606    3.1044      Al 2                1670.79A   -6.239    0.7230
nFnu                1064.34A   -8.266    0.0068      Fe 2                7155.17A   -5.735    2.3097      Al 2                3900.67A   -8.979    0.0013
nFnu                1035.92A   -8.380    0.0052      Fe 2                6896.17A   -7.187    0.0816      Ca 2                7323.89A   -4.512   38.5597
nFnu                1000.00A   -8.541    0.0036      Fe 2                5413.37A   -7.645    0.0284      Ca 2                7291.47A   -4.345   56.7098
nFnu                925.144A   -8.508    0.0039      Fe 2                5280.27A   -8.181    0.0083      Ca 2                3968.47A   -6.555    0.3499
RRC............................................      Fe 2                5273.36A   -5.734    2.3159      Ca 2                8662.14A   -5.242    7.1788
H  1                3645.98A   -7.902    0.0157      Fe 2                5158.79A   -5.123    9.4575      Ca 2                3933.66A   -6.531    0.3695
H  1                3645.98A   -7.556    0.0349      Fe 2                5111.64A   -6.030    1.1718      Ca 2                8498.02A   -5.934    1.4600
H  1                8203.57A   -8.637    0.0029      Fe 2                5072.41A   -5.775    2.1052      Ca 2                8542.09A   -4.987   12.9168
H  1                8203.57A   -8.243    0.0072      Fe 2                5039.10A   -7.210    0.0774      Ca 2                3706.02A   -7.608    0.0310
H  1                8203.57A   -8.346    0.0057      Fe 2                4814.54A   -6.079    1.0454      Ca 2                3736.90A   -7.311    0.0613
H  1                1.45842m   -8.723    0.0024      Fe 2                4774.73A   -6.519    0.3796      Ca 2                3158.87A   -7.630    0.0294
H  1                1.45842m   -8.719    0.0024      Fe 2                4745.49A   -7.571    0.0337      Ca 2                3181.27A   -8.335    0.0058
H  1                1.45842m   -9.060    0.0011      Fe 2                4661.78A   -8.669    0.0027      Ca 2                3179.33A   -7.380    0.0523
H  1                2.27878m   -9.080    0.0010      Fe 2                4243.97A   -5.449    4.4611      Ca 2                1.19497m   -9.046    0.0011
H  1                2.27878m   -9.044    0.0011      Fe 2                4177.20A   -6.539    0.3627      Ca 2                1.18390m   -8.745    0.0023
Al 1                2070.66A   -9.054    0.0011      Fe 2                4146.65A   -8.114    0.0096      Ca 2                1838.01A   -8.567    0.0034
Si 1                1520.96A   -8.061    0.0109      Fe 2                4114.48A   -8.453    0.0044      Ca 2                1840.03A   -8.411    0.0049
S  1                1196.76A   -8.797    0.0020      Fe 2                3929.35A   -8.706    0.0025      Ca 2                2112.76A   -9.039    0.0011
grains.........................................      Fe 2                3387.09A   -6.954    0.1394      Cl 2                14.3639m   -6.422    0.4750
H-like iso-sequence............................      Fe 2                3376.20A   -6.157    0.8745      Cl 2                33.2721m   -7.502    0.0395
Cool                1215.67A   -3.413  485.0619      Fe 2                2732.45A   -7.269    0.0675      Cl 2                8578.70A   -6.110    0.9743
Crst                960.000A   -3.592  320.6850      Fe 2                2493.30A   -4.855   17.5095      Cl 2                9123.60A   -6.695    0.2535
CION                      0    -5.653    2.7870      Fe 2                2484.20A   -8.423    0.0047      Cl 2                3677.85A   -8.032    0.0116
Dest                1215.67A   -8.920    0.0015      Fe 2                2360.00A   -6.838    0.1821      Cl 2                6161.84A   -7.986    0.0130
Ca B                1215.67A   -6.476    0.4195      Fe 2                2348.12A   -6.905    0.1560      Mg 2                2802.71A   -4.270   67.3468
CaBo                4861.32A   -8.009    0.0123      Fe 2                2331.31A   -8.541    0.0036      Mg 2                2795.53A   -3.974  133.2622
Ca A                1215.67A   -6.666    0.2704      Fe 2                24.5126m   -5.812    1.9343      Mg 2                2936.52A   -7.201    0.0790
Ca A                1025.72A   -7.313    0.0610      Fe 2                1.80940m   -4.819   19.0477      Mg 2                2928.64A   -7.503    0.0394
Ca A                972.537A   -7.724    0.0237      Fe 2                1.67688m   -5.768    2.1384      Mg 2                2797.93A   -7.941    0.0144
Ca A                949.743A   -8.027    0.0118      Fe 2                1.59948m   -5.676    2.6477      Mg 2                2790.77A   -7.239    0.0724
Ca A                937.803A   -8.270    0.0067      Fe 2                9051.95A   -5.448    4.4727      Mg 2                2798.00A   -6.986    0.1296
Ca A                930.748A   -8.472    0.0042      Fe 2                8891.93A   -5.873    1.6826      Mg 2                9244.22A   -9.058    0.0011
Ca A                926.226A   -8.646    0.0028      Fe 2                7452.56A   -6.227    0.7441      Mg 2                9218.22A   -8.762    0.0022
Ca A                923.150A   -8.798    0.0020      Fe 2                7172.00A   -6.142    0.9038      N  2                205.283m   -8.296    0.0063
Ca A                920.963A   -8.935    0.0015      Fe 2                6275.53A   -8.100    0.0100      N  2                121.769m   -8.515    0.0038
Ca A                919.351A   -9.058    0.0011      Fe 2                5527.36A   -6.716    0.2410      N  2                6548.05A   -7.667    0.0270
Ca A                6562.80A   -7.736    0.0231      Fe 2                5440.48A   -8.474    0.0042      N  2                6583.45A   -7.198    0.0795
Ca A                4861.32A   -8.186    0.0082      Fe 2                5433.15A   -6.248    0.7093      N  2                5754.59A   -9.046    0.0011
Ca A                4340.46A   -8.511    0.0039      Fe 2                5261.63A   -5.503    3.9406      N  2                2142.77A   -9.051    0.0011
Ca A                4101.73A   -8.765    0.0022      Fe 2                5220.08A   -6.778    0.2090      Ni 2                1.19102m   -5.094   10.0951
Ca A                3970.07A   -8.974    0.0013      Fe 2                5184.80A   -6.674    0.2659      Ni 2                6.63416m   -5.722    2.3794
Ca A                1.87510m   -8.528    0.0037      Fe 2                5158.01A   -6.623    0.2987      Ni 2                1.07151m   -6.715    0.2421
Ca A                1.28181m   -8.855    0.0018      Fe 2                4947.39A   -6.023    1.1897      Ni 2                10.6793m   -6.352    0.5578
Ca B                6562.80A   -7.554    0.0351      Fe 2                4905.35A   -6.374    0.5299      Ni 2                1.27792m   -8.539    0.0036
Ca B                4861.32A   -8.011    0.0122      Fe 2                4874.50A   -6.417    0.4802      Ni 2                1.16130m   -7.231    0.0737
Ca B                4340.46A   -8.340    0.0057      Fe 2                4852.74A   -7.778    0.0209      Ni 2                12.7253m   -6.768    0.2142
Ca B                4101.73A   -8.597    0.0032      Fe 2                4346.86A   -6.076    1.0521      Ni 2                9882.95A   -7.980    0.0131
Ca B                3970.07A   -8.809    0.0019      Fe 2                4276.84A   -6.000    1.2539      Ni 2                1.09177m   -7.518    0.0381
Ca B                3889.05A   -8.989    0.0013      Fe 2                4244.82A   -6.812    0.1934      Ni 2                18.2355m   -7.484    0.0411
Ca B                1.87510m   -8.481    0.0041      Fe 2                4231.56A   -8.412    0.0049      Ni 2                9374.87A   -8.273    0.0067
Ca B                1.28181m   -8.798    0.0020      Fe 2                4211.11A   -8.387    0.0051      Ni 2                7377.83A   -5.882    1.6477
Ca B                1.09381m   -9.054    0.0011      Fe 2                3455.11A   -7.061    0.1091      Ni 2                8300.99A   -7.178    0.0833
H  1                2431.34A   -3.630  294.0396      Fe 2                3452.31A   -6.749    0.2234      Ni 2                1.93877m   -6.589    0.3228
H  1                1215.67A   -3.395  504.7180      Fe 2                3440.99A   -6.635    0.2905      Ni 2                2.36883m   -7.876    0.0167
H  1                6562.80A   -5.336    5.7828      Fe 2                2774.73A   -8.510    0.0039      Ni 2                2.91064m   -7.545    0.0358
H  1                4861.32A   -6.098    1.0000      Fe 2                2759.34A   -8.904    0.0016      Ni 2                6666.80A   -6.728    0.2346
H  1                4340.46A   -6.479    0.4161      Fe 2                2485.07A   -8.698    0.0025      Ni 2                7411.61A   -6.509    0.3884
H  1                4101.73A   -8.168    0.0085      Fe 2                2391.48A   -7.779    0.0208      Ni 2                1.76458m   -8.655    0.0028
H  1                3970.07A   -8.457    0.0044      Fe 2                2379.28A   -8.469    0.0043      Ni 2                2.04866m   -8.232    0.0073
H  1                3889.05A   -8.689    0.0026      Fe 2                2362.02A   -7.242    0.0719      Ni 2                2.30794m   -7.689    0.0257
H  1                3835.38A   -8.883    0.0016      Fe 2                35.7675m   -6.612    0.3067      Ni 2                6.91767m   -7.988    0.0129
H  1                3797.90A   -9.049    0.0011      Fe 2                1.95361m   -5.730    2.3377      Ni 2                4326.24A   -6.675    0.2650
H  1                3770.63A   -8.796    0.0020      Fe 2                1.80002m   -5.784    2.0624      Ni 2                4628.05A   -7.097    0.1003
H  1                3750.15A   -8.911    0.0015      Fe 2                1.71113m   -6.353    0.5560      Ni 2                6794.20A   -8.153    0.0088
H  1                3734.37A   -9.014    0.0012      Fe 2                1.66377m   -5.973    1.3360      Ni 2                7255.82A   -7.030    0.1171
H  1                1.87510m   -6.870    0.1691      Fe 2                9399.04A   -5.870    1.6923      Ni 2                7694.56A   -8.100    0.0100
H  1                1.28181m   -7.183    0.0822      Fe 2                9226.63A   -5.816    1.9164      Ni 2                8033.54A   -8.265    0.0068
H  1                1.09381m   -8.553    0.0035      Fe 2                9033.49A   -6.892    0.1609      Ni 2                1.04597m   -7.514    0.0384
H  1                1.00494m   -8.860    0.0017      Fe 2                7388.17A   -6.262    0.6855      Ni 2                1.23230m   -7.541    0.0361
H  1                4.05115m   -7.740    0.0228      Fe 2                6440.41A   -7.215    0.0765      Ni 2                4201.17A   -6.858    0.1741
H  1                2.62515m   -8.730    0.0023      Fe 2                6229.28A   -8.365    0.0054      Ni 2                4485.21A   -7.310    0.0614
H  1                2.16553m   -9.080    0.0010      Fe 2                5654.87A   -7.677    0.0264      Ni 2                7307.65A   -7.206    0.0781
H  1                7.45782m   -8.766    0.0021      Fe 2                5556.31A   -6.917    0.1519      Ni 2                7612.72A   -7.534    0.0367
He-like iso-sequence...........................      Fe 2                5412.67A   -7.445    0.0450      Ni 2                1.13597m   -8.217    0.0076
Pho+                3889.00A   -8.786    0.0021      Fe 2                5333.66A   -5.790    2.0343      Ni 2                4285.31A   -8.066    0.0108
extra Lyman....................................      Fe 2                5296.84A   -7.073    0.1060      Ni 2                6791.48A   -7.780    0.0208
database lines.................................      Fe 2                5268.89A   -6.793    0.2019      Ni 2                7054.20A   -7.685    0.0259
CN                  2648.35m   -8.781    0.0021      Fe 2                5107.96A   -7.729    0.0234      Ni 2                9.61508m   -8.975    0.0013
CN                  2640.74m   -8.481    0.0041      Fe 2                5049.30A   -6.196    0.7981      Ni 2                4033.04A   -7.124    0.0943
CN                  1322.30m   -8.853    0.0018      Fe 2                5005.52A   -6.251    0.7046      Ni 2                4294.09A   -7.244    0.0715
CN                  1321.03m   -8.596    0.0032      Fe 2                4973.40A   -6.518    0.3806      Ni 2                6467.29A   -8.278    0.0066
CN                  881.421m   -8.845    0.0018      Fe 2                4950.76A   -6.864    0.1717      Ni 2                6813.57A   -7.266    0.0681
CN                  880.858m   -8.689    0.0026      Fe 2                4352.79A   -6.316    0.6060      Ni 2                7078.04A   -7.814    0.0192
CN                  661.044m   -8.756    0.0022      Fe 2                4319.62A   -6.582    0.3284      Ni 2                1.02090m   -8.596    0.0032
CN                  660.727m   -8.642    0.0029      Fe 2                4305.90A   -7.385    0.0517      Ni 2                3993.06A   -6.779    0.2088
CN                  528.842m   -8.862    0.0017      Fe 2                4084.33A   -8.711    0.0024      Ni 2                4248.80A   -7.254    0.0699
CN                  528.639m   -8.772    0.0021      Fe 2                3504.51A   -7.363    0.0543      Ni 2                6007.06A   -8.368    0.0054
CN                  440.721m   -8.879    0.0017      Fe 2                3504.02A   -7.220    0.0755      Ni 2                6365.10A   -7.253    0.0701
CN                  440.580m   -8.804    0.0020      Fe 2                3501.63A   -6.784    0.2063      Ni 2                6700.24A   -8.646    0.0028
CN                  377.785m   -9.022    0.0012      Fe 2                3489.99A   -7.464    0.0431      Ni 2                6955.82A   -8.681    0.0026
CN                  377.682m   -8.958    0.0014      Fe 2                2385.01A   -8.067    0.0107      Ni 2                8703.87A   -7.708    0.0246
CN                  330.511m   -9.054    0.0011      Fe 2                2.06648m   -7.123    0.0945      Ni 2                9956.63A   -7.934    0.0146
HF                  243.178m   -8.385    0.0052      Fe 2                1.89541m   -6.520    0.3789      Ni 2                5.18504m   -8.713    0.0024
CO                  2600.05m   -8.241    0.0072      Fe 2                1.79711m   -6.007    1.2354      Ni 2                3438.88A   -6.967    0.1352
CO                  1300.05m   -7.003    0.1246      Fe 2                1.74494m   -6.295    0.6357      Ni 2                3626.89A   -7.275    0.0666
CO                  866.727m   -6.609    0.3089      Fe 2                9652.70A   -6.719    0.2397      Ni 2                3378.16A   -7.581    0.0329
CO                  650.074m   -6.464    0.4306      Fe 2                9470.94A   -6.207    0.7797      Ni 2                3559.41A   -7.561    0.0345
CO                  520.089m   -6.397    0.5034      Fe 2                9267.56A   -6.588    0.3236      level 1 lines..................................
CO                  433.438m   -6.353    0.5559      Fe 2                7544.00A   -8.902    0.0016      recombination..................................
CO                  371.549m   -6.338    0.5763      Fe 2                6558.51A   -7.429    0.0467      level2 lines...................................
CO                  325.137m   -6.328    0.5894      Fe 2                5745.71A   -8.048    0.0112      C  1                1247.50A   -7.942    0.0143
CO                  289.041m   -6.330    0.5870      Fe 2                5643.98A   -7.889    0.0162      C  1                1314.77A   -7.866    0.0171
CO                  260.169m   -6.336    0.5789      Fe 2                5495.84A   -7.721    0.0238      C  1                1233.29A   -8.460    0.0043
CO                  236.549m   -6.350    0.5604      Fe 2                5376.47A   -6.184    0.8207      C  1                1250.68A   -8.613    0.0031
CO                  216.868m   -6.371    0.5345      Fe 2                5347.66A   -7.299    0.0631      Mg 1                1817.31A   -8.780    0.0021
CO                  200.218m   -6.396    0.5042      Fe 2                5181.96A   -7.575    0.0334      Mg 1                1739.09A   -8.988    0.0013
CO                  185.949m   -6.418    0.4797      Fe 2                5076.57A   -6.855    0.1753      Mg 1                1699.05A   -9.012    0.0012
CO                  173.584m   -6.442    0.4532      Fe 2                5043.53A   -6.725    0.2365      Mg 1                1675.74A   -9.032    0.0012
CO                  162.767m   -6.469    0.4262      Fe 2                5020.25A   -6.841    0.1810      Mg 1                1660.94A   -9.090    0.0010
CO                  153.225m   -6.497    0.3991      Fe 2                4372.43A   -6.856    0.1746      Si 1                1853.05A   -8.957    0.0014
CO                  144.745m   -6.527    0.3725      Fe 2                4358.37A   -7.068    0.1073      Si 2                1179.59A   -8.179    0.0083
CO                  137.159m   -6.558    0.3468      Fe 2                4080.00A   -8.740    0.0023      Si 2                993.354A   -9.076    0.0011
CO                  130.333m   -6.590    0.3224      Fe 2                3539.19A   -7.068    0.1073      S  1                1356.05A   -8.469    0.0043
CO                  124.160m   -6.627    0.2960      Fe 2                3538.69A   -7.361    0.0546      S  1                1392.25A   -8.849    0.0018
CO                  118.548m   -6.667    0.2699      Fe 2                3536.25A   -7.487    0.0409      S  1                1418.10A   -9.044    0.0011
CO                  113.427m   -6.708    0.2458      Fe 2                3524.38A   -8.796    0.0020      Ca 2                1360.06A   -9.071    0.0011
CO                  108.733m   -6.751    0.2226      Fe 2                22.8961m   -8.117    0.0096      Fe 1                2484.25A   -8.727    0.0024
CO                  104.416m   -6.794    0.2015      Fe 2                1.81139m   -8.396    0.0050      Fe 1                2526.51A   -8.962    0.0014
CO                  100.433m   -6.839    0.1816      Fe 2                7764.71A   -7.602    0.0313      Sc 2                3627.22A   -7.422    0.0475
CO                  96.7462m   -6.887    0.1628      Fe 2                7336.73A   -7.892    0.0161      Sc 2                3575.45A   -7.544    0.0359
CO                  93.3237m   -6.935    0.1455      Fe 2                7267.25A   -8.860    0.0017      Sc 2                3368.13A   -8.108    0.0098
CO                  90.1384m   -6.986    0.1295      Fe 2                6809.24A   -7.869    0.0169      Ti 2                3364.74A   -5.848    1.7818
CO                  87.1666m   -7.038    0.1148      Fe 2                6729.87A   -8.151    0.0089      Ti 2                3237.15A   -6.087    1.0258
CO                  84.3877m   -7.092    0.1015      Fe 2                6671.93A   -8.714    0.0024      Ti 2                1904.17A   -7.955    0.0139
CO                  81.7835m   -7.147    0.0894      Fe 2                5721.37A   -8.987    0.0013      Ti 2                1907.36A   -7.698    0.0251
CO                  79.3383m   -7.205    0.0783      Fe 2                5163.96A   -7.898    0.0159      V  2                2710.94A   -8.176    0.0084
CO                  77.0375m   -7.264    0.0683      Fe 2                4266.35A   -8.599    0.0032      V  2                2684.22A   -7.939    0.0144
CO                  74.8697m   -7.324    0.0595      Fe 2                4249.08A   -8.870    0.0017      V  2                2139.33A   -8.572    0.0034
CO                  72.8231m   -7.387    0.0515      Fe 2                4157.92A   -8.875    0.0017      Cr 1                4269.56A   -8.608    0.0031
CO                  70.8878m   -7.450    0.0445      Fe 2                3277.35A   -7.399    0.0501      Cr 1                3589.90A   -8.424    0.0047
CO                  69.0557m   -7.513    0.0385      Fe 2                3255.89A   -8.653    0.0028      Cr 2                2059.78A   -6.447    0.4477
CO                  67.3181m   -7.578    0.0331      Fe 2                2926.59A   -8.273    0.0067      Mn 2                1198.85A   -8.803    0.0020
CO                  65.6684m   -7.644    0.0284      Fe 2                2880.76A   -7.972    0.0134      Co 2                2060.90A   -7.913    0.0153
CO                  64.0998m   -7.710    0.0244      Fe 2                2755.74A   -6.317    0.6039      Co 2                2018.80A   -7.948    0.0141
CO                  62.6072m   -7.777    0.0210      Fe 2                2739.55A   -7.018    0.1204      Co 2                1949.74A   -8.026    0.0118
CO                  61.1843m   -7.844    0.0180      Fe 2                2716.70A   -7.181    0.0826      Co 2                1575.91A   -8.548    0.0036
CO                  59.8271m   -7.912    0.0154      Fe 2                34.6508m   -8.988    0.0013      Co 2                1470.18A   -8.622    0.0030
CO                  58.5311m   -7.980    0.0131      Fe 2                1.00287m   -7.590    0.0322      Ni 2                1751.83A   -7.482    0.0413
CO                  57.2920m   -8.048    0.0112      Fe 2                8245.16A   -9.089    0.0010      Ni 2                1744.24A   -7.289    0.0645
CO                  56.1066m   -8.119    0.0095      Fe 2                8037.28A   -8.120    0.0095      Ni 2                1484.97A   -8.612    0.0031
CO                  54.9712m   -8.189    0.0081      Fe 2                7579.61A   -8.611    0.0031      Ni 2                1472.74A   -8.300    0.0063
CO                  53.8829m   -8.261    0.0069      Fe 2                7017.95A   -8.530    0.0037      Ni 2                1400.37A   -8.611    0.0031
CO                  52.8388m   -8.332    0.0058      Fe 2                6933.67A   -8.895    0.0016      Ni 2                1375.73A   -8.274    0.0067
CO                  51.8365m   -8.405    0.0049      Fe 2                6872.19A   -8.061    0.0109      Ni 2                1324.11A   -8.377    0.0053
CO                  50.8731m   -8.477    0.0042      Fe 2                6829.03A   -9.096    0.0010      hyperfine structure............................
CO                  49.9472m   -8.549    0.0035      Fe 2                5746.98A   -7.947    0.0142      inner shell....................................
CO                  49.0559m   -8.624    0.0030      Fe 2                5283.12A   -8.506    0.0039      molecules......................................
CO                  48.1977m   -8.699    0.0025      Fe 2                5199.18A   -8.721    0.0024      H2 l                2.00000m   -3.802  197.9114
CO                  47.3709m   -8.776    0.0021      Fe 2                4351.81A   -8.869    0.0017      H2 v                      0    -5.441    4.5423
CO                  46.5738m   -8.853    0.0018      Fe 2                4347.36A   -8.239    0.0072      H-FB                      0    -6.025    1.1843
CO                  45.8046m   -8.932    0.0015      Fe 2                4329.43A   -7.585    0.0326      H-FF                      0    -6.260    0.6897
CO                  45.0623m   -9.013    0.0012      Fe 2                2953.77A   -9.003    0.0012      H-CT                6562.80A   -7.131    0.0927
CO                  44.3452m   -9.096    0.0010      Fe 2                2772.73A   -7.079    0.1046      H- H                      0    -7.335    0.0580
^13CO               1359.86m   -8.547    0.0036      Fe 2                2749.32A   -7.147    0.0894      H2+                       0    -6.429    0.4673
^13CO               906.599m   -8.126    0.0094      Fe 2                9795.19A   -8.368    0.0054      bands..........................................
^13CO               679.978m   -7.969    0.0135      Fe 2                8228.13A   -8.283    0.0065      Fe 2b               2500.00A   -4.282   65.5924
^13CO               544.012m   -7.898    0.0159      Fe 2                7613.14A   -8.691    0.0026      Fe 2b               5000.00A   -4.337   57.7543
^13CO               453.374m   -7.853    0.0176      Fe 2                7011.24A   -9.097    0.0010      Fe 2b               7000.00A   -5.280    6.5912
^13CO               388.637m   -7.836    0.0183      Fe 2                6966.33A   -8.454    0.0044      Fe 2b               10000.0A   -3.960  137.6842
^13CO               340.088m   -7.827    0.0187      Fe 2                5477.25A   -8.452    0.0044      Fe 2b               2355.00A   -5.069   10.6963
^13CO               302.332m   -7.828    0.0186      Fe 2                5278.38A   -8.920    0.0015      Fe 2b               2430.00A   -4.289   64.4960
^13CO               272.130m   -7.835    0.0184      Fe 2                4402.59A   -8.705    0.0025      Fe 2b               2445.00A   -4.289   64.4960
^13CO               247.423m   -7.848    0.0178      Fe 2                4384.21A   -8.637    0.0029      Fe 2b               2495.00A   -4.855   17.5177
^13CO               226.836m   -7.870    0.0169      Fe 2                1.05081m   -8.848    0.0018      Fe 2b               2610.00A   -4.539   36.2778
^13CO               209.419m   -7.896    0.0160      Fe 2                7710.80A   -9.002    0.0012      Fe 2b               2695.00A   -7.181    0.0827
^13CO               194.493m   -7.918    0.0152      Fe 2                7048.01A   -8.668    0.0027      Fe 2b               2758.00A   -6.102    0.9913
^13CO               181.558m   -7.944    0.0143      Fe 2                5901.28A   -8.898    0.0016      Fe 2b               2780.00A   -6.062    1.0876
^13CO               170.243m   -7.972    0.0134      Fe 2                5527.62A   -9.010    0.0012      Fe 2b               2935.00A   -7.755    0.0221
^13CO               160.261m   -8.001    0.0125      Fe 2                2.04602m   -7.535    0.0366      Fe 2b               2960.00A   -8.158    0.0087
^13CO               151.390m   -8.033    0.0116      Fe 2                1.41956m   -8.090    0.0102      Fe 2b               3180.00A   -6.698    0.2515
^13CO               143.454m   -8.065    0.0108      Fe 2                1.35904m   -8.895    0.0016      Fe 2b               3250.00A   -5.996    1.2655
^13CO               136.314m   -8.099    0.0100      Fe 2                1.23314m   -7.884    0.0164      Fe 2b               3590.00A   -6.016    1.2093
^13CO               129.855m   -8.138    0.0091      Fe 2                1.09108m   -7.806    0.0196      Fe 2b               3910.00A   -8.065    0.0108
^13CO               123.985m   -8.180    0.0083      Fe 2                1.07084m   -8.244    0.0071      Fe 2b               4060.00A   -8.724    0.0024
^13CO               118.627m   -8.224    0.0075      Fe 2                1.05625m   -8.695    0.0025      Fe 2b               4255.00A   -4.770   21.2997
^13CO               113.717m   -8.270    0.0067      Fe 2                1.01565m   -8.497    0.0040      Fe 2b               4558.00A   -5.500    3.9641
^13CO               109.201m   -8.318    0.0060      Fe 2                8119.18A   -8.974    0.0013      Fe 2b               4600.00A   -5.471    4.2447
^13CO               105.034m   -8.369    0.0054      Fe 2                5588.16A   -7.800    0.0199      Fe 2b               4743.00A   -6.219    0.7572
^13CO               101.176m   -8.422    0.0047      Fe 2                5586.91A   -8.662    0.0027      Fe 2b               4855.00A   -5.640    2.8711
^13CO               97.5955m   -8.478    0.0042      Fe 2                5580.82A   -7.232    0.0736      Fe 2b               4920.00A   -5.126    9.3884
^13CO               94.2629m   -8.538    0.0036      Fe 2                5551.32A   -6.949    0.1410      Fe 2b               4975.00A   -5.656    2.7725
^13CO               91.1537m   -8.602    0.0031      Fe 2                3227.74A   -8.634    0.0029      Fe 2b               4971.00A   -5.698    2.5118
^13CO               88.2461m   -8.669    0.0027      Fe 2                3196.07A   -8.184    0.0082      Fe 2b               5070.00A   -5.577    3.3199
^13CO               85.5213m   -8.742    0.0023      Fe 2                2.13278m   -7.790    0.0203      Fe 2b               5143.00A   -5.044   11.3385
^13CO               82.9627m   -8.820    0.0019      Fe 2                1.46079m   -8.636    0.0029      Fe 2b               5270.00A   -4.759   21.8364
^13CO               80.5556m   -8.906    0.0016      Fe 2                1.39678m   -8.697    0.0025      Fe 2b               5318.00A   -5.077   10.4975
^13CO               78.2869m   -9.001    0.0013      Fe 2                1.30943m   -8.717    0.0024      Fe 2b               5540.00A   -6.225    0.7475
OH+                 308.406m   -8.989    0.0013      Fe 2                1.24364m   -8.902    0.0016      Fe 2b               5865.00A   -6.824    0.1880
C  1                1560.31A   -7.727    0.0235      Fe 2                1.09413m   -8.003    0.0124      Fe 2b               6265.00A   -7.637    0.0289
C  1                1560.68A   -7.775    0.0210      Fe 2                1.07890m   -8.100    0.0100      Fe 2b               6565.00A   -6.980    0.1312
C  1                1560.71A   -7.923    0.0150      Fe 2                1.06830m   -8.857    0.0017      Fe 2b               6910.00A   -6.920    0.1509
C  1                1561.34A   -7.250    0.0705      Fe 2                1.03658m   -8.869    0.0017      Fe 2b               7445.00A   -5.301    6.2750
C  1                1561.37A   -7.746    0.0225      Fe 2                5650.95A   -7.778    0.0209      Fe 2b               8625.00A   -4.968   13.4891
C  1                1561.44A   -7.291    0.0642      Fe 2                5649.67A   -7.752    0.0222      Fe 2b               1.03250m   -6.026    1.1812
C  1                1656.27A   -7.078    0.1049      Fe 2                5643.44A   -8.890    0.0016      Fe 2b               1.88900m   -4.675   26.5207
C  1                1656.93A   -7.441    0.0454      Fe 2                5613.27A   -7.165    0.0858      Fe 2b               2.20000m   -6.759    0.2184
C  1                1657.01A   -6.703    0.2485      Fe 2                2.24366m   -8.128    0.0093      miscellaneous..................................
C  1                1657.38A   -7.466    0.0429      Fe 2                2.00672m   -7.474    0.0422      Blnd                8446.00A   -8.830    0.0019
C  1                1657.91A   -7.002    0.1249      Fe 2                1.10657m   -8.347    0.0056      Blnd                1304.00A   -7.223    0.0751
C  1                1658.12A   -7.091    0.1017      Fe 2                1.09542m   -8.451    0.0044      Blnd                2798.00A   -3.796  200.6090
C  1                1930.90A   -8.879    0.0017      Fe 2                5725.92A   -8.050    0.0112      Blnd                6720.00A   -4.505   39.1887
C  1                1992.01A   -8.670    0.0027      Fe 2                5718.22A   -7.499    0.0397      Blnd                4074.00A   -5.830    1.8562
C  1                1993.62A   -7.266    0.0680      Fe 2                2.22379m   -6.883    0.1641      Blnd                1.03300m   -5.939    1.4447
C  1                2582.90A   -8.530    0.0037      Fe 2                2.01513m   -7.203    0.0785      Blnd                1256.00A   -7.862    0.0172
C  1                8727.13A   -8.967    0.0014      Fe 2                9682.08A   -7.714    0.0242      Blnd                5892.00A   -7.318    0.0603
C  1                9824.13A   -4.324   59.5544      Fe 2                9513.85A   -8.521    0.0038      Blnd                2665.00A   -5.347    5.6400
C  1                9850.26A   -3.848  177.9200      Fe 2                8715.81A   -8.347    0.0056      Blnd                2335.00A   -5.157    8.7412
C  1                370.269m   -4.187   81.5753      Fe 2                6873.84A   -8.011    0.0122      Blnd                8579.00A   -4.765   21.5556
C  1                609.590m   -4.770   21.3099      Fe 2                6700.65A   -8.982    0.0013      Blnd                7306.00A   -4.120   95.2695
C  2                1334.53A   -8.918    0.0015      Fe 2                6188.55A   -8.191    0.0081      Blnd                3933.00A   -6.242    0.7194
C  2                1335.66A   -8.587    0.0032      Fe 2                5870.02A   -8.443    0.0045      Blnd                1657.00A   -6.274    0.6682
C  2                1335.71A   -8.573    0.0034      Fe 2                5673.20A   -8.476    0.0042      Blnd                9850.00A   -3.723  237.4745
C  2                2323.50A   -8.336    0.0058      Fe 2                4898.61A   -8.213    0.0077      Blnd                2326.00A   -7.093    0.1013
C  2                2324.69A   -8.022    0.0119      Fe 2                2.25348m   -7.721    0.0239      Blnd                1335.00A   -8.189    0.0081
C  2                2325.40A   -7.553    0.0351      Fe 2                1.02005m   -8.929    0.0015      Blnd                3467.00A   -6.647    0.2826
C  2                2326.93A   -7.554    0.0350      Fe 2                1.00139m   -8.372    0.0053      Blnd                5199.00A   -4.402   49.7438
C  2                2328.12A   -7.969    0.0135      Fe 2                9133.66A   -9.095    0.0010      Blnd                1.04030m   -5.891    1.6126
C  2                157.636m   -5.580    3.3027      Fe 2                8885.67A   -8.821    0.0019      Blnd                2141.00A   -8.903    0.0016
Ca 1                4226.73A   -7.206    0.0780      Fe 2                7131.14A   -8.986    0.0013      Blnd                6300.00A   -4.117   95.7259
Ca 1                6439.08A   -8.159    0.0087      Fe 2                6944.91A   -8.554    0.0035      Blnd                2471.00A   -8.789    0.0020
Ca 1                6462.57A   -8.405    0.0049      Fe 2                6473.88A   -8.591    0.0032      Blnd                7323.00A   -8.957    0.0014
Ca 1                6493.78A   -8.620    0.0030      Fe 2                6044.10A   -9.022    0.0012      Blnd                7332.00A   -9.038    0.0011
Cl 1                11.3303m   -7.442    0.0453      Fe 2                5835.45A   -8.691    0.0026      Blnd                3727.00A   -6.878    0.1663
Co 2                9335.96A   -8.237    0.0073      Fe 2                5060.09A   -8.772    0.0021      Blnd                7325.00A   -8.695    0.0025
Co 2                9639.13A   -8.675    0.0027      Fe 2                4576.40A   -9.025    0.0012      N 1C                5199.00A   -8.363    0.0054
Co 2                10.5199m   -7.071    0.1065      Fe 2                1.34608m   -9.070    0.0011      N 1T                5199.00A   -8.491    0.0041

                                                    Emergent line intensities
general properties.............................      Fe 2                2380.76A   -5.477    4.1814      Mn 2                3438.97A   -8.347    0.0056
continua.......................................      Fe 2                2348.30A   -7.217    0.0761      Mn 2                3460.03A   -8.928    0.0015
FIR                 83.0000m   -2.698 2516.1191      Fe 2                2327.40A   -7.807    0.0196      N  1                1134.41A   -8.945    0.0014
TIR                 1800.00m   -4.741   22.7854      Fe 2                87.3597m   -6.528    0.3717      N  1                1134.98A   -8.837    0.0018
NIRa                2.85000m   -2.773 2116.8730      Fe 2                5.06097m   -7.429    0.0467      N  1                1199.55A   -8.260    0.0069
NIRb                3.00000m   -3.935  145.6318      Fe 2                4.43363m   -7.347    0.0565      N  1                1200.22A   -8.432    0.0046
MIRa                15.0000m   -4.030  117.1684      Fe 2                1.40951m   -8.757    0.0022      N  1                1200.71A   -8.734    0.0023
MIRb                22.5000m   -2.898 1585.6868      Fe 2                1.32777m   -6.895    0.1597      N  1                3466.50A   -6.731    0.2331
NMIR                21.7500m   -2.773 2116.8730      Fe 2                1.27877m   -6.952    0.1401      N  1                3466.54A   -7.404    0.0495
TFIR                611.250m   -3.593  320.1317      Fe 2                1.25214m   -7.993    0.0128      N  1                5197.90A   -4.800   19.8881
TALL                10000.0A   -2.321 5995.0801      Fe 2                7926.88A   -8.230    0.0074      N  1                5200.26A   -4.624   29.8542
F12                 12.0000m   -5.933    1.4630      Fe 2                7803.89A   -7.971    0.0134      N  1                1.03977m   -6.236    0.7294
F25                 25.0000m   -4.544   35.8954      Fe 2                7665.28A   -7.224    0.0750      N  1                1.03982m   -6.758    0.2189
F60                 60.0000m   -2.753 2216.3215      Fe 2                5006.63A   -7.370    0.0535      N  1                1.04072m   -6.584    0.3273
F100                100.000m   -5.755    2.2061      Fe 2                4772.06A   -8.184    0.0082      N  1                1.04076m   -6.571    0.3368
MIPS                24.0000m   -4.544   35.8902      Fe 2                4639.67A   -7.868    0.0170      Na 1                5889.95A   -7.619    0.0302
MIPS                70.0000m   -2.754 2212.9519      Fe 2                4528.39A   -7.478    0.0417      Na 1                5895.92A   -7.619    0.0302
MIPS                160.000m   -3.777  209.7769      Fe 2                4509.61A   -7.826    0.0187      Ni 1                7.50454m   -7.657    0.0277
IRAC                3.60000m   -7.157    0.0875      Fe 2                4452.10A   -5.849    1.7769      O  1                1304.86A   -7.366    0.0541
IRAC                4.50000m   -5.837    1.8287      Fe 2                3277.55A   -7.984    0.0130      O  1                1306.03A   -7.798    0.0200
IRAC                5.80000m   -4.123   94.4543      Fe 2                3277.12A   -8.888    0.0016      O  1                1355.60A   -7.417    0.0480
IRAC                8.00000m   -5.131    9.2860      Fe 2                3275.02A   -8.060    0.0109      O  1                1358.51A   -7.848    0.0178
SPR1                250.000m   -5.859    1.7360      Fe 2                2631.05A   -6.803    0.1974      O  1                2972.29A   -6.883    0.1642
SPR2                350.000m   -4.181   82.7571      Fe 2                2620.41A   -8.681    0.0026      O  1                5577.34A   -5.934    1.4622
SPR3                500.000m   -6.056    1.1027      Fe 2                2613.82A   -7.576    0.0333      O  1                6300.30A   -4.238   72.5332
PAC1                70.0000m   -2.754 2213.8215      Fe 2                2410.52A   -7.449    0.0446      O  1                6363.78A   -4.734   23.1706
PAC2                100.000m   -5.754    2.2092      Fe 2                2406.66A   -7.717    0.0241      O  1                6391.73A   -8.062    0.0109
PAC3                160.000m   -3.775  210.9520      Fe 2                2404.43A   -8.534    0.0037      O  1                44.0453m   -8.385    0.0052
PAH                 3.30000m   -7.963    0.0137      Fe 2                2359.11A   -7.525    0.0374      O  1                63.1679m   -2.754 2211.7864
PAHC                3.23000m   -8.242    0.0072      Fe 2                2338.01A   -7.591    0.0322      O  1                145.495m   -3.788  204.4753
PAHC                3.37000m   -8.233    0.0073      Fe 2                4.67067m   -7.972    0.0134      O  2                2470.34A   -8.892    0.0016
PAH                 6.20000m   -8.010    0.0123      Fe 2                1.29777m   -7.283    0.0654      O  2                7319.99A   -9.086    0.0010
PAHC                5.65000m   -6.920    0.1509      Fe 2                1.27034m   -7.155    0.0878      O  2                3728.81A   -7.100    0.0998
PAH                 7.90000m   -7.490    0.0406      Fe 2                7999.47A   -8.977    0.0013      O  2                3726.03A   -7.276    0.0665
PAHC                6.90000m   -5.133    9.2401      Fe 2                7874.24A   -7.325    0.0594      P  2                60.6263m   -6.197    0.7968
PAH                 11.3000m   -7.419    0.0479      Fe 2                7733.14A   -7.871    0.0169      P  2                1532.53A   -8.763    0.0022
PAHC                10.9000m   -7.012    0.1220      Fe 2                4798.28A   -7.734    0.0232      P  2                32.8620m   -6.300    0.6293
PAH                 11.8000m   -8.697    0.0025      Fe 2                4664.45A   -8.382    0.0052      P  2                1.14682m   -6.217    0.7612
PAHC                12.6500m   -6.760    0.2179      Fe 2                4533.01A   -8.373    0.0053      P  2                4669.25A   -7.882    0.0165
PAH                 13.3000m   -8.674    0.0027      Fe 2                4474.90A   -6.161    0.8655      P  2                2195.57A   -8.161    0.0087
PAHC                14.1000m   -6.420    0.4768      Fe 2                3289.89A   -8.370    0.0054      P  2                1536.42A   -8.688    0.0026
Bcon                3640.00A   -3.078 1047.7971      Fe 2                3289.46A   -8.149    0.0089      P  2                1535.92A   -8.597    0.0032
Pcon                5000.00A   -3.497  399.3975      Fe 2                2628.29A   -7.263    0.0685      P  2                1.18828m   -5.794    2.0178
O3bn                5007.00A   -5.359    5.4959      Fe 2                2621.67A   -8.160    0.0087      P  2                2210.34A   -7.708    0.0246
RRC............................................      Fe 2                2413.31A   -7.966    0.0136      P  2                1542.30A   -8.885    0.0016
grains.........................................      Fe 2                2411.07A   -7.974    0.0133      P  2                7875.99A   -7.134    0.0922
H-like iso-sequence............................      Fe 2                2344.28A   -7.683    0.0261      S  1                1483.04A   -8.743    0.0023
H  1                1215.67A   -3.399  500.4398      Fe 2                17.9311m   -5.112    9.6946      S  1                1820.34A   -7.420    0.0477
H  1                6562.80A   -5.337    5.7821      Fe 2                1.64355m   -4.218   75.9964      S  1                1826.24A   -7.904    0.0157
H  1                4861.32A   -6.099    1.0000      Fe 2                1.53348m   -5.343    5.6967      S  1                25.2421m   -5.364    5.4269
H  1                4340.46A   -6.479    0.4161      Fe 2                8616.95A   -5.607    3.1038      S  1                56.2957m   -6.323    0.5960
H  1                4101.73A   -8.168    0.0085      Fe 2                7155.17A   -5.735    2.3094      S  2                6730.82A   -4.895   15.9942
H  1                3970.07A   -8.457    0.0044      Fe 2                6896.17A   -7.187    0.0816      S  2                6716.44A   -4.733   23.1890
H  1                3889.05A   -8.689    0.0026      Fe 2                5413.37A   -7.645    0.0284      S  2                4076.35A   -6.443    0.4529
H  1                3835.38A   -8.883    0.0016      Fe 2                5280.27A   -8.181    0.0083      S  2                4068.60A   -5.951    1.4035
H  1                3797.90A   -9.049    0.0011      Fe 2                5273.36A   -5.734    2.3158      S  2                1.03364m   -6.581    0.3294
H  1                3770.63A   -8.796    0.0020      Fe 2                5158.79A   -5.123    9.4572      S  2                1.02867m   -6.578    0.3318
H  1                3750.15A   -8.911    0.0015      Fe 2                5111.64A   -6.030    1.1718      S  2                1.03705m   -6.903    0.1570
H  1                3734.37A   -9.015    0.0012      Fe 2                5072.41A   -5.775    2.1051      S  2                1.03205m   -6.444    0.4515
H  1                1.87510m   -6.870    0.1691      Fe 2                5039.10A   -7.210    0.0774      S  2                1259.52A   -8.217    0.0076
H  1                1.28181m   -7.184    0.0822      Fe 2                4814.54A   -6.079    1.0454      S  2                1253.81A   -8.296    0.0064
H  1                1.09381m   -8.553    0.0035      Fe 2                4774.73A   -6.519    0.3796      S  2                1250.58A   -8.605    0.0031
H  1                1.00494m   -8.861    0.0017      Fe 2                4745.49A   -7.571    0.0337      Sc 2                4246.82A   -8.653    0.0028
H  1                4.05115m   -7.740    0.0228      Fe 2                4661.78A   -8.669    0.0027      Sc 2                7043.49A   -8.424    0.0047
H  1                2.62515m   -8.730    0.0023      Fe 2                4243.97A   -5.449    4.4614      Sc 2                8261.17A   -8.938    0.0014
H  1                2.16553m   -9.080    0.0010      Fe 2                4177.20A   -6.539    0.3627      Sc 2                8271.28A   -8.824    0.0019
H  1                7.45782m   -8.766    0.0022      Fe 2                4146.65A   -8.115    0.0096      Sc 2                8326.62A   -9.078    0.0010
He-like iso-sequence...........................      Fe 2                4114.48A   -8.453    0.0044      Sc 2                8347.28A   -8.643    0.0029
extra Lyman....................................      Fe 2                3929.35A   -8.706    0.0025      Sc 2                8384.33A   -8.955    0.0014
database lines.................................      Fe 2                3387.09A   -6.954    0.1394      Sc 2                1.07804m   -9.022    0.0012
CN                  2648.35m   -8.781    0.0021      Fe 2                3376.20A   -6.157    0.8746      Sc 2                2.03194m   -8.559    0.0035
CN                  2640.74m   -8.481    0.0041      Fe 2                2732.45A   -7.269    0.0675      Sc 2                2.04712m   -8.906    0.0016
CN                  1322.30m   -8.853    0.0018      Fe 2                2493.30A   -4.855   17.5139      Sc 2                2.07591m   -8.550    0.0035
CN                  1321.03m   -8.596    0.0032      Fe 2                2484.20A   -8.423    0.0047      Sc 2                2.07842m   -8.384    0.0052
CN                  881.421m   -8.845    0.0018      Fe 2                2360.00A   -6.838    0.1822      Sc 2                2.08152m   -8.653    0.0028
CN                  880.858m   -8.689    0.0026      Fe 2                2348.12A   -6.906    0.1560      Sc 2                2.11129m   -8.827    0.0019
CN                  661.044m   -8.756    0.0022      Fe 2                2331.31A   -8.541    0.0036      Sc 2                2.12445m   -8.825    0.0019
CN                  660.727m   -8.642    0.0029      Fe 2                24.5126m   -5.812    1.9352      Si 1                2211.75A   -8.999    0.0013
CN                  528.842m   -8.862    0.0017      Fe 2                1.80940m   -4.819   19.0572      Si 1                2519.20A   -8.396    0.0050
CN                  528.639m   -8.772    0.0021      Fe 2                1.67688m   -5.768    2.1394      Si 1                2528.51A   -8.178    0.0083
CN                  440.721m   -8.879    0.0017      Fe 2                1.59948m   -5.676    2.6489      Si 1                68.4548m   -7.683    0.0261
CN                  440.580m   -8.804    0.0020      Fe 2                9051.95A   -5.448    4.4719      Si 1                129.641m   -7.753    0.0222
CN                  377.785m   -9.022    0.0012      Fe 2                8891.93A   -5.873    1.6822      Si 2                34.8046m   -2.944 1426.3849
CN                  377.682m   -8.958    0.0014      Fe 2                7452.56A   -6.227    0.7439      Si 2                2334.41A   -6.102    0.9926
CN                  330.511m   -9.054    0.0011      Fe 2                7172.00A   -6.143    0.9037      Si 2                2328.52A   -6.711    0.2441
HF                  243.178m   -8.385    0.0052      Fe 2                6275.53A   -8.100    0.0100      Si 2                1808.01A   -6.128    0.9356
CO                  2600.05m   -8.241    0.0072      Fe 2                5527.36A   -6.717    0.2410      Si 2                1526.71A   -9.017    0.0012
CO                  1300.05m   -7.003    0.1247      Fe 2                5440.48A   -8.474    0.0042      Si 2                1260.42A   -8.209    0.0078
CO                  866.727m   -6.609    0.3090      Fe 2                5433.15A   -6.248    0.7093      Si 2                2350.17A   -5.961    1.3745
CO                  650.074m   -6.464    0.4308      Fe 2                5261.63A   -5.503    3.9405      Si 2                2344.20A   -5.562    3.4394
CO                  520.089m   -6.397    0.5036      Fe 2                5220.08A   -6.779    0.2090      Si 2                2334.60A   -5.668    2.6930
CO                  433.438m   -6.353    0.5562      Fe 2                5184.80A   -6.674    0.2658      Si 2                1817.45A   -6.046    1.1277
CO                  371.549m   -6.338    0.5766      Fe 2                5158.01A   -6.623    0.2987      Si 2                1816.93A   -5.707    2.4670
CO                  325.137m   -6.328    0.5897      Fe 2                4947.39A   -6.023    1.1896      Si 2                1533.43A   -6.508    0.3898
CO                  289.041m   -6.330    0.5873      Fe 2                4905.35A   -6.375    0.5299      Si 2                1309.28A   -7.289    0.0645
CO                  260.169m   -6.336    0.5792      Fe 2                4874.50A   -6.417    0.4802      Si 2                1265.00A   -7.086    0.1030
CO                  236.549m   -6.350    0.5607      Fe 2                4852.74A   -7.778    0.0209      Si 2                1264.74A   -7.505    0.0392
CO                  216.868m   -6.371    0.5347      Fe 2                4346.86A   -6.077    1.0521      Si 2                1197.39A   -7.504    0.0393
CO                  200.218m   -6.396    0.5045      Fe 2                4276.84A   -6.000    1.2540      Si 2                1194.50A   -7.722    0.0238
CO                  185.949m   -6.418    0.4799      Fe 2                4244.82A   -6.812    0.1934      Si 2                3862.60A   -8.696    0.0025
CO                  173.584m   -6.442    0.4535      Fe 2                4231.56A   -8.413    0.0049      Si 2                3856.02A   -8.669    0.0027
CO                  162.767m   -6.469    0.4264      Fe 2                4211.11A   -8.387    0.0051      Si 2                6371.37A   -8.613    0.0031
CO                  153.225m   -6.497    0.3993      Fe 2                3455.11A   -7.061    0.1091      Si 2                6347.11A   -8.535    0.0037
CO                  144.745m   -6.527    0.3727      Fe 2                3452.31A   -6.749    0.2235      Zn 2                2062.00A   -8.193    0.0081
CO                  137.159m   -6.558    0.3470      Fe 2                3440.99A   -6.635    0.2905      Zn 2                2025.48A   -7.959    0.0138
CO                  130.333m   -6.590    0.3226      Fe 2                2774.73A   -8.510    0.0039      Al 2                2669.15A   -5.744    2.2638
CO                  124.160m   -6.627    0.2961      Fe 2                2759.34A   -8.904    0.0016      Al 2                2660.35A   -5.570    3.3776
CO                  118.548m   -6.667    0.2700      Fe 2                2485.07A   -8.698    0.0025      Al 2                1670.79A   -6.239    0.7232
CO                  113.427m   -6.708    0.2459      Fe 2                2391.48A   -7.779    0.0209      Al 2                3900.67A   -8.980    0.0013
CO                  108.733m   -6.751    0.2227      Fe 2                2379.28A   -8.469    0.0043      Ca 2                7323.89A   -4.513   38.5533
CO                  104.416m   -6.794    0.2016      Fe 2                2362.02A   -7.242    0.0719      Ca 2                7291.47A   -4.345   56.7004
CO                  100.433m   -6.839    0.1817      Fe 2                35.7675m   -6.612    0.3068      Ca 2                3968.47A   -6.555    0.3500
CO                  96.7462m   -6.887    0.1629      Fe 2                1.95361m   -5.730    2.3388      Ca 2                8662.14A   -5.243    7.1774
CO                  93.3237m   -6.935    0.1456      Fe 2                1.80002m   -5.784    2.0634      Ca 2                3933.66A   -6.531    0.3696
CO                  90.1384m   -6.986    0.1296      Fe 2                1.71113m   -6.353    0.5563      Ca 2                8498.02A   -5.934    1.4597
CO                  87.1666m   -7.038    0.1149      Fe 2                1.66377m   -5.973    1.3367      Ca 2                8542.09A   -4.988   12.9144
CO                  84.3877m   -7.092    0.1015      Fe 2                9399.04A   -5.870    1.6920      Ca 2                3706.02A   -7.608    0.0310
CO                  81.7835m   -7.147    0.0894      Fe 2                9226.63A   -5.816    1.9160      Ca 2                3736.90A   -7.311    0.0613
CO                  79.3383m   -7.205    0.0783      Fe 2                9033.49A   -6.892    0.1609      Ca 2                3158.87A   -7.630    0.0294
CO                  77.0375m   -7.264    0.0683      Fe 2                7388.17A   -6.263    0.6854      Ca 2                3181.27A   -8.335    0.0058
CO                  74.8697m   -7.324    0.0595      Fe 2                6440.41A   -7.215    0.0764      Ca 2                3179.33A   -7.380    0.0523
CO                  72.8231m   -7.387    0.0515      Fe 2                6229.28A   -8.366    0.0054      Ca 2                1.19497m   -9.046    0.0011
CO                  70.8878m   -7.450    0.0445      Fe 2                5654.87A   -7.677    0.0264      Ca 2                1.18390m   -8.745    0.0023
CO                  69.0557m   -7.513    0.0385      Fe 2                5556.31A   -6.917    0.1519      Ca 2                1838.01A   -8.567    0.0034
CO                  67.3181m   -7.578    0.0331      Fe 2                5412.67A   -7.445    0.0450      Ca 2                1840.03A   -8.411    0.0049
CO                  65.6684m   -7.644    0.0285      Fe 2                5333.66A   -5.790    2.0342      Ca 2                2112.76A   -9.039    0.0011
CO                  64.0998m   -7.710    0.0244      Fe 2                5296.84A   -7.073    0.1060      Cl 2                14.3639m   -6.422    0.4752
CO                  62.6072m   -7.777    0.0210      Fe 2                5268.89A   -6.794    0.2019      Cl 2                33.2721m   -7.502    0.0395
CO                  61.1843m   -7.844    0.0180      Fe 2                5107.96A   -7.729    0.0234      Cl 2                8578.70A   -6.110    0.9741
CO                  59.8271m   -7.912    0.0154      Fe 2                5049.30A   -6.197    0.7981      Cl 2                9123.60A   -6.695    0.2534
CO                  58.5311m   -7.980    0.0132      Fe 2                5005.52A   -6.251    0.7046      Cl 2                3677.85A   -8.032    0.0116
CO                  57.2920m   -8.048    0.0112      Fe 2                4973.40A   -6.518    0.3806      Cl 2                6161.84A   -7.986    0.0129
CO                  56.1066m   -8.119    0.0096      Fe 2                4950.76A   -6.864    0.1717      Mg 2                2802.71A   -4.270   67.3664
CO                  54.9712m   -8.189    0.0081      Fe 2                4352.79A   -6.316    0.6060      Mg 2                2795.53A   -3.974  133.3017
CO                  53.8829m   -8.261    0.0069      Fe 2                4319.62A   -6.582    0.3285      Mg 2                2936.52A   -7.201    0.0790
CO                  52.8388m   -8.332    0.0058      Fe 2                4305.90A   -7.385    0.0517      Mg 2                2928.64A   -7.503    0.0394
CO                  51.8365m   -8.405    0.0049      Fe 2                4084.33A   -8.711    0.0024      Mg 2                2797.93A   -7.941    0.0144
CO                  50.8731m   -8.477    0.0042      Fe 2                3504.51A   -7.364    0.0543      Mg 2                2790.77A   -7.239    0.0724
CO                  49.9472m   -8.549    0.0035      Fe 2                3504.02A   -7.220    0.0756      Mg 2                2798.00A   -6.986    0.1297
CO                  49.0559m   -8.624    0.0030      Fe 2                3501.63A   -6.784    0.2063      Mg 2                9244.22A   -9.058    0.0011
CO                  48.1977m   -8.699    0.0025      Fe 2                3489.99A   -7.464    0.0432      Mg 2                9218.22A   -8.762    0.0022
CO                  47.3709m   -8.776    0.0021      Fe 2                2385.01A   -8.068    0.0107      N  2                205.283m   -8.296    0.0063
CO                  46.5738m   -8.853    0.0018      Fe 2                2.06648m   -7.123    0.0945      N  2                121.769m   -8.515    0.0038
CO                  45.8046m   -8.932    0.0015      Fe 2                1.89541m   -6.520    0.3791      N  2                6548.05A   -7.668    0.0270
CO                  45.0623m   -9.013    0.0012      Fe 2                1.79711m   -6.007    1.2360      N  2                6583.45A   -7.198    0.0795
CO                  44.3452m   -9.096    0.0010      Fe 2                1.74494m   -6.295    0.6360      N  2                5754.59A   -9.047    0.0011
^13CO               1359.86m   -8.547    0.0036      Fe 2                9652.70A   -6.719    0.2396      N  2                2142.77A   -9.051    0.0011
^13CO               906.599m   -8.126    0.0094      Fe 2                9470.94A   -6.207    0.7796      Ni 2                1.19102m   -5.095   10.0949
^13CO               679.978m   -7.969    0.0135      Fe 2                9267.56A   -6.589    0.3236      Ni 2                6.63416m   -5.722    2.3806
^13CO               544.012m   -7.898    0.0159      Fe 2                7544.00A   -8.902    0.0016      Ni 2                1.07151m   -6.715    0.2421
^13CO               453.374m   -7.853    0.0176      Fe 2                6558.51A   -7.429    0.0467      Ni 2                10.6793m   -6.352    0.5581
^13CO               388.637m   -7.836    0.0183      Fe 2                5745.71A   -8.048    0.0112      Ni 2                1.27792m   -8.539    0.0036
^13CO               340.088m   -7.827    0.0187      Fe 2                5643.98A   -7.890    0.0162      Ni 2                1.16130m   -7.231    0.0737
^13CO               302.332m   -7.828    0.0186      Fe 2                5495.84A   -7.722    0.0238      Ni 2                12.7253m   -6.768    0.2143
^13CO               272.130m   -7.835    0.0184      Fe 2                5376.47A   -6.185    0.8206      Ni 2                9882.95A   -7.980    0.0131
^13CO               247.423m   -7.848    0.0178      Fe 2                5347.66A   -7.299    0.0631      Ni 2                1.09177m   -7.518    0.0381
^13CO               226.836m   -7.870    0.0169      Fe 2                5181.96A   -7.575    0.0334      Ni 2                18.2355m   -7.484    0.0411
^13CO               209.419m   -7.896    0.0160      Fe 2                5076.57A   -6.855    0.1753      Ni 2                9374.87A   -8.273    0.0067
^13CO               194.493m   -7.918    0.0152      Fe 2                5043.53A   -6.725    0.2365      Ni 2                7377.83A   -5.882    1.6474
^13CO               181.558m   -7.944    0.0143      Fe 2                5020.25A   -6.841    0.1810      Ni 2                8300.99A   -7.178    0.0833
^13CO               170.243m   -7.972    0.0134      Fe 2                4372.43A   -6.857    0.1746      Ni 2                1.93877m   -6.589    0.3230
^13CO               160.261m   -8.001    0.0125      Fe 2                4358.37A   -7.068    0.1073      Ni 2                2.36883m   -7.876    0.0167
^13CO               151.390m   -8.033    0.0116      Fe 2                4080.00A   -8.740    0.0023      Ni 2                2.91064m   -7.545    0.0358
^13CO               143.454m   -8.065    0.0108      Fe 2                3539.19A   -7.068    0.1073      Ni 2                6666.80A   -6.728    0.2346
^13CO               136.314m   -8.099    0.0100      Fe 2                3538.69A   -7.362    0.0546      Ni 2                7411.61A   -6.510    0.3883
^13CO               129.855m   -8.138    0.0091      Fe 2                3536.25A   -7.487    0.0409      Ni 2                1.76458m   -8.655    0.0028
^13CO               123.985m   -8.180    0.0083      Fe 2                3524.38A   -8.796    0.0020      Ni 2                2.04866m   -8.232    0.0074
^13CO               118.627m   -8.224    0.0075      Fe 2                22.8961m   -8.117    0.0096      Ni 2                2.30794m   -7.689    0.0257
^13CO               113.717m   -8.270    0.0067      Fe 2                1.81139m   -8.396    0.0050      Ni 2                6.91767m   -7.988    0.0129
^13CO               109.201m   -8.318    0.0060      Fe 2                7764.71A   -7.603    0.0313      Ni 2                4326.24A   -6.675    0.2650
^13CO               105.034m   -8.369    0.0054      Fe 2                7336.73A   -7.892    0.0161      Ni 2                4628.05A   -7.097    0.1003
^13CO               101.176m   -8.422    0.0047      Fe 2                7267.25A   -8.860    0.0017      Ni 2                6794.20A   -8.154    0.0088
^13CO               97.5955m   -8.478    0.0042      Fe 2                6809.24A   -7.870    0.0169      Ni 2                7255.82A   -7.030    0.1171
^13CO               94.2629m   -8.538    0.0036      Fe 2                6729.87A   -8.151    0.0089      Ni 2                7694.56A   -8.101    0.0100
^13CO               91.1537m   -8.602    0.0031      Fe 2                6671.93A   -8.714    0.0024      Ni 2                8033.54A   -8.265    0.0068
^13CO               88.2461m   -8.669    0.0027      Fe 2                5721.37A   -8.987    0.0013      Ni 2                1.04597m   -7.514    0.0384
^13CO               85.5213m   -8.742    0.0023      Fe 2                5163.96A   -7.898    0.0159      Ni 2                1.23230m   -7.541    0.0361
^13CO               82.9627m   -8.820    0.0019      Fe 2                4266.35A   -8.599    0.0032      Ni 2                4201.17A   -6.858    0.1741
^13CO               80.5556m   -8.906    0.0016      Fe 2                4249.08A   -8.870    0.0017      Ni 2                4485.21A   -7.311    0.0614
^13CO               78.2869m   -9.001    0.0013      Fe 2                4157.92A   -8.875    0.0017      Ni 2                7307.65A   -7.206    0.0781
OH+                 308.406m   -8.989    0.0013      Fe 2                3277.35A   -7.399    0.0501      Ni 2                7612.72A   -7.534    0.0367
C  1                1560.31A   -7.729    0.0234      Fe 2                3255.89A   -8.654    0.0028      Ni 2                1.13597m   -8.217    0.0076
C  1                1560.68A   -7.777    0.0210      Fe 2                2926.59A   -8.273    0.0067      Ni 2                4285.31A   -8.066    0.0108
C  1                1560.71A   -7.924    0.0149      Fe 2                2880.76A   -7.973    0.0134      Ni 2                6791.48A   -7.781    0.0208
C  1                1561.34A   -7.252    0.0703      Fe 2                2755.74A   -6.318    0.6041      Ni 2                7054.20A   -7.685    0.0259
C  1                1561.37A   -7.748    0.0224      Fe 2                2739.55A   -7.018    0.1205      Ni 2                9.61508m   -8.975    0.0013
C  1                1561.44A   -7.292    0.0641      Fe 2                2716.70A   -7.181    0.0826      Ni 2                4033.04A   -7.124    0.0943
C  1                1656.27A   -7.078    0.1049      Fe 2                34.6508m   -8.988    0.0013      Ni 2                4294.09A   -7.244    0.0715
C  1                1656.93A   -7.441    0.0454      Fe 2                1.00287m   -7.590    0.0322      Ni 2                6467.29A   -8.278    0.0066
C  1                1657.01A   -6.703    0.2485      Fe 2                8245.16A   -9.089    0.0010      Ni 2                6813.57A   -7.266    0.0680
C  1                1657.38A   -7.466    0.0429      Fe 2                8037.28A   -8.120    0.0095      Ni 2                7078.04A   -7.815    0.0192
C  1                1657.91A   -7.002    0.1249      Fe 2                7579.61A   -8.611    0.0031      Ni 2                1.02090m   -8.596    0.0032
C  1                1658.12A   -7.091    0.1017      Fe 2                7017.95A   -8.530    0.0037      Ni 2                3993.06A   -6.779    0.2088
C  1                1930.90A   -8.879    0.0017      Fe 2                6933.67A   -8.896    0.0016      Ni 2                4248.80A   -7.254    0.0699
C  1                1992.01A   -8.670    0.0027      Fe 2                6872.19A   -8.061    0.0109      Ni 2                6007.06A   -8.368    0.0054
C  1                1993.62A   -7.266    0.0680      Fe 2                6829.03A   -9.096    0.0010      Ni 2                6365.10A   -7.253    0.0701
C  1                2582.90A   -8.530    0.0037      Fe 2                5746.98A   -7.948    0.0142      Ni 2                6700.24A   -8.646    0.0028
C  1                8727.13A   -8.967    0.0014      Fe 2                5283.12A   -8.506    0.0039      Ni 2                6955.82A   -8.681    0.0026
C  1                9824.13A   -4.324   59.5444      Fe 2                5199.18A   -8.721    0.0024      Ni 2                8703.87A   -7.708    0.0246
C  1                9850.26A   -3.849  177.8904      Fe 2                4351.81A   -8.870    0.0017      Ni 2                9956.63A   -7.934    0.0146
C  1                370.269m   -4.187   81.6160      Fe 2                4347.36A   -8.239    0.0072      Ni 2                5.18504m   -8.713    0.0024
C  1                609.590m   -4.770   21.3205      Fe 2                4329.43A   -7.586    0.0326      Ni 2                3438.88A   -6.968    0.1352
C  2                1334.53A   -8.923    0.0015      Fe 2                2953.77A   -9.003    0.0012      Ni 2                3626.89A   -7.275    0.0666
C  2                1335.66A   -8.593    0.0032      Fe 2                2772.73A   -7.079    0.1046      Ni 2                3378.16A   -7.582    0.0329
C  2                1335.71A   -8.578    0.0033      Fe 2                2749.32A   -7.147    0.0894      Ni 2                3559.41A   -7.561    0.0345
C  2                2323.50A   -8.336    0.0058      Fe 2                9795.19A   -8.368    0.0054      level 1 lines..................................
C  2                2324.69A   -8.022    0.0119      Fe 2                8228.13A   -8.283    0.0065      recombination..................................
C  2                2325.40A   -7.553    0.0351      Fe 2                7613.14A   -8.691    0.0026      level2 lines...................................
C  2                2326.93A   -7.554    0.0350      Fe 2                7011.24A   -9.097    0.0010      C  1                1247.50A   -7.946    0.0142
C  2                2328.12A   -7.969    0.0135      Fe 2                6966.33A   -8.454    0.0044      C  1                1314.77A   -7.870    0.0169
C  2                157.636m   -5.580    3.3043      Fe 2                5477.25A   -8.452    0.0044      C  1                1233.29A   -8.464    0.0043
Ca 1                4226.73A   -7.206    0.0780      Fe 2                5278.38A   -8.920    0.0015      C  1                1250.68A   -8.617    0.0030
Ca 1                6439.08A   -8.159    0.0087      Fe 2                4402.59A   -8.705    0.0025      Mg 1                1817.31A   -8.780    0.0021
Ca 1                6462.57A   -8.406    0.0049      Fe 2                4384.21A   -8.637    0.0029      Mg 1                1739.09A   -8.988    0.0013
Ca 1                6493.78A   -8.620    0.0030      Fe 2                1.05081m   -8.848    0.0018      Mg 1                1699.05A   -9.012    0.0012
Cl 1                11.3303m   -7.442    0.0454      Fe 2                7710.80A   -9.002    0.0012      Mg 1                1675.74A   -9.032    0.0012
Co 2                9335.96A   -8.237    0.0073      Fe 2                7048.01A   -8.668    0.0027      Mg 1                1660.94A   -9.090    0.0010
Co 2                9639.13A   -8.675    0.0027      Fe 2                5901.28A   -8.898    0.0016      Si 1                1853.05A   -8.957    0.0014
Co 2                10.5199m   -7.071    0.1066      Fe 2                5527.62A   -9.010    0.0012      Si 2                1179.59A   -8.284    0.0065
Co 2                15.4548m   -7.957    0.0139      Fe 2                2.04602m   -7.535    0.0366      S  1                1356.05A   -8.474    0.0042
Co 2                2.98382m   -6.557    0.3479      Fe 2                1.41956m   -8.090    0.0102      S  1                1392.25A   -8.854    0.0018
Co 2                14.7345m   -7.601    0.0315      Fe 2                1.35904m   -8.895    0.0016      S  1                1418.10A   -9.050    0.0011
Co 2                18.7989m   -8.120    0.0095      Fe 2                1.23314m   -7.884    0.0164      Ca 2                1360.06A   -9.077    0.0011
Co 2                25.6819m   -8.808    0.0020      Fe 2                1.09108m   -7.806    0.0196      Fe 1                2484.25A   -8.727    0.0024
Co 2                1.01879m   -7.286    0.0649      Fe 2                1.07084m   -8.245    0.0071      Fe 1                2526.51A   -8.963    0.0014
Co 2                1.12804m   -8.257    0.0069      Fe 2                1.05625m   -8.695    0.0025      Sc 2                3627.22A   -7.422    0.0475
Co 2                1.54700m   -7.531    0.0369      Fe 2                1.01565m   -8.497    0.0040      Sc 2                3575.45A   -7.544    0.0359
Co 2                1.72847m   -8.527    0.0037      Fe 2                8119.18A   -8.974    0.0013      Sc 2                3368.13A   -8.108    0.0098
Co 2                1.90349m   -8.367    0.0054      Fe 2                5588.16A   -7.800    0.0199      Ti 2                3364.74A   -5.848    1.7822
Co 2                1.02452m   -8.093    0.0101      Fe 2                5586.91A   -8.662    0.0027      Ti 2                3237.15A   -6.087    1.0261
Co 2                1.09726m   -8.721    0.0024      Fe 2                5580.82A   -7.232    0.0736      Ti 2                1904.17A   -7.955    0.0139
Co 2                1.49674m   -8.957    0.0014      Fe 2                5551.32A   -6.950    0.1410      Ti 2                1907.36A   -7.698    0.0251
Co 2                1.62622m   -8.945    0.0014      Fe 2                3227.74A   -8.634    0.0029      V  2                2710.94A   -8.176    0.0084
Co 2                1.73616m   -8.651    0.0028      Fe 2                3196.07A   -8.184    0.0082      V  2                2684.22A   -7.939    0.0144
Co 2                1.02803m   -8.690    0.0026      Fe 2                2.13278m   -7.790    0.0203      V  2                2139.33A   -8.572    0.0034
Co 2                8580.39A   -8.746    0.0023      Fe 2                1.46079m   -8.636    0.0029      Cr 1                4269.56A   -8.608    0.0031
Co 2                9342.40A   -7.442    0.0454      Fe 2                1.39678m   -8.697    0.0025      Cr 1                3589.90A   -8.425    0.0047
Co 2                9943.48A   -7.789    0.0204      Fe 2                1.30943m   -8.717    0.0024      Cr 2                2059.78A   -6.448    0.4478
Co 2                7539.01A   -8.110    0.0097      Fe 2                1.24364m   -8.902    0.0016      Mn 2                1198.85A   -8.807    0.0020
Co 2                8121.00A   -7.823    0.0189      Fe 2                1.09413m   -8.004    0.0124      Co 2                2060.90A   -7.914    0.0153
Co 2                8571.41A   -8.430    0.0047      Fe 2                1.07890m   -8.100    0.0100      Co 2                2018.80A   -7.948    0.0141
Co 2                6.21176m   -9.071    0.0011      Fe 2                1.06830m   -8.858    0.0017      Co 2                1949.74A   -8.026    0.0118
Co 2                8027.34A   -8.289    0.0065      Fe 2                1.03658m   -8.869    0.0017      Co 2                1575.91A   -8.549    0.0035
Co 2                8467.14A   -8.702    0.0025      Fe 2                5650.95A   -7.779    0.0209      Co 2                1470.18A   -8.629    0.0030
Co 2                8333.76A   -8.470    0.0043      Fe 2                5649.67A   -7.753    0.0222      Ni 2                1751.83A   -7.482    0.0413
Cr 2                8000.08A   -6.281    0.6574      Fe 2                5643.44A   -8.890    0.0016      Ni 2                1744.24A   -7.289    0.0645
Cr 2                8125.30A   -6.355    0.5546      Fe 2                5613.27A   -7.165    0.0858      Ni 2                1484.97A   -8.619    0.0030
Cr 2                8229.67A   -6.449    0.4464      Fe 2                2.24366m   -8.128    0.0093      Ni 2                1472.74A   -8.307    0.0062
Cr 2                8308.49A   -6.636    0.2900      Fe 2                2.00672m   -7.474    0.0422      Ni 2                1400.37A   -8.617    0.0030
Cr 2                8357.64A   -6.934    0.1462      Fe 2                1.10657m   -8.347    0.0056      Ni 2                1375.73A   -8.280    0.0066
Fe 1                24.0358m   -6.716    0.2414      Fe 2                1.09542m   -8.451    0.0044      Ni 2                1324.11A   -8.382    0.0052
Fe 1                34.7038m   -7.304    0.0623      Fe 2                5725.92A   -8.050    0.0112      hyperfine structure............................
Fe 2                25.9813m   -4.647   28.3153      Fe 2                5718.22A   -7.500    0.0397      inner shell....................................
Fe 2                5.33871m   -4.124   94.3023      Fe 2                2.22379m   -6.883    0.1642      molecules......................................
Fe 2                4.11387m   -6.487    0.4092      Fe 2                2.01513m   -7.203    0.0786      bands..........................................
Fe 2                1.25668m   -5.396    5.0436      Fe 2                9682.08A   -7.715    0.0242      Fe 2b               2500.00A   -4.282   65.6091
Fe 2                1.19129m   -8.181    0.0083      Fe 2                9513.85A   -8.521    0.0038      Fe 2b               5000.00A   -4.337   57.7536
Fe 2                6309.53A   -9.026    0.0012      Fe 2                8715.81A   -8.347    0.0056      Fe 2b               7000.00A   -5.280    6.5902
Fe 2                4799.30A   -8.924    0.0015      Fe 2                6873.84A   -8.012    0.0122      Fe 2b               10000.0A   -3.960  137.6620
Fe 2                4704.22A   -8.149    0.0089      Fe 2                6700.65A   -8.982    0.0013      Fe 2b               2355.00A   -5.069   10.6992
Fe 2                4632.28A   -6.356    0.5531      Fe 2                6188.55A   -8.191    0.0081      Fe 2b               2430.00A   -4.289   64.5130
Fe 2                4604.48A   -8.139    0.0091      Fe 2                5870.02A   -8.443    0.0045      Fe 2b               2445.00A   -4.289   64.5129
Fe 2                4416.27A   -6.337    0.5774      Fe 2                5673.20A   -8.477    0.0042      Fe 2b               2495.00A   -4.855   17.5222
Fe 2                4382.74A   -7.307    0.0619      Fe 2                4898.61A   -8.213    0.0077      Fe 2b               2610.00A   -4.539   36.2866
Fe 2                4287.39A   -5.375    5.2960      Fe 2                2.25348m   -7.721    0.0239      Fe 2b               2695.00A   -7.181    0.0827
Fe 2                3931.44A   -8.969    0.0013      Fe 2                1.02005m   -8.929    0.0015      Fe 2b               2758.00A   -6.102    0.9915
Fe 2                3874.07A   -8.600    0.0032      Fe 2                1.00139m   -8.373    0.0053      Fe 2b               2780.00A   -6.062    1.0879
Fe 2                3175.38A   -7.186    0.0818      Fe 2                9133.66A   -9.096    0.0010      Fe 2b               2935.00A   -7.755    0.0221
Fe 2                2599.40A   -7.827    0.0187      Fe 2                8885.67A   -8.821    0.0019      Fe 2b               2960.00A   -8.158    0.0087
Fe 2                2585.88A   -8.870    0.0017      Fe 2                7131.14A   -8.986    0.0013      Fe 2b               3180.00A   -6.698    0.2516
Fe 2                2382.04A   -5.964    1.3645      Fe 2                6944.91A   -8.555    0.0035      Fe 2b               3250.00A   -5.996    1.2657
Fe 2                2343.50A   -8.663    0.0027      Fe 2                6473.88A   -8.591    0.0032      Fe 2b               3590.00A   -6.016    1.2095
Fe 2                35.3391m   -5.308    6.1713      Fe 2                6044.10A   -9.023    0.0012      Fe 2b               3910.00A   -8.066    0.0108
Fe 2                6.71944m   -5.264    6.8367      Fe 2                5835.45A   -8.691    0.0026      Fe 2b               4060.00A   -8.724    0.0024
Fe 2                4.88781m   -6.150    0.8882      Fe 2                5060.09A   -8.772    0.0021      Fe 2b               4255.00A   -4.770   21.3010
Fe 2                4.07521m   -6.972    0.1340      Fe 2                4576.40A   -9.025    0.0012      Fe 2b               4558.00A   -5.501    3.9642
Fe 2                1.32055m   -5.892    1.6081      Fe 2                1.34608m   -9.071    0.0011      Fe 2b               4600.00A   -5.471    4.2448
Fe 2                1.24854m   -6.926    0.1487      Fe 2                1.11648m   -8.887    0.0016      Fe 2b               4743.00A   -6.219    0.7572
Fe 2                1.20512m   -8.739    0.0023      Fe 2                5048.19A   -8.739    0.0023      Fe 2b               4855.00A   -5.641    2.8711
Fe 2                7637.52A   -6.196    0.7988      Fe 2                1.71482m   -8.322    0.0060      Fe 2b               4920.00A   -5.126    9.3884
Fe 2                7523.28A   -8.243    0.0072      Fe 2                9949.21A   -8.654    0.0028      Fe 2b               4975.00A   -5.656    2.7725
Fe 2                4889.62A   -6.220    0.7567      Fe 2                7975.22A   -8.837    0.0018      Fe 2b               4971.00A   -5.699    2.5117
Fe 2                4750.27A   -8.951    0.0014      Fe 2                1.47063m   -9.092    0.0010      Fe 2b               5070.00A   -5.578    3.3198
Fe 2                4716.37A   -7.234    0.0733      Fe 2                1.01273m   -8.768    0.0021      Fe 2b               5143.00A   -5.044   11.3382
Fe 2                4687.56A   -7.437    0.0459      Fe 2                6353.11A   -8.889    0.0016      Fe 2b               5270.00A   -4.760   21.8357
Fe 2                4492.64A   -7.207    0.0780      Fe 2                1.80228m   -8.990    0.0013      Fe 2b               5318.00A   -5.078   10.4971
Fe 2                4457.95A   -6.605    0.3116      Fe 2                1.00387m   -8.919    0.0015      Fe 2b               5540.00A   -6.225    0.7475
Fe 2                4432.45A   -7.399    0.0501      Fe 2                9469.41A   -8.802    0.0020      Fe 2b               5865.00A   -6.825    0.1879
Fe 2                4359.33A   -5.505    3.9197      Fe 2                9384.77A   -8.293    0.0064      Fe 2b               6265.00A   -7.637    0.0289
Fe 2                3224.54A   -8.282    0.0066      Fe 2                2.39329m   -8.343    0.0057      Fe 2b               6565.00A   -6.981    0.1312
Fe 2                3214.67A   -7.700    0.0250      Fe 2                4825.73A   -7.769    0.0214      Fe 2b               6910.00A   -6.920    0.1509
Fe 2                2625.67A   -4.661   27.3868      Fe 2                2.50030m   -8.680    0.0026      Fe 2b               7445.00A   -5.301    6.2739
Fe 2                2611.87A   -5.395    5.0600      Fe 2                4867.73A   -8.810    0.0019      Fe 2b               8625.00A   -4.969   13.4865
Fe 2                2598.37A   -6.626    0.2971      Fe 2                2.59860m   -9.063    0.0011      Fe 2b               1.03250m   -6.026    1.1810
Fe 2                2395.63A   -5.670    2.6808      Fe 2                4903.85A   -8.262    0.0069      Fe 2b               1.88900m   -4.675   26.5339
Fe 2                2388.63A   -6.722    0.2383      Fe 2                1.04657m   -9.096    0.0010      Fe 2b               2.20000m   -6.759    0.2185
Fe 2                2383.06A   -8.623    0.0030      Fe 2                3.58120m   -8.687    0.0026      miscellaneous..................................
Fe 2                2364.83A   -6.067    1.0759      Fe 2                3.15558m   -8.718    0.0024      Blnd                8446.00A   -8.830    0.0019
Fe 2                2332.80A   -7.151    0.0888      Fe 2                5171.63A   -8.070    0.0107      Blnd                1304.00A   -7.228    0.0743
Fe 2                2279.91A   -8.705    0.0025      Fe 2                5169.03A   -7.313    0.0611      Blnd                2798.00A   -3.796  200.6682
Fe 2                51.2868m   -5.826    1.8717      Fe 2                5018.44A   -9.039    0.0011      Blnd                6720.00A   -4.506   39.1832
Fe 2                5.67236m   -6.962    0.1371      Fe 2                6044.54A   -8.514    0.0038      Blnd                4074.00A   -5.830    1.8564
Fe 2                4.60641m   -6.771    0.2126      Fe 2                5316.61A   -9.003    0.0012      Blnd                1.03300m   -5.939    1.4445
Fe 2                4.08085m   -7.517    0.0381      Fe 3                22.9190m   -9.035    0.0012      Blnd                1256.00A   -7.866    0.0171
Fe 2                1.37181m   -6.136    0.9180      Fe 3                4985.87A   -8.897    0.0016      Blnd                5892.00A   -7.318    0.0603
Fe 2                1.29427m   -6.712    0.2437      K  1                7664.90A   -8.834    0.0018      Blnd                2665.00A   -5.347    5.6414
Fe 2                7806.23A   -7.969    0.0135      Mg 1                2025.82A   -8.182    0.0083      Blnd                2335.00A   -5.157    8.7436
Fe 2                7686.93A   -6.274    0.6681      Mg 1                2852.13A   -5.588    3.2425      Blnd                8579.00A   -4.765   21.5515
Fe 2                7552.40A   -8.753    0.0022      Mg 1                3832.30A   -8.660    0.0027      Blnd                7306.00A   -4.120   95.2537
Fe 2                4958.23A   -8.070    0.0107      Mg 1                3838.29A   -8.243    0.0072      Blnd                3933.00A   -6.242    0.7197
Fe 2                4750.57A   -8.067    0.0107      Mg 1                4562.60A   -5.394    5.0659      Blnd                1657.00A   -6.274    0.6684
Fe 2                4728.07A   -6.868    0.1700      Mg 1                4571.10A   -5.832    1.8460      Blnd                9850.00A   -3.723  237.4349
Fe 2                4514.90A   -7.231    0.0738      Mg 1                4575.29A   -6.760    0.2179      Blnd                2326.00A   -7.093    0.1014
Fe 2                4488.75A   -6.950    0.1408      Mg 1                5167.32A   -7.919    0.0151      Blnd                1335.00A   -8.195    0.0080
Fe 2                4470.30A   -8.153    0.0088      Mg 1                5172.68A   -7.445    0.0451      Blnd                3467.00A   -6.648    0.2826
Fe 2                4413.78A   -5.657    2.7673      Mg 1                5183.60A   -7.224    0.0749      Blnd                5199.00A   -4.402   49.7423
Fe 2                3254.24A   -7.760    0.0218      Mg 1                8806.76A   -7.503    0.0395      Blnd                1.04030m   -5.891    1.6124
Fe 2                3244.18A   -8.054    0.0111      Mg 1                1.18282m   -7.670    0.0268      Blnd                2141.00A   -8.903    0.0016
Fe 2                2631.32A   -5.626    2.9667      Mg 1                1.50250m   -8.485    0.0041      Blnd                6300.00A   -4.118   95.7147
Fe 2                2617.62A   -7.071    0.1067      Mg 1                1.50402m   -8.929    0.0015      Blnd                2471.00A   -8.789    0.0020
Fe 2                2607.09A   -6.957    0.1385      Mg 1                1.71087m   -8.192    0.0081      Blnd                7323.00A   -8.957    0.0014
Fe 2                2404.89A   -6.657    0.2768      Mn 2                2576.10A   -6.599    0.3160      Blnd                7332.00A   -9.039    0.0011
Fe 2                2399.24A   -7.478    0.0417      Mn 2                2593.72A   -6.692    0.2548      Blnd                3727.00A   -6.878    0.1663
Fe 2                2395.42A   -8.475    0.0042      Mn 2                2605.68A   -6.833    0.1845      Blnd                7325.00A   -8.695    0.0025



 IC443 grid point v shock=47 km/s  
 Cooling:  H  1c                     0 :0.130 C  1c                     0 :0.055 Fe 2c                     0 :0.068 O  1c                     0 :0.405 Si 2c                     0 :0.232  
 Heating:  TotM                      0 :0.218 CT H                      0 :0.463 H- H                      0 :0.316  

 These are some of the most important databases used by Cloudy:
 Many recombination coefficients were taken from http://amdpp.phys.strath.ac.uk/tamoc/RR/ and http://amdpp.phys.strath.ac.uk/tamoc/DR/
      and are based on the following papers:
        Badnell N. R., et al., A&A 406, 1151 (2003) [http://adsabs.harvard.edu/abs/2003A%26A...406.1151B]
        Badnell N. R., ApJS 167, 334 (2006) [http://adsabs.harvard.edu/abs/2006ApJS..167..334B]
 Much of the molecular emission data is from LAMDA as accessed on June 30, 2015. This database is described in:
        Schoeier F.L., et al., A&A 432, 369 (2005) [http://adsabs.harvard.edu/abs/2005A%26A...432..369S]
      This database is in part based on the work of the following groups:
        JPL: Pickett H. M. et al., JQSRT, 60, 883 (1998). [http://adsabs.harvard.edu/abs/1998JQSRT..60..883P]
        CDMS: Mueller H. S. et al., A&A 370, L49 (2001). [http://adsabs.harvard.edu/abs/2001A%26A...370L..49M]
              Mueller H. S. et al., J. Mol. Struct. 742, 215 (2005). [http://adsabs.harvard.edu/abs/2005JMoSt.742..215M]
 Some of the ionic emission data is from version 10.0.1 of CHIANTI. CHIANTI is a collaborative project involving the NRL (USA), the
      Universities of Florence (Italy) and Cambridge (UK), and George Mason University (USA). These papers describe Chianti:
        Dere K. P., et al., A&AS, 125, 149 (1997) [http://adsabs.harvard.edu/abs/1997A%26AS..125..149D]
        Landi E., et al., ApJ, 744, 99 (2012) [http://adsabs.harvard.edu/abs/2012ApJ...744...99L]
 Much of the H_2 data is from this web site: http://molat.obspm.fr/index.php?page=pages/Molecules/H2/H2can94.php. These data are
      described in:
        Abgrall H. et al., Can. J. Phys., 72, 856 (1994) [http://adsabs.harvard.edu/abs/1994CaJPh..72..856A]
        Wrathmall S. A. & Flower D. R., J. Phys. B, 40, 3221 (2007) [http://adsabs.harvard.edu/abs/2007JPhB...40.3221W]
 The Case A and Case B recombination predictions for one-electron systems are from
	Storey, P.J. & Hummer, D.G., 1995, MNRAS 272, 41 http://adsabs.harvard.edu/abs/1995MNRAS.272...41S
 The He I recombination predictions are from
	Porter, R. L.; Ferland, G. J.; Storey, P. J.; Detisch, M. J., 2012, MNRAS, 425, 28p http://adsabs.harvard.edu/abs/2012MNRAS.425L..28P
		http://adsabs.harvard.edu/abs/2013MNRAS.433L..89P

 If you find some process or data set to be particularly critical to a result, please follow the trail of references back to the
 original source and cite that.  This will support and encourage atomic, molecular, and chemical physicists to continue their
 valuable work.

 IONIZE PARMET:  U(1-)-37.0000  U(4-):-37.0000  U(sp):-37.00  Q(ion):   -3.384  L(ion)-13.894    Q(low): 10.731    L(low) -2.652
 ENERGY BUDGET:  Heat:  -6.834  Coolg:  -2.306  Error:3378179.8%  Rec Lin:  -3.630  F-F  H  0.000    P(rad/tot)max     1.50E-04    R(F Con):1.737e+05

     Col(Heff):      4.596E+20  snd travl time  2.30E+12 sec  Te-low: 1.00E+04  Te-hi: 1.00E+04  G0TH85: 0.00E+00  G0DB96:0.00E+00
  Emiss Measure    n(e)n(p) dl       7.902E+16  n(e)n(He+)dl         6.728E+08  En(e)n(He++) dl         0.000E+00  ne nC+:9.70E+13
 He/Ha:2.67E-08  =   0.00*true  Lthin:6.79E+06  itr/zn: 1.44  H2 itr/zn:  0.00  File Opacity: F  MassTot 1.30e-03  (gm/cm^2)
   Temps(21 cm)   T(21cm/Ly a)  6.33E+03        T(<nH/Tkin>)  1.00E+04          T(<nH/Tspin>)    6.78E+03          TB21cm:1.33E+01
                   N(H0/Tspin)  8.10E+16        N(OH/Tkin)    7.78E+07          B(21cm)          0.00E+00
   <a>:3.96E-12  erdeFe0.0E+00  Tcompt0.00E+00  Tthr2.62E+11  <Tden>: 1.00E+04  <dens>:7.07E-22  <MolWgt>1.29E+00
     Mean Jeans  l(cm)2.07E+20  M(sun)1.65E+06  smallest:     len(cm):2.07E+20  M(sun):1.64E+06  a_ox tran:  0.00
 Rion:1.000E+30  Dist:0.00E+00  Diam:0.000E+00
 Hatom level 70  HatomType: add  HInducImp  F  He tot level: 63  He2 level:   70  ExecTime    46.2
 ConvrgError(%)  <eden>  0.153  MaxEden  0.812  <H-C> 100.00  Max(H-C)  100.00  <Press>   0.000  MaxPrs er  0.000
  Continuity(%)  chng Te   0.0  elec den   1.0  n(H2)    0.0  n(CO)        5.5

                                                        Averaged Quantities
             Te      Te(Ne)   Te(NeNp)  Te(NeHe+)Te(NeHe2+) Te(NeO+)  Te(NeO2+)  Te(H2)     N(H)     Ne(O2+)   Ne(Np)
 Radius:  1.00e+04  1.00e+04  1.00e+04  1.00e+04  0.00e+00  1.00e+04  1.00e+04  1.00e+04  2.99e+02  2.25e-01  2.25e-01
 
 Peimbert T(OIIIr)0.00E+00 T(Bac)0.00E+00 T(Hth)7.02E+03 t2(Hstrc) 0.00e+00 T(O3-BAC)5.59E+03 t2(O3-BC)-1.50e-01 t2(O3str) 3.31e-32

 Contin Optical Depths: COMP: 2.74e-07    H-: 1.39e-04 R(1300): 3.69e-03  H2+: 9.42e-07  Bra:2.74E-07
                          Pa: 2.77e-07    Ba: 1.27e-04      Hb: 9.86e-05   La: 9.08e+00     1r:3.488E+03  1.8:1.09E+03 4.:1.645E+02

 Old, new H  1 continuum optical depths:
     1 3.49e+03     2 7.15e-05     3 1.40e-04     4 1.40e-04     5 1.40e-04     6 3.63e-05     7 3.63e-05     8 3.63e-05
     9 3.63e-05    10 4.10e-18    11 4.10e-18    12 4.10e-18    13 4.10e-18    14 4.10e-18    15 5.89e-18    16 5.89e-18
    17 5.89e-18    18 5.89e-18    19 5.89e-18    20 5.89e-18    21 1.02e-17    22 1.02e-17    23 1.02e-17    24 1.02e-17
    25 1.02e-17    26 1.02e-17    27 1.02e-17    28 1.65e-17    29 1.65e-17    30 1.65e-17    31 1.65e-17    32 1.65e-17
    33 1.65e-17    34 1.65e-17    35 1.65e-17    36 2.53e-17    37 2.53e-17    38 2.53e-17    39 2.53e-17    40 2.53e-17
    41 2.53e-17    42 2.53e-17    43 2.53e-17    44 2.53e-17    45 3.69e-17    46 3.69e-17    47 3.69e-17    48 3.69e-17
    49 3.69e-17    50 3.69e-17    51 3.69e-17    52 3.69e-17    53 3.69e-17    54 3.69e-17
     1 3.49e+03     2 7.12e-05     3 1.40e-04     4 1.40e-04     5 1.40e-04     6 3.61e-05     7 3.61e-05     8 3.61e-05
     9 3.61e-05    10 4.08e-18    11 4.08e-18    12 4.08e-18    13 4.08e-18    14 4.08e-18    15 5.85e-18    16 5.85e-18
    17 5.85e-18    18 5.85e-18    19 5.85e-18    20 5.85e-18    21 1.02e-17    22 1.02e-17    23 1.02e-17    24 1.02e-17
    25 1.02e-17    26 1.02e-17    27 1.02e-17    28 1.64e-17    29 1.64e-17    30 1.64e-17    31 1.64e-17    32 1.64e-17
    33 1.64e-17    34 1.64e-17    35 1.64e-17    36 2.51e-17    37 2.51e-17    38 2.51e-17    39 2.51e-17    40 2.51e-17
    41 2.51e-17    42 2.51e-17    43 2.51e-17    44 2.51e-17    45 3.66e-17    46 3.66e-17    47 3.66e-17    48 3.66e-17
    49 3.66e-17    50 3.66e-17    51 3.66e-17    52 3.66e-17    53 3.66e-17    54 3.66e-17

 Old, new H  1 mean line optical depths:
  2- 1 5.74e+07  3- 2 1.49e-06  4- 3 2.00e-13  5- 4 1.06e-13  6- 5 2.54e-13  7- 6-7.07e-15  8- 7 9.01e-15
  9- 8 8.00e-14 10- 9 2.71e-13 11-10 1.16e-12 12-11 1.20e-14 13-12-2.79e-15 14-13-3.63e-14 15-14-1.03e-13 16-15-2.25e-13
 17-16-4.37e-13 18-17-7.95e-13 19-18-1.38e-12 20-19-2.32e-12 21-20-3.84e-12 22-21-6.43e-12 23-22-1.15e-11 24-23-2.66e-11
 25-24-7.62e-10
  2- 1 5.74e+07  3- 2 1.38e-06  4- 3 1.99e-13  5- 4 1.06e-13  6- 5 2.53e-13  7- 6-7.03e-15  8- 7 8.97e-15
  9- 8 7.96e-14 10- 9 2.70e-13 11-10 1.16e-12 12-11 1.21e-14 13-12-2.51e-15 14-13-3.57e-14 15-14-1.02e-13 16-15-2.23e-13
 17-16-4.34e-13 18-17-7.88e-13 19-18-1.37e-12 20-19-2.30e-12 21-20-3.81e-12 22-21-6.37e-12 23-22-1.14e-11 24-23-2.63e-11
 25-24-7.50e-10

 Old, new He 2 continuum optical depths:
     1 1.64e+02     2 3.47e+03     3 8.07e-05     4 8.07e-05     5 8.07e-05     6 7.15e-05     7 7.15e-05     8 7.15e-05
     9 7.15e-05    10 1.14e-04    11 1.14e-04    12 1.14e-04    13 1.14e-04    14 1.14e-04    15 1.40e-04    16 1.40e-04
    17 1.40e-04    18 1.40e-04    19 1.40e-04    20 1.40e-04    21 1.18e-04    22 1.18e-04    23 1.18e-04    24 1.18e-04
    25 1.18e-04    26 1.18e-04    27 1.18e-04    28 3.63e-05    29 3.63e-05    30 3.63e-05    31 3.63e-05    32 3.63e-05
    33 3.63e-05    34 3.63e-05    35 3.63e-05    36 2.66e-18    37 2.66e-18    38 2.66e-18    39 2.66e-18    40 2.66e-18
    41 2.66e-18    42 2.66e-18    43 2.66e-18    44 2.66e-18    45 4.10e-18    46 4.10e-18    47 4.10e-18    48 4.10e-18
    49 4.10e-18    50 4.10e-18    51 4.10e-18    52 4.10e-18    53 4.10e-18    54 4.10e-18
     1 1.64e+02     2 3.47e+03     3 8.09e-05     4 8.09e-05     5 8.09e-05     6 7.12e-05     7 7.12e-05     8 7.12e-05
     9 7.12e-05    10 1.13e-04    11 1.13e-04    12 1.13e-04    13 1.13e-04    14 1.13e-04    15 1.40e-04    16 1.40e-04
    17 1.40e-04    18 1.40e-04    19 1.40e-04    20 1.40e-04    21 1.18e-04    22 1.18e-04    23 1.18e-04    24 1.18e-04
    25 1.18e-04    26 1.18e-04    27 1.18e-04    28 3.61e-05    29 3.61e-05    30 3.61e-05    31 3.61e-05    32 3.61e-05
    33 3.61e-05    34 3.61e-05    35 3.61e-05    36 2.65e-18    37 2.65e-18    38 2.65e-18    39 2.65e-18    40 2.65e-18
    41 2.65e-18    42 2.65e-18    43 2.65e-18    44 2.65e-18    45 4.08e-18    46 4.08e-18    47 4.08e-18    48 4.08e-18
    49 4.08e-18    50 4.08e-18    51 4.08e-18    52 4.08e-18    53 4.08e-18    54 4.08e-18

 Old, new He 2 mean line optical depths:
  2- 1 0.00e+00  3- 2 0.00e+00  4- 3 0.00e+00  5- 4 0.00e+00  6- 5 0.00e+00  7- 6 0.00e+00  8- 7 0.00e+00
  9- 8 0.00e+00 10- 9 0.00e+00 11-10 0.00e+00 12-11 0.00e+00 13-12 0.00e+00 14-13 0.00e+00 15-14 0.00e+00 16-15 0.00e+00
 17-16 0.00e+00 18-17 0.00e+00 19-18 0.00e+00 20-19 0.00e+00 21-20 0.00e+00 22-21 0.00e+00 23-22 0.00e+00 24-23 0.00e+00
 25-24 0.00e+00
  2- 1 0.00e+00  3- 2 0.00e+00  4- 3 0.00e+00  5- 4 0.00e+00  6- 5 0.00e+00  7- 6 0.00e+00  8- 7 0.00e+00
  9- 8 0.00e+00 10- 9 0.00e+00 11-10 0.00e+00 12-11 0.00e+00 13-12 0.00e+00 14-13 0.00e+00 15-14 0.00e+00 16-15 0.00e+00
 17-16 0.00e+00 18-17 0.00e+00 19-18 0.00e+00 20-19 0.00e+00 21-20 0.00e+00 22-21 0.00e+00 23-22 0.00e+00 24-23 0.00e+00
 25-24 0.00e+00

 Old He Is optical depths:    1 1.09e+03    2 4.68e-05    3 5.93e-05    4 6.63e-05    5 6.63e-05
 New He Is optical depths:    1 1.09e+03    2 4.66e-05    3 5.90e-05    4 6.60e-05    5 6.60e-05
          Old He Is Lines:  584 3.65e+06 3889 7.47e-09 5016 1.27e-14 5876 4.31e-20
          New He Is Lines:  584 3.65e+06 3889 7.43e-09 5016 1.27e-14 5876 4.29e-20

==== H      compounds ====           Log10 column densities [cm^-2]
   H2        : 15.442   H2*       : 12.638   H2+       : 11.129   H3+       :  7.527
==== He     compounds ====
   HeH+      : 10.311
==== Li     compounds ====
   LiH       :  2.965   LiH+      :  0.805
==== C      compounds ====
   CH        : 11.927   CH+       :  9.737   CH2       :  7.465   CH2+      :  5.959   CH3       :  1.333   CH3+      :  1.269
   CH4       : -3.694   CH4+      : -5.459   CH5+      : -9.928   C2        : 11.098   C2+       :  9.805   C2H       :  6.149
   C2H+      :  5.886   C2H2      :  0.014   C2H2+     :  1.810   C2H3+     : -8.052   C3        :  1.097   C3+       :  3.749
   C3H       : -1.585   C3H+      :  0.318
==== N      compounds ====
   NH        : 13.635   NH+       : 12.944   NH2       :  9.496   NH2+      :  9.207   NH3       :  5.054   NH3+      :  4.784
   NH4+      : -1.551   CN        : 13.080   CN+       :  7.412   HCN       :  7.635   HCN+      :  6.586   HNC       :  5.689
   HCNH+     :  2.583   HC3N      : -3.613   N2        : 14.028   N2+       :  9.884   N2H+      :  2.984
==== O      compounds ====
   OH        : 11.891   OH+       : 12.074   H2O       :  6.441   H2O+      :  8.110   H3O+      :  3.874   CO        : 14.478
   CO+       :  7.360   HCO+      :  8.321   H2CO      :  3.310   NO        : 12.168   NO+       : 10.511   HNO       :  5.892
   HNO+      :  6.201   OCN       :  4.165   OCN+      :  7.891   N2O       :  7.005   O2        :  7.525   O2+       : 10.515
   NO2       :  5.301   NO2+      :  4.329
==== F      compounds ====
   HF        : 12.149   HF+       :  3.942   H2F+      :  0.425   CF+       :  8.758
==== Ne     compounds ====
   NeH+      :  8.638
==== Si     compounds ====
   SiH       :  4.816   SiH2+     :  3.644   SiN       :  2.533   SiN+      : 10.752   SiO       :  7.505   SiO+      :  9.231
   SiOH+     :  4.853
==== S      compounds ====
   HS        : 11.090   HS+       :  9.700   CS        :  9.523   CS+       :  8.679   HCS+      :  5.615   NS        : 10.318
   NS+       :  9.996   SO        :  9.825   SO+       :  8.968   OCS       :  3.216   OCS+      :  1.919   SO2       :-35.930
   SiS       : 10.970   S2        :  4.239   S2+       :  3.108
==== Cl     compounds ====
   HCl       :  7.177   HCl+      : 10.129   H2Cl+     :  6.396   CCl       :-12.806   CCl+      :  1.761   H2CCl+    :-15.555
   ClO       :-13.068   ClO+      :-17.589
==== Ar     compounds ====
   ArH+      :  8.748


               1      2      3      4      5      6      7      8      9     10     11     12     13     14     15     16     17

 Hydrogen   20.740 17.546 15.443 (H2)                Log10 Column density (cm^-2)
 Helium     19.740  9.475-30.000
 Lithium     9.574 12.048-30.000-30.000
 Beryllium   9.589 10.024  3.632-30.000-30.000
 Boron       9.361 11.527 -1.632-30.000-30.000-30.000
 Carbon     17.127 14.635  3.210-30.000-30.000-30.000-30.000
 Nitrogen   16.667 13.571 -0.865-30.000-30.000-30.000-30.000-30.000
 Oxygen     17.429 14.142 -5.725-30.000-30.000-30.000-30.000-30.000-30.000
 Fluorine   13.181  8.075 -7.347-30.000-30.000-30.000-30.000-30.000-30.000-30.000
 Neon       16.740 10.260-30.000-30.000-30.000-30.000-30.000-30.000-30.000-30.000-30.000
 Sodium     12.314 15.070 -6.134-30.000-30.000-30.000-30.000-30.000-30.000-30.000-30.000-30.000
 Magnesium  14.965 16.259 12.284-30.000-30.000-30.000-30.000-30.000-30.000-30.000-30.000-30.000-30.000
 Aluminium  11.990 15.210  8.519-30.000-30.000-30.000-30.000-30.000-30.000-30.000-30.000-30.000-30.000-30.000
 Silicon    13.891 16.279 11.292-30.000-30.000-30.000-30.000-30.000-30.000-30.000-30.000-30.000-30.000-30.000-30.000
 Phosphorus 11.346 14.245  5.260-30.000-30.000-30.000-30.000-30.000-30.000-30.000-30.000-30.000-30.000-30.000-30.000-30.000
 Sulphur    15.896 15.352  6.653-30.000-30.000-30.000-30.000-30.000-30.000-30.000-30.000-30.000-30.000-30.000-30.000-30.000-30.000
 Chlorine   12.013 14.017  5.229-30.000-30.000-30.000-30.000-30.000-30.000-30.000-30.000-30.000-30.000-30.000-30.000-30.000-30.000
-30.000
 Argon      15.140 10.843  0.506-30.000-30.000-30.000-30.000-30.000-30.000-30.000-30.000-30.000-30.000-30.000-30.000-30.000-30.000
-30.000-30.000
 Potassium  10.475 13.860  1.020-30.000-30.000-30.000-30.000-30.000-30.000-30.000-30.000-30.000-30.000-30.000-30.000-30.000-30.000
-30.000-30.000-30.000
 Calcium    12.638 15.094 13.048-30.000-30.000-30.000-30.000-30.000-30.000-30.000-30.000-30.000-30.000-30.000-30.000-30.000-30.000
-30.000-30.000-30.000-30.000
 Scandium    9.265 11.907  9.698-30.000-30.000-30.000-30.000-30.000-30.000-30.000-30.000-30.000-30.000-30.000-30.000-30.000-30.000
-30.000-30.000-30.000-30.000-30.000
 Titanium   10.250 13.761 10.467-30.000-30.000-30.000-30.000-30.000-30.000-30.000-30.000-30.000-30.000-30.000-30.000-30.000-30.000
-30.000-30.000-30.000-30.000-30.000-30.000
 Vanadium   10.778 12.735  8.412-30.000-30.000-30.000-30.000-30.000-30.000-30.000-30.000-30.000-30.000-30.000-30.000-30.000-30.000
-30.000-30.000-30.000-30.000-30.000-30.000-30.000
 Chromium   12.016 14.408 10.681-30.000-30.000-30.000-30.000-30.000-30.000-30.000-30.000-30.000-30.000-30.000-30.000-30.000-30.000
-30.000-30.000-30.000-30.000-30.000-30.000-30.000-30.000
 Manganese  10.712 14.199 10.212-30.000-30.000-30.000-30.000-30.000-30.000-30.000-30.000-30.000-30.000-30.000-30.000-30.000-30.000
-30.000-30.000-30.000-30.000-30.000-30.000-30.000-30.000-30.000
 Iron       12.663 16.190 11.913-30.000-30.000-30.000-30.000-30.000-30.000-30.000-30.000-30.000-30.000-30.000-30.000-30.000-30.000
-30.000-30.000-30.000-30.000-30.000-30.000-30.000-30.000-30.000-30.000
 Cobalt     12.105 13.648  7.318-30.000-30.000-30.000-30.000-30.000-30.000-30.000-30.000-30.000-30.000-30.000-30.000-30.000-30.000
-30.000-30.000-30.000-30.000-30.000-30.000-30.000-30.000-30.000-30.000-30.000
 Nickel     11.603 14.990  3.186-30.000-30.000-30.000-30.000-30.000-30.000-30.000-30.000-30.000-30.000-30.000-30.000-30.000-30.000
-30.000-30.000-30.000-30.000-30.000-30.000-30.000-30.000-30.000-30.000-30.000-30.000
 Copper     11.740 12.922  2.381-30.000-30.000-30.000-30.000-30.000-30.000-30.000-30.000-30.000-30.000-30.000-30.000-30.000-30.000
-30.000-30.000-30.000-30.000-30.000-30.000-30.000-30.000-30.000-30.000-30.000-30.000-30.000
 Zinc       12.330 13.295  6.741-30.000-30.000-30.000-30.000-30.000-30.000-30.000-30.000-30.000-30.000-30.000-30.000-30.000-30.000
-30.000-30.000-30.000-30.000-30.000-30.000-30.000-30.000-30.000-30.000-30.000-30.000-30.000-30.000
 Exc state                  He[2]  4.855                 C+[2] 13.960                  C[1] 16.311                  C[2] 16.819
                             C[3] 16.677                  O[1] 17.427                  O[2] 14.874                  O[3] 14.834
                           Si+[1] 16.276                C+2[2] -1.324                C+2[3]-10.271                C+2[4] -5.791


 Hydrogen   -0.000 -3.194 -4.996 (H2)                 Log10 Mean Ionisation (over radius)
 Helium      0.000-10.265
 Lithium    -2.475 -0.001
 Beryllium  -0.571 -0.136 -6.528
 Boron      -2.169 -0.003-13.162
 Carbon     -0.002 -2.494-13.919
 Nitrogen   -0.003 -3.099-17.535
 Oxygen     -0.001 -3.288-23.155
 Fluorine   -0.039 -5.145-20.567
 Neon       -0.000 -6.480
 Sodium     -2.756 -0.001-21.204
 Magnesium  -1.315 -0.022 -3.996
 Aluminium  -3.220 -0.000 -6.690
 Silicon    -2.389 -0.002 -4.988
 Phosphorus -2.899 -0.001 -8.985
 Sulphur    -0.109 -0.653 -9.352
 Chlorine   -2.008 -0.004 -8.792
 Argon      -0.000 -4.297-14.633
 Potassium  -3.386 -0.000-12.841
 Calcium    -2.462 -0.005 -2.052
 Scandium   -2.645 -0.004 -2.212
 Titanium   -3.511 -0.000 -3.294
 Vanadium   -1.962 -0.005 -4.328
 Chromium   -2.395 -0.002 -3.729
 Manganese  -3.488 -0.000 -3.988
 Iron       -3.528 -0.000 -4.277
 Cobalt     -1.555 -0.012 -6.342
 Nickel     -3.388 -0.000-11.804
 Copper     -1.209 -0.028-10.568
 Zinc       -1.009 -0.045 -6.599

               1      2      3      4      5      6      7      8      9     10     11     12     13     14     15     16     17

 Hydrogen   -0.000 -3.192 -4.995 (H2)         Log10 Mean Ionisation (over radius*electron density)
 Helium      0.000-10.262
 Lithium    -2.484 -0.001
 Beryllium  -0.586 -0.131 -6.522
 Boron      -2.208 -0.003-13.161
 Carbon     -0.002 -2.493-13.917
 Nitrogen   -0.003 -3.097-17.531
 Oxygen     -0.001 -3.287-23.153
 Fluorine   -0.037 -5.144-20.565
 Neon       -0.000 -6.480
 Sodium     -2.756 -0.001-21.204
 Magnesium  -1.318 -0.021 -3.995
 Aluminium  -3.224 -0.000 -6.690
 Silicon    -2.426 -0.002 -4.986
 Phosphorus -2.899 -0.001 -8.984
 Sulphur    -0.110 -0.651 -9.349
 Chlorine   -2.009 -0.004 -8.791
 Argon      -0.000 -4.296-14.630
 Potassium  -3.386 -0.000-12.840
 Calcium    -2.472 -0.005 -2.052
 Scandium   -2.653 -0.004 -2.212
 Titanium   -3.511 -0.000 -3.294
 Vanadium   -1.963 -0.005 -4.327
 Chromium   -2.412 -0.002 -3.728
 Manganese  -3.488 -0.000 -3.986
 Iron       -3.528 -0.000 -4.276
 Cobalt     -1.569 -0.012 -6.341
 Nickel     -3.388 -0.000-11.803
 Copper     -1.223 -0.027-10.567
 Zinc       -1.029 -0.043 -6.597

               1      2      3      4      5      6      7      8      9     10     11     12     13     14     15     16     17

 Hydrogen    4.000  4.000  4.000 (H2)                  Log10 Mean Temperature (over radius)
 Helium      4.000  4.000
 Lithium     4.000  4.000
 Beryllium   4.000  4.000  4.000
 Boron       4.000  4.000  4.000
 Carbon      4.000  4.000  4.000
 Nitrogen    4.000  4.000  4.000
 Oxygen      4.000  4.000  4.000
 Fluorine    4.000  4.000  4.000
 Neon        4.000  4.000
 Sodium      4.000  4.000  4.000
 Magnesium   4.000  4.000  4.000
 Aluminium   4.000  4.000  4.000
 Silicon     4.000  4.000  4.000
 Phosphorus  4.000  4.000  4.000
 Sulphur     4.000  4.000  4.000
 Chlorine    4.000  4.000  4.000
 Argon       4.000  4.000  4.000
 Potassium   4.000  4.000  4.000
 Calcium     4.000  4.000  4.000
 Scandium    4.000  4.000  4.000
 Titanium    4.000  4.000  4.000
 Vanadium    4.000  4.000  4.000
 Chromium    4.000  4.000  4.000
 Manganese   4.000  4.000  4.000
 Iron        4.000  4.000  4.000
 Cobalt      4.000  4.000  4.000
 Nickel      4.000  4.000  4.000
 Copper      4.000  4.000  4.000
 Zinc        4.000  4.000  4.000

               1      2      3      4      5      6      7      8      9     10     11     12     13     14     15     16     17

 Hydrogen    4.000  4.000  4.000 (H2)          Log10 Mean Temperature (over radius*electron density)
 Helium      4.000  4.000
 Lithium     4.000  4.000
 Beryllium   4.000  4.000  4.000
 Boron       4.000  4.000  4.000
 Carbon      4.000  4.000  4.000
 Nitrogen    4.000  4.000  4.000
 Oxygen      4.000  4.000  4.000
 Fluorine    4.000  4.000  4.000
 Neon        4.000  4.000
 Sodium      4.000  4.000  4.000
 Magnesium   4.000  4.000  4.000
 Aluminium   4.000  4.000  4.000
 Silicon     4.000  4.000  4.000
 Phosphorus  4.000  4.000  4.000
 Sulphur     4.000  4.000  4.000
 Chlorine    4.000  4.000  4.000
 Argon       4.000  4.000  4.000
 Potassium   4.000  4.000  4.000
 Calcium     4.000  4.000  4.000
 Scandium    4.000  4.000  4.000
 Titanium    4.000  4.000  4.000
 Vanadium    4.000  4.000  4.000
 Chromium    4.000  4.000  4.000
 Manganese   4.000  4.000  4.000
 Iron        4.000  4.000  4.000
 Cobalt      4.000  4.000  4.000
 Nickel      4.000  4.000  4.000
 Copper      4.000  4.000  4.000
 Zinc        4.000  4.000  4.000

               1      2      3      4      5      6      7      8      9     10     11     12     13     14     15     16     17
IC443 grid point v shock=47 km/s  

---------------Convergence statistics---------------
      2.31 mean iterations/state convergence
         3 mean cx acceleration loops/iteration
      1.08 mean iso convergence loops/ion solve
      1.02 mean steps/chemistry solve
      1.01 mean step length searches/chemistry step
----------------------------------------------------

 Cloudy ends: 254 zones, 2 iterations. (single thread) ExecTime(s) 46.23
 [Stop in cdMain at maincl.cpp:593, Cloudy exited OK]
