                                                          Cloudy 23.01
                                                         www.nublado.org

                                                  PRNG seed: 0xc8361bc423e393a9

                       **************************************23Jul25**************************************
                       *                                                                                 *
                       * title IC443 NE diffuse shock -- v shock=50 km/s, T obs=10000K (deceleration grid)*
                       * hden 2.5292                                                                     *
                       * constant temperature, t=10000 K linear                                          *
                       * stop column density 20.80                                                       *
                       * iterate                                                                         *
                       * save results last "v50.rlt"                                                     *
                       *                                                                                 *
                       ***********************************************************************************



 NOTE Setcon: continuum has zero intensity starting at  3.0447e-09 Ryd.
  9244 cells in the incident continuum have zero intensity.  Problems???

 NOTE There is no hydrogen-ionizing radiation.
 Was this intended?

 NOTE There is no Balmer continuum radiation.<<<<
 Was this intended?

           9244CellPeak3.04E-09   Lo 3.04e-09=  29.98m   Hi-Con:7.13E+06 Ryd   E(hi):7.35E+06Ryd     E(hi):     100.00 MeV
           I(nu>1ryd):   0.0000   Average nu:0.000E+00   I( X-ray):   0.0000   I(BalC): -30.0000     Phi(BalmrC): -30.0000
           phi(1.0-1.8): 0.0000   phi(1.8-4.0):  0.000   phi(4.0-20):  0.000   phi(20--):  0.000     Ion pht flx:0.000E+00
           I(gam ray):   0.0000   phi(gam r):   0.0000   I(Infred):   0.0000   Alf(ox):   0.0000     Total inten: -35.9298
           U(1.0----):0.000E+00   U(4.0----):0.000E+00   T(En-Den):0.000E+00   T(Comp):0.000E+00     nuJnu(912A):0.000E+00
           Occ(FarIR):0.000E+00   Occ(H n=6):0.000E+00   Occ(1Ryd):0.000E+00   Occ(4R):0.000E+00     Occ (Nu-hi):0.000E+00
           Tbr(FarIR):0.000E+00   Tbr(H n=6):0.000E+00   Tbr(1Ryd):0.000E+00   Tbr(4R):0.000E+00     Tbr (Nu-hi):0.000E+00
  
                                                  Gas Phase Chemical Composition
        H :  0.0000  He: -1.0000  Li: -8.6904  Be:-10.5800  B : -9.2097  C : -3.6108  N : -4.0701  O : -3.3098  F : -7.5200
        Ne: -4.0000  Na: -5.6696  Mg: -4.4597  Al: -5.5302  Si: -4.4597  P : -6.4949  S : -4.7352  Cl: -6.7190  Ar: -5.6003
        K : -6.8794  Ca: -5.6402  Sc: -8.8297  Ti: -6.9788  V : -8.0000  Cr: -6.3298  Mn: -6.5406  Fe: -4.5498  Co: -7.0799
                                               Ni: -5.7496  Cu: -7.7905  Zn: -7.4001
 
 ####  1  Te:1.000E+04 Hden:3.382E+02 Ne:1.889E-01 R:1.000E+30 R-R0:3.496E+11 dR:6.991E+11 NTR:  1 Htot:5.098E-26 T912: 1.50e-03###
 Hydrogen      1.00e+00 4.70e-04 H+o/Hden 1.00e+00 4.65e-09 H-    H2 4.10e-06 1.61e-10 H2+ HeH+ 2.45e-11 Ho+ ColD 2.36e+14 1.11e+11
 Helium        1.00e+00 2.37e-12 0.00e+00 HeI 2s3S 1.17e-15 Comp H,C 0.00e+00 0.00e+00 Fill Fac 1.00e+00 Gam1/tot 5.03e-09
 He singlet n  1.00e+00 5.94e-22 3.55e-30 2.72e-29 3.90e-31 3.42e-30 He tripl 1.17e-15 6.99e-28 4.50e-29 4.34e-29 1.92e-30
 Pressure      NgasTgas 3.73e+06 P(total) 5.14e-10 P( gas ) 5.14e-10 P(Radtn) 0.00e+00 Rad accl 0.00e+00 ForceMul 0.00e+00
 Texc(La)      2.30e+03 T(I con) 0.00e+00 T(D con) 4.82e-02 T(U tot) 4.82e-02 nT (c+d) 1.16e+04 Prad/Gas 0.00e+00 Pmag/Gas 0.00e+00
 Molecules     CH/Ctot: 2.47e-06 CH+/Ctot 2.20e-08 CO/Ctot: 5.15e-01 CO+/Ctot 2.52e-08 H2O/Otot 5.38e-12 OH/Ototl 1.75e-06
 Lithium       7.56e-03 9.92e-01 0.00e+00 0.00e+00 Berylliu 9.51e-01 4.85e-02 1.59e-08 0.00e+00 0.00e+00 sec ion: 0.00e+00
 Boron         4.96e-01 5.04e-01 2.76e-14 0.00e+00 0.00e+00 0.00e+00
 Carbon        4.80e-01 5.18e-03 1.45e-14 0.00e+00 0.00e+00 0.00e+00 0.00e+00 H2O+/O   4.71e-10 OH+/Otot 3.99e-06 Hex(tot) 0.00e+00
 Nitrogen      9.72e-01 5.25e-04 8.46e-20 0.00e+00 0.00e+00 0.00e+00 0.00e+00 0.00e+00 O2/Ototl 7.97e-11 O2+/Otot 1.10e-07
 Oxygen        7.42e-01 2.81e-04 3.01e-24 0.00e+00 0.00e+00 0.00e+00 0.00e+00 0.00e+00 0.00e+00
 Fluorine      8.01e-01 6.22e-06 1.98e-21 0.00e+00 0.00e+00 0.00e+00 0.00e+00 0.00e+00 0.00e+00 0.00e+00
 Neon          1.00e+00 3.59e-07 0.00e+00 0.00e+00 0.00e+00 0.00e+00 0.00e+00 0.00e+00 0.00e+00 0.00e+00 0.00e+00
 Sodium        1.65e-03 9.98e-01 5.07e-22 0.00e+00 0.00e+00 0.00e+00 0.00e+00 0.00e+00 0.00e+00 0.00e+00 0.00e+00 0.00e+00
 Magnesium     6.09e-02 9.39e-01 7.33e-05 0.00e+00 0.00e+00 0.00e+00 0.00e+00 0.00e+00 0.00e+00 0.00e+00 0.00e+00 0.00e+00 0.00e+00
 Aluminium  0  9.34e-04 9.99e-01 1.79e-07 0.00e+00 0.00e+00 0.00e+00 0.00e+00 0.00e+00 0.00e+00 0.00e+00 0.00e+00 0.00e+00 0.00e+00
 Silicon    0  1.13e-01 4.00e-01 3.03e-06 0.00e+00 0.00e+00 0.00e+00 0.00e+00 0.00e+00 0.00e+00 0.00e+00 0.00e+00 0.00e+00 0.00e+00
 Phosphorus 0  1.27e-03 9.99e-01 8.20e-10 0.00e+00 0.00e+00 0.00e+00 0.00e+00 0.00e+00 0.00e+00 0.00e+00 0.00e+00 0.00e+00 0.00e+00
 Sulphur    0  7.12e-02 1.01e-02 1.47e-12 0.00e+00 0.00e+00 0.00e+00 0.00e+00 0.00e+00 0.00e+00 0.00e+00 0.00e+00 0.00e+00 0.00e+00
 Chlorine   0  1.06e-02 9.89e-01 1.39e-09 0.00e+00 0.00e+00 0.00e+00 0.00e+00 0.00e+00 0.00e+00 0.00e+00 0.00e+00 0.00e+00 0.00e+00
 Argon      0  1.00e+00 3.04e-05 6.14e-17 0.00e+00 0.00e+00 0.00e+00 0.00e+00 0.00e+00 0.00e+00 0.00e+00 0.00e+00 0.00e+00 0.00e+00
 Potassium  0  3.98e-04 1.00e+00 1.20e-13 0.00e+00 0.00e+00 0.00e+00 0.00e+00 0.00e+00 0.00e+00 0.00e+00 0.00e+00 0.00e+00 0.00e+00
 Calcium    0  8.74e-03 9.82e-01 9.26e-03 0.00e+00 0.00e+00 0.00e+00 0.00e+00 0.00e+00 0.00e+00 0.00e+00 0.00e+00 0.00e+00 0.00e+00
 Scandium   0  4.40e-03 9.89e-01 6.48e-03 0.00e+00 0.00e+00 0.00e+00 0.00e+00 0.00e+00 0.00e+00 0.00e+00 0.00e+00 0.00e+00 0.00e+00
 Titanium   0  3.13e-04 9.99e-01 5.39e-04 0.00e+00 0.00e+00 0.00e+00 0.00e+00 0.00e+00 0.00e+00 0.00e+00 0.00e+00 0.00e+00 0.00e+00
 Vanadium   0  1.15e-02 9.89e-01 4.02e-05 0.00e+00 0.00e+00 0.00e+00 0.00e+00 0.00e+00 0.00e+00 0.00e+00 0.00e+00 0.00e+00 0.00e+00
 Chromium   0  1.86e-02 9.81e-01 1.35e-04 0.00e+00 0.00e+00 0.00e+00 0.00e+00 0.00e+00 0.00e+00 0.00e+00 0.00e+00 0.00e+00 0.00e+00
 Manganese  0  3.29e-04 1.00e+00 7.55e-05 0.00e+00 0.00e+00 0.00e+00 0.00e+00 0.00e+00 0.00e+00 0.00e+00 0.00e+00 0.00e+00 0.00e+00
 Iron       0  3.08e-04 1.00e+00 3.88e-05 0.00e+00 0.00e+00 0.00e+00 0.00e+00 0.00e+00 0.00e+00 0.00e+00 0.00e+00 0.00e+00 0.00e+00
 Cobalt     0  9.96e-02 9.00e-01 3.09e-07 0.00e+00 0.00e+00 0.00e+00 0.00e+00 0.00e+00 0.00e+00 0.00e+00 0.00e+00 0.00e+00 0.00e+00
 Nickel     0  4.21e-04 1.00e+00 1.24e-12 0.00e+00 0.00e+00 0.00e+00 0.00e+00 0.00e+00 0.00e+00 0.00e+00 0.00e+00 0.00e+00 0.00e+00
 Copper     0  2.08e-01 7.92e-01 1.78e-11 0.00e+00 0.00e+00 0.00e+00 0.00e+00 0.00e+00 0.00e+00 0.00e+00 0.00e+00 0.00e+00 0.00e+00
 Zinc       0  5.95e-01 4.05e-01 9.24e-08 0.00e+00 0.00e+00 0.00e+00 0.00e+00 0.00e+00 0.00e+00 0.00e+00 0.00e+00 0.00e+00 0.00e+00
 ####254  Te:1.000E+04 Hden:3.382E+02 Ne:2.840E-01 R:1.000E+30 R-R0:1.862E+18 dR:7.775E+15 NTR:  1 Htot:1.774E-25 T912: 4.00e+03###
 Hydrogen      9.99e-01 7.27e-04 H+o/Hden 1.00e+00 7.56e-09 H-    H2 5.00e-06 2.75e-10 H2+ HeH+ 4.17e-11 Ho+ ColD 6.31e+20 4.10e+17
 Helium        1.00e+00 6.31e-11 0.00e+00 HeI 2s3S 1.62e-15 Comp H,C 1.03e-33 3.67e-33 Fill Fac 1.00e+00 Gam1/tot 1.35e-04
 He singlet n  1.00e+00 9.20e-22 2.36e-27 3.86e-29 2.22e-29 4.80e-30 He tripl 1.62e-15 9.72e-28 6.24e-29 6.03e-29 2.73e-30
 Pressure      NgasTgas 3.73e+06 P(total) 5.15e-10 P( gas ) 5.15e-10 P(Radtn) 1.73e-13 Rad accl 9.55e-12 ForceMul 4.22e+05
 Texc(La)      3.30e+03 T(I con) 0.00e+00 T(D con) 1.89e+00 T(U tot) 1.89e+00 nT (c+d) 4.57e+05 Prad/Gas 3.36e-04 Pmag/Gas 0.00e+00
 Molecules     CH/Ctot: 6.24e-06 CH+/Ctot 3.75e-08 CO/Ctot: 6.85e-05 CO+/Ctot 2.65e-11 H2O/Otot 9.87e-12 OH/Ototl 2.87e-06
 Lithium       1.63e-03 9.98e-01 0.00e+00 0.00e+00 Berylliu 9.93e-02 9.01e-01 3.92e-07 0.00e+00 0.00e+00 sec ion: 0.00e+00
 Boron         7.95e-04 9.99e-01 7.59e-14 0.00e+00 0.00e+00 0.00e+00
 Carbon        9.96e-01 3.60e-03 1.48e-14 0.00e+00 0.00e+00 0.00e+00 0.00e+00 H2O+/O   3.73e-10 OH+/Otot 3.88e-06 Hex(tot) 0.00e+00
 Nitrogen      9.97e-01 9.09e-04 3.83e-18 0.00e+00 0.00e+00 0.00e+00 0.00e+00 0.00e+00 O2/Ototl 1.10e-10 O2+/Otot 9.57e-08
 Oxygen        9.99e-01 5.86e-04 8.71e-24 0.00e+00 0.00e+00 0.00e+00 0.00e+00 0.00e+00 0.00e+00
 Fluorine      9.75e-01 8.19e-06 3.30e-21 0.00e+00 0.00e+00 0.00e+00 0.00e+00 0.00e+00 0.00e+00 0.00e+00
 Neon          1.00e+00 3.16e-07 0.00e+00 0.00e+00 0.00e+00 0.00e+00 0.00e+00 0.00e+00 0.00e+00 0.00e+00 0.00e+00
 Sodium        1.80e-03 9.98e-01 6.78e-22 0.00e+00 0.00e+00 0.00e+00 0.00e+00 0.00e+00 0.00e+00 0.00e+00 0.00e+00 0.00e+00
 Magnesium     3.89e-02 9.61e-01 1.15e-04 0.00e+00 0.00e+00 0.00e+00 0.00e+00 0.00e+00 0.00e+00 0.00e+00 0.00e+00 0.00e+00 0.00e+00
 Aluminium  0  3.83e-04 1.00e+00 2.14e-07 0.00e+00 0.00e+00 0.00e+00 0.00e+00 0.00e+00 0.00e+00 0.00e+00 0.00e+00 0.00e+00 0.00e+00
 Silicon    0  4.80e-04 1.00e+00 1.17e-05 0.00e+00 0.00e+00 0.00e+00 0.00e+00 0.00e+00 0.00e+00 0.00e+00 0.00e+00 0.00e+00 0.00e+00
 Phosphorus 0  1.26e-03 9.99e-01 1.14e-09 0.00e+00 0.00e+00 0.00e+00 0.00e+00 0.00e+00 0.00e+00 0.00e+00 0.00e+00 0.00e+00 0.00e+00
 Sulphur    0  7.12e-01 2.88e-01 6.35e-10 0.00e+00 0.00e+00 0.00e+00 0.00e+00 0.00e+00 0.00e+00 0.00e+00 0.00e+00 0.00e+00 0.00e+00
 Chlorine   0  8.80e-03 9.91e-01 1.71e-09 0.00e+00 0.00e+00 0.00e+00 0.00e+00 0.00e+00 0.00e+00 0.00e+00 0.00e+00 0.00e+00 0.00e+00
 Argon      0  1.00e+00 5.50e-05 2.93e-15 0.00e+00 0.00e+00 0.00e+00 0.00e+00 0.00e+00 0.00e+00 0.00e+00 0.00e+00 0.00e+00 0.00e+00
 Potassium  0  4.03e-04 1.00e+00 1.55e-13 0.00e+00 0.00e+00 0.00e+00 0.00e+00 0.00e+00 0.00e+00 0.00e+00 0.00e+00 0.00e+00 0.00e+00
 Calcium    0  1.55e-03 9.90e-01 8.74e-03 0.00e+00 0.00e+00 0.00e+00 0.00e+00 0.00e+00 0.00e+00 0.00e+00 0.00e+00 0.00e+00 0.00e+00
 Scandium   0  1.23e-03 9.93e-01 6.06e-03 0.00e+00 0.00e+00 0.00e+00 0.00e+00 0.00e+00 0.00e+00 0.00e+00 0.00e+00 0.00e+00 0.00e+00
 Titanium   0  3.04e-04 9.99e-01 4.98e-04 0.00e+00 0.00e+00 0.00e+00 0.00e+00 0.00e+00 0.00e+00 0.00e+00 0.00e+00 0.00e+00 0.00e+00
 Vanadium   0  9.76e-03 9.90e-01 5.00e-05 0.00e+00 0.00e+00 0.00e+00 0.00e+00 0.00e+00 0.00e+00 0.00e+00 0.00e+00 0.00e+00 0.00e+00
 Chromium   0  1.32e-03 9.98e-01 2.13e-04 0.00e+00 0.00e+00 0.00e+00 0.00e+00 0.00e+00 0.00e+00 0.00e+00 0.00e+00 0.00e+00 0.00e+00
 Manganese  0  3.22e-04 1.00e+00 1.17e-04 0.00e+00 0.00e+00 0.00e+00 0.00e+00 0.00e+00 0.00e+00 0.00e+00 0.00e+00 0.00e+00 0.00e+00
 Iron       0  2.85e-04 1.00e+00 6.01e-05 0.00e+00 0.00e+00 0.00e+00 0.00e+00 0.00e+00 0.00e+00 0.00e+00 0.00e+00 0.00e+00 0.00e+00
 Cobalt     0  1.06e-02 9.89e-01 5.25e-07 0.00e+00 0.00e+00 0.00e+00 0.00e+00 0.00e+00 0.00e+00 0.00e+00 0.00e+00 0.00e+00 0.00e+00
 Nickel     0  3.97e-04 1.00e+00 1.72e-12 0.00e+00 0.00e+00 0.00e+00 0.00e+00 0.00e+00 0.00e+00 0.00e+00 0.00e+00 0.00e+00 0.00e+00
 Copper     0  2.41e-02 9.76e-01 3.08e-11 0.00e+00 0.00e+00 0.00e+00 0.00e+00 0.00e+00 0.00e+00 0.00e+00 0.00e+00 0.00e+00 0.00e+00
 Zinc       0  2.71e-02 9.73e-01 2.92e-07 0.00e+00 0.00e+00 0.00e+00 0.00e+00 0.00e+00 0.00e+00 0.00e+00 0.00e+00 0.00e+00 0.00e+00
   IC443 NE diffuse shock -- v shock=50 km/s, T obs=10000K (deceleration grid)  
   Calculation stopped because H column dens reached. Iteration 1 of 2
   The geometry is plane-parallel.
  !Ionization rate fell below background cosmic ray ionization rate.  Should this be added too?
  !   Use the COSMIC RAY BACKGROUND command.
  !Compton cooling rate underflows to zero.  Is this important?
  !Some input lines contained underscores, these were changed to spaces.
  !There is no hydrogen-ionizing radiation.  Was this intended?
  !Thermal collisional ionization of H reached 83.16% of the local ionization rate.
  !Charge transfer H => H+ reached 86791.8% of the local H ionization rate.
  !Charge transfer heating reached 102.29% of the local heating.
  !Continuum zero at some energies.
  !AGE: Cloud age was not set.  Longest timescale was 2.20e+13 s = 6.96e+05 years.
  !Heating - cooling mismatch =200.0%. Caused by constant temperature assumption. 
  !Mutual neutralization production of H-alpha was significant.
  !Incident radiation field energy density is less than 2.7K.  Add background with CMB command.
  !The CMB was not included.  This is added with the CMB command.
  !The intensity of the incident radiation field is less than 10 times the Habing diffuse ISM field.  Is this OK?
  !   Consider adding diffuse ISM emission with TABLE ISM command.
  !An ionization jump occurred elem S  1, by 177% from 7.12e-02 (zone 1) to 3.94e-01 (zone 2) to 6.97e-01 (zone 3)
   The density is too low to l-mix the lowest H  I collapsed level.  More resolved levels are needed for accurate line ratios.
   The density is too low to l-mix the lowest He I collapsed level.  More resolved levels are needed for accurate line ratios.
   Grains were not present but might survive in this environment (energy density temperature was 0.00e+00K)
   The local H2 cooling rate reached 3.1% of the local cooling.
   H- absorption heating was 39.8% of the total.
   The fraction of N in N2 reached 0.121% at some point in the cloud.
   The fraction of F in HF reached 2.52% at some point in the cloud.

                       *********************************> Cloudy 23.01 <**********************************
                       * title IC443 NE diffuse shock -- v shock=50 km/s, T obs=10000K (deceleration grid)*
                       * hden 2.5292                                                                     *
                       * constant temperature, t=10000 K linear                                          *
                       * stop column density 20.80                                                       *
                       * iterate                                                                         *
                       * save results last "v50.rlt"                                                     *
                       *********************************> Log(U):-37.00 <*********************************

                     Emission Line Spectrum.   Constant  Density Model.    Open geometry.  Iteration 1 of 2.
                                                     Intensity (erg/s/cm^2).


                                                   Intrinsic line intensities
general properties.............................      Co 2                10.5199m   -6.952    0.1067      Fe 2                1.34608m   -8.952    0.0011
TotH                      0    -6.662    0.2078      Co 2                15.4548m   -7.837    0.0139      Fe 2                1.11648m   -8.768    0.0016
TotC                      0    -2.192 6144.4424      Co 2                2.98382m   -6.438    0.3482      Fe 2                5048.19A   -8.620    0.0023
TotM                      0    -7.353    0.0423      Co 2                14.7345m   -7.481    0.0315      Fe 2                1.71482m   -8.204    0.0060
CT H                      0    -7.066    0.0820      Co 2                18.7989m   -8.001    0.0095      Fe 2                9949.21A   -8.535    0.0028
H FB                      0    -7.322    0.0455      Co 2                25.6819m   -8.689    0.0020      Fe 2                7975.22A   -8.719    0.0018
HFBc                      0    -7.322    0.0455      Co 2                1.01879m   -7.166    0.0651      Fe 2                1.47063m   -8.973    0.0010
H  1c                     0    -3.074  805.5494      Co 2                1.12804m   -8.137    0.0070      Fe 2                1.01273m   -8.649    0.0021
NOc                       0    -8.529    0.0028      Co 2                1.54700m   -7.412    0.0370      Fe 2                6353.11A   -8.770    0.0016
CNc                       0    -7.444    0.0344      Co 2                1.72847m   -8.408    0.0037      Fe 2                1.80228m   -8.871    0.0013
OHc                       0    -8.275    0.0051      Co 2                1.90349m   -8.247    0.0054      Fe 2                1.00387m   -8.800    0.0015
HFc                       0    -8.205    0.0060      Co 2                1.02452m   -7.973    0.0102      Fe 2                9469.41A   -8.684    0.0020
COc                       0    -4.994    9.6757      Co 2                1.09726m   -8.601    0.0024      Fe 2                9384.77A   -8.174    0.0064
^13COc                    0    -6.515    0.2919      Co 2                1.49674m   -8.838    0.0014      Fe 2                2.39329m   -8.224    0.0057
OH+c                      0    -8.208    0.0059      Co 2                1.62622m   -8.826    0.0014      Fe 2                4825.73A   -7.643    0.0217
CHc                       0    -8.435    0.0035      Co 2                1.73616m   -8.532    0.0028      Fe 2                2.50030m   -8.561    0.0026
CHc                       0    -8.025    0.0090      Co 2                1.02803m   -8.571    0.0026      Fe 2                4867.73A   -8.684    0.0020
Al 1c                     0    -8.788    0.0016      Co 2                8580.39A   -8.627    0.0023      Fe 2                2.59860m   -8.944    0.0011
C  1c                     0    -3.460  330.8547      Co 2                9342.40A   -7.322    0.0455      Fe 2                4903.85A   -8.136    0.0070
C  2c                     0    -5.465    3.2733      Co 2                9943.48A   -7.670    0.0204      Fe 2                1.04657m   -8.977    0.0010
Ca 1c                     0    -7.019    0.0915      Co 2                7539.01A   -7.991    0.0098      Fe 2                3.58120m   -8.569    0.0026
Cl 1c                     0    -7.346    0.0430      Co 2                8121.00A   -7.703    0.0189      Fe 2                3.15558m   -8.599    0.0024
Co 2c                     0    -6.088    0.7797      Co 2                8571.41A   -8.310    0.0047      Fe 2                5171.63A   -7.944    0.0109
Cr 2c                     0    -5.659    2.0949      Co 2                6.21176m   -8.952    0.0011      Fe 2                5169.03A   -7.192    0.0614
Cu 1c                     0    -8.953    0.0011      Co 2                8027.34A   -8.169    0.0065      Fe 2                5018.44A   -8.914    0.0012
Fe 1c                     0    -6.501    0.3014      Co 2                8467.14A   -8.582    0.0025      Fe 2                6044.54A   -8.388    0.0039
Fe 2c                     0    -3.355  421.6932      Co 2                8333.76A   -8.350    0.0043      Fe 2                5316.61A   -8.880    0.0013
Fe 3c                     0    -8.193    0.0061      Cr 2                8000.08A   -6.162    0.6575      Fe 3                22.9190m   -8.910    0.0012
K  1c                     0    -8.530    0.0028      Cr 2                8125.30A   -6.236    0.5547      Fe 3                4985.87A   -8.772    0.0016
Mg 1c                     0    -4.967   10.2970      Cr 2                8229.67A   -6.330    0.4465      K  1                7664.90A   -8.706    0.0019
Mn 2c                     0    -6.270    0.5124      Cr 2                8308.49A   -6.517    0.2901      Mg 1                2025.82A   -8.200    0.0060
N  1c                     0    -4.267   51.6769      Cr 2                8357.64A   -6.815    0.1462      Mg 1                2852.13A   -5.482    3.1481
Na 1c                     0    -7.188    0.0620      Fe 1                24.0358m   -6.601    0.2395      Mg 1                3832.30A   -8.554    0.0027
Ni 1c                     0    -7.539    0.0276      Fe 1                34.7038m   -7.189    0.0619      Mg 1                3838.29A   -8.137    0.0070
O  1c                     0    -2.585 2484.5083      Fe 2                25.9813m   -4.528   28.2948      Mg 1                4562.60A   -5.288    4.9180
O  2c                     0    -6.740    0.1736      Fe 2                5.33871m   -4.006   94.2448      Mg 1                4571.10A   -5.727    1.7922
P  2c                     0    -5.341    4.3575      Fe 2                4.11387m   -6.368    0.4089      Mg 1                4575.29A   -6.655    0.2115
S  1c                     0    -5.205    5.9628      Fe 2                1.25668m   -5.277    5.0423      Mg 1                5167.32A   -7.813    0.0147
S  2c                     0    -4.324   45.2496      Fe 2                1.19129m   -8.062    0.0083      Mg 1                5172.68A   -7.339    0.0438
Sc 2c                     0    -7.380    0.0398      Fe 2                6309.53A   -8.907    0.0012      Mg 1                5183.60A   -7.119    0.0727
Si 1c                     0    -7.224    0.0571      Fe 2                4799.30A   -8.806    0.0015      Mg 1                8806.76A   -7.396    0.0384
Si 2c                     0    -2.826 1425.4966      Fe 2                4704.22A   -8.030    0.0089      Mg 1                1.18282m   -7.560    0.0263
Zn 2c                     0    -7.660    0.0209      Fe 2                4632.28A   -6.237    0.5530      Mg 1                1.50250m   -8.379    0.0040
Al 2c                     0    -5.177    6.3594      Fe 2                4604.48A   -8.021    0.0091      Mg 1                1.50402m   -8.824    0.0014
Ca 2c                     0    -3.909  117.7374      Fe 2                4416.27A   -6.219    0.5772      Mg 1                1.71087m   -8.075    0.0080
Cl 2c                     0    -5.733    1.7675      Fe 2                4382.74A   -7.188    0.0619      Mn 2                2576.10A   -6.656    0.2108
Mg 2c                     0    -3.676  201.2337      Fe 2                4287.39A   -5.256    5.2944      Mn 2                2593.72A   -6.750    0.1698
N  2c                     0    -6.896    0.1214      Fe 2                3931.44A   -8.851    0.0013      Mn 2                2605.68A   -6.889    0.1233
Ni 2c                     0    -4.716   18.3764      Fe 2                3874.07A   -8.482    0.0032      Mn 2                3438.97A   -8.180    0.0063
continua.......................................      Fe 2                3175.38A   -7.067    0.0818      Mn 2                3460.03A   -8.767    0.0016
Bac                 3646.00A   -6.602    0.2390      Fe 2                2599.40A   -7.706    0.0188      N  1                1134.41A   -8.830    0.0014
nFnu                3645.00A   -4.065   82.1886      Fe 2                2585.88A   -8.723    0.0018      N  1                1134.98A   -8.740    0.0017
nFnu                3647.00A   -4.066   81.9496      Fe 2                2382.04A   -5.956    1.0578      N  1                1199.55A   -8.137    0.0070
cout                3646.00A   -6.903    0.1195      Fe 2                2343.50A   -8.522    0.0029      N  1                1200.22A   -8.310    0.0047
cref                3646.00A   -6.903    0.1195      Fe 2                35.3391m   -5.190    6.1670      N  1                1200.71A   -8.613    0.0023
thin                3646.00A   -6.602    0.2390      Fe 2                6.71944m   -5.145    6.8326      N  1                3466.50A   -6.612    0.2332
Ba C                      0    -7.354    0.0423      Fe 2                4.88781m   -6.032    0.8876      N  1                3466.54A   -7.285    0.0495
PA C                      0    -7.771    0.0162      Fe 2                4.07521m   -6.853    0.1339      N  1                5197.90A   -4.681   19.8946
FIR                 83.0000m   -2.586 2477.7107      Fe 2                1.32055m   -5.774    1.6076      N  1                5200.26A   -4.505   29.8623
TIR                 1800.00m   -4.689   19.5333      Fe 2                1.24854m   -6.808    0.1486      N  1                1.03977m   -6.117    0.7298
NIRa                2.85000m   -2.657 2101.6719      Fe 2                1.20512m   -8.620    0.0023      N  1                1.03982m   -6.640    0.2190
NIRb                3.00000m   -3.817  145.6152      Fe 2                7637.52A   -6.078    0.7988      N  1                1.04072m   -6.465    0.3275
MIRa                15.0000m   -3.911  117.0926      Fe 2                7523.28A   -8.125    0.0072      N  1                1.04076m   -6.452    0.3370
MIRb                22.5000m   -2.784 1570.5989      Fe 2                4889.62A   -6.101    0.7565      Na 1                5889.95A   -7.488    0.0310
NMIR                21.7500m   -2.657 2101.6719      Fe 2                4750.27A   -8.833    0.0014      Na 1                5895.92A   -7.488    0.0311
TFIR                611.250m   -3.496  305.1277      Fe 2                4716.37A   -7.115    0.0733      Ni 1                7.50454m   -7.539    0.0276
TALL                10000.0A   -2.199 6034.7207      Fe 2                4687.56A   -7.318    0.0459      O  1                1304.86A   -7.233    0.0558
F12                 12.0000m   -5.816    1.4604      Fe 2                4492.64A   -7.088    0.0780      O  1                1306.03A   -7.695    0.0193
F25                 25.0000m   -4.427   35.7609      Fe 2                4457.95A   -6.486    0.3115      O  1                1355.60A   -7.296    0.0483
F60                 60.0000m   -2.640 2189.9797      Fe 2                4432.45A   -7.280    0.0501      O  1                1358.51A   -7.715    0.0184
F100                100.000m   -5.693    1.9382      Fe 2                4359.33A   -5.387    3.9189      O  1                2972.29A   -6.765    0.1642
MIPS                24.0000m   -4.427   35.7557      Fe 2                3224.54A   -8.164    0.0065      O  1                5577.34A   -5.815    1.4623
MIPS                70.0000m   -2.640 2186.6392      Fe 2                3214.67A   -7.581    0.0250      O  1                6300.30A   -4.120   72.4011
MIPS                160.000m   -3.665  206.4543      Fe 2                2625.67A   -4.543   27.3723      O  1                6363.78A   -4.616   23.1286
IRAC                3.60000m   -7.038    0.0875      Fe 2                2611.87A   -5.278    5.0359      O  1                6391.73A   -7.944    0.0109
IRAC                4.50000m   -5.718    1.8276      Fe 2                2598.37A   -6.509    0.2957      O  1                44.0453m   -8.273    0.0051
IRAC                5.80000m   -4.005   94.3967      Fe 2                2395.63A   -5.552    2.6789      O  1                63.1679m   -2.640 2185.5530
IRAC                8.00000m   -5.012    9.2801      Fe 2                2388.63A   -6.604    0.2375      O  1                145.495m   -3.676  201.5444
SPR1                250.000m   -5.809    1.4808      Fe 2                2383.06A   -8.501    0.0030      O  2                2470.34A   -8.767    0.0016
SPR2                350.000m   -4.105   75.0238      Fe 2                2364.83A   -5.948    1.0774      O  2                7319.99A   -8.961    0.0010
SPR3                500.000m   -6.010    0.9330      Fe 2                2332.80A   -7.038    0.0875      O  2                3728.81A   -6.974    0.1013
PAC1                70.0000m   -2.640 2187.4971      Fe 2                2279.91A   -8.583    0.0025      O  2                3726.03A   -7.150    0.0676
PAC2                100.000m   -5.692    1.9415      Fe 2                51.2868m   -5.708    1.8703      P  2                60.6263m   -6.079    0.7960
PAC3                160.000m   -3.663  207.4572      Fe 2                5.67236m   -6.843    0.1370      P  2                1532.53A   -8.671    0.0020
PAH                 3.30000m   -7.844    0.0137      Fe 2                4.60641m   -6.653    0.2124      P  2                32.8620m   -6.181    0.6289
PAHC                3.23000m   -8.124    0.0072      Fe 2                4.08085m   -7.399    0.0381      P  2                1.14682m   -6.099    0.7611
PAHC                3.37000m   -8.114    0.0073      Fe 2                1.37181m   -6.017    0.9176      P  2                4669.25A   -7.764    0.0165
PAH                 6.20000m   -7.890    0.0123      Fe 2                1.29427m   -6.593    0.2436      P  2                2195.57A   -8.043    0.0087
PAHC                5.65000m   -6.802    0.1508      Fe 2                7806.23A   -7.850    0.0135      P  2                1536.42A   -8.539    0.0028
PAH                 7.90000m   -7.372    0.0406      Fe 2                7686.93A   -6.155    0.6681      P  2                1535.92A   -8.476    0.0032
PAHC                6.90000m   -5.015    9.2342      Fe 2                7552.40A   -8.634    0.0022      P  2                1.18828m   -5.675    2.0174
PAH                 11.3000m   -7.322    0.0455      Fe 2                4958.23A   -7.952    0.0107      P  2                2210.34A   -7.589    0.0246
PAHC                10.9000m   -6.894    0.1220      Fe 2                4750.57A   -7.949    0.0107      P  2                1542.30A   -8.764    0.0016
PAH                 11.8000m   -8.577    0.0025      Fe 2                4728.07A   -6.750    0.1700      P  2                7875.99A   -7.015    0.0922
PAHC                12.6500m   -6.642    0.2177      Fe 2                4514.90A   -7.112    0.0738      S  1                1483.04A   -8.627    0.0023
PAH                 13.3000m   -8.566    0.0026      Fe 2                4488.75A   -6.831    0.1408      S  1                1820.34A   -7.308    0.0469
PAHC                14.1000m   -6.302    0.4766      Fe 2                4470.30A   -8.034    0.0088      S  1                1826.24A   -7.792    0.0154
Bcon                3640.00A   -2.960 1046.8297      Fe 2                4413.78A   -5.538    2.7667      S  1                25.2421m   -5.254    5.3159
Pcon                5000.00A   -3.376  401.7818      Fe 2                3254.24A   -7.641    0.0218      S  1                56.2957m   -6.214    0.5838
O3bn                5007.00A   -5.240    5.4949      Fe 2                3244.18A   -7.936    0.0111      S  2                6730.82A   -4.747   17.0996
HFFc                      0    -6.127    0.7124      Fe 2                2631.32A   -5.505    2.9866      S  2                6716.44A   -4.586   24.7904
H FF                      0    -7.720    0.0182      Fe 2                2617.62A   -6.949    0.1074      S  2                4076.35A   -6.295    0.4841
MeFB                      0    -8.132    0.0070      Fe 2                2607.09A   -6.838    0.1387      S  2                4068.60A   -5.804    1.5002
MeFF                      0    -8.484    0.0031      Fe 2                2404.89A   -6.537    0.2773      S  2                1.03364m   -6.433    0.3522
ToFF                      0    -7.651    0.0213      Fe 2                2399.24A   -7.359    0.0418      S  2                1.02867m   -6.430    0.3548
Mion                      0    -7.135    0.0700      Fe 2                2395.42A   -8.352    0.0042      S  2                1.03705m   -6.755    0.1679
nFnu                122.400m   -8.655    0.0021      Fe 2                2380.76A   -5.359    4.1764      S  2                1.03205m   -6.296    0.4827
nFnu                60.8322m   -8.282    0.0050      Fe 2                2348.30A   -7.095    0.0768      S  2                1259.52A   -8.070    0.0081
nFnu                41.2152m   -8.068    0.0082      Fe 2                2327.40A   -7.687    0.0196      S  2                1253.81A   -8.146    0.0068
nFnu                30.8695m   -7.906    0.0118      Fe 2                87.3597m   -6.410    0.3714      S  2                1250.58A   -8.456    0.0033
nFnu                24.7829m   -7.782    0.0158      Fe 2                5.06097m   -7.311    0.0467      Sc 2                4246.82A   -8.534    0.0028
nFnu                24.2998m   -7.770    0.0162      Fe 2                4.43363m   -7.228    0.0564      Sc 2                7043.49A   -8.305    0.0047
nFnu                22.8302m   -7.736    0.0175      Fe 2                1.40951m   -8.639    0.0022      Sc 2                8261.17A   -8.819    0.0014
nFnu                21.4199m   -7.700    0.0191      Fe 2                1.32777m   -6.777    0.1596      Sc 2                8271.28A   -8.705    0.0019
nFnu                21.1235m   -7.690    0.0195      Fe 2                1.27877m   -6.834    0.1400      Sc 2                8326.62A   -8.959    0.0010
nFnu                19.6199m   -7.647    0.0215      Fe 2                1.25214m   -7.874    0.0128      Sc 2                8347.28A   -8.524    0.0029
nFnu                17.6534m   -7.586    0.0248      Fe 2                7926.88A   -8.112    0.0074      Sc 2                8384.33A   -8.836    0.0014
nFnu                17.3700m   -7.576    0.0253      Fe 2                7803.89A   -7.852    0.0134      Sc 2                1.07804m   -8.903    0.0012
nFnu                15.6901m   -7.515    0.0292      Fe 2                7665.28A   -7.105    0.0750      Sc 2                2.03194m   -8.441    0.0035
nFnu                14.6036m   -7.472    0.0322      Fe 2                5006.63A   -7.252    0.0535      Sc 2                2.04712m   -8.788    0.0016
nFnu                12.4300m   -7.371    0.0407      Fe 2                4772.06A   -8.065    0.0082      Sc 2                2.07591m   -8.432    0.0035
nFnu                11.4000m   -7.316    0.0461      Fe 2                4639.67A   -7.749    0.0170      Sc 2                2.07842m   -8.266    0.0052
nFnu                10.4600m   -7.260    0.0525      Fe 2                4528.39A   -7.360    0.0417      Sc 2                2.08152m   -8.535    0.0028
nFnu                9.48002m   -7.196    0.0608      Fe 2                4509.61A   -7.707    0.0187      Sc 2                2.11129m   -8.708    0.0019
nFnu                9.32488m   -7.185    0.0624      Fe 2                4452.10A   -5.730    1.7765      Sc 2                2.12445m   -8.707    0.0019
nFnu                8.21035m   -7.097    0.0763      Fe 2                3277.55A   -7.865    0.0130      Si 1                2211.75A   -8.912    0.0012
nFnu                7.58000m   -7.041    0.0869      Fe 2                3277.12A   -8.770    0.0016      Si 1                2519.20A   -8.326    0.0045
nFnu                7.05026m   -6.987    0.0983      Fe 2                3275.02A   -7.941    0.0109      Si 1                2528.51A   -8.107    0.0075
nFnu                4.11370m   -6.549    0.2697      Fe 2                2631.05A   -6.684    0.1978      Si 1                68.4548m   -7.614    0.0232
nFnu                2.32440m   -5.994    0.9681      Fe 2                2620.41A   -8.558    0.0026      Si 1                129.641m   -7.684    0.0198
nFnu                1.64313m   -5.628    2.2510      Fe 2                2613.82A   -7.457    0.0333      Si 2                34.8046m   -2.830 1411.5226
nFnu                1.48022m   -5.512    2.9346      Fe 2                2410.52A   -7.331    0.0445      Si 2                2334.41A   -5.985    0.9884
nFnu                1.43649m   -5.478    3.1801      Fe 2                2406.66A   -7.599    0.0241      Si 2                2328.52A   -6.593    0.2440
nFnu                1.11867m   -5.198    6.0533      Fe 2                2404.43A   -8.411    0.0037      Si 2                1808.01A   -6.047    0.8578
nFnu                8329.68A   -4.881   12.5486      Fe 2                2359.11A   -7.402    0.0378      Si 2                1526.71A   -8.817    0.0015
nFnu                8078.61A   -4.849   13.5115      Fe 2                2338.01A   -7.472    0.0322      Si 2                1260.42A   -8.024    0.0090
nFnu                6209.66A   -4.581   25.0521      Fe 2                4.67067m   -7.853    0.0134      Si 2                2350.17A   -5.841    1.3776
nFnu                4885.36A   -4.345   43.1106      Fe 2                1.29777m   -7.164    0.0654      Si 2                2344.20A   -5.444    3.4385
nFnu                3704.34A   -4.081   79.2666      Fe 2                1.27034m   -7.036    0.0878      Si 2                2334.60A   -5.549    2.6946
nFnu                3587.67A   -4.052   84.7695      Fe 2                7999.47A   -8.858    0.0013      Si 2                1817.45A   -5.899    1.2050
nFnu                2430.05A   -3.699  190.8882      Fe 2                7874.24A   -7.206    0.0594      Si 2                1816.93A   -5.588    2.4677
nFnu                2392.03A   -3.685  197.2115      Fe 2                7733.14A   -7.752    0.0169      Si 2                1533.43A   -6.389    0.3898
nFnu                2071.34A   -3.567  259.0943      Fe 2                4798.28A   -7.615    0.0232      Si 2                1309.28A   -7.166    0.0652
nFnu                2052.68A   -3.559  263.8233      Fe 2                4664.45A   -8.263    0.0052      Si 2                1265.00A   -6.983    0.0993
nFnu                1793.44A   -3.462  329.6579      Fe 2                4533.01A   -8.255    0.0053      Si 2                1264.74A   -7.382    0.0396
nFnu                1585.12A   -3.396  383.6211      Fe 2                4474.90A   -6.043    0.8653      Si 2                1197.39A   -7.277    0.0504
nFnu                1458.33A   -3.390  389.4648      Fe 2                3289.89A   -8.251    0.0054      Si 2                1194.50A   -7.515    0.0292
nFnu                1356.96A   -3.430  354.9957      Fe 2                3289.46A   -8.030    0.0089      Si 2                3862.60A   -8.577    0.0025
nFnu                1297.29A   -3.542  273.9733      Fe 2                2628.29A   -7.146    0.0682      Si 2                3856.02A   -8.550    0.0027
nFnu                1262.79A   -3.720  181.9138      Fe 2                2621.67A   -8.041    0.0087      Si 2                6371.37A   -8.494    0.0031
nFnu                1218.08A   -7.875    0.0127      Fe 2                2413.31A   -7.849    0.0135      Si 2                6347.11A   -8.416    0.0037
nFnu                1196.33A   -7.320    0.0457      Fe 2                2411.07A   -7.856    0.0133      Zn 2                2062.00A   -8.073    0.0081
nFnu                1175.06A   -7.269    0.0513      Fe 2                2344.28A   -7.566    0.0260      Zn 2                2025.48A   -7.838    0.0139
nFnu                1143.64A   -7.392    0.0387      Fe 2                17.9311m   -4.994    9.6881      Al 2                2669.15A   -5.625    2.2628
nFnu                1113.22A   -7.505    0.0298      Fe 2                1.64355m   -4.099   75.9429      Al 2                2660.35A   -5.452    3.3762
nFnu                1103.23A   -7.534    0.0279      Fe 2                1.53348m   -5.225    5.6938      Al 2                1670.79A   -6.121    0.7232
nFnu                1073.86A   -8.127    0.0071      Fe 2                8616.95A   -5.488    3.1039      Al 2                3900.67A   -8.861    0.0013
nFnu                1064.34A   -8.169    0.0065      Fe 2                7155.17A   -5.616    2.3099      Ca 2                7323.89A   -4.393   38.5959
nFnu                1035.92A   -8.282    0.0050      Fe 2                6896.17A   -7.069    0.0816      Ca 2                7291.47A   -4.226   56.7331
nFnu                1000.00A   -8.442    0.0035      Fe 2                5413.37A   -7.526    0.0284      Ca 2                3968.47A   -6.523    0.2864
nFnu                925.144A   -8.424    0.0036      Fe 2                5280.27A   -8.063    0.0083      Ca 2                8662.14A   -5.122    7.2077
RRC............................................      Fe 2                5273.36A   -5.615    2.3154      Ca 2                3933.66A   -6.477    0.3184
H  1                911.753A   -6.712    0.1854      Fe 2                5158.79A   -5.004    9.4559      Ca 2                8498.02A   -5.815    1.4623
H  1                3645.98A   -7.776    0.0160      Fe 2                5111.64A   -5.911    1.1716      Ca 2                8542.09A   -4.868   12.9377
H  1                3645.98A   -7.429    0.0355      Fe 2                5072.41A   -5.657    2.1048      Ca 2                3706.02A   -7.489    0.0310
H  1                8203.57A   -8.511    0.0029      Fe 2                5039.10A   -7.091    0.0774      Ca 2                3736.90A   -7.193    0.0613
H  1                8203.57A   -8.117    0.0073      Fe 2                4814.54A   -5.961    1.0452      Ca 2                3158.87A   -7.511    0.0294
H  1                8203.57A   -8.219    0.0058      Fe 2                4774.73A   -6.401    0.3795      Ca 2                3181.27A   -8.216    0.0058
H  1                1.45842m   -8.596    0.0024      Fe 2                4745.49A   -7.452    0.0337      Ca 2                3179.33A   -7.262    0.0523
H  1                1.45842m   -8.592    0.0024      Fe 2                4661.78A   -8.551    0.0027      Ca 2                1.19497m   -8.925    0.0011
H  1                1.45842m   -8.933    0.0011      Fe 2                4243.97A   -5.331    4.4603      Ca 2                1.18390m   -8.625    0.0023
H  1                2.27878m   -8.954    0.0011      Fe 2                4177.20A   -6.421    0.3626      Ca 2                1838.01A   -8.448    0.0034
H  1                2.27878m   -8.917    0.0012      Fe 2                4146.65A   -7.996    0.0096      Ca 2                1840.03A   -8.292    0.0049
Al 1                2070.66A   -8.934    0.0011      Fe 2                4114.48A   -8.334    0.0044      Ca 2                2112.76A   -8.920    0.0011
Si 1                1520.96A   -7.933    0.0112      Fe 2                3929.35A   -8.587    0.0025      Cl 2                14.3639m   -6.303    0.4751
S  1                1196.76A   -8.448    0.0034      Fe 2                3387.09A   -6.836    0.1393      Cl 2                33.2721m   -7.384    0.0395
grains.........................................      Fe 2                3376.20A   -6.038    0.8743      Cl 2                8578.70A   -5.991    0.9745
H-like iso-sequence............................      Fe 2                2732.45A   -7.147    0.0681      Cl 2                9123.60A   -6.576    0.2535
Cool                1215.67A   -3.294  484.9430      Fe 2                2493.30A   -4.730   17.7962      Cl 2                3677.85A   -7.914    0.0117
Crst                960.000A   -3.474  320.6064      Fe 2                2484.20A   -8.290    0.0049      Cl 2                6161.84A   -7.868    0.0130
CION                      0    -5.535    2.7863      Fe 2                2360.00A   -6.736    0.1755      Mg 2                2802.71A   -4.151   67.4230
Dest                1215.67A   -8.775    0.0016      Fe 2                2348.12A   -6.813    0.1469      Mg 2                2795.53A   -3.855  133.4135
Ca B                1215.67A   -6.349    0.4271      Fe 2                2331.31A   -8.425    0.0036      Mg 2                2936.52A   -7.082    0.0791
CaBo                4861.32A   -7.883    0.0125      Fe 2                24.5126m   -5.694    1.9340      Mg 2                2928.64A   -7.384    0.0395
Ca A                1215.67A   -6.540    0.2754      Fe 2                1.80940m   -4.700   19.0438      Mg 2                2797.93A   -7.822    0.0144
Ca A                1025.72A   -7.187    0.0621      Fe 2                1.67688m   -5.650    2.1381      Mg 2                2790.77A   -7.120    0.0725
Ca A                972.537A   -7.597    0.0241      Fe 2                1.59948m   -5.557    2.6472      Mg 2                2798.00A   -6.867    0.1298
Ca A                949.743A   -7.901    0.0120      Fe 2                9051.95A   -5.329    4.4720      Mg 2                9244.22A   -8.938    0.0011
Ca A                937.803A   -8.143    0.0069      Fe 2                8891.93A   -5.754    1.6822      Mg 2                9218.22A   -8.643    0.0022
Ca A                930.748A   -8.346    0.0043      Fe 2                7452.56A   -6.108    0.7441      N  2                205.283m   -8.171    0.0064
Ca A                926.226A   -8.519    0.0029      Fe 2                7172.00A   -6.024    0.9037      N  2                121.769m   -8.389    0.0039
Ca A                923.150A   -8.672    0.0020      Fe 2                6275.53A   -7.982    0.0100      N  2                6548.05A   -7.542    0.0274
Ca A                920.963A   -8.808    0.0015      Fe 2                5527.36A   -6.598    0.2411      N  2                6583.45A   -7.072    0.0808
Ca A                919.351A   -8.931    0.0011      Fe 2                5440.48A   -8.356    0.0042      N  2                5754.59A   -8.921    0.0011
Ca A                6562.80A   -7.609    0.0235      Fe 2                5433.15A   -6.129    0.7092      N  2                2142.77A   -8.925    0.0011
Ca A                4861.32A   -8.060    0.0083      Fe 2                5261.63A   -5.385    3.9398      Ni 2                1.19102m   -4.976   10.0896
Ca A                4340.46A   -8.385    0.0039      Fe 2                5220.08A   -6.660    0.2090      Ni 2                6.63416m   -5.604    2.3787
Ca A                4101.73A   -8.638    0.0022      Fe 2                5184.80A   -6.555    0.2658      Ni 2                1.07151m   -6.596    0.2421
Ca A                3970.07A   -8.847    0.0014      Fe 2                5158.01A   -6.505    0.2986      Ni 2                10.6793m   -6.233    0.5580
Ca A                1.87510m   -8.401    0.0038      Fe 2                4947.39A   -5.905    1.1895      Ni 2                1.27792m   -8.420    0.0036
Ca A                1.28181m   -8.728    0.0018      Fe 2                4905.35A   -6.256    0.5298      Ni 2                1.16130m   -7.112    0.0737
Ca B                6562.80A   -7.427    0.0357      Fe 2                4874.50A   -6.299    0.4801      Ni 2                12.7253m   -6.649    0.2141
Ca B                4861.32A   -7.884    0.0125      Fe 2                4852.74A   -7.659    0.0209      Ni 2                9882.95A   -7.862    0.0131
Ca B                4340.46A   -8.214    0.0058      Fe 2                4346.86A   -5.958    1.0519      Ni 2                1.09177m   -7.400    0.0381
Ca B                4101.73A   -8.471    0.0032      Fe 2                4276.84A   -5.882    1.2536      Ni 2                18.2355m   -7.366    0.0411
Ca B                3970.07A   -8.683    0.0020      Fe 2                4244.82A   -6.694    0.1934      Ni 2                9374.87A   -8.154    0.0067
Ca B                3889.05A   -8.863    0.0013      Fe 2                4231.56A   -8.294    0.0049      Ni 2                7377.83A   -5.763    1.6488
Ca B                1.87510m   -8.355    0.0042      Fe 2                4211.11A   -8.269    0.0051      Ni 2                8300.99A   -7.059    0.0834
Ca B                1.28181m   -8.671    0.0020      Fe 2                3455.11A   -6.942    0.1091      Ni 2                1.93877m   -6.471    0.3231
Ca B                1.09381m   -8.928    0.0011      Fe 2                3452.31A   -6.631    0.2234      Ni 2                2.36883m   -7.758    0.0167
H  1                2431.34A   -3.512  293.9695      Fe 2                3440.99A   -6.517    0.2904      Ni 2                2.91064m   -7.426    0.0358
H  1                1215.67A   -3.277  504.6220      Fe 2                2774.73A   -8.387    0.0039      Ni 2                6666.80A   -6.610    0.2346
H  1                6562.80A   -5.218    5.7821      Fe 2                2759.34A   -8.779    0.0016      Ni 2                7411.61A   -6.391    0.3883
H  1                4861.32A   -5.980    1.0000      Fe 2                2485.07A   -8.577    0.0025      Ni 2                1.76458m   -8.536    0.0028
H  1                4340.46A   -6.361    0.4161      Fe 2                2391.48A   -7.657    0.0210      Ni 2                2.04866m   -8.114    0.0073
H  1                4101.73A   -8.046    0.0086      Fe 2                2379.28A   -8.336    0.0044      Ni 2                2.30794m   -7.570    0.0257
H  1                3970.07A   -8.335    0.0044      Fe 2                2362.02A   -7.124    0.0718      Ni 2                6.91767m   -7.870    0.0129
H  1                3889.05A   -8.566    0.0026      Fe 2                35.7675m   -6.493    0.3066      Ni 2                4326.24A   -6.557    0.2650
H  1                3835.38A   -8.760    0.0017      Fe 2                1.95361m   -5.611    2.3372      Ni 2                4628.05A   -6.979    0.1003
H  1                3797.90A   -8.926    0.0011      Fe 2                1.80002m   -5.666    2.0621      Ni 2                6794.20A   -8.035    0.0088
H  1                3770.63A   -8.674    0.0020      Fe 2                1.71113m   -6.235    0.5559      Ni 2                7255.82A   -6.912    0.1171
H  1                3750.15A   -8.789    0.0016      Fe 2                1.66377m   -5.854    1.3358      Ni 2                7694.56A   -7.982    0.0100
H  1                3734.37A   -8.892    0.0012      Fe 2                9399.04A   -5.752    1.6920      Ni 2                8033.54A   -8.146    0.0068
H  1                1.87510m   -6.752    0.1691      Fe 2                9226.63A   -5.698    1.9160      Ni 2                1.04597m   -7.395    0.0384
H  1                1.28181m   -7.065    0.0822      Fe 2                9033.49A   -6.773    0.1609      Ni 2                1.23230m   -7.423    0.0361
H  1                1.09381m   -8.431    0.0035      Fe 2                7388.17A   -6.144    0.6854      Ni 2                4201.17A   -6.739    0.1741
H  1                1.00494m   -8.739    0.0017      Fe 2                6440.41A   -7.097    0.0765      Ni 2                4485.21A   -7.192    0.0614
H  1                4.05115m   -7.621    0.0228      Fe 2                6229.28A   -8.247    0.0054      Ni 2                7307.65A   -7.087    0.0781
H  1                2.62515m   -8.609    0.0023      Fe 2                5654.87A   -7.558    0.0264      Ni 2                7612.72A   -7.415    0.0367
H  1                2.16553m   -8.959    0.0010      Fe 2                5556.31A   -6.799    0.1519      Ni 2                1.13597m   -8.098    0.0076
H  1                7.45782m   -8.647    0.0022      Fe 2                5412.67A   -7.326    0.0450      Ni 2                4285.31A   -7.947    0.0108
He-like iso-sequence...........................      Fe 2                5333.66A   -5.672    2.0339      Ni 2                6791.48A   -7.662    0.0208
Pho+                3889.00A   -8.663    0.0021      Fe 2                5296.84A   -6.955    0.1060      Ni 2                7054.20A   -7.567    0.0259
extra Lyman....................................      Fe 2                5268.89A   -6.675    0.2019      Ni 2                9.61508m   -8.856    0.0013
database lines.................................      Fe 2                5107.96A   -7.610    0.0234      Ni 2                4033.04A   -7.006    0.0943
CN                  2648.35m   -8.707    0.0019      Fe 2                5049.30A   -6.078    0.7980      Ni 2                4294.09A   -7.126    0.0715
CN                  2640.74m   -8.407    0.0037      Fe 2                5005.52A   -6.132    0.7045      Ni 2                6467.29A   -8.159    0.0066
CN                  1322.30m   -8.774    0.0016      Fe 2                4973.40A   -6.400    0.3805      Ni 2                6813.57A   -7.147    0.0680
CN                  1321.03m   -8.515    0.0029      Fe 2                4950.76A   -6.745    0.1716      Ni 2                7078.04A   -7.696    0.0192
CN                  881.421m   -8.765    0.0016      Fe 2                4352.79A   -6.198    0.6059      Ni 2                1.02090m   -8.477    0.0032
CN                  880.858m   -8.609    0.0024      Fe 2                4319.62A   -6.464    0.3284      Ni 2                3993.06A   -6.660    0.2088
CN                  661.044m   -8.678    0.0020      Fe 2                4305.90A   -7.266    0.0517      Ni 2                4248.80A   -7.136    0.0699
CN                  660.727m   -8.564    0.0026      Fe 2                4084.33A   -8.592    0.0024      Ni 2                6007.06A   -8.250    0.0054
CN                  528.842m   -8.783    0.0016      Fe 2                3504.51A   -7.245    0.0543      Ni 2                6365.10A   -7.134    0.0701
CN                  528.639m   -8.692    0.0019      Fe 2                3504.02A   -7.102    0.0755      Ni 2                6700.24A   -8.527    0.0028
CN                  440.721m   -8.801    0.0015      Fe 2                3501.63A   -6.666    0.2063      Ni 2                6955.82A   -8.562    0.0026
CN                  440.580m   -8.726    0.0018      Fe 2                3489.99A   -7.345    0.0431      Ni 2                8703.87A   -7.589    0.0246
CN                  377.785m   -8.943    0.0011      Fe 2                2385.01A   -7.949    0.0107      Ni 2                9956.63A   -7.816    0.0146
CN                  377.682m   -8.878    0.0013      Fe 2                2.06648m   -7.005    0.0945      Ni 2                5.18504m   -8.595    0.0024
CN                  330.511m   -8.975    0.0010      Fe 2                1.89541m   -6.401    0.3789      Ni 2                3438.88A   -6.849    0.1352
HF                  243.178m   -8.306    0.0047      Fe 2                1.79711m   -5.888    1.2351      Ni 2                3626.89A   -7.157    0.0666
CO                  2600.05m   -8.280    0.0050      Fe 2                1.74494m   -6.177    0.6356      Ni 2                3378.16A   -7.463    0.0329
CO                  1300.05m   -7.000    0.0954      Fe 2                9652.70A   -6.600    0.2396      Ni 2                3559.41A   -7.443    0.0345
CO                  866.727m   -6.581    0.2506      Fe 2                9470.94A   -6.088    0.7796      level 1 lines..................................
CO                  650.074m   -6.425    0.3592      Fe 2                9267.56A   -6.470    0.3236      recombination..................................
CO                  520.089m   -6.352    0.4246      Fe 2                7544.00A   -8.783    0.0016      level2 lines...................................
CO                  433.438m   -6.307    0.4714      Fe 2                6558.51A   -7.310    0.0467      C  1                1247.50A   -7.821    0.0144
CO                  371.549m   -6.290    0.4902      Fe 2                5745.71A   -7.929    0.0112      C  1                1314.77A   -7.744    0.0172
CO                  325.137m   -6.279    0.5018      Fe 2                5643.98A   -7.771    0.0162      C  1                1233.29A   -8.342    0.0043
CO                  289.041m   -6.281    0.5006      Fe 2                5495.84A   -7.603    0.0238      C  1                1250.68A   -8.495    0.0031
CO                  260.169m   -6.287    0.4936      Fe 2                5376.47A   -6.066    0.8205      Mg 1                1817.31A   -8.677    0.0020
CO                  236.549m   -6.300    0.4783      Fe 2                5347.66A   -7.180    0.0630      Mg 1                1739.09A   -8.888    0.0012
CO                  216.868m   -6.321    0.4560      Fe 2                5181.96A   -7.456    0.0334      Mg 1                1699.05A   -8.909    0.0012
CO                  200.218m   -6.346    0.4304      Fe 2                5076.57A   -6.736    0.1753      Mg 1                1675.74A   -8.920    0.0011
CO                  185.949m   -6.368    0.4094      Fe 2                5043.53A   -6.606    0.2365      Mg 1                1660.94A   -8.965    0.0010
CO                  173.584m   -6.392    0.3870      Fe 2                5020.25A   -6.722    0.1809      Si 1                1853.05A   -8.887    0.0012
CO                  162.767m   -6.419    0.3639      Fe 2                4372.43A   -6.738    0.1746      Si 2                1179.59A   -8.132    0.0070
CO                  153.225m   -6.448    0.3407      Fe 2                4358.37A   -6.949    0.1073      S  1                1356.05A   -8.356    0.0042
CO                  144.745m   -6.478    0.3180      Fe 2                4080.00A   -8.622    0.0023      S  1                1392.25A   -8.742    0.0017
CO                  137.159m   -6.509    0.2961      Fe 2                3539.19A   -6.949    0.1073      S  1                1418.10A   -8.941    0.0011
CO                  130.333m   -6.540    0.2753      Fe 2                3538.69A   -7.243    0.0546      Ca 2                1360.06A   -8.953    0.0011
CO                  124.160m   -6.577    0.2527      Fe 2                3536.25A   -7.369    0.0408      Fe 1                2484.25A   -8.610    0.0023
CO                  118.548m   -6.617    0.2305      Fe 2                3524.38A   -8.677    0.0020      Fe 1                2526.51A   -8.845    0.0014
CO                  113.427m   -6.658    0.2099      Fe 2                22.8961m   -7.999    0.0096      Sc 2                3627.22A   -7.303    0.0475
CO                  108.733m   -6.701    0.1901      Fe 2                1.81139m   -8.278    0.0050      Sc 2                3575.45A   -7.425    0.0359
CO                  104.416m   -6.744    0.1721      Fe 2                7764.71A   -7.484    0.0313      Sc 2                3368.13A   -7.989    0.0098
CO                  100.433m   -6.789    0.1551      Fe 2                7336.73A   -7.773    0.0161      Ti 2                3364.74A   -5.729    1.7808
CO                  96.7462m   -6.837    0.1391      Fe 2                7267.25A   -8.742    0.0017      Ti 2                3237.15A   -5.969    1.0253
CO                  93.3237m   -6.885    0.1243      Fe 2                6809.24A   -7.751    0.0169      Ti 2                1904.17A   -7.837    0.0139
CO                  90.1384m   -6.936    0.1106      Fe 2                6729.87A   -8.032    0.0089      Ti 2                1907.36A   -7.580    0.0251
CO                  87.1666m   -6.988    0.0981      Fe 2                6671.93A   -8.595    0.0024      V  2                2710.94A   -8.056    0.0084
CO                  84.3877m   -7.042    0.0867      Fe 2                5721.37A   -8.869    0.0013      V  2                2684.22A   -7.820    0.0144
CO                  81.7835m   -7.097    0.0763      Fe 2                5163.96A   -7.779    0.0159      V  2                2139.33A   -8.450    0.0034
CO                  79.3383m   -7.155    0.0669      Fe 2                4266.35A   -8.481    0.0032      Cr 1                4269.56A   -8.515    0.0029
CO                  77.0375m   -7.214    0.0584      Fe 2                4249.08A   -8.752    0.0017      Cr 1                3589.90A   -8.332    0.0044
CO                  74.8697m   -7.274    0.0508      Fe 2                4157.92A   -8.756    0.0017      Cr 2                2059.78A   -6.329    0.4476
CO                  72.8231m   -7.336    0.0440      Fe 2                3277.35A   -7.276    0.0505      Mn 2                1198.85A   -8.685    0.0020
CO                  70.8878m   -7.400    0.0380      Fe 2                3255.89A   -8.528    0.0028      Co 2                2060.90A   -7.795    0.0153
CO                  69.0557m   -7.463    0.0329      Fe 2                2926.59A   -8.138    0.0069      Co 2                2018.80A   -7.829    0.0141
CO                  67.3181m   -7.528    0.0283      Fe 2                2880.76A   -7.852    0.0134      Co 2                1949.74A   -7.907    0.0118
CO                  65.6684m   -7.594    0.0243      Fe 2                2755.74A   -6.195    0.6093      Co 2                1575.91A   -8.432    0.0035
CO                  64.0998m   -7.660    0.0209      Fe 2                2739.55A   -6.885    0.1244      Co 2                1470.18A   -8.508    0.0030
CO                  62.6072m   -7.726    0.0179      Fe 2                2716.70A   -7.063    0.0826      Ni 2                1751.83A   -7.364    0.0413
CO                  61.1843m   -7.793    0.0154      Fe 2                34.6508m   -8.870    0.0013      Ni 2                1744.24A   -7.171    0.0645
CO                  59.8271m   -7.861    0.0132      Fe 2                1.00287m   -7.472    0.0322      Ni 2                1484.97A   -8.498    0.0030
CO                  58.5311m   -7.929    0.0112      Fe 2                8245.16A   -8.970    0.0010      Ni 2                1472.74A   -8.184    0.0062
CO                  57.2920m   -7.998    0.0096      Fe 2                8037.28A   -8.001    0.0095      Ni 2                1400.37A   -8.496    0.0030
CO                  56.1066m   -8.068    0.0082      Fe 2                7579.61A   -8.492    0.0031      Ni 2                1375.73A   -8.157    0.0067
CO                  54.9712m   -8.139    0.0069      Fe 2                7017.95A   -8.411    0.0037      Ni 2                1324.11A   -8.260    0.0053
CO                  53.8829m   -8.210    0.0059      Fe 2                6933.67A   -8.777    0.0016      hyperfine structure............................
CO                  52.8388m   -8.282    0.0050      Fe 2                6872.19A   -7.943    0.0109      inner shell....................................
CO                  51.8365m   -8.354    0.0042      Fe 2                6829.03A   -8.977    0.0010      molecules......................................
CO                  50.8731m   -8.426    0.0036      Fe 2                5746.98A   -7.829    0.0142      H2 l                2.00000m   -3.709  186.7284
CO                  49.9472m   -8.499    0.0030      Fe 2                5283.12A   -8.387    0.0039      H2 v                      0    -5.346    4.3050
CO                  49.0559m   -8.573    0.0026      Fe 2                5199.18A   -8.603    0.0024      H-FB                      0    -5.906    1.1866
CO                  48.1977m   -8.649    0.0021      Fe 2                4351.81A   -8.751    0.0017      H-FF                      0    -6.140    0.6911
CO                  47.3709m   -8.725    0.0018      Fe 2                4347.36A   -8.120    0.0072      H-CT                6562.80A   -6.987    0.0985
CO                  46.5738m   -8.803    0.0015      Fe 2                4329.43A   -7.467    0.0326      H- H                      0    -7.062    0.0827
CO                  45.8046m   -8.881    0.0013      Fe 2                2953.77A   -8.878    0.0013      H2+                       0    -6.308    0.4694
CO                  45.0623m   -8.962    0.0010      Fe 2                2772.73A   -6.946    0.1081      bands..........................................
^13CO               1359.86m   -8.548    0.0027      Fe 2                2749.32A   -7.029    0.0894      Fe 2b               2500.00A   -4.163   65.5582
^13CO               906.599m   -8.101    0.0076      Fe 2                9795.19A   -8.249    0.0054      Fe 2b               5000.00A   -4.218   57.7447
^13CO               679.978m   -7.931    0.0112      Fe 2                8228.13A   -8.164    0.0065      Fe 2b               7000.00A   -5.161    6.5909
^13CO               544.012m   -7.853    0.0134      Fe 2                7613.14A   -8.572    0.0026      Fe 2b               10000.0A   -3.841  137.6574
^13CO               453.374m   -7.806    0.0149      Fe 2                7011.24A   -8.978    0.0010      Fe 2b               2355.00A   -4.964   10.3713
^13CO               388.637m   -7.788    0.0156      Fe 2                6966.33A   -8.336    0.0044      Fe 2b               2430.00A   -4.171   64.4480
^13CO               340.088m   -7.778    0.0159      Fe 2                5477.25A   -8.333    0.0044      Fe 2b               2445.00A   -4.171   64.4480
^13CO               302.332m   -7.779    0.0159      Fe 2                5278.38A   -8.801    0.0015      Fe 2b               2495.00A   -4.729   17.8046
^13CO               272.130m   -7.785    0.0157      Fe 2                4402.59A   -8.586    0.0025      Fe 2b               2610.00A   -4.420   36.2678
^13CO               247.423m   -7.798    0.0152      Fe 2                4384.21A   -8.519    0.0029      Fe 2b               2695.00A   -7.063    0.0827
^13CO               226.836m   -7.820    0.0145      Fe 2                1.05081m   -8.730    0.0018      Fe 2b               2758.00A   -5.978    1.0048
^13CO               209.419m   -7.846    0.0136      Fe 2                7710.80A   -8.883    0.0012      Fe 2b               2780.00A   -5.938    1.1013
^13CO               194.493m   -7.868    0.0129      Fe 2                7048.01A   -8.549    0.0027      Fe 2b               2935.00A   -7.629    0.0224
^13CO               181.558m   -7.894    0.0122      Fe 2                5901.28A   -8.779    0.0016      Fe 2b               2960.00A   -8.026    0.0090
^13CO               170.243m   -7.922    0.0114      Fe 2                5527.62A   -8.891    0.0012      Fe 2b               3180.00A   -6.578    0.2521
^13CO               160.261m   -7.951    0.0107      Fe 2                2.04602m   -7.416    0.0366      Fe 2b               3250.00A   -5.878    1.2659
^13CO               151.390m   -7.983    0.0099      Fe 2                1.41956m   -7.971    0.0102      Fe 2b               3590.00A   -5.898    1.2091
^13CO               143.454m   -8.015    0.0092      Fe 2                1.35904m   -8.777    0.0016      Fe 2b               3910.00A   -7.947    0.0108
^13CO               136.314m   -8.049    0.0085      Fe 2                1.23314m   -7.765    0.0164      Fe 2b               4060.00A   -8.605    0.0024
^13CO               129.855m   -8.088    0.0078      Fe 2                1.09108m   -7.687    0.0196      Fe 2b               4255.00A   -4.652   21.2955
^13CO               123.985m   -8.130    0.0071      Fe 2                1.07084m   -8.126    0.0071      Fe 2b               4558.00A   -5.382    3.9635
^13CO               118.627m   -8.174    0.0064      Fe 2                1.05625m   -8.576    0.0025      Fe 2b               4600.00A   -5.352    4.2440
^13CO               113.717m   -8.220    0.0058      Fe 2                1.01565m   -8.379    0.0040      Fe 2b               4743.00A   -6.101    0.7570
^13CO               109.201m   -8.268    0.0052      Fe 2                8119.18A   -8.855    0.0013      Fe 2b               4855.00A   -5.522    2.8711
^13CO               105.034m   -8.318    0.0046      Fe 2                5588.16A   -7.681    0.0199      Fe 2b               4920.00A   -5.007    9.3873
^13CO               101.176m   -8.372    0.0041      Fe 2                5586.91A   -8.544    0.0027      Fe 2b               4975.00A   -5.537    2.7720
^13CO               97.5955m   -8.428    0.0036      Fe 2                5580.82A   -7.113    0.0736      Fe 2b               4971.00A   -5.580    2.5113
^13CO               94.2629m   -8.488    0.0031      Fe 2                5551.32A   -6.831    0.1409      Fe 2b               5070.00A   -5.459    3.3193
^13CO               91.1537m   -8.551    0.0027      Fe 2                3227.74A   -8.502    0.0030      Fe 2b               5143.00A   -4.925   11.3371
^13CO               88.2461m   -8.619    0.0023      Fe 2                3196.07A   -8.065    0.0082      Fe 2b               5270.00A   -4.641   21.8330
^13CO               85.5213m   -8.692    0.0019      Fe 2                2.13278m   -7.672    0.0203      Fe 2b               5318.00A   -4.959   10.4955
^13CO               82.9627m   -8.770    0.0016      Fe 2                1.46079m   -8.518    0.0029      Fe 2b               5540.00A   -6.106    0.7475
^13CO               80.5556m   -8.856    0.0013      Fe 2                1.39678m   -8.579    0.0025      Fe 2b               5865.00A   -6.706    0.1880
^13CO               78.2869m   -8.951    0.0011      Fe 2                1.30943m   -8.598    0.0024      Fe 2b               6265.00A   -7.518    0.0290
OH+                 308.406m   -8.894    0.0012      Fe 2                1.24364m   -8.784    0.0016      Fe 2b               6565.00A   -6.862    0.1312
C  1                1560.31A   -7.619    0.0230      Fe 2                1.09413m   -7.885    0.0124      Fe 2b               6910.00A   -6.801    0.1509
C  1                1560.68A   -7.655    0.0211      Fe 2                1.07890m   -7.981    0.0100      Fe 2b               7445.00A   -5.182    6.2747
C  1                1560.71A   -7.831    0.0141      Fe 2                1.06830m   -8.739    0.0017      Fe 2b               8625.00A   -4.850   13.4868
C  1                1561.34A   -7.141    0.0690      Fe 2                1.03658m   -8.750    0.0017      Fe 2b               1.03250m   -5.908    1.1810
C  1                1561.37A   -7.643    0.0217      Fe 2                5650.95A   -7.660    0.0209      Fe 2b               1.88900m   -4.556   26.5155
C  1                1561.44A   -7.157    0.0665      Fe 2                5649.67A   -7.634    0.0222      Fe 2b               2.20000m   -6.641    0.2184
C  1                1656.27A   -6.955    0.1060      Fe 2                5643.44A   -8.772    0.0016      miscellaneous..................................
C  1                1656.93A   -7.366    0.0411      Fe 2                5613.27A   -7.047    0.0857      Blnd                8446.00A   -8.708    0.0019
C  1                1657.01A   -6.579    0.2518      Fe 2                2.24366m   -8.010    0.0093      Blnd                1304.00A   -7.103    0.0754
C  1                1657.38A   -7.417    0.0366      Fe 2                2.00672m   -7.355    0.0422      Blnd                2798.00A   -3.677  200.8366
C  1                1657.91A   -6.891    0.1227      Fe 2                1.10657m   -8.228    0.0056      Blnd                6720.00A   -4.358   41.8899
C  1                1658.12A   -7.074    0.0805      Fe 2                1.09542m   -8.332    0.0044      Blnd                4074.00A   -5.682    1.9843
C  1                1930.90A   -8.720    0.0018      Fe 2                5725.92A   -7.932    0.0112      Blnd                1.03300m   -5.791    1.5444
C  1                1992.01A   -8.378    0.0040      Fe 2                5718.22A   -7.381    0.0397      Blnd                1256.00A   -7.718    0.0183
C  1                1993.62A   -7.024    0.0905      Fe 2                2.22379m   -6.765    0.1641      Blnd                5892.00A   -7.187    0.0621
C  1                2582.90A   -8.288    0.0049      Fe 2                2.01513m   -7.085    0.0785      Blnd                2665.00A   -5.229    5.6390
C  1                8727.13A   -8.737    0.0017      Fe 2                9682.08A   -7.596    0.0242      Blnd                2335.00A   -5.038    8.7431
C  1                9824.13A   -4.205   59.5625      Fe 2                9513.85A   -8.402    0.0038      Blnd                8579.00A   -4.645   21.6077
C  1                9850.26A   -3.730  177.9442      Fe 2                8715.81A   -8.228    0.0056      Blnd                7306.00A   -4.001   95.3291
C  1                370.269m   -4.110   74.0575      Fe 2                6873.84A   -7.893    0.0122      Blnd                3933.00A   -6.198    0.6048
C  1                609.590m   -4.717   18.3215      Fe 2                6700.65A   -8.864    0.0013      Blnd                1657.00A   -6.175    0.6387
C  2                1334.53A   -8.860    0.0013      Fe 2                6188.55A   -8.072    0.0081      Blnd                9850.00A   -3.604  237.5067
C  2                1335.66A   -8.425    0.0036      Fe 2                5870.02A   -8.324    0.0045      Blnd                2326.00A   -6.970    0.1024
C  2                1335.71A   -8.450    0.0034      Fe 2                5673.20A   -8.358    0.0042      Blnd                1335.00A   -8.061    0.0083
C  2                2323.50A   -8.216    0.0058      Fe 2                4898.61A   -8.094    0.0077      Blnd                3467.00A   -6.529    0.2827
C  2                2324.69A   -7.905    0.0119      Fe 2                2.25348m   -7.603    0.0238      Blnd                5199.00A   -4.283   49.7569
C  2                2325.40A   -7.422    0.0362      Fe 2                1.02005m   -8.810    0.0015      Blnd                1.04030m   -5.772    1.6133
C  2                2326.93A   -7.434    0.0351      Fe 2                1.00139m   -8.254    0.0053      Blnd                2141.00A   -8.777    0.0016
C  2                2328.12A   -7.852    0.0134      Fe 2                9133.66A   -8.977    0.0010      Blnd                6300.00A   -4.000   95.5406
C  2                157.636m   -5.479    3.1666      Fe 2                8885.67A   -8.702    0.0019      Blnd                2471.00A   -8.664    0.0021
Ca 1                4226.73A   -7.113    0.0737      Fe 2                7131.14A   -8.867    0.0013      Blnd                7323.00A   -8.832    0.0014
Ca 1                6439.08A   -8.051    0.0085      Fe 2                6944.91A   -8.436    0.0035      Blnd                7332.00A   -8.913    0.0012
Ca 1                6462.57A   -8.317    0.0046      Fe 2                6473.88A   -8.472    0.0032      Blnd                3727.00A   -6.752    0.1689
Ca 1                6493.78A   -8.539    0.0028      Fe 2                6044.10A   -8.904    0.0012      Blnd                7325.00A   -8.569    0.0026
Cl 1                11.3303m   -7.346    0.0430      Fe 2                5835.45A   -8.572    0.0026      N 1C                5199.00A   -8.259    0.0053
Co 2                9335.96A   -8.118    0.0073      Fe 2                5060.09A   -8.653    0.0021      N 1T                5199.00A   -8.370    0.0041
Co 2                9639.13A   -8.555    0.0027      Fe 2                4576.40A   -8.906    0.0012

                                                    Emergent line intensities
 Caution: emergent intensities are not reliable on the first iteration.
general properties.............................      Fe 2                2348.30A   -7.095    0.0768      Mn 2                3460.03A   -8.767    0.0016
continua.......................................      Fe 2                2327.40A   -7.687    0.0197      N  1                1134.41A   -8.900    0.0012
FIR                 83.0000m   -2.586 2478.4485      Fe 2                87.3597m   -6.410    0.3716      N  1                1134.98A   -8.805    0.0015
TIR                 1800.00m   -4.689   19.5391      Fe 2                5.06097m   -7.311    0.0467      N  1                1199.55A   -8.141    0.0069
NIRa                2.85000m   -2.657 2102.2976      Fe 2                4.43363m   -7.228    0.0565      N  1                1200.22A   -8.314    0.0046
NIRb                3.00000m   -3.817  145.6586      Fe 2                1.40951m   -8.639    0.0022      N  1                1200.71A   -8.616    0.0023
MIRa                15.0000m   -3.911  117.1274      Fe 2                1.32777m   -6.777    0.1596      N  1                3466.50A   -6.612    0.2332
MIRb                22.5000m   -2.784 1571.0665      Fe 2                1.27877m   -6.834    0.1400      N  1                3466.54A   -7.285    0.0495
NMIR                21.7500m   -2.657 2102.2976      Fe 2                1.25214m   -7.874    0.0128      N  1                5197.90A   -4.681   19.8942
TFIR                611.250m   -3.496  305.2186      Fe 2                7926.88A   -8.112    0.0074      N  1                5200.26A   -4.505   29.8618
TALL                10000.0A   -2.206 5940.6772      Fe 2                7803.89A   -7.852    0.0134      N  1                1.03977m   -6.117    0.7297
F12                 12.0000m   -5.816    1.4608      Fe 2                7665.28A   -7.105    0.0750      N  1                1.03982m   -6.640    0.2190
F25                 25.0000m   -4.427   35.7715      Fe 2                5006.63A   -7.252    0.0535      N  1                1.04072m   -6.465    0.3275
F60                 60.0000m   -2.640 2190.6318      Fe 2                4772.06A   -8.065    0.0082      N  1                1.04076m   -6.453    0.3369
F100                100.000m   -5.693    1.9388      Fe 2                4639.67A   -7.749    0.0170      Na 1                5889.95A   -7.488    0.0310
MIPS                24.0000m   -4.427   35.7663      Fe 2                4528.39A   -7.360    0.0417      Na 1                5895.92A   -7.488    0.0311
MIPS                70.0000m   -2.640 2187.2903      Fe 2                4509.61A   -7.708    0.0187      Ni 1                7.50454m   -7.539    0.0276
MIPS                160.000m   -3.665  206.5158      Fe 2                4452.10A   -5.731    1.7765      O  1                1304.86A   -7.238    0.0552
IRAC                3.60000m   -7.038    0.0875      Fe 2                3277.55A   -7.865    0.0130      O  1                1306.03A   -7.700    0.0191
IRAC                4.50000m   -5.718    1.8281      Fe 2                3277.12A   -8.770    0.0016      O  1                1355.60A   -7.301    0.0478
IRAC                5.80000m   -4.005   94.4248      Fe 2                3275.02A   -7.941    0.0109      O  1                1358.51A   -7.720    0.0182
IRAC                8.00000m   -5.012    9.2828      Fe 2                2631.05A   -6.684    0.1978      O  1                2972.29A   -6.765    0.1642
SPR1                250.000m   -5.809    1.4812      Fe 2                2620.41A   -8.558    0.0026      O  1                5577.34A   -5.815    1.4622
SPR2                350.000m   -4.105   75.0461      Fe 2                2613.82A   -7.457    0.0333      O  1                6300.30A   -4.120   72.3963
SPR3                500.000m   -6.010    0.9333      Fe 2                2410.52A   -7.331    0.0445      O  1                6363.78A   -4.616   23.1270
PAC1                70.0000m   -2.640 2188.1484      Fe 2                2406.66A   -7.599    0.0241      O  1                6391.73A   -7.944    0.0109
PAC2                100.000m   -5.692    1.9421      Fe 2                2404.43A   -8.411    0.0037      O  1                44.0453m   -8.273    0.0051
PAC3                160.000m   -3.663  207.5190      Fe 2                2359.11A   -7.402    0.0378      O  1                63.1679m   -2.640 2186.2036
PAH                 3.30000m   -7.844    0.0137      Fe 2                2338.01A   -7.472    0.0322      O  1                145.495m   -3.676  201.6044
PAHC                3.23000m   -8.124    0.0072      Fe 2                4.67067m   -7.853    0.0134      O  2                2470.34A   -8.767    0.0016
PAHC                3.37000m   -8.114    0.0073      Fe 2                1.29777m   -7.165    0.0654      O  2                7319.99A   -8.961    0.0010
PAH                 6.20000m   -7.890    0.0123      Fe 2                1.27034m   -7.037    0.0878      O  2                3728.81A   -6.974    0.1014
PAHC                5.65000m   -6.802    0.1509      Fe 2                7999.47A   -8.859    0.0013      O  2                3726.03A   -7.150    0.0676
PAH                 7.90000m   -7.372    0.0406      Fe 2                7874.24A   -7.206    0.0594      P  2                60.6263m   -6.079    0.7962
PAHC                6.90000m   -5.015    9.2369      Fe 2                7733.14A   -7.752    0.0169      P  2                1532.53A   -8.672    0.0020
PAH                 11.3000m   -7.322    0.0455      Fe 2                4798.28A   -7.615    0.0232      P  2                32.8620m   -6.181    0.6291
PAHC                10.9000m   -6.894    0.1220      Fe 2                4664.45A   -8.263    0.0052      P  2                1.14682m   -6.099    0.7611
PAH                 11.8000m   -8.577    0.0025      Fe 2                4533.01A   -8.255    0.0053      P  2                4669.25A   -7.764    0.0165
PAHC                12.6500m   -6.642    0.2178      Fe 2                4474.90A   -6.043    0.8654      P  2                2195.57A   -8.043    0.0087
PAH                 13.3000m   -8.566    0.0026      Fe 2                3289.89A   -8.251    0.0054      P  2                1536.42A   -8.540    0.0028
PAHC                14.1000m   -6.302    0.4768      Fe 2                3289.46A   -8.030    0.0089      P  2                1535.92A   -8.477    0.0032
Bcon                3640.00A   -2.960 1046.6575      Fe 2                2628.29A   -7.146    0.0682      P  2                1.18828m   -5.675    2.0173
Pcon                5000.00A   -3.376  401.6525      Fe 2                2621.67A   -8.041    0.0087      P  2                2210.34A   -7.590    0.0246
O3bn                5007.00A   -5.240    5.4934      Fe 2                2413.31A   -7.849    0.0135      P  2                1542.30A   -8.766    0.0016
RRC............................................      Fe 2                2411.07A   -7.856    0.0133      P  2                7875.99A   -7.015    0.0922
grains.........................................      Fe 2                2344.28A   -7.566    0.0260      S  1                1483.04A   -8.633    0.0022
H-like iso-sequence............................      Fe 2                17.9311m   -4.994    9.6910      S  1                1820.34A   -7.309    0.0469
H  1                1215.67A   -3.281  500.0575      Fe 2                1.64355m   -4.099   75.9655      S  1                1826.24A   -7.792    0.0154
H  1                6562.80A   -5.218    5.7817      Fe 2                1.53348m   -5.225    5.6952      S  1                25.2421m   -5.254    5.3175
H  1                4861.32A   -5.980    1.0000      Fe 2                8616.95A   -5.488    3.1035      S  1                56.2957m   -6.214    0.5840
H  1                4340.46A   -6.361    0.4161      Fe 2                7155.17A   -5.617    2.3096      S  2                6730.82A   -4.747   17.0976
H  1                4101.73A   -8.047    0.0086      Fe 2                6896.17A   -7.069    0.0816      S  2                6716.44A   -4.586   24.7875
H  1                3970.07A   -8.335    0.0044      Fe 2                5413.37A   -7.526    0.0284      S  2                4076.35A   -6.295    0.4841
H  1                3889.05A   -8.567    0.0026      Fe 2                5280.27A   -8.063    0.0083      S  2                4068.60A   -5.804    1.5002
H  1                3835.38A   -8.760    0.0017      Fe 2                5273.36A   -5.615    2.3154      S  2                1.03364m   -6.433    0.3521
H  1                3797.90A   -8.926    0.0011      Fe 2                5158.79A   -5.004    9.4558      S  2                1.02867m   -6.430    0.3547
H  1                3770.63A   -8.674    0.0020      Fe 2                5111.64A   -5.911    1.1716      S  2                1.03705m   -6.755    0.1678
H  1                3750.15A   -8.789    0.0016      Fe 2                5072.41A   -5.657    2.1048      S  2                1.03205m   -6.297    0.4826
H  1                3734.37A   -8.892    0.0012      Fe 2                5039.10A   -7.091    0.0774      S  2                1259.52A   -8.074    0.0081
H  1                1.87510m   -6.752    0.1692      Fe 2                4814.54A   -5.961    1.0452      S  2                1253.81A   -8.151    0.0068
H  1                1.28181m   -7.065    0.0823      Fe 2                4774.73A   -6.401    0.3795      S  2                1250.58A   -8.461    0.0033
H  1                1.09381m   -8.432    0.0035      Fe 2                4745.49A   -7.453    0.0337      Sc 2                4246.82A   -8.534    0.0028
H  1                1.00494m   -8.739    0.0017      Fe 2                4661.78A   -8.551    0.0027      Sc 2                7043.49A   -8.305    0.0047
H  1                4.05115m   -7.621    0.0228      Fe 2                4243.97A   -5.331    4.4604      Sc 2                8261.17A   -8.819    0.0014
H  1                2.62515m   -8.609    0.0023      Fe 2                4177.20A   -6.421    0.3626      Sc 2                8271.28A   -8.705    0.0019
H  1                2.16553m   -8.959    0.0010      Fe 2                4146.65A   -7.996    0.0096      Sc 2                8326.62A   -8.959    0.0010
H  1                7.45782m   -8.647    0.0022      Fe 2                4114.48A   -8.334    0.0044      Sc 2                8347.28A   -8.524    0.0029
He-like iso-sequence...........................      Fe 2                3929.35A   -8.587    0.0025      Sc 2                8384.33A   -8.836    0.0014
extra Lyman....................................      Fe 2                3387.09A   -6.836    0.1393      Sc 2                1.07804m   -8.903    0.0012
database lines.................................      Fe 2                3376.20A   -6.038    0.8744      Sc 2                2.03194m   -8.441    0.0035
CN                  2648.35m   -8.707    0.0019      Fe 2                2732.45A   -7.147    0.0681      Sc 2                2.04712m   -8.788    0.0016
CN                  2640.74m   -8.407    0.0037      Fe 2                2493.30A   -4.730   17.7988      Sc 2                2.07591m   -8.432    0.0035
CN                  1322.30m   -8.774    0.0016      Fe 2                2484.20A   -8.290    0.0049      Sc 2                2.07842m   -8.266    0.0052
CN                  1321.03m   -8.515    0.0029      Fe 2                2360.00A   -6.736    0.1755      Sc 2                2.08152m   -8.535    0.0028
CN                  881.421m   -8.765    0.0016      Fe 2                2348.12A   -6.813    0.1469      Sc 2                2.11129m   -8.708    0.0019
CN                  880.858m   -8.609    0.0024      Fe 2                2331.31A   -8.425    0.0036      Sc 2                2.12445m   -8.707    0.0019
CN                  661.044m   -8.678    0.0020      Fe 2                24.5126m   -5.694    1.9345      Si 1                2211.75A   -8.912    0.0012
CN                  660.727m   -8.564    0.0026      Fe 2                1.80940m   -4.700   19.0494      Si 1                2519.20A   -8.326    0.0045
CN                  528.842m   -8.783    0.0016      Fe 2                1.67688m   -5.650    2.1387      Si 1                2528.51A   -8.107    0.0075
CN                  528.639m   -8.692    0.0019      Fe 2                1.59948m   -5.557    2.6479      Si 1                68.4548m   -7.614    0.0232
CN                  440.721m   -8.801    0.0015      Fe 2                9051.95A   -5.330    4.4715      Si 1                129.641m   -7.684    0.0198
CN                  440.580m   -8.726    0.0018      Fe 2                8891.93A   -5.754    1.6821      Si 2                34.8046m   -2.830 1411.9429
CN                  377.785m   -8.943    0.0011      Fe 2                7452.56A   -6.109    0.7440      Si 2                2334.41A   -5.985    0.9886
CN                  377.682m   -8.878    0.0013      Fe 2                7172.00A   -6.024    0.9036      Si 2                2328.52A   -6.593    0.2441
CN                  330.511m   -8.975    0.0010      Fe 2                6275.53A   -7.982    0.0100      Si 2                1808.01A   -6.047    0.8579
HF                  243.178m   -8.306    0.0047      Fe 2                5527.36A   -6.598    0.2411      Si 2                1526.71A   -8.818    0.0015
CO                  2600.05m   -8.280    0.0050      Fe 2                5440.48A   -8.356    0.0042      Si 2                1260.42A   -8.029    0.0089
CO                  1300.05m   -7.000    0.0955      Fe 2                5433.15A   -6.129    0.7091      Si 2                2350.17A   -5.841    1.3778
CO                  866.727m   -6.581    0.2506      Fe 2                5261.63A   -5.385    3.9397      Si 2                2344.20A   -5.444    3.4391
CO                  650.074m   -6.425    0.3593      Fe 2                5220.08A   -6.660    0.2090      Si 2                2334.60A   -5.550    2.6950
CO                  520.089m   -6.352    0.4247      Fe 2                5184.80A   -6.556    0.2658      Si 2                1817.45A   -5.899    1.2050
CO                  433.438m   -6.307    0.4716      Fe 2                5158.01A   -6.505    0.2986      Si 2                1816.93A   -5.588    2.4677
CO                  371.549m   -6.290    0.4903      Fe 2                4947.39A   -5.905    1.1895      Si 2                1533.43A   -6.390    0.3888
CO                  325.137m   -6.279    0.5019      Fe 2                4905.35A   -6.256    0.5298      Si 2                1309.28A   -7.170    0.0645
CO                  289.041m   -6.281    0.5007      Fe 2                4874.50A   -6.299    0.4801      Si 2                1265.00A   -6.987    0.0984
CO                  260.169m   -6.287    0.4938      Fe 2                4852.74A   -7.660    0.0209      Si 2                1264.74A   -7.387    0.0392
CO                  236.549m   -6.300    0.4784      Fe 2                4346.86A   -5.958    1.0519      Si 2                1197.39A   -7.359    0.0418
CO                  216.868m   -6.321    0.4561      Fe 2                4276.84A   -5.882    1.2537      Si 2                1194.50A   -7.595    0.0242
CO                  200.218m   -6.346    0.4306      Fe 2                4244.82A   -6.694    0.1934      Si 2                3862.60A   -8.577    0.0025
CO                  185.949m   -6.368    0.4095      Fe 2                4231.56A   -8.294    0.0049      Si 2                3856.02A   -8.550    0.0027
CO                  173.584m   -6.392    0.3871      Fe 2                4211.11A   -8.269    0.0051      Si 2                6371.37A   -8.494    0.0031
CO                  162.767m   -6.419    0.3640      Fe 2                3455.11A   -6.942    0.1091      Si 2                6347.11A   -8.416    0.0037
CO                  153.225m   -6.448    0.3408      Fe 2                3452.31A   -6.631    0.2234      Zn 2                2062.00A   -8.073    0.0081
CO                  144.745m   -6.478    0.3181      Fe 2                3440.99A   -6.517    0.2905      Zn 2                2025.48A   -7.838    0.0139
CO                  137.159m   -6.509    0.2962      Fe 2                2774.73A   -8.387    0.0039      Al 2                2669.15A   -5.625    2.2632
CO                  130.333m   -6.540    0.2754      Fe 2                2759.34A   -8.779    0.0016      Al 2                2660.35A   -5.452    3.3766
CO                  124.160m   -6.577    0.2528      Fe 2                2485.07A   -8.577    0.0025      Al 2                1670.79A   -6.121    0.7233
CO                  118.548m   -6.617    0.2305      Fe 2                2391.48A   -7.657    0.0210      Al 2                3900.67A   -8.861    0.0013
CO                  113.427m   -6.658    0.2099      Fe 2                2379.28A   -8.336    0.0044      Ca 2                7323.89A   -4.394   38.5920
CO                  108.733m   -6.701    0.1902      Fe 2                2362.02A   -7.124    0.0718      Ca 2                7291.47A   -4.226   56.7275
CO                  104.416m   -6.744    0.1721      Fe 2                35.7675m   -6.493    0.3067      Ca 2                3968.47A   -6.523    0.2864
CO                  100.433m   -6.789    0.1551      Fe 2                1.95361m   -5.611    2.3379      Ca 2                8662.14A   -5.122    7.2068
CO                  96.7462m   -6.837    0.1391      Fe 2                1.80002m   -5.666    2.0627      Ca 2                3933.66A   -6.477    0.3185
CO                  93.3237m   -6.885    0.1243      Fe 2                1.71113m   -6.235    0.5561      Ca 2                8498.02A   -5.815    1.4622
CO                  90.1384m   -6.936    0.1107      Fe 2                1.66377m   -5.854    1.3362      Ca 2                8542.09A   -4.868   12.9362
CO                  87.1666m   -6.988    0.0981      Fe 2                9399.04A   -5.752    1.6918      Ca 2                3706.02A   -7.489    0.0310
CO                  84.3877m   -7.042    0.0867      Fe 2                9226.63A   -5.698    1.9158      Ca 2                3736.90A   -7.193    0.0613
CO                  81.7835m   -7.097    0.0764      Fe 2                9033.49A   -6.774    0.1609      Ca 2                3158.87A   -7.511    0.0294
CO                  79.3383m   -7.155    0.0669      Fe 2                7388.17A   -6.144    0.6854      Ca 2                3181.27A   -8.216    0.0058
CO                  77.0375m   -7.214    0.0584      Fe 2                6440.41A   -7.097    0.0764      Ca 2                3179.33A   -7.262    0.0523
CO                  74.8697m   -7.274    0.0508      Fe 2                6229.28A   -8.247    0.0054      Ca 2                1.19497m   -8.925    0.0011
CO                  72.8231m   -7.336    0.0440      Fe 2                5654.87A   -7.558    0.0264      Ca 2                1.18390m   -8.625    0.0023
CO                  70.8878m   -7.400    0.0381      Fe 2                5556.31A   -6.799    0.1519      Ca 2                1838.01A   -8.448    0.0034
CO                  69.0557m   -7.463    0.0329      Fe 2                5412.67A   -7.327    0.0450      Ca 2                1840.03A   -8.293    0.0049
CO                  67.3181m   -7.528    0.0283      Fe 2                5333.66A   -5.672    2.0338      Ca 2                2112.76A   -8.920    0.0011
CO                  65.6684m   -7.594    0.0243      Fe 2                5296.84A   -6.955    0.1060      Cl 2                14.3639m   -6.303    0.4752
CO                  64.0998m   -7.660    0.0209      Fe 2                5268.89A   -6.675    0.2019      Cl 2                33.2721m   -7.384    0.0395
CO                  62.6072m   -7.726    0.0180      Fe 2                5107.96A   -7.610    0.0234      Cl 2                8578.70A   -5.991    0.9744
CO                  61.1843m   -7.793    0.0154      Fe 2                5049.30A   -6.078    0.7979      Cl 2                9123.60A   -6.576    0.2535
CO                  59.8271m   -7.861    0.0132      Fe 2                5005.52A   -6.132    0.7045      Cl 2                3677.85A   -7.914    0.0117
CO                  58.5311m   -7.929    0.0113      Fe 2                4973.40A   -6.400    0.3805      Cl 2                6161.84A   -7.868    0.0130
CO                  57.2920m   -7.998    0.0096      Fe 2                4950.76A   -6.745    0.1716      Mg 2                2802.71A   -4.151   67.4318
CO                  56.1066m   -8.068    0.0082      Fe 2                4352.79A   -6.198    0.6059      Mg 2                2795.53A   -3.855  133.4310
CO                  54.9712m   -8.139    0.0069      Fe 2                4319.62A   -6.464    0.3284      Mg 2                2936.52A   -7.082    0.0791
CO                  53.8829m   -8.210    0.0059      Fe 2                4305.90A   -7.267    0.0517      Mg 2                2928.64A   -7.384    0.0395
CO                  52.8388m   -8.282    0.0050      Fe 2                4084.33A   -8.592    0.0024      Mg 2                2797.93A   -7.822    0.0144
CO                  51.8365m   -8.354    0.0042      Fe 2                3504.51A   -7.245    0.0543      Mg 2                2790.77A   -7.120    0.0725
CO                  50.8731m   -8.426    0.0036      Fe 2                3504.02A   -7.102    0.0755      Mg 2                2798.00A   -6.867    0.1298
CO                  49.9472m   -8.499    0.0030      Fe 2                3501.63A   -6.666    0.2063      Mg 2                9244.22A   -8.938    0.0011
CO                  49.0559m   -8.573    0.0026      Fe 2                3489.99A   -7.345    0.0431      Mg 2                9218.22A   -8.643    0.0022
CO                  48.1977m   -8.649    0.0021      Fe 2                2385.01A   -7.949    0.0107      N  2                205.283m   -8.171    0.0064
CO                  47.3709m   -8.725    0.0018      Fe 2                2.06648m   -7.005    0.0945      N  2                121.769m   -8.389    0.0039
CO                  46.5738m   -8.803    0.0015      Fe 2                1.89541m   -6.401    0.3790      N  2                6548.05A   -7.542    0.0274
CO                  45.8046m   -8.881    0.0013      Fe 2                1.79711m   -5.888    1.2355      N  2                6583.45A   -7.073    0.0808
CO                  45.0623m   -8.962    0.0010      Fe 2                1.74494m   -6.177    0.6358      N  2                5754.59A   -8.921    0.0011
^13CO               1359.86m   -8.548    0.0027      Fe 2                9652.70A   -6.601    0.2396      N  2                2142.77A   -8.925    0.0011
^13CO               906.599m   -8.101    0.0076      Fe 2                9470.94A   -6.088    0.7795      Ni 2                1.19102m   -4.976   10.0894
^13CO               679.978m   -7.931    0.0112      Fe 2                9267.56A   -6.470    0.3236      Ni 2                6.63416m   -5.604    2.3794
^13CO               544.012m   -7.853    0.0134      Fe 2                7544.00A   -8.784    0.0016      Ni 2                1.07151m   -6.596    0.2421
^13CO               453.374m   -7.806    0.0149      Fe 2                6558.51A   -7.311    0.0467      Ni 2                10.6793m   -6.233    0.5582
^13CO               388.637m   -7.788    0.0156      Fe 2                5745.71A   -7.929    0.0112      Ni 2                1.27792m   -8.420    0.0036
^13CO               340.088m   -7.778    0.0159      Fe 2                5643.98A   -7.771    0.0162      Ni 2                1.16130m   -7.113    0.0737
^13CO               302.332m   -7.779    0.0159      Fe 2                5495.84A   -7.603    0.0238      Ni 2                12.7253m   -6.649    0.2142
^13CO               272.130m   -7.785    0.0157      Fe 2                5376.47A   -6.066    0.8205      Ni 2                9882.95A   -7.862    0.0131
^13CO               247.423m   -7.798    0.0152      Fe 2                5347.66A   -7.180    0.0630      Ni 2                1.09177m   -7.400    0.0381
^13CO               226.836m   -7.820    0.0145      Fe 2                5181.96A   -7.456    0.0334      Ni 2                18.2355m   -7.366    0.0411
^13CO               209.419m   -7.846    0.0136      Fe 2                5076.57A   -6.736    0.1753      Ni 2                9374.87A   -8.154    0.0067
^13CO               194.493m   -7.868    0.0129      Fe 2                5043.53A   -6.606    0.2365      Ni 2                7377.83A   -5.763    1.6486
^13CO               181.558m   -7.894    0.0122      Fe 2                5020.25A   -6.723    0.1809      Ni 2                8300.99A   -7.059    0.0834
^13CO               170.243m   -7.922    0.0114      Fe 2                4372.43A   -6.738    0.1746      Ni 2                1.93877m   -6.471    0.3232
^13CO               160.261m   -7.951    0.0107      Fe 2                4358.37A   -6.949    0.1073      Ni 2                2.36883m   -7.758    0.0167
^13CO               151.390m   -7.983    0.0099      Fe 2                4080.00A   -8.622    0.0023      Ni 2                2.91064m   -7.426    0.0358
^13CO               143.454m   -8.015    0.0092      Fe 2                3539.19A   -6.950    0.1073      Ni 2                6666.80A   -6.610    0.2345
^13CO               136.314m   -8.049    0.0085      Fe 2                3538.69A   -7.243    0.0546      Ni 2                7411.61A   -6.391    0.3882
^13CO               129.855m   -8.088    0.0078      Fe 2                3536.25A   -7.369    0.0409      Ni 2                1.76458m   -8.536    0.0028
^13CO               123.985m   -8.130    0.0071      Fe 2                3524.38A   -8.677    0.0020      Ni 2                2.04866m   -8.114    0.0073
^13CO               118.627m   -8.174    0.0064      Fe 2                22.8961m   -7.999    0.0096      Ni 2                2.30794m   -7.570    0.0257
^13CO               113.717m   -8.220    0.0058      Fe 2                1.81139m   -8.278    0.0050      Ni 2                6.91767m   -7.870    0.0129
^13CO               109.201m   -8.268    0.0052      Fe 2                7764.71A   -7.484    0.0313      Ni 2                4326.24A   -6.557    0.2650
^13CO               105.034m   -8.318    0.0046      Fe 2                7336.73A   -7.774    0.0161      Ni 2                4628.05A   -6.979    0.1003
^13CO               101.176m   -8.372    0.0041      Fe 2                7267.25A   -8.742    0.0017      Ni 2                6794.20A   -8.035    0.0088
^13CO               97.5955m   -8.428    0.0036      Fe 2                6809.24A   -7.751    0.0169      Ni 2                7255.82A   -6.912    0.1171
^13CO               94.2629m   -8.488    0.0031      Fe 2                6729.87A   -8.032    0.0089      Ni 2                7694.56A   -7.982    0.0100
^13CO               91.1537m   -8.551    0.0027      Fe 2                6671.93A   -8.595    0.0024      Ni 2                8033.54A   -8.147    0.0068
^13CO               88.2461m   -8.619    0.0023      Fe 2                5721.37A   -8.869    0.0013      Ni 2                1.04597m   -7.395    0.0384
^13CO               85.5213m   -8.692    0.0019      Fe 2                5163.96A   -7.780    0.0159      Ni 2                1.23230m   -7.423    0.0361
^13CO               82.9627m   -8.770    0.0016      Fe 2                4266.35A   -8.481    0.0032      Ni 2                4201.17A   -6.739    0.1741
^13CO               80.5556m   -8.856    0.0013      Fe 2                4249.08A   -8.752    0.0017      Ni 2                4485.21A   -7.192    0.0614
^13CO               78.2869m   -8.951    0.0011      Fe 2                4157.92A   -8.756    0.0017      Ni 2                7307.65A   -7.088    0.0781
OH+                 308.406m   -8.894    0.0012      Fe 2                3277.35A   -7.277    0.0505      Ni 2                7612.72A   -7.416    0.0367
C  1                1560.31A   -7.620    0.0229      Fe 2                3255.89A   -8.529    0.0028      Ni 2                1.13597m   -8.099    0.0076
C  1                1560.68A   -7.656    0.0211      Fe 2                2926.59A   -8.138    0.0069      Ni 2                4285.31A   -7.948    0.0108
C  1                1560.71A   -7.832    0.0141      Fe 2                2880.76A   -7.852    0.0134      Ni 2                6791.48A   -7.662    0.0208
C  1                1561.34A   -7.142    0.0688      Fe 2                2755.74A   -6.195    0.6094      Ni 2                7054.20A   -7.567    0.0259
C  1                1561.37A   -7.644    0.0217      Fe 2                2739.55A   -6.885    0.1244      Ni 2                9.61508m   -8.856    0.0013
C  1                1561.44A   -7.159    0.0663      Fe 2                2716.70A   -7.063    0.0826      Ni 2                4033.04A   -7.006    0.0943
C  1                1656.27A   -6.955    0.1060      Fe 2                34.6508m   -8.870    0.0013      Ni 2                4294.09A   -7.126    0.0715
C  1                1656.93A   -7.367    0.0411      Fe 2                1.00287m   -7.472    0.0322      Ni 2                6467.29A   -8.159    0.0066
C  1                1657.01A   -6.579    0.2518      Fe 2                8245.16A   -8.971    0.0010      Ni 2                6813.57A   -7.147    0.0680
C  1                1657.38A   -7.417    0.0366      Fe 2                8037.28A   -8.002    0.0095      Ni 2                7078.04A   -7.696    0.0192
C  1                1657.91A   -6.891    0.1228      Fe 2                7579.61A   -8.493    0.0031      Ni 2                1.02090m   -8.478    0.0032
C  1                1658.12A   -7.074    0.0805      Fe 2                7017.95A   -8.411    0.0037      Ni 2                3993.06A   -6.660    0.2088
C  1                1930.90A   -8.720    0.0018      Fe 2                6933.67A   -8.777    0.0016      Ni 2                4248.80A   -7.136    0.0699
C  1                1992.01A   -8.378    0.0040      Fe 2                6872.19A   -7.943    0.0109      Ni 2                6007.06A   -8.250    0.0054
C  1                1993.62A   -7.024    0.0904      Fe 2                6829.03A   -8.977    0.0010      Ni 2                6365.10A   -7.134    0.0701
C  1                2582.90A   -8.288    0.0049      Fe 2                5746.98A   -7.829    0.0142      Ni 2                6700.24A   -8.528    0.0028
C  1                8727.13A   -8.737    0.0017      Fe 2                5283.12A   -8.388    0.0039      Ni 2                6955.82A   -8.562    0.0026
C  1                9824.13A   -4.205   59.5566      Fe 2                5199.18A   -8.603    0.0024      Ni 2                8703.87A   -7.590    0.0246
C  1                9850.26A   -3.730  177.9265      Fe 2                4351.81A   -8.751    0.0017      Ni 2                9956.63A   -7.816    0.0146
C  1                370.269m   -4.110   74.0795      Fe 2                4347.36A   -8.121    0.0072      Ni 2                5.18504m   -8.595    0.0024
C  1                609.590m   -4.717   18.3269      Fe 2                4329.43A   -7.467    0.0326      Ni 2                3438.88A   -6.849    0.1352
C  2                1334.53A   -8.864    0.0013      Fe 2                2953.77A   -8.878    0.0013      Ni 2                3626.89A   -7.157    0.0666
C  2                1335.66A   -8.430    0.0035      Fe 2                2772.73A   -6.946    0.1081      Ni 2                3378.16A   -7.463    0.0329
C  2                1335.71A   -8.455    0.0033      Fe 2                2749.32A   -7.029    0.0894      Ni 2                3559.41A   -7.443    0.0345
C  2                2323.50A   -8.216    0.0058      Fe 2                9795.19A   -8.250    0.0054      level 1 lines..................................
C  2                2324.69A   -7.905    0.0119      Fe 2                8228.13A   -8.165    0.0065      recombination..................................
C  2                2325.40A   -7.422    0.0362      Fe 2                7613.14A   -8.572    0.0026      level2 lines...................................
C  2                2326.93A   -7.434    0.0351      Fe 2                7011.24A   -8.979    0.0010      C  1                1247.50A   -7.825    0.0143
C  2                2328.12A   -7.852    0.0134      Fe 2                6966.33A   -8.336    0.0044      C  1                1314.77A   -7.749    0.0170
C  2                157.636m   -5.479    3.1675      Fe 2                5477.25A   -8.334    0.0044      C  1                1233.29A   -8.346    0.0043
Ca 1                4226.73A   -7.113    0.0737      Fe 2                5278.38A   -8.801    0.0015      C  1                1250.68A   -8.500    0.0030
Ca 1                6439.08A   -8.051    0.0085      Fe 2                4402.59A   -8.587    0.0025      Mg 1                1817.31A   -8.677    0.0020
Ca 1                6462.57A   -8.317    0.0046      Fe 2                4384.21A   -8.519    0.0029      Mg 1                1739.09A   -8.888    0.0012
Ca 1                6493.78A   -8.540    0.0028      Fe 2                1.05081m   -8.730    0.0018      Mg 1                1699.05A   -8.909    0.0012
Cl 1                11.3303m   -7.346    0.0430      Fe 2                7710.80A   -8.883    0.0012      Mg 1                1675.74A   -8.920    0.0011
Co 2                9335.96A   -8.118    0.0073      Fe 2                7048.01A   -8.549    0.0027      Mg 1                1660.94A   -8.965    0.0010
Co 2                9639.13A   -8.556    0.0027      Fe 2                5901.28A   -8.780    0.0016      Si 1                1853.05A   -8.887    0.0012
Co 2                10.5199m   -6.952    0.1067      Fe 2                5527.62A   -8.891    0.0012      Si 2                1179.59A   -8.204    0.0060
Co 2                15.4548m   -7.837    0.0139      Fe 2                2.04602m   -7.416    0.0366      S  1                1356.05A   -8.361    0.0042
Co 2                2.98382m   -6.438    0.3483      Fe 2                1.41956m   -7.971    0.0102      S  1                1392.25A   -8.748    0.0017
Co 2                14.7345m   -7.481    0.0315      Fe 2                1.35904m   -8.777    0.0016      S  1                1418.10A   -8.946    0.0011
Co 2                18.7989m   -8.001    0.0095      Fe 2                1.23314m   -7.765    0.0164      Ca 2                1360.06A   -8.958    0.0011
Co 2                25.6819m   -8.689    0.0020      Fe 2                1.09108m   -7.688    0.0196      Fe 1                2484.25A   -8.610    0.0023
Co 2                1.01879m   -7.166    0.0651      Fe 2                1.07084m   -8.126    0.0071      Fe 1                2526.51A   -8.845    0.0014
Co 2                1.12804m   -8.137    0.0070      Fe 2                1.05625m   -8.577    0.0025      Sc 2                3627.22A   -7.304    0.0475
Co 2                1.54700m   -7.412    0.0370      Fe 2                1.01565m   -8.379    0.0040      Sc 2                3575.45A   -7.426    0.0359
Co 2                1.72847m   -8.408    0.0037      Fe 2                8119.18A   -8.855    0.0013      Sc 2                3368.13A   -7.989    0.0098
Co 2                1.90349m   -8.247    0.0054      Fe 2                5588.16A   -7.682    0.0199      Ti 2                3364.74A   -5.729    1.7810
Co 2                1.02452m   -7.973    0.0102      Fe 2                5586.91A   -8.544    0.0027      Ti 2                3237.15A   -5.969    1.0254
Co 2                1.09726m   -8.601    0.0024      Fe 2                5580.82A   -7.113    0.0736      Ti 2                1904.17A   -7.837    0.0139
Co 2                1.49674m   -8.838    0.0014      Fe 2                5551.32A   -6.831    0.1409      Ti 2                1907.36A   -7.580    0.0251
Co 2                1.62622m   -8.826    0.0014      Fe 2                3227.74A   -8.502    0.0030      V  2                2710.94A   -8.056    0.0084
Co 2                1.73616m   -8.532    0.0028      Fe 2                3196.07A   -8.065    0.0082      V  2                2684.22A   -7.820    0.0144
Co 2                1.02803m   -8.571    0.0026      Fe 2                2.13278m   -7.672    0.0203      V  2                2139.33A   -8.450    0.0034
Co 2                8580.39A   -8.627    0.0023      Fe 2                1.46079m   -8.518    0.0029      Cr 1                4269.56A   -8.515    0.0029
Co 2                9342.40A   -7.322    0.0455      Fe 2                1.39678m   -8.579    0.0025      Cr 1                3589.90A   -8.332    0.0044
Co 2                9943.48A   -7.670    0.0204      Fe 2                1.30943m   -8.599    0.0024      Cr 2                2059.78A   -6.329    0.4476
Co 2                7539.01A   -7.991    0.0098      Fe 2                1.24364m   -8.784    0.0016      Mn 2                1198.85A   -8.689    0.0020
Co 2                8121.00A   -7.703    0.0189      Fe 2                1.09413m   -7.885    0.0124      Co 2                2060.90A   -7.795    0.0153
Co 2                8571.41A   -8.310    0.0047      Fe 2                1.07890m   -7.981    0.0100      Co 2                2018.80A   -7.829    0.0141
Co 2                6.21176m   -8.952    0.0011      Fe 2                1.06830m   -8.739    0.0017      Co 2                1949.74A   -7.907    0.0118
Co 2                8027.34A   -8.169    0.0065      Fe 2                1.03658m   -8.750    0.0017      Co 2                1575.91A   -8.433    0.0035
Co 2                8467.14A   -8.582    0.0025      Fe 2                5650.95A   -7.660    0.0209      Co 2                1470.18A   -8.514    0.0029
Co 2                8333.76A   -8.350    0.0043      Fe 2                5649.67A   -7.634    0.0222      Ni 2                1751.83A   -7.364    0.0413
Cr 2                8000.08A   -6.162    0.6575      Fe 2                5643.44A   -8.772    0.0016      Ni 2                1744.24A   -7.171    0.0645
Cr 2                8125.30A   -6.236    0.5546      Fe 2                5613.27A   -7.047    0.0857      Ni 2                1484.97A   -8.504    0.0030
Cr 2                8229.67A   -6.330    0.4464      Fe 2                2.24366m   -8.010    0.0093      Ni 2                1472.74A   -8.191    0.0062
Cr 2                8308.49A   -6.518    0.2900      Fe 2                2.00672m   -7.355    0.0422      Ni 2                1400.37A   -8.502    0.0030
Cr 2                8357.64A   -6.815    0.1462      Fe 2                1.10657m   -8.229    0.0056      Ni 2                1375.73A   -8.162    0.0066
Fe 1                24.0358m   -6.601    0.2396      Fe 2                1.09542m   -8.332    0.0044      Ni 2                1324.11A   -8.264    0.0052
Fe 1                34.7038m   -7.189    0.0619      Fe 2                5725.92A   -7.932    0.0112      hyperfine structure............................
Fe 2                25.9813m   -4.528   28.3033      Fe 2                5718.22A   -7.381    0.0397      inner shell....................................
Fe 2                5.33871m   -4.006   94.2728      Fe 2                2.22379m   -6.765    0.1642      molecules......................................
Fe 2                4.11387m   -6.368    0.4091      Fe 2                2.01513m   -7.085    0.0785      bands..........................................
Fe 2                1.25668m   -5.277    5.0425      Fe 2                9682.08A   -7.596    0.0242      Fe 2b               2500.00A   -4.163   65.5682
Fe 2                1.19129m   -8.062    0.0083      Fe 2                9513.85A   -8.402    0.0038      Fe 2b               5000.00A   -4.219   57.7443
Fe 2                6309.53A   -8.907    0.0012      Fe 2                8715.81A   -8.228    0.0056      Fe 2b               7000.00A   -5.161    6.5903
Fe 2                4799.30A   -8.806    0.0015      Fe 2                6873.84A   -7.893    0.0122      Fe 2b               10000.0A   -3.841  137.6443
Fe 2                4704.22A   -8.030    0.0089      Fe 2                6700.65A   -8.864    0.0013      Fe 2b               2355.00A   -4.964   10.3731
Fe 2                4632.28A   -6.237    0.5530      Fe 2                6188.55A   -8.072    0.0081      Fe 2b               2430.00A   -4.171   64.4582
Fe 2                4604.48A   -8.021    0.0091      Fe 2                5870.02A   -8.324    0.0045      Fe 2b               2445.00A   -4.171   64.4580
Fe 2                4416.27A   -6.219    0.5773      Fe 2                5673.20A   -8.358    0.0042      Fe 2b               2495.00A   -4.730   17.8072
Fe 2                4382.74A   -7.188    0.0619      Fe 2                4898.61A   -8.094    0.0077      Fe 2b               2610.00A   -4.421   36.2731
Fe 2                4287.39A   -5.256    5.2945      Fe 2                2.25348m   -7.603    0.0239      Fe 2b               2695.00A   -7.063    0.0827
Fe 2                3931.44A   -8.851    0.0013      Fe 2                1.02005m   -8.810    0.0015      Fe 2b               2758.00A   -5.978    1.0049
Fe 2                3874.07A   -8.482    0.0032      Fe 2                1.00139m   -8.254    0.0053      Fe 2b               2780.00A   -5.938    1.1014
Fe 2                3175.38A   -7.068    0.0818      Fe 2                9133.66A   -8.977    0.0010      Fe 2b               2935.00A   -7.629    0.0224
Fe 2                2599.40A   -7.706    0.0188      Fe 2                8885.67A   -8.703    0.0019      Fe 2b               2960.00A   -8.026    0.0090
Fe 2                2585.88A   -8.723    0.0018      Fe 2                7131.14A   -8.867    0.0013      Fe 2b               3180.00A   -6.578    0.2521
Fe 2                2382.04A   -5.956    1.0580      Fe 2                6944.91A   -8.436    0.0035      Fe 2b               3250.00A   -5.878    1.2660
Fe 2                2343.50A   -8.522    0.0029      Fe 2                6473.88A   -8.473    0.0032      Fe 2b               3590.00A   -5.898    1.2092
Fe 2                35.3391m   -5.190    6.1688      Fe 2                6044.10A   -8.904    0.0012      Fe 2b               3910.00A   -7.947    0.0108
Fe 2                6.71944m   -5.145    6.8347      Fe 2                5835.45A   -8.573    0.0026      Fe 2b               4060.00A   -8.605    0.0024
Fe 2                4.88781m   -6.032    0.8879      Fe 2                5060.09A   -8.654    0.0021      Fe 2b               4255.00A   -4.652   21.2963
Fe 2                4.07521m   -6.853    0.1339      Fe 2                4576.40A   -8.906    0.0012      Fe 2b               4558.00A   -5.382    3.9635
Fe 2                1.32055m   -5.774    1.6077      Fe 2                1.34608m   -8.952    0.0011      Fe 2b               4600.00A   -5.352    4.2441
Fe 2                1.24854m   -6.808    0.1487      Fe 2                1.11648m   -8.768    0.0016      Fe 2b               4743.00A   -6.101    0.7570
Fe 2                1.20512m   -8.620    0.0023      Fe 2                5048.19A   -8.620    0.0023      Fe 2b               4855.00A   -5.522    2.8711
Fe 2                7637.52A   -6.078    0.7987      Fe 2                1.71482m   -8.204    0.0060      Fe 2b               4920.00A   -5.008    9.3873
Fe 2                7523.28A   -8.125    0.0072      Fe 2                9949.21A   -8.535    0.0028      Fe 2b               4975.00A   -5.537    2.7720
Fe 2                4889.62A   -6.101    0.7565      Fe 2                7975.22A   -8.719    0.0018      Fe 2b               4971.00A   -5.580    2.5113
Fe 2                4750.27A   -8.833    0.0014      Fe 2                1.47063m   -8.973    0.0010      Fe 2b               5070.00A   -5.459    3.3193
Fe 2                4716.37A   -7.115    0.0733      Fe 2                1.01273m   -8.649    0.0021      Fe 2b               5143.00A   -4.926   11.3369
Fe 2                4687.56A   -7.318    0.0459      Fe 2                6353.11A   -8.770    0.0016      Fe 2b               5270.00A   -4.641   21.8325
Fe 2                4492.64A   -7.088    0.0780      Fe 2                1.80228m   -8.871    0.0013      Fe 2b               5318.00A   -4.959   10.4952
Fe 2                4457.95A   -6.487    0.3116      Fe 2                1.00387m   -8.800    0.0015      Fe 2b               5540.00A   -6.107    0.7474
Fe 2                4432.45A   -7.280    0.0501      Fe 2                9469.41A   -8.684    0.0020      Fe 2b               5865.00A   -6.706    0.1880
Fe 2                4359.33A   -5.387    3.9190      Fe 2                9384.77A   -8.175    0.0064      Fe 2b               6265.00A   -7.518    0.0290
Fe 2                3224.54A   -8.164    0.0065      Fe 2                2.39329m   -8.224    0.0057      Fe 2b               6565.00A   -6.862    0.1312
Fe 2                3214.67A   -7.581    0.0250      Fe 2                4825.73A   -7.643    0.0217      Fe 2b               6910.00A   -6.801    0.1509
Fe 2                2625.67A   -4.543   27.3762      Fe 2                2.50030m   -8.561    0.0026      Fe 2b               7445.00A   -5.183    6.2740
Fe 2                2611.87A   -5.278    5.0366      Fe 2                4867.73A   -8.684    0.0020      Fe 2b               8625.00A   -4.850   13.4852
Fe 2                2598.37A   -6.509    0.2957      Fe 2                2.59860m   -8.944    0.0011      Fe 2b               1.03250m   -5.908    1.1809
Fe 2                2395.63A   -5.552    2.6794      Fe 2                4903.85A   -8.136    0.0070      Fe 2b               1.88900m   -4.556   26.5234
Fe 2                2388.63A   -6.604    0.2375      Fe 2                1.04657m   -8.977    0.0010      Fe 2b               2.20000m   -6.641    0.2185
Fe 2                2383.06A   -8.501    0.0030      Fe 2                3.58120m   -8.569    0.0026      miscellaneous..................................
Fe 2                2364.83A   -5.948    1.0776      Fe 2                3.15558m   -8.599    0.0024      Blnd                8446.00A   -8.708    0.0019
Fe 2                2332.80A   -7.038    0.0875      Fe 2                5171.63A   -7.944    0.0109      Blnd                1304.00A   -7.107    0.0746
Fe 2                2279.91A   -8.583    0.0025      Fe 2                5169.03A   -7.192    0.0614      Blnd                2798.00A   -3.677  200.8629
Fe 2                51.2868m   -5.708    1.8709      Fe 2                5018.44A   -8.914    0.0012      Blnd                6720.00A   -4.358   41.8851
Fe 2                5.67236m   -6.843    0.1371      Fe 2                6044.54A   -8.388    0.0039      Blnd                4074.00A   -5.682    1.9843
Fe 2                4.60641m   -6.653    0.2125      Fe 2                5316.61A   -8.880    0.0013      Blnd                1.03300m   -5.791    1.5442
Fe 2                4.08085m   -7.399    0.0381      Fe 3                22.9190m   -8.910    0.0012      Blnd                1256.00A   -7.722    0.0181
Fe 2                1.37181m   -6.017    0.9177      Fe 3                4985.87A   -8.772    0.0016      Blnd                5892.00A   -7.187    0.0621
Fe 2                1.29427m   -6.593    0.2436      K  1                7664.90A   -8.706    0.0019      Blnd                2665.00A   -5.229    5.6398
Fe 2                7806.23A   -7.850    0.0135      Mg 1                2025.82A   -8.200    0.0060      Blnd                2335.00A   -5.038    8.7445
Fe 2                7686.93A   -6.155    0.6680      Mg 1                2852.13A   -5.482    3.1486      Blnd                8579.00A   -4.646   21.6052
Fe 2                7552.40A   -8.634    0.0022      Mg 1                3832.30A   -8.554    0.0027      Blnd                7306.00A   -4.001   95.3195
Fe 2                4958.23A   -7.952    0.0107      Mg 1                3838.29A   -8.137    0.0070      Blnd                3933.00A   -6.198    0.6049
Fe 2                4750.57A   -7.949    0.0107      Mg 1                4562.60A   -5.288    4.9182      Blnd                1657.00A   -6.175    0.6388
Fe 2                4728.07A   -6.750    0.1700      Mg 1                4571.10A   -5.727    1.7922      Blnd                9850.00A   -3.604  237.4830
Fe 2                4514.90A   -7.112    0.0738      Mg 1                4575.29A   -6.655    0.2115      Blnd                2326.00A   -6.970    0.1024
Fe 2                4488.75A   -6.831    0.1408      Mg 1                5167.32A   -7.813    0.0147      Blnd                1335.00A   -8.066    0.0082
Fe 2                4470.30A   -8.035    0.0088      Mg 1                5172.68A   -7.339    0.0438      Blnd                3467.00A   -6.529    0.2827
Fe 2                4413.78A   -5.538    2.7668      Mg 1                5183.60A   -7.119    0.0727      Blnd                5199.00A   -4.283   49.7560
Fe 2                3254.24A   -7.641    0.0218      Mg 1                8806.76A   -7.396    0.0384      Blnd                1.04030m   -5.772    1.6131
Fe 2                3244.18A   -7.936    0.0111      Mg 1                1.18282m   -7.560    0.0263      Blnd                2141.00A   -8.777    0.0016
Fe 2                2631.32A   -5.505    2.9870      Mg 1                1.50250m   -8.379    0.0040      Blnd                6300.00A   -4.000   95.5342
Fe 2                2617.62A   -6.949    0.1074      Mg 1                1.50402m   -8.824    0.0014      Blnd                2471.00A   -8.664    0.0021
Fe 2                2607.09A   -6.838    0.1387      Mg 1                1.71087m   -8.075    0.0080      Blnd                7323.00A   -8.832    0.0014
Fe 2                2404.89A   -6.537    0.2773      Mn 2                2576.10A   -6.656    0.2109      Blnd                7332.00A   -8.913    0.0012
Fe 2                2399.24A   -7.359    0.0418      Mn 2                2593.72A   -6.750    0.1698      Blnd                3727.00A   -6.752    0.1689
Fe 2                2395.42A   -8.352    0.0042      Mn 2                2605.68A   -6.889    0.1234      Blnd                7325.00A   -8.570    0.0026
Fe 2                2380.76A   -5.359    4.1771      Mn 2                3438.97A   -8.180    0.0063



 IC443 NE diffuse shock -- v shock=50 km/s, T obs=10000K (deceleration grid)  
 Cooling:  H  1c                     0 :0.131 C  1c                     0 :0.054 Fe 2c                     0 :0.069 O  1c                     0 :0.404 Si 2c                     0 :0.232  
 Heating:  TotM                      0 :0.204 CT H                      0 :0.395 H- H                      0 :0.398  

 These are some of the most important databases used by Cloudy:
 Many recombination coefficients were taken from http://amdpp.phys.strath.ac.uk/tamoc/RR/ and http://amdpp.phys.strath.ac.uk/tamoc/DR/
      and are based on the following papers:
        Badnell N. R., et al., A&A 406, 1151 (2003) [http://adsabs.harvard.edu/abs/2003A%26A...406.1151B]
        Badnell N. R., ApJS 167, 334 (2006) [http://adsabs.harvard.edu/abs/2006ApJS..167..334B]
 Much of the molecular emission data is from LAMDA as accessed on June 30, 2015. This database is described in:
        Schoeier F.L., et al., A&A 432, 369 (2005) [http://adsabs.harvard.edu/abs/2005A%26A...432..369S]
      This database is in part based on the work of the following groups:
        JPL: Pickett H. M. et al., JQSRT, 60, 883 (1998). [http://adsabs.harvard.edu/abs/1998JQSRT..60..883P]
        CDMS: Mueller H. S. et al., A&A 370, L49 (2001). [http://adsabs.harvard.edu/abs/2001A%26A...370L..49M]
              Mueller H. S. et al., J. Mol. Struct. 742, 215 (2005). [http://adsabs.harvard.edu/abs/2005JMoSt.742..215M]
 Some of the ionic emission data is from version 10.0.1 of CHIANTI. CHIANTI is a collaborative project involving the NRL (USA), the
      Universities of Florence (Italy) and Cambridge (UK), and George Mason University (USA). These papers describe Chianti:
        Dere K. P., et al., A&AS, 125, 149 (1997) [http://adsabs.harvard.edu/abs/1997A%26AS..125..149D]
        Landi E., et al., ApJ, 744, 99 (2012) [http://adsabs.harvard.edu/abs/2012ApJ...744...99L]
 Much of the H_2 data is from this web site: http://molat.obspm.fr/index.php?page=pages/Molecules/H2/H2can94.php. These data are
      described in:
        Abgrall H. et al., Can. J. Phys., 72, 856 (1994) [http://adsabs.harvard.edu/abs/1994CaJPh..72..856A]
        Wrathmall S. A. & Flower D. R., J. Phys. B, 40, 3221 (2007) [http://adsabs.harvard.edu/abs/2007JPhB...40.3221W]
 The Case A and Case B recombination predictions for one-electron systems are from
	Storey, P.J. & Hummer, D.G., 1995, MNRAS 272, 41 http://adsabs.harvard.edu/abs/1995MNRAS.272...41S
 The He I recombination predictions are from
	Porter, R. L.; Ferland, G. J.; Storey, P. J.; Detisch, M. J., 2012, MNRAS, 425, 28p http://adsabs.harvard.edu/abs/2012MNRAS.425L..28P
		http://adsabs.harvard.edu/abs/2013MNRAS.433L..89P

 If you find some process or data set to be particularly critical to a result, please follow the trail of references back to the
 original source and cite that.  This will support and encourage atomic, molecular, and chemical physicists to continue their
 valuable work.

 IONIZE PARMET:  U(1-)-37.0000  U(4-):-37.0000  U(sp):-37.00  Q(ion):   -3.755  L(ion)-14.255    Q(low): 10.838    L(low) -2.539
 ENERGY BUDGET:  Heat:  -6.662  Coolg:  -2.192  Error:2957363.0%  Rec Lin:  -3.512  F-F  H  0.000    P(rad/tot)max     3.36E-04    R(F Con):1.737e+05

     Col(Heff):      5.277E+20  snd travl time  2.33E+12 sec  Te-low: 1.00E+04  Te-hi: 1.00E+04  G0TH85: 0.00E+00  G0DB96:0.00E+00
  Emiss Measure    n(e)n(p) dl       1.057E+17  n(e)n(He+)dl         9.018E+08  En(e)n(He++) dl         0.000E+00  ne nC+:1.29E+14
 He/Ha:2.67E-08  =   0.00*true  Lthin:6.27E+06  itr/zn: 1.48  H2 itr/zn:  0.00  File Opacity: F  MassTot 1.49e-03  (gm/cm^2)
   Temps(21 cm)   T(21cm/Ly a)  5.76E+03        T(<nH/Tkin>)  1.00E+04          T(<nH/Tspin>)    6.17E+03          TB21cm:1.53E+01
                   N(H0/Tspin)  1.02E+17        N(OH/Tkin)    8.59E+07          B(21cm)          0.00E+00
   <a>:4.01E-12  erdeFe0.0E+00  Tcompt0.00E+00  Tthr2.33E+11  <Tden>: 1.00E+04  <dens>:8.01E-22  <MolWgt>1.29E+00
     Mean Jeans  l(cm)1.94E+20  M(sun)1.55E+06  smallest:     len(cm):1.94E+20  M(sun):1.54E+06  a_ox tran:  0.00
 Rion:1.000E+30  Dist:0.00E+00  Diam:0.000E+00
 Hatom level 70  HatomType: add  HInducImp  F  He tot level: 63  He2 level:   70  ExecTime    31.3
 ConvrgError(%)  <eden>  0.166  MaxEden  0.911  <H-C> 100.00  Max(H-C)  100.00  <Press>   0.000  MaxPrs er  0.000
  Continuity(%)  chng Te   0.0  elec den   1.1  n(H2)    0.0  n(CO)        5.5

                                                        Averaged Quantities
             Te      Te(Ne)   Te(NeNp)  Te(NeHe+)Te(NeHe2+) Te(NeO+)  Te(NeO2+)  Te(H2)     N(H)     Ne(O2+)   Ne(Np)
 Radius:  1.00e+04  1.00e+04  1.00e+04  1.00e+04  0.00e+00  1.00e+04  1.00e+04  1.00e+04  3.38e+02  2.59e-01  2.58e-01
 
 Peimbert T(OIIIr)0.00E+00 T(Bac)0.00E+00 T(Hth)7.06E+03 t2(Hstrc) 1.32e-31 T(O3-BAC)5.62E+03 t2(O3-BC)-1.51e-01 t2(O3str) 2.98e-31

 Contin Optical Depths: COMP: 3.18e-07    H-: 1.68e-04 R(1300): 4.23e-03  H2+: 1.07e-06  Bra:3.19E-07
                          Pa: 3.22e-07    Ba: 1.54e-04      Hb: 1.20e-04   La: 1.04e+01     1r:4.004E+03  1.8:1.25E+03 4.:1.888E+02

 Old, new H  1 continuum optical depths:
     1 1.00e+08     2 0.00e+00     3 0.00e+00     4 0.00e+00     5 0.00e+00     6 0.00e+00     7 0.00e+00     8 0.00e+00
     9 0.00e+00    10 0.00e+00    11 0.00e+00    12 0.00e+00    13 0.00e+00    14 0.00e+00    15 0.00e+00    16 0.00e+00
    17 0.00e+00    18 0.00e+00    19 0.00e+00    20 0.00e+00    21 0.00e+00    22 0.00e+00    23 0.00e+00    24 0.00e+00
    25 0.00e+00    26 0.00e+00    27 0.00e+00    28 0.00e+00    29 0.00e+00    30 0.00e+00    31 0.00e+00    32 0.00e+00
    33 0.00e+00    34 0.00e+00    35 0.00e+00    36 0.00e+00    37 0.00e+00    38 0.00e+00    39 0.00e+00    40 0.00e+00
    41 0.00e+00    42 0.00e+00    43 0.00e+00    44 0.00e+00    45 0.00e+00    46 0.00e+00    47 0.00e+00    48 0.00e+00
    49 0.00e+00    50 0.00e+00    51 0.00e+00    52 0.00e+00    53 0.00e+00    54 0.00e+00
     1 4.00e+03     2 8.63e-05     3 1.69e-04     4 1.69e-04     5 1.69e-04     6 4.38e-05     7 4.38e-05     8 4.38e-05
     9 4.38e-05    10 5.37e-18    11 5.37e-18    12 5.37e-18    13 5.37e-18    14 5.37e-18    15 7.71e-18    16 7.71e-18
    17 7.71e-18    18 7.71e-18    19 7.71e-18    20 7.71e-18    21 1.34e-17    22 1.34e-17    23 1.34e-17    24 1.34e-17
    25 1.34e-17    26 1.34e-17    27 1.34e-17    28 2.16e-17    29 2.16e-17    30 2.16e-17    31 2.16e-17    32 2.16e-17
    33 2.16e-17    34 2.16e-17    35 2.16e-17    36 3.31e-17    37 3.31e-17    38 3.31e-17    39 3.31e-17    40 3.31e-17
    41 3.31e-17    42 3.31e-17    43 3.31e-17    44 3.31e-17    45 4.83e-17    46 4.83e-17    47 4.83e-17    48 4.83e-17
    49 4.83e-17    50 4.83e-17    51 4.83e-17    52 4.83e-17    53 4.83e-17    54 4.83e-17

 Old, new H  1 mean line optical depths:
  2- 1 7.72e+07  3- 2 0.00e+00  4- 3 0.00e+00  5- 4 0.00e+00  6- 5 0.00e+00  7- 6 0.00e+00  8- 7 0.00e+00
  9- 8 0.00e+00 10- 9 0.00e+00 11-10 0.00e+00 12-11 0.00e+00 13-12 0.00e+00 14-13 0.00e+00 15-14 0.00e+00 16-15 0.00e+00
 17-16 0.00e+00 18-17 0.00e+00 19-18 0.00e+00 20-19 0.00e+00 21-20 0.00e+00 22-21 0.00e+00 23-22 0.00e+00 24-23 0.00e+00
 25-24 0.00e+00
  2- 1 6.59e+07  3- 2 2.03e-06  4- 3 2.61e-13  5- 4 1.39e-13  6- 5 3.32e-13  7- 6-9.28e-15  8- 7 1.17e-14
  9- 8 1.04e-13 10- 9 3.55e-13 11-10 1.52e-12 12-11 1.44e-14 13-12-5.97e-15 14-13-5.18e-14 15-14-1.42e-13 16-15-3.08e-13
 17-16-5.95e-13 18-17-1.08e-12 19-18-1.86e-12 20-19-3.13e-12 21-20-5.17e-12 22-21-8.63e-12 23-22-1.54e-11 24-23-3.54e-11
 25-24-1.00e-09

 Old, new He 2 continuum optical depths:
     1 3.43e+06     2 9.96e+07     3 0.00e+00     4 0.00e+00     5 0.00e+00     6 0.00e+00     7 0.00e+00     8 0.00e+00
     9 0.00e+00    10 0.00e+00    11 0.00e+00    12 0.00e+00    13 0.00e+00    14 0.00e+00    15 0.00e+00    16 0.00e+00
    17 0.00e+00    18 0.00e+00    19 0.00e+00    20 0.00e+00    21 0.00e+00    22 0.00e+00    23 0.00e+00    24 0.00e+00
    25 0.00e+00    26 0.00e+00    27 0.00e+00    28 0.00e+00    29 0.00e+00    30 0.00e+00    31 0.00e+00    32 0.00e+00
    33 0.00e+00    34 0.00e+00    35 0.00e+00    36 0.00e+00    37 0.00e+00    38 0.00e+00    39 0.00e+00    40 0.00e+00
    41 0.00e+00    42 0.00e+00    43 0.00e+00    44 0.00e+00    45 0.00e+00    46 0.00e+00    47 0.00e+00    48 0.00e+00
    49 0.00e+00    50 0.00e+00    51 0.00e+00    52 0.00e+00    53 0.00e+00    54 0.00e+00
     1 1.89e+02     2 3.98e+03     3 9.27e-05     4 9.27e-05     5 9.27e-05     6 8.63e-05     7 8.63e-05     8 8.63e-05
     9 8.63e-05    10 1.37e-04    11 1.37e-04    12 1.37e-04    13 1.37e-04    14 1.37e-04    15 1.69e-04    16 1.69e-04
    17 1.69e-04    18 1.69e-04    19 1.69e-04    20 1.69e-04    21 1.43e-04    22 1.43e-04    23 1.43e-04    24 1.43e-04
    25 1.43e-04    26 1.43e-04    27 1.43e-04    28 4.38e-05    29 4.38e-05    30 4.38e-05    31 4.38e-05    32 4.38e-05
    33 4.38e-05    34 4.38e-05    35 4.38e-05    36 3.48e-18    37 3.48e-18    38 3.48e-18    39 3.48e-18    40 3.48e-18
    41 3.48e-18    42 3.48e-18    43 3.48e-18    44 3.48e-18    45 5.37e-18    46 5.37e-18    47 5.37e-18    48 5.37e-18
    49 5.37e-18    50 5.37e-18    51 5.37e-18    52 5.37e-18    53 5.37e-18    54 5.37e-18

 Old, new He 2 mean line optical depths:
  2- 1 7.72e+06  3- 2 0.00e+00  4- 3 0.00e+00  5- 4 0.00e+00  6- 5 0.00e+00  7- 6 0.00e+00  8- 7 0.00e+00
  9- 8 0.00e+00 10- 9 0.00e+00 11-10 0.00e+00 12-11 0.00e+00 13-12 0.00e+00 14-13 0.00e+00 15-14 0.00e+00 16-15 0.00e+00
 17-16 0.00e+00 18-17 0.00e+00 19-18 0.00e+00 20-19 0.00e+00 21-20 0.00e+00 22-21 0.00e+00 23-22 0.00e+00 24-23 0.00e+00
 25-24 0.00e+00
  2- 1 0.00e+00  3- 2 0.00e+00  4- 3 0.00e+00  5- 4 0.00e+00  6- 5 0.00e+00  7- 6 0.00e+00  8- 7 0.00e+00
  9- 8 0.00e+00 10- 9 0.00e+00 11-10 0.00e+00 12-11 0.00e+00 13-12 0.00e+00 14-13 0.00e+00 15-14 0.00e+00 16-15 0.00e+00
 17-16 0.00e+00 18-17 0.00e+00 19-18 0.00e+00 20-19 0.00e+00 21-20 0.00e+00 22-21 0.00e+00 23-22 0.00e+00 24-23 0.00e+00
 25-24 0.00e+00

 Old He Is optical depths:    1 2.36e+07    2 0.00e+00    3 0.00e+00    4 0.00e+00    5 0.00e+00
 New He Is optical depths:    1 1.25e+03    2 5.65e-05    3 7.16e-05    4 8.00e-05    5 8.00e-05
          Old He Is Lines:  584 0.00e+00 3889 0.00e+00 5016 0.00e+00 5876 0.00e+00
          New He Is Lines:  584 4.19e+06 3889 9.76e-09 5016 1.66e-14 5876 5.65e-20
IC443 NE diffuse shock -- v shock=50 km/s, T obs=10000K (deceleration grid)  


          Start Iteration Number 2   IC443 NE diffuse shock -- v shock=50 km/s, T obs=10000K (deceleration grid)


 ####  1  Te:1.000E+04 Hden:3.382E+02 Ne:1.871E-01 R:1.000E+30 R-R0:3.496E+11 dR:6.991E+11 NTR:  1 Htot:5.079E-26 T912: 1.50e-03###
 Hydrogen      1.00e+00 4.64e-04 H+o/Hden 1.00e+00 4.59e-09 H-    H2 4.06e-06 1.58e-10 H2+ HeH+ 2.41e-11 Ho+ ColD 2.36e+14 1.10e+11
 Helium        1.00e+00 2.34e-12 0.00e+00 HeI 2s3S 1.16e-15 Comp H,C 0.00e+00 0.00e+00 Fill Fac 1.00e+00 Gam1/tot 9.79e-08
 He singlet n  1.00e+00 5.89e-22 7.04e-30 2.70e-29 7.56e-31 3.40e-30 He tripl 1.16e-15 6.95e-28 4.47e-29 4.31e-29 1.93e-30
 Pressure      NgasTgas 3.73e+06 P(total) 5.14e-10 P( gas ) 5.14e-10 P(Radtn) 0.00e+00 Rad accl 0.00e+00 ForceMul 0.00e+00
 Texc(La)      2.30e+03 T(I con) 0.00e+00 T(D con) 4.71e-02 T(U tot) 4.71e-02 nT (c+d) 1.14e+04 Prad/Gas 0.00e+00 Pmag/Gas 0.00e+00
 Molecules     CH/Ctot: 2.43e-06 CH+/Ctot 2.18e-08 CO/Ctot: 5.19e-01 CO+/Ctot 2.51e-08 H2O/Otot 5.28e-12 OH/Ototl 1.73e-06
 Lithium       7.43e-03 9.93e-01 0.00e+00 0.00e+00 Berylliu 9.51e-01 4.87e-02 1.58e-08 0.00e+00 0.00e+00 sec ion: 0.00e+00
 Boron         4.94e-01 5.06e-01 2.75e-14 0.00e+00 0.00e+00 0.00e+00
 Carbon        4.76e-01 5.15e-03 1.43e-14 0.00e+00 0.00e+00 0.00e+00 0.00e+00 H2O+/O   4.72e-10 OH+/Otot 3.99e-06 Hex(tot) 0.00e+00
 Nitrogen      9.72e-01 5.18e-04 8.23e-20 0.00e+00 0.00e+00 0.00e+00 0.00e+00 0.00e+00 O2/Ototl 7.96e-11 O2+/Otot 1.11e-07
 Oxygen        7.40e-01 2.77e-04 2.95e-24 0.00e+00 0.00e+00 0.00e+00 0.00e+00 0.00e+00 0.00e+00
 Fluorine      8.01e-01 6.23e-06 1.97e-21 0.00e+00 0.00e+00 0.00e+00 0.00e+00 0.00e+00 0.00e+00 0.00e+00
 Neon          1.00e+00 3.61e-07 0.00e+00 0.00e+00 0.00e+00 0.00e+00 0.00e+00 0.00e+00 0.00e+00 0.00e+00 0.00e+00
 Sodium        1.64e-03 9.98e-01 5.04e-22 0.00e+00 0.00e+00 0.00e+00 0.00e+00 0.00e+00 0.00e+00 0.00e+00 0.00e+00 0.00e+00
 Magnesium     6.10e-02 9.39e-01 7.25e-05 0.00e+00 0.00e+00 0.00e+00 0.00e+00 0.00e+00 0.00e+00 0.00e+00 0.00e+00 0.00e+00 0.00e+00
 Aluminium  0  9.28e-04 9.99e-01 1.78e-07 0.00e+00 0.00e+00 0.00e+00 0.00e+00 0.00e+00 0.00e+00 0.00e+00 0.00e+00 0.00e+00 0.00e+00
 Silicon    0  1.13e-01 3.99e-01 2.99e-06 0.00e+00 0.00e+00 0.00e+00 0.00e+00 0.00e+00 0.00e+00 0.00e+00 0.00e+00 0.00e+00 0.00e+00
 Phosphorus 0  1.27e-03 9.99e-01 8.14e-10 0.00e+00 0.00e+00 0.00e+00 0.00e+00 0.00e+00 0.00e+00 0.00e+00 0.00e+00 0.00e+00 0.00e+00
 Sulphur    0  7.00e-02 9.87e-03 1.42e-12 0.00e+00 0.00e+00 0.00e+00 0.00e+00 0.00e+00 0.00e+00 0.00e+00 0.00e+00 0.00e+00 0.00e+00
 Chlorine   0  1.07e-02 9.89e-01 1.38e-09 0.00e+00 0.00e+00 0.00e+00 0.00e+00 0.00e+00 0.00e+00 0.00e+00 0.00e+00 0.00e+00 0.00e+00
 Argon      0  1.00e+00 3.02e-05 6.02e-17 0.00e+00 0.00e+00 0.00e+00 0.00e+00 0.00e+00 0.00e+00 0.00e+00 0.00e+00 0.00e+00 0.00e+00
 Potassium  0  3.96e-04 1.00e+00 1.19e-13 0.00e+00 0.00e+00 0.00e+00 0.00e+00 0.00e+00 0.00e+00 0.00e+00 0.00e+00 0.00e+00 0.00e+00
 Calcium    0  8.43e-03 9.82e-01 9.29e-03 0.00e+00 0.00e+00 0.00e+00 0.00e+00 0.00e+00 0.00e+00 0.00e+00 0.00e+00 0.00e+00 0.00e+00
 Scandium   0  4.38e-03 9.89e-01 6.49e-03 0.00e+00 0.00e+00 0.00e+00 0.00e+00 0.00e+00 0.00e+00 0.00e+00 0.00e+00 0.00e+00 0.00e+00
 Titanium   0  3.13e-04 9.99e-01 5.40e-04 0.00e+00 0.00e+00 0.00e+00 0.00e+00 0.00e+00 0.00e+00 0.00e+00 0.00e+00 0.00e+00 0.00e+00
 Vanadium   0  1.14e-02 9.89e-01 4.00e-05 0.00e+00 0.00e+00 0.00e+00 0.00e+00 0.00e+00 0.00e+00 0.00e+00 0.00e+00 0.00e+00 0.00e+00
 Chromium   0  1.85e-02 9.81e-01 1.33e-04 0.00e+00 0.00e+00 0.00e+00 0.00e+00 0.00e+00 0.00e+00 0.00e+00 0.00e+00 0.00e+00 0.00e+00
 Manganese  0  3.29e-04 1.00e+00 7.46e-05 0.00e+00 0.00e+00 0.00e+00 0.00e+00 0.00e+00 0.00e+00 0.00e+00 0.00e+00 0.00e+00 0.00e+00
 Iron       0  3.08e-04 1.00e+00 3.83e-05 0.00e+00 0.00e+00 0.00e+00 0.00e+00 0.00e+00 0.00e+00 0.00e+00 0.00e+00 0.00e+00 0.00e+00
 Cobalt     0  9.91e-02 9.01e-01 3.05e-07 0.00e+00 0.00e+00 0.00e+00 0.00e+00 0.00e+00 0.00e+00 0.00e+00 0.00e+00 0.00e+00 0.00e+00
 Nickel     0  4.22e-04 1.00e+00 1.23e-12 0.00e+00 0.00e+00 0.00e+00 0.00e+00 0.00e+00 0.00e+00 0.00e+00 0.00e+00 0.00e+00 0.00e+00
 Copper     0  2.07e-01 7.93e-01 1.77e-11 0.00e+00 0.00e+00 0.00e+00 0.00e+00 0.00e+00 0.00e+00 0.00e+00 0.00e+00 0.00e+00 0.00e+00
 Zinc       0  5.94e-01 4.06e-01 9.20e-08 0.00e+00 0.00e+00 0.00e+00 0.00e+00 0.00e+00 0.00e+00 0.00e+00 0.00e+00 0.00e+00 0.00e+00
 ####256  Te:1.000E+04 Hden:3.382E+02 Ne:2.766E-01 R:1.000E+30 R-R0:1.864E+18 dR:2.454E+15 NTR:  2 Htot:1.165E-25 T912: 4.00e+03###
 Hydrogen      9.99e-01 7.06e-04 H+o/Hden 1.00e+00 7.54e-09 H-    H2 5.07e-06 2.70e-10 H2+ HeH+ 4.10e-11 Ho+ ColD 6.31e+20 4.07e+17
 Helium        1.00e+00 6.17e-11 0.00e+00 HeI 2s3S 1.58e-15 Comp H,C 1.03e-33 3.58e-33 Fill Fac 1.00e+00 Gam1/tot 3.68e-05
 He singlet n  1.00e+00 8.98e-22 2.24e-27 3.78e-29 2.16e-29 4.70e-30 He tripl 1.58e-15 9.50e-28 6.11e-29 5.90e-29 2.67e-30
 Pressure      NgasTgas 3.73e+06 P(total) 5.15e-10 P( gas ) 5.15e-10 P(Radtn) 6.75e-16 Rad accl 1.10e-11 ForceMul 4.98e+05
 Texc(La)      2.98e+03 T(I con) 0.00e+00 T(D con) 1.89e+00 T(U tot) 1.89e+00 nT (c+d) 4.56e+05 Prad/Gas 1.31e-06 Pmag/Gas 0.00e+00
 Molecules     CH/Ctot: 6.33e-06 CH+/Ctot 3.84e-08 CO/Ctot: 6.64e-05 CO+/Ctot 2.61e-11 H2O/Otot 1.02e-11 OH/Ototl 2.92e-06
 Lithium       1.84e-03 9.98e-01 0.00e+00 0.00e+00 Berylliu 1.18e-01 8.82e-01 3.77e-07 0.00e+00 0.00e+00 sec ion: 0.00e+00
 Boron         8.93e-04 9.99e-01 7.43e-14 0.00e+00 0.00e+00 0.00e+00
 Carbon        9.97e-01 3.14e-03 1.26e-14 0.00e+00 0.00e+00 0.00e+00 0.00e+00 H2O+/O   4.03e-10 OH+/Otot 4.03e-06 Hex(tot) 0.00e+00
 Nitrogen      9.97e-01 8.82e-04 3.64e-18 0.00e+00 0.00e+00 0.00e+00 0.00e+00 0.00e+00 O2/Ototl 1.14e-10 O2+/Otot 1.02e-07
 Oxygen        9.99e-01 5.69e-04 8.27e-24 0.00e+00 0.00e+00 0.00e+00 0.00e+00 0.00e+00 0.00e+00
 Fluorine      9.75e-01 7.95e-06 3.16e-21 0.00e+00 0.00e+00 0.00e+00 0.00e+00 0.00e+00 0.00e+00 0.00e+00
 Neon          1.00e+00 3.13e-07 0.00e+00 0.00e+00 0.00e+00 0.00e+00 0.00e+00 0.00e+00 0.00e+00 0.00e+00 0.00e+00
 Sodium        1.83e-03 9.98e-01 6.65e-22 0.00e+00 0.00e+00 0.00e+00 0.00e+00 0.00e+00 0.00e+00 0.00e+00 0.00e+00 0.00e+00
 Magnesium     4.06e-02 9.59e-01 1.12e-04 0.00e+00 0.00e+00 0.00e+00 0.00e+00 0.00e+00 0.00e+00 0.00e+00 0.00e+00 0.00e+00 0.00e+00
 Aluminium  0  4.21e-04 1.00e+00 2.12e-07 0.00e+00 0.00e+00 0.00e+00 0.00e+00 0.00e+00 0.00e+00 0.00e+00 0.00e+00 0.00e+00 0.00e+00
 Silicon    0  5.40e-04 9.99e-01 1.14e-05 0.00e+00 0.00e+00 0.00e+00 0.00e+00 0.00e+00 0.00e+00 0.00e+00 0.00e+00 0.00e+00 0.00e+00
 Phosphorus 0  1.27e-03 9.99e-01 1.11e-09 0.00e+00 0.00e+00 0.00e+00 0.00e+00 0.00e+00 0.00e+00 0.00e+00 0.00e+00 0.00e+00 0.00e+00
 Sulphur    0  7.99e-01 2.01e-01 4.33e-10 0.00e+00 0.00e+00 0.00e+00 0.00e+00 0.00e+00 0.00e+00 0.00e+00 0.00e+00 0.00e+00 0.00e+00
 Chlorine   0  9.12e-03 9.91e-01 1.69e-09 0.00e+00 0.00e+00 0.00e+00 0.00e+00 0.00e+00 0.00e+00 0.00e+00 0.00e+00 0.00e+00 0.00e+00
 Argon      0  1.00e+00 5.33e-05 2.78e-15 0.00e+00 0.00e+00 0.00e+00 0.00e+00 0.00e+00 0.00e+00 0.00e+00 0.00e+00 0.00e+00 0.00e+00
 Potassium  0  4.31e-04 1.00e+00 1.52e-13 0.00e+00 0.00e+00 0.00e+00 0.00e+00 0.00e+00 0.00e+00 0.00e+00 0.00e+00 0.00e+00 0.00e+00
 Calcium    0  1.74e-03 9.90e-01 8.72e-03 0.00e+00 0.00e+00 0.00e+00 0.00e+00 0.00e+00 0.00e+00 0.00e+00 0.00e+00 0.00e+00 0.00e+00
 Scandium   0  1.35e-03 9.93e-01 6.08e-03 0.00e+00 0.00e+00 0.00e+00 0.00e+00 0.00e+00 0.00e+00 0.00e+00 0.00e+00 0.00e+00 0.00e+00
 Titanium   0  3.08e-04 9.99e-01 5.01e-04 0.00e+00 0.00e+00 0.00e+00 0.00e+00 0.00e+00 0.00e+00 0.00e+00 0.00e+00 0.00e+00 0.00e+00
 Vanadium   0  1.02e-02 9.90e-01 4.93e-05 0.00e+00 0.00e+00 0.00e+00 0.00e+00 0.00e+00 0.00e+00 0.00e+00 0.00e+00 0.00e+00 0.00e+00
 Chromium   0  1.50e-03 9.98e-01 2.06e-04 0.00e+00 0.00e+00 0.00e+00 0.00e+00 0.00e+00 0.00e+00 0.00e+00 0.00e+00 0.00e+00 0.00e+00
 Manganese  0  3.28e-04 1.00e+00 1.13e-04 0.00e+00 0.00e+00 0.00e+00 0.00e+00 0.00e+00 0.00e+00 0.00e+00 0.00e+00 0.00e+00 0.00e+00
 Iron       0  2.90e-04 1.00e+00 5.83e-05 0.00e+00 0.00e+00 0.00e+00 0.00e+00 0.00e+00 0.00e+00 0.00e+00 0.00e+00 0.00e+00 0.00e+00
 Cobalt     0  1.20e-02 9.88e-01 5.09e-07 0.00e+00 0.00e+00 0.00e+00 0.00e+00 0.00e+00 0.00e+00 0.00e+00 0.00e+00 0.00e+00 0.00e+00
 Nickel     0  4.04e-04 1.00e+00 1.69e-12 0.00e+00 0.00e+00 0.00e+00 0.00e+00 0.00e+00 0.00e+00 0.00e+00 0.00e+00 0.00e+00 0.00e+00
 Copper     0  2.70e-02 9.73e-01 3.00e-11 0.00e+00 0.00e+00 0.00e+00 0.00e+00 0.00e+00 0.00e+00 0.00e+00 0.00e+00 0.00e+00 0.00e+00
 Zinc       0  3.39e-02 9.66e-01 2.85e-07 0.00e+00 0.00e+00 0.00e+00 0.00e+00 0.00e+00 0.00e+00 0.00e+00 0.00e+00 0.00e+00 0.00e+00
   IC443 NE diffuse shock -- v shock=50 km/s, T obs=10000K (deceleration grid)  
   Calculation stopped because H column dens reached. Iteration 2 of 2
   The geometry is plane-parallel.
  !Ionization rate fell below background cosmic ray ionization rate.  Should this be added too?
  !   Use the COSMIC RAY BACKGROUND command.
  !Compton cooling rate underflows to zero.  Is this important?
  !Some input lines contained underscores, these were changed to spaces.
  !There is no hydrogen-ionizing radiation.  Was this intended?
  !Thermal collisional ionization of H reached 82.80% of the local ionization rate.
  !Charge transfer H => H+ reached 86106.5% of the local H ionization rate.
  !Charge transfer heating reached 101.92% of the local heating.
  !Continuum zero at some energies.
  !AGE: Cloud age was not set.  Longest timescale was 2.22e+13 s = 7.03e+05 years.
  !Heating - cooling mismatch =200.0%. Caused by constant temperature assumption. 
  !Mutual neutralization production of H-alpha was significant.
  !Incident radiation field energy density is less than 2.7K.  Add background with CMB command.
  !The CMB was not included.  This is added with the CMB command.
  !The intensity of the incident radiation field is less than 10 times the Habing diffuse ISM field.  Is this OK?
  !   Consider adding diffuse ISM emission with TABLE ISM command.
  !An ionization jump occurred elem S  1, by 183% from 7.00e-02 (zone 1) to 3.72e-01 (zone 2) to 6.82e-01 (zone 3)
   The density is too low to l-mix the lowest H  I collapsed level.  More resolved levels are needed for accurate line ratios.
   The density is too low to l-mix the lowest He I collapsed level.  More resolved levels are needed for accurate line ratios.
   Grains were not present but might survive in this environment (energy density temperature was 0.00e+00K)
   The local H2 cooling rate reached 3.1% of the local cooling.
   H- absorption heating was 35.5% of the total.
   The fraction of N in N2 reached 0.120% at some point in the cloud.
   The fraction of F in HF reached 2.47% at some point in the cloud.

                       *********************************> Cloudy 23.01 <**********************************
                       * title IC443 NE diffuse shock -- v shock=50 km/s, T obs=10000K (deceleration grid)*
                       * hden 2.5292                                                                     *
                       * constant temperature, t=10000 K linear                                          *
                       * stop column density 20.80                                                       *
                       * iterate                                                                         *
                       * save results last "v50.rlt"                                                     *
                       *********************************> Log(U):-37.00 <*********************************

                     Emission Line Spectrum.   Constant  Density Model.    Open geometry.  Iteration 2 of 2.
                                                     Intensity (erg/s/cm^2).


                                                   Intrinsic line intensities
general properties.............................      Co 2                2.98382m   -6.440    0.3482      Fe 2                1.11648m   -8.771    0.0016
TotH                      0    -6.694    0.1944      Co 2                14.7345m   -7.483    0.0315      Fe 2                5048.19A   -8.622    0.0023
TotC                      0    -2.192 6163.5078      Co 2                18.7989m   -8.003    0.0095      Fe 2                1.71482m   -8.206    0.0060
TotM                      0    -7.362    0.0417      Co 2                25.6819m   -8.691    0.0020      Fe 2                9949.21A   -8.537    0.0028
CT H                      0    -7.063    0.0831      Co 2                1.01879m   -7.169    0.0651      Fe 2                7975.22A   -8.721    0.0018
H  1c                     0    -3.076  805.6516      Co 2                1.12804m   -8.139    0.0070      Fe 2                1.47063m   -8.975    0.0010
NOc                       0    -8.527    0.0029      Co 2                1.54700m   -7.414    0.0370      Fe 2                1.01273m   -8.651    0.0021
CNc                       0    -7.450    0.0341      Co 2                1.72847m   -8.410    0.0037      Fe 2                6353.11A   -8.772    0.0016
OHc                       0    -8.275    0.0051      Co 2                1.90349m   -8.249    0.0054      Fe 2                1.80228m   -8.873    0.0013
HFc                       0    -8.213    0.0059      Co 2                1.02452m   -7.976    0.0102      Fe 2                1.00387m   -8.802    0.0015
COc                       0    -4.995    9.7150      Co 2                1.09726m   -8.603    0.0024      Fe 2                9469.41A   -8.686    0.0020
^13COc                    0    -6.515    0.2931      Co 2                1.49674m   -8.840    0.0014      Fe 2                9384.77A   -8.177    0.0064
OH+c                      0    -8.208    0.0059      Co 2                1.62622m   -8.828    0.0014      Fe 2                2.39329m   -8.227    0.0057
CHc                       0    -8.435    0.0035      Co 2                1.73616m   -8.534    0.0028      Fe 2                4825.73A   -7.648    0.0216
CHc                       0    -8.025    0.0091      Co 2                1.02803m   -8.573    0.0026      Fe 2                2.50030m   -8.564    0.0026
Al 1c                     0    -8.785    0.0016      Co 2                8580.39A   -8.629    0.0023      Fe 2                4867.73A   -8.690    0.0020
C  1c                     0    -3.462  331.3041      Co 2                9342.40A   -7.325    0.0455      Fe 2                2.59860m   -8.947    0.0011
C  2c                     0    -5.476    3.2107      Co 2                9943.48A   -7.672    0.0204      Fe 2                4903.85A   -8.141    0.0069
Ca 1c                     0    -7.021    0.0914      Co 2                7539.01A   -7.993    0.0098      Fe 2                1.04657m   -8.980    0.0010
Cl 1c                     0    -7.344    0.0435      Co 2                8121.00A   -7.705    0.0189      Fe 2                3.58120m   -8.571    0.0026
Co 2c                     0    -6.090    0.7796      Co 2                8571.41A   -8.313    0.0047      Fe 2                3.15558m   -8.601    0.0024
Cr 2c                     0    -5.661    2.0952      Co 2                6.21176m   -8.954    0.0011      Fe 2                5171.63A   -7.950    0.0108
Cu 1c                     0    -8.948    0.0011      Co 2                8027.34A   -8.171    0.0065      Fe 2                5169.03A   -7.194    0.0614
Fe 1c                     0    -6.500    0.3039      Co 2                8467.14A   -8.584    0.0025      Fe 2                5018.44A   -8.919    0.0012
Fe 2c                     0    -3.357  421.7331      Co 2                8333.76A   -8.353    0.0043      Fe 2                6044.54A   -8.394    0.0039
Fe 3c                     0    -8.199    0.0061      Cr 2                8000.08A   -6.164    0.6576      Fe 2                5316.61A   -8.882    0.0013
K  1c                     0    -8.529    0.0028      Cr 2                8125.30A   -6.238    0.5547      Fe 3                22.9190m   -8.916    0.0012
Mg 1c                     0    -4.966   10.3923      Cr 2                8229.67A   -6.332    0.4465      Fe 3                4985.87A   -8.778    0.0016
Mn 2c                     0    -6.122    0.7255      Cr 2                8308.49A   -6.520    0.2901      K  1                7664.90A   -8.705    0.0019
N  1c                     0    -4.269   51.6851      Cr 2                8357.64A   -6.817    0.1462      Mg 1                2025.82A   -8.112    0.0074
Na 1c                     0    -7.189    0.0621      Fe 1                24.0358m   -6.599    0.2415      Mg 1                2852.13A   -5.480    3.1767
Ni 1c                     0    -7.538    0.0278      Fe 1                34.7038m   -7.187    0.0624      Mg 1                3832.30A   -8.552    0.0027
O  1c                     0    -2.585 2497.0691      Fe 2                25.9813m   -4.530   28.2974      Mg 1                3838.29A   -8.135    0.0070
O  2c                     0    -6.747    0.1721      Fe 2                5.33871m   -4.008   94.2477      Mg 1                4562.60A   -5.286    4.9635
P  2c                     0    -5.343    4.3579      Fe 2                4.11387m   -6.371    0.4090      Mg 1                4571.10A   -5.725    1.8088
S  1c                     0    -5.200    6.0588      Fe 2                1.25668m   -5.280    5.0428      Mg 1                4575.29A   -6.653    0.2135
S  2c                     0    -4.349   42.9322      Fe 2                1.19129m   -8.064    0.0083      Mg 1                5167.32A   -7.811    0.0148
Sc 2c                     0    -7.382    0.0398      Fe 2                6309.53A   -8.910    0.0012      Mg 1                5172.68A   -7.337    0.0442
Si 1c                     0    -7.227    0.0569      Fe 2                4799.30A   -8.808    0.0015      Mg 1                5183.60A   -7.117    0.0734
Si 2c                     0    -2.826 1432.4814      Fe 2                4704.22A   -8.032    0.0089      Mg 1                8806.76A   -7.395    0.0387
Zn 2c                     0    -7.662    0.0209      Fe 2                4632.28A   -6.239    0.5530      Mg 1                1.18282m   -7.561    0.0264
Al 2c                     0    -5.179    6.3600      Fe 2                4604.48A   -8.023    0.0091      Mg 1                1.50250m   -8.377    0.0040
Ca 2c                     0    -3.911  117.7493      Fe 2                4416.27A   -6.221    0.5773      Mg 1                1.50402m   -8.822    0.0014
Cl 2c                     0    -5.735    1.7676      Fe 2                4382.74A   -7.191    0.0619      Mg 1                1.71087m   -8.081    0.0080
Mg 2c                     0    -3.679  201.1627      Fe 2                4287.39A   -5.258    5.2949      Mn 2                2576.10A   -6.504    0.3005
N  2c                     0    -6.902    0.1204      Fe 2                3931.44A   -8.853    0.0013      Mn 2                2593.72A   -6.598    0.2423
Ni 2c                     0    -4.718   18.3782      Fe 2                3874.07A   -8.484    0.0032      Mn 2                2605.68A   -6.738    0.1755
continua.......................................      Fe 2                3175.38A   -7.070    0.0818      Mn 2                3438.97A   -8.227    0.0057
Bac                 3646.00A   -6.607    0.2371      Fe 2                2599.40A   -7.756    0.0168      Mn 2                3460.03A   -8.804    0.0015
nFnu                3645.00A   -4.067   82.1951      Fe 2                2585.88A   -8.792    0.0015      N  1                1134.17A   -8.954    0.0011
nFnu                3647.00A   -4.069   81.9580      Fe 2                2382.04A   -5.900    1.2078      N  1                1134.41A   -8.756    0.0017
cout                3646.00A   -6.908    0.1185      Fe 2                2343.50A   -8.591    0.0025      N  1                1134.98A   -8.657    0.0021
cref                3646.00A   -6.908    0.1186      Fe 2                35.3391m   -5.192    6.1676      N  1                1199.55A   -8.140    0.0070
thin                3646.00A   -6.607    0.2371      Fe 2                6.71944m   -5.148    6.8328      N  1                1200.22A   -8.312    0.0047
Ba C                      0    -7.361    0.0419      Fe 2                4.88781m   -6.034    0.8877      N  1                1200.71A   -8.614    0.0023
PA C                      0    -7.777    0.0160      Fe 2                4.07521m   -6.855    0.1339      N  1                3466.50A   -6.615    0.2332
FIR                 83.0000m   -2.586 2490.6201      Fe 2                1.32055m   -5.776    1.6078      N  1                3466.54A   -7.287    0.0495
TIR                 1800.00m   -4.690   19.6055      Fe 2                1.24854m   -6.810    0.1487      N  1                5197.90A   -4.683   19.8977
NIRa                2.85000m   -2.658 2108.7209      Fe 2                1.20512m   -8.622    0.0023      N  1                5200.26A   -4.507   29.8671
NIRb                3.00000m   -3.819  145.5587      Fe 2                7637.52A   -6.080    0.7989      N  1                1.03977m   -6.119    0.7299
MIRa                15.0000m   -3.914  117.0996      Fe 2                7523.28A   -8.127    0.0072      N  1                1.03982m   -6.642    0.2190
MIRb                22.5000m   -2.784 1577.6844      Fe 2                4889.62A   -6.103    0.7566      N  1                1.04072m   -6.467    0.3276
NMIR                21.7500m   -2.658 2108.7209      Fe 2                4750.27A   -8.835    0.0014      N  1                1.04076m   -6.455    0.3370
TFIR                611.250m   -3.496  306.6576      Fe 2                4716.37A   -7.117    0.0733      Na 1                5889.95A   -7.490    0.0311
TALL                10000.0A   -2.200 6053.5322      Fe 2                4687.56A   -7.320    0.0459      Na 1                5895.92A   -7.489    0.0311
F12                 12.0000m   -5.818    1.4608      Fe 2                4492.64A   -7.090    0.0780      Ni 1                7.50454m   -7.538    0.0278
F25                 25.0000m   -4.428   35.8512      Fe 2                4457.95A   -6.489    0.3116      O  1                1304.86A   -7.247    0.0543
F60                 60.0000m   -2.640 2201.4246      Fe 2                4432.45A   -7.283    0.0501      O  1                1306.03A   -7.665    0.0208
F100                100.000m   -5.693    1.9446      Fe 2                4359.33A   -5.389    3.9193      O  1                1355.60A   -7.297    0.0485
MIPS                24.0000m   -4.428   35.8460      Fe 2                3224.54A   -8.166    0.0065      O  1                1358.51A   -7.720    0.0183
MIPS                70.0000m   -2.640 2198.0740      Fe 2                3214.67A   -7.584    0.0250      O  1                2972.29A   -6.767    0.1642
MIPS                160.000m   -3.665  207.5222      Fe 2                2625.67A   -4.545   27.3766      O  1                5577.34A   -5.817    1.4624
IRAC                3.60000m   -7.041    0.0874      Fe 2                2611.87A   -5.280    5.0329      O  1                6300.30A   -4.122   72.4803
IRAC                4.50000m   -5.720    1.8277      Fe 2                2598.37A   -6.512    0.2954      O  1                6363.78A   -4.618   23.1539
IRAC                5.80000m   -4.007   94.3996      Fe 2                2395.63A   -5.554    2.6792      O  1                6391.73A   -7.946    0.0109
IRAC                8.00000m   -5.015    9.2807      Fe 2                2388.63A   -6.607    0.2373      O  1                44.0453m   -8.272    0.0051
SPR1                250.000m   -5.810    1.4867      Fe 2                2383.06A   -8.503    0.0030      O  1                63.1679m   -2.640 2196.9824
SPR2                350.000m   -4.105   75.3970      Fe 2                2364.83A   -5.950    1.0774      O  1                145.495m   -3.675  202.6648
SPR3                500.000m   -6.011    0.9367      Fe 2                2332.80A   -7.036    0.0883      O  2                2470.34A   -8.773    0.0016
PAC1                70.0000m   -2.640 2198.9321      Fe 2                2279.91A   -8.585    0.0025      O  2                7319.99A   -8.967    0.0010
PAC2                100.000m   -5.693    1.9479      Fe 2                51.2868m   -5.710    1.8705      O  2                3728.81A   -6.980    0.1005
PAC3                160.000m   -3.663  208.5292      Fe 2                5.67236m   -6.845    0.1370      O  2                3726.03A   -7.156    0.0670
PAH                 3.30000m   -7.846    0.0137      Fe 2                4.60641m   -6.655    0.2124      P  2                60.6263m   -6.081    0.7960
PAHC                3.23000m   -8.126    0.0072      Fe 2                4.08085m   -7.401    0.0381      P  2                1532.53A   -8.654    0.0021
PAHC                3.37000m   -8.117    0.0073      Fe 2                1.37181m   -6.020    0.9177      P  2                32.8620m   -6.184    0.6290
PAH                 6.20000m   -7.893    0.0123      Fe 2                1.29427m   -6.596    0.2436      P  2                1.14682m   -6.101    0.7612
PAHC                5.65000m   -6.804    0.1508      Fe 2                7806.23A   -7.852    0.0135      P  2                4669.25A   -7.766    0.0165
PAH                 7.90000m   -7.372    0.0408      Fe 2                7686.93A   -6.157    0.6681      P  2                2195.57A   -8.045    0.0087
PAHC                6.90000m   -5.017    9.2346      Fe 2                7552.40A   -8.636    0.0022      P  2                1536.42A   -8.554    0.0027
PAH                 11.3000m   -7.320    0.0460      Fe 2                4958.23A   -7.954    0.0107      P  2                1535.92A   -8.478    0.0032
PAHC                10.9000m   -6.896    0.1220      Fe 2                4750.57A   -7.951    0.0107      P  2                1.18828m   -5.677    2.0176
PAH                 11.8000m   -8.580    0.0025      Fe 2                4728.07A   -6.752    0.1700      P  2                2210.34A   -7.592    0.0246
PAHC                12.6500m   -6.644    0.2177      Fe 2                4514.90A   -7.114    0.0738      P  2                1542.30A   -8.766    0.0016
PAH                 13.3000m   -8.567    0.0026      Fe 2                4488.75A   -6.834    0.1408      P  2                7875.99A   -7.017    0.0922
PAHC                14.1000m   -6.304    0.4766      Fe 2                4470.30A   -8.037    0.0088      S  1                1483.04A   -8.621    0.0023
Bcon                3640.00A   -2.962 1046.7089      Fe 2                4413.78A   -5.540    2.7670      S  1                1820.34A   -7.304    0.0477
Pcon                5000.00A   -3.380  399.7414      Fe 2                3254.24A   -7.643    0.0218      S  1                1826.24A   -7.787    0.0157
O3bn                5007.00A   -5.242    5.4954      Fe 2                3244.18A   -7.938    0.0111      S  1                25.2421m   -5.250    5.4015
HFFc                      0    -6.130    0.7115      Fe 2                2631.32A   -5.506    2.9906      S  1                56.2957m   -6.209    0.5932
H FF                      0    -7.726    0.0180      Fe 2                2617.62A   -6.951    0.1075      S  2                6730.82A   -4.772   16.2238
MeFB                      0    -8.136    0.0070      Fe 2                2607.09A   -6.840    0.1387      S  2                6716.44A   -4.611   23.5208
MeFF                      0    -8.488    0.0031      Fe 2                2404.89A   -6.539    0.2776      S  2                4076.35A   -6.320    0.4593
ToFF                      0    -7.657    0.0211      Fe 2                2399.24A   -7.361    0.0418      S  2                4068.60A   -5.829    1.4233
Mion                      0    -7.134    0.0705      Fe 2                2395.42A   -8.354    0.0042      S  2                1.03364m   -6.458    0.3341
nFnu                122.400m   -8.659    0.0021      Fe 2                2380.76A   -5.361    4.1773      S  2                1.02867m   -6.455    0.3366
nFnu                60.8322m   -8.285    0.0050      Fe 2                2348.30A   -7.100    0.0763      S  2                1.03705m   -6.780    0.1593
nFnu                41.2152m   -8.071    0.0082      Fe 2                2327.40A   -7.689    0.0197      S  2                1.03205m   -6.321    0.4580
nFnu                30.8695m   -7.909    0.0118      Fe 2                87.3597m   -6.412    0.3715      S  2                1259.52A   -8.092    0.0078
nFnu                24.7829m   -7.785    0.0158      Fe 2                5.06097m   -7.313    0.0467      S  2                1253.81A   -8.170    0.0065
nFnu                24.2998m   -7.773    0.0162      Fe 2                4.43363m   -7.231    0.0564      S  2                1250.58A   -8.481    0.0032
nFnu                22.8302m   -7.739    0.0175      Fe 2                1.40951m   -8.641    0.0022      Sc 2                4246.82A   -8.536    0.0028
nFnu                21.4199m   -7.702    0.0190      Fe 2                1.32777m   -6.779    0.1596      Sc 2                7043.49A   -8.307    0.0047
nFnu                21.1235m   -7.693    0.0195      Fe 2                1.27877m   -6.836    0.1400      Sc 2                8261.17A   -8.821    0.0014
nFnu                19.6199m   -7.650    0.0215      Fe 2                1.25214m   -7.876    0.0128      Sc 2                8271.28A   -8.707    0.0019
nFnu                17.6534m   -7.589    0.0247      Fe 2                7926.88A   -8.114    0.0074      Sc 2                8326.62A   -8.961    0.0010
nFnu                17.3700m   -7.579    0.0253      Fe 2                7803.89A   -7.854    0.0134      Sc 2                8347.28A   -8.526    0.0029
nFnu                15.6901m   -7.518    0.0292      Fe 2                7665.28A   -7.107    0.0750      Sc 2                8384.33A   -8.838    0.0014
nFnu                14.6036m   -7.475    0.0322      Fe 2                5006.63A   -7.254    0.0535      Sc 2                1.07804m   -8.905    0.0012
nFnu                12.4300m   -7.374    0.0406      Fe 2                4772.06A   -8.067    0.0082      Sc 2                2.03194m   -8.443    0.0035
nFnu                11.4000m   -7.319    0.0461      Fe 2                4639.67A   -7.751    0.0170      Sc 2                2.04712m   -8.790    0.0016
nFnu                10.4600m   -7.262    0.0525      Fe 2                4528.39A   -7.362    0.0417      Sc 2                2.07591m   -8.434    0.0035
nFnu                9.48002m   -7.199    0.0608      Fe 2                4509.61A   -7.710    0.0187      Sc 2                2.07842m   -8.268    0.0052
nFnu                9.32488m   -7.187    0.0624      Fe 2                4452.10A   -5.733    1.7767      Sc 2                2.08152m   -8.537    0.0028
nFnu                8.21035m   -7.100    0.0762      Fe 2                3277.55A   -7.868    0.0130      Sc 2                2.11129m   -8.711    0.0019
nFnu                7.58000m   -7.044    0.0868      Fe 2                3277.12A   -8.772    0.0016      Sc 2                2.12445m   -8.709    0.0019
nFnu                7.05026m   -6.990    0.0982      Fe 2                3275.02A   -7.943    0.0109      Si 1                2211.75A   -8.929    0.0011
nFnu                4.11370m   -6.552    0.2695      Fe 2                2631.05A   -6.686    0.1980      Si 1                2519.20A   -8.330    0.0045
nFnu                2.32440m   -5.996    0.9679      Fe 2                2620.41A   -8.560    0.0026      Si 1                2528.51A   -8.111    0.0074
nFnu                1.64313m   -5.630    2.2509      Fe 2                2613.82A   -7.459    0.0333      Si 1                68.4548m   -7.617    0.0232
nFnu                1.48022m   -5.515    2.9345      Fe 2                2410.52A   -7.334    0.0445      Si 1                129.641m   -7.688    0.0197
nFnu                1.43649m   -5.480    3.1799      Fe 2                2406.66A   -7.601    0.0241      Si 2                34.8046m   -2.830 1418.5057
nFnu                1.11867m   -5.200    6.0531      Fe 2                2404.43A   -8.413    0.0037      Si 2                2334.41A   -5.987    0.9890
nFnu                8329.68A   -4.884   12.5487      Fe 2                2359.11A   -7.407    0.0376      Si 2                2328.52A   -6.595    0.2441
nFnu                8078.61A   -4.852   13.5113      Fe 2                2338.01A   -7.474    0.0322      Si 2                1808.01A   -6.028    0.8998
nFnu                6209.66A   -4.583   25.0531      Fe 2                4.67067m   -7.855    0.0134      Si 2                1526.71A   -8.847    0.0014
nFnu                4885.36A   -4.348   43.1138      Fe 2                1.29777m   -7.167    0.0654      Si 2                1260.42A   -8.074    0.0081
nFnu                3704.34A   -4.083   79.2746      Fe 2                1.27034m   -7.039    0.0878      Si 2                2350.17A   -5.843    1.3772
nFnu                3587.67A   -4.054   84.7763      Fe 2                7999.47A   -8.861    0.0013      Si 2                2344.20A   -5.446    3.4389
nFnu                2430.05A   -3.701  190.9105      Fe 2                7874.24A   -7.208    0.0594      Si 2                2334.60A   -5.552    2.6949
nFnu                2392.03A   -3.687  197.2346      Fe 2                7733.14A   -7.755    0.0169      Si 2                1817.45A   -5.916    1.1635
nFnu                2071.34A   -3.569  259.1258      Fe 2                4798.28A   -7.617    0.0232      Si 2                1816.93A   -5.590    2.4679
nFnu                2052.68A   -3.561  263.8553      Fe 2                4664.45A   -8.265    0.0052      Si 2                1533.43A   -6.390    0.3909
nFnu                1793.44A   -3.464  329.6986      Fe 2                4533.01A   -8.257    0.0053      Si 2                1309.28A   -7.167    0.0653
nFnu                1585.12A   -3.398  383.6689      Fe 2                4474.90A   -6.045    0.8654      Si 2                1265.00A   -6.966    0.1039
nFnu                1458.33A   -3.392  389.5657      Fe 2                3289.89A   -8.253    0.0054      Si 2                1264.74A   -7.384    0.0397
nFnu                1356.96A   -3.432  355.0805      Fe 2                3289.46A   -8.032    0.0089      Si 2                1197.39A   -7.276    0.0508
nFnu                1297.29A   -3.544  274.0345      Fe 2                2628.29A   -7.149    0.0682      Si 2                1194.50A   -7.503    0.0302
nFnu                1262.79A   -3.722  181.9511      Fe 2                2621.67A   -8.043    0.0087      Si 2                3862.60A   -8.579    0.0025
nFnu                1218.08A   -7.879    0.0127      Fe 2                2413.31A   -7.851    0.0135      Si 2                3856.02A   -8.552    0.0027
nFnu                1196.33A   -7.339    0.0440      Fe 2                2411.07A   -7.859    0.0133      Si 2                6371.37A   -8.496    0.0031
nFnu                1175.06A   -7.285    0.0498      Fe 2                2344.28A   -7.568    0.0260      Si 2                6347.11A   -8.418    0.0037
nFnu                1143.64A   -7.408    0.0375      Fe 2                17.9311m   -4.996    9.6890      Zn 2                2062.00A   -8.074    0.0081
nFnu                1113.22A   -7.522    0.0289      Fe 2                1.64355m   -4.102   75.9501      Zn 2                2025.48A   -7.839    0.0139
nFnu                1103.23A   -7.550    0.0270      Fe 2                1.53348m   -5.227    5.6943      Al 2                2669.15A   -5.628    2.2630
nFnu                1073.86A   -8.157    0.0067      Fe 2                8616.95A   -5.490    3.1041      Al 2                2660.35A   -5.454    3.3765
nFnu                1064.34A   -8.199    0.0061      Fe 2                7155.17A   -5.619    2.3101      Al 2                1670.79A   -6.123    0.7234
nFnu                1035.92A   -8.313    0.0047      Fe 2                6896.17A   -7.071    0.0816      Al 2                3900.67A   -8.863    0.0013
nFnu                1000.00A   -8.473    0.0032      Fe 2                5413.37A   -7.528    0.0284      Ca 2                7323.89A   -4.396   38.5880
nFnu                925.144A   -8.441    0.0035      Fe 2                5280.27A   -8.065    0.0083      Ca 2                7291.47A   -4.228   56.7344
RRC............................................      Fe 2                5273.36A   -5.618    2.3157      Ca 2                3968.47A   -6.495    0.3074
H  1                3645.98A   -7.783    0.0158      Fe 2                5158.79A   -5.007    9.4566      Ca 2                8662.14A   -5.125    7.1988
H  1                3645.98A   -7.436    0.0352      Fe 2                5111.64A   -5.913    1.1717      Ca 2                3933.66A   -6.467    0.3276
H  1                8203.57A   -8.517    0.0029      Fe 2                5072.41A   -5.659    2.1050      Ca 2                8498.02A   -5.817    1.4621
H  1                8203.57A   -8.123    0.0072      Fe 2                5039.10A   -7.093    0.0774      Ca 2                8542.09A   -4.870   12.9352
H  1                8203.57A   -8.226    0.0057      Fe 2                4814.54A   -5.963    1.0453      Ca 2                3706.02A   -7.491    0.0310
H  1                1.45842m   -8.603    0.0024      Fe 2                4774.73A   -6.403    0.3795      Ca 2                3736.90A   -7.195    0.0613
H  1                1.45842m   -8.599    0.0024      Fe 2                4745.49A   -7.455    0.0337      Ca 2                3158.87A   -7.513    0.0294
H  1                1.45842m   -8.940    0.0011      Fe 2                4661.78A   -8.553    0.0027      Ca 2                3181.27A   -8.219    0.0058
H  1                2.27878m   -8.960    0.0011      Fe 2                4243.97A   -5.333    4.4607      Ca 2                3179.33A   -7.264    0.0523
H  1                2.27878m   -8.924    0.0011      Fe 2                4177.20A   -6.423    0.3627      Ca 2                1.19497m   -8.927    0.0011
Al 1                2070.66A   -8.937    0.0011      Fe 2                4146.65A   -7.998    0.0096      Ca 2                1.18390m   -8.627    0.0023
Si 1                1520.96A   -7.945    0.0109      Fe 2                4114.48A   -8.337    0.0044      Ca 2                1838.01A   -8.451    0.0034
S  1                1196.76A   -8.698    0.0019      Fe 2                3929.35A   -8.589    0.0025      Ca 2                1840.03A   -8.295    0.0049
grains.........................................      Fe 2                3387.09A   -6.838    0.1393      Ca 2                2112.76A   -8.923    0.0011
H-like iso-sequence............................      Fe 2                3376.20A   -6.041    0.8744      Cl 2                14.3639m   -6.305    0.4751
Cool                1215.67A   -3.296  485.0045      Fe 2                2732.45A   -7.149    0.0682      Cl 2                33.2721m   -7.386    0.0395
Crst                960.000A   -3.476  320.6471      Fe 2                2493.30A   -4.735   17.6555      Cl 2                8578.70A   -5.993    0.9746
CION                      0    -5.537    2.7866      Fe 2                2484.20A   -8.292    0.0049      Cl 2                9123.60A   -6.578    0.2535
Dest                1215.67A   -8.825    0.0014      Fe 2                2360.00A   -6.738    0.1754      Cl 2                3677.85A   -7.916    0.0117
Ca B                1215.67A   -6.356    0.4228      Fe 2                2348.12A   -6.812    0.1479      Cl 2                6161.84A   -7.870    0.0130
CaBo                4861.32A   -7.890    0.0124      Fe 2                2331.31A   -8.427    0.0036      Mg 2                2802.71A   -4.154   67.4049
Ca A                1215.67A   -6.547    0.2726      Fe 2                24.5126m   -5.696    1.9341      Mg 2                2795.53A   -3.857  133.3776
Ca A                1025.72A   -7.193    0.0615      Fe 2                1.80940m   -4.702   19.0456      Mg 2                2936.52A   -7.084    0.0791
Ca A                972.537A   -7.604    0.0239      Fe 2                1.67688m   -5.652    2.1383      Mg 2                2928.64A   -7.386    0.0395
Ca A                949.743A   -7.908    0.0119      Fe 2                1.59948m   -5.559    2.6474      Mg 2                2797.93A   -7.824    0.0144
Ca A                937.803A   -8.150    0.0068      Fe 2                9051.95A   -5.332    4.4724      Mg 2                2790.77A   -7.122    0.0725
Ca A                930.748A   -8.352    0.0043      Fe 2                8891.93A   -5.756    1.6824      Mg 2                2798.00A   -6.869    0.1298
Ca A                926.226A   -8.526    0.0029      Fe 2                7452.56A   -6.111    0.7442      Mg 2                9244.22A   -8.941    0.0011
Ca A                923.150A   -8.679    0.0020      Fe 2                7172.00A   -6.026    0.9038      Mg 2                9218.22A   -8.645    0.0022
Ca A                920.963A   -8.815    0.0015      Fe 2                6275.53A   -7.984    0.0100      N  2                205.283m   -8.177    0.0064
Ca A                919.351A   -8.938    0.0011      Fe 2                5527.36A   -6.600    0.2411      N  2                121.769m   -8.395    0.0039
Ca A                6562.80A   -7.616    0.0232      Fe 2                5440.48A   -8.358    0.0042      N  2                6548.05A   -7.548    0.0272
Ca A                4861.32A   -8.066    0.0082      Fe 2                5433.15A   -6.131    0.7092      N  2                6583.45A   -7.078    0.0801
Ca A                4340.46A   -8.391    0.0039      Fe 2                5261.63A   -5.387    3.9402      N  2                5754.59A   -8.927    0.0011
Ca A                4101.73A   -8.645    0.0022      Fe 2                5220.08A   -6.662    0.2090      N  2                2142.77A   -8.931    0.0011
Ca A                3970.07A   -8.854    0.0013      Fe 2                5184.80A   -6.558    0.2658      Ni 2                1.19102m   -4.978   10.0907
Ca A                1.87510m   -8.408    0.0038      Fe 2                5158.01A   -6.507    0.2987      Ni 2                6.63416m   -5.606    2.3790
Ca A                1.28181m   -8.735    0.0018      Fe 2                4947.39A   -5.907    1.1896      Ni 2                1.07151m   -6.598    0.2422
Ca B                6562.80A   -7.434    0.0353      Fe 2                4905.35A   -6.258    0.5298      Ni 2                10.6793m   -6.236    0.5580
Ca B                4861.32A   -7.891    0.0123      Fe 2                4874.50A   -6.301    0.4801      Ni 2                1.27792m   -8.422    0.0036
Ca B                4340.46A   -8.220    0.0058      Fe 2                4852.74A   -7.662    0.0209      Ni 2                1.16130m   -7.115    0.0737
Ca B                4101.73A   -8.478    0.0032      Fe 2                4346.86A   -5.960    1.0520      Ni 2                12.7253m   -6.651    0.2142
Ca B                3970.07A   -8.689    0.0020      Fe 2                4276.84A   -5.884    1.2538      Ni 2                9882.95A   -7.864    0.0131
Ca B                3889.05A   -8.870    0.0013      Fe 2                4244.82A   -6.696    0.1934      Ni 2                1.09177m   -7.402    0.0381
Ca B                1.87510m   -8.361    0.0042      Fe 2                4231.56A   -8.296    0.0049      Ni 2                18.2355m   -7.368    0.0411
Ca B                1.28181m   -8.678    0.0020      Fe 2                4211.11A   -8.271    0.0051      Ni 2                9374.87A   -8.156    0.0067
Ca B                1.09381m   -8.935    0.0011      Fe 2                3455.11A   -6.944    0.1091      Ni 2                7377.83A   -5.765    1.6489
H  1                2431.34A   -3.514  294.0052      Fe 2                3452.31A   -6.633    0.2234      Ni 2                8300.99A   -7.061    0.0834
H  1                1215.67A   -3.279  504.6618      Fe 2                3440.99A   -6.519    0.2905      Ni 2                1.93877m   -6.473    0.3231
H  1                6562.80A   -5.220    5.7825      Fe 2                2774.73A   -8.389    0.0039      Ni 2                2.36883m   -7.760    0.0167
H  1                4861.32A   -5.982    1.0000      Fe 2                2759.34A   -8.780    0.0016      Ni 2                2.91064m   -7.428    0.0358
H  1                4340.46A   -6.363    0.4161      Fe 2                2485.07A   -8.579    0.0025      Ni 2                6666.80A   -6.612    0.2346
H  1                4101.73A   -8.050    0.0085      Fe 2                2391.48A   -7.659    0.0210      Ni 2                7411.61A   -6.393    0.3883
H  1                3970.07A   -8.339    0.0044      Fe 2                2379.28A   -8.340    0.0044      Ni 2                1.76458m   -8.538    0.0028
H  1                3889.05A   -8.571    0.0026      Fe 2                2362.02A   -7.126    0.0718      Ni 2                2.04866m   -8.116    0.0073
H  1                3835.38A   -8.765    0.0017      Fe 2                35.7675m   -6.496    0.3067      Ni 2                2.30794m   -7.573    0.0257
H  1                3797.90A   -8.931    0.0011      Fe 2                1.95361m   -5.614    2.3374      Ni 2                6.91767m   -7.872    0.0129
H  1                3770.63A   -8.678    0.0020      Fe 2                1.80002m   -5.668    2.0623      Ni 2                4326.24A   -6.559    0.2650
H  1                3750.15A   -8.793    0.0015      Fe 2                1.71113m   -6.237    0.5560      Ni 2                4628.05A   -6.981    0.1003
H  1                3734.37A   -8.896    0.0012      Fe 2                1.66377m   -5.856    1.3359      Ni 2                6794.20A   -8.037    0.0088
H  1                1.87510m   -6.754    0.1691      Fe 2                9399.04A   -5.754    1.6921      Ni 2                7255.82A   -6.914    0.1171
H  1                1.28181m   -7.067    0.0822      Fe 2                9226.63A   -5.700    1.9162      Ni 2                7694.56A   -7.984    0.0100
H  1                1.09381m   -8.435    0.0035      Fe 2                9033.49A   -6.776    0.1609      Ni 2                8033.54A   -8.149    0.0068
H  1                1.00494m   -8.743    0.0017      Fe 2                7388.17A   -6.146    0.6855      Ni 2                1.04597m   -7.398    0.0384
H  1                4.05115m   -7.624    0.0228      Fe 2                6440.41A   -7.099    0.0765      Ni 2                1.23230m   -7.425    0.0361
H  1                2.62515m   -8.612    0.0023      Fe 2                6229.28A   -8.249    0.0054      Ni 2                4201.17A   -6.741    0.1741
H  1                2.16553m   -8.963    0.0010      Fe 2                5654.87A   -7.560    0.0264      Ni 2                4485.21A   -7.194    0.0614
H  1                7.45782m   -8.649    0.0022      Fe 2                5556.31A   -6.801    0.1519      Ni 2                7307.65A   -7.090    0.0781
He-like iso-sequence...........................      Fe 2                5412.67A   -7.329    0.0450      Ni 2                7612.72A   -7.418    0.0367
Pho+                3889.00A   -8.668    0.0021      Fe 2                5333.66A   -5.674    2.0340      Ni 2                1.13597m   -8.101    0.0076
extra Lyman....................................      Fe 2                5296.84A   -6.957    0.1060      Ni 2                4285.31A   -7.950    0.0108
database lines.................................      Fe 2                5268.89A   -6.677    0.2019      Ni 2                6791.48A   -7.664    0.0208
CN                  2648.35m   -8.713    0.0019      Fe 2                5107.96A   -7.613    0.0234      Ni 2                7054.20A   -7.569    0.0259
CN                  2640.74m   -8.412    0.0037      Fe 2                5049.30A   -6.080    0.7980      Ni 2                9.61508m   -8.859    0.0013
CN                  1322.30m   -8.780    0.0016      Fe 2                5005.52A   -6.134    0.7046      Ni 2                4033.04A   -7.008    0.0943
CN                  1321.03m   -8.522    0.0029      Fe 2                4973.40A   -6.402    0.3805      Ni 2                4294.09A   -7.128    0.0715
CN                  881.421m   -8.771    0.0016      Fe 2                4950.76A   -6.748    0.1717      Ni 2                6467.29A   -8.161    0.0066
CN                  880.858m   -8.615    0.0023      Fe 2                4352.79A   -6.200    0.6059      Ni 2                6813.57A   -7.149    0.0680
CN                  661.044m   -8.684    0.0020      Fe 2                4319.62A   -6.466    0.3284      Ni 2                7078.04A   -7.698    0.0192
CN                  660.727m   -8.570    0.0026      Fe 2                4305.90A   -7.269    0.0517      Ni 2                1.02090m   -8.480    0.0032
CN                  528.842m   -8.789    0.0016      Fe 2                4084.33A   -8.594    0.0024      Ni 2                3993.06A   -6.662    0.2088
CN                  528.639m   -8.699    0.0019      Fe 2                3504.51A   -7.247    0.0543      Ni 2                4248.80A   -7.138    0.0699
CN                  440.721m   -8.807    0.0015      Fe 2                3504.02A   -7.104    0.0755      Ni 2                6007.06A   -8.252    0.0054
CN                  440.580m   -8.732    0.0018      Fe 2                3501.63A   -6.668    0.2063      Ni 2                6365.10A   -7.136    0.0701
CN                  377.785m   -8.949    0.0011      Fe 2                3489.99A   -7.347    0.0431      Ni 2                6700.24A   -8.530    0.0028
CN                  377.682m   -8.884    0.0013      Fe 2                2385.01A   -7.951    0.0107      Ni 2                6955.82A   -8.564    0.0026
CN                  330.511m   -8.981    0.0010      Fe 2                2.06648m   -7.007    0.0945      Ni 2                8703.87A   -7.592    0.0246
HF                  243.178m   -8.314    0.0047      Fe 2                1.89541m   -6.404    0.3789      Ni 2                9956.63A   -7.818    0.0146
CO                  2600.05m   -8.281    0.0050      Fe 2                1.79711m   -5.890    1.2352      Ni 2                5.18504m   -8.597    0.0024
CO                  1300.05m   -7.001    0.0958      Fe 2                1.74494m   -6.179    0.6357      Ni 2                3438.88A   -6.851    0.1352
CO                  866.727m   -6.582    0.2516      Fe 2                9652.70A   -6.603    0.2397      Ni 2                3626.89A   -7.159    0.0666
CO                  650.074m   -6.425    0.3607      Fe 2                9470.94A   -6.090    0.7796      Ni 2                3378.16A   -7.465    0.0329
CO                  520.089m   -6.352    0.4263      Fe 2                9267.56A   -6.472    0.3236      Ni 2                3559.41A   -7.445    0.0345
CO                  433.438m   -6.307    0.4733      Fe 2                7544.00A   -8.786    0.0016      level 1 lines..................................
CO                  371.549m   -6.290    0.4922      Fe 2                6558.51A   -7.313    0.0467      recombination..................................
CO                  325.137m   -6.280    0.5038      Fe 2                5745.71A   -7.931    0.0112      level2 lines...................................
CO                  289.041m   -6.281    0.5026      Fe 2                5643.98A   -7.773    0.0162      C  1                1247.50A   -7.822    0.0144
CO                  260.169m   -6.287    0.4957      Fe 2                5495.84A   -7.605    0.0238      C  1                1314.77A   -7.745    0.0173
CO                  236.549m   -6.301    0.4802      Fe 2                5376.47A   -6.068    0.8206      C  1                1233.29A   -8.343    0.0044
CO                  216.868m   -6.322    0.4579      Fe 2                5347.66A   -7.183    0.0630      C  1                1250.68A   -8.496    0.0031
CO                  200.218m   -6.347    0.4322      Fe 2                5181.96A   -7.458    0.0334      Mg 1                1817.31A   -8.674    0.0020
CO                  185.949m   -6.368    0.4111      Fe 2                5076.57A   -6.739    0.1753      Mg 1                1739.09A   -8.884    0.0013
CO                  173.584m   -6.393    0.3885      Fe 2                5043.53A   -6.608    0.2365      Mg 1                1699.05A   -8.905    0.0012
CO                  162.767m   -6.420    0.3653      Fe 2                5020.25A   -6.725    0.1810      Mg 1                1675.74A   -8.915    0.0012
CO                  153.225m   -6.448    0.3421      Fe 2                4372.43A   -6.740    0.1746      Mg 1                1660.94A   -8.960    0.0011
CO                  144.745m   -6.478    0.3193      Fe 2                4358.37A   -6.952    0.1073      Si 1                1853.05A   -8.888    0.0012
CO                  137.159m   -6.509    0.2973      Fe 2                4080.00A   -8.624    0.0023      Si 2                1179.59A   -8.083    0.0079
CO                  130.333m   -6.541    0.2764      Fe 2                3539.19A   -6.952    0.1073      S  1                1356.05A   -8.348    0.0043
CO                  124.160m   -6.578    0.2537      Fe 2                3538.69A   -7.245    0.0546      S  1                1392.25A   -8.734    0.0018
CO                  118.548m   -6.618    0.2314      Fe 2                3536.25A   -7.371    0.0409      S  1                1418.10A   -8.931    0.0011
CO                  113.427m   -6.659    0.2107      Fe 2                3524.38A   -8.679    0.0020      Ca 2                1360.06A   -8.952    0.0011
CO                  108.733m   -6.702    0.1909      Fe 2                22.8961m   -8.001    0.0096      Fe 1                2484.25A   -8.610    0.0024
CO                  104.416m   -6.745    0.1728      Fe 2                1.81139m   -8.280    0.0050      Fe 1                2526.51A   -8.845    0.0014
CO                  100.433m   -6.790    0.1557      Fe 2                7764.71A   -7.486    0.0313      Sc 2                3627.22A   -7.306    0.0475
CO                  96.7462m   -6.837    0.1396      Fe 2                7336.73A   -7.776    0.0161      Sc 2                3575.45A   -7.428    0.0359
CO                  93.3237m   -6.886    0.1248      Fe 2                7267.25A   -8.744    0.0017      Sc 2                3368.13A   -7.991    0.0098
CO                  90.1384m   -6.937    0.1111      Fe 2                6809.24A   -7.753    0.0169      Ti 2                3364.74A   -5.731    1.7814
CO                  87.1666m   -6.989    0.0985      Fe 2                6729.87A   -8.034    0.0089      Ti 2                3237.15A   -5.971    1.0256
CO                  84.3877m   -7.043    0.0870      Fe 2                6671.93A   -8.598    0.0024      Ti 2                1904.17A   -7.839    0.0139
CO                  81.7835m   -7.098    0.0767      Fe 2                5721.37A   -8.871    0.0013      Ti 2                1907.36A   -7.582    0.0251
CO                  79.3383m   -7.155    0.0672      Fe 2                5163.96A   -7.782    0.0159      V  2                2710.94A   -8.059    0.0084
CO                  77.0375m   -7.214    0.0586      Fe 2                4266.35A   -8.483    0.0032      V  2                2684.22A   -7.822    0.0144
CO                  74.8697m   -7.274    0.0510      Fe 2                4249.08A   -8.754    0.0017      V  2                2139.33A   -8.452    0.0034
CO                  72.8231m   -7.337    0.0442      Fe 2                4157.92A   -8.758    0.0017      Cr 1                4269.56A   -8.519    0.0029
CO                  70.8878m   -7.400    0.0382      Fe 2                3277.35A   -7.278    0.0506      Cr 1                3589.90A   -8.336    0.0044
CO                  69.0557m   -7.463    0.0330      Fe 2                3255.89A   -8.530    0.0028      Cr 2                2059.78A   -6.331    0.4477
CO                  67.3181m   -7.528    0.0284      Fe 2                2926.59A   -8.141    0.0069      Mn 2                1198.85A   -8.687    0.0020
CO                  65.6684m   -7.594    0.0244      Fe 2                2880.76A   -7.854    0.0134      Co 2                2060.90A   -7.797    0.0153
CO                  64.0998m   -7.660    0.0210      Fe 2                2755.74A   -6.197    0.6095      Co 2                2018.80A   -7.831    0.0142
CO                  62.6072m   -7.727    0.0180      Fe 2                2739.55A   -6.889    0.1240      Co 2                1949.74A   -7.909    0.0118
CO                  61.1843m   -7.794    0.0154      Fe 2                2716.70A   -7.065    0.0826      Co 2                1575.91A   -8.433    0.0035
CO                  59.8271m   -7.861    0.0132      Fe 2                34.6508m   -8.872    0.0013      Co 2                1470.18A   -8.508    0.0030
CO                  58.5311m   -7.929    0.0113      Fe 2                1.00287m   -7.474    0.0322      Ni 2                1751.83A   -7.366    0.0413
CO                  57.2920m   -7.998    0.0096      Fe 2                8245.16A   -8.973    0.0010      Ni 2                1744.24A   -7.173    0.0645
CO                  56.1066m   -8.068    0.0082      Fe 2                8037.28A   -8.004    0.0095      Ni 2                1484.97A   -8.499    0.0030
CO                  54.9712m   -8.139    0.0070      Fe 2                7579.61A   -8.495    0.0031      Ni 2                1472.74A   -8.185    0.0063
CO                  53.8829m   -8.210    0.0059      Fe 2                7017.95A   -8.413    0.0037      Ni 2                1400.37A   -8.497    0.0031
CO                  52.8388m   -8.282    0.0050      Fe 2                6933.67A   -8.779    0.0016      Ni 2                1375.73A   -8.157    0.0067
CO                  51.8365m   -8.354    0.0042      Fe 2                6872.19A   -7.945    0.0109      Ni 2                1324.11A   -8.260    0.0053
CO                  50.8731m   -8.427    0.0036      Fe 2                6829.03A   -8.980    0.0010      hyperfine structure............................
CO                  49.9472m   -8.499    0.0030      Fe 2                5746.98A   -7.831    0.0142      inner shell....................................
CO                  49.0559m   -8.574    0.0026      Fe 2                5283.12A   -8.390    0.0039      molecules......................................
CO                  48.1977m   -8.649    0.0022      Fe 2                5199.18A   -8.605    0.0024      H2 l                2.00000m   -3.709  187.6873
CO                  47.3709m   -8.726    0.0018      Fe 2                4351.81A   -8.753    0.0017      H2 v                      0    -5.346    4.3269
CO                  46.5738m   -8.803    0.0015      Fe 2                4347.36A   -8.123    0.0072      H-FB                      0    -5.908    1.1853
CO                  45.8046m   -8.882    0.0013      Fe 2                4329.43A   -7.469    0.0326      H-FF                      0    -6.143    0.6904
CO                  45.0623m   -8.963    0.0010      Fe 2                2953.77A   -8.880    0.0013      H-CT                6562.80A   -6.992    0.0977
^13CO               1359.86m   -8.548    0.0027      Fe 2                2772.73A   -6.950    0.1077      H- H                      0    -7.144    0.0689
^13CO               906.599m   -8.102    0.0076      Fe 2                2749.32A   -7.031    0.0894      H2+                       0    -6.312    0.4682
^13CO               679.978m   -7.931    0.0112      Fe 2                9795.19A   -8.252    0.0054      bands..........................................
^13CO               544.012m   -7.854    0.0134      Fe 2                8228.13A   -8.167    0.0065      Fe 2b               2500.00A   -4.166   65.5719
^13CO               453.374m   -7.807    0.0150      Fe 2                7613.14A   -8.574    0.0026      Fe 2b               5000.00A   -4.221   57.7494
^13CO               388.637m   -7.789    0.0156      Fe 2                7011.24A   -8.981    0.0010      Fe 2b               7000.00A   -5.163    6.5915
^13CO               340.088m   -7.779    0.0160      Fe 2                6966.33A   -8.338    0.0044      Fe 2b               10000.0A   -3.843  137.6703
^13CO               302.332m   -7.780    0.0159      Fe 2                5477.25A   -8.336    0.0044      Fe 2b               2355.00A   -4.960   10.5231
^13CO               272.130m   -7.786    0.0157      Fe 2                5278.38A   -8.803    0.0015      Fe 2b               2430.00A   -4.173   64.4622
^13CO               247.423m   -7.799    0.0153      Fe 2                4402.59A   -8.589    0.0025      Fe 2b               2445.00A   -4.173   64.4622
^13CO               226.836m   -7.820    0.0145      Fe 2                4384.21A   -8.521    0.0029      Fe 2b               2495.00A   -4.735   17.6639
^13CO               209.419m   -7.846    0.0137      Fe 2                1.05081m   -8.732    0.0018      Fe 2b               2610.00A   -4.423   36.2710
^13CO               194.493m   -7.869    0.0130      Fe 2                7710.80A   -8.885    0.0012      Fe 2b               2695.00A   -7.065    0.0827
^13CO               181.558m   -7.894    0.0123      Fe 2                7048.01A   -8.552    0.0027      Fe 2b               2758.00A   -5.980    1.0042
^13CO               170.243m   -7.922    0.0115      Fe 2                5901.28A   -8.782    0.0016      Fe 2b               2780.00A   -5.941    1.1007
^13CO               160.261m   -7.952    0.0107      Fe 2                5527.62A   -8.893    0.0012      Fe 2b               2935.00A   -7.632    0.0224
^13CO               151.390m   -7.983    0.0100      Fe 2                2.04602m   -7.418    0.0366      Fe 2b               2960.00A   -8.029    0.0090
^13CO               143.454m   -8.016    0.0093      Fe 2                1.41956m   -7.973    0.0102      Fe 2b               3180.00A   -6.581    0.2522
^13CO               136.314m   -8.049    0.0086      Fe 2                1.35904m   -8.779    0.0016      Fe 2b               3250.00A   -5.880    1.2660
^13CO               129.855m   -8.089    0.0078      Fe 2                1.23314m   -7.767    0.0164      Fe 2b               3590.00A   -5.900    1.2092
^13CO               123.985m   -8.131    0.0071      Fe 2                1.09108m   -7.690    0.0196      Fe 2b               3910.00A   -7.949    0.0108
^13CO               118.627m   -8.174    0.0064      Fe 2                1.07084m   -8.128    0.0071      Fe 2b               4060.00A   -8.607    0.0024
^13CO               113.717m   -8.220    0.0058      Fe 2                1.05625m   -8.579    0.0025      Fe 2b               4255.00A   -4.654   21.2975
^13CO               109.201m   -8.268    0.0052      Fe 2                1.01565m   -8.381    0.0040      Fe 2b               4558.00A   -5.384    3.9638
^13CO               105.034m   -8.319    0.0046      Fe 2                8119.18A   -8.857    0.0013      Fe 2b               4600.00A   -5.354    4.2444
^13CO               101.176m   -8.372    0.0041      Fe 2                5588.16A   -7.684    0.0199      Fe 2b               4743.00A   -6.103    0.7571
^13CO               97.5955m   -8.429    0.0036      Fe 2                5586.91A   -8.546    0.0027      Fe 2b               4855.00A   -5.524    2.8711
^13CO               94.2629m   -8.489    0.0031      Fe 2                5580.82A   -7.115    0.0736      Fe 2b               4920.00A   -5.010    9.3878
^13CO               91.1537m   -8.552    0.0027      Fe 2                5551.32A   -6.833    0.1410      Fe 2b               4975.00A   -5.539    2.7722
^13CO               88.2461m   -8.620    0.0023      Fe 2                3227.74A   -8.505    0.0030      Fe 2b               4971.00A   -5.582    2.5115
^13CO               85.5213m   -8.692    0.0020      Fe 2                3196.07A   -8.067    0.0082      Fe 2b               5070.00A   -5.461    3.3196
^13CO               82.9627m   -8.771    0.0016      Fe 2                2.13278m   -7.674    0.0203      Fe 2b               5143.00A   -4.928   11.3379
^13CO               80.5556m   -8.856    0.0013      Fe 2                1.46079m   -8.520    0.0029      Fe 2b               5270.00A   -4.643   21.8348
^13CO               78.2869m   -8.951    0.0011      Fe 2                1.39678m   -8.581    0.0025      Fe 2b               5318.00A   -4.961   10.4964
OH+                 308.406m   -8.894    0.0012      Fe 2                1.30943m   -8.601    0.0024      Fe 2b               5540.00A   -6.109    0.7475
C  1                1560.31A   -7.609    0.0236      Fe 2                1.24364m   -8.786    0.0016      Fe 2b               5865.00A   -6.708    0.1880
C  1                1560.68A   -7.642    0.0219      Fe 2                1.09413m   -7.887    0.0124      Fe 2b               6265.00A   -7.520    0.0290
C  1                1560.71A   -7.816    0.0147      Fe 2                1.07890m   -7.983    0.0100      Fe 2b               6565.00A   -6.864    0.1312
C  1                1561.34A   -7.145    0.0688      Fe 2                1.06830m   -8.741    0.0017      Fe 2b               6910.00A   -6.803    0.1509
C  1                1561.37A   -7.660    0.0210      Fe 2                1.03658m   -8.753    0.0017      Fe 2b               7445.00A   -5.185    6.2752
C  1                1561.44A   -7.157    0.0668      Fe 2                5650.95A   -7.662    0.0209      Fe 2b               8625.00A   -4.852   13.4880
C  1                1656.27A   -6.942    0.1098      Fe 2                5649.67A   -7.636    0.0222      Fe 2b               1.03250m   -5.910    1.1811
C  1                1656.93A   -7.325    0.0454      Fe 2                5643.44A   -8.774    0.0016      Fe 2b               1.88900m   -4.559   26.5180
C  1                1657.01A   -6.586    0.2492      Fe 2                5613.27A   -7.049    0.0858      Fe 2b               2.20000m   -6.643    0.2184
C  1                1657.38A   -7.360    0.0419      Fe 2                2.24366m   -8.012    0.0093      miscellaneous..................................
C  1                1657.91A   -6.893    0.1229      Fe 2                2.00672m   -7.357    0.0422      Blnd                8446.00A   -8.710    0.0019
C  1                1658.12A   -7.018    0.0920      Fe 2                1.10657m   -8.231    0.0056      Blnd                1304.00A   -7.105    0.0754
C  1                1930.90A   -8.720    0.0018      Fe 2                1.09542m   -8.335    0.0044      Blnd                2798.00A   -3.680  200.7825
C  1                1992.01A   -8.494    0.0031      Fe 2                5725.92A   -7.934    0.0112      Blnd                6720.00A   -4.383   39.7446
C  1                1993.62A   -7.113    0.0741      Fe 2                5718.22A   -7.383    0.0397      Blnd                4074.00A   -5.707    1.8827
C  1                2582.90A   -8.377    0.0040      Fe 2                2.22379m   -6.767    0.1641      Blnd                1.03300m   -5.816    1.4653
C  1                8727.13A   -8.810    0.0015      Fe 2                2.01513m   -7.087    0.0785      Blnd                1256.00A   -7.741    0.0174
C  1                9824.13A   -4.207   59.5718      Fe 2                9682.08A   -7.598    0.0242      Blnd                5892.00A   -7.188    0.0622
C  1                9850.26A   -3.732  177.9718      Fe 2                9513.85A   -8.405    0.0038      Blnd                2665.00A   -5.231    5.6395
C  1                370.269m   -4.111   74.4269      Fe 2                8715.81A   -8.230    0.0056      Blnd                2335.00A   -5.041    8.7440
C  1                609.590m   -4.718   18.3891      Fe 2                6873.84A   -7.895    0.0122      Blnd                8579.00A   -4.648   21.5961
C  2                1334.53A   -8.807    0.0015      Fe 2                6700.65A   -8.866    0.0013      Blnd                7306.00A   -4.003   95.3224
C  2                1335.66A   -8.463    0.0033      Fe 2                6188.55A   -8.074    0.0081      Blnd                3933.00A   -6.180    0.6349
C  2                1335.71A   -8.460    0.0033      Fe 2                5870.02A   -8.326    0.0045      Blnd                1657.00A   -6.162    0.6612
C  2                2323.50A   -8.230    0.0057      Fe 2                5673.20A   -8.360    0.0042      Blnd                9850.00A   -3.606  237.5436
C  2                2324.69A   -7.918    0.0116      Fe 2                4898.61A   -8.096    0.0077      Blnd                2326.00A   -6.983    0.0998
C  2                2325.40A   -7.435    0.0352      Fe 2                2.25348m   -7.605    0.0239      Blnd                1335.00A   -8.072    0.0081
C  2                2326.93A   -7.448    0.0342      Fe 2                1.02005m   -8.812    0.0015      Blnd                3467.00A   -6.531    0.2827
C  2                2328.12A   -7.865    0.0131      Fe 2                1.00139m   -8.256    0.0053      Blnd                5199.00A   -4.285   49.7648
C  2                157.636m   -5.490    3.1067      Fe 2                9133.66A   -8.979    0.0010      Blnd                1.04030m   -5.774    1.6135
Ca 1                4226.73A   -7.115    0.0737      Fe 2                8885.67A   -8.705    0.0019      Blnd                2141.00A   -8.783    0.0016
Ca 1                6439.08A   -8.063    0.0083      Fe 2                7131.14A   -8.869    0.0013      Blnd                6300.00A   -4.002   95.6451
Ca 1                6462.57A   -8.315    0.0046      Fe 2                6944.91A   -8.438    0.0035      Blnd                2471.00A   -8.670    0.0021
Ca 1                6493.78A   -8.533    0.0028      Fe 2                6473.88A   -8.475    0.0032      Blnd                7323.00A   -8.838    0.0014
Cl 1                11.3303m   -7.344    0.0435      Fe 2                6044.10A   -8.906    0.0012      Blnd                7332.00A   -8.919    0.0012
Co 2                9335.96A   -8.120    0.0073      Fe 2                5835.45A   -8.575    0.0026      Blnd                3727.00A   -6.758    0.1674
Co 2                9639.13A   -8.558    0.0027      Fe 2                5060.09A   -8.656    0.0021      Blnd                7325.00A   -8.575    0.0026
Co 2                10.5199m   -6.954    0.1067      Fe 2                4576.40A   -8.908    0.0012      N 1C                5199.00A   -8.246    0.0054
Co 2                15.4548m   -7.840    0.0139      Fe 2                1.34608m   -8.954    0.0011      N 1T                5199.00A   -8.373    0.0041

                                                    Emergent line intensities
general properties.............................      Fe 2                2348.30A   -7.100    0.0763      Mn 2                3460.03A   -8.804    0.0015
continua.......................................      Fe 2                2327.40A   -7.689    0.0197      N  1                1134.41A   -8.863    0.0013
FIR                 83.0000m   -2.586 2492.0908      Fe 2                87.3597m   -6.412    0.3717      N  1                1134.98A   -8.759    0.0017
TIR                 1800.00m   -4.690   19.6171      Fe 2                5.06097m   -7.313    0.0467      N  1                1199.55A   -8.143    0.0069
NIRa                2.85000m   -2.658 2109.9663      Fe 2                4.43363m   -7.231    0.0565      N  1                1200.22A   -8.316    0.0046
NIRb                3.00000m   -3.819  145.6447      Fe 2                1.40951m   -8.641    0.0022      N  1                1200.71A   -8.618    0.0023
MIRa                15.0000m   -3.914  117.1688      Fe 2                1.32777m   -6.779    0.1597      N  1                3466.50A   -6.615    0.2332
MIRb                22.5000m   -2.784 1578.6161      Fe 2                1.27877m   -6.836    0.1401      N  1                3466.54A   -7.288    0.0495
NMIR                21.7500m   -2.658 2109.9663      Fe 2                1.25214m   -7.876    0.0128      N  1                5197.90A   -4.684   19.8970
TFIR                611.250m   -3.496  306.8387      Fe 2                7926.88A   -8.114    0.0074      N  1                5200.26A   -4.507   29.8660
TALL                10000.0A   -2.207 5960.3022      Fe 2                7803.89A   -7.855    0.0134      N  1                1.03977m   -6.119    0.7298
F12                 12.0000m   -5.818    1.4617      Fe 2                7665.28A   -7.107    0.0750      N  1                1.03982m   -6.642    0.2190
F25                 25.0000m   -4.428   35.8724      Fe 2                5006.63A   -7.254    0.0535      N  1                1.04072m   -6.467    0.3275
F60                 60.0000m   -2.640 2202.7246      Fe 2                4772.06A   -8.067    0.0082      N  1                1.04076m   -6.455    0.3370
F100                100.000m   -5.693    1.9458      Fe 2                4639.67A   -7.751    0.0170      Na 1                5889.95A   -7.490    0.0311
MIPS                24.0000m   -4.428   35.8671      Fe 2                4528.39A   -7.362    0.0417      Na 1                5895.92A   -7.490    0.0311
MIPS                70.0000m   -2.640 2199.3718      Fe 2                4509.61A   -7.710    0.0187      Ni 1                7.50454m   -7.538    0.0278
MIPS                160.000m   -3.665  207.6448      Fe 2                4452.10A   -5.733    1.7767      O  1                1304.86A   -7.252    0.0537
IRAC                3.60000m   -7.041    0.0875      Fe 2                3277.55A   -7.868    0.0130      O  1                1306.03A   -7.669    0.0206
IRAC                4.50000m   -5.720    1.8288      Fe 2                3277.12A   -8.772    0.0016      O  1                1355.60A   -7.303    0.0478
IRAC                5.80000m   -4.007   94.4553      Fe 2                3275.02A   -7.944    0.0109      O  1                1358.51A   -7.726    0.0180
IRAC                8.00000m   -5.015    9.2862      Fe 2                2631.05A   -6.686    0.1980      O  1                2972.29A   -6.767    0.1642
SPR1                250.000m   -5.810    1.4876      Fe 2                2620.41A   -8.560    0.0026      O  1                5577.34A   -5.817    1.4623
SPR2                350.000m   -4.105   75.4415      Fe 2                2613.82A   -7.460    0.0333      O  1                6300.30A   -4.122   72.4705
SPR3                500.000m   -6.011    0.9373      Fe 2                2410.52A   -7.334    0.0446      O  1                6363.78A   -4.618   23.1506
PAC1                70.0000m   -2.640 2200.2307      Fe 2                2406.66A   -7.601    0.0241      O  1                6391.73A   -7.946    0.0109
PAC2                100.000m   -5.693    1.9490      Fe 2                2404.43A   -8.413    0.0037      O  1                44.0453m   -8.272    0.0051
PAC3                160.000m   -3.663  208.6523      Fe 2                2359.11A   -7.407    0.0376      O  1                63.1679m   -2.640 2198.2798
PAH                 3.30000m   -7.846    0.0137      Fe 2                2338.01A   -7.474    0.0322      O  1                145.495m   -3.675  202.7845
PAHC                3.23000m   -8.126    0.0072      Fe 2                4.67067m   -7.855    0.0134      O  2                2470.34A   -8.773    0.0016
PAHC                3.37000m   -8.117    0.0073      Fe 2                1.29777m   -7.167    0.0654      O  2                7319.99A   -8.967    0.0010
PAH                 6.20000m   -7.893    0.0123      Fe 2                1.27034m   -7.039    0.0878      O  2                3728.81A   -6.980    0.1005
PAHC                5.65000m   -6.804    0.1509      Fe 2                7999.47A   -8.861    0.0013      O  2                3726.03A   -7.156    0.0670
PAH                 7.90000m   -7.372    0.0408      Fe 2                7874.24A   -7.209    0.0594      P  2                60.6263m   -6.081    0.7965
PAHC                6.90000m   -5.017    9.2401      Fe 2                7733.14A   -7.755    0.0169      P  2                1532.53A   -8.656    0.0021
PAH                 11.3000m   -7.320    0.0460      Fe 2                4798.28A   -7.618    0.0232      P  2                32.8620m   -6.184    0.6293
PAHC                10.9000m   -6.896    0.1220      Fe 2                4664.45A   -8.265    0.0052      P  2                1.14682m   -6.101    0.7611
PAH                 11.8000m   -8.580    0.0025      Fe 2                4533.01A   -8.257    0.0053      P  2                4669.25A   -7.766    0.0165
PAHC                12.6500m   -6.644    0.2179      Fe 2                4474.90A   -6.045    0.8655      P  2                2195.57A   -8.045    0.0087
PAH                 13.3000m   -8.567    0.0026      Fe 2                3289.89A   -8.253    0.0054      P  2                1536.42A   -8.556    0.0027
PAHC                14.1000m   -6.304    0.4769      Fe 2                3289.46A   -8.033    0.0089      P  2                1535.92A   -8.481    0.0032
Bcon                3640.00A   -2.963 1046.8430      Fe 2                2628.29A   -7.149    0.0682      P  2                1.18828m   -5.678    2.0175
Pcon                5000.00A   -3.381  399.7290      Fe 2                2621.67A   -8.043    0.0087      P  2                2210.34A   -7.592    0.0246
O3bn                5007.00A   -5.242    5.4954      Fe 2                2413.31A   -7.851    0.0135      P  2                1542.30A   -8.768    0.0016
RRC............................................      Fe 2                2411.07A   -7.859    0.0133      P  2                7875.99A   -7.018    0.0922
grains.........................................      Fe 2                2344.28A   -7.568    0.0260      S  1                1483.04A   -8.629    0.0023
H-like iso-sequence............................      Fe 2                17.9311m   -4.996    9.6947      S  1                1820.34A   -7.304    0.0477
H  1                1215.67A   -3.283  500.2797      Fe 2                1.64355m   -4.102   75.9949      S  1                1826.24A   -7.787    0.0157
H  1                6562.80A   -5.220    5.7816      Fe 2                1.53348m   -5.227    5.6969      S  1                25.2421m   -5.250    5.4047
H  1                4861.32A   -5.982    1.0000      Fe 2                8616.95A   -5.491    3.1034      S  1                56.2957m   -6.209    0.5935
H  1                4340.46A   -6.363    0.4161      Fe 2                7155.17A   -5.619    2.3096      S  2                6730.82A   -4.772   16.2211
H  1                4101.73A   -8.051    0.0085      Fe 2                6896.17A   -7.071    0.0816      S  2                6716.44A   -4.611   23.5168
H  1                3970.07A   -8.339    0.0044      Fe 2                5413.37A   -7.529    0.0284      S  2                4076.35A   -6.320    0.4594
H  1                3889.05A   -8.571    0.0026      Fe 2                5280.27A   -8.065    0.0083      S  2                4068.60A   -5.829    1.4235
H  1                3835.38A   -8.765    0.0017      Fe 2                5273.36A   -5.618    2.3156      S  2                1.03364m   -6.459    0.3341
H  1                3797.90A   -8.931    0.0011      Fe 2                5158.79A   -5.007    9.4563      S  2                1.02867m   -6.455    0.3365
H  1                3770.63A   -8.678    0.0020      Fe 2                5111.64A   -5.914    1.1716      S  2                1.03705m   -6.780    0.1592
H  1                3750.15A   -8.793    0.0015      Fe 2                5072.41A   -5.659    2.1049      S  2                1.03205m   -6.322    0.4579
H  1                3734.37A   -8.896    0.0012      Fe 2                5039.10A   -7.094    0.0774      S  2                1259.52A   -8.097    0.0077
H  1                1.87510m   -6.754    0.1692      Fe 2                4814.54A   -5.963    1.0453      S  2                1253.81A   -8.175    0.0064
H  1                1.28181m   -7.067    0.0822      Fe 2                4774.73A   -6.403    0.3795      S  2                1250.58A   -8.486    0.0031
H  1                1.09381m   -8.435    0.0035      Fe 2                4745.49A   -7.455    0.0337      Sc 2                4246.82A   -8.536    0.0028
H  1                1.00494m   -8.743    0.0017      Fe 2                4661.78A   -8.553    0.0027      Sc 2                7043.49A   -8.308    0.0047
H  1                4.05115m   -7.624    0.0228      Fe 2                4243.97A   -5.333    4.4610      Sc 2                8261.17A   -8.822    0.0014
H  1                2.62515m   -8.612    0.0023      Fe 2                4177.20A   -6.423    0.3627      Sc 2                8271.28A   -8.708    0.0019
H  1                2.16553m   -8.963    0.0010      Fe 2                4146.65A   -7.998    0.0096      Sc 2                8326.62A   -8.962    0.0010
H  1                7.45782m   -8.649    0.0022      Fe 2                4114.48A   -8.337    0.0044      Sc 2                8347.28A   -8.527    0.0029
He-like iso-sequence...........................      Fe 2                3929.35A   -8.589    0.0025      Sc 2                8384.33A   -8.839    0.0014
extra Lyman....................................      Fe 2                3387.09A   -6.838    0.1394      Sc 2                1.07804m   -8.905    0.0012
database lines.................................      Fe 2                3376.20A   -6.041    0.8745      Sc 2                2.03194m   -8.443    0.0035
CN                  2648.35m   -8.713    0.0019      Fe 2                2732.45A   -7.149    0.0682      Sc 2                2.04712m   -8.790    0.0016
CN                  2640.74m   -8.412    0.0037      Fe 2                2493.30A   -4.735   17.6608      Sc 2                2.07591m   -8.434    0.0035
CN                  1322.30m   -8.780    0.0016      Fe 2                2484.20A   -8.292    0.0049      Sc 2                2.07842m   -8.268    0.0052
CN                  1321.03m   -8.522    0.0029      Fe 2                2360.00A   -6.738    0.1754      Sc 2                2.08152m   -8.537    0.0028
CN                  881.421m   -8.771    0.0016      Fe 2                2348.12A   -6.812    0.1480      Sc 2                2.11129m   -8.711    0.0019
CN                  880.858m   -8.615    0.0023      Fe 2                2331.31A   -8.427    0.0036      Sc 2                2.12445m   -8.709    0.0019
CN                  661.044m   -8.684    0.0020      Fe 2                24.5126m   -5.696    1.9353      Si 1                2211.75A   -8.929    0.0011
CN                  660.727m   -8.570    0.0026      Fe 2                1.80940m   -4.702   19.0568      Si 1                2519.20A   -8.330    0.0045
CN                  528.842m   -8.789    0.0016      Fe 2                1.67688m   -5.652    2.1395      Si 1                2528.51A   -8.111    0.0074
CN                  528.639m   -8.699    0.0019      Fe 2                1.59948m   -5.559    2.6489      Si 1                68.4548m   -7.617    0.0232
CN                  440.721m   -8.807    0.0015      Fe 2                9051.95A   -5.332    4.4714      Si 1                129.641m   -7.688    0.0197
CN                  440.580m   -8.732    0.0018      Fe 2                8891.93A   -5.757    1.6820      Si 2                34.8046m   -2.830 1419.3434
CN                  377.785m   -8.949    0.0011      Fe 2                7452.56A   -6.111    0.7440      Si 2                2334.41A   -5.987    0.9894
CN                  377.682m   -8.884    0.0013      Fe 2                7172.00A   -6.027    0.9036      Si 2                2328.52A   -6.595    0.2441
CN                  330.511m   -8.981    0.0010      Fe 2                6275.53A   -7.984    0.0100      Si 2                1808.01A   -6.028    0.9000
HF                  243.178m   -8.314    0.0047      Fe 2                5527.36A   -6.600    0.2411      Si 2                1526.71A   -8.848    0.0014
CO                  2600.05m   -8.281    0.0050      Fe 2                5440.48A   -8.358    0.0042      Si 2                1260.42A   -8.079    0.0080
CO                  1300.05m   -7.001    0.0959      Fe 2                5433.15A   -6.132    0.7092      Si 2                2350.17A   -5.843    1.3777
CO                  866.727m   -6.582    0.2517      Fe 2                5261.63A   -5.387    3.9400      Si 2                2344.20A   -5.446    3.4400
CO                  650.074m   -6.425    0.3609      Fe 2                5220.08A   -6.662    0.2090      Si 2                2334.60A   -5.552    2.6957
CO                  520.089m   -6.352    0.4266      Fe 2                5184.80A   -6.558    0.2658      Si 2                1817.45A   -5.917    1.1636
CO                  433.438m   -6.307    0.4736      Fe 2                5158.01A   -6.507    0.2987      Si 2                1816.93A   -5.590    2.4682
CO                  371.549m   -6.290    0.4925      Fe 2                4947.39A   -5.907    1.1896      Si 2                1533.43A   -6.392    0.3897
CO                  325.137m   -6.280    0.5041      Fe 2                4905.35A   -6.258    0.5298      Si 2                1309.28A   -7.172    0.0646
CO                  289.041m   -6.281    0.5029      Fe 2                4874.50A   -6.301    0.4801      Si 2                1265.00A   -6.970    0.1030
CO                  260.169m   -6.287    0.4959      Fe 2                4852.74A   -7.662    0.0209      Si 2                1264.74A   -7.388    0.0393
CO                  236.549m   -6.301    0.4805      Fe 2                4346.86A   -5.960    1.0520      Si 2                1197.39A   -7.400    0.0382
CO                  216.868m   -6.322    0.4581      Fe 2                4276.84A   -5.884    1.2538      Si 2                1194.50A   -7.622    0.0229
CO                  200.218m   -6.347    0.4324      Fe 2                4244.82A   -6.696    0.1934      Si 2                3862.60A   -8.580    0.0025
CO                  185.949m   -6.368    0.4113      Fe 2                4231.56A   -8.296    0.0049      Si 2                3856.02A   -8.552    0.0027
CO                  173.584m   -6.393    0.3888      Fe 2                4211.11A   -8.271    0.0051      Si 2                6371.37A   -8.497    0.0031
CO                  162.767m   -6.420    0.3656      Fe 2                3455.11A   -6.945    0.1091      Si 2                6347.11A   -8.419    0.0037
CO                  153.225m   -6.448    0.3423      Fe 2                3452.31A   -6.633    0.2235      Zn 2                2062.00A   -8.074    0.0081
CO                  144.745m   -6.478    0.3195      Fe 2                3440.99A   -6.519    0.2905      Zn 2                2025.48A   -7.840    0.0139
CO                  137.159m   -6.509    0.2974      Fe 2                2774.73A   -8.389    0.0039      Al 2                2669.15A   -5.628    2.2637
CO                  130.333m   -6.541    0.2766      Fe 2                2759.34A   -8.781    0.0016      Al 2                2660.35A   -5.454    3.3774
CO                  124.160m   -6.578    0.2539      Fe 2                2485.07A   -8.579    0.0025      Al 2                1670.79A   -6.123    0.7236
CO                  118.548m   -6.618    0.2315      Fe 2                2391.48A   -7.659    0.0210      Al 2                3900.67A   -8.863    0.0013
CO                  113.427m   -6.659    0.2108      Fe 2                2379.28A   -8.340    0.0044      Ca 2                7323.89A   -4.396   38.5803
CO                  108.733m   -6.702    0.1910      Fe 2                2362.02A   -7.126    0.0718      Ca 2                7291.47A   -4.229   56.7233
CO                  104.416m   -6.745    0.1729      Fe 2                35.7675m   -6.496    0.3068      Ca 2                3968.47A   -6.495    0.3075
CO                  100.433m   -6.790    0.1558      Fe 2                1.95361m   -5.614    2.3388      Ca 2                8662.14A   -5.125    7.1972
CO                  96.7462m   -6.837    0.1397      Fe 2                1.80002m   -5.668    2.0635      Ca 2                3933.66A   -6.467    0.3277
CO                  93.3237m   -6.886    0.1249      Fe 2                1.71113m   -6.237    0.5563      Ca 2                8498.02A   -5.818    1.4617
CO                  90.1384m   -6.937    0.1111      Fe 2                1.66377m   -5.856    1.3367      Ca 2                8542.09A   -4.871   12.9323
CO                  87.1666m   -6.989    0.0985      Fe 2                9399.04A   -5.754    1.6918      Ca 2                3706.02A   -7.491    0.0310
CO                  84.3877m   -7.043    0.0871      Fe 2                9226.63A   -5.700    1.9157      Ca 2                3736.90A   -7.195    0.0613
CO                  81.7835m   -7.098    0.0767      Fe 2                9033.49A   -6.776    0.1609      Ca 2                3158.87A   -7.513    0.0295
CO                  79.3383m   -7.155    0.0672      Fe 2                7388.17A   -6.147    0.6854      Ca 2                3181.27A   -8.219    0.0058
CO                  77.0375m   -7.214    0.0586      Fe 2                6440.41A   -7.099    0.0764      Ca 2                3179.33A   -7.264    0.0523
CO                  74.8697m   -7.274    0.0511      Fe 2                6229.28A   -8.249    0.0054      Ca 2                1.19497m   -8.927    0.0011
CO                  72.8231m   -7.337    0.0442      Fe 2                5654.87A   -7.561    0.0264      Ca 2                1.18390m   -8.628    0.0023
CO                  70.8878m   -7.400    0.0382      Fe 2                5556.31A   -6.801    0.1519      Ca 2                1838.01A   -8.451    0.0034
CO                  69.0557m   -7.463    0.0330      Fe 2                5412.67A   -7.329    0.0450      Ca 2                1840.03A   -8.295    0.0049
CO                  67.3181m   -7.528    0.0285      Fe 2                5333.66A   -5.674    2.0339      Ca 2                2112.76A   -8.923    0.0011
CO                  65.6684m   -7.594    0.0244      Fe 2                5296.84A   -6.957    0.1060      Cl 2                14.3639m   -6.305    0.4754
CO                  64.0998m   -7.660    0.0210      Fe 2                5268.89A   -6.677    0.2019      Cl 2                33.2721m   -7.386    0.0395
CO                  62.6072m   -7.727    0.0180      Fe 2                5107.96A   -7.613    0.0234      Cl 2                8578.70A   -5.994    0.9743
CO                  61.1843m   -7.794    0.0154      Fe 2                5049.30A   -6.080    0.7980      Cl 2                9123.60A   -6.579    0.2535
CO                  59.8271m   -7.861    0.0132      Fe 2                5005.52A   -6.135    0.7046      Cl 2                3677.85A   -7.916    0.0117
CO                  58.5311m   -7.929    0.0113      Fe 2                4973.40A   -6.402    0.3805      Cl 2                6161.84A   -7.870    0.0130
CO                  57.2920m   -7.998    0.0096      Fe 2                4950.76A   -6.748    0.1717      Mg 2                2802.71A   -4.154   67.4282
CO                  56.1066m   -8.068    0.0082      Fe 2                4352.79A   -6.200    0.6060      Mg 2                2795.53A   -3.857  133.4245
CO                  54.9712m   -8.139    0.0070      Fe 2                4319.62A   -6.466    0.3284      Mg 2                2936.52A   -7.084    0.0791
CO                  53.8829m   -8.210    0.0059      Fe 2                4305.90A   -7.269    0.0517      Mg 2                2928.64A   -7.386    0.0395
CO                  52.8388m   -8.282    0.0050      Fe 2                4084.33A   -8.594    0.0024      Mg 2                2797.93A   -7.825    0.0144
CO                  51.8365m   -8.354    0.0042      Fe 2                3504.51A   -7.247    0.0543      Mg 2                2790.77A   -7.122    0.0725
CO                  50.8731m   -8.427    0.0036      Fe 2                3504.02A   -7.104    0.0755      Mg 2                2798.00A   -6.869    0.1298
CO                  49.9472m   -8.499    0.0030      Fe 2                3501.63A   -6.668    0.2063      Mg 2                9244.22A   -8.941    0.0011
CO                  49.0559m   -8.574    0.0026      Fe 2                3489.99A   -7.348    0.0432      Mg 2                9218.22A   -8.646    0.0022
CO                  48.1977m   -8.649    0.0022      Fe 2                2385.01A   -7.951    0.0107      N  2                205.283m   -8.177    0.0064
CO                  47.3709m   -8.726    0.0018      Fe 2                2.06648m   -7.007    0.0945      N  2                121.769m   -8.395    0.0039
CO                  46.5738m   -8.803    0.0015      Fe 2                1.89541m   -6.404    0.3791      N  2                6548.05A   -7.548    0.0272
CO                  45.8046m   -8.882    0.0013      Fe 2                1.79711m   -5.890    1.2360      N  2                6583.45A   -7.079    0.0801
CO                  45.0623m   -8.963    0.0010      Fe 2                1.74494m   -6.179    0.6360      N  2                5754.59A   -8.927    0.0011
^13CO               1359.86m   -8.548    0.0027      Fe 2                9652.70A   -6.603    0.2396      N  2                2142.77A   -8.932    0.0011
^13CO               906.599m   -8.102    0.0076      Fe 2                9470.94A   -6.091    0.7795      Ni 2                1.19102m   -4.979   10.0904
^13CO               679.978m   -7.931    0.0113      Fe 2                9267.56A   -6.473    0.3236      Ni 2                6.63416m   -5.606    2.3804
^13CO               544.012m   -7.854    0.0134      Fe 2                7544.00A   -8.786    0.0016      Ni 2                1.07151m   -6.598    0.2421
^13CO               453.374m   -7.807    0.0150      Fe 2                6558.51A   -7.313    0.0467      Ni 2                10.6793m   -6.236    0.5584
^13CO               388.637m   -7.789    0.0156      Fe 2                5745.71A   -7.932    0.0112      Ni 2                1.27792m   -8.422    0.0036
^13CO               340.088m   -7.779    0.0160      Fe 2                5643.98A   -7.773    0.0162      Ni 2                1.16130m   -7.115    0.0737
^13CO               302.332m   -7.780    0.0160      Fe 2                5495.84A   -7.605    0.0238      Ni 2                12.7253m   -6.651    0.2143
^13CO               272.130m   -7.786    0.0157      Fe 2                5376.47A   -6.068    0.8206      Ni 2                9882.95A   -7.864    0.0131
^13CO               247.423m   -7.799    0.0153      Fe 2                5347.66A   -7.183    0.0630      Ni 2                1.09177m   -7.402    0.0381
^13CO               226.836m   -7.820    0.0145      Fe 2                5181.96A   -7.459    0.0334      Ni 2                18.2355m   -7.368    0.0411
^13CO               209.419m   -7.846    0.0137      Fe 2                5076.57A   -6.739    0.1753      Ni 2                9374.87A   -8.157    0.0067
^13CO               194.493m   -7.869    0.0130      Fe 2                5043.53A   -6.609    0.2365      Ni 2                7377.83A   -5.765    1.6486
^13CO               181.558m   -7.894    0.0123      Fe 2                5020.25A   -6.725    0.1809      Ni 2                8300.99A   -7.061    0.0834
^13CO               170.243m   -7.922    0.0115      Fe 2                4372.43A   -6.740    0.1746      Ni 2                1.93877m   -6.473    0.3233
^13CO               160.261m   -7.952    0.0107      Fe 2                4358.37A   -6.952    0.1073      Ni 2                2.36883m   -7.760    0.0167
^13CO               151.390m   -7.983    0.0100      Fe 2                4080.00A   -8.624    0.0023      Ni 2                2.91064m   -7.428    0.0358
^13CO               143.454m   -8.016    0.0093      Fe 2                3539.19A   -6.952    0.1073      Ni 2                6666.80A   -6.612    0.2345
^13CO               136.314m   -8.049    0.0086      Fe 2                3538.69A   -7.245    0.0546      Ni 2                7411.61A   -6.393    0.3882
^13CO               129.855m   -8.089    0.0078      Fe 2                3536.25A   -7.371    0.0409      Ni 2                1.76458m   -8.538    0.0028
^13CO               123.985m   -8.131    0.0071      Fe 2                3524.38A   -8.680    0.0020      Ni 2                2.04866m   -8.116    0.0074
^13CO               118.627m   -8.174    0.0064      Fe 2                22.8961m   -8.001    0.0096      Ni 2                2.30794m   -7.573    0.0257
^13CO               113.717m   -8.220    0.0058      Fe 2                1.81139m   -8.280    0.0050      Ni 2                6.91767m   -7.872    0.0129
^13CO               109.201m   -8.268    0.0052      Fe 2                7764.71A   -7.487    0.0313      Ni 2                4326.24A   -6.559    0.2650
^13CO               105.034m   -8.319    0.0046      Fe 2                7336.73A   -7.776    0.0161      Ni 2                4628.05A   -6.981    0.1003
^13CO               101.176m   -8.372    0.0041      Fe 2                7267.25A   -8.744    0.0017      Ni 2                6794.20A   -8.037    0.0088
^13CO               97.5955m   -8.429    0.0036      Fe 2                6809.24A   -7.754    0.0169      Ni 2                7255.82A   -6.914    0.1171
^13CO               94.2629m   -8.489    0.0031      Fe 2                6729.87A   -8.035    0.0089      Ni 2                7694.56A   -7.985    0.0100
^13CO               91.1537m   -8.552    0.0027      Fe 2                6671.93A   -8.598    0.0024      Ni 2                8033.54A   -8.149    0.0068
^13CO               88.2461m   -8.620    0.0023      Fe 2                5721.37A   -8.871    0.0013      Ni 2                1.04597m   -7.398    0.0384
^13CO               85.5213m   -8.692    0.0020      Fe 2                5163.96A   -7.782    0.0159      Ni 2                1.23230m   -7.425    0.0361
^13CO               82.9627m   -8.771    0.0016      Fe 2                4266.35A   -8.483    0.0032      Ni 2                4201.17A   -6.742    0.1741
^13CO               80.5556m   -8.856    0.0013      Fe 2                4249.08A   -8.754    0.0017      Ni 2                4485.21A   -7.194    0.0614
^13CO               78.2869m   -8.951    0.0011      Fe 2                4157.92A   -8.759    0.0017      Ni 2                7307.65A   -7.090    0.0781
OH+                 308.406m   -8.894    0.0012      Fe 2                3277.35A   -7.278    0.0506      Ni 2                7612.72A   -7.418    0.0367
C  1                1560.31A   -7.611    0.0235      Fe 2                3255.89A   -8.530    0.0028      Ni 2                1.13597m   -8.101    0.0076
C  1                1560.68A   -7.644    0.0218      Fe 2                2926.59A   -8.141    0.0069      Ni 2                4285.31A   -7.950    0.0108
C  1                1560.71A   -7.817    0.0146      Fe 2                2880.76A   -7.854    0.0135      Ni 2                6791.48A   -7.665    0.0208
C  1                1561.34A   -7.147    0.0685      Fe 2                2755.74A   -6.197    0.6096      Ni 2                7054.20A   -7.569    0.0259
C  1                1561.37A   -7.662    0.0209      Fe 2                2739.55A   -6.889    0.1240      Ni 2                9.61508m   -8.859    0.0013
C  1                1561.44A   -7.159    0.0666      Fe 2                2716.70A   -7.065    0.0827      Ni 2                4033.04A   -7.008    0.0943
C  1                1656.27A   -6.942    0.1098      Fe 2                34.6508m   -8.872    0.0013      Ni 2                4294.09A   -7.128    0.0715
C  1                1656.93A   -7.325    0.0454      Fe 2                1.00287m   -7.474    0.0322      Ni 2                6467.29A   -8.162    0.0066
C  1                1657.01A   -6.586    0.2493      Fe 2                8245.16A   -8.973    0.0010      Ni 2                6813.57A   -7.150    0.0680
C  1                1657.38A   -7.360    0.0419      Fe 2                8037.28A   -8.004    0.0095      Ni 2                7078.04A   -7.699    0.0192
C  1                1657.91A   -6.893    0.1230      Fe 2                7579.61A   -8.495    0.0031      Ni 2                1.02090m   -8.480    0.0032
C  1                1658.12A   -7.019    0.0920      Fe 2                7017.95A   -8.414    0.0037      Ni 2                3993.06A   -6.663    0.2088
C  1                1930.90A   -8.720    0.0018      Fe 2                6933.67A   -8.779    0.0016      Ni 2                4248.80A   -7.138    0.0699
C  1                1992.01A   -8.494    0.0031      Fe 2                6872.19A   -7.945    0.0109      Ni 2                6007.06A   -8.252    0.0054
C  1                1993.62A   -7.113    0.0741      Fe 2                6829.03A   -8.980    0.0010      Ni 2                6365.10A   -7.137    0.0701
C  1                2582.90A   -8.377    0.0040      Fe 2                5746.98A   -7.831    0.0142      Ni 2                6700.24A   -8.530    0.0028
C  1                8727.13A   -8.811    0.0015      Fe 2                5283.12A   -8.390    0.0039      Ni 2                6955.82A   -8.565    0.0026
C  1                9824.13A   -4.208   59.5600      Fe 2                5199.18A   -8.605    0.0024      Ni 2                8703.87A   -7.592    0.0246
C  1                9850.26A   -3.732  177.9368      Fe 2                4351.81A   -8.754    0.0017      Ni 2                9956.63A   -7.818    0.0146
C  1                370.269m   -4.111   74.4709      Fe 2                4347.36A   -8.123    0.0072      Ni 2                5.18504m   -8.597    0.0024
C  1                609.590m   -4.718   18.4000      Fe 2                4329.43A   -7.469    0.0326      Ni 2                3438.88A   -6.851    0.1352
C  2                1334.53A   -8.812    0.0015      Fe 2                2953.77A   -8.880    0.0013      Ni 2                3626.89A   -7.159    0.0666
C  2                1335.66A   -8.469    0.0033      Fe 2                2772.73A   -6.950    0.1077      Ni 2                3378.16A   -7.466    0.0329
C  2                1335.71A   -8.466    0.0033      Fe 2                2749.32A   -7.031    0.0894      Ni 2                3559.41A   -7.445    0.0345
C  2                2323.50A   -8.230    0.0057      Fe 2                9795.19A   -8.252    0.0054      level 1 lines..................................
C  2                2324.69A   -7.918    0.0116      Fe 2                8228.13A   -8.167    0.0065      recombination..................................
C  2                2325.40A   -7.435    0.0352      Fe 2                7613.14A   -8.575    0.0026      level2 lines...................................
C  2                2326.93A   -7.448    0.0343      Fe 2                7011.24A   -8.981    0.0010      C  1                1247.50A   -7.827    0.0143
C  2                2328.12A   -7.865    0.0131      Fe 2                6966.33A   -8.338    0.0044      C  1                1314.77A   -7.750    0.0171
C  2                157.636m   -5.490    3.1086      Fe 2                5477.25A   -8.336    0.0044      C  1                1233.29A   -8.347    0.0043
Ca 1                4226.73A   -7.115    0.0737      Fe 2                5278.38A   -8.804    0.0015      C  1                1250.68A   -8.500    0.0030
Ca 1                6439.08A   -8.063    0.0083      Fe 2                4402.59A   -8.589    0.0025      Mg 1                1817.31A   -8.675    0.0020
Ca 1                6462.57A   -8.316    0.0046      Fe 2                4384.21A   -8.521    0.0029      Mg 1                1739.09A   -8.884    0.0013
Ca 1                6493.78A   -8.533    0.0028      Fe 2                1.05081m   -8.732    0.0018      Mg 1                1699.05A   -8.905    0.0012
Cl 1                11.3303m   -7.344    0.0435      Fe 2                7710.80A   -8.886    0.0012      Mg 1                1675.74A   -8.916    0.0012
Co 2                9335.96A   -8.120    0.0073      Fe 2                7048.01A   -8.552    0.0027      Mg 1                1660.94A   -8.960    0.0011
Co 2                9639.13A   -8.558    0.0027      Fe 2                5901.28A   -8.782    0.0016      Si 1                1853.05A   -8.888    0.0012
Co 2                10.5199m   -6.954    0.1068      Fe 2                5527.62A   -8.894    0.0012      Si 2                1179.59A   -8.197    0.0061
Co 2                15.4548m   -7.840    0.0139      Fe 2                2.04602m   -7.418    0.0366      S  1                1356.05A   -8.353    0.0043
Co 2                2.98382m   -6.440    0.3484      Fe 2                1.41956m   -7.974    0.0102      S  1                1392.25A   -8.740    0.0017
Co 2                14.7345m   -7.483    0.0316      Fe 2                1.35904m   -8.779    0.0016      S  1                1418.10A   -8.937    0.0011
Co 2                18.7989m   -8.003    0.0095      Fe 2                1.23314m   -7.768    0.0164      Ca 2                1360.06A   -8.958    0.0011
Co 2                25.6819m   -8.691    0.0020      Fe 2                1.09108m   -7.690    0.0196      Fe 1                2484.25A   -8.611    0.0024
Co 2                1.01879m   -7.169    0.0651      Fe 2                1.07084m   -8.129    0.0071      Fe 1                2526.51A   -8.845    0.0014
Co 2                1.12804m   -8.140    0.0070      Fe 2                1.05625m   -8.579    0.0025      Sc 2                3627.22A   -7.306    0.0475
Co 2                1.54700m   -7.414    0.0370      Fe 2                1.01565m   -8.381    0.0040      Sc 2                3575.45A   -7.428    0.0359
Co 2                1.72847m   -8.410    0.0037      Fe 2                8119.18A   -8.858    0.0013      Sc 2                3368.13A   -7.992    0.0098
Co 2                1.90349m   -8.249    0.0054      Fe 2                5588.16A   -7.684    0.0199      Ti 2                3364.74A   -5.732    1.7820
Co 2                1.02452m   -7.976    0.0102      Fe 2                5586.91A   -8.546    0.0027      Ti 2                3237.15A   -5.971    1.0260
Co 2                1.09726m   -8.604    0.0024      Fe 2                5580.82A   -7.116    0.0736      Ti 2                1904.17A   -7.840    0.0139
Co 2                1.49674m   -8.840    0.0014      Fe 2                5551.32A   -6.833    0.1409      Ti 2                1907.36A   -7.582    0.0251
Co 2                1.62622m   -8.828    0.0014      Fe 2                3227.74A   -8.506    0.0030      V  2                2710.94A   -8.059    0.0084
Co 2                1.73616m   -8.534    0.0028      Fe 2                3196.07A   -8.068    0.0082      V  2                2684.22A   -7.823    0.0145
Co 2                1.02803m   -8.574    0.0026      Fe 2                2.13278m   -7.674    0.0204      V  2                2139.33A   -8.452    0.0034
Co 2                8580.39A   -8.629    0.0023      Fe 2                1.46079m   -8.520    0.0029      Cr 1                4269.56A   -8.519    0.0029
Co 2                9342.40A   -7.325    0.0455      Fe 2                1.39678m   -8.581    0.0025      Cr 1                3589.90A   -8.336    0.0044
Co 2                9943.48A   -7.672    0.0204      Fe 2                1.30943m   -8.601    0.0024      Cr 2                2059.78A   -6.331    0.4479
Co 2                7539.01A   -7.993    0.0098      Fe 2                1.24364m   -8.786    0.0016      Mn 2                1198.85A   -8.691    0.0020
Co 2                8121.00A   -7.706    0.0189      Fe 2                1.09413m   -7.887    0.0124      Co 2                2060.90A   -7.797    0.0153
Co 2                8571.41A   -8.313    0.0047      Fe 2                1.07890m   -7.984    0.0100      Co 2                2018.80A   -7.832    0.0142
Co 2                6.21176m   -8.954    0.0011      Fe 2                1.06830m   -8.741    0.0017      Co 2                1949.74A   -7.909    0.0118
Co 2                8027.34A   -8.172    0.0065      Fe 2                1.03658m   -8.753    0.0017      Co 2                1575.91A   -8.435    0.0035
Co 2                8467.14A   -8.585    0.0025      Fe 2                5650.95A   -7.663    0.0209      Co 2                1470.18A   -8.515    0.0029
Co 2                8333.76A   -8.353    0.0043      Fe 2                5649.67A   -7.637    0.0222      Ni 2                1751.83A   -7.366    0.0413
Cr 2                8000.08A   -6.165    0.6575      Fe 2                5643.44A   -8.774    0.0016      Ni 2                1744.24A   -7.173    0.0645
Cr 2                8125.30A   -6.239    0.5546      Fe 2                5613.27A   -7.049    0.0857      Ni 2                1484.97A   -8.506    0.0030
Cr 2                8229.67A   -6.333    0.4464      Fe 2                2.24366m   -8.012    0.0093      Ni 2                1472.74A   -8.192    0.0062
Cr 2                8308.49A   -6.520    0.2900      Fe 2                2.00672m   -7.357    0.0422      Ni 2                1400.37A   -8.503    0.0030
Cr 2                8357.64A   -6.818    0.1462      Fe 2                1.10657m   -8.231    0.0056      Ni 2                1375.73A   -8.163    0.0066
Fe 1                24.0358m   -6.599    0.2416      Fe 2                1.09542m   -8.335    0.0044      Ni 2                1324.11A   -8.265    0.0052
Fe 1                34.7038m   -7.187    0.0624      Fe 2                5725.92A   -7.934    0.0112      hyperfine structure............................
Fe 2                25.9813m   -4.530   28.3141      Fe 2                5718.22A   -7.384    0.0397      inner shell....................................
Fe 2                5.33871m   -4.008   94.3033      Fe 2                2.22379m   -6.767    0.1642      molecules......................................
Fe 2                4.11387m   -6.371    0.4092      Fe 2                2.01513m   -7.087    0.0786      bands..........................................
Fe 2                1.25668m   -5.280    5.0431      Fe 2                9682.08A   -7.598    0.0242      Fe 2b               2500.00A   -4.166   65.5917
Fe 2                1.19129m   -8.065    0.0083      Fe 2                9513.85A   -8.405    0.0038      Fe 2b               5000.00A   -4.221   57.7486
Fe 2                6309.53A   -8.910    0.0012      Fe 2                8715.81A   -8.231    0.0056      Fe 2b               7000.00A   -5.164    6.5903
Fe 2                4799.30A   -8.808    0.0015      Fe 2                6873.84A   -7.895    0.0122      Fe 2b               10000.0A   -3.844  137.6441
Fe 2                4704.22A   -8.033    0.0089      Fe 2                6700.65A   -8.866    0.0013      Fe 2b               2355.00A   -4.960   10.5265
Fe 2                4632.28A   -6.240    0.5531      Fe 2                6188.55A   -8.074    0.0081      Fe 2b               2430.00A   -4.173   64.4823
Fe 2                4604.48A   -8.023    0.0091      Fe 2                5870.02A   -8.327    0.0045      Fe 2b               2445.00A   -4.173   64.4821
Fe 2                4416.27A   -6.221    0.5773      Fe 2                5673.20A   -8.360    0.0042      Fe 2b               2495.00A   -4.735   17.6692
Fe 2                4382.74A   -7.191    0.0619      Fe 2                4898.61A   -8.097    0.0077      Fe 2b               2610.00A   -4.423   36.2814
Fe 2                4287.39A   -5.259    5.2953      Fe 2                2.25348m   -7.605    0.0239      Fe 2b               2695.00A   -7.065    0.0827
Fe 2                3931.44A   -8.853    0.0013      Fe 2                1.02005m   -8.813    0.0015      Fe 2b               2758.00A   -5.981    1.0045
Fe 2                3874.07A   -8.484    0.0032      Fe 2                1.00139m   -8.256    0.0053      Fe 2b               2780.00A   -5.941    1.1010
Fe 2                3175.38A   -7.070    0.0818      Fe 2                9133.66A   -8.979    0.0010      Fe 2b               2935.00A   -7.632    0.0224
Fe 2                2599.40A   -7.756    0.0168      Fe 2                8885.67A   -8.705    0.0019      Fe 2b               2960.00A   -8.029    0.0090
Fe 2                2585.88A   -8.792    0.0015      Fe 2                7131.14A   -8.870    0.0013      Fe 2b               3180.00A   -6.581    0.2522
Fe 2                2382.04A   -5.900    1.2083      Fe 2                6944.91A   -8.438    0.0035      Fe 2b               3250.00A   -5.880    1.2663
Fe 2                2343.50A   -8.591    0.0025      Fe 2                6473.88A   -8.475    0.0032      Fe 2b               3590.00A   -5.900    1.2094
Fe 2                35.3391m   -5.192    6.1713      Fe 2                6044.10A   -8.907    0.0012      Fe 2b               3910.00A   -7.949    0.0108
Fe 2                6.71944m   -5.148    6.8369      Fe 2                5835.45A   -8.575    0.0026      Fe 2b               4060.00A   -8.608    0.0024
Fe 2                4.88781m   -6.034    0.8882      Fe 2                5060.09A   -8.656    0.0021      Fe 2b               4255.00A   -4.654   21.2990
Fe 2                4.07521m   -6.855    0.1340      Fe 2                4576.40A   -8.909    0.0012      Fe 2b               4558.00A   -5.384    3.9640
Fe 2                1.32055m   -5.776    1.6080      Fe 2                1.34608m   -8.954    0.0011      Fe 2b               4600.00A   -5.355    4.2445
Fe 2                1.24854m   -6.810    0.1487      Fe 2                1.11648m   -8.771    0.0016      Fe 2b               4743.00A   -6.103    0.7571
Fe 2                1.20512m   -8.622    0.0023      Fe 2                5048.19A   -8.622    0.0023      Fe 2b               4855.00A   -5.524    2.8711
Fe 2                7637.52A   -6.080    0.7987      Fe 2                1.71482m   -8.206    0.0060      Fe 2b               4920.00A   -5.010    9.3878
Fe 2                7523.28A   -8.127    0.0072      Fe 2                9949.21A   -8.538    0.0028      Fe 2b               4975.00A   -5.540    2.7722
Fe 2                4889.62A   -6.104    0.7566      Fe 2                7975.22A   -8.721    0.0018      Fe 2b               4971.00A   -5.583    2.5115
Fe 2                4750.27A   -8.835    0.0014      Fe 2                1.47063m   -8.975    0.0010      Fe 2b               5070.00A   -5.461    3.3195
Fe 2                4716.37A   -7.117    0.0733      Fe 2                1.01273m   -8.652    0.0021      Fe 2b               5143.00A   -4.928   11.3376
Fe 2                4687.56A   -7.321    0.0459      Fe 2                6353.11A   -8.773    0.0016      Fe 2b               5270.00A   -4.643   21.8339
Fe 2                4492.64A   -7.091    0.0780      Fe 2                1.80228m   -8.873    0.0013      Fe 2b               5318.00A   -4.961   10.4959
Fe 2                4457.95A   -6.489    0.3116      Fe 2                1.00387m   -8.802    0.0015      Fe 2b               5540.00A   -6.109    0.7475
Fe 2                4432.45A   -7.283    0.0501      Fe 2                9469.41A   -8.686    0.0020      Fe 2b               5865.00A   -6.708    0.1880
Fe 2                4359.33A   -5.389    3.9195      Fe 2                9384.77A   -8.177    0.0064      Fe 2b               6265.00A   -7.521    0.0290
Fe 2                3224.54A   -8.166    0.0066      Fe 2                2.39329m   -8.227    0.0057      Fe 2b               6565.00A   -6.865    0.1312
Fe 2                3214.67A   -7.584    0.0250      Fe 2                4825.73A   -7.649    0.0216      Fe 2b               6910.00A   -6.804    0.1509
Fe 2                2625.67A   -4.545   27.3846      Fe 2                2.50030m   -8.564    0.0026      Fe 2b               7445.00A   -5.185    6.2740
Fe 2                2611.87A   -5.281    5.0344      Fe 2                4867.73A   -8.690    0.0020      Fe 2b               8625.00A   -4.853   13.4850
Fe 2                2598.37A   -6.512    0.2955      Fe 2                2.59860m   -8.947    0.0011      Fe 2b               1.03250m   -5.910    1.1809
Fe 2                2395.63A   -5.554    2.6801      Fe 2                4903.85A   -8.142    0.0069      Fe 2b               1.88900m   -4.559   26.5336
Fe 2                2388.63A   -6.607    0.2374      Fe 2                1.04657m   -8.980    0.0010      Fe 2b               2.20000m   -6.643    0.2185
Fe 2                2383.06A   -8.503    0.0030      Fe 2                3.58120m   -8.571    0.0026      miscellaneous..................................
Fe 2                2364.83A   -5.950    1.0777      Fe 2                3.15558m   -8.601    0.0024      Blnd                8446.00A   -8.711    0.0019
Fe 2                2332.80A   -7.037    0.0883      Fe 2                5171.63A   -7.950    0.0108      Blnd                1304.00A   -7.110    0.0746
Fe 2                2279.91A   -8.585    0.0025      Fe 2                5169.03A   -7.194    0.0614      Blnd                2798.00A   -3.680  200.8528
Fe 2                51.2868m   -5.710    1.8716      Fe 2                5018.44A   -8.919    0.0012      Blnd                6720.00A   -4.383   39.7379
Fe 2                5.67236m   -6.845    0.1371      Fe 2                6044.54A   -8.394    0.0039      Blnd                4074.00A   -5.708    1.8828
Fe 2                4.60641m   -6.655    0.2126      Fe 2                5316.61A   -8.882    0.0013      Blnd                1.03300m   -5.817    1.4650
Fe 2                4.08085m   -7.401    0.0381      Fe 3                22.9190m   -8.916    0.0012      Blnd                1256.00A   -7.746    0.0172
Fe 2                1.37181m   -6.020    0.9179      Fe 3                4985.87A   -8.778    0.0016      Blnd                5892.00A   -7.189    0.0622
Fe 2                1.29427m   -6.596    0.2437      K  1                7664.90A   -8.705    0.0019      Blnd                2665.00A   -5.231    5.6411
Fe 2                7806.23A   -7.853    0.0135      Mg 1                2025.82A   -8.112    0.0074      Blnd                2335.00A   -5.041    8.7469
Fe 2                7686.93A   -6.158    0.6680      Mg 1                2852.13A   -5.480    3.1778      Blnd                8579.00A   -4.648   21.5912
Fe 2                7552.40A   -8.637    0.0022      Mg 1                3832.30A   -8.553    0.0027      Blnd                7306.00A   -4.003   95.3037
Fe 2                4958.23A   -7.954    0.0107      Mg 1                3838.29A   -8.136    0.0070      Blnd                3933.00A   -6.180    0.6352
Fe 2                4750.57A   -7.951    0.0107      Mg 1                4562.60A   -5.287    4.9637      Blnd                1657.00A   -6.162    0.6614
Fe 2                4728.07A   -6.752    0.1700      Mg 1                4571.10A   -5.725    1.8088      Blnd                9850.00A   -3.607  237.4968
Fe 2                4514.90A   -7.115    0.0738      Mg 1                4575.29A   -6.653    0.2135      Blnd                2326.00A   -6.983    0.0999
Fe 2                4488.75A   -6.834    0.1408      Mg 1                5167.32A   -7.812    0.0148      Blnd                1335.00A   -8.078    0.0080
Fe 2                4470.30A   -8.037    0.0088      Mg 1                5172.68A   -7.337    0.0442      Blnd                3467.00A   -6.531    0.2828
Fe 2                4413.78A   -5.540    2.7671      Mg 1                5183.60A   -7.117    0.0734      Blnd                5199.00A   -4.286   49.7630
Fe 2                3254.24A   -7.644    0.0218      Mg 1                8806.76A   -7.395    0.0387      Blnd                1.04030m   -5.775    1.6132
Fe 2                3244.18A   -7.938    0.0111      Mg 1                1.18282m   -7.561    0.0264      Blnd                2141.00A   -8.783    0.0016
Fe 2                2631.32A   -5.507    2.9915      Mg 1                1.50250m   -8.377    0.0040      Blnd                6300.00A   -4.002   95.6320
Fe 2                2617.62A   -6.951    0.1075      Mg 1                1.50402m   -8.822    0.0014      Blnd                2471.00A   -8.670    0.0021
Fe 2                2607.09A   -6.840    0.1388      Mg 1                1.71087m   -8.081    0.0080      Blnd                7323.00A   -8.838    0.0014
Fe 2                2404.89A   -6.539    0.2776      Mn 2                2576.10A   -6.504    0.3006      Blnd                7332.00A   -8.920    0.0012
Fe 2                2399.24A   -7.361    0.0418      Mn 2                2593.72A   -6.598    0.2424      Blnd                3727.00A   -6.759    0.1675
Fe 2                2395.42A   -8.354    0.0042      Mn 2                2605.68A   -6.738    0.1756      Blnd                7325.00A   -8.576    0.0026
Fe 2                2380.76A   -5.361    4.1786      Mn 2                3438.97A   -8.227    0.0057



 IC443 NE diffuse shock -- v shock=50 km/s, T obs=10000K (deceleration grid)  
 Cooling:  H  1c                     0 :0.131 C  1c                     0 :0.054 Fe 2c                     0 :0.068 O  1c                     0 :0.405 Si 2c                     0 :0.232  
 Heating:  TotM                      0 :0.215 CT H                      0 :0.427 H- H                      0 :0.355  

 These are some of the most important databases used by Cloudy:
 Many recombination coefficients were taken from http://amdpp.phys.strath.ac.uk/tamoc/RR/ and http://amdpp.phys.strath.ac.uk/tamoc/DR/
      and are based on the following papers:
        Badnell N. R., et al., A&A 406, 1151 (2003) [http://adsabs.harvard.edu/abs/2003A%26A...406.1151B]
        Badnell N. R., ApJS 167, 334 (2006) [http://adsabs.harvard.edu/abs/2006ApJS..167..334B]
 Much of the molecular emission data is from LAMDA as accessed on June 30, 2015. This database is described in:
        Schoeier F.L., et al., A&A 432, 369 (2005) [http://adsabs.harvard.edu/abs/2005A%26A...432..369S]
      This database is in part based on the work of the following groups:
        JPL: Pickett H. M. et al., JQSRT, 60, 883 (1998). [http://adsabs.harvard.edu/abs/1998JQSRT..60..883P]
        CDMS: Mueller H. S. et al., A&A 370, L49 (2001). [http://adsabs.harvard.edu/abs/2001A%26A...370L..49M]
              Mueller H. S. et al., J. Mol. Struct. 742, 215 (2005). [http://adsabs.harvard.edu/abs/2005JMoSt.742..215M]
 Some of the ionic emission data is from version 10.0.1 of CHIANTI. CHIANTI is a collaborative project involving the NRL (USA), the
      Universities of Florence (Italy) and Cambridge (UK), and George Mason University (USA). These papers describe Chianti:
        Dere K. P., et al., A&AS, 125, 149 (1997) [http://adsabs.harvard.edu/abs/1997A%26AS..125..149D]
        Landi E., et al., ApJ, 744, 99 (2012) [http://adsabs.harvard.edu/abs/2012ApJ...744...99L]
 Much of the H_2 data is from this web site: http://molat.obspm.fr/index.php?page=pages/Molecules/H2/H2can94.php. These data are
      described in:
        Abgrall H. et al., Can. J. Phys., 72, 856 (1994) [http://adsabs.harvard.edu/abs/1994CaJPh..72..856A]
        Wrathmall S. A. & Flower D. R., J. Phys. B, 40, 3221 (2007) [http://adsabs.harvard.edu/abs/2007JPhB...40.3221W]
 The Case A and Case B recombination predictions for one-electron systems are from
	Storey, P.J. & Hummer, D.G., 1995, MNRAS 272, 41 http://adsabs.harvard.edu/abs/1995MNRAS.272...41S
 The He I recombination predictions are from
	Porter, R. L.; Ferland, G. J.; Storey, P. J.; Detisch, M. J., 2012, MNRAS, 425, 28p http://adsabs.harvard.edu/abs/2012MNRAS.425L..28P
		http://adsabs.harvard.edu/abs/2013MNRAS.433L..89P

 If you find some process or data set to be particularly critical to a result, please follow the trail of references back to the
 original source and cite that.  This will support and encourage atomic, molecular, and chemical physicists to continue their
 valuable work.

 IONIZE PARMET:  U(1-)-37.0000  U(4-):-37.0000  U(sp):-37.00  Q(ion):   -2.750  L(ion)-13.289    Q(low): 10.837    L(low) -2.539
 ENERGY BUDGET:  Heat:  -6.694  Coolg:  -2.192  Error:3170731.7%  Rec Lin:  -3.514  F-F  H  0.000    P(rad/tot)max     1.73E-04    R(F Con):1.737e+05

     Col(Heff):      5.277E+20  snd travl time  2.33E+12 sec  Te-low: 1.00E+04  Te-hi: 1.00E+04  G0TH85: 0.00E+00  G0DB96:0.00E+00
  Emiss Measure    n(e)n(p) dl       1.041E+17  n(e)n(He+)dl         8.911E+08  En(e)n(He++) dl         0.000E+00  ne nC+:1.25E+14
 He/Ha:2.67E-08  =   0.00*true  Lthin:6.35E+06  itr/zn: 1.46  H2 itr/zn:  0.00  File Opacity: F  MassTot 1.49e-03  (gm/cm^2)
   Temps(21 cm)   T(21cm/Ly a)  6.14E+03        T(<nH/Tkin>)  1.00E+04          T(<nH/Tspin>)    6.58E+03          TB21cm:1.53E+01
                   N(H0/Tspin)  9.58E+16        N(OH/Tkin)    8.59E+07          B(21cm)          0.00E+00
   <a>:4.65E-12  erdeFe0.0E+00  Tcompt0.00E+00  Tthr2.33E+11  <Tden>: 1.00E+04  <dens>:8.01E-22  <MolWgt>1.29E+00
     Mean Jeans  l(cm)1.94E+20  M(sun)1.55E+06  smallest:     len(cm):1.94E+20  M(sun):1.54E+06  a_ox tran:  0.00
 Rion:1.000E+30  Dist:0.00E+00  Diam:0.000E+00
 Hatom level 70  HatomType: add  HInducImp  F  He tot level: 63  He2 level:   70  ExecTime    61.5
 ConvrgError(%)  <eden>  0.156  MaxEden  0.806  <H-C> 100.00  Max(H-C)  100.00  <Press>   0.000  MaxPrs er  0.000
  Continuity(%)  chng Te   0.0  elec den   1.0  n(H2)    0.0  n(CO)        5.4

                                                        Averaged Quantities
             Te      Te(Ne)   Te(NeNp)  Te(NeHe+)Te(NeHe2+) Te(NeO+)  Te(NeO2+)  Te(H2)     N(H)     Ne(O2+)   Ne(Np)
 Radius:  1.00e+04  1.00e+04  1.00e+04  1.00e+04  0.00e+00  1.00e+04  1.00e+04  1.00e+04  3.38e+02  2.57e-01  2.56e-01
 
 Peimbert T(OIIIr)0.00E+00 T(Bac)0.00E+00 T(Hth)7.04E+03 t2(Hstrc) 3.31e-32 T(O3-BAC)5.60E+03 t2(O3-BC)-1.51e-01 t2(O3str) 1.32e-31

 Contin Optical Depths: COMP: 3.16e-07    H-: 1.68e-04 R(1300): 4.23e-03  H2+: 1.06e-06  Bra:3.17E-07
                          Pa: 3.20e-07    Ba: 1.53e-04      Hb: 1.19e-04   La: 1.04e+01     1r:4.004E+03  1.8:1.25E+03 4.:1.888E+02

 Old, new H  1 continuum optical depths:
     1 4.00e+03     2 8.63e-05     3 1.69e-04     4 1.69e-04     5 1.69e-04     6 4.38e-05     7 4.38e-05     8 4.38e-05
     9 4.38e-05    10 5.37e-18    11 5.37e-18    12 5.37e-18    13 5.37e-18    14 5.37e-18    15 7.71e-18    16 7.71e-18
    17 7.71e-18    18 7.71e-18    19 7.71e-18    20 7.71e-18    21 1.34e-17    22 1.34e-17    23 1.34e-17    24 1.34e-17
    25 1.34e-17    26 1.34e-17    27 1.34e-17    28 2.16e-17    29 2.16e-17    30 2.16e-17    31 2.16e-17    32 2.16e-17
    33 2.16e-17    34 2.16e-17    35 2.16e-17    36 3.31e-17    37 3.31e-17    38 3.31e-17    39 3.31e-17    40 3.31e-17
    41 3.31e-17    42 3.31e-17    43 3.31e-17    44 3.31e-17    45 4.83e-17    46 4.83e-17    47 4.83e-17    48 4.83e-17
    49 4.83e-17    50 4.83e-17    51 4.83e-17    52 4.83e-17    53 4.83e-17    54 4.83e-17
     1 4.00e+03     2 8.59e-05     3 1.69e-04     4 1.69e-04     5 1.69e-04     6 4.36e-05     7 4.36e-05     8 4.36e-05
     9 4.36e-05    10 5.33e-18    11 5.33e-18    12 5.33e-18    13 5.33e-18    14 5.33e-18    15 7.66e-18    16 7.66e-18
    17 7.66e-18    18 7.66e-18    19 7.66e-18    20 7.66e-18    21 1.33e-17    22 1.33e-17    23 1.33e-17    24 1.33e-17
    25 1.33e-17    26 1.33e-17    27 1.33e-17    28 2.15e-17    29 2.15e-17    30 2.15e-17    31 2.15e-17    32 2.15e-17
    33 2.15e-17    34 2.15e-17    35 2.15e-17    36 3.28e-17    37 3.28e-17    38 3.28e-17    39 3.28e-17    40 3.28e-17
    41 3.28e-17    42 3.28e-17    43 3.28e-17    44 3.28e-17    45 4.79e-17    46 4.79e-17    47 4.79e-17    48 4.79e-17
    49 4.79e-17    50 4.79e-17    51 4.79e-17    52 4.79e-17    53 4.79e-17    54 4.79e-17

 Old, new H  1 mean line optical depths:
  2- 1 6.59e+07  3- 2 2.03e-06  4- 3 2.61e-13  5- 4 1.39e-13  6- 5 3.32e-13  7- 6-9.28e-15  8- 7 1.17e-14
  9- 8 1.04e-13 10- 9 3.55e-13 11-10 1.52e-12 12-11 1.44e-14 13-12-5.97e-15 14-13-5.18e-14 15-14-1.42e-13 16-15-3.08e-13
 17-16-5.95e-13 18-17-1.08e-12 19-18-1.86e-12 20-19-3.13e-12 21-20-5.17e-12 22-21-8.63e-12 23-22-1.54e-11 24-23-3.54e-11
 25-24-1.00e-09
  2- 1 6.59e+07  3- 2 1.87e-06  4- 3 2.60e-13  5- 4 1.38e-13  6- 5 3.30e-13  7- 6-9.23e-15  8- 7 1.16e-14
  9- 8 1.04e-13 10- 9 3.53e-13 11-10 1.51e-12 12-11 1.45e-14 13-12-5.63e-15 14-13-5.11e-14 15-14-1.41e-13 16-15-3.05e-13
 17-16-5.90e-13 18-17-1.07e-12 19-18-1.85e-12 20-19-3.10e-12 21-20-5.13e-12 22-21-8.55e-12 23-22-1.53e-11 24-23-3.49e-11
 25-24-9.89e-10

 Old, new He 2 continuum optical depths:
     1 1.89e+02     2 3.98e+03     3 9.27e-05     4 9.27e-05     5 9.27e-05     6 8.63e-05     7 8.63e-05     8 8.63e-05
     9 8.63e-05    10 1.37e-04    11 1.37e-04    12 1.37e-04    13 1.37e-04    14 1.37e-04    15 1.69e-04    16 1.69e-04
    17 1.69e-04    18 1.69e-04    19 1.69e-04    20 1.69e-04    21 1.43e-04    22 1.43e-04    23 1.43e-04    24 1.43e-04
    25 1.43e-04    26 1.43e-04    27 1.43e-04    28 4.38e-05    29 4.38e-05    30 4.38e-05    31 4.38e-05    32 4.38e-05
    33 4.38e-05    34 4.38e-05    35 4.38e-05    36 3.48e-18    37 3.48e-18    38 3.48e-18    39 3.48e-18    40 3.48e-18
    41 3.48e-18    42 3.48e-18    43 3.48e-18    44 3.48e-18    45 5.37e-18    46 5.37e-18    47 5.37e-18    48 5.37e-18
    49 5.37e-18    50 5.37e-18    51 5.37e-18    52 5.37e-18    53 5.37e-18    54 5.37e-18
     1 1.89e+02     2 3.99e+03     3 9.30e-05     4 9.30e-05     5 9.30e-05     6 8.59e-05     7 8.59e-05     8 8.59e-05
     9 8.59e-05    10 1.37e-04    11 1.37e-04    12 1.37e-04    13 1.37e-04    14 1.37e-04    15 1.69e-04    16 1.69e-04
    17 1.69e-04    18 1.69e-04    19 1.69e-04    20 1.69e-04    21 1.42e-04    22 1.42e-04    23 1.42e-04    24 1.42e-04
    25 1.42e-04    26 1.42e-04    27 1.42e-04    28 4.36e-05    29 4.36e-05    30 4.36e-05    31 4.36e-05    32 4.36e-05
    33 4.36e-05    34 4.36e-05    35 4.36e-05    36 3.46e-18    37 3.46e-18    38 3.46e-18    39 3.46e-18    40 3.46e-18
    41 3.46e-18    42 3.46e-18    43 3.46e-18    44 3.46e-18    45 5.33e-18    46 5.33e-18    47 5.33e-18    48 5.33e-18
    49 5.33e-18    50 5.33e-18    51 5.33e-18    52 5.33e-18    53 5.33e-18    54 5.33e-18

 Old, new He 2 mean line optical depths:
  2- 1 0.00e+00  3- 2 0.00e+00  4- 3 0.00e+00  5- 4 0.00e+00  6- 5 0.00e+00  7- 6 0.00e+00  8- 7 0.00e+00
  9- 8 0.00e+00 10- 9 0.00e+00 11-10 0.00e+00 12-11 0.00e+00 13-12 0.00e+00 14-13 0.00e+00 15-14 0.00e+00 16-15 0.00e+00
 17-16 0.00e+00 18-17 0.00e+00 19-18 0.00e+00 20-19 0.00e+00 21-20 0.00e+00 22-21 0.00e+00 23-22 0.00e+00 24-23 0.00e+00
 25-24 0.00e+00
  2- 1 0.00e+00  3- 2 0.00e+00  4- 3 0.00e+00  5- 4 0.00e+00  6- 5 0.00e+00  7- 6 0.00e+00  8- 7 0.00e+00
  9- 8 0.00e+00 10- 9 0.00e+00 11-10 0.00e+00 12-11 0.00e+00 13-12 0.00e+00 14-13 0.00e+00 15-14 0.00e+00 16-15 0.00e+00
 17-16 0.00e+00 18-17 0.00e+00 19-18 0.00e+00 20-19 0.00e+00 21-20 0.00e+00 22-21 0.00e+00 23-22 0.00e+00 24-23 0.00e+00
 25-24 0.00e+00

 Old He Is optical depths:    1 1.25e+03    2 5.65e-05    3 7.16e-05    4 8.00e-05    5 8.00e-05
 New He Is optical depths:    1 1.25e+03    2 5.62e-05    3 7.13e-05    4 7.97e-05    5 7.97e-05
          Old He Is Lines:  584 4.19e+06 3889 9.76e-09 5016 1.66e-14 5876 5.65e-20
          New He Is Lines:  584 4.19e+06 3889 9.71e-09 5016 1.66e-14 5876 5.62e-20

==== H      compounds ====           Log10 column densities [cm^-2]
   H2        : 15.483   H2*       : 12.733   H2+       : 11.181   H3+       :  7.548
==== He     compounds ====
   HeH+      : 10.362
==== Li     compounds ====
   LiH       :  3.018   LiH+      :  0.853
==== C      compounds ====
   CH        : 11.969   CH+       :  9.777   CH2       :  7.488   CH2+      :  5.980   CH3       :  1.345   CH3+      :  1.271
   CH4       : -3.693   CH4+      : -5.458   CH5+      : -9.948   C2        : 11.116   C2+       :  9.824   C2H       :  6.181
   C2H+      :  5.890   C2H2      :  0.062   C2H2+     :  1.794   C2H3+     : -8.029   C3        :  1.078   C3+       :  3.752
   C3H       : -1.539   C3H+      :  0.301
==== N      compounds ====
   NH        : 13.673   NH+       : 12.983   NH2       :  9.512   NH2+      :  9.225   NH3       :  5.053   NH3+      :  4.781
   NH4+      : -1.577   CN        : 13.098   CN+       :  7.444   HCN       :  7.634   HCN+      :  6.585   HNC       :  5.705
   HCNH+     :  2.563   HC3N      : -3.618   N2        : 14.039   N2+       :  9.923   N2H+      :  2.957
==== O      compounds ====
   OH        : 11.934   OH+       : 12.113   H2O       :  6.465   H2O+      :  8.128   H3O+      :  3.870   CO        : 14.471
   CO+       :  7.360   HCO+      :  8.298   H2CO      :  3.313   NO        : 12.200   NO+       : 10.544   HNO       :  5.911
   HNO+      :  6.216   OCN       :  4.164   OCN+      :  7.867   N2O       :  7.015   O2        :  7.565   O2+       : 10.552
   NO2       :  5.280   NO2+      :  4.343
==== F      compounds ====
   HF        : 12.165   HF+       :  3.999   H2F+      :  0.417   CF+       :  8.765
==== Ne     compounds ====
   NeH+      :  8.687
==== Si     compounds ====
   SiH       :  4.849   SiH2+     :  3.683   SiN       :  2.564   SiN+      : 10.788   SiO       :  7.501   SiO+      :  9.268
   SiOH+     :  4.869
==== S      compounds ====
   HS        : 11.125   HS+       :  9.744   CS        :  9.541   CS+       :  8.701   HCS+      :  5.616   NS        : 10.352
   NS+       : 10.034   SO        :  9.854   SO+       :  9.001   OCS       :  3.205   OCS+      :  1.913   SO2       :-35.930
   SiS       : 10.957   S2        :  4.275   S2+       :  3.144
==== Cl     compounds ====
   HCl       :  7.200   HCl+      : 10.168   H2Cl+     :  6.414   CCl       :-12.845   CCl+      :  1.774   H2CCl+    :-15.593
   ClO       :-13.116   ClO+      :-17.646
==== Ar     compounds ====
   ArH+      :  8.802


               1      2      3      4      5      6      7      8      9     10     11     12     13     14     15     16     17

 Hydrogen   20.800 17.609 15.484 (H2)                Log10 Column density (cm^-2)
 Helium     19.800  9.540-30.000
 Lithium     9.618 12.108-30.000-30.000
 Beryllium   9.620 10.094  3.704-30.000-30.000
 Boron       9.375 11.588 -1.570-30.000-30.000-30.000
 Carbon     17.187 14.689  3.266-30.000-30.000-30.000-30.000
 Nitrogen   16.727 13.635 -0.796-30.000-30.000-30.000-30.000-30.000
 Oxygen     17.490 14.205 -5.660-30.000-30.000-30.000-30.000-30.000-30.000
 Fluorine   13.245  8.153 -7.267-30.000-30.000-30.000-30.000-30.000-30.000-30.000
 Neon       16.800 10.308-30.000-30.000-30.000-30.000-30.000-30.000-30.000-30.000-30.000
 Sodium     12.388 15.130 -6.072-30.000-30.000-30.000-30.000-30.000-30.000-30.000-30.000-30.000
 Magnesium  15.016 16.319 12.347-30.000-30.000-30.000-30.000-30.000-30.000-30.000-30.000-30.000-30.000
 Aluminium  12.034 15.270  8.580-30.000-30.000-30.000-30.000-30.000-30.000-30.000-30.000-30.000-30.000-30.000
 Silicon    13.903 16.339 11.355-30.000-30.000-30.000-30.000-30.000-30.000-30.000-30.000-30.000-30.000-30.000-30.000
 Phosphorus 11.412 14.305  5.322-30.000-30.000-30.000-30.000-30.000-30.000-30.000-30.000-30.000-30.000-30.000-30.000-30.000
 Sulphur    15.954 15.418  6.729-30.000-30.000-30.000-30.000-30.000-30.000-30.000-30.000-30.000-30.000-30.000-30.000-30.000-30.000
 Chlorine   12.057 14.077  5.291-30.000-30.000-30.000-30.000-30.000-30.000-30.000-30.000-30.000-30.000-30.000-30.000-30.000-30.000
-30.000
 Argon      15.200 10.920  0.589-30.000-30.000-30.000-30.000-30.000-30.000-30.000-30.000-30.000-30.000-30.000-30.000-30.000-30.000
-30.000-30.000
 Potassium  10.547 13.920  1.081-30.000-30.000-30.000-30.000-30.000-30.000-30.000-30.000-30.000-30.000-30.000-30.000-30.000-30.000
-30.000-30.000-30.000
 Calcium    12.675 15.155 13.108-30.000-30.000-30.000-30.000-30.000-30.000-30.000-30.000-30.000-30.000-30.000-30.000-30.000-30.000
-30.000-30.000-30.000-30.000
 Scandium    9.310 11.967  9.759-30.000-30.000-30.000-30.000-30.000-30.000-30.000-30.000-30.000-30.000-30.000-30.000-30.000-30.000
-30.000-30.000-30.000-30.000-30.000
 Titanium   10.317 13.821 10.527-30.000-30.000-30.000-30.000-30.000-30.000-30.000-30.000-30.000-30.000-30.000-30.000-30.000-30.000
-30.000-30.000-30.000-30.000-30.000-30.000
 Vanadium   10.840 12.795  8.474-30.000-30.000-30.000-30.000-30.000-30.000-30.000-30.000-30.000-30.000-30.000-30.000-30.000-30.000
-30.000-30.000-30.000-30.000-30.000-30.000-30.000
 Chromium   12.049 14.469 10.744-30.000-30.000-30.000-30.000-30.000-30.000-30.000-30.000-30.000-30.000-30.000-30.000-30.000-30.000
-30.000-30.000-30.000-30.000-30.000-30.000-30.000-30.000
 Manganese  10.778 14.259 10.275-30.000-30.000-30.000-30.000-30.000-30.000-30.000-30.000-30.000-30.000-30.000-30.000-30.000-30.000
-30.000-30.000-30.000-30.000-30.000-30.000-30.000-30.000-30.000
 Iron       12.725 16.250 11.976-30.000-30.000-30.000-30.000-30.000-30.000-30.000-30.000-30.000-30.000-30.000-30.000-30.000-30.000
-30.000-30.000-30.000-30.000-30.000-30.000-30.000-30.000-30.000-30.000
 Cobalt     12.137 13.709  7.381-30.000-30.000-30.000-30.000-30.000-30.000-30.000-30.000-30.000-30.000-30.000-30.000-30.000-30.000
-30.000-30.000-30.000-30.000-30.000-30.000-30.000-30.000-30.000-30.000-30.000
 Nickel     11.667 15.050  3.248-30.000-30.000-30.000-30.000-30.000-30.000-30.000-30.000-30.000-30.000-30.000-30.000-30.000-30.000
-30.000-30.000-30.000-30.000-30.000-30.000-30.000-30.000-30.000-30.000-30.000-30.000
 Copper     11.773 12.984  2.445-30.000-30.000-30.000-30.000-30.000-30.000-30.000-30.000-30.000-30.000-30.000-30.000-30.000-30.000
-30.000-30.000-30.000-30.000-30.000-30.000-30.000-30.000-30.000-30.000-30.000-30.000-30.000
 Zinc       12.360 13.358  6.805-30.000-30.000-30.000-30.000-30.000-30.000-30.000-30.000-30.000-30.000-30.000-30.000-30.000-30.000
-30.000-30.000-30.000-30.000-30.000-30.000-30.000-30.000-30.000-30.000-30.000-30.000-30.000-30.000
 Exc state                  He[2]  4.971                 C+[2] 14.050                  C[1] 16.354                  C[2] 16.871
                             C[3] 16.755                  O[1] 17.487                  O[2] 14.997                  O[3] 14.947
                           Si+[1] 16.336                C+2[2] -1.268                C+2[3]-10.159                C+2[4] -5.679


 Hydrogen   -0.000 -3.191 -5.015 (H2)                 Log10 Mean Ionisation (over radius)
 Helium      0.000-10.260
 Lithium    -2.492 -0.001
 Beryllium  -0.600 -0.126 -6.516
 Boron      -2.216 -0.003-13.160
 Carbon     -0.002 -2.501-13.923
 Nitrogen   -0.003 -3.095-17.526
 Oxygen     -0.001 -3.285-23.150
 Fluorine   -0.035 -5.127-20.547
 Neon       -0.000 -6.492
 Sodium     -2.743 -0.001-21.203
 Magnesium  -1.324 -0.021 -3.993
 Aluminium  -3.236 -0.000 -6.689
 Silicon    -2.438 -0.002 -4.985
 Phosphorus -2.893 -0.001 -8.983
 Sulphur    -0.111 -0.647 -9.336
 Chlorine   -2.024 -0.004 -8.790
 Argon      -0.000 -4.279-14.611
 Potassium  -3.374 -0.000-12.839
 Calcium    -2.485 -0.005 -2.052
 Scandium   -2.661 -0.004 -2.211
 Titanium   -3.504 -0.000 -3.294
 Vanadium   -1.960 -0.005 -4.326
 Chromium   -2.421 -0.002 -3.726
 Manganese  -3.481 -0.000 -3.985
 Iron       -3.525 -0.000 -4.274
 Cobalt     -1.583 -0.012 -6.339
 Nickel     -3.383 -0.000-11.802
 Copper     -1.237 -0.026-10.565
 Zinc       -1.040 -0.042 -6.594

               1      2      3      4      5      6      7      8      9     10     11     12     13     14     15     16     17

 Hydrogen   -0.000 -3.189 -5.014 (H2)         Log10 Mean Ionisation (over radius*electron density)
 Helium      0.000-10.257
 Lithium    -2.502 -0.001
 Beryllium  -0.616 -0.121 -6.510
 Boron      -2.257 -0.002-13.159
 Carbon     -0.002 -2.499-13.921
 Nitrogen   -0.003 -3.094-17.522
 Oxygen     -0.001 -3.283-23.148
 Fluorine   -0.033 -5.125-20.545
 Neon       -0.000 -6.493
 Sodium     -2.743 -0.001-21.202
 Magnesium  -1.327 -0.021 -3.992
 Aluminium  -3.241 -0.000 -6.689
 Silicon    -2.478 -0.001 -4.983
 Phosphorus -2.893 -0.001 -8.982
 Sulphur    -0.112 -0.645 -9.333
 Chlorine   -2.025 -0.004 -8.790
 Argon      -0.000 -4.279-14.608
 Potassium  -3.374 -0.000-12.839
 Calcium    -2.497 -0.005 -2.052
 Scandium   -2.669 -0.004 -2.211
 Titanium   -3.504 -0.000 -3.295
 Vanadium   -1.962 -0.005 -4.326
 Chromium   -2.440 -0.002 -3.725
 Manganese  -3.481 -0.000 -3.983
 Iron       -3.526 -0.000 -4.273
 Cobalt     -1.598 -0.011 -6.337
 Nickel     -3.384 -0.000-11.801
 Copper     -1.252 -0.025-10.563
 Zinc       -1.062 -0.039 -6.592

               1      2      3      4      5      6      7      8      9     10     11     12     13     14     15     16     17

 Hydrogen    4.000  4.000  4.000 (H2)                  Log10 Mean Temperature (over radius)
 Helium      4.000  4.000
 Lithium     4.000  4.000
 Beryllium   4.000  4.000  4.000
 Boron       4.000  4.000  4.000
 Carbon      4.000  4.000  4.000
 Nitrogen    4.000  4.000  4.000
 Oxygen      4.000  4.000  4.000
 Fluorine    4.000  4.000  4.000
 Neon        4.000  4.000
 Sodium      4.000  4.000  4.000
 Magnesium   4.000  4.000  4.000
 Aluminium   4.000  4.000  4.000
 Silicon     4.000  4.000  4.000
 Phosphorus  4.000  4.000  4.000
 Sulphur     4.000  4.000  4.000
 Chlorine    4.000  4.000  4.000
 Argon       4.000  4.000  4.000
 Potassium   4.000  4.000  4.000
 Calcium     4.000  4.000  4.000
 Scandium    4.000  4.000  4.000
 Titanium    4.000  4.000  4.000
 Vanadium    4.000  4.000  4.000
 Chromium    4.000  4.000  4.000
 Manganese   4.000  4.000  4.000
 Iron        4.000  4.000  4.000
 Cobalt      4.000  4.000  4.000
 Nickel      4.000  4.000  4.000
 Copper      4.000  4.000  4.000
 Zinc        4.000  4.000  4.000

               1      2      3      4      5      6      7      8      9     10     11     12     13     14     15     16     17

 Hydrogen    4.000  4.000  4.000 (H2)          Log10 Mean Temperature (over radius*electron density)
 Helium      4.000  4.000
 Lithium     4.000  4.000
 Beryllium   4.000  4.000  4.000
 Boron       4.000  4.000  4.000
 Carbon      4.000  4.000  4.000
 Nitrogen    4.000  4.000  4.000
 Oxygen      4.000  4.000  4.000
 Fluorine    4.000  4.000  4.000
 Neon        4.000  4.000
 Sodium      4.000  4.000  4.000
 Magnesium   4.000  4.000  4.000
 Aluminium   4.000  4.000  4.000
 Silicon     4.000  4.000  4.000
 Phosphorus  4.000  4.000  4.000
 Sulphur     4.000  4.000  4.000
 Chlorine    4.000  4.000  4.000
 Argon       4.000  4.000  4.000
 Potassium   4.000  4.000  4.000
 Calcium     4.000  4.000  4.000
 Scandium    4.000  4.000  4.000
 Titanium    4.000  4.000  4.000
 Vanadium    4.000  4.000  4.000
 Chromium    4.000  4.000  4.000
 Manganese   4.000  4.000  4.000
 Iron        4.000  4.000  4.000
 Cobalt      4.000  4.000  4.000
 Nickel      4.000  4.000  4.000
 Copper      4.000  4.000  4.000
 Zinc        4.000  4.000  4.000

               1      2      3      4      5      6      7      8      9     10     11     12     13     14     15     16     17
IC443 NE diffuse shock -- v shock=50 km/s, T obs=10000K (deceleration grid)  

---------------Convergence statistics---------------
      2.32 mean iterations/state convergence
         3 mean cx acceleration loops/iteration
      1.08 mean iso convergence loops/ion solve
      1.02 mean steps/chemistry solve
      1.01 mean step length searches/chemistry step
----------------------------------------------------

 Cloudy ends: 256 zones, 2 iterations. (single thread) ExecTime(s) 61.50
 [Stop in cdMain at maincl.cpp:593, Cloudy exited OK]
