                                                          Cloudy 23.01
                                                         www.nublado.org

                                                  PRNG seed: 0xe0549826ea0648eb

                       **************************************23Jul25**************************************
                       *                                                                                 *
                       * title IC443 grid point v shock=54 km/s                                          *
                       * hden 2.5965                                                                     *
                       * constant temperature, t=10000 K linear                                          *
                       * stop column density 20.86                                                       *
                       * iterate                                                                         *
                       * save results last "v54.rlt"                                                     *
                       *                                                                                 *
                       ***********************************************************************************



 NOTE Setcon: continuum has zero intensity starting at  3.0447e-09 Ryd.
  9244 cells in the incident continuum have zero intensity.  Problems???

 NOTE There is no hydrogen-ionizing radiation.
 Was this intended?

 NOTE There is no Balmer continuum radiation.<<<<
 Was this intended?

           9244CellPeak3.04E-09   Lo 3.04e-09=  29.98m   Hi-Con:7.13E+06 Ryd   E(hi):7.35E+06Ryd     E(hi):     100.00 MeV
           I(nu>1ryd):   0.0000   Average nu:0.000E+00   I( X-ray):   0.0000   I(BalC): -30.0000     Phi(BalmrC): -30.0000
           phi(1.0-1.8): 0.0000   phi(1.8-4.0):  0.000   phi(4.0-20):  0.000   phi(20--):  0.000     Ion pht flx:0.000E+00
           I(gam ray):   0.0000   phi(gam r):   0.0000   I(Infred):   0.0000   Alf(ox):   0.0000     Total inten: -35.9298
           U(1.0----):0.000E+00   U(4.0----):0.000E+00   T(En-Den):0.000E+00   T(Comp):0.000E+00     nuJnu(912A):0.000E+00
           Occ(FarIR):0.000E+00   Occ(H n=6):0.000E+00   Occ(1Ryd):0.000E+00   Occ(4R):0.000E+00     Occ (Nu-hi):0.000E+00
           Tbr(FarIR):0.000E+00   Tbr(H n=6):0.000E+00   Tbr(1Ryd):0.000E+00   Tbr(4R):0.000E+00     Tbr (Nu-hi):0.000E+00
  
                                                  Gas Phase Chemical Composition
        H :  0.0000  He: -1.0000  Li: -8.6904  Be:-10.5800  B : -9.2097  C : -3.6108  N : -4.0701  O : -3.3098  F : -7.5200
        Ne: -4.0000  Na: -5.6696  Mg: -4.4597  Al: -5.5302  Si: -4.4597  P : -6.4949  S : -4.7352  Cl: -6.7190  Ar: -5.6003
        K : -6.8794  Ca: -5.6402  Sc: -8.8297  Ti: -6.9788  V : -8.0000  Cr: -6.3298  Mn: -6.5406  Fe: -4.5498  Co: -7.0799
                                               Ni: -5.7496  Cu: -7.7905  Zn: -7.4001
 
 ####  1  Te:1.000E+04 Hden:3.949E+02 Ne:2.210E-01 R:1.000E+30 R-R0:2.994E+11 dR:5.988E+11 NTR:  1 Htot:6.979E-26 T912: 1.50e-03###
 Hydrogen      1.00e+00 4.71e-04 H+o/Hden 1.00e+00 4.93e-09 H-    H2 3.88e-06 1.57e-10 H2+ HeH+ 2.38e-11 Ho+ ColD 2.36e+14 1.11e+11
 Helium        1.00e+00 2.44e-12 0.00e+00 HeI 2s3S 1.37e-15 Comp H,C 0.00e+00 0.00e+00 Fill Fac 1.00e+00 Gam1/tot 5.03e-09
 He singlet n  1.00e+00 6.94e-22 4.15e-30 3.18e-29 4.56e-31 4.00e-30 He tripl 1.37e-15 8.18e-28 5.26e-29 5.07e-29 2.25e-30
 Pressure      NgasTgas 4.35e+06 P(total) 6.01e-10 P( gas ) 6.01e-10 P(Radtn) 0.00e+00 Rad accl 0.00e+00 ForceMul 0.00e+00
 Texc(La)      2.30e+03 T(I con) 0.00e+00 T(D con) 4.99e-02 T(U tot) 4.99e-02 nT (c+d) 1.21e+04 Prad/Gas 0.00e+00 Pmag/Gas 0.00e+00
 Molecules     CH/Ctot: 2.42e-06 CH+/Ctot 2.14e-08 CO/Ctot: 4.98e-01 CO+/Ctot 2.46e-08 H2O/Otot 4.90e-12 OH/Ototl 1.69e-06
 Lithium       7.81e-03 9.92e-01 0.00e+00 0.00e+00 Berylliu 9.52e-01 4.84e-02 1.58e-08 0.00e+00 0.00e+00 sec ion: 0.00e+00
 Boron         5.00e-01 5.00e-01 2.74e-14 0.00e+00 0.00e+00 0.00e+00
 Carbon        4.97e-01 5.05e-03 1.42e-14 0.00e+00 0.00e+00 0.00e+00 0.00e+00 H2O+/O   4.25e-10 OH+/Otot 3.81e-06 Hex(tot) 0.00e+00
 Nitrogen      9.74e-01 5.29e-04 8.77e-20 0.00e+00 0.00e+00 0.00e+00 0.00e+00 0.00e+00 O2/Ototl 7.74e-11 O2+/Otot 1.06e-07
 Oxygen        7.51e-01 2.85e-04 3.06e-24 0.00e+00 0.00e+00 0.00e+00 0.00e+00 0.00e+00 0.00e+00
 Fluorine      8.06e-01 6.51e-06 2.08e-21 0.00e+00 0.00e+00 0.00e+00 0.00e+00 0.00e+00 0.00e+00 0.00e+00
 Neon          1.00e+00 3.47e-07 0.00e+00 0.00e+00 0.00e+00 0.00e+00 0.00e+00 0.00e+00 0.00e+00 0.00e+00 0.00e+00
 Sodium        1.72e-03 9.98e-01 5.08e-22 0.00e+00 0.00e+00 0.00e+00 0.00e+00 0.00e+00 0.00e+00 0.00e+00 0.00e+00 0.00e+00
 Magnesium     6.10e-02 9.39e-01 7.35e-05 0.00e+00 0.00e+00 0.00e+00 0.00e+00 0.00e+00 0.00e+00 0.00e+00 0.00e+00 0.00e+00 0.00e+00
 Aluminium  0  9.41e-04 9.99e-01 1.79e-07 0.00e+00 0.00e+00 0.00e+00 0.00e+00 0.00e+00 0.00e+00 0.00e+00 0.00e+00 0.00e+00 0.00e+00
 Silicon    0  1.14e-01 4.02e-01 3.05e-06 0.00e+00 0.00e+00 0.00e+00 0.00e+00 0.00e+00 0.00e+00 0.00e+00 0.00e+00 0.00e+00 0.00e+00
 Phosphorus 0  1.29e-03 9.99e-01 8.21e-10 0.00e+00 0.00e+00 0.00e+00 0.00e+00 0.00e+00 0.00e+00 0.00e+00 0.00e+00 0.00e+00 0.00e+00
 Sulphur    0  7.66e-02 1.06e-02 1.59e-12 0.00e+00 0.00e+00 0.00e+00 0.00e+00 0.00e+00 0.00e+00 0.00e+00 0.00e+00 0.00e+00 0.00e+00
 Chlorine   0  1.02e-02 9.90e-01 1.39e-09 0.00e+00 0.00e+00 0.00e+00 0.00e+00 0.00e+00 0.00e+00 0.00e+00 0.00e+00 0.00e+00 0.00e+00
 Argon      0  1.00e+00 3.17e-05 6.59e-17 0.00e+00 0.00e+00 0.00e+00 0.00e+00 0.00e+00 0.00e+00 0.00e+00 0.00e+00 0.00e+00 0.00e+00
 Potassium  0  4.15e-04 1.00e+00 1.20e-13 0.00e+00 0.00e+00 0.00e+00 0.00e+00 0.00e+00 0.00e+00 0.00e+00 0.00e+00 0.00e+00 0.00e+00
 Calcium    0  8.94e-03 9.82e-01 9.26e-03 0.00e+00 0.00e+00 0.00e+00 0.00e+00 0.00e+00 0.00e+00 0.00e+00 0.00e+00 0.00e+00 0.00e+00
 Scandium   0  4.49e-03 9.89e-01 6.50e-03 0.00e+00 0.00e+00 0.00e+00 0.00e+00 0.00e+00 0.00e+00 0.00e+00 0.00e+00 0.00e+00 0.00e+00
 Titanium   0  3.20e-04 9.99e-01 5.39e-04 0.00e+00 0.00e+00 0.00e+00 0.00e+00 0.00e+00 0.00e+00 0.00e+00 0.00e+00 0.00e+00 0.00e+00
 Vanadium   0  1.17e-02 9.88e-01 4.03e-05 0.00e+00 0.00e+00 0.00e+00 0.00e+00 0.00e+00 0.00e+00 0.00e+00 0.00e+00 0.00e+00 0.00e+00
 Chromium   0  1.90e-02 9.81e-01 1.35e-04 0.00e+00 0.00e+00 0.00e+00 0.00e+00 0.00e+00 0.00e+00 0.00e+00 0.00e+00 0.00e+00 0.00e+00
 Manganese  0  3.36e-04 1.00e+00 7.57e-05 0.00e+00 0.00e+00 0.00e+00 0.00e+00 0.00e+00 0.00e+00 0.00e+00 0.00e+00 0.00e+00 0.00e+00
 Iron       0  3.11e-04 1.00e+00 3.89e-05 0.00e+00 0.00e+00 0.00e+00 0.00e+00 0.00e+00 0.00e+00 0.00e+00 0.00e+00 0.00e+00 0.00e+00
 Cobalt     0  1.01e-01 8.99e-01 3.09e-07 0.00e+00 0.00e+00 0.00e+00 0.00e+00 0.00e+00 0.00e+00 0.00e+00 0.00e+00 0.00e+00 0.00e+00
 Nickel     0  4.28e-04 1.00e+00 1.24e-12 0.00e+00 0.00e+00 0.00e+00 0.00e+00 0.00e+00 0.00e+00 0.00e+00 0.00e+00 0.00e+00 0.00e+00
 Copper     0  2.11e-01 7.89e-01 1.78e-11 0.00e+00 0.00e+00 0.00e+00 0.00e+00 0.00e+00 0.00e+00 0.00e+00 0.00e+00 0.00e+00 0.00e+00
 Zinc       0  5.99e-01 4.01e-01 9.15e-08 0.00e+00 0.00e+00 0.00e+00 0.00e+00 0.00e+00 0.00e+00 0.00e+00 0.00e+00 0.00e+00 0.00e+00
 ####256  Te:1.000E+04 Hden:3.949E+02 Ne:3.355E-01 R:1.000E+30 R-R0:1.832E+18 dR:5.798E+15 NTR:  1 Htot:2.721E-25 T912: 4.60e+03###
 Hydrogen      9.99e-01 7.37e-04 H+o/Hden 1.00e+00 8.01e-09 H-    H2 4.66e-06 2.67e-10 H2+ HeH+ 4.06e-11 Ho+ ColD 7.24e+20 4.73e+17
 Helium        1.00e+00 6.38e-11 0.00e+00 HeI 2s3S 1.91e-15 Comp H,C 1.61e-33 5.80e-33 Fill Fac 1.00e+00 Gam1/tot 1.40e-04
 He singlet n  1.00e+00 1.09e-21 2.78e-27 4.55e-29 2.62e-29 5.66e-30 He tripl 1.91e-15 1.15e-27 7.36e-29 7.11e-29 3.23e-30
 Pressure      NgasTgas 4.35e+06 P(total) 6.01e-10 P( gas ) 6.01e-10 P(Radtn) 2.29e-13 Rad accl 1.15e-11 ForceMul 3.74e+05
 Texc(La)      3.33e+03 T(I con) 0.00e+00 T(D con) 2.03e+00 T(U tot) 2.03e+00 nT (c+d) 4.91e+05 Prad/Gas 3.81e-04 Pmag/Gas 0.00e+00
 Molecules     CH/Ctot: 5.83e-06 CH+/Ctot 3.48e-08 CO/Ctot: 5.49e-05 CO+/Ctot 2.35e-11 H2O/Otot 8.65e-12 OH/Ototl 2.70e-06
 Lithium       1.52e-03 9.98e-01 0.00e+00 0.00e+00 Berylliu 9.35e-02 9.06e-01 3.98e-07 0.00e+00 0.00e+00 sec ion: 0.00e+00
 Boron         7.35e-04 9.99e-01 7.67e-14 0.00e+00 0.00e+00 0.00e+00
 Carbon        9.96e-01 3.53e-03 1.47e-14 0.00e+00 0.00e+00 0.00e+00 0.00e+00 H2O+/O   3.18e-10 OH+/Otot 3.59e-06 Hex(tot) 0.00e+00
 Nitrogen      9.97e-01 9.22e-04 3.93e-18 0.00e+00 0.00e+00 0.00e+00 0.00e+00 0.00e+00 O2/Ototl 1.02e-10 O2+/Otot 8.73e-08
 Oxygen        9.99e-01 5.94e-04 8.91e-24 0.00e+00 0.00e+00 0.00e+00 0.00e+00 0.00e+00 0.00e+00
 Fluorine      9.79e-01 8.69e-06 3.53e-21 0.00e+00 0.00e+00 0.00e+00 0.00e+00 0.00e+00 0.00e+00 0.00e+00
 Neon          1.00e+00 3.07e-07 0.00e+00 0.00e+00 0.00e+00 0.00e+00 0.00e+00 0.00e+00 0.00e+00 0.00e+00 0.00e+00
 Sodium        1.85e-03 9.98e-01 6.84e-22 0.00e+00 0.00e+00 0.00e+00 0.00e+00 0.00e+00 0.00e+00 0.00e+00 0.00e+00 0.00e+00
 Magnesium     3.75e-02 9.62e-01 1.17e-04 0.00e+00 0.00e+00 0.00e+00 0.00e+00 0.00e+00 0.00e+00 0.00e+00 0.00e+00 0.00e+00 0.00e+00
 Aluminium  0  3.57e-04 1.00e+00 2.15e-07 0.00e+00 0.00e+00 0.00e+00 0.00e+00 0.00e+00 0.00e+00 0.00e+00 0.00e+00 0.00e+00 0.00e+00
 Silicon    0  4.33e-04 1.00e+00 1.19e-05 0.00e+00 0.00e+00 0.00e+00 0.00e+00 0.00e+00 0.00e+00 0.00e+00 0.00e+00 0.00e+00 0.00e+00
 Phosphorus 0  1.28e-03 9.99e-01 1.15e-09 0.00e+00 0.00e+00 0.00e+00 0.00e+00 0.00e+00 0.00e+00 0.00e+00 0.00e+00 0.00e+00 0.00e+00
 Sulphur    0  7.04e-01 2.96e-01 6.75e-10 0.00e+00 0.00e+00 0.00e+00 0.00e+00 0.00e+00 0.00e+00 0.00e+00 0.00e+00 0.00e+00 0.00e+00
 Chlorine   0  8.28e-03 9.92e-01 1.72e-09 0.00e+00 0.00e+00 0.00e+00 0.00e+00 0.00e+00 0.00e+00 0.00e+00 0.00e+00 0.00e+00 0.00e+00
 Argon      0  1.00e+00 5.87e-05 3.16e-15 0.00e+00 0.00e+00 0.00e+00 0.00e+00 0.00e+00 0.00e+00 0.00e+00 0.00e+00 0.00e+00 0.00e+00
 Potassium  0  4.12e-04 1.00e+00 1.56e-13 0.00e+00 0.00e+00 0.00e+00 0.00e+00 0.00e+00 0.00e+00 0.00e+00 0.00e+00 0.00e+00 0.00e+00
 Calcium    0  1.42e-03 9.90e-01 8.72e-03 0.00e+00 0.00e+00 0.00e+00 0.00e+00 0.00e+00 0.00e+00 0.00e+00 0.00e+00 0.00e+00 0.00e+00
 Scandium   0  1.16e-03 9.93e-01 6.07e-03 0.00e+00 0.00e+00 0.00e+00 0.00e+00 0.00e+00 0.00e+00 0.00e+00 0.00e+00 0.00e+00 0.00e+00
 Titanium   0  3.09e-04 9.99e-01 4.98e-04 0.00e+00 0.00e+00 0.00e+00 0.00e+00 0.00e+00 0.00e+00 0.00e+00 0.00e+00 0.00e+00 0.00e+00
 Vanadium   0  9.64e-03 9.90e-01 5.03e-05 0.00e+00 0.00e+00 0.00e+00 0.00e+00 0.00e+00 0.00e+00 0.00e+00 0.00e+00 0.00e+00 0.00e+00
 Chromium   0  1.24e-03 9.99e-01 2.16e-04 0.00e+00 0.00e+00 0.00e+00 0.00e+00 0.00e+00 0.00e+00 0.00e+00 0.00e+00 0.00e+00 0.00e+00
 Manganese  0  3.27e-04 1.00e+00 1.18e-04 0.00e+00 0.00e+00 0.00e+00 0.00e+00 0.00e+00 0.00e+00 0.00e+00 0.00e+00 0.00e+00 0.00e+00
 Iron       0  2.85e-04 1.00e+00 6.09e-05 0.00e+00 0.00e+00 0.00e+00 0.00e+00 0.00e+00 0.00e+00 0.00e+00 0.00e+00 0.00e+00 0.00e+00
 Cobalt     0  9.71e-03 9.90e-01 5.33e-07 0.00e+00 0.00e+00 0.00e+00 0.00e+00 0.00e+00 0.00e+00 0.00e+00 0.00e+00 0.00e+00 0.00e+00
 Nickel     0  4.00e-04 1.00e+00 1.74e-12 0.00e+00 0.00e+00 0.00e+00 0.00e+00 0.00e+00 0.00e+00 0.00e+00 0.00e+00 0.00e+00 0.00e+00
 Copper     0  2.21e-02 9.78e-01 3.12e-11 0.00e+00 0.00e+00 0.00e+00 0.00e+00 0.00e+00 0.00e+00 0.00e+00 0.00e+00 0.00e+00 0.00e+00
 Zinc       0  2.58e-02 9.74e-01 2.95e-07 0.00e+00 0.00e+00 0.00e+00 0.00e+00 0.00e+00 0.00e+00 0.00e+00 0.00e+00 0.00e+00 0.00e+00
   IC443 grid point v shock=54 km/s  
   Calculation stopped because H column dens reached. Iteration 1 of 2
   The geometry is plane-parallel.
  !Ionization rate fell below background cosmic ray ionization rate.  Should this be added too?
  !   Use the COSMIC RAY BACKGROUND command.
  !Compton cooling rate underflows to zero.  Is this important?
  !Some input lines contained underscores, these were changed to spaces.
  !There is no hydrogen-ionizing radiation.  Was this intended?
  !Thermal collisional ionization of H reached 83.33% of the local ionization rate.
  !Charge transfer H => H+ reached 87106.2% of the local H ionization rate.
  !Charge transfer heating reached 102.97% of the local heating.
  !Continuum zero at some energies.
  !AGE: Cloud age was not set.  Longest timescale was 1.88e+13 s = 5.95e+05 years.
  !Heating - cooling mismatch =200.0%. Caused by constant temperature assumption. 
  !Mutual neutralization production of H-alpha was significant.
  !Incident radiation field energy density is less than 2.7K.  Add background with CMB command.
  !The CMB was not included.  This is added with the CMB command.
  !The intensity of the incident radiation field is less than 10 times the Habing diffuse ISM field.  Is this OK?
  !   Consider adding diffuse ISM emission with TABLE ISM command.
  !An ionization jump occurred elem S  1, by 174% from 7.66e-02 (zone 1) to 4.06e-01 (zone 2) to 7.07e-01 (zone 3)
   The density is too low to l-mix the lowest H  I collapsed level.  More resolved levels are needed for accurate line ratios.
   The density is too low to l-mix the lowest He I collapsed level.  More resolved levels are needed for accurate line ratios.
   Grains were not present but might survive in this environment (energy density temperature was 0.00e+00K)
   The local H2 cooling rate reached 2.9% of the local cooling.
   H- absorption heating was 44.4% of the total.
   The fraction of N in N2 reached 0.100% at some point in the cloud.
   The fraction of F in HF reached 2.13% at some point in the cloud.

                       *********************************> Cloudy 23.01 <**********************************
                       * title IC443 grid point v shock=54 km/s                                          *
                       * hden 2.5965                                                                     *
                       * constant temperature, t=10000 K linear                                          *
                       * stop column density 20.86                                                       *
                       * iterate                                                                         *
                       * save results last "v54.rlt"                                                     *
                       *********************************> Log(U):-37.00 <*********************************

                     Emission Line Spectrum.   Constant  Density Model.    Open geometry.  Iteration 1 of 2.
                                                     Intensity (erg/s/cm^2).


                                                   Intrinsic line intensities
general properties.............................      Co 2                14.7345m   -7.351    0.0316      Fe 2                5048.19A   -8.491    0.0023
TotH                      0    -6.500    0.2241      Co 2                18.7989m   -7.871    0.0095      Fe 2                1.71482m   -8.074    0.0060
TotC                      0    -2.066 6095.5352      Co 2                25.6819m   -8.559    0.0020      Fe 2                9949.21A   -8.406    0.0028
TotM                      0    -7.207    0.0441      Co 2                1.01879m   -7.036    0.0653      Fe 2                7975.22A   -8.589    0.0018
CT H                      0    -6.949    0.0798      Co 2                1.12804m   -8.007    0.0070      Fe 2                1.47063m   -8.844    0.0010
H FB                      0    -7.189    0.0459      Co 2                1.54700m   -7.281    0.0371      Fe 2                1.01273m   -8.519    0.0021
HFBc                      0    -7.189    0.0459      Co 2                1.72847m   -8.277    0.0037      Fe 2                6353.11A   -8.641    0.0016
H  1c                     0    -2.945  805.4548      Co 2                1.90349m   -8.117    0.0054      Fe 2                1.80228m   -8.742    0.0013
NOc                       0    -8.439    0.0026      Co 2                1.02452m   -7.844    0.0102      Fe 2                1.00387m   -8.671    0.0015
CNc                       0    -7.367    0.0305      Co 2                1.09726m   -8.471    0.0024      Fe 2                9469.41A   -8.555    0.0020
OHc                       0    -8.172    0.0048      Co 2                1.49674m   -8.708    0.0014      Fe 2                9384.77A   -8.045    0.0064
HFc                       0    -8.129    0.0053      Co 2                1.62622m   -8.696    0.0014      Fe 2                2.39329m   -8.095    0.0057
COc                       0    -4.941    8.1322      Co 2                1.73616m   -8.402    0.0028      Fe 2                4825.73A   -7.511    0.0219
^13COc                    0    -6.461    0.2452      Co 2                1.02803m   -8.441    0.0026      Fe 2                2.50030m   -8.432    0.0026
OH+c                      0    -8.108    0.0055      Co 2                8580.39A   -8.497    0.0023      Fe 2                4867.73A   -8.552    0.0020
CHc                       0    -8.334    0.0033      Co 2                9342.40A   -7.193    0.0455      Fe 2                2.59860m   -8.815    0.0011
CHc                       0    -7.924    0.0085      Co 2                9943.48A   -7.540    0.0205      Fe 2                4903.85A   -8.004    0.0070
Al 1c                     0    -8.676    0.0015      Co 2                7539.01A   -7.861    0.0098      Fe 2                1.04657m   -8.848    0.0010
C  1c                     0    -3.346  319.8216      Co 2                8121.00A   -7.573    0.0189      Fe 2                3.58120m   -8.440    0.0026
C  2c                     0    -5.371    3.0191      Co 2                8571.41A   -8.180    0.0047      Fe 2                3.15558m   -8.470    0.0024
Ca 1c                     0    -6.913    0.0867      Co 2                6.21176m   -8.822    0.0011      Fe 2                5171.63A   -7.812    0.0109
Cl 1c                     0    -7.241    0.0408      Co 2                8027.34A   -8.039    0.0065      Fe 2                5169.03A   -7.059    0.0619
Co 2c                     0    -5.958    0.7808      Co 2                8467.14A   -8.452    0.0025      Fe 2                5018.44A   -8.779    0.0012
Cr 2c                     0    -5.530    2.0951      Co 2                8333.76A   -8.221    0.0043      Fe 2                6044.54A   -8.256    0.0039
Fe 1c                     0    -6.370    0.3022      Cr 2                8000.08A   -6.033    0.6576      Fe 2                5316.61A   -8.746    0.0013
Fe 2c                     0    -3.226  421.6400      Cr 2                8125.30A   -6.107    0.5547      Fe 3                22.9190m   -8.778    0.0012
Fe 3c                     0    -8.061    0.0062      Cr 2                8229.67A   -6.201    0.4465      Fe 3                4985.87A   -8.640    0.0016
K  1c                     0    -8.387    0.0029      Cr 2                8308.49A   -6.388    0.2901      K  1                7664.90A   -8.563    0.0019
Mg 1c                     0    -4.848   10.0696      Cr 2                8357.64A   -6.686    0.1462      Mg 1                2025.82A   -8.124    0.0053
Mn 2c                     0    -6.168    0.4819      Fe 1                24.0358m   -6.470    0.2402      Mg 1                2852.13A   -5.362    3.0789
N  1c                     0    -4.137   51.7007      Fe 1                34.7038m   -7.058    0.0620      Mg 1                3832.30A   -8.435    0.0026
Na 1c                     0    -7.043    0.0643      Fe 2                25.9813m   -4.399   28.2908      Mg 1                3838.29A   -8.018    0.0068
Ni 1c                     0    -7.406    0.0278      Fe 2                5.33871m   -3.877   94.2344      Mg 1                4562.60A   -5.169    4.8094
O  1c                     0    -2.458 2468.2627      Fe 2                4.11387m   -6.239    0.4089      Mg 1                4571.10A   -5.607    1.7526
O  2c                     0    -6.609    0.1747      Fe 2                1.25668m   -5.148    5.0417      Mg 1                4575.29A   -6.535    0.2069
P  2c                     0    -5.212    4.3566      Fe 2                1.19129m   -7.933    0.0083      Mg 1                5167.32A   -7.694    0.0144
S  1c                     0    -5.078    5.9279      Fe 2                6309.53A   -8.778    0.0012      Mg 1                5172.68A   -7.219    0.0428
S  2c                     0    -4.187   46.0767      Fe 2                4799.30A   -8.676    0.0015      Mg 1                5183.60A   -6.999    0.0711
Sc 2c                     0    -7.251    0.0398      Fe 2                4704.22A   -7.901    0.0089      Mg 1                8806.76A   -7.276    0.0375
Si 1c                     0    -7.145    0.0509      Fe 2                4632.28A   -6.108    0.5529      Mg 1                1.18282m   -7.439    0.0258
Si 2c                     0    -2.699 1418.3075      Fe 2                4604.48A   -7.892    0.0091      Mg 1                1.50250m   -8.260    0.0039
Zn 2c                     0    -7.528    0.0210      Fe 2                4416.27A   -6.090    0.5772      Mg 1                1.50402m   -8.704    0.0014
Al 2c                     0    -5.047    6.3588      Fe 2                4382.74A   -7.059    0.0619      Mg 1                1.71087m   -7.952    0.0079
Ca 2c                     0    -3.780  117.7441      Fe 2                4287.39A   -5.127    5.2935      Mn 2                2576.10A   -6.554    0.1981
Cl 2c                     0    -5.603    1.7682      Fe 2                3931.44A   -8.721    0.0013      Mn 2                2593.72A   -6.648    0.1595
Mg 2c                     0    -3.547  201.4267      Fe 2                3874.07A   -8.353    0.0032      Mn 2                2605.68A   -6.787    0.1159
N  2c                     0    -6.763    0.1223      Fe 2                3175.38A   -6.938    0.0817      Mn 2                3438.97A   -8.050    0.0063
Ni 2c                     0    -4.587   18.3726      Fe 2                2599.40A   -7.634    0.0165      Mn 2                3460.03A   -8.631    0.0017
continua.......................................      Fe 2                2585.88A   -8.651    0.0016      N  1                1134.41A   -8.733    0.0013
Bac                 3646.00A   -6.470    0.2405      Fe 2                2382.04A   -5.877    0.9423      N  1                1134.98A   -8.647    0.0016
nFnu                3645.00A   -3.936   82.1778      Fe 2                2343.50A   -8.451    0.0025      N  1                1199.55A   -8.008    0.0070
nFnu                3647.00A   -3.937   81.9373      Fe 2                35.3391m   -5.061    6.1664      N  1                1200.22A   -8.181    0.0047
cout                3646.00A   -6.771    0.1202      Fe 2                6.71944m   -5.016    6.8320      N  1                1200.71A   -8.483    0.0023
cref                3646.00A   -6.771    0.1202      Fe 2                4.88781m   -5.903    0.8875      N  1                3466.50A   -6.483    0.2333
thin                3646.00A   -6.470    0.2404      Fe 2                4.07521m   -6.724    0.1339      N  1                3466.54A   -7.156    0.0495
Ba C                      0    -7.222    0.0426      Fe 2                1.32055m   -5.645    1.6074      N  1                5197.90A   -4.552   19.9045
PA C                      0    -7.638    0.0163      Fe 2                1.24854m   -6.679    0.1486      N  1                5200.26A   -4.376   29.8750
FIR                 83.0000m   -2.461 2451.8159      Fe 2                1.20512m   -8.491    0.0023      N  1                1.03977m   -5.987    0.7302
TIR                 1800.00m   -4.640   16.2550      Fe 2                7637.52A   -5.948    0.7988      N  1                1.03982m   -6.510    0.2191
NIRa                2.85000m   -2.530 2094.5166      Fe 2                7523.28A   -7.996    0.0072      N  1                1.04072m   -6.335    0.3277
NIRb                3.00000m   -3.688  145.6205      Fe 2                4889.62A   -5.972    0.7565      N  1                1.04076m   -6.323    0.3372
MIRa                15.0000m   -3.782  117.0797      Fe 2                4750.27A   -8.704    0.0014      Na 1                5889.95A   -7.343    0.0322
MIRb                22.5000m   -2.657 1563.3517      Fe 2                4716.37A   -6.986    0.0733      Na 1                5895.92A   -7.343    0.0322
NMIR                21.7500m   -2.530 2094.5166      Fe 2                4687.56A   -7.189    0.0459      Ni 1                7.50454m   -7.406    0.0278
TFIR                611.250m   -3.388  290.5830      Fe 2                4492.64A   -6.959    0.0780      O  1                1304.86A   -7.105    0.0557
TALL                10000.0A   -2.073 6000.8193      Fe 2                4457.95A   -6.357    0.3115      O  1                1306.03A   -7.558    0.0196
F12                 12.0000m   -5.687    1.4587      Fe 2                4432.45A   -7.151    0.0501      O  1                1355.60A   -7.169    0.0481
F25                 25.0000m   -4.298   35.7265      Fe 2                4359.33A   -5.258    3.9187      O  1                1358.51A   -7.579    0.0187
F60                 60.0000m   -2.513 2175.6333      Fe 2                3224.54A   -8.035    0.0065      O  1                2972.29A   -6.635    0.1642
F100                100.000m   -5.621    1.6981      Fe 2                3214.67A   -7.452    0.0250      O  1                5577.34A   -5.686    1.4623
MIPS                24.0000m   -4.298   35.7212      Fe 2                2625.67A   -4.414   27.3684      O  1                6300.30A   -3.991   72.3469
MIPS                70.0000m   -2.514 2172.3098      Fe 2                2611.87A   -5.152    5.0011      O  1                6363.78A   -4.487   23.1113
MIPS                160.000m   -3.541  204.0298      Fe 2                2598.37A   -6.383    0.2936      O  1                6391.73A   -7.815    0.0109
IRAC                3.60000m   -6.909    0.0875      Fe 2                2395.63A   -5.423    2.6779      O  1                44.0453m   -8.148    0.0050
IRAC                4.50000m   -5.589    1.8275      Fe 2                2388.63A   -6.477    0.2363      O  1                63.1679m   -2.514 2171.2917
IRAC                5.80000m   -3.876   94.3864      Fe 2                2383.06A   -8.366    0.0031      O  1                145.495m   -3.551  199.5989
IRAC                8.00000m   -4.883    9.2792      Fe 2                2364.83A   -5.817    1.0800      O  2                2470.34A   -8.635    0.0016
SPR1                250.000m   -5.753    1.2514      Fe 2                2332.80A   -6.912    0.0869      O  2                7319.99A   -8.829    0.0011
SPR2                350.000m   -4.026   66.8080      Fe 2                2279.91A   -8.448    0.0025      O  2                3728.81A   -6.842    0.1020
SPR3                500.000m   -5.959    0.7792      Fe 2                51.2868m   -5.579    1.8700      O  2                3726.03A   -7.018    0.0680
PAC1                70.0000m   -2.514 2173.1577      Fe 2                5.67236m   -6.714    0.1370      P  2                60.6263m   -5.950    0.7954
PAC2                100.000m   -5.620    1.7015      Fe 2                4.60641m   -6.524    0.2124      P  2                1532.53A   -8.555    0.0020
PAC3                160.000m   -3.539  204.8783      Fe 2                4.08085m   -7.270    0.0381      P  2                32.8620m   -6.052    0.6288
PAH                 3.30000m   -7.715    0.0137      Fe 2                1.37181m   -5.888    0.9175      P  2                1.14682m   -5.969    0.7610
PAHC                3.23000m   -7.994    0.0072      Fe 2                1.29427m   -6.464    0.2436      P  2                4669.25A   -7.635    0.0165
PAHC                3.37000m   -7.985    0.0073      Fe 2                7806.23A   -7.721    0.0135      P  2                2195.57A   -7.914    0.0087
PAH                 6.20000m   -7.761    0.0123      Fe 2                7686.93A   -6.026    0.6680      P  2                1536.42A   -8.393    0.0029
PAHC                5.65000m   -6.672    0.1508      Fe 2                7552.40A   -8.505    0.0022      P  2                1535.92A   -8.347    0.0032
PAH                 7.90000m   -7.240    0.0408      Fe 2                4958.23A   -7.823    0.0107      P  2                1.18828m   -5.546    2.0171
PAHC                6.90000m   -4.886    9.2330      Fe 2                4750.57A   -7.820    0.0107      P  2                2210.34A   -7.460    0.0246
PAH                 11.3000m   -7.215    0.0433      Fe 2                4728.07A   -6.621    0.1699      P  2                1542.30A   -8.635    0.0016
PAHC                10.9000m   -6.764    0.1220      Fe 2                4514.90A   -6.983    0.0738      P  2                7875.99A   -6.886    0.0922
PAH                 11.8000m   -8.448    0.0025      Fe 2                4488.75A   -6.702    0.1408      S  1                1483.04A   -8.500    0.0022
PAHC                12.6500m   -6.513    0.2177      Fe 2                4470.30A   -7.905    0.0088      S  1                1820.34A   -7.181    0.0468
PAH                 13.3000m   -8.446    0.0025      Fe 2                4413.78A   -5.409    2.7666      S  1                1826.24A   -7.664    0.0154
PAHC                14.1000m   -6.173    0.4768      Fe 2                3254.24A   -7.512    0.0218      S  1                25.2421m   -5.128    5.2848
Bcon                3640.00A   -2.831 1045.8236      Fe 2                3244.18A   -7.807    0.0111      S  1                56.2957m   -6.087    0.5804
Pcon                5000.00A   -3.246  402.3440      Fe 2                2631.32A   -5.371    3.0201      S  2                6730.82A   -4.610   17.4127
O3bn                5007.00A   -5.111    5.4944      Fe 2                2617.62A   -6.815    0.1086      S  2                6716.44A   -4.449   25.2428
HFFc                      0    -5.998    0.7131      Fe 2                2607.09A   -6.708    0.1391      S  2                4076.35A   -6.158    0.4930
H FF                      0    -7.587    0.0183      Fe 2                2404.89A   -6.406    0.2784      S  2                4068.60A   -5.667    1.5277
MeFB                      0    -8.002    0.0071      Fe 2                2399.24A   -7.229    0.0419      S  2                1.03364m   -6.296    0.3586
MeFF                      0    -8.354    0.0031      Fe 2                2395.42A   -8.217    0.0043      S  2                1.02867m   -6.293    0.3613
ToFF                      0    -7.519    0.0215      Fe 2                2380.76A   -5.230    4.1722      S  2                1.03705m   -6.618    0.1709
Mion                      0    -7.012    0.0689      Fe 2                2348.30A   -6.964    0.0772      S  2                1.03205m   -6.159    0.4915
nFnu                122.400m   -8.525    0.0021      Fe 2                2327.40A   -7.555    0.0198      S  2                1259.52A   -7.935    0.0082
nFnu                60.8322m   -8.152    0.0050      Fe 2                87.3597m   -6.281    0.3714      S  2                1253.81A   -8.011    0.0069
nFnu                41.2152m   -7.938    0.0082      Fe 2                5.06097m   -7.182    0.0467      S  2                1250.58A   -8.322    0.0034
nFnu                30.8695m   -7.777    0.0119      Fe 2                4.43363m   -7.099    0.0564      Sc 2                4246.82A   -8.405    0.0028
nFnu                24.7829m   -7.652    0.0158      Fe 2                1.40951m   -8.509    0.0022      Sc 2                7043.49A   -8.176    0.0047
nFnu                24.2998m   -7.641    0.0162      Fe 2                1.32777m   -6.648    0.1596      Sc 2                8261.17A   -8.690    0.0014
nFnu                22.8302m   -7.606    0.0176      Fe 2                1.27877m   -6.705    0.1400      Sc 2                8271.28A   -8.576    0.0019
nFnu                21.4199m   -7.570    0.0191      Fe 2                1.25214m   -7.745    0.0128      Sc 2                8326.62A   -8.830    0.0010
nFnu                21.1235m   -7.560    0.0195      Fe 2                7926.88A   -7.982    0.0074      Sc 2                8347.28A   -8.395    0.0029
nFnu                19.6199m   -7.517    0.0216      Fe 2                7803.89A   -7.723    0.0134      Sc 2                8384.33A   -8.707    0.0014
nFnu                17.6534m   -7.456    0.0248      Fe 2                7665.28A   -6.976    0.0750      Sc 2                1.07804m   -8.774    0.0012
nFnu                17.3700m   -7.447    0.0254      Fe 2                5006.63A   -7.123    0.0535      Sc 2                2.03194m   -8.311    0.0035
nFnu                15.6901m   -7.385    0.0292      Fe 2                4772.06A   -7.936    0.0082      Sc 2                2.04712m   -8.658    0.0016
nFnu                14.6036m   -7.342    0.0322      Fe 2                4639.67A   -7.620    0.0170      Sc 2                2.07591m   -8.303    0.0035
nFnu                12.4300m   -7.241    0.0407      Fe 2                4528.39A   -7.231    0.0417      Sc 2                2.07842m   -8.137    0.0052
nFnu                11.4000m   -7.186    0.0462      Fe 2                4509.61A   -7.578    0.0187      Sc 2                2.08152m   -8.406    0.0028
nFnu                10.4600m   -7.130    0.0526      Fe 2                4452.10A   -5.601    1.7764      Sc 2                2.11129m   -8.579    0.0019
nFnu                9.48002m   -7.066    0.0609      Fe 2                3277.55A   -7.736    0.0130      Sc 2                2.12445m   -8.578    0.0019
nFnu                9.32488m   -7.055    0.0625      Fe 2                3277.12A   -8.640    0.0016      Si 1                2211.75A   -8.828    0.0011
nFnu                8.21035m   -6.968    0.0764      Fe 2                3275.02A   -7.812    0.0109      Si 1                2519.20A   -8.247    0.0040
nFnu                7.58000m   -6.911    0.0870      Fe 2                2631.05A   -6.553    0.1986      Si 1                2528.51A   -8.027    0.0067
nFnu                7.05026m   -6.858    0.0984      Fe 2                2620.41A   -8.422    0.0027      Si 1                68.4548m   -7.535    0.0207
nFnu                4.11370m   -6.420    0.2698      Fe 2                2613.82A   -7.328    0.0333      Si 1                129.641m   -7.605    0.0176
nFnu                2.32440m   -5.865    0.9682      Fe 2                2410.52A   -7.203    0.0444      Si 2                34.8046m   -2.703 1404.3297
nFnu                1.64313m   -5.498    2.2511      Fe 2                2406.66A   -7.469    0.0241      Si 2                2334.41A   -5.858    0.9844
nFnu                1.48022m   -5.383    2.9346      Fe 2                2404.43A   -8.275    0.0038      Si 2                2328.52A   -6.463    0.2440
nFnu                1.43649m   -5.348    3.1801      Fe 2                2359.11A   -7.270    0.0381      Si 2                1808.01A   -5.938    0.8179
nFnu                1.11867m   -5.069    6.0528      Fe 2                2338.01A   -7.342    0.0323      Si 2                1526.71A   -8.607    0.0018
nFnu                8329.68A   -4.752   12.5472      Fe 2                4.67067m   -7.724    0.0134      Si 2                1260.42A   -7.883    0.0093
nFnu                8078.61A   -4.720   13.5101      Fe 2                1.29777m   -7.035    0.0654      Si 2                2350.17A   -5.711    1.3809
nFnu                6209.66A   -4.452   25.0489      Fe 2                1.27034m   -6.907    0.0878      Si 2                2344.20A   -5.314    3.4385
nFnu                4885.36A   -4.216   43.1045      Fe 2                7999.47A   -8.729    0.0013      Si 2                2334.60A   -5.420    2.6978
nFnu                3704.34A   -3.952   79.2548      Fe 2                7874.24A   -7.077    0.0594      Si 2                1817.45A   -5.756    1.2450
nFnu                3587.67A   -3.923   84.7582      Fe 2                7733.14A   -7.623    0.0169      Si 2                1816.93A   -5.458    2.4688
nFnu                2430.05A   -3.570  190.8608      Fe 2                4798.28A   -7.486    0.0232      Si 2                1533.43A   -6.260    0.3894
nFnu                2392.03A   -3.556  197.1832      Fe 2                4664.45A   -8.134    0.0052      Si 2                1309.28A   -7.036    0.0653
nFnu                2071.34A   -3.437  259.0535      Fe 2                4533.01A   -8.126    0.0053      Si 2                1265.00A   -6.850    0.1002
nFnu                2052.68A   -3.430  263.7819      Fe 2                4474.90A   -5.914    0.8653      Si 2                1264.74A   -7.252    0.0397
nFnu                1793.44A   -3.333  329.6058      Fe 2                3289.89A   -8.122    0.0054      Si 2                1197.39A   -7.152    0.0500
nFnu                1585.12A   -3.267  383.4142      Fe 2                3289.46A   -7.901    0.0089      Si 2                1194.50A   -7.401    0.0282
nFnu                1458.33A   -3.261  389.2027      Fe 2                2628.29A   -7.020    0.0678      Si 2                3862.60A   -8.448    0.0025
nFnu                1356.96A   -3.301  354.7798      Fe 2                2621.67A   -7.910    0.0087      Si 2                3856.02A   -8.420    0.0027
nFnu                1297.29A   -3.413  273.7912      Fe 2                2413.31A   -7.721    0.0135      Si 2                6371.37A   -8.365    0.0031
nFnu                1262.79A   -3.591  181.7390      Fe 2                2411.07A   -7.728    0.0133      Si 2                6347.11A   -8.287    0.0037
nFnu                1218.08A   -7.751    0.0126      Fe 2                2344.28A   -7.439    0.0258      Zn 2                2062.00A   -7.942    0.0081
nFnu                1196.33A   -7.199    0.0449      Fe 2                17.9311m   -4.865    9.6875      Zn 2                2025.48A   -7.707    0.0139
nFnu                1175.06A   -7.149    0.0504      Fe 2                1.64355m   -3.970   75.9346      Al 2                2669.15A   -5.496    2.2626
nFnu                1143.64A   -7.271    0.0380      Fe 2                1.53348m   -5.095    5.6938      Al 2                2660.35A   -5.322    3.3758
nFnu                1113.22A   -7.384    0.0293      Fe 2                8616.95A   -5.359    3.1037      Al 2                1670.79A   -5.991    0.7236
nFnu                1103.23A   -7.413    0.0274      Fe 2                7155.17A   -5.487    2.3104      Al 2                3900.67A   -8.732    0.0013
nFnu                1073.86A   -8.045    0.0064      Fe 2                6896.17A   -6.939    0.0816      Ca 2                7323.89A   -4.264   38.6171
nFnu                1064.34A   -8.087    0.0058      Fe 2                5413.37A   -7.397    0.0284      Ca 2                7291.47A   -4.097   56.7530
nFnu                1035.92A   -8.200    0.0045      Fe 2                5280.27A   -7.933    0.0083      Ca 2                3968.47A   -6.445    0.2549
nFnu                1000.00A   -8.359    0.0031      Fe 2                5273.36A   -5.486    2.3152      Ca 2                8662.14A   -4.992    7.2226
nFnu                925.144A   -8.343    0.0032      Fe 2                5158.79A   -4.875    9.4551      Ca 2                3933.66A   -6.397    0.2842
RRC............................................      Fe 2                5111.64A   -5.782    1.1714      Ca 2                8498.02A   -5.685    1.4640
H  1                911.753A   -6.579    0.1868      Fe 2                5072.41A   -5.528    2.1046      Ca 2                8542.09A   -4.738   12.9526
H  1                3645.98A   -7.643    0.0161      Fe 2                5039.10A   -6.962    0.0774      Ca 2                3706.02A   -7.360    0.0310
H  1                3645.98A   -7.297    0.0358      Fe 2                4814.54A   -5.832    1.0451      Ca 2                3736.90A   -7.063    0.0613
H  1                8203.57A   -8.378    0.0030      Fe 2                4774.73A   -6.272    0.3795      Ca 2                3158.87A   -7.382    0.0294
H  1                8203.57A   -7.984    0.0074      Fe 2                4745.49A   -7.323    0.0337      Ca 2                3181.27A   -8.087    0.0058
H  1                8203.57A   -8.087    0.0058      Fe 2                4661.78A   -8.422    0.0027      Ca 2                3179.33A   -7.132    0.0523
H  1                1.45842m   -8.464    0.0024      Fe 2                4243.97A   -5.202    4.4598      Ca 2                1.19497m   -8.793    0.0011
H  1                1.45842m   -8.460    0.0025      Fe 2                4177.20A   -6.291    0.3626      Ca 2                1.18390m   -8.494    0.0023
H  1                1.45842m   -8.801    0.0011      Fe 2                4146.65A   -7.867    0.0096      Ca 2                1838.01A   -8.319    0.0034
H  1                2.27878m   -8.821    0.0011      Fe 2                4114.48A   -8.205    0.0044      Ca 2                1840.03A   -8.163    0.0049
H  1                2.27878m   -8.785    0.0012      Fe 2                3929.35A   -8.457    0.0025      Ca 2                2112.76A   -8.791    0.0011
Al 1                2070.66A   -8.804    0.0011      Fe 2                3387.09A   -6.707    0.1393      Cl 2                14.3639m   -6.174    0.4753
Si 1                1520.96A   -7.804    0.0112      Fe 2                3376.20A   -5.909    0.8742      Cl 2                33.2721m   -7.254    0.0395
S  1                1196.76A   -8.318    0.0034      Fe 2                2732.45A   -7.012    0.0691      Cl 2                8578.70A   -5.862    0.9749
grains.........................................      Fe 2                2493.30A   -4.598   17.9034      Cl 2                9123.60A   -6.447    0.2536
H-like iso-sequence............................      Fe 2                2484.20A   -8.139    0.0051      Cl 2                3677.85A   -7.784    0.0117
Cool                1215.67A   -3.165  484.8860      Fe 2                2360.00A   -6.629    0.1666      Cl 2                6161.84A   -7.738    0.0130
Crst                960.000A   -3.345  320.5688      Fe 2                2348.12A   -6.717    0.1361      Mg 2                2802.71A   -4.022   67.4838
CION                      0    -5.406    2.7860      Fe 2                2331.31A   -8.298    0.0036      Mg 2                2795.53A   -3.725  133.5341
Dest                1215.67A   -8.662    0.0015      Fe 2                24.5126m   -5.564    1.9339      Mg 2                2936.52A   -6.952    0.0792
Ca B                1215.67A   -6.217    0.4303      Fe 2                1.80940m   -4.571   19.0417      Mg 2                2928.64A   -7.254    0.0395
CaBo                4861.32A   -7.751    0.0126      Fe 2                1.67688m   -5.521    2.1381      Mg 2                2797.93A   -7.692    0.0144
Ca A                1215.67A   -6.408    0.2774      Fe 2                1.59948m   -5.428    2.6469      Mg 2                2790.77A   -6.990    0.0726
Ca A                1025.72A   -7.054    0.0626      Fe 2                9051.95A   -5.200    4.4717      Mg 2                2798.00A   -6.737    0.1299
Ca A                972.537A   -7.465    0.0243      Fe 2                8891.93A   -5.625    1.6821      Mg 2                9244.22A   -8.808    0.0011
Ca A                949.743A   -7.769    0.0121      Fe 2                7452.56A   -5.979    0.7443      Mg 2                9218.22A   -8.513    0.0022
Ca A                937.803A   -8.011    0.0069      Fe 2                7172.00A   -5.895    0.9037      N  2                205.283m   -8.040    0.0065
Ca A                930.748A   -8.213    0.0043      Fe 2                6275.53A   -7.852    0.0100      N  2                121.769m   -8.256    0.0039
Ca A                926.226A   -8.387    0.0029      Fe 2                5527.36A   -6.469    0.2412      N  2                6548.05A   -7.410    0.0276
Ca A                923.150A   -8.540    0.0020      Fe 2                5440.48A   -8.226    0.0042      N  2                6583.45A   -6.940    0.0814
Ca A                920.963A   -8.676    0.0015      Fe 2                5433.15A   -6.000    0.7091      N  2                5754.59A   -8.788    0.0012
Ca A                919.351A   -8.799    0.0011      Fe 2                5261.63A   -5.255    3.9394      N  2                2142.77A   -8.793    0.0011
Ca A                6562.80A   -7.477    0.0237      Fe 2                5220.08A   -6.531    0.2090      Ni 2                1.19102m   -4.847   10.0838
Ca A                4861.32A   -7.927    0.0084      Fe 2                5184.80A   -6.426    0.2658      Ni 2                6.63416m   -5.475    2.3782
Ca A                4340.46A   -8.252    0.0040      Fe 2                5158.01A   -6.376    0.2986      Ni 2                1.07151m   -6.467    0.2423
Ca A                4101.73A   -8.506    0.0022      Fe 2                4947.39A   -5.776    1.1894      Ni 2                10.6793m   -6.104    0.5583
Ca A                3970.07A   -8.715    0.0014      Fe 2                4905.35A   -6.127    0.5297      Ni 2                1.27792m   -8.291    0.0036
Ca A                1.87510m   -8.269    0.0038      Fe 2                4874.50A   -6.170    0.4800      Ni 2                1.16130m   -6.983    0.0737
Ca A                1.28181m   -8.596    0.0018      Fe 2                4852.74A   -7.530    0.0209      Ni 2                12.7253m   -6.520    0.2141
Ca B                6562.80A   -7.295    0.0360      Fe 2                4346.86A   -5.829    1.0518      Ni 2                9882.95A   -7.732    0.0131
Ca B                4861.32A   -7.752    0.0126      Fe 2                4276.84A   -5.753    1.2535      Ni 2                1.09177m   -7.270    0.0381
Ca B                4340.46A   -8.081    0.0059      Fe 2                4244.82A   -6.564    0.1934      Ni 2                18.2355m   -7.237    0.0411
Ca B                4101.73A   -8.339    0.0033      Fe 2                4231.56A   -8.165    0.0049      Ni 2                9374.87A   -8.025    0.0067
Ca B                3970.07A   -8.550    0.0020      Fe 2                4211.11A   -8.139    0.0051      Ni 2                7377.83A   -5.633    1.6507
Ca B                3889.05A   -8.731    0.0013      Fe 2                3455.11A   -6.813    0.1091      Ni 2                8300.99A   -6.929    0.0835
Ca B                1.87510m   -8.222    0.0043      Fe 2                3452.31A   -6.502    0.2234      Ni 2                1.93877m   -6.341    0.3234
Ca B                1.28181m   -8.539    0.0020      Fe 2                3440.99A   -6.388    0.2904      Ni 2                2.36883m   -7.628    0.0167
Ca B                1.09381m   -8.796    0.0011      Fe 2                2774.73A   -8.252    0.0040      Ni 2                2.91064m   -7.297    0.0358
Ca B                4.05115m   -8.848    0.0010      Fe 2                2759.34A   -8.640    0.0016      Ni 2                6666.80A   -6.481    0.2345
H  1                2431.34A   -3.383  293.9350      Fe 2                2485.07A   -8.444    0.0025      Ni 2                7411.61A   -6.262    0.3882
H  1                1215.67A   -3.148  504.5465      Fe 2                2391.48A   -7.523    0.0213      Ni 2                1.76458m   -8.407    0.0028
H  1                6562.80A   -5.089    5.7818      Fe 2                2379.28A   -8.191    0.0046      Ni 2                2.04866m   -7.985    0.0073
H  1                4861.32A   -5.851    1.0000      Fe 2                2362.02A   -6.996    0.0717      Ni 2                2.30794m   -7.441    0.0257
H  1                4340.46A   -6.232    0.4161      Fe 2                35.7675m   -6.364    0.3066      Ni 2                6.91767m   -7.741    0.0129
H  1                4101.73A   -7.916    0.0086      Fe 2                1.95361m   -5.482    2.3369      Ni 2                4326.24A   -6.428    0.2650
H  1                3970.07A   -8.204    0.0044      Fe 2                1.80002m   -5.537    2.0621      Ni 2                4628.05A   -6.850    0.1003
H  1                3889.05A   -8.435    0.0026      Fe 2                1.71113m   -6.106    0.5559      Ni 2                6794.20A   -7.906    0.0088
H  1                3835.38A   -8.629    0.0017      Fe 2                1.66377m   -5.725    1.3357      Ni 2                7255.82A   -6.782    0.1171
H  1                3797.90A   -8.794    0.0011      Fe 2                9399.04A   -5.622    1.6919      Ni 2                7694.56A   -7.853    0.0100
H  1                3770.63A   -8.543    0.0020      Fe 2                9226.63A   -5.568    1.9158      Ni 2                8033.54A   -8.017    0.0068
H  1                3750.15A   -8.658    0.0016      Fe 2                9033.49A   -6.644    0.1609      Ni 2                1.04597m   -7.266    0.0384
H  1                3734.37A   -8.761    0.0012      Fe 2                7388.17A   -6.015    0.6854      Ni 2                1.23230m   -7.294    0.0361
H  1                1.87510m   -6.623    0.1691      Fe 2                6440.41A   -6.967    0.0765      Ni 2                4201.17A   -6.610    0.1740
H  1                1.28181m   -6.936    0.0823      Fe 2                6229.28A   -8.118    0.0054      Ni 2                4485.21A   -7.063    0.0614
H  1                1.09381m   -8.301    0.0035      Fe 2                5654.87A   -7.429    0.0264      Ni 2                7307.65A   -6.958    0.0781
H  1                1.00494m   -8.608    0.0017      Fe 2                5556.31A   -6.669    0.1519      Ni 2                7612.72A   -7.286    0.0367
H  1                4.05115m   -7.492    0.0229      Fe 2                5412.67A   -7.197    0.0450      Ni 2                1.13597m   -7.969    0.0076
H  1                2.62515m   -8.479    0.0024      Fe 2                5333.66A   -5.543    2.0337      Ni 2                4285.31A   -7.818    0.0108
H  1                2.16553m   -8.829    0.0011      Fe 2                5296.84A   -6.826    0.1060      Ni 2                6791.48A   -7.533    0.0208
H  1                7.45782m   -8.517    0.0022      Fe 2                5268.89A   -6.546    0.2019      Ni 2                7054.20A   -7.438    0.0259
He-like iso-sequence...........................      Fe 2                5107.96A   -7.481    0.0234      Ni 2                9.61508m   -8.727    0.0013
Pho+                3889.00A   -8.532    0.0021      Fe 2                5049.30A   -5.949    0.7979      Ni 2                4033.04A   -6.877    0.0942
extra Lyman....................................      Fe 2                5005.52A   -6.003    0.7044      Ni 2                4294.09A   -6.996    0.0715
database lines.................................      Fe 2                4973.40A   -6.271    0.3805      Ni 2                6467.29A   -8.030    0.0066
CN                  2648.35m   -8.635    0.0016      Fe 2                4950.76A   -6.616    0.1716      Ni 2                6813.57A   -7.018    0.0680
CN                  2640.74m   -8.336    0.0033      Fe 2                4352.79A   -6.069    0.6058      Ni 2                7078.04A   -7.567    0.0192
CN                  1322.30m   -8.695    0.0014      Fe 2                4319.62A   -6.335    0.3284      Ni 2                1.02090m   -8.348    0.0032
CN                  1321.03m   -8.436    0.0026      Fe 2                4305.90A   -7.137    0.0517      Ni 2                3993.06A   -6.531    0.2088
CN                  881.421m   -8.686    0.0015      Fe 2                4084.33A   -8.462    0.0024      Ni 2                4248.80A   -7.006    0.0699
CN                  880.858m   -8.529    0.0021      Fe 2                3504.51A   -7.116    0.0543      Ni 2                6007.06A   -8.121    0.0054
CN                  661.044m   -8.601    0.0018      Fe 2                3504.02A   -6.973    0.0755      Ni 2                6365.10A   -7.005    0.0701
CN                  660.727m   -8.487    0.0023      Fe 2                3501.63A   -6.536    0.2062      Ni 2                6700.24A   -8.398    0.0028
CN                  528.842m   -8.704    0.0014      Fe 2                3489.99A   -7.216    0.0431      Ni 2                6955.82A   -8.433    0.0026
CN                  528.639m   -8.613    0.0017      Fe 2                2385.01A   -7.820    0.0107      Ni 2                8703.87A   -7.460    0.0246
CN                  440.721m   -8.723    0.0013      Fe 2                2.06648m   -6.876    0.0945      Ni 2                9956.63A   -7.687    0.0146
CN                  440.580m   -8.648    0.0016      Fe 2                1.89541m   -6.272    0.3789      Ni 2                5.18504m   -8.466    0.0024
CN                  377.682m   -8.799    0.0011      Fe 2                1.79711m   -5.759    1.2350      Ni 2                3438.88A   -6.720    0.1352
HF                  243.178m   -8.229    0.0042      Fe 2                1.74494m   -6.048    0.6356      Ni 2                3626.89A   -7.027    0.0666
CO                  2600.05m   -8.340    0.0032      Fe 2                9652.70A   -6.471    0.2396      Ni 2                3378.16A   -7.334    0.0329
CO                  1300.05m   -7.008    0.0697      Fe 2                9470.94A   -5.959    0.7795      Ni 2                3559.41A   -7.313    0.0345
CO                  866.727m   -6.556    0.1973      Fe 2                9267.56A   -6.341    0.3236      level 1 lines..................................
CO                  650.074m   -6.383    0.2940      Fe 2                7544.00A   -8.654    0.0016      recombination..................................
CO                  520.089m   -6.303    0.3530      Fe 2                6558.51A   -7.181    0.0467      level2 lines...................................
CO                  433.438m   -6.254    0.3948      Fe 2                5745.71A   -7.800    0.0112      C  1                1247.50A   -7.688    0.0146
CO                  371.549m   -6.236    0.4123      Fe 2                5643.98A   -7.642    0.0162      C  1                1314.77A   -7.610    0.0174
CO                  325.137m   -6.225    0.4227      Fe 2                5495.84A   -7.474    0.0238      C  1                1233.29A   -8.211    0.0044
CO                  289.041m   -6.225    0.4226      Fe 2                5376.47A   -5.937    0.8204      C  1                1250.68A   -8.365    0.0031
CO                  260.169m   -6.231    0.4168      Fe 2                5347.66A   -7.051    0.0630      Mg 1                1817.31A   -8.559    0.0020
CO                  236.549m   -6.244    0.4043      Fe 2                5181.96A   -7.327    0.0334      Mg 1                1739.09A   -8.772    0.0012
CO                  216.868m   -6.265    0.3853      Fe 2                5076.57A   -6.607    0.1752      Mg 1                1699.05A   -8.790    0.0012
CO                  200.218m   -6.290    0.3640      Fe 2                5043.53A   -6.477    0.2364      Mg 1                1675.74A   -8.794    0.0011
CO                  185.949m   -6.312    0.3462      Fe 2                5020.25A   -6.593    0.1809      Mg 1                1660.94A   -8.827    0.0011
CO                  173.584m   -6.336    0.3273      Fe 2                4372.43A   -6.609    0.1745      Si 1                1853.05A   -8.804    0.0011
CO                  162.767m   -6.363    0.3077      Fe 2                4358.37A   -6.820    0.1073      Si 2                1179.59A   -8.028    0.0067
CO                  153.225m   -6.391    0.2882      Fe 2                4080.00A   -8.492    0.0023      S  1                1356.05A   -8.221    0.0043
CO                  144.745m   -6.421    0.2690      Fe 2                3539.19A   -6.820    0.1073      S  1                1392.25A   -8.616    0.0017
CO                  137.159m   -6.452    0.2504      Fe 2                3538.69A   -7.114    0.0546      S  1                1418.10A   -8.817    0.0011
CO                  130.333m   -6.484    0.2329      Fe 2                3536.25A   -7.240    0.0408      Ca 2                1360.06A   -8.824    0.0011
CO                  124.160m   -6.521    0.2137      Fe 2                3524.38A   -8.548    0.0020      Fe 1                2484.25A   -8.481    0.0023
CO                  118.548m   -6.561    0.1950      Fe 2                22.8961m   -7.869    0.0096      Fe 1                2526.51A   -8.715    0.0014
CO                  113.427m   -6.602    0.1775      Fe 2                1.81139m   -8.149    0.0050      Sc 2                3627.22A   -7.174    0.0475
CO                  108.733m   -6.645    0.1608      Fe 2                7764.71A   -7.355    0.0313      Sc 2                3575.45A   -7.296    0.0359
CO                  104.416m   -6.688    0.1456      Fe 2                7336.73A   -7.644    0.0161      Sc 2                3368.13A   -7.860    0.0098
CO                  100.433m   -6.733    0.1312      Fe 2                7267.25A   -8.613    0.0017      Ti 2                3364.74A   -5.600    1.7803
CO                  96.7462m   -6.780    0.1177      Fe 2                6809.24A   -7.622    0.0169      Ti 2                3237.15A   -5.840    1.0251
CO                  93.3237m   -6.829    0.1052      Fe 2                6729.87A   -7.903    0.0089      Ti 2                1904.17A   -7.709    0.0139
CO                  90.1384m   -6.879    0.0936      Fe 2                6671.93A   -8.466    0.0024      Ti 2                1907.36A   -7.451    0.0251
CO                  87.1666m   -6.932    0.0830      Fe 2                5721.37A   -8.740    0.0013      V  2                2710.94A   -7.926    0.0084
CO                  84.3877m   -6.985    0.0734      Fe 2                5163.96A   -7.650    0.0159      V  2                2684.22A   -7.691    0.0145
CO                  81.7835m   -7.040    0.0646      Fe 2                4266.35A   -8.352    0.0032      V  2                2139.33A   -8.317    0.0034
CO                  79.3383m   -7.098    0.0566      Fe 2                4249.08A   -8.623    0.0017      Cr 1                4269.56A   -8.411    0.0028
CO                  77.0375m   -7.157    0.0494      Fe 2                4157.92A   -8.626    0.0017      Cr 1                3589.90A   -8.229    0.0042
CO                  74.8697m   -7.217    0.0431      Fe 2                3277.35A   -7.141    0.0513      Cr 2                2059.78A   -6.200    0.4476
CO                  72.8231m   -7.279    0.0373      Fe 2                3255.89A   -8.390    0.0029      Mn 2                1198.85A   -8.556    0.0020
CO                  70.8878m   -7.342    0.0323      Fe 2                2926.59A   -7.986    0.0073      Co 2                2060.90A   -7.665    0.0153
CO                  69.0557m   -7.405    0.0279      Fe 2                2880.76A   -7.719    0.0136      Co 2                2018.80A   -7.700    0.0142
CO                  67.3181m   -7.470    0.0240      Fe 2                2755.74A   -6.061    0.6166      Co 2                1949.74A   -7.778    0.0118
CO                  65.6684m   -7.536    0.0206      Fe 2                2739.55A   -6.740    0.1292      Co 2                1575.91A   -8.305    0.0035
CO                  64.0998m   -7.602    0.0177      Fe 2                2716.70A   -6.934    0.0827      Co 2                1470.18A   -8.382    0.0029
CO                  62.6072m   -7.668    0.0152      Fe 2                34.6508m   -8.741    0.0013      Ni 2                1751.83A   -7.235    0.0413
CO                  61.1843m   -7.736    0.0130      Fe 2                1.00287m   -7.342    0.0323      Ni 2                1744.24A   -7.041    0.0645
CO                  59.8271m   -7.803    0.0112      Fe 2                8245.16A   -8.841    0.0010      Ni 2                1484.97A   -8.371    0.0030
CO                  58.5311m   -7.871    0.0095      Fe 2                8037.28A   -7.872    0.0095      Ni 2                1472.74A   -8.057    0.0062
CO                  57.2920m   -7.940    0.0081      Fe 2                7579.61A   -8.363    0.0031      Ni 2                1400.37A   -8.369    0.0030
CO                  56.1066m   -8.010    0.0069      Fe 2                7017.95A   -8.282    0.0037      Ni 2                1375.73A   -8.026    0.0067
CO                  54.9712m   -8.081    0.0059      Fe 2                6933.67A   -8.648    0.0016      Ni 2                1324.11A   -8.130    0.0053
CO                  53.8829m   -8.152    0.0050      Fe 2                6872.19A   -7.814    0.0109      hyperfine structure............................
CO                  52.8388m   -8.224    0.0042      Fe 2                6829.03A   -8.848    0.0010      inner shell....................................
CO                  51.8365m   -8.296    0.0036      Fe 2                5746.98A   -7.699    0.0142      molecules......................................
CO                  50.8731m   -8.369    0.0030      Fe 2                5283.12A   -8.258    0.0039      H2 l                2.00000m   -3.611  173.5405
CO                  49.9472m   -8.441    0.0026      Fe 2                5199.18A   -8.473    0.0024      H2 v                      0    -5.246    4.0263
CO                  49.0559m   -8.515    0.0022      Fe 2                4351.81A   -8.622    0.0017      H-FB                      0    -5.776    1.1875
CO                  48.1977m   -8.591    0.0018      Fe 2                4347.36A   -7.991    0.0072      H-FF                      0    -6.011    0.6916
CO                  47.3709m   -8.667    0.0015      Fe 2                4329.43A   -7.338    0.0326      H-CT                6562.80A   -6.831    0.1046
CO                  46.5738m   -8.745    0.0013      Fe 2                2953.77A   -8.740    0.0013      H- H                      0    -6.853    0.0996
CO                  45.8046m   -8.824    0.0011      Fe 2                2772.73A   -6.801    0.1122      H2+                       0    -6.179    0.4702
^13CO               1359.86m   -8.561    0.0020      Fe 2                2749.32A   -6.899    0.0894      bands..........................................
^13CO               906.599m   -8.079    0.0059      Fe 2                9795.19A   -8.120    0.0054      Fe 2b               2500.00A   -4.034   65.5379
^13CO               679.978m   -7.890    0.0091      Fe 2                8228.13A   -8.035    0.0065      Fe 2b               5000.00A   -4.089   57.7402
^13CO               544.012m   -7.805    0.0111      Fe 2                7613.14A   -8.443    0.0026      Fe 2b               7000.00A   -5.032    6.5916
^13CO               453.374m   -7.755    0.0125      Fe 2                7011.24A   -8.849    0.0010      Fe 2b               10000.0A   -3.712  137.6446
^13CO               388.637m   -7.734    0.0131      Fe 2                6966.33A   -8.207    0.0044      Fe 2b               2355.00A   -4.841   10.2334
^13CO               340.088m   -7.724    0.0134      Fe 2                5477.25A   -8.204    0.0044      Fe 2b               2430.00A   -4.042   64.4098
^13CO               302.332m   -7.723    0.0134      Fe 2                5278.38A   -8.672    0.0015      Fe 2b               2445.00A   -4.042   64.4098
^13CO               272.130m   -7.729    0.0132      Fe 2                4402.59A   -8.457    0.0025      Fe 2b               2495.00A   -4.598   17.9121
^13CO               247.423m   -7.742    0.0128      Fe 2                4384.21A   -8.390    0.0029      Fe 2b               2610.00A   -4.291   36.2601
^13CO               226.836m   -7.763    0.0122      Fe 2                1.05081m   -8.600    0.0018      Fe 2b               2695.00A   -6.933    0.0827
^13CO               209.419m   -7.789    0.0115      Fe 2                7710.80A   -8.754    0.0012      Fe 2b               2758.00A   -5.841    1.0221
^13CO               194.493m   -7.812    0.0109      Fe 2                7048.01A   -8.420    0.0027      Fe 2b               2780.00A   -5.802    1.1187
^13CO               181.558m   -7.837    0.0103      Fe 2                5901.28A   -8.650    0.0016      Fe 2b               2935.00A   -7.490    0.0229
^13CO               170.243m   -7.865    0.0097      Fe 2                5527.62A   -8.762    0.0012      Fe 2b               2960.00A   -7.878    0.0094
^13CO               160.261m   -7.895    0.0090      Fe 2                2.04602m   -7.287    0.0366      Fe 2b               3180.00A   -6.448    0.2530
^13CO               151.390m   -7.926    0.0084      Fe 2                1.41956m   -7.842    0.0102      Fe 2b               3250.00A   -5.748    1.2666
^13CO               143.454m   -7.959    0.0078      Fe 2                1.35904m   -8.648    0.0016      Fe 2b               3590.00A   -5.768    1.2089
^13CO               136.314m   -7.992    0.0072      Fe 2                1.23314m   -7.636    0.0164      Fe 2b               3910.00A   -7.817    0.0108
^13CO               129.855m   -8.032    0.0066      Fe 2                1.09108m   -7.558    0.0196      Fe 2b               4060.00A   -8.476    0.0024
^13CO               123.985m   -8.073    0.0060      Fe 2                1.07084m   -7.997    0.0071      Fe 2b               4255.00A   -4.523   21.2934
^13CO               118.627m   -8.117    0.0054      Fe 2                1.05625m   -8.447    0.0025      Fe 2b               4558.00A   -5.253    3.9632
^13CO               113.717m   -8.163    0.0049      Fe 2                1.01565m   -8.250    0.0040      Fe 2b               4600.00A   -5.223    4.2437
^13CO               109.201m   -8.211    0.0044      Fe 2                8119.18A   -8.726    0.0013      Fe 2b               4743.00A   -5.972    0.7570
^13CO               105.034m   -8.262    0.0039      Fe 2                5588.16A   -7.552    0.0199      Fe 2b               4855.00A   -5.393    2.8710
^13CO               101.176m   -8.315    0.0034      Fe 2                5586.91A   -8.415    0.0027      Fe 2b               4920.00A   -4.878    9.3866
^13CO               97.5955m   -8.372    0.0030      Fe 2                5580.82A   -6.984    0.0736      Fe 2b               4975.00A   -5.408    2.7718
^13CO               94.2629m   -8.431    0.0026      Fe 2                5551.32A   -6.702    0.1409      Fe 2b               4971.00A   -5.451    2.5111
^13CO               91.1537m   -8.495    0.0023      Fe 2                3227.74A   -8.356    0.0031      Fe 2b               5070.00A   -5.330    3.3190
^13CO               88.2461m   -8.562    0.0019      Fe 2                3196.07A   -7.936    0.0082      Fe 2b               5143.00A   -4.796   11.3367
^13CO               85.5213m   -8.635    0.0016      Fe 2                2.13278m   -7.542    0.0203      Fe 2b               5270.00A   -4.512   21.8315
^13CO               82.9627m   -8.713    0.0014      Fe 2                1.46079m   -8.388    0.0029      Fe 2b               5318.00A   -4.830   10.4944
^13CO               80.5556m   -8.798    0.0011      Fe 2                1.39678m   -8.450    0.0025      Fe 2b               5540.00A   -5.977    0.7475
OH+                 308.406m   -8.793    0.0011      Fe 2                1.30943m   -8.469    0.0024      Fe 2b               5865.00A   -6.577    0.1880
C  1                1560.31A   -7.487    0.0231      Fe 2                1.24364m   -8.655    0.0016      Fe 2b               6265.00A   -7.389    0.0290
C  1                1560.68A   -7.504    0.0222      Fe 2                1.09413m   -7.756    0.0124      Fe 2b               6565.00A   -6.733    0.1312
C  1                1560.71A   -7.710    0.0138      Fe 2                1.07890m   -7.852    0.0100      Fe 2b               6910.00A   -6.672    0.1509
C  1                1561.34A   -7.027    0.0666      Fe 2                1.06830m   -8.610    0.0017      Fe 2b               7445.00A   -5.053    6.2753
C  1                1561.37A   -7.552    0.0199      Fe 2                1.03658m   -8.621    0.0017      Fe 2b               8625.00A   -4.721   13.4859
C  1                1561.44A   -7.009    0.0695      Fe 2                5650.95A   -7.531    0.0209      Fe 2b               1.03250m   -5.779    1.1810
C  1                1656.27A   -6.804    0.1115      Fe 2                5649.67A   -7.505    0.0222      Fe 2b               1.88900m   -4.427   26.5130
C  1                1656.93A   -7.240    0.0408      Fe 2                5643.44A   -8.642    0.0016      Fe 2b               2.20000m   -6.511    0.2185
C  1                1657.01A   -6.449    0.2525      Fe 2                5613.27A   -6.918    0.0857      miscellaneous..................................
C  1                1657.38A   -7.300    0.0355      Fe 2                2.24366m   -7.880    0.0093      Blnd                8446.00A   -8.576    0.0019
C  1                1657.91A   -6.771    0.1202      Fe 2                2.00672m   -7.226    0.0422      Blnd                1304.00A   -6.972    0.0757
C  1                1658.12A   -6.990    0.0725      Fe 2                1.10657m   -8.099    0.0056      Blnd                2798.00A   -3.548  201.0179
C  1                1930.90A   -8.550    0.0020      Fe 2                1.09542m   -8.203    0.0044      Blnd                6720.00A   -4.221   42.6554
C  1                1992.01A   -8.193    0.0046      Fe 2                5725.92A   -7.802    0.0112      Blnd                4074.00A   -5.545    2.0207
C  1                1993.62A   -6.872    0.0953      Fe 2                5718.22A   -7.252    0.0397      Blnd                1.03300m   -5.654    1.5727
C  1                2582.90A   -8.136    0.0052      Fe 2                2.22379m   -6.635    0.1642      Blnd                1256.00A   -7.583    0.0185
C  1                8727.13A   -8.577    0.0019      Fe 2                2.01513m   -6.956    0.0785      Blnd                5892.00A   -7.042    0.0644
C  1                9824.13A   -4.076   59.5804      Fe 2                9682.08A   -7.466    0.0243      Blnd                2665.00A   -5.100    5.6385
C  1                9850.26A   -3.600  177.9977      Fe 2                9513.85A   -8.273    0.0038      Blnd                2335.00A   -4.909    8.7456
C  1                370.269m   -4.031   65.9980      Fe 2                8715.81A   -8.098    0.0057      Blnd                8579.00A   -4.516   21.6392
C  1                609.590m   -4.667   15.2730      Fe 2                6873.84A   -7.763    0.0122      Blnd                7306.00A   -3.871   95.3701
C  2                1334.53A   -8.731    0.0013      Fe 2                6700.65A   -8.734    0.0013      Blnd                3933.00A   -6.119    0.5390
C  2                1335.66A   -8.291    0.0036      Fe 2                6188.55A   -7.942    0.0081      Blnd                1657.00A   -6.049    0.6331
C  2                1335.71A   -8.326    0.0033      Fe 2                5870.02A   -8.195    0.0045      Blnd                9850.00A   -3.475  237.5781
C  2                2323.50A   -8.101    0.0056      Fe 2                5673.20A   -8.229    0.0042      Blnd                2326.00A   -6.850    0.1002
C  2                2324.69A   -7.793    0.0114      Fe 2                4898.61A   -7.965    0.0077      Blnd                1335.00A   -7.932    0.0083
C  2                2325.40A   -7.292    0.0362      Fe 2                2.25348m   -7.473    0.0238      Blnd                3467.00A   -6.399    0.2829
C  2                2326.93A   -7.319    0.0341      Fe 2                1.02005m   -8.681    0.0015      Blnd                5199.00A   -4.154   49.7795
C  2                2328.12A   -7.740    0.0129      Fe 2                1.00139m   -8.125    0.0053      Blnd                1.04030m   -5.643    1.6143
C  2                157.636m   -5.386    2.9147      Fe 2                9133.66A   -8.847    0.0010      Blnd                2141.00A   -8.645    0.0016
Ca 1                4226.73A   -7.007    0.0698      Fe 2                8885.67A   -8.573    0.0019      Blnd                6300.00A   -3.871   95.4690
Ca 1                6439.08A   -7.940    0.0081      Fe 2                7131.14A   -8.738    0.0013      Blnd                2471.00A   -8.532    0.0021
Ca 1                6462.57A   -8.213    0.0043      Fe 2                6944.91A   -8.307    0.0035      Blnd                7323.00A   -8.700    0.0014
Ca 1                6493.78A   -8.440    0.0026      Fe 2                6473.88A   -8.343    0.0032      Blnd                7332.00A   -8.781    0.0012
Cl 1                11.3303m   -7.241    0.0408      Fe 2                6044.10A   -8.775    0.0012      Blnd                3727.00A   -6.620    0.1700
Co 2                9335.96A   -7.988    0.0073      Fe 2                5835.45A   -8.443    0.0026      Blnd                7325.00A   -8.437    0.0026
Co 2                9639.13A   -8.426    0.0027      Fe 2                5060.09A   -8.524    0.0021      N 1C                5199.00A   -8.137    0.0052
Co 2                10.5199m   -6.822    0.1068      Fe 2                4576.40A   -8.777    0.0012      N 1T                5199.00A   -8.240    0.0041
Co 2                15.4548m   -7.708    0.0139      Fe 2                1.34608m   -8.823    0.0011
Co 2                2.98382m   -6.309    0.3485      Fe 2                1.11648m   -8.639    0.0016

                                                    Emergent line intensities
 Caution: emergent intensities are not reliable on the first iteration.
general properties.............................      Fe 2                5.06097m   -7.182    0.0467      N  1                1134.98A   -8.717    0.0014
continua.......................................      Fe 2                4.43363m   -7.099    0.0565      N  1                1199.55A   -8.012    0.0069
FIR                 83.0000m   -2.461 2452.6880      Fe 2                1.40951m   -8.510    0.0022      N  1                1200.22A   -8.185    0.0046
TIR                 1800.00m   -4.640   16.2607      Fe 2                1.32777m   -6.648    0.1596      N  1                1200.71A   -8.487    0.0023
NIRa                2.85000m   -2.530 2095.2615      Fe 2                1.27877m   -6.705    0.1400      N  1                3466.50A   -6.483    0.2333
NIRb                3.00000m   -3.688  145.6723      Fe 2                1.25214m   -7.745    0.0128      N  1                3466.54A   -7.156    0.0495
MIRa                15.0000m   -3.782  117.1214      Fe 2                7926.88A   -7.983    0.0074      N  1                5197.90A   -4.552   19.9041
MIRb                22.5000m   -2.657 1563.9077      Fe 2                7803.89A   -7.723    0.0134      N  1                5200.26A   -4.376   29.8743
NMIR                21.7500m   -2.530 2095.2615      Fe 2                7665.28A   -6.976    0.0750      N  1                1.03977m   -5.988    0.7302
TFIR                611.250m   -3.388  290.6863      Fe 2                5006.63A   -7.123    0.0535      N  1                1.03982m   -6.510    0.2191
TALL                10000.0A   -2.080 5904.0991      Fe 2                4772.06A   -7.936    0.0082      N  1                1.04072m   -6.336    0.3277
F12                 12.0000m   -5.687    1.4592      Fe 2                4639.67A   -7.620    0.0170      N  1                1.04076m   -6.323    0.3371
F25                 25.0000m   -4.298   35.7392      Fe 2                4528.39A   -7.231    0.0417      Na 1                5889.95A   -7.344    0.0322
F60                 60.0000m   -2.513 2176.4070      Fe 2                4509.61A   -7.579    0.0187      Na 1                5895.92A   -7.343    0.0322
F100                100.000m   -5.621    1.6987      Fe 2                4452.10A   -5.601    1.7765      Ni 1                7.50454m   -7.406    0.0278
MIPS                24.0000m   -4.298   35.7340      Fe 2                3277.55A   -7.736    0.0130      O  1                1304.86A   -7.110    0.0551
MIPS                70.0000m   -2.514 2173.0825      Fe 2                3277.12A   -8.641    0.0016      O  1                1306.03A   -7.563    0.0194
MIPS                160.000m   -3.541  204.1024      Fe 2                3275.02A   -7.812    0.0109      O  1                1355.60A   -7.174    0.0475
IRAC                3.60000m   -6.909    0.0875      Fe 2                2631.05A   -6.553    0.1986      O  1                1358.51A   -7.584    0.0185
IRAC                4.50000m   -5.589    1.8282      Fe 2                2620.41A   -8.422    0.0027      O  1                2972.29A   -6.636    0.1642
IRAC                5.80000m   -3.876   94.4199      Fe 2                2613.82A   -7.328    0.0333      O  1                5577.34A   -5.686    1.4623
IRAC                8.00000m   -4.883    9.2825      Fe 2                2410.52A   -7.203    0.0444      O  1                6300.30A   -3.992   72.3411
SPR1                250.000m   -5.753    1.2519      Fe 2                2406.66A   -7.469    0.0241      O  1                6363.78A   -4.487   23.1094
SPR2                350.000m   -4.026   66.8317      Fe 2                2404.43A   -8.275    0.0038      O  1                6391.73A   -7.816    0.0109
SPR3                500.000m   -5.959    0.7795      Fe 2                2359.11A   -7.270    0.0381      O  1                44.0453m   -8.148    0.0051
PAC1                70.0000m   -2.514 2173.9307      Fe 2                2338.01A   -7.342    0.0323      O  1                63.1679m   -2.514 2172.0640
PAC2                100.000m   -5.620    1.7021      Fe 2                4.67067m   -7.724    0.0134      O  1                145.495m   -3.551  199.6699
PAC3                160.000m   -3.539  204.9512      Fe 2                1.29777m   -7.035    0.0654      O  2                2470.34A   -8.635    0.0016
PAH                 3.30000m   -7.715    0.0137      Fe 2                1.27034m   -6.907    0.0878      O  2                7319.99A   -8.829    0.0011
PAHC                3.23000m   -7.994    0.0072      Fe 2                7999.47A   -8.730    0.0013      O  2                3728.81A   -6.842    0.1020
PAHC                3.37000m   -7.985    0.0073      Fe 2                7874.24A   -7.077    0.0594      O  2                3726.03A   -7.018    0.0680
PAH                 6.20000m   -7.761    0.0123      Fe 2                7733.14A   -7.623    0.0169      P  2                60.6263m   -5.950    0.7957
PAHC                5.65000m   -6.672    0.1509      Fe 2                4798.28A   -7.486    0.0232      P  2                1532.53A   -8.556    0.0020
PAH                 7.90000m   -7.240    0.0409      Fe 2                4664.45A   -8.134    0.0052      P  2                32.8620m   -6.052    0.6291
PAHC                6.90000m   -4.886    9.2363      Fe 2                4533.01A   -8.126    0.0053      P  2                1.14682m   -5.970    0.7610
PAH                 11.3000m   -7.215    0.0433      Fe 2                4474.90A   -5.914    0.8653      P  2                4669.25A   -7.635    0.0165
PAHC                10.9000m   -6.764    0.1221      Fe 2                3289.89A   -8.122    0.0054      P  2                2195.57A   -7.914    0.0087
PAH                 11.8000m   -8.448    0.0025      Fe 2                3289.46A   -7.901    0.0089      P  2                1536.42A   -8.394    0.0029
PAHC                12.6500m   -6.513    0.2178      Fe 2                2628.29A   -7.020    0.0678      P  2                1535.92A   -8.348    0.0032
PAH                 13.3000m   -8.446    0.0025      Fe 2                2621.67A   -7.910    0.0087      P  2                1.18828m   -5.546    2.0171
PAHC                14.1000m   -6.173    0.4770      Fe 2                2413.31A   -7.721    0.0135      P  2                2210.34A   -7.460    0.0246
Bcon                3640.00A   -2.832 1045.6506      Fe 2                2411.07A   -7.728    0.0133      P  2                1542.30A   -8.636    0.0016
Pcon                5000.00A   -3.247  402.1902      Fe 2                2344.28A   -7.439    0.0258      P  2                7875.99A   -6.886    0.0922
O3bn                5007.00A   -5.111    5.4926      Fe 2                17.9311m   -4.865    9.6909      S  1                1483.04A   -8.507    0.0022
RRC............................................      Fe 2                1.64355m   -3.970   75.9616      S  1                1820.34A   -7.181    0.0468
grains.........................................      Fe 2                1.53348m   -5.095    5.6954      S  1                1826.24A   -7.664    0.0154
H-like iso-sequence............................      Fe 2                8616.95A   -5.359    3.1032      S  1                25.2421m   -5.128    5.2867
H  1                1215.67A   -3.152  499.8655      Fe 2                7155.17A   -5.487    2.3102      S  1                56.2957m   -6.087    0.5806
H  1                6562.80A   -5.089    5.7813      Fe 2                6896.17A   -6.940    0.0815      S  2                6730.82A   -4.610   17.4103
H  1                4861.32A   -5.851    1.0000      Fe 2                5413.37A   -7.397    0.0284      S  2                6716.44A   -4.449   25.2392
H  1                4340.46A   -6.232    0.4161      Fe 2                5280.27A   -7.934    0.0083      S  2                4076.35A   -6.158    0.4930
H  1                4101.73A   -7.916    0.0086      Fe 2                5273.36A   -5.486    2.3151      S  2                4068.60A   -5.667    1.5277
H  1                3970.07A   -8.204    0.0044      Fe 2                5158.79A   -4.875    9.4549      S  2                1.03364m   -6.296    0.3586
H  1                3889.05A   -8.435    0.0026      Fe 2                5111.64A   -5.782    1.1714      S  2                1.02867m   -6.293    0.3612
H  1                3835.38A   -8.629    0.0017      Fe 2                5072.41A   -5.528    2.1046      S  2                1.03705m   -6.618    0.1709
H  1                3797.90A   -8.794    0.0011      Fe 2                5039.10A   -6.962    0.0774      S  2                1.03205m   -6.160    0.4915
H  1                3770.63A   -8.543    0.0020      Fe 2                4814.54A   -5.832    1.0451      S  2                1259.52A   -7.939    0.0082
H  1                3750.15A   -8.658    0.0016      Fe 2                4774.73A   -6.272    0.3795      S  2                1253.81A   -8.016    0.0068
H  1                3734.37A   -8.761    0.0012      Fe 2                4745.49A   -7.324    0.0337      S  2                1250.58A   -8.326    0.0033
H  1                1.87510m   -6.623    0.1692      Fe 2                4661.78A   -8.422    0.0027      Sc 2                4246.82A   -8.405    0.0028
H  1                1.28181m   -6.936    0.0823      Fe 2                4243.97A   -5.202    4.4600      Sc 2                7043.49A   -8.176    0.0047
H  1                1.09381m   -8.301    0.0035      Fe 2                4177.20A   -6.292    0.3626      Sc 2                8261.17A   -8.690    0.0014
H  1                1.00494m   -8.608    0.0017      Fe 2                4146.65A   -7.867    0.0096      Sc 2                8271.28A   -8.576    0.0019
H  1                4.05115m   -7.492    0.0229      Fe 2                4114.48A   -8.205    0.0044      Sc 2                8326.62A   -8.830    0.0010
H  1                2.62515m   -8.479    0.0024      Fe 2                3929.35A   -8.458    0.0025      Sc 2                8347.28A   -8.395    0.0029
H  1                2.16553m   -8.829    0.0011      Fe 2                3387.09A   -6.707    0.1393      Sc 2                8384.33A   -8.707    0.0014
H  1                7.45782m   -8.517    0.0022      Fe 2                3376.20A   -5.909    0.8743      Sc 2                1.07804m   -8.774    0.0012
He-like iso-sequence...........................      Fe 2                2732.45A   -7.012    0.0691      Sc 2                2.03194m   -8.311    0.0035
extra Lyman....................................      Fe 2                2493.30A   -4.598   17.9066      Sc 2                2.04712m   -8.658    0.0016
database lines.................................      Fe 2                2484.20A   -8.139    0.0051      Sc 2                2.07591m   -8.303    0.0035
CN                  2648.35m   -8.635    0.0016      Fe 2                2360.00A   -6.629    0.1666      Sc 2                2.07842m   -8.137    0.0052
CN                  2640.74m   -8.336    0.0033      Fe 2                2348.12A   -6.717    0.1361      Sc 2                2.08152m   -8.406    0.0028
CN                  1322.30m   -8.695    0.0014      Fe 2                2331.31A   -8.298    0.0036      Sc 2                2.11129m   -8.579    0.0019
CN                  1321.03m   -8.436    0.0026      Fe 2                24.5126m   -5.564    1.9346      Sc 2                2.12445m   -8.578    0.0019
CN                  881.421m   -8.686    0.0015      Fe 2                1.80940m   -4.571   19.0485      Si 1                2211.75A   -8.828    0.0011
CN                  880.858m   -8.529    0.0021      Fe 2                1.67688m   -5.521    2.1389      Si 1                2519.20A   -8.247    0.0040
CN                  661.044m   -8.601    0.0018      Fe 2                1.59948m   -5.428    2.6478      Si 1                2528.51A   -8.027    0.0067
CN                  660.727m   -8.487    0.0023      Fe 2                9051.95A   -5.201    4.4711      Si 1                68.4548m   -7.535    0.0207
CN                  528.842m   -8.704    0.0014      Fe 2                8891.93A   -5.625    1.6819      Si 1                129.641m   -7.605    0.0176
CN                  528.639m   -8.613    0.0017      Fe 2                7452.56A   -5.979    0.7442      Si 2                34.8046m   -2.703 1404.8292
CN                  440.721m   -8.723    0.0013      Fe 2                7172.00A   -5.895    0.9036      Si 2                2334.41A   -5.858    0.9846
CN                  440.580m   -8.648    0.0016      Fe 2                6275.53A   -7.852    0.0100      Si 2                2328.52A   -6.464    0.2441
CN                  377.682m   -8.799    0.0011      Fe 2                5527.36A   -6.469    0.2411      Si 2                1808.01A   -5.938    0.8179
HF                  243.178m   -8.229    0.0042      Fe 2                5440.48A   -8.227    0.0042      Si 2                1526.71A   -8.608    0.0017
CO                  2600.05m   -8.340    0.0032      Fe 2                5433.15A   -6.000    0.7091      Si 2                1260.42A   -7.888    0.0092
CO                  1300.05m   -7.008    0.0697      Fe 2                5261.63A   -5.256    3.9393      Si 2                2350.17A   -5.711    1.3812
CO                  866.727m   -6.556    0.1974      Fe 2                5220.08A   -6.531    0.2090      Si 2                2344.20A   -5.315    3.4391
CO                  650.074m   -6.383    0.2941      Fe 2                5184.80A   -6.426    0.2658      Si 2                2334.60A   -5.420    2.6983
CO                  520.089m   -6.303    0.3532      Fe 2                5158.01A   -6.376    0.2986      Si 2                1817.45A   -5.756    1.2450
CO                  433.438m   -6.254    0.3949      Fe 2                4947.39A   -5.776    1.1894      Si 2                1816.93A   -5.459    2.4689
CO                  371.549m   -6.236    0.4125      Fe 2                4905.35A   -6.127    0.5297      Si 2                1533.43A   -6.262    0.3883
CO                  325.137m   -6.225    0.4229      Fe 2                4874.50A   -6.170    0.4800      Si 2                1309.28A   -7.041    0.0646
CO                  289.041m   -6.225    0.4227      Fe 2                4852.74A   -7.531    0.0209      Si 2                1265.00A   -6.854    0.0992
CO                  260.169m   -6.231    0.4170      Fe 2                4346.86A   -5.829    1.0518      Si 2                1264.74A   -7.257    0.0393
CO                  236.549m   -6.244    0.4044      Fe 2                4276.84A   -5.753    1.2536      Si 2                1197.39A   -7.241    0.0407
CO                  216.868m   -6.265    0.3855      Fe 2                4244.82A   -6.565    0.1934      Si 2                1194.50A   -7.487    0.0231
CO                  200.218m   -6.290    0.3641      Fe 2                4231.56A   -8.165    0.0049      Si 2                3862.60A   -8.448    0.0025
CO                  185.949m   -6.312    0.3463      Fe 2                4211.11A   -8.139    0.0051      Si 2                3856.02A   -8.420    0.0027
CO                  173.584m   -6.336    0.3274      Fe 2                3455.11A   -6.813    0.1091      Si 2                6371.37A   -8.365    0.0031
CO                  162.767m   -6.363    0.3078      Fe 2                3452.31A   -6.502    0.2234      Si 2                6347.11A   -8.287    0.0037
CO                  153.225m   -6.391    0.2883      Fe 2                3440.99A   -6.388    0.2904      Zn 2                2062.00A   -7.942    0.0081
CO                  144.745m   -6.421    0.2691      Fe 2                2774.73A   -8.252    0.0040      Zn 2                2025.48A   -7.707    0.0139
CO                  137.159m   -6.452    0.2505      Fe 2                2759.34A   -8.640    0.0016      Al 2                2669.15A   -5.496    2.2630
CO                  130.333m   -6.484    0.2329      Fe 2                2485.07A   -8.444    0.0026      Al 2                2660.35A   -5.323    3.3764
CO                  124.160m   -6.521    0.2138      Fe 2                2391.48A   -7.523    0.0213      Al 2                1670.79A   -5.991    0.7237
CO                  118.548m   -6.561    0.1950      Fe 2                2379.28A   -8.191    0.0046      Al 2                3900.67A   -8.732    0.0013
CO                  113.427m   -6.602    0.1776      Fe 2                2362.02A   -6.996    0.0717      Ca 2                7323.89A   -4.264   38.6125
CO                  108.733m   -6.645    0.1609      Fe 2                35.7675m   -6.364    0.3067      Ca 2                7291.47A   -4.097   56.7463
CO                  104.416m   -6.688    0.1456      Fe 2                1.95361m   -5.482    2.3378      Ca 2                3968.47A   -6.445    0.2549
CO                  100.433m   -6.733    0.1312      Fe 2                1.80002m   -5.537    2.0629      Ca 2                8662.14A   -4.992    7.2216
CO                  96.7462m   -6.780    0.1177      Fe 2                1.71113m   -6.106    0.5561      Ca 2                3933.66A   -6.397    0.2842
CO                  93.3237m   -6.829    0.1052      Fe 2                1.66377m   -5.725    1.3362      Ca 2                8498.02A   -5.686    1.4638
CO                  90.1384m   -6.879    0.0937      Fe 2                9399.04A   -5.623    1.6917      Ca 2                8542.09A   -4.739   12.9508
CO                  87.1666m   -6.932    0.0830      Fe 2                9226.63A   -5.569    1.9156      Ca 2                3706.02A   -7.360    0.0310
CO                  84.3877m   -6.985    0.0734      Fe 2                9033.49A   -6.644    0.1609      Ca 2                3736.90A   -7.063    0.0613
CO                  81.7835m   -7.040    0.0647      Fe 2                7388.17A   -6.015    0.6853      Ca 2                3158.87A   -7.382    0.0294
CO                  79.3383m   -7.098    0.0567      Fe 2                6440.41A   -6.968    0.0765      Ca 2                3181.27A   -8.087    0.0058
CO                  77.0375m   -7.157    0.0494      Fe 2                6229.28A   -8.118    0.0054      Ca 2                3179.33A   -7.133    0.0523
CO                  74.8697m   -7.217    0.0431      Fe 2                5654.87A   -7.429    0.0264      Ca 2                1.19497m   -8.793    0.0011
CO                  72.8231m   -7.279    0.0373      Fe 2                5556.31A   -6.670    0.1519      Ca 2                1.18390m   -8.495    0.0023
CO                  70.8878m   -7.342    0.0323      Fe 2                5412.67A   -7.197    0.0450      Ca 2                1838.01A   -8.319    0.0034
CO                  69.0557m   -7.405    0.0279      Fe 2                5333.66A   -5.543    2.0336      Ca 2                1840.03A   -8.163    0.0049
CO                  67.3181m   -7.470    0.0240      Fe 2                5296.84A   -6.826    0.1060      Ca 2                2112.76A   -8.791    0.0011
CO                  65.6684m   -7.536    0.0206      Fe 2                5268.89A   -6.546    0.2019      Cl 2                14.3639m   -6.174    0.4754
CO                  64.0998m   -7.602    0.0177      Fe 2                5107.96A   -7.481    0.0234      Cl 2                33.2721m   -7.254    0.0395
CO                  62.6072m   -7.668    0.0152      Fe 2                5049.30A   -5.949    0.7979      Cl 2                8578.70A   -5.862    0.9747
CO                  61.1843m   -7.736    0.0130      Fe 2                5005.52A   -6.003    0.7044      Cl 2                9123.60A   -6.447    0.2536
CO                  59.8271m   -7.803    0.0112      Fe 2                4973.40A   -6.271    0.3805      Cl 2                3677.85A   -7.784    0.0117
CO                  58.5311m   -7.871    0.0095      Fe 2                4950.76A   -6.616    0.1716      Cl 2                6161.84A   -7.739    0.0130
CO                  57.2920m   -7.940    0.0081      Fe 2                4352.79A   -6.069    0.6058      Mg 2                2802.71A   -4.022   67.4943
CO                  56.1066m   -8.010    0.0069      Fe 2                4319.62A   -6.335    0.3284      Mg 2                2795.53A   -3.725  133.5549
CO                  54.9712m   -8.081    0.0059      Fe 2                4305.90A   -7.137    0.0517      Mg 2                2936.52A   -6.952    0.0792
CO                  53.8829m   -8.152    0.0050      Fe 2                4084.33A   -8.462    0.0024      Mg 2                2928.64A   -7.254    0.0395
CO                  52.8388m   -8.224    0.0042      Fe 2                3504.51A   -7.116    0.0543      Mg 2                2797.93A   -7.693    0.0144
CO                  51.8365m   -8.296    0.0036      Fe 2                3504.02A   -6.973    0.0755      Mg 2                2790.77A   -6.990    0.0726
CO                  50.8731m   -8.369    0.0030      Fe 2                3501.63A   -6.537    0.2063      Mg 2                2798.00A   -6.737    0.1300
CO                  49.9472m   -8.441    0.0026      Fe 2                3489.99A   -7.216    0.0431      Mg 2                9244.22A   -8.809    0.0011
CO                  49.0559m   -8.515    0.0022      Fe 2                2385.01A   -7.820    0.0107      Mg 2                9218.22A   -8.513    0.0022
CO                  48.1977m   -8.591    0.0018      Fe 2                2.06648m   -6.876    0.0945      N  2                205.283m   -8.040    0.0065
CO                  47.3709m   -8.667    0.0015      Fe 2                1.89541m   -6.272    0.3790      N  2                121.769m   -8.256    0.0039
CO                  46.5738m   -8.745    0.0013      Fe 2                1.79711m   -5.759    1.2354      N  2                6548.05A   -7.410    0.0276
CO                  45.8046m   -8.824    0.0011      Fe 2                1.74494m   -6.048    0.6358      N  2                6583.45A   -6.940    0.0814
^13CO               1359.86m   -8.561    0.0020      Fe 2                9652.70A   -6.472    0.2396      N  2                5754.59A   -8.789    0.0012
^13CO               906.599m   -8.079    0.0059      Fe 2                9470.94A   -5.959    0.7794      N  2                2142.77A   -8.793    0.0011
^13CO               679.978m   -7.890    0.0091      Fe 2                9267.56A   -6.341    0.3236      Ni 2                1.19102m   -4.847   10.0836
^13CO               544.012m   -7.805    0.0111      Fe 2                7544.00A   -8.654    0.0016      Ni 2                6.63416m   -5.475    2.3791
^13CO               453.374m   -7.755    0.0125      Fe 2                6558.51A   -7.181    0.0467      Ni 2                1.07151m   -6.467    0.2423
^13CO               388.637m   -7.734    0.0131      Fe 2                5745.71A   -7.800    0.0112      Ni 2                10.6793m   -6.104    0.5585
^13CO               340.088m   -7.724    0.0134      Fe 2                5643.98A   -7.642    0.0162      Ni 2                1.27792m   -8.291    0.0036
^13CO               302.332m   -7.723    0.0134      Fe 2                5495.84A   -7.474    0.0238      Ni 2                1.16130m   -6.983    0.0737
^13CO               272.130m   -7.729    0.0132      Fe 2                5376.47A   -5.937    0.8204      Ni 2                12.7253m   -6.520    0.2142
^13CO               247.423m   -7.742    0.0129      Fe 2                5347.66A   -7.051    0.0630      Ni 2                9882.95A   -7.733    0.0131
^13CO               226.836m   -7.763    0.0122      Fe 2                5181.96A   -7.327    0.0334      Ni 2                1.09177m   -7.271    0.0381
^13CO               209.419m   -7.789    0.0115      Fe 2                5076.57A   -6.607    0.1752      Ni 2                18.2355m   -7.237    0.0411
^13CO               194.493m   -7.812    0.0110      Fe 2                5043.53A   -6.477    0.2364      Ni 2                9374.87A   -8.025    0.0067
^13CO               181.558m   -7.837    0.0103      Fe 2                5020.25A   -6.594    0.1809      Ni 2                7377.83A   -5.633    1.6505
^13CO               170.243m   -7.865    0.0097      Fe 2                4372.43A   -6.609    0.1746      Ni 2                8300.99A   -6.929    0.0835
^13CO               160.261m   -7.895    0.0090      Fe 2                4358.37A   -6.820    0.1073      Ni 2                1.93877m   -6.341    0.3235
^13CO               151.390m   -7.926    0.0084      Fe 2                4080.00A   -8.492    0.0023      Ni 2                2.36883m   -7.628    0.0167
^13CO               143.454m   -7.959    0.0078      Fe 2                3539.19A   -6.821    0.1073      Ni 2                2.91064m   -7.297    0.0358
^13CO               136.314m   -7.992    0.0072      Fe 2                3538.69A   -7.114    0.0546      Ni 2                6666.80A   -6.481    0.2345
^13CO               129.855m   -8.032    0.0066      Fe 2                3536.25A   -7.240    0.0408      Ni 2                7411.61A   -6.262    0.3882
^13CO               123.985m   -8.073    0.0060      Fe 2                3524.38A   -8.548    0.0020      Ni 2                1.76458m   -8.407    0.0028
^13CO               118.627m   -8.117    0.0054      Fe 2                22.8961m   -7.869    0.0096      Ni 2                2.04866m   -7.985    0.0073
^13CO               113.717m   -8.163    0.0049      Fe 2                1.81139m   -8.149    0.0050      Ni 2                2.30794m   -7.441    0.0257
^13CO               109.201m   -8.211    0.0044      Fe 2                7764.71A   -7.355    0.0313      Ni 2                6.91767m   -7.741    0.0129
^13CO               105.034m   -8.262    0.0039      Fe 2                7336.73A   -7.645    0.0161      Ni 2                4326.24A   -6.428    0.2650
^13CO               101.176m   -8.315    0.0034      Fe 2                7267.25A   -8.613    0.0017      Ni 2                4628.05A   -6.850    0.1003
^13CO               97.5955m   -8.372    0.0030      Fe 2                6809.24A   -7.622    0.0169      Ni 2                6794.20A   -7.906    0.0088
^13CO               94.2629m   -8.431    0.0026      Fe 2                6729.87A   -7.903    0.0089      Ni 2                7255.82A   -6.783    0.1171
^13CO               91.1537m   -8.495    0.0023      Fe 2                6671.93A   -8.466    0.0024      Ni 2                7694.56A   -7.853    0.0100
^13CO               88.2461m   -8.562    0.0019      Fe 2                5721.37A   -8.740    0.0013      Ni 2                8033.54A   -8.017    0.0068
^13CO               85.5213m   -8.635    0.0016      Fe 2                5163.96A   -7.650    0.0159      Ni 2                1.04597m   -7.266    0.0384
^13CO               82.9627m   -8.713    0.0014      Fe 2                4266.35A   -8.352    0.0032      Ni 2                1.23230m   -7.294    0.0361
^13CO               80.5556m   -8.798    0.0011      Fe 2                4249.08A   -8.623    0.0017      Ni 2                4201.17A   -6.610    0.1741
OH+                 308.406m   -8.793    0.0011      Fe 2                4157.92A   -8.626    0.0017      Ni 2                4485.21A   -7.063    0.0614
C  1                1560.31A   -7.488    0.0230      Fe 2                3277.35A   -7.141    0.0513      Ni 2                7307.65A   -6.958    0.0781
C  1                1560.68A   -7.505    0.0222      Fe 2                3255.89A   -8.390    0.0029      Ni 2                7612.72A   -7.287    0.0367
C  1                1560.71A   -7.711    0.0138      Fe 2                2926.59A   -7.987    0.0073      Ni 2                1.13597m   -7.970    0.0076
C  1                1561.34A   -7.029    0.0664      Fe 2                2880.76A   -7.719    0.0136      Ni 2                4285.31A   -7.819    0.0108
C  1                1561.37A   -7.553    0.0199      Fe 2                2755.74A   -6.061    0.6167      Ni 2                6791.48A   -7.533    0.0208
C  1                1561.44A   -7.010    0.0693      Fe 2                2739.55A   -6.740    0.1292      Ni 2                7054.20A   -7.438    0.0259
C  1                1656.27A   -6.804    0.1115      Fe 2                2716.70A   -6.934    0.0827      Ni 2                9.61508m   -8.727    0.0013
C  1                1656.93A   -7.240    0.0408      Fe 2                34.6508m   -8.741    0.0013      Ni 2                4033.04A   -6.877    0.0942
C  1                1657.01A   -6.449    0.2526      Fe 2                1.00287m   -7.342    0.0322      Ni 2                4294.09A   -6.997    0.0715
C  1                1657.38A   -7.300    0.0355      Fe 2                8245.16A   -8.841    0.0010      Ni 2                6467.29A   -8.030    0.0066
C  1                1657.91A   -6.771    0.1202      Fe 2                8037.28A   -7.872    0.0095      Ni 2                6813.57A   -7.018    0.0680
C  1                1658.12A   -6.990    0.0726      Fe 2                7579.61A   -8.364    0.0031      Ni 2                7078.04A   -7.567    0.0192
C  1                1930.90A   -8.550    0.0020      Fe 2                7017.95A   -8.282    0.0037      Ni 2                1.02090m   -8.348    0.0032
C  1                1992.01A   -8.193    0.0046      Fe 2                6933.67A   -8.648    0.0016      Ni 2                3993.06A   -6.531    0.2088
C  1                1993.62A   -6.872    0.0953      Fe 2                6872.19A   -7.814    0.0109      Ni 2                4248.80A   -7.007    0.0699
C  1                2582.90A   -8.136    0.0052      Fe 2                6829.03A   -8.848    0.0010      Ni 2                6007.06A   -8.121    0.0054
C  1                8727.13A   -8.578    0.0019      Fe 2                5746.98A   -7.700    0.0142      Ni 2                6365.10A   -7.005    0.0701
C  1                9824.13A   -4.076   59.5733      Fe 2                5283.12A   -8.258    0.0039      Ni 2                6700.24A   -8.398    0.0028
C  1                9850.26A   -3.601  177.9765      Fe 2                5199.18A   -8.473    0.0024      Ni 2                6955.82A   -8.433    0.0026
C  1                370.269m   -4.031   66.0215      Fe 2                4351.81A   -8.622    0.0017      Ni 2                8703.87A   -7.460    0.0246
C  1                609.590m   -4.667   15.2784      Fe 2                4347.36A   -7.991    0.0072      Ni 2                9956.63A   -7.687    0.0146
C  2                1334.53A   -8.736    0.0013      Fe 2                4329.43A   -7.338    0.0326      Ni 2                5.18504m   -8.466    0.0024
C  2                1335.66A   -8.297    0.0036      Fe 2                2953.77A   -8.740    0.0013      Ni 2                3438.88A   -6.720    0.1352
C  2                1335.71A   -8.331    0.0033      Fe 2                2772.73A   -6.801    0.1122      Ni 2                3626.89A   -7.028    0.0666
C  2                2323.50A   -8.101    0.0056      Fe 2                2749.32A   -6.900    0.0894      Ni 2                3378.16A   -7.334    0.0329
C  2                2324.69A   -7.793    0.0114      Fe 2                9795.19A   -8.120    0.0054      Ni 2                3559.41A   -7.314    0.0345
C  2                2325.40A   -7.292    0.0362      Fe 2                8228.13A   -8.036    0.0065      level 1 lines..................................
C  2                2326.93A   -7.319    0.0341      Fe 2                7613.14A   -8.443    0.0026      recombination..................................
C  2                2328.12A   -7.740    0.0129      Fe 2                7011.24A   -8.850    0.0010      level2 lines...................................
C  2                157.636m   -5.386    2.9158      Fe 2                6966.33A   -8.207    0.0044      C  1                1247.50A   -7.692    0.0144
Ca 1                4226.73A   -7.007    0.0698      Fe 2                5477.25A   -8.204    0.0044      C  1                1314.77A   -7.615    0.0172
Ca 1                6439.08A   -7.940    0.0081      Fe 2                5278.38A   -8.672    0.0015      C  1                1233.29A   -8.215    0.0043
Ca 1                6462.57A   -8.213    0.0043      Fe 2                4402.59A   -8.458    0.0025      C  1                1250.68A   -8.370    0.0030
Ca 1                6493.78A   -8.440    0.0026      Fe 2                4384.21A   -8.390    0.0029      Mg 1                1817.31A   -8.559    0.0020
Cl 1                11.3303m   -7.241    0.0408      Fe 2                1.05081m   -8.601    0.0018      Mg 1                1739.09A   -8.772    0.0012
Co 2                9335.96A   -7.988    0.0073      Fe 2                7710.80A   -8.754    0.0012      Mg 1                1699.05A   -8.790    0.0012
Co 2                9639.13A   -8.426    0.0027      Fe 2                7048.01A   -8.420    0.0027      Mg 1                1675.74A   -8.794    0.0011
Co 2                10.5199m   -6.822    0.1069      Fe 2                5901.28A   -8.650    0.0016      Mg 1                1660.94A   -8.827    0.0011
Co 2                15.4548m   -7.708    0.0139      Fe 2                5527.62A   -8.762    0.0012      Si 1                1853.05A   -8.804    0.0011
Co 2                2.98382m   -6.309    0.3486      Fe 2                2.04602m   -7.287    0.0366      Si 2                1179.59A   -8.105    0.0056
Co 2                14.7345m   -7.351    0.0316      Fe 2                1.41956m   -7.842    0.0102      S  1                1356.05A   -8.227    0.0042
Co 2                18.7989m   -7.871    0.0095      Fe 2                1.35904m   -8.648    0.0016      S  1                1392.25A   -8.622    0.0017
Co 2                25.6819m   -8.559    0.0020      Fe 2                1.23314m   -7.636    0.0164      S  1                1418.10A   -8.823    0.0011
Co 2                1.01879m   -7.036    0.0653      Fe 2                1.09108m   -7.559    0.0196      Ca 2                1360.06A   -8.829    0.0011
Co 2                1.12804m   -8.007    0.0070      Fe 2                1.07084m   -7.997    0.0071      Fe 1                2484.25A   -8.481    0.0023
Co 2                1.54700m   -7.281    0.0371      Fe 2                1.05625m   -8.448    0.0025      Fe 1                2526.51A   -8.715    0.0014
Co 2                1.72847m   -8.277    0.0037      Fe 2                1.01565m   -8.250    0.0040      Sc 2                3627.22A   -7.174    0.0475
Co 2                1.90349m   -8.117    0.0054      Fe 2                8119.18A   -8.726    0.0013      Sc 2                3575.45A   -7.296    0.0359
Co 2                1.02452m   -7.844    0.0102      Fe 2                5588.16A   -7.553    0.0199      Sc 2                3368.13A   -7.860    0.0098
Co 2                1.09726m   -8.472    0.0024      Fe 2                5586.91A   -8.415    0.0027      Ti 2                3364.74A   -5.600    1.7805
Co 2                1.49674m   -8.708    0.0014      Fe 2                5580.82A   -6.984    0.0736      Ti 2                3237.15A   -5.840    1.0252
Co 2                1.62622m   -8.696    0.0014      Fe 2                5551.32A   -6.702    0.1409      Ti 2                1904.17A   -7.709    0.0139
Co 2                1.73616m   -8.402    0.0028      Fe 2                3227.74A   -8.356    0.0031      Ti 2                1907.36A   -7.452    0.0251
Co 2                1.02803m   -8.441    0.0026      Fe 2                3196.07A   -7.936    0.0082      V  2                2710.94A   -7.926    0.0084
Co 2                8580.39A   -8.497    0.0023      Fe 2                2.13278m   -7.542    0.0204      V  2                2684.22A   -7.691    0.0145
Co 2                9342.40A   -7.193    0.0455      Fe 2                1.46079m   -8.389    0.0029      V  2                2139.33A   -8.317    0.0034
Co 2                9943.48A   -7.540    0.0205      Fe 2                1.39678m   -8.450    0.0025      Cr 1                4269.56A   -8.411    0.0028
Co 2                7539.01A   -7.861    0.0098      Fe 2                1.30943m   -8.469    0.0024      Cr 1                3589.90A   -8.229    0.0042
Co 2                8121.00A   -7.573    0.0189      Fe 2                1.24364m   -8.655    0.0016      Cr 2                2059.78A   -6.200    0.4476
Co 2                8571.41A   -8.181    0.0047      Fe 2                1.09413m   -7.756    0.0124      Mn 2                1198.85A   -8.560    0.0020
Co 2                6.21176m   -8.822    0.0011      Fe 2                1.07890m   -7.852    0.0100      Co 2                2060.90A   -7.665    0.0153
Co 2                8027.34A   -8.040    0.0065      Fe 2                1.06830m   -8.610    0.0017      Co 2                2018.80A   -7.700    0.0142
Co 2                8467.14A   -8.453    0.0025      Fe 2                1.03658m   -8.621    0.0017      Co 2                1949.74A   -7.778    0.0118
Co 2                8333.76A   -8.221    0.0043      Fe 2                5650.95A   -7.531    0.0209      Co 2                1575.91A   -8.306    0.0035
Cr 2                8000.08A   -6.033    0.6575      Fe 2                5649.67A   -7.505    0.0222      Co 2                1470.18A   -8.388    0.0029
Cr 2                8125.30A   -6.107    0.5546      Fe 2                5643.44A   -8.643    0.0016      Ni 2                1751.83A   -7.235    0.0413
Cr 2                8229.67A   -6.201    0.4464      Fe 2                5613.27A   -6.918    0.0857      Ni 2                1744.24A   -7.042    0.0645
Cr 2                8308.49A   -6.389    0.2901      Fe 2                2.24366m   -7.880    0.0093      Ni 2                1484.97A   -8.378    0.0030
Cr 2                8357.64A   -6.686    0.1462      Fe 2                2.00672m   -7.226    0.0422      Ni 2                1472.74A   -8.063    0.0061
Fe 1                24.0358m   -6.470    0.2403      Fe 2                1.10657m   -8.100    0.0056      Ni 2                1400.37A   -8.375    0.0030
Fe 1                34.7038m   -7.058    0.0621      Fe 2                1.09542m   -8.203    0.0044      Ni 2                1375.73A   -8.032    0.0066
Fe 2                25.9813m   -4.399   28.3009      Fe 2                5725.92A   -7.803    0.0112      Ni 2                1324.11A   -8.135    0.0052
Fe 2                5.33871m   -3.877   94.2679      Fe 2                5718.22A   -7.252    0.0397      hyperfine structure............................
Fe 2                4.11387m   -6.239    0.4091      Fe 2                2.22379m   -6.635    0.1643      inner shell....................................
Fe 2                1.25668m   -5.148    5.0419      Fe 2                2.01513m   -6.956    0.0786      molecules......................................
Fe 2                1.19129m   -7.933    0.0083      Fe 2                9682.08A   -7.466    0.0243      bands..........................................
Fe 2                6309.53A   -8.778    0.0012      Fe 2                9513.85A   -8.273    0.0038      Fe 2b               2500.00A   -4.034   65.5498
Fe 2                4799.30A   -8.677    0.0015      Fe 2                8715.81A   -8.099    0.0057      Fe 2b               5000.00A   -4.090   57.7397
Fe 2                4704.22A   -7.901    0.0089      Fe 2                6873.84A   -7.763    0.0122      Fe 2b               7000.00A   -5.032    6.5909
Fe 2                4632.28A   -6.108    0.5529      Fe 2                6700.65A   -8.735    0.0013      Fe 2b               10000.0A   -3.712  137.6289
Fe 2                4604.48A   -7.892    0.0091      Fe 2                6188.55A   -7.942    0.0081      Fe 2b               2355.00A   -4.841   10.2354
Fe 2                4416.27A   -6.090    0.5772      Fe 2                5870.02A   -8.195    0.0045      Fe 2b               2430.00A   -4.042   64.4219
Fe 2                4382.74A   -7.059    0.0619      Fe 2                5673.20A   -8.229    0.0042      Fe 2b               2445.00A   -4.042   64.4218
Fe 2                4287.39A   -5.127    5.2937      Fe 2                4898.61A   -7.965    0.0077      Fe 2b               2495.00A   -4.598   17.9153
Fe 2                3931.44A   -8.722    0.0013      Fe 2                2.25348m   -7.473    0.0239      Fe 2b               2610.00A   -4.292   36.2663
Fe 2                3874.07A   -8.353    0.0032      Fe 2                1.02005m   -8.681    0.0015      Fe 2b               2695.00A   -6.933    0.0827
Fe 2                3175.38A   -6.938    0.0818      Fe 2                1.00139m   -8.125    0.0053      Fe 2b               2758.00A   -5.841    1.0222
Fe 2                2599.40A   -7.634    0.0165      Fe 2                9133.66A   -8.847    0.0010      Fe 2b               2780.00A   -5.802    1.1189
Fe 2                2585.88A   -8.651    0.0016      Fe 2                8885.67A   -8.573    0.0019      Fe 2b               2935.00A   -7.490    0.0229
Fe 2                2382.04A   -5.877    0.9425      Fe 2                7131.14A   -8.738    0.0013      Fe 2b               2960.00A   -7.878    0.0094
Fe 2                2343.50A   -8.451    0.0025      Fe 2                6944.91A   -8.307    0.0035      Fe 2b               3180.00A   -6.448    0.2530
Fe 2                35.3391m   -5.061    6.1686      Fe 2                6473.88A   -8.343    0.0032      Fe 2b               3250.00A   -5.748    1.2668
Fe 2                6.71944m   -5.016    6.8344      Fe 2                6044.10A   -8.775    0.0012      Fe 2b               3590.00A   -5.769    1.2091
Fe 2                4.88781m   -5.903    0.8879      Fe 2                5835.45A   -8.443    0.0026      Fe 2b               3910.00A   -7.817    0.0108
Fe 2                4.07521m   -6.724    0.1339      Fe 2                5060.09A   -8.524    0.0021      Fe 2b               4060.00A   -8.476    0.0024
Fe 2                1.32055m   -5.645    1.6076      Fe 2                4576.40A   -8.777    0.0012      Fe 2b               4255.00A   -4.523   21.2943
Fe 2                1.24854m   -6.679    0.1487      Fe 2                1.34608m   -8.823    0.0011      Fe 2b               4558.00A   -5.253    3.9633
Fe 2                1.20512m   -8.491    0.0023      Fe 2                1.11648m   -8.639    0.0016      Fe 2b               4600.00A   -5.223    4.2438
Fe 2                7637.52A   -5.949    0.7987      Fe 2                5048.19A   -8.491    0.0023      Fe 2b               4743.00A   -5.972    0.7570
Fe 2                7523.28A   -7.996    0.0072      Fe 2                1.71482m   -8.074    0.0060      Fe 2b               4855.00A   -5.393    2.8710
Fe 2                4889.62A   -5.972    0.7565      Fe 2                9949.21A   -8.406    0.0028      Fe 2b               4920.00A   -4.878    9.3866
Fe 2                4750.27A   -8.704    0.0014      Fe 2                7975.22A   -8.590    0.0018      Fe 2b               4975.00A   -5.408    2.7717
Fe 2                4716.37A   -6.986    0.0733      Fe 2                1.47063m   -8.844    0.0010      Fe 2b               4971.00A   -5.451    2.5111
Fe 2                4687.56A   -7.189    0.0459      Fe 2                1.01273m   -8.520    0.0021      Fe 2b               5070.00A   -5.330    3.3189
Fe 2                4492.64A   -6.959    0.0780      Fe 2                6353.11A   -8.641    0.0016      Fe 2b               5143.00A   -4.797   11.3365
Fe 2                4457.95A   -6.358    0.3115      Fe 2                1.80228m   -8.742    0.0013      Fe 2b               5270.00A   -4.512   21.8310
Fe 2                4432.45A   -7.151    0.0501      Fe 2                1.00387m   -8.671    0.0015      Fe 2b               5318.00A   -4.830   10.4941
Fe 2                4359.33A   -5.258    3.9188      Fe 2                9469.41A   -8.555    0.0020      Fe 2b               5540.00A   -5.977    0.7475
Fe 2                3224.54A   -8.035    0.0065      Fe 2                9384.77A   -8.045    0.0064      Fe 2b               5865.00A   -6.577    0.1880
Fe 2                3214.67A   -7.452    0.0250      Fe 2                2.39329m   -8.095    0.0057      Fe 2b               6265.00A   -7.389    0.0290
Fe 2                2625.67A   -4.414   27.3731      Fe 2                4825.73A   -7.511    0.0219      Fe 2b               6565.00A   -6.733    0.1312
Fe 2                2611.87A   -5.152    5.0019      Fe 2                2.50030m   -8.432    0.0026      Fe 2b               6910.00A   -6.672    0.1509
Fe 2                2598.37A   -6.383    0.2937      Fe 2                4867.73A   -8.552    0.0020      Fe 2b               7445.00A   -5.053    6.2745
Fe 2                2395.63A   -5.423    2.6784      Fe 2                2.59860m   -8.815    0.0011      Fe 2b               8625.00A   -4.721   13.4841
Fe 2                2388.63A   -6.477    0.2363      Fe 2                4903.85A   -8.004    0.0070      Fe 2b               1.03250m   -5.779    1.1808
Fe 2                2383.06A   -8.366    0.0031      Fe 2                1.04657m   -8.848    0.0010      Fe 2b               1.88900m   -4.427   26.5224
Fe 2                2364.83A   -5.817    1.0802      Fe 2                3.58120m   -8.440    0.0026      Fe 2b               2.20000m   -6.511    0.2186
Fe 2                2332.80A   -6.912    0.0869      Fe 2                3.15558m   -8.470    0.0024      miscellaneous..................................
Fe 2                2279.91A   -8.448    0.0025      Fe 2                5171.63A   -7.812    0.0109      Blnd                8446.00A   -8.576    0.0019
Fe 2                51.2868m   -5.579    1.8707      Fe 2                5169.03A   -7.059    0.0619      Blnd                1304.00A   -6.976    0.0749
Fe 2                5.67236m   -6.714    0.1370      Fe 2                5018.44A   -8.779    0.0012      Blnd                2798.00A   -3.548  201.0492
Fe 2                4.60641m   -6.524    0.2125      Fe 2                6044.54A   -8.256    0.0039      Blnd                6720.00A   -4.221   42.6495
Fe 2                4.08085m   -7.270    0.0381      Fe 2                5316.61A   -8.746    0.0013      Blnd                4074.00A   -5.545    2.0207
Fe 2                1.37181m   -5.888    0.9177      Fe 3                22.9190m   -8.778    0.0012      Blnd                1.03300m   -5.654    1.5725
Fe 2                1.29427m   -6.464    0.2436      Fe 3                4985.87A   -8.641    0.0016      Blnd                1256.00A   -7.587    0.0184
Fe 2                7806.23A   -7.721    0.0135      K  1                7664.90A   -8.563    0.0019      Blnd                5892.00A   -7.042    0.0644
Fe 2                7686.93A   -6.026    0.6679      Mg 1                2025.82A   -8.124    0.0053      Blnd                2665.00A   -5.100    5.6394
Fe 2                7552.40A   -8.505    0.0022      Mg 1                2852.13A   -5.363    3.0794      Blnd                2335.00A   -4.909    8.7473
Fe 2                4958.23A   -7.823    0.0107      Mg 1                3832.30A   -8.435    0.0026      Blnd                8579.00A   -4.516   21.6362
Fe 2                4750.57A   -7.820    0.0107      Mg 1                3838.29A   -8.018    0.0068      Blnd                7306.00A   -3.872   95.3587
Fe 2                4728.07A   -6.621    0.1699      Mg 1                4562.60A   -5.169    4.8097      Blnd                3933.00A   -6.119    0.5392
Fe 2                4514.90A   -6.983    0.0738      Mg 1                4571.10A   -5.607    1.7527      Blnd                1657.00A   -6.049    0.6332
Fe 2                4488.75A   -6.702    0.1408      Mg 1                4575.29A   -6.535    0.2069      Blnd                9850.00A   -3.475  237.5499
Fe 2                4470.30A   -7.906    0.0088      Mg 1                5167.32A   -7.694    0.0144      Blnd                2326.00A   -6.850    0.1002
Fe 2                4413.78A   -5.409    2.7667      Mg 1                5172.68A   -7.220    0.0428      Blnd                1335.00A   -7.938    0.0082
Fe 2                3254.24A   -7.512    0.0218      Mg 1                5183.60A   -6.999    0.0711      Blnd                3467.00A   -6.399    0.2829
Fe 2                3244.18A   -7.807    0.0111      Mg 1                8806.76A   -7.276    0.0375      Blnd                5199.00A   -4.154   49.7784
Fe 2                2631.32A   -5.371    3.0206      Mg 1                1.18282m   -7.439    0.0258      Blnd                1.04030m   -5.643    1.6141
Fe 2                2617.62A   -6.815    0.1087      Mg 1                1.50250m   -8.260    0.0039      Blnd                2141.00A   -8.645    0.0016
Fe 2                2607.09A   -6.708    0.1391      Mg 1                1.50402m   -8.704    0.0014      Blnd                6300.00A   -3.871   95.4614
Fe 2                2404.89A   -6.406    0.2785      Mg 1                1.71087m   -7.952    0.0079      Blnd                2471.00A   -8.532    0.0021
Fe 2                2399.24A   -7.229    0.0419      Mn 2                2576.10A   -6.554    0.1981      Blnd                7323.00A   -8.700    0.0014
Fe 2                2395.42A   -8.217    0.0043      Mn 2                2593.72A   -6.648    0.1595      Blnd                7332.00A   -8.781    0.0012
Fe 2                2380.76A   -5.231    4.1730      Mn 2                2605.68A   -6.787    0.1159      Blnd                3727.00A   -6.620    0.1700
Fe 2                2348.30A   -6.964    0.0772      Mn 2                3438.97A   -8.050    0.0063      Blnd                7325.00A   -8.438    0.0026
Fe 2                2327.40A   -7.555    0.0198      Mn 2                3460.03A   -8.631    0.0017
Fe 2                87.3597m   -6.281    0.3715      N  1                1134.41A   -8.807    0.0011



 IC443 grid point v shock=54 km/s  
 Cooling:  H  1c                     0 :0.132 C  1c                     0 :0.052 Fe 2c                     0 :0.069 O  1c                     0 :0.405 Si 2c                     0 :0.233  
 Heating:  TotM                      0 :0.197 CT H                      0 :0.356 H- H                      0 :0.444  

 These are some of the most important databases used by Cloudy:
 Many recombination coefficients were taken from http://amdpp.phys.strath.ac.uk/tamoc/RR/ and http://amdpp.phys.strath.ac.uk/tamoc/DR/
      and are based on the following papers:
        Badnell N. R., et al., A&A 406, 1151 (2003) [http://adsabs.harvard.edu/abs/2003A%26A...406.1151B]
        Badnell N. R., ApJS 167, 334 (2006) [http://adsabs.harvard.edu/abs/2006ApJS..167..334B]
 Much of the molecular emission data is from LAMDA as accessed on June 30, 2015. This database is described in:
        Schoeier F.L., et al., A&A 432, 369 (2005) [http://adsabs.harvard.edu/abs/2005A%26A...432..369S]
      This database is in part based on the work of the following groups:
        JPL: Pickett H. M. et al., JQSRT, 60, 883 (1998). [http://adsabs.harvard.edu/abs/1998JQSRT..60..883P]
        CDMS: Mueller H. S. et al., A&A 370, L49 (2001). [http://adsabs.harvard.edu/abs/2001A%26A...370L..49M]
              Mueller H. S. et al., J. Mol. Struct. 742, 215 (2005). [http://adsabs.harvard.edu/abs/2005JMoSt.742..215M]
 Some of the ionic emission data is from version 10.0.1 of CHIANTI. CHIANTI is a collaborative project involving the NRL (USA), the
      Universities of Florence (Italy) and Cambridge (UK), and George Mason University (USA). These papers describe Chianti:
        Dere K. P., et al., A&AS, 125, 149 (1997) [http://adsabs.harvard.edu/abs/1997A%26AS..125..149D]
        Landi E., et al., ApJ, 744, 99 (2012) [http://adsabs.harvard.edu/abs/2012ApJ...744...99L]
 Much of the H_2 data is from this web site: http://molat.obspm.fr/index.php?page=pages/Molecules/H2/H2can94.php. These data are
      described in:
        Abgrall H. et al., Can. J. Phys., 72, 856 (1994) [http://adsabs.harvard.edu/abs/1994CaJPh..72..856A]
        Wrathmall S. A. & Flower D. R., J. Phys. B, 40, 3221 (2007) [http://adsabs.harvard.edu/abs/2007JPhB...40.3221W]
 The Case A and Case B recombination predictions for one-electron systems are from
	Storey, P.J. & Hummer, D.G., 1995, MNRAS 272, 41 http://adsabs.harvard.edu/abs/1995MNRAS.272...41S
 The He I recombination predictions are from
	Porter, R. L.; Ferland, G. J.; Storey, P. J.; Detisch, M. J., 2012, MNRAS, 425, 28p http://adsabs.harvard.edu/abs/2012MNRAS.425L..28P
		http://adsabs.harvard.edu/abs/2013MNRAS.433L..89P

 If you find some process or data set to be particularly critical to a result, please follow the trail of references back to the
 original source and cite that.  This will support and encourage atomic, molecular, and chemical physicists to continue their
 valuable work.

 IONIZE PARMET:  U(1-)-37.0000  U(4-):-37.0000  U(sp):-37.00  Q(ion):   -3.512  L(ion)-14.013    Q(low): 10.956    L(low) -2.413
 ENERGY BUDGET:  Heat:  -6.500  Coolg:  -2.066  Error:2719504.7%  Rec Lin:  -3.383  F-F  H  0.000    P(rad/tot)max     3.81E-04    R(F Con):1.737e+05

     Col(Heff):      6.058E+20  snd travl time  2.29E+12 sec  Te-low: 1.00E+04  Te-hi: 1.00E+04  G0TH85: 0.00E+00  G0DB96:0.00E+00
  Emiss Measure    n(e)n(p) dl       1.434E+17  n(e)n(He+)dl         1.229E+09  En(e)n(He++) dl         0.000E+00  ne nC+:1.70E+14
 He/Ha:2.68E-08  =   0.00*true  Lthin:5.76E+06  itr/zn: 1.50  H2 itr/zn:  0.00  File Opacity: F  MassTot 1.72e-03  (gm/cm^2)
   Temps(21 cm)   T(21cm/Ly a)  5.59E+03        T(<nH/Tkin>)  1.00E+04          T(<nH/Tspin>)    5.98E+03          TB21cm:1.75E+01
                   N(H0/Tspin)  1.21E+17        N(OH/Tkin)    9.33E+07          B(21cm)          0.00E+00
   <a>:4.82E-12  erdeFe0.0E+00  Tcompt0.00E+00  Tthr2.01E+11  <Tden>: 1.00E+04  <dens>:9.36E-22  <MolWgt>1.29E+00
     Mean Jeans  l(cm)1.80E+20  M(sun)1.43E+06  smallest:     len(cm):1.80E+20  M(sun):1.43E+06  a_ox tran:  0.00
 Rion:1.000E+30  Dist:0.00E+00  Diam:0.000E+00
 Hatom level 70  HatomType: add  HInducImp  F  He tot level: 63  He2 level:   70  ExecTime    26.7
 ConvrgError(%)  <eden>  0.169  MaxEden  0.819  <H-C> 100.00  Max(H-C)  100.00  <Press>   0.000  MaxPrs er  0.000
  Continuity(%)  chng Te   0.0  elec den   1.0  n(H2)    0.0  n(CO)        5.5

                                                        Averaged Quantities
             Te      Te(Ne)   Te(NeNp)  Te(NeHe+)Te(NeHe2+) Te(NeO+)  Te(NeO2+)  Te(H2)     N(H)     Ne(O2+)   Ne(Np)
 Radius:  1.00e+04  1.00e+04  1.00e+04  1.00e+04  0.00e+00  1.00e+04  1.00e+04  1.00e+04  3.95e+02  3.04e-01  3.03e-01
 
 Peimbert T(OIIIr)0.00E+00 T(Bac)0.00E+00 T(Hth)7.08E+03 t2(Hstrc) 3.31e-32 T(O3-BAC)5.63E+03 t2(O3-BC)-1.51e-01 t2(O3str) 3.31e-32

 Contin Optical Depths: COMP: 3.67e-07    H-: 2.05e-04 R(1300): 4.86e-03  H2+: 1.19e-06  Bra:3.68E-07
                          Pa: 3.71e-07    Ba: 1.87e-04      Hb: 1.45e-04   La: 1.20e+01     1r:4.598E+03  1.8:1.44E+03 4.:2.168E+02

 Old, new H  1 continuum optical depths:
     1 1.00e+08     2 0.00e+00     3 0.00e+00     4 0.00e+00     5 0.00e+00     6 0.00e+00     7 0.00e+00     8 0.00e+00
     9 0.00e+00    10 0.00e+00    11 0.00e+00    12 0.00e+00    13 0.00e+00    14 0.00e+00    15 0.00e+00    16 0.00e+00
    17 0.00e+00    18 0.00e+00    19 0.00e+00    20 0.00e+00    21 0.00e+00    22 0.00e+00    23 0.00e+00    24 0.00e+00
    25 0.00e+00    26 0.00e+00    27 0.00e+00    28 0.00e+00    29 0.00e+00    30 0.00e+00    31 0.00e+00    32 0.00e+00
    33 0.00e+00    34 0.00e+00    35 0.00e+00    36 0.00e+00    37 0.00e+00    38 0.00e+00    39 0.00e+00    40 0.00e+00
    41 0.00e+00    42 0.00e+00    43 0.00e+00    44 0.00e+00    45 0.00e+00    46 0.00e+00    47 0.00e+00    48 0.00e+00
    49 0.00e+00    50 0.00e+00    51 0.00e+00    52 0.00e+00    53 0.00e+00    54 0.00e+00
     1 4.60e+03     2 1.05e-04     3 2.06e-04     4 2.06e-04     5 2.06e-04     6 5.33e-05     7 5.33e-05     8 5.33e-05
     9 5.33e-05    10 7.23e-18    11 7.23e-18    12 7.23e-18    13 7.23e-18    14 7.23e-18    15 1.04e-17    16 1.04e-17
    17 1.04e-17    18 1.04e-17    19 1.04e-17    20 1.04e-17    21 1.81e-17    22 1.81e-17    23 1.81e-17    24 1.81e-17
    25 1.81e-17    26 1.81e-17    27 1.81e-17    28 2.92e-17    29 2.92e-17    30 2.92e-17    31 2.92e-17    32 2.92e-17
    33 2.92e-17    34 2.92e-17    35 2.92e-17    36 4.46e-17    37 4.46e-17    38 4.46e-17    39 4.46e-17    40 4.46e-17
    41 4.46e-17    42 4.46e-17    43 4.46e-17    44 4.46e-17    45 6.52e-17    46 6.52e-17    47 6.52e-17    48 6.52e-17
    49 6.52e-17    50 6.52e-17    51 6.52e-17    52 6.52e-17    53 6.52e-17    54 6.52e-17

 Old, new H  1 mean line optical depths:
  2- 1 8.86e+07  3- 2 0.00e+00  4- 3 0.00e+00  5- 4 0.00e+00  6- 5 0.00e+00  7- 6 0.00e+00  8- 7 0.00e+00
  9- 8 0.00e+00 10- 9 0.00e+00 11-10 0.00e+00 12-11 0.00e+00 13-12 0.00e+00 14-13 0.00e+00 15-14 0.00e+00 16-15 0.00e+00
 17-16 0.00e+00 18-17 0.00e+00 19-18 0.00e+00 20-19 0.00e+00 21-20 0.00e+00 22-21 0.00e+00 23-22 0.00e+00 24-23 0.00e+00
 25-24 0.00e+00
  2- 1 7.57e+07  3- 2 2.87e-06  4- 3 3.52e-13  5- 4 1.87e-13  6- 5 4.47e-13  7- 6-1.26e-14  8- 7 1.56e-14
  9- 8 1.40e-13 10- 9 4.77e-13 11-10 2.05e-12 12-11 1.75e-14 13-12-1.18e-14 14-13-7.69e-14 15-14-2.04e-13 16-15-4.37e-13
 17-16-8.40e-13 18-17-1.51e-12 19-18-2.61e-12 20-19-4.37e-12 21-20-7.21e-12 22-21-1.20e-11 23-22-2.13e-11 24-23-4.85e-11
 25-24-1.36e-09

 Old, new He 2 continuum optical depths:
     1 3.43e+06     2 9.96e+07     3 0.00e+00     4 0.00e+00     5 0.00e+00     6 0.00e+00     7 0.00e+00     8 0.00e+00
     9 0.00e+00    10 0.00e+00    11 0.00e+00    12 0.00e+00    13 0.00e+00    14 0.00e+00    15 0.00e+00    16 0.00e+00
    17 0.00e+00    18 0.00e+00    19 0.00e+00    20 0.00e+00    21 0.00e+00    22 0.00e+00    23 0.00e+00    24 0.00e+00
    25 0.00e+00    26 0.00e+00    27 0.00e+00    28 0.00e+00    29 0.00e+00    30 0.00e+00    31 0.00e+00    32 0.00e+00
    33 0.00e+00    34 0.00e+00    35 0.00e+00    36 0.00e+00    37 0.00e+00    38 0.00e+00    39 0.00e+00    40 0.00e+00
    41 0.00e+00    42 0.00e+00    43 0.00e+00    44 0.00e+00    45 0.00e+00    46 0.00e+00    47 0.00e+00    48 0.00e+00
    49 0.00e+00    50 0.00e+00    51 0.00e+00    52 0.00e+00    53 0.00e+00    54 0.00e+00
     1 2.17e+02     2 4.58e+03     3 1.07e-04     4 1.07e-04     5 1.07e-04     6 1.05e-04     7 1.05e-04     8 1.05e-04
     9 1.05e-04    10 1.67e-04    11 1.67e-04    12 1.67e-04    13 1.67e-04    14 1.67e-04    15 2.06e-04    16 2.06e-04
    17 2.06e-04    18 2.06e-04    19 2.06e-04    20 2.06e-04    21 1.74e-04    22 1.74e-04    23 1.74e-04    24 1.74e-04
    25 1.74e-04    26 1.74e-04    27 1.74e-04    28 5.33e-05    29 5.33e-05    30 5.33e-05    31 5.33e-05    32 5.33e-05
    33 5.33e-05    34 5.33e-05    35 5.33e-05    36 4.69e-18    37 4.69e-18    38 4.69e-18    39 4.69e-18    40 4.69e-18
    41 4.69e-18    42 4.69e-18    43 4.69e-18    44 4.69e-18    45 7.23e-18    46 7.23e-18    47 7.23e-18    48 7.23e-18
    49 7.23e-18    50 7.23e-18    51 7.23e-18    52 7.23e-18    53 7.23e-18    54 7.23e-18

 Old, new He 2 mean line optical depths:
  2- 1 8.86e+06  3- 2 0.00e+00  4- 3 0.00e+00  5- 4 0.00e+00  6- 5 0.00e+00  7- 6 0.00e+00  8- 7 0.00e+00
  9- 8 0.00e+00 10- 9 0.00e+00 11-10 0.00e+00 12-11 0.00e+00 13-12 0.00e+00 14-13 0.00e+00 15-14 0.00e+00 16-15 0.00e+00
 17-16 0.00e+00 18-17 0.00e+00 19-18 0.00e+00 20-19 0.00e+00 21-20 0.00e+00 22-21 0.00e+00 23-22 0.00e+00 24-23 0.00e+00
 25-24 0.00e+00
  2- 1 0.00e+00  3- 2 0.00e+00  4- 3 0.00e+00  5- 4 0.00e+00  6- 5 0.00e+00  7- 6 0.00e+00  8- 7 0.00e+00
  9- 8 0.00e+00 10- 9 0.00e+00 11-10 0.00e+00 12-11 0.00e+00 13-12 0.00e+00 14-13 0.00e+00 15-14 0.00e+00 16-15 0.00e+00
 17-16 0.00e+00 18-17 0.00e+00 19-18 0.00e+00 20-19 0.00e+00 21-20 0.00e+00 22-21 0.00e+00 23-22 0.00e+00 24-23 0.00e+00
 25-24 0.00e+00

 Old He Is optical depths:    1 2.36e+07    2 0.00e+00    3 0.00e+00    4 0.00e+00    5 0.00e+00
 New He Is optical depths:    1 1.44e+03    2 6.87e-05    3 8.71e-05    4 9.73e-05    5 9.73e-05
          Old He Is Lines:  584 0.00e+00 3889 0.00e+00 5016 0.00e+00 5876 0.00e+00
          New He Is Lines:  584 4.81e+06 3889 1.31e-08 5016 2.24e-14 5876 7.61e-20
IC443 grid point v shock=54 km/s  


          Start Iteration Number 2                                            IC443 grid point v shock=54 km/s  


 ####  1  Te:1.000E+04 Hden:3.949E+02 Ne:2.188E-01 R:1.000E+30 R-R0:2.994E+11 dR:5.988E+11 NTR:  1 Htot:6.968E-26 T912: 1.50e-03###
 Hydrogen      1.00e+00 4.65e-04 H+o/Hden 1.00e+00 4.86e-09 H-    H2 3.84e-06 1.54e-10 H2+ HeH+ 2.34e-11 Ho+ ColD 2.36e+14 1.10e+11
 Helium        1.00e+00 2.40e-12 0.00e+00 HeI 2s3S 1.36e-15 Comp H,C 0.00e+00 0.00e+00 Fill Fac 1.00e+00 Gam1/tot 9.85e-08
 He singlet n  1.00e+00 6.89e-22 8.23e-30 3.15e-29 8.84e-31 3.98e-30 He tripl 1.36e-15 8.12e-28 5.22e-29 5.04e-29 2.25e-30
 Pressure      NgasTgas 4.35e+06 P(total) 6.01e-10 P( gas ) 6.01e-10 P(Radtn) 0.00e+00 Rad accl 0.00e+00 ForceMul 0.00e+00
 Texc(La)      2.30e+03 T(I con) 0.00e+00 T(D con) 4.87e-02 T(U tot) 4.87e-02 nT (c+d) 1.18e+04 Prad/Gas 0.00e+00 Pmag/Gas 0.00e+00
 Molecules     CH/Ctot: 2.38e-06 CH+/Ctot 2.12e-08 CO/Ctot: 5.02e-01 CO+/Ctot 2.45e-08 H2O/Otot 4.81e-12 OH/Ototl 1.67e-06
 Lithium       7.67e-03 9.92e-01 0.00e+00 0.00e+00 Berylliu 9.51e-01 4.86e-02 1.58e-08 0.00e+00 0.00e+00 sec ion: 0.00e+00
 Boron         4.99e-01 5.01e-01 2.73e-14 0.00e+00 0.00e+00 0.00e+00
 Carbon        4.93e-01 5.02e-03 1.40e-14 0.00e+00 0.00e+00 0.00e+00 0.00e+00 H2O+/O   4.25e-10 OH+/Otot 3.81e-06 Hex(tot) 0.00e+00
 Nitrogen      9.74e-01 5.21e-04 8.51e-20 0.00e+00 0.00e+00 0.00e+00 0.00e+00 0.00e+00 O2/Ototl 7.73e-11 O2+/Otot 1.07e-07
 Oxygen        7.49e-01 2.81e-04 2.99e-24 0.00e+00 0.00e+00 0.00e+00 0.00e+00 0.00e+00 0.00e+00
 Fluorine      8.06e-01 6.52e-06 2.07e-21 0.00e+00 0.00e+00 0.00e+00 0.00e+00 0.00e+00 0.00e+00 0.00e+00
 Neon          1.00e+00 3.48e-07 0.00e+00 0.00e+00 0.00e+00 0.00e+00 0.00e+00 0.00e+00 0.00e+00 0.00e+00 0.00e+00
 Sodium        1.71e-03 9.98e-01 5.04e-22 0.00e+00 0.00e+00 0.00e+00 0.00e+00 0.00e+00 0.00e+00 0.00e+00 0.00e+00 0.00e+00
 Magnesium     6.11e-02 9.39e-01 7.26e-05 0.00e+00 0.00e+00 0.00e+00 0.00e+00 0.00e+00 0.00e+00 0.00e+00 0.00e+00 0.00e+00 0.00e+00
 Aluminium  0  9.35e-04 9.99e-01 1.78e-07 0.00e+00 0.00e+00 0.00e+00 0.00e+00 0.00e+00 0.00e+00 0.00e+00 0.00e+00 0.00e+00 0.00e+00
 Silicon    0  1.14e-01 4.01e-01 3.01e-06 0.00e+00 0.00e+00 0.00e+00 0.00e+00 0.00e+00 0.00e+00 0.00e+00 0.00e+00 0.00e+00 0.00e+00
 Phosphorus 0  1.29e-03 9.99e-01 8.15e-10 0.00e+00 0.00e+00 0.00e+00 0.00e+00 0.00e+00 0.00e+00 0.00e+00 0.00e+00 0.00e+00 0.00e+00
 Sulphur    0  7.53e-02 1.03e-02 1.53e-12 0.00e+00 0.00e+00 0.00e+00 0.00e+00 0.00e+00 0.00e+00 0.00e+00 0.00e+00 0.00e+00 0.00e+00
 Chlorine   0  1.02e-02 9.90e-01 1.38e-09 0.00e+00 0.00e+00 0.00e+00 0.00e+00 0.00e+00 0.00e+00 0.00e+00 0.00e+00 0.00e+00 0.00e+00
 Argon      0  1.00e+00 3.15e-05 6.44e-17 0.00e+00 0.00e+00 0.00e+00 0.00e+00 0.00e+00 0.00e+00 0.00e+00 0.00e+00 0.00e+00 0.00e+00
 Potassium  0  4.12e-04 1.00e+00 1.19e-13 0.00e+00 0.00e+00 0.00e+00 0.00e+00 0.00e+00 0.00e+00 0.00e+00 0.00e+00 0.00e+00 0.00e+00
 Calcium    0  8.60e-03 9.82e-01 9.28e-03 0.00e+00 0.00e+00 0.00e+00 0.00e+00 0.00e+00 0.00e+00 0.00e+00 0.00e+00 0.00e+00 0.00e+00
 Scandium   0  4.47e-03 9.89e-01 6.51e-03 0.00e+00 0.00e+00 0.00e+00 0.00e+00 0.00e+00 0.00e+00 0.00e+00 0.00e+00 0.00e+00 0.00e+00
 Titanium   0  3.20e-04 9.99e-01 5.40e-04 0.00e+00 0.00e+00 0.00e+00 0.00e+00 0.00e+00 0.00e+00 0.00e+00 0.00e+00 0.00e+00 0.00e+00
 Vanadium   0  1.16e-02 9.88e-01 4.00e-05 0.00e+00 0.00e+00 0.00e+00 0.00e+00 0.00e+00 0.00e+00 0.00e+00 0.00e+00 0.00e+00 0.00e+00
 Chromium   0  1.89e-02 9.81e-01 1.33e-04 0.00e+00 0.00e+00 0.00e+00 0.00e+00 0.00e+00 0.00e+00 0.00e+00 0.00e+00 0.00e+00 0.00e+00
 Manganese  0  3.36e-04 1.00e+00 7.47e-05 0.00e+00 0.00e+00 0.00e+00 0.00e+00 0.00e+00 0.00e+00 0.00e+00 0.00e+00 0.00e+00 0.00e+00
 Iron       0  3.12e-04 1.00e+00 3.84e-05 0.00e+00 0.00e+00 0.00e+00 0.00e+00 0.00e+00 0.00e+00 0.00e+00 0.00e+00 0.00e+00 0.00e+00
 Cobalt     0  1.01e-01 8.99e-01 3.05e-07 0.00e+00 0.00e+00 0.00e+00 0.00e+00 0.00e+00 0.00e+00 0.00e+00 0.00e+00 0.00e+00 0.00e+00
 Nickel     0  4.29e-04 1.00e+00 1.23e-12 0.00e+00 0.00e+00 0.00e+00 0.00e+00 0.00e+00 0.00e+00 0.00e+00 0.00e+00 0.00e+00 0.00e+00
 Copper     0  2.10e-01 7.90e-01 1.76e-11 0.00e+00 0.00e+00 0.00e+00 0.00e+00 0.00e+00 0.00e+00 0.00e+00 0.00e+00 0.00e+00 0.00e+00
 Zinc       0  5.98e-01 4.02e-01 9.11e-08 0.00e+00 0.00e+00 0.00e+00 0.00e+00 0.00e+00 0.00e+00 0.00e+00 0.00e+00 0.00e+00 0.00e+00
 ####257  Te:1.000E+04 Hden:3.949E+02 Ne:3.255E-01 R:1.000E+30 R-R0:1.826E+18 dR:1.646E+16 NTR:  2 Htot:1.742E-25 T912: 4.60e+03###
 Hydrogen      9.99e-01 7.13e-04 H+o/Hden 1.00e+00 8.00e-09 H-    H2 4.75e-06 2.62e-10 H2+ HeH+ 3.98e-11 Ho+ ColD 7.24e+20 4.70e+17
 Helium        1.00e+00 6.22e-11 0.00e+00 HeI 2s3S 1.86e-15 Comp H,C 1.58e-33 5.58e-33 Fill Fac 1.00e+00 Gam1/tot 4.87e-05
 He singlet n  1.00e+00 1.06e-21 2.70e-27 4.44e-29 2.55e-29 5.52e-30 He tripl 1.86e-15 1.12e-27 7.18e-29 6.94e-29 3.14e-30
 Pressure      NgasTgas 4.35e+06 P(total) 6.01e-10 P( gas ) 6.01e-10 P(Radtn) 3.34e-15 Rad accl 1.30e-11 ForceMul 4.42e+05
 Texc(La)      3.11e+03 T(I con) 0.00e+00 T(D con) 2.03e+00 T(U tot) 2.03e+00 nT (c+d) 4.91e+05 Prad/Gas 5.57e-06 Pmag/Gas 0.00e+00
 Molecules     CH/Ctot: 5.94e-06 CH+/Ctot 3.58e-08 CO/Ctot: 5.45e-05 CO+/Ctot 2.34e-11 H2O/Otot 9.03e-12 OH/Ototl 2.75e-06
 Lithium       1.73e-03 9.98e-01 0.00e+00 0.00e+00 Berylliu 1.11e-01 8.89e-01 3.82e-07 0.00e+00 0.00e+00 sec ion: 0.00e+00
 Boron         8.26e-04 9.99e-01 7.48e-14 0.00e+00 0.00e+00 0.00e+00
 Carbon        9.97e-01 3.08e-03 1.25e-14 0.00e+00 0.00e+00 0.00e+00 0.00e+00 H2O+/O   3.48e-10 OH+/Otot 3.74e-06 Hex(tot) 0.00e+00
 Nitrogen      9.97e-01 8.91e-04 3.70e-18 0.00e+00 0.00e+00 0.00e+00 0.00e+00 0.00e+00 O2/Ototl 1.06e-10 O2+/Otot 9.39e-08
 Oxygen        9.99e-01 5.74e-04 8.40e-24 0.00e+00 0.00e+00 0.00e+00 0.00e+00 0.00e+00 0.00e+00
 Fluorine      9.79e-01 8.38e-06 3.34e-21 0.00e+00 0.00e+00 0.00e+00 0.00e+00 0.00e+00 0.00e+00 0.00e+00
 Neon          1.00e+00 3.03e-07 0.00e+00 0.00e+00 0.00e+00 0.00e+00 0.00e+00 0.00e+00 0.00e+00 0.00e+00 0.00e+00
 Sodium        1.90e-03 9.98e-01 6.69e-22 0.00e+00 0.00e+00 0.00e+00 0.00e+00 0.00e+00 0.00e+00 0.00e+00 0.00e+00 0.00e+00
 Magnesium     3.92e-02 9.61e-01 1.13e-04 0.00e+00 0.00e+00 0.00e+00 0.00e+00 0.00e+00 0.00e+00 0.00e+00 0.00e+00 0.00e+00 0.00e+00
 Aluminium  0  3.96e-04 1.00e+00 2.13e-07 0.00e+00 0.00e+00 0.00e+00 0.00e+00 0.00e+00 0.00e+00 0.00e+00 0.00e+00 0.00e+00 0.00e+00
 Silicon    0  4.88e-04 9.99e-01 1.15e-05 0.00e+00 0.00e+00 0.00e+00 0.00e+00 0.00e+00 0.00e+00 0.00e+00 0.00e+00 0.00e+00 0.00e+00
 Phosphorus 0  1.29e-03 9.99e-01 1.12e-09 0.00e+00 0.00e+00 0.00e+00 0.00e+00 0.00e+00 0.00e+00 0.00e+00 0.00e+00 0.00e+00 0.00e+00
 Sulphur    0  7.97e-01 2.03e-01 4.51e-10 0.00e+00 0.00e+00 0.00e+00 0.00e+00 0.00e+00 0.00e+00 0.00e+00 0.00e+00 0.00e+00 0.00e+00
 Chlorine   0  8.64e-03 9.91e-01 1.70e-09 0.00e+00 0.00e+00 0.00e+00 0.00e+00 0.00e+00 0.00e+00 0.00e+00 0.00e+00 0.00e+00 0.00e+00
 Argon      0  1.00e+00 5.65e-05 2.97e-15 0.00e+00 0.00e+00 0.00e+00 0.00e+00 0.00e+00 0.00e+00 0.00e+00 0.00e+00 0.00e+00 0.00e+00
 Potassium  0  4.44e-04 1.00e+00 1.53e-13 0.00e+00 0.00e+00 0.00e+00 0.00e+00 0.00e+00 0.00e+00 0.00e+00 0.00e+00 0.00e+00 0.00e+00
 Calcium    0  1.61e-03 9.90e-01 8.72e-03 0.00e+00 0.00e+00 0.00e+00 0.00e+00 0.00e+00 0.00e+00 0.00e+00 0.00e+00 0.00e+00 0.00e+00
 Scandium   0  1.28e-03 9.93e-01 6.09e-03 0.00e+00 0.00e+00 0.00e+00 0.00e+00 0.00e+00 0.00e+00 0.00e+00 0.00e+00 0.00e+00 0.00e+00
 Titanium   0  3.14e-04 9.99e-01 5.00e-04 0.00e+00 0.00e+00 0.00e+00 0.00e+00 0.00e+00 0.00e+00 0.00e+00 0.00e+00 0.00e+00 0.00e+00
 Vanadium   0  1.02e-02 9.90e-01 4.95e-05 0.00e+00 0.00e+00 0.00e+00 0.00e+00 0.00e+00 0.00e+00 0.00e+00 0.00e+00 0.00e+00 0.00e+00
 Chromium   0  1.41e-03 9.98e-01 2.08e-04 0.00e+00 0.00e+00 0.00e+00 0.00e+00 0.00e+00 0.00e+00 0.00e+00 0.00e+00 0.00e+00 0.00e+00
 Manganese  0  3.33e-04 1.00e+00 1.14e-04 0.00e+00 0.00e+00 0.00e+00 0.00e+00 0.00e+00 0.00e+00 0.00e+00 0.00e+00 0.00e+00 0.00e+00
 Iron       0  2.91e-04 1.00e+00 5.88e-05 0.00e+00 0.00e+00 0.00e+00 0.00e+00 0.00e+00 0.00e+00 0.00e+00 0.00e+00 0.00e+00 0.00e+00
 Cobalt     0  1.11e-02 9.89e-01 5.14e-07 0.00e+00 0.00e+00 0.00e+00 0.00e+00 0.00e+00 0.00e+00 0.00e+00 0.00e+00 0.00e+00 0.00e+00
 Nickel     0  4.08e-04 1.00e+00 1.70e-12 0.00e+00 0.00e+00 0.00e+00 0.00e+00 0.00e+00 0.00e+00 0.00e+00 0.00e+00 0.00e+00 0.00e+00
 Copper     0  2.50e-02 9.75e-01 3.03e-11 0.00e+00 0.00e+00 0.00e+00 0.00e+00 0.00e+00 0.00e+00 0.00e+00 0.00e+00 0.00e+00 0.00e+00
 Zinc       0  3.21e-02 9.68e-01 2.87e-07 0.00e+00 0.00e+00 0.00e+00 0.00e+00 0.00e+00 0.00e+00 0.00e+00 0.00e+00 0.00e+00 0.00e+00
   IC443 grid point v shock=54 km/s  
   Calculation stopped because H column dens reached. Iteration 2 of 2
   The geometry is plane-parallel.
  !Ionization rate fell below background cosmic ray ionization rate.  Should this be added too?
  !   Use the COSMIC RAY BACKGROUND command.
  !Compton cooling rate underflows to zero.  Is this important?
  !Some input lines contained underscores, these were changed to spaces.
  !There is no hydrogen-ionizing radiation.  Was this intended?
  !Thermal collisional ionization of H reached 82.91% of the local ionization rate.
  !Charge transfer H => H+ reached 86335.7% of the local H ionization rate.
  !Charge transfer heating reached 100.50% of the local heating.
  !Continuum zero at some energies.
  !AGE: Cloud age was not set.  Longest timescale was 1.90e+13 s = 6.02e+05 years.
  !Heating - cooling mismatch =200.0%. Caused by constant temperature assumption. 
  !Mutual neutralization production of H-alpha was significant.
  !Incident radiation field energy density is less than 2.7K.  Add background with CMB command.
  !The CMB was not included.  This is added with the CMB command.
  !The intensity of the incident radiation field is less than 10 times the Habing diffuse ISM field.  Is this OK?
  !   Consider adding diffuse ISM emission with TABLE ISM command.
  !An ionization jump occurred elem S  1, by 180% from 7.53e-02 (zone 1) to 3.84e-01 (zone 2) to 6.92e-01 (zone 3)
   The density is too low to l-mix the lowest H  I collapsed level.  More resolved levels are needed for accurate line ratios.
   The density is too low to l-mix the lowest He I collapsed level.  More resolved levels are needed for accurate line ratios.
   Grains were not present but might survive in this environment (energy density temperature was 0.00e+00K)
   The local H2 cooling rate reached 2.9% of the local cooling.
   H- absorption heating was 39.8% of the total.
   The fraction of N in N2 reached 0.101% at some point in the cloud.
   The fraction of F in HF reached 2.12% at some point in the cloud.

                       *********************************> Cloudy 23.01 <**********************************
                       * title IC443 grid point v shock=54 km/s                                          *
                       * hden 2.5965                                                                     *
                       * constant temperature, t=10000 K linear                                          *
                       * stop column density 20.86                                                       *
                       * iterate                                                                         *
                       * save results last "v54.rlt"                                                     *
                       *********************************> Log(U):-37.00 <*********************************

                     Emission Line Spectrum.   Constant  Density Model.    Open geometry.  Iteration 2 of 2.
                                                     Intensity (erg/s/cm^2).


                                                   Intrinsic line intensities
general properties.............................      Co 2                25.6819m   -8.562    0.0020      Fe 2                1.71482m   -8.076    0.0060
TotH                      0    -6.535    0.2079      Co 2                1.01879m   -7.038    0.0653      Fe 2                9949.21A   -8.408    0.0028
TotC                      0    -2.067 6113.4556      Co 2                1.12804m   -8.009    0.0070      Fe 2                7975.22A   -8.592    0.0018
TotM                      0    -7.215    0.0435      Co 2                1.54700m   -7.283    0.0371      Fe 2                1.47063m   -8.846    0.0010
CT H                      0    -6.944    0.0810      Co 2                1.72847m   -8.279    0.0037      Fe 2                1.01273m   -8.522    0.0021
H  1c                     0    -2.947  805.5535      Co 2                1.90349m   -8.119    0.0054      Fe 2                6353.11A   -8.643    0.0016
NOc                       0    -8.437    0.0026      Co 2                1.02452m   -7.846    0.0102      Fe 2                1.80228m   -8.744    0.0013
CNc                       0    -7.372    0.0303      Co 2                1.09726m   -8.474    0.0024      Fe 2                1.00387m   -8.673    0.0015
OHc                       0    -8.171    0.0048      Co 2                1.49674m   -8.710    0.0014      Fe 2                9469.41A   -8.557    0.0020
HFc                       0    -8.136    0.0052      Co 2                1.62622m   -8.698    0.0014      Fe 2                9384.77A   -8.047    0.0064
COc                       0    -4.941    8.1742      Co 2                1.73616m   -8.404    0.0028      Fe 2                2.39329m   -8.097    0.0057
^13COc                    0    -6.461    0.2465      Co 2                1.02803m   -8.443    0.0026      Fe 2                4825.73A   -7.516    0.0217
OH+c                      0    -8.108    0.0056      Co 2                8580.39A   -8.499    0.0023      Fe 2                2.50030m   -8.434    0.0026
CHc                       0    -8.333    0.0033      Co 2                9342.40A   -7.195    0.0455      Fe 2                4867.73A   -8.557    0.0020
CHc                       0    -7.923    0.0085      Co 2                9943.48A   -7.542    0.0205      Fe 2                2.59860m   -8.817    0.0011
Al 1c                     0    -8.673    0.0015      Co 2                7539.01A   -7.863    0.0098      Fe 2                4903.85A   -8.009    0.0070
C  1c                     0    -3.348  320.1888      Co 2                8121.00A   -7.575    0.0189      Fe 2                1.04657m   -8.850    0.0010
C  2c                     0    -5.382    2.9583      Co 2                8571.41A   -8.183    0.0047      Fe 2                3.58120m   -8.442    0.0026
Ca 1c                     0    -6.916    0.0865      Co 2                6.21176m   -8.824    0.0011      Fe 2                3.15558m   -8.472    0.0024
Cl 1c                     0    -7.238    0.0412      Co 2                8027.34A   -8.042    0.0065      Fe 2                5171.63A   -7.817    0.0109
Co 2c                     0    -5.960    0.7808      Co 2                8467.14A   -8.455    0.0025      Fe 2                5169.03A   -7.061    0.0619
Cr 2c                     0    -5.532    2.0954      Co 2                8333.76A   -8.223    0.0043      Fe 2                5018.44A   -8.784    0.0012
Cu 1c                     0    -8.849    0.0010      Cr 2                8000.08A   -6.035    0.6577      Fe 2                6044.54A   -8.261    0.0039
Fe 1c                     0    -6.369    0.3048      Cr 2                8125.30A   -6.109    0.5548      Fe 2                5316.61A   -8.748    0.0013
Fe 2c                     0    -3.228  421.6819      Cr 2                8229.67A   -6.203    0.4465      Fe 3                22.9190m   -8.784    0.0012
Fe 3c                     0    -8.067    0.0061      Cr 2                8308.49A   -6.390    0.2901      Fe 3                4985.87A   -8.646    0.0016
K  1c                     0    -8.385    0.0029      Cr 2                8357.64A   -6.688    0.1462      K  1                7664.90A   -8.561    0.0020
Mg 1c                     0    -4.846   10.1667      Fe 1                24.0358m   -6.469    0.2422      Mg 1                2025.82A   -8.029    0.0067
Mn 2c                     0    -6.018    0.6842      Fe 1                34.7038m   -7.057    0.0625      Mg 1                2852.13A   -5.360    3.1082
N  1c                     0    -4.139   51.7084      Fe 2                25.9813m   -4.401   28.2936      Mg 1                3832.30A   -8.433    0.0026
Na 1c                     0    -7.044    0.0645      Fe 2                5.33871m   -3.879   94.2389      Mg 1                3838.29A   -8.016    0.0069
Ni 1c                     0    -7.405    0.0281      Fe 2                4.11387m   -6.241    0.4090      Mg 1                4562.60A   -5.167    4.8558
O  1c                     0    -2.459 2480.2146      Fe 2                1.25668m   -5.150    5.0422      Mg 1                4571.10A   -5.605    1.7695
O  2c                     0    -6.614    0.1732      Fe 2                1.19129m   -7.935    0.0083      Mg 1                4575.29A   -6.533    0.2089
P  2c                     0    -5.214    4.3570      Fe 2                6309.53A   -8.780    0.0012      Mg 1                5167.32A   -7.692    0.0145
S  1c                     0    -5.072    6.0340      Fe 2                4799.30A   -8.679    0.0015      Mg 1                5172.68A   -7.217    0.0432
S  2c                     0    -4.214   43.5183      Fe 2                4704.22A   -7.903    0.0089      Mg 1                5183.60A   -6.997    0.0718
Sc 2c                     0    -7.253    0.0398      Fe 2                4632.28A   -6.110    0.5530      Mg 1                8806.76A   -7.275    0.0379
Si 1c                     0    -7.148    0.0507      Fe 2                4604.48A   -7.894    0.0091      Mg 1                1.18282m   -7.440    0.0259
Si 2c                     0    -2.699 1424.9287      Fe 2                4416.27A   -6.092    0.5772      Mg 1                1.50250m   -8.258    0.0039
Zn 2c                     0    -7.530    0.0211      Fe 2                4382.74A   -7.061    0.0619      Mg 1                1.50402m   -8.702    0.0014
Al 2c                     0    -5.050    6.3594      Fe 2                4287.39A   -5.129    5.2941      Mg 1                1.71087m   -7.957    0.0079
Ca 2c                     0    -3.782  117.7569      Fe 2                3931.44A   -8.724    0.0013      Mn 2                2576.10A   -6.401    0.2832
Cl 2c                     0    -5.605    1.7682      Fe 2                3874.07A   -8.355    0.0032      Mn 2                2593.72A   -6.494    0.2283
Mg 2c                     0    -3.549  201.3548      Fe 2                3175.38A   -6.940    0.0818      Mn 2                2605.68A   -6.634    0.1654
N  2c                     0    -6.769    0.1213      Fe 2                2599.40A   -7.710    0.0139      Mn 2                3438.97A   -8.093    0.0058
Ni 2c                     0    -4.589   18.3745      Fe 2                2585.88A   -8.752    0.0013      Mn 2                3460.03A   -8.667    0.0015
continua.......................................      Fe 2                2382.04A   -5.825    1.0659      N  1                1134.17A   -8.842    0.0010
Bac                 3646.00A   -6.475    0.2386      Fe 2                2343.50A   -8.552    0.0020      N  1                1134.41A   -8.655    0.0016
nFnu                3645.00A   -3.938   82.1840      Fe 2                35.3391m   -5.063    6.1670      N  1                1134.98A   -8.561    0.0020
nFnu                3647.00A   -3.939   81.9454      Fe 2                6.71944m   -5.018    6.8323      N  1                1199.55A   -8.010    0.0070
cout                3646.00A   -6.776    0.1193      Fe 2                4.88781m   -5.905    0.8876      N  1                1200.22A   -8.183    0.0047
cref                3646.00A   -6.776    0.1193      Fe 2                4.07521m   -6.726    0.1339      N  1                1200.71A   -8.485    0.0023
thin                3646.00A   -6.475    0.2386      Fe 2                1.32055m   -5.647    1.6076      N  1                3466.50A   -6.485    0.2333
Ba C                      0    -7.228    0.0422      Fe 2                1.24854m   -6.681    0.1487      N  1                3466.54A   -7.158    0.0495
PA C                      0    -7.645    0.0162      Fe 2                1.20512m   -8.493    0.0023      N  1                5197.90A   -4.554   19.9074
FIR                 83.0000m   -2.461 2464.1003      Fe 2                7637.52A   -5.951    0.7988      N  1                5200.26A   -4.378   29.8795
TIR                 1800.00m   -4.641   16.3024      Fe 2                7523.28A   -7.998    0.0072      N  1                1.03977m   -5.989    0.7303
NIRa                2.85000m   -2.531 2101.2336      Fe 2                4889.62A   -5.974    0.7565      N  1                1.03982m   -6.512    0.2192
NIRb                3.00000m   -3.690  145.5574      Fe 2                4750.27A   -8.706    0.0014      N  1                1.04072m   -6.337    0.3278
MIRa                15.0000m   -3.784  117.0885      Fe 2                4716.37A   -6.988    0.0733      N  1                1.04076m   -6.325    0.3372
MIRb                22.5000m   -2.657 1570.0840      Fe 2                4687.56A   -7.191    0.0459      Na 1                5889.95A   -7.344    0.0323
NMIR                21.7500m   -2.531 2101.2336      Fe 2                4492.64A   -6.961    0.0780      Na 1                5895.92A   -7.344    0.0323
TFIR                611.250m   -3.388  291.9986      Fe 2                4457.95A   -6.359    0.3115      Ni 1                7.50454m   -7.405    0.0281
TALL                10000.0A   -2.074 6018.3750      Fe 2                4432.45A   -7.153    0.0501      O  1                1304.86A   -7.122    0.0539
F12                 12.0000m   -5.689    1.4592      Fe 2                4359.33A   -5.260    3.9191      O  1                1306.03A   -7.521    0.0215
F25                 25.0000m   -4.299   35.8259      Fe 2                3224.54A   -8.037    0.0065      O  1                1355.60A   -7.170    0.0482
F60                 60.0000m   -2.513 2186.5420      Fe 2                3214.67A   -7.454    0.0250      O  1                1358.51A   -7.584    0.0186
F100                100.000m   -5.621    1.7050      Fe 2                2625.67A   -4.416   27.3735      O  1                2972.29A   -6.638    0.1642
MIPS                24.0000m   -4.299   35.8207      Fe 2                2611.87A   -5.154    4.9973      O  1                5577.34A   -5.688    1.4625
MIPS                70.0000m   -2.514 2183.2075      Fe 2                2598.37A   -6.386    0.2933      O  1                6300.30A   -3.993   72.4225
MIPS                160.000m   -3.541  205.0613      Fe 2                2395.63A   -5.425    2.6783      O  1                6363.78A   -4.489   23.1355
IRAC                3.60000m   -6.911    0.0875      Fe 2                2388.63A   -6.480    0.2360      O  1                6391.73A   -7.817    0.0109
IRAC                4.50000m   -5.591    1.8276      Fe 2                2383.06A   -8.368    0.0031      O  1                44.0453m   -8.147    0.0051
IRAC                5.80000m   -3.878   94.3908      Fe 2                2364.83A   -5.820    1.0798      O  1                63.1679m   -2.514 2182.1846
IRAC                8.00000m   -4.885    9.2799      Fe 2                2332.80A   -6.910    0.0877      O  1                145.495m   -3.550  200.6807
SPR1                250.000m   -5.753    1.2578      Fe 2                2279.91A   -8.450    0.0025      O  2                2470.34A   -8.641    0.0016
SPR2                350.000m   -4.026   67.1270      Fe 2                51.2868m   -5.581    1.8702      O  2                7319.99A   -8.834    0.0010
SPR3                500.000m   -5.959    0.7832      Fe 2                5.67236m   -6.716    0.1370      O  2                3728.81A   -6.848    0.1011
PAC1                70.0000m   -2.514 2184.0557      Fe 2                4.60641m   -6.526    0.2124      O  2                3726.03A   -7.024    0.0674
PAC2                100.000m   -5.620    1.7084      Fe 2                4.08085m   -7.272    0.0381      P  2                60.6263m   -5.952    0.7955
PAC3                160.000m   -3.539  205.9142      Fe 2                1.37181m   -5.890    0.9176      P  2                1532.53A   -8.536    0.0021
PAH                 3.30000m   -7.717    0.0137      Fe 2                1.29427m   -6.466    0.2436      P  2                32.8620m   -6.054    0.6289
PAHC                3.23000m   -7.997    0.0072      Fe 2                7806.23A   -7.723    0.0135      P  2                1.14682m   -5.972    0.7611
PAHC                3.37000m   -7.988    0.0073      Fe 2                7686.93A   -6.028    0.6681      P  2                4669.25A   -7.637    0.0165
PAH                 6.20000m   -7.763    0.0123      Fe 2                7552.40A   -8.507    0.0022      P  2                2195.57A   -7.916    0.0087
PAHC                5.65000m   -6.675    0.1508      Fe 2                4958.23A   -7.825    0.0107      P  2                1536.42A   -8.409    0.0028
PAH                 7.90000m   -7.240    0.0411      Fe 2                4750.57A   -7.822    0.0107      P  2                1535.92A   -8.349    0.0032
PAHC                6.90000m   -4.888    9.2336      Fe 2                4728.07A   -6.623    0.1700      P  2                1.18828m   -5.548    2.0173
PAH                 11.3000m   -7.212    0.0437      Fe 2                4514.90A   -6.985    0.0738      P  2                2210.34A   -7.462    0.0246
PAHC                10.9000m   -6.767    0.1220      Fe 2                4488.75A   -6.704    0.1408      P  2                1542.30A   -8.637    0.0016
PAH                 11.8000m   -8.450    0.0025      Fe 2                4470.30A   -7.908    0.0088      P  2                7875.99A   -6.888    0.0922
PAHC                12.6500m   -6.515    0.2177      Fe 2                4413.78A   -5.411    2.7668      S  1                1483.04A   -8.493    0.0023
PAH                 13.3000m   -8.447    0.0025      Fe 2                3254.24A   -7.514    0.0218      S  1                1820.34A   -7.175    0.0476
PAHC                14.1000m   -6.175    0.4768      Fe 2                3244.18A   -7.809    0.0111      S  1                1826.24A   -7.659    0.0156
Bcon                3640.00A   -2.834 1045.6586      Fe 2                2631.32A   -5.372    3.0249      S  1                25.2421m   -5.122    5.3794
Pcon                5000.00A   -3.251  400.0556      Fe 2                2617.62A   -6.817    0.1088      S  1                56.2957m   -6.082    0.5908
O3bn                5007.00A   -5.113    5.4949      Fe 2                2607.09A   -6.710    0.1391      S  2                6730.82A   -4.637   16.4458
HFFc                      0    -6.000    0.7123      Fe 2                2404.89A   -6.408    0.2788      S  2                6716.44A   -4.476   23.8412
H FF                      0    -7.594    0.0182      Fe 2                2399.24A   -7.231    0.0419      S  2                4076.35A   -6.185    0.4656
MeFB                      0    -8.006    0.0070      Fe 2                2395.42A   -8.219    0.0043      S  2                4068.60A   -5.694    1.4429
MeFF                      0    -8.358    0.0031      Fe 2                2380.76A   -5.233    4.1734      S  2                1.03364m   -6.323    0.3387
ToFF                      0    -7.525    0.0213      Fe 2                2348.30A   -6.969    0.0766      S  2                1.02867m   -6.320    0.3412
Mion                      0    -7.011    0.0695      Fe 2                2327.40A   -7.557    0.0198      S  2                1.03705m   -6.645    0.1614
nFnu                122.400m   -8.529    0.0021      Fe 2                87.3597m   -6.283    0.3714      S  2                1.03205m   -6.186    0.4642
nFnu                60.8322m   -8.155    0.0050      Fe 2                5.06097m   -7.184    0.0467      S  2                1259.52A   -7.959    0.0078
nFnu                41.2152m   -7.941    0.0082      Fe 2                4.43363m   -7.101    0.0564      S  2                1253.81A   -8.037    0.0065
nFnu                30.8695m   -7.780    0.0118      Fe 2                1.40951m   -8.512    0.0022      S  2                1250.58A   -8.348    0.0032
nFnu                24.7829m   -7.655    0.0158      Fe 2                1.32777m   -6.650    0.1596      Sc 2                4246.82A   -8.407    0.0028
nFnu                24.2998m   -7.644    0.0162      Fe 2                1.27877m   -6.707    0.1400      Sc 2                7043.49A   -8.178    0.0047
nFnu                22.8302m   -7.609    0.0175      Fe 2                1.25214m   -7.747    0.0128      Sc 2                8261.17A   -8.692    0.0014
nFnu                21.4199m   -7.573    0.0191      Fe 2                7926.88A   -7.985    0.0074      Sc 2                8271.28A   -8.578    0.0019
nFnu                21.1235m   -7.563    0.0195      Fe 2                7803.89A   -7.725    0.0134      Sc 2                8326.62A   -8.832    0.0010
nFnu                19.6199m   -7.520    0.0215      Fe 2                7665.28A   -6.978    0.0750      Sc 2                8347.28A   -8.397    0.0029
nFnu                17.6534m   -7.459    0.0248      Fe 2                5006.63A   -7.125    0.0535      Sc 2                8384.33A   -8.709    0.0014
nFnu                17.3700m   -7.449    0.0253      Fe 2                4772.06A   -7.938    0.0082      Sc 2                1.07804m   -8.776    0.0012
nFnu                15.6901m   -7.388    0.0292      Fe 2                4639.67A   -7.622    0.0170      Sc 2                2.03194m   -8.314    0.0035
nFnu                14.6036m   -7.345    0.0322      Fe 2                4528.39A   -7.233    0.0417      Sc 2                2.04712m   -8.661    0.0016
nFnu                12.4300m   -7.244    0.0406      Fe 2                4509.61A   -7.581    0.0187      Sc 2                2.07591m   -8.305    0.0035
nFnu                11.4000m   -7.189    0.0461      Fe 2                4452.10A   -5.603    1.7766      Sc 2                2.07842m   -8.139    0.0052
nFnu                10.4600m   -7.133    0.0525      Fe 2                3277.55A   -7.738    0.0130      Sc 2                2.08152m   -8.408    0.0028
nFnu                9.48002m   -7.069    0.0608      Fe 2                3277.12A   -8.643    0.0016      Sc 2                2.11129m   -8.581    0.0019
nFnu                9.32488m   -7.058    0.0624      Fe 2                3275.02A   -7.814    0.0109      Sc 2                2.12445m   -8.580    0.0019
nFnu                8.21035m   -6.971    0.0763      Fe 2                2631.05A   -6.554    0.1988      Si 1                2211.75A   -8.845    0.0010
nFnu                7.58000m   -6.914    0.0869      Fe 2                2620.41A   -8.424    0.0027      Si 1                2519.20A   -8.251    0.0040
nFnu                7.05026m   -6.860    0.0983      Fe 2                2613.82A   -7.330    0.0333      Si 1                2528.51A   -8.032    0.0066
nFnu                4.11370m   -6.422    0.2697      Fe 2                2410.52A   -7.205    0.0444      Si 1                68.4548m   -7.538    0.0206
nFnu                2.32440m   -5.867    0.9680      Fe 2                2406.66A   -7.471    0.0241      Si 1                129.641m   -7.609    0.0175
nFnu                1.64313m   -5.501    2.2510      Fe 2                2404.43A   -8.278    0.0038      Si 2                34.8046m   -2.703 1410.9491
nFnu                1.48022m   -5.385    2.9345      Fe 2                2359.11A   -7.275    0.0378      Si 2                2334.41A   -5.860    0.9851
nFnu                1.43649m   -5.351    3.1799      Fe 2                2338.01A   -7.344    0.0323      Si 2                2328.52A   -6.466    0.2440
nFnu                1.11867m   -5.071    6.0527      Fe 2                4.67067m   -7.726    0.0134      Si 2                1808.01A   -5.917    0.8630
nFnu                8329.68A   -4.754   12.5473      Fe 2                1.29777m   -7.037    0.0654      Si 2                1526.71A   -8.652    0.0016
nFnu                8078.61A   -4.722   13.5100      Fe 2                1.27034m   -6.909    0.0878      Si 2                1260.42A   -7.932    0.0083
nFnu                6209.66A   -4.454   25.0498      Fe 2                7999.47A   -8.731    0.0013      Si 2                2350.17A   -5.713    1.3804
nFnu                4885.36A   -4.218   43.1076      Fe 2                7874.24A   -7.079    0.0594      Si 2                2344.20A   -5.317    3.4388
nFnu                3704.34A   -3.954   79.2625      Fe 2                7733.14A   -7.625    0.0169      Si 2                2334.60A   -5.422    2.6981
nFnu                3587.67A   -3.925   84.7648      Fe 2                4798.28A   -7.488    0.0232      Si 2                1817.45A   -5.774    1.2003
nFnu                2430.05A   -3.572  190.8823      Fe 2                4664.45A   -8.136    0.0052      Si 2                1816.93A   -5.460    2.4691
nFnu                2392.03A   -3.558  197.2054      Fe 2                4533.01A   -8.128    0.0053      Si 2                1533.43A   -6.261    0.3908
nFnu                2071.34A   -3.440  259.0838      Fe 2                4474.90A   -5.916    0.8654      Si 2                1309.28A   -7.037    0.0654
nFnu                2052.68A   -3.432  263.8127      Fe 2                3289.89A   -8.124    0.0054      Si 2                1265.00A   -6.835    0.1043
nFnu                1793.44A   -3.335  329.6451      Fe 2                3289.46A   -7.903    0.0089      Si 2                1264.74A   -7.254    0.0398
nFnu                1585.12A   -3.269  383.4602      Fe 2                2628.29A   -7.022    0.0678      Si 2                1197.39A   -7.150    0.0505
nFnu                1458.33A   -3.263  389.3047      Fe 2                2621.67A   -7.912    0.0087      Si 2                1194.50A   -7.383    0.0295
nFnu                1356.96A   -3.303  354.8653      Fe 2                2413.31A   -7.723    0.0135      Si 2                3862.60A   -8.450    0.0025
nFnu                1297.29A   -3.415  273.8524      Fe 2                2411.07A   -7.730    0.0133      Si 2                3856.02A   -8.422    0.0027
nFnu                1262.79A   -3.593  181.7759      Fe 2                2344.28A   -7.441    0.0258      Si 2                6371.37A   -8.367    0.0031
nFnu                1218.08A   -7.754    0.0126      Fe 2                17.9311m   -4.867    9.6884      Si 2                6347.11A   -8.289    0.0037
nFnu                1196.33A   -7.219    0.0431      Fe 2                1.64355m   -3.973   75.9421      Zn 2                2062.00A   -7.943    0.0081
nFnu                1175.06A   -7.165    0.0487      Fe 2                1.53348m   -5.098    5.6943      Zn 2                2025.48A   -7.708    0.0140
nFnu                1143.64A   -7.289    0.0367      Fe 2                8616.95A   -5.361    3.1040      Al 2                2669.15A   -5.498    2.2628
nFnu                1113.22A   -7.402    0.0282      Fe 2                7155.17A   -5.489    2.3106      Al 2                2660.35A   -5.325    3.3762
nFnu                1103.23A   -7.431    0.0264      Fe 2                6896.17A   -6.941    0.0816      Al 2                1670.79A   -5.993    0.7238
nFnu                1073.86A   -8.080    0.0059      Fe 2                5413.37A   -7.399    0.0285      Al 2                3900.67A   -8.734    0.0013
nFnu                1064.34A   -8.122    0.0054      Fe 2                5280.27A   -7.935    0.0083      Ca 2                7323.89A   -4.266   38.6159
nFnu                1035.92A   -8.235    0.0041      Fe 2                5273.36A   -5.488    2.3154      Ca 2                7291.47A   -4.099   56.7618
nFnu                1000.00A   -8.395    0.0029      Fe 2                5158.79A   -4.877    9.4559      Ca 2                3968.47A   -6.429    0.2653
nFnu                925.144A   -8.363    0.0031      Fe 2                5111.64A   -5.784    1.1716      Ca 2                8662.14A   -4.995    7.2186
RRC............................................      Fe 2                5072.41A   -5.530    2.1048      Ca 2                3933.66A   -6.408    0.2787
H  1                3645.98A   -7.650    0.0160      Fe 2                5039.10A   -6.964    0.0774      Ca 2                8498.02A   -5.687    1.4645
H  1                3645.98A   -7.304    0.0354      Fe 2                4814.54A   -5.834    1.0452      Ca 2                8542.09A   -4.741   12.9563
H  1                8203.57A   -8.385    0.0029      Fe 2                4774.73A   -6.274    0.3795      Ca 2                3706.02A   -7.362    0.0310
H  1                8203.57A   -7.991    0.0073      Fe 2                4745.49A   -7.325    0.0337      Ca 2                3736.90A   -7.065    0.0613
H  1                8203.57A   -8.094    0.0057      Fe 2                4661.78A   -8.424    0.0027      Ca 2                3158.87A   -7.384    0.0294
H  1                1.45842m   -8.470    0.0024      Fe 2                4243.97A   -5.204    4.4602      Ca 2                3181.27A   -8.089    0.0058
H  1                1.45842m   -8.466    0.0024      Fe 2                4177.20A   -6.294    0.3626      Ca 2                3179.33A   -7.135    0.0523
H  1                1.45842m   -8.808    0.0011      Fe 2                4146.65A   -7.869    0.0096      Ca 2                1.19497m   -8.795    0.0011
H  1                2.27878m   -8.828    0.0011      Fe 2                4114.48A   -8.207    0.0044      Ca 2                1.18390m   -8.497    0.0023
H  1                2.27878m   -8.792    0.0012      Fe 2                3929.35A   -8.460    0.0025      Ca 2                1838.01A   -8.321    0.0034
Al 1                2070.66A   -8.807    0.0011      Fe 2                3387.09A   -6.709    0.1393      Ca 2                1840.03A   -8.165    0.0049
Si 1                1520.96A   -7.816    0.0109      Fe 2                3376.20A   -5.911    0.8743      Ca 2                2112.76A   -8.793    0.0011
S  1                1196.76A   -8.586    0.0018      Fe 2                2732.45A   -7.013    0.0692      Cl 2                14.3639m   -6.176    0.4753
grains.........................................      Fe 2                2493.30A   -4.603   17.7878      Cl 2                33.2721m   -7.257    0.0395
H-like iso-sequence............................      Fe 2                2484.20A   -8.143    0.0051      Cl 2                8578.70A   -5.864    0.9749
Cool                1215.67A   -3.167  484.9454      Fe 2                2360.00A   -6.631    0.1666      Cl 2                9123.60A   -6.449    0.2536
Crst                960.000A   -3.347  320.6080      Fe 2                2348.12A   -6.714    0.1377      Cl 2                3677.85A   -7.786    0.0117
CION                      0    -5.408    2.7863      Fe 2                2331.31A   -8.300    0.0036      Cl 2                6161.84A   -7.740    0.0130
Dest                1215.67A   -8.715    0.0014      Fe 2                24.5126m   -5.567    1.9341      Mg 2                2802.71A   -4.024   67.4666
Ca B                1215.67A   -6.223    0.4261      Fe 2                1.80940m   -4.573   19.0436      Mg 2                2795.53A   -3.728  133.5001
CaBo                4861.32A   -7.757    0.0125      Fe 2                1.67688m   -5.523    2.1383      Mg 2                2936.52A   -6.955    0.0791
Ca A                1215.67A   -6.414    0.2747      Fe 2                1.59948m   -5.430    2.6472      Mg 2                2928.64A   -7.256    0.0395
Ca A                1025.72A   -7.061    0.0620      Fe 2                9051.95A   -5.202    4.4721      Mg 2                2797.93A   -7.695    0.0144
Ca A                972.537A   -7.471    0.0241      Fe 2                8891.93A   -5.627    1.6823      Mg 2                2790.77A   -6.992    0.0725
Ca A                949.743A   -7.775    0.0120      Fe 2                7452.56A   -5.981    0.7443      Mg 2                2798.00A   -6.739    0.1299
Ca A                937.803A   -8.017    0.0068      Fe 2                7172.00A   -5.897    0.9038      Mg 2                9244.22A   -8.811    0.0011
Ca A                930.748A   -8.220    0.0043      Fe 2                6275.53A   -7.854    0.0100      Mg 2                9218.22A   -8.515    0.0022
Ca A                926.226A   -8.393    0.0029      Fe 2                5527.36A   -6.471    0.2412      N  2                205.283m   -8.045    0.0064
Ca A                923.150A   -8.546    0.0020      Fe 2                5440.48A   -8.228    0.0042      N  2                121.769m   -8.262    0.0039
Ca A                920.963A   -8.682    0.0015      Fe 2                5433.15A   -6.002    0.7092      N  2                6548.05A   -7.415    0.0274
Ca A                919.351A   -8.805    0.0011      Fe 2                5261.63A   -5.258    3.9398      N  2                6583.45A   -6.946    0.0807
Ca A                6562.80A   -7.483    0.0234      Fe 2                5220.08A   -6.533    0.2090      N  2                5754.59A   -8.794    0.0011
Ca A                4861.32A   -7.934    0.0083      Fe 2                5184.80A   -6.428    0.2658      N  2                2142.77A   -8.799    0.0011
Ca A                4340.46A   -8.259    0.0039      Fe 2                5158.01A   -6.378    0.2986      Ni 2                1.19102m   -4.849   10.0850
Ca A                4101.73A   -8.512    0.0022      Fe 2                4947.39A   -5.778    1.1895      Ni 2                6.63416m   -5.477    2.3784
Ca A                3970.07A   -8.721    0.0014      Fe 2                4905.35A   -6.129    0.5298      Ni 2                1.07151m   -6.469    0.2423
Ca A                1.87510m   -8.275    0.0038      Fe 2                4874.50A   -6.172    0.4801      Ni 2                10.6793m   -6.106    0.5583
Ca A                1.28181m   -8.602    0.0018      Fe 2                4852.74A   -7.533    0.0209      Ni 2                1.27792m   -8.293    0.0036
Ca B                6562.80A   -7.301    0.0356      Fe 2                4346.86A   -5.831    1.0519      Ni 2                1.16130m   -6.985    0.0737
Ca B                4861.32A   -7.758    0.0124      Fe 2                4276.84A   -5.755    1.2536      Ni 2                12.7253m   -6.522    0.2141
Ca B                4340.46A   -8.088    0.0058      Fe 2                4244.82A   -6.567    0.1934      Ni 2                9882.95A   -7.735    0.0131
Ca B                4101.73A   -8.345    0.0032      Fe 2                4231.56A   -8.167    0.0049      Ni 2                1.09177m   -7.273    0.0381
Ca B                3970.07A   -8.557    0.0020      Fe 2                4211.11A   -8.141    0.0051      Ni 2                18.2355m   -7.239    0.0411
Ca B                3889.05A   -8.737    0.0013      Fe 2                3455.11A   -6.815    0.1091      Ni 2                9374.87A   -8.027    0.0067
Ca B                1.87510m   -8.229    0.0042      Fe 2                3452.31A   -6.504    0.2234      Ni 2                7377.83A   -5.635    1.6507
Ca B                1.28181m   -8.546    0.0020      Fe 2                3440.99A   -6.390    0.2904      Ni 2                8300.99A   -6.931    0.0835
Ca B                1.09381m   -8.802    0.0011      Fe 2                2774.73A   -8.253    0.0040      Ni 2                1.93877m   -6.343    0.3234
H  1                2431.34A   -3.385  293.9694      Fe 2                2759.34A   -8.642    0.0016      Ni 2                2.36883m   -7.630    0.0167
H  1                1215.67A   -3.150  504.6039      Fe 2                2485.07A   -8.446    0.0026      Ni 2                2.91064m   -7.299    0.0358
H  1                6562.80A   -5.091    5.7822      Fe 2                2391.48A   -7.525    0.0213      Ni 2                6666.80A   -6.483    0.2346
H  1                4861.32A   -5.853    1.0000      Fe 2                2379.28A   -8.195    0.0046      Ni 2                7411.61A   -6.264    0.3883
H  1                4340.46A   -6.234    0.4161      Fe 2                2362.02A   -6.998    0.0717      Ni 2                1.76458m   -8.409    0.0028
H  1                4101.73A   -7.920    0.0086      Fe 2                35.7675m   -6.366    0.3066      Ni 2                2.04866m   -7.987    0.0073
H  1                3970.07A   -8.208    0.0044      Fe 2                1.95361m   -5.484    2.3372      Ni 2                2.30794m   -7.443    0.0257
H  1                3889.05A   -8.440    0.0026      Fe 2                1.80002m   -5.539    2.0623      Ni 2                6.91767m   -7.743    0.0129
H  1                3835.38A   -8.633    0.0017      Fe 2                1.71113m   -6.108    0.5559      Ni 2                4326.24A   -6.430    0.2650
H  1                3797.90A   -8.799    0.0011      Fe 2                1.66377m   -5.727    1.3358      Ni 2                4628.05A   -6.852    0.1003
H  1                3770.63A   -8.546    0.0020      Fe 2                9399.04A   -5.625    1.6920      Ni 2                6794.20A   -7.908    0.0088
H  1                3750.15A   -8.661    0.0016      Fe 2                9226.63A   -5.571    1.9160      Ni 2                7255.82A   -6.785    0.1171
H  1                3734.37A   -8.764    0.0012      Fe 2                9033.49A   -6.646    0.1609      Ni 2                7694.56A   -7.855    0.0100
H  1                1.87510m   -6.625    0.1691      Fe 2                7388.17A   -6.017    0.6855      Ni 2                8033.54A   -8.019    0.0068
H  1                1.28181m   -6.938    0.0822      Fe 2                6440.41A   -6.969    0.0765      Ni 2                1.04597m   -7.268    0.0384
H  1                1.09381m   -8.304    0.0035      Fe 2                6229.28A   -8.120    0.0054      Ni 2                1.23230m   -7.296    0.0361
H  1                1.00494m   -8.612    0.0017      Fe 2                5654.87A   -7.431    0.0264      Ni 2                4201.17A   -6.612    0.1741
H  1                4.05115m   -7.494    0.0228      Fe 2                5556.31A   -6.672    0.1519      Ni 2                4485.21A   -7.065    0.0614
H  1                2.62515m   -8.482    0.0023      Fe 2                5412.67A   -7.199    0.0450      Ni 2                7307.65A   -6.960    0.0781
H  1                2.16553m   -8.832    0.0010      Fe 2                5333.66A   -5.545    2.0338      Ni 2                7612.72A   -7.288    0.0367
H  1                7.45782m   -8.519    0.0022      Fe 2                5296.84A   -6.828    0.1060      Ni 2                1.13597m   -7.971    0.0076
He-like iso-sequence...........................      Fe 2                5268.89A   -6.548    0.2019      Ni 2                4285.31A   -7.821    0.0108
Pho+                3889.00A   -8.536    0.0021      Fe 2                5107.96A   -7.483    0.0234      Ni 2                6791.48A   -7.535    0.0208
extra Lyman....................................      Fe 2                5049.30A   -5.951    0.7980      Ni 2                7054.20A   -7.440    0.0259
database lines.................................      Fe 2                5005.52A   -6.005    0.7045      Ni 2                9.61508m   -8.729    0.0013
CN                  2648.35m   -8.640    0.0016      Fe 2                4973.40A   -6.273    0.3805      Ni 2                4033.04A   -6.879    0.0943
CN                  2640.74m   -8.340    0.0033      Fe 2                4950.76A   -6.618    0.1716      Ni 2                4294.09A   -6.999    0.0715
CN                  1322.30m   -8.701    0.0014      Fe 2                4352.79A   -6.071    0.6059      Ni 2                6467.29A   -8.032    0.0066
CN                  1321.03m   -8.442    0.0026      Fe 2                4319.62A   -6.337    0.3284      Ni 2                6813.57A   -7.020    0.0680
CN                  881.421m   -8.692    0.0014      Fe 2                4305.90A   -7.139    0.0517      Ni 2                7078.04A   -7.569    0.0192
CN                  880.858m   -8.535    0.0021      Fe 2                4084.33A   -8.464    0.0024      Ni 2                1.02090m   -8.350    0.0032
CN                  661.044m   -8.607    0.0018      Fe 2                3504.51A   -7.118    0.0543      Ni 2                3993.06A   -6.533    0.2088
CN                  660.727m   -8.493    0.0023      Fe 2                3504.02A   -6.975    0.0755      Ni 2                4248.80A   -7.009    0.0699
CN                  528.842m   -8.710    0.0014      Fe 2                3501.63A   -6.539    0.2063      Ni 2                6007.06A   -8.123    0.0054
CN                  528.639m   -8.619    0.0017      Fe 2                3489.99A   -7.218    0.0431      Ni 2                6365.10A   -7.007    0.0701
CN                  440.721m   -8.729    0.0013      Fe 2                2385.01A   -7.822    0.0107      Ni 2                6700.24A   -8.400    0.0028
CN                  440.580m   -8.654    0.0016      Fe 2                2.06648m   -6.878    0.0945      Ni 2                6955.82A   -8.435    0.0026
CN                  377.682m   -8.805    0.0011      Fe 2                1.89541m   -6.274    0.3789      Ni 2                8703.87A   -7.462    0.0246
HF                  243.178m   -8.237    0.0041      Fe 2                1.79711m   -5.761    1.2351      Ni 2                9956.63A   -7.689    0.0146
CO                  2600.05m   -8.340    0.0033      Fe 2                1.74494m   -6.050    0.6356      Ni 2                5.18504m   -8.468    0.0024
CO                  1300.05m   -7.007    0.0701      Fe 2                9652.70A   -6.473    0.2396      Ni 2                3438.88A   -6.722    0.1352
CO                  866.727m   -6.556    0.1983      Fe 2                9470.94A   -5.961    0.7796      Ni 2                3626.89A   -7.030    0.0666
CO                  650.074m   -6.382    0.2955      Fe 2                9267.56A   -6.343    0.3237      Ni 2                3378.16A   -7.336    0.0329
CO                  520.089m   -6.303    0.3549      Fe 2                7544.00A   -8.656    0.0016      Ni 2                3559.41A   -7.316    0.0345
CO                  433.438m   -6.254    0.3968      Fe 2                6558.51A   -7.183    0.0467      level 1 lines..................................
CO                  371.549m   -6.236    0.4144      Fe 2                5745.71A   -7.802    0.0112      recombination..................................
CO                  325.137m   -6.225    0.4249      Fe 2                5643.98A   -7.644    0.0162      level2 lines...................................
CO                  289.041m   -6.225    0.4248      Fe 2                5495.84A   -7.476    0.0238      C  1                1247.50A   -7.689    0.0146
CO                  260.169m   -6.231    0.4190      Fe 2                5376.47A   -5.939    0.8205      C  1                1314.77A   -7.612    0.0174
CO                  236.549m   -6.244    0.4064      Fe 2                5347.66A   -7.053    0.0630      C  1                1233.29A   -8.212    0.0044
CO                  216.868m   -6.265    0.3873      Fe 2                5181.96A   -7.329    0.0334      C  1                1250.68A   -8.366    0.0031
CO                  200.218m   -6.290    0.3659      Fe 2                5076.57A   -6.609    0.1753      Mg 1                1817.31A   -8.556    0.0020
CO                  185.949m   -6.311    0.3480      Fe 2                5043.53A   -6.479    0.2365      Mg 1                1739.09A   -8.768    0.0012
CO                  173.584m   -6.336    0.3290      Fe 2                5020.25A   -6.595    0.1809      Mg 1                1699.05A   -8.785    0.0012
CO                  162.767m   -6.363    0.3093      Fe 2                4372.43A   -6.611    0.1746      Mg 1                1675.74A   -8.789    0.0012
CO                  153.225m   -6.391    0.2897      Fe 2                4358.37A   -6.822    0.1073      Mg 1                1660.94A   -8.821    0.0011
CO                  144.745m   -6.421    0.2704      Fe 2                4080.00A   -8.494    0.0023      Si 1                1853.05A   -8.805    0.0011
CO                  137.159m   -6.452    0.2517      Fe 2                3539.19A   -6.823    0.1073      Si 2                1179.59A   -7.976    0.0075
CO                  130.333m   -6.484    0.2341      Fe 2                3538.69A   -7.116    0.0546      S  1                1356.05A   -8.212    0.0044
CO                  124.160m   -6.521    0.2149      Fe 2                3536.25A   -7.242    0.0408      S  1                1392.25A   -8.607    0.0018
CO                  118.548m   -6.561    0.1960      Fe 2                3524.38A   -8.550    0.0020      S  1                1418.10A   -8.807    0.0011
CO                  113.427m   -6.601    0.1784      Fe 2                22.8961m   -7.872    0.0096      Ca 2                1360.06A   -8.823    0.0011
CO                  108.733m   -6.644    0.1617      Fe 2                1.81139m   -8.151    0.0050      Fe 1                2484.25A   -8.480    0.0024
CO                  104.416m   -6.688    0.1463      Fe 2                7764.71A   -7.357    0.0313      Fe 1                2526.51A   -8.715    0.0014
CO                  100.433m   -6.733    0.1319      Fe 2                7336.73A   -7.646    0.0161      Sc 2                3627.22A   -7.176    0.0475
CO                  96.7462m   -6.780    0.1183      Fe 2                7267.25A   -8.615    0.0017      Sc 2                3575.45A   -7.298    0.0359
CO                  93.3237m   -6.829    0.1057      Fe 2                6809.24A   -7.624    0.0169      Sc 2                3368.13A   -7.862    0.0098
CO                  90.1384m   -6.879    0.0941      Fe 2                6729.87A   -7.905    0.0089      Ti 2                3364.74A   -5.602    1.7811
CO                  87.1666m   -6.932    0.0834      Fe 2                6671.93A   -8.468    0.0024      Ti 2                3237.15A   -5.842    1.0254
CO                  84.3877m   -6.985    0.0738      Fe 2                5721.37A   -8.742    0.0013      Ti 2                1904.17A   -7.711    0.0139
CO                  81.7835m   -7.040    0.0650      Fe 2                5163.96A   -7.652    0.0159      Ti 2                1907.36A   -7.453    0.0251
CO                  79.3383m   -7.098    0.0569      Fe 2                4266.35A   -8.354    0.0032      V  2                2710.94A   -7.928    0.0084
CO                  77.0375m   -7.157    0.0497      Fe 2                4249.08A   -8.625    0.0017      V  2                2684.22A   -7.693    0.0145
CO                  74.8697m   -7.217    0.0433      Fe 2                4157.92A   -8.628    0.0017      V  2                2139.33A   -8.319    0.0034
CO                  72.8231m   -7.279    0.0375      Fe 2                3277.35A   -7.142    0.0513      Cr 1                4269.56A   -8.415    0.0027
CO                  70.8878m   -7.342    0.0324      Fe 2                3255.89A   -8.391    0.0029      Cr 1                3589.90A   -8.233    0.0042
CO                  69.0557m   -7.405    0.0280      Fe 2                2926.59A   -7.991    0.0073      Cr 2                2059.78A   -6.202    0.4477
CO                  67.3181m   -7.470    0.0241      Fe 2                2880.76A   -7.721    0.0136      Mn 2                1198.85A   -8.558    0.0020
CO                  65.6684m   -7.536    0.0207      Fe 2                2755.74A   -6.063    0.6167      Co 2                2060.90A   -7.667    0.0153
CO                  64.0998m   -7.602    0.0178      Fe 2                2739.55A   -6.744    0.1285      Co 2                2018.80A   -7.702    0.0142
CO                  62.6072m   -7.668    0.0153      Fe 2                2716.70A   -6.936    0.0827      Co 2                1949.74A   -7.780    0.0118
CO                  61.1843m   -7.735    0.0131      Fe 2                34.6508m   -8.743    0.0013      Co 2                1575.91A   -8.305    0.0035
CO                  59.8271m   -7.803    0.0112      Fe 2                1.00287m   -7.344    0.0323      Co 2                1470.18A   -8.382    0.0030
CO                  58.5311m   -7.871    0.0096      Fe 2                8245.16A   -8.843    0.0010      Ni 2                1751.83A   -7.237    0.0413
CO                  57.2920m   -7.940    0.0082      Fe 2                8037.28A   -7.874    0.0095      Ni 2                1744.24A   -7.043    0.0645
CO                  56.1066m   -8.010    0.0070      Fe 2                7579.61A   -8.365    0.0031      Ni 2                1484.97A   -8.372    0.0030
CO                  54.9712m   -8.081    0.0059      Fe 2                7017.95A   -8.284    0.0037      Ni 2                1472.74A   -8.057    0.0063
CO                  53.8829m   -8.152    0.0050      Fe 2                6933.67A   -8.650    0.0016      Ni 2                1400.37A   -8.370    0.0030
CO                  52.8388m   -8.224    0.0043      Fe 2                6872.19A   -7.816    0.0109      Ni 2                1375.73A   -8.026    0.0067
CO                  51.8365m   -8.296    0.0036      Fe 2                6829.03A   -8.850    0.0010      Ni 2                1324.11A   -8.130    0.0053
CO                  50.8731m   -8.369    0.0031      Fe 2                5746.98A   -7.702    0.0142      hyperfine structure............................
CO                  49.9472m   -8.441    0.0026      Fe 2                5283.12A   -8.260    0.0039      inner shell....................................
CO                  49.0559m   -8.515    0.0022      Fe 2                5199.18A   -8.475    0.0024      molecules......................................
CO                  48.1977m   -8.591    0.0018      Fe 2                4351.81A   -8.624    0.0017      H2 l                2.00000m   -3.611  174.6460
CO                  47.3709m   -8.667    0.0015      Fe 2                4347.36A   -7.993    0.0072      H2 v                      0    -5.245    4.0517
CO                  46.5738m   -8.745    0.0013      Fe 2                4329.43A   -7.340    0.0326      H-FB                      0    -5.779    1.1864
CO                  45.8046m   -8.823    0.0011      Fe 2                2953.77A   -8.742    0.0013      H-FF                      0    -6.014    0.6910
^13CO               1359.86m   -8.560    0.0020      Fe 2                2772.73A   -6.805    0.1116      H-CT                6562.80A   -6.836    0.1040
^13CO               906.599m   -8.079    0.0059      Fe 2                2749.32A   -6.902    0.0894      H- H                      0    -6.935    0.0827
^13CO               679.978m   -7.890    0.0092      Fe 2                9795.19A   -8.122    0.0054      H2+                       0    -6.182    0.4691
^13CO               544.012m   -7.805    0.0112      Fe 2                8228.13A   -8.037    0.0065      bands..........................................
^13CO               453.374m   -7.754    0.0125      Fe 2                7613.14A   -8.445    0.0026      Fe 2b               2500.00A   -4.036   65.5506
^13CO               388.637m   -7.734    0.0131      Fe 2                7011.24A   -8.852    0.0010      Fe 2b               5000.00A   -4.091   57.7454
^13CO               340.088m   -7.724    0.0135      Fe 2                6966.33A   -8.209    0.0044      Fe 2b               7000.00A   -5.034    6.5922
^13CO               302.332m   -7.723    0.0135      Fe 2                5477.25A   -8.206    0.0044      Fe 2b               10000.0A   -3.714  137.6580
^13CO               272.130m   -7.729    0.0133      Fe 2                5278.38A   -8.674    0.0015      Fe 2b               2355.00A   -4.838   10.3594
^13CO               247.423m   -7.742    0.0129      Fe 2                4402.59A   -8.459    0.0025      Fe 2b               2430.00A   -4.044   64.4236
^13CO               226.836m   -7.763    0.0123      Fe 2                4384.21A   -8.392    0.0029      Fe 2b               2445.00A   -4.044   64.4235
^13CO               209.419m   -7.789    0.0116      Fe 2                1.05081m   -8.602    0.0018      Fe 2b               2495.00A   -4.603   17.7965
^13CO               194.493m   -7.811    0.0110      Fe 2                7710.80A   -8.756    0.0012      Fe 2b               2610.00A   -4.294   36.2634
^13CO               181.558m   -7.837    0.0104      Fe 2                7048.01A   -8.422    0.0027      Fe 2b               2695.00A   -6.935    0.0827
^13CO               170.243m   -7.865    0.0097      Fe 2                5901.28A   -8.652    0.0016      Fe 2b               2758.00A   -5.844    1.0211
^13CO               160.261m   -7.895    0.0091      Fe 2                5527.62A   -8.764    0.0012      Fe 2b               2780.00A   -5.805    1.1177
^13CO               151.390m   -7.926    0.0085      Fe 2                2.04602m   -7.289    0.0366      Fe 2b               2935.00A   -7.493    0.0229
^13CO               143.454m   -7.959    0.0078      Fe 2                1.41956m   -7.844    0.0102      Fe 2b               2960.00A   -7.881    0.0094
^13CO               136.314m   -7.992    0.0073      Fe 2                1.35904m   -8.650    0.0016      Fe 2b               3180.00A   -6.450    0.2531
^13CO               129.855m   -8.032    0.0066      Fe 2                1.23314m   -7.638    0.0164      Fe 2b               3250.00A   -5.750    1.2668
^13CO               123.985m   -8.073    0.0060      Fe 2                1.09108m   -7.560    0.0196      Fe 2b               3590.00A   -5.771    1.2091
^13CO               118.627m   -8.117    0.0054      Fe 2                1.07084m   -7.999    0.0071      Fe 2b               3910.00A   -7.819    0.0108
^13CO               113.717m   -8.163    0.0049      Fe 2                1.05625m   -8.449    0.0025      Fe 2b               4060.00A   -8.478    0.0024
^13CO               109.201m   -8.211    0.0044      Fe 2                1.01565m   -8.252    0.0040      Fe 2b               4255.00A   -4.525   21.2955
^13CO               105.034m   -8.262    0.0039      Fe 2                8119.18A   -8.728    0.0013      Fe 2b               4558.00A   -5.255    3.9636
^13CO               101.176m   -8.315    0.0035      Fe 2                5588.16A   -7.554    0.0199      Fe 2b               4600.00A   -5.225    4.2441
^13CO               97.5955m   -8.371    0.0030      Fe 2                5586.91A   -8.417    0.0027      Fe 2b               4743.00A   -5.974    0.7570
^13CO               94.2629m   -8.431    0.0026      Fe 2                5580.82A   -6.986    0.0736      Fe 2b               4855.00A   -5.395    2.8711
^13CO               91.1537m   -8.494    0.0023      Fe 2                5551.32A   -6.704    0.1409      Fe 2b               4920.00A   -4.880    9.3872
^13CO               88.2461m   -8.562    0.0020      Fe 2                3227.74A   -8.361    0.0031      Fe 2b               4975.00A   -5.410    2.7720
^13CO               85.5213m   -8.634    0.0017      Fe 2                3196.07A   -7.938    0.0082      Fe 2b               4971.00A   -5.453    2.5113
^13CO               82.9627m   -8.713    0.0014      Fe 2                2.13278m   -7.545    0.0203      Fe 2b               5070.00A   -5.332    3.3193
^13CO               80.5556m   -8.798    0.0011      Fe 2                1.46079m   -8.391    0.0029      Fe 2b               5143.00A   -4.798   11.3376
OH+                 308.406m   -8.793    0.0011      Fe 2                1.39678m   -8.452    0.0025      Fe 2b               5270.00A   -4.514   21.8335
C  1                1560.31A   -7.479    0.0237      Fe 2                1.30943m   -8.471    0.0024      Fe 2b               5318.00A   -4.832   10.4954
C  1                1560.68A   -7.495    0.0228      Fe 2                1.24364m   -8.657    0.0016      Fe 2b               5540.00A   -5.979    0.7476
C  1                1560.71A   -7.696    0.0144      Fe 2                1.09413m   -7.758    0.0124      Fe 2b               5865.00A   -6.579    0.1880
C  1                1561.34A   -7.030    0.0666      Fe 2                1.07890m   -7.854    0.0100      Fe 2b               6265.00A   -7.391    0.0290
C  1                1561.37A   -7.567    0.0193      Fe 2                1.06830m   -8.612    0.0017      Fe 2b               6565.00A   -6.735    0.1313
C  1                1561.44A   -7.009    0.0699      Fe 2                1.03658m   -8.623    0.0017      Fe 2b               6910.00A   -6.674    0.1509
C  1                1656.27A   -6.790    0.1156      Fe 2                5650.95A   -7.533    0.0209      Fe 2b               7445.00A   -5.055    6.2759
C  1                1656.93A   -7.196    0.0454      Fe 2                5649.67A   -7.507    0.0222      Fe 2b               8625.00A   -4.723   13.4872
C  1                1657.01A   -6.455    0.2498      Fe 2                5643.44A   -8.645    0.0016      Fe 2b               1.03250m   -5.781    1.1811
C  1                1657.38A   -7.242    0.0408      Fe 2                5613.27A   -6.920    0.0857      Fe 2b               1.88900m   -4.429   26.5156
C  1                1657.91A   -6.773    0.1204      Fe 2                2.24366m   -7.882    0.0093      Fe 2b               2.20000m   -6.514    0.2185
C  1                1658.12A   -6.935    0.0827      Fe 2                2.00672m   -7.228    0.0422      miscellaneous..................................
C  1                1930.90A   -8.549    0.0020      Fe 2                1.10657m   -8.101    0.0056      Blnd                8446.00A   -8.578    0.0019
C  1                1992.01A   -8.305    0.0035      Fe 2                1.09542m   -8.205    0.0044      Blnd                1304.00A   -6.974    0.0758
C  1                1993.62A   -6.951    0.0798      Fe 2                5725.92A   -7.805    0.0112      Blnd                2798.00A   -3.550  200.9667
C  1                2582.90A   -8.215    0.0043      Fe 2                5718.22A   -7.254    0.0397      Blnd                6720.00A   -4.248   40.2870
C  1                8727.13A   -8.642    0.0016      Fe 2                2.22379m   -6.638    0.1642      Blnd                4074.00A   -5.572    1.9085
C  1                9824.13A   -4.078   59.5900      Fe 2                2.01513m   -6.958    0.0785      Blnd                1.03300m   -5.681    1.4854
C  1                9850.26A   -3.603  178.0264      Fe 2                9682.08A   -7.468    0.0243      Blnd                1256.00A   -7.608    0.0176
C  1                370.269m   -4.031   66.3129      Fe 2                9513.85A   -8.275    0.0038      Blnd                5892.00A   -7.043    0.0645
C  1                609.590m   -4.668   15.3156      Fe 2                8715.81A   -8.101    0.0057      Blnd                2665.00A   -5.102    5.6390
C  2                1334.53A   -8.678    0.0015      Fe 2                6873.84A   -7.765    0.0122      Blnd                2335.00A   -4.911    8.7465
C  2                1335.66A   -8.330    0.0033      Fe 2                6700.65A   -8.736    0.0013      Blnd                8579.00A   -4.518   21.6393
C  2                1335.71A   -8.337    0.0033      Fe 2                6188.55A   -7.944    0.0081      Blnd                7306.00A   -3.874   95.3778
C  2                2323.50A   -8.115    0.0055      Fe 2                5870.02A   -8.197    0.0045      Blnd                3933.00A   -6.117    0.5440
C  2                2324.69A   -7.807    0.0111      Fe 2                5673.20A   -8.231    0.0042      Blnd                1657.00A   -6.037    0.6546
C  2                2325.40A   -7.306    0.0352      Fe 2                4898.61A   -7.967    0.0077      Blnd                9850.00A   -3.477  237.6164
C  2                2326.93A   -7.332    0.0332      Fe 2                2.25348m   -7.475    0.0239      Blnd                2326.00A   -6.864    0.0976
C  2                2328.12A   -7.754    0.0126      Fe 2                1.02005m   -8.683    0.0015      Blnd                1335.00A   -7.944    0.0081
C  2                157.636m   -5.397    2.8567      Fe 2                1.00139m   -8.127    0.0053      Blnd                3467.00A   -6.401    0.2829
Ca 1                4226.73A   -7.010    0.0697      Fe 2                9133.66A   -8.849    0.0010      Blnd                5199.00A   -4.156   49.7869
Ca 1                6439.08A   -7.953    0.0080      Fe 2                8885.67A   -8.575    0.0019      Blnd                1.04030m   -5.645    1.6145
Ca 1                6462.57A   -8.212    0.0044      Fe 2                7131.14A   -8.740    0.0013      Blnd                2141.00A   -8.651    0.0016
Ca 1                6493.78A   -8.433    0.0026      Fe 2                6944.91A   -8.309    0.0035      Blnd                6300.00A   -3.873   95.5688
Cl 1                11.3303m   -7.238    0.0412      Fe 2                6473.88A   -8.345    0.0032      Blnd                2471.00A   -8.538    0.0021
Co 2                9335.96A   -7.990    0.0073      Fe 2                6044.10A   -8.777    0.0012      Blnd                7323.00A   -8.705    0.0014
Co 2                9639.13A   -8.428    0.0027      Fe 2                5835.45A   -8.445    0.0026      Blnd                7332.00A   -8.787    0.0012
Co 2                10.5199m   -6.824    0.1068      Fe 2                5060.09A   -8.526    0.0021      Blnd                3727.00A   -6.626    0.1686
Co 2                15.4548m   -7.710    0.0139      Fe 2                4576.40A   -8.779    0.0012      Blnd                7325.00A   -8.443    0.0026
Co 2                2.98382m   -6.311    0.3485      Fe 2                1.34608m   -8.825    0.0011      N 1C                5199.00A   -8.124    0.0054
Co 2                14.7345m   -7.353    0.0316      Fe 2                1.11648m   -8.641    0.0016      N 1T                5199.00A   -8.243    0.0041
Co 2                18.7989m   -7.873    0.0095      Fe 2                5048.19A   -8.493    0.0023

                                                    Emergent line intensities
general properties.............................      Fe 2                5.06097m   -7.184    0.0467      N  1                1134.98A   -8.671    0.0015
continua.......................................      Fe 2                4.43363m   -7.101    0.0565      N  1                1199.55A   -8.014    0.0069
FIR                 83.0000m   -2.461 2465.8357      Fe 2                1.40951m   -8.512    0.0022      N  1                1200.22A   -8.187    0.0046
TIR                 1800.00m   -4.641   16.3138      Fe 2                1.32777m   -6.650    0.1597      N  1                1200.71A   -8.489    0.0023
NIRa                2.85000m   -2.531 2102.7136      Fe 2                1.27877m   -6.707    0.1400      N  1                3466.50A   -6.485    0.2334
NIRb                3.00000m   -3.690  145.6599      Fe 2                1.25214m   -7.747    0.0128      N  1                3466.54A   -7.158    0.0496
MIRa                15.0000m   -3.784  117.1709      Fe 2                7926.88A   -7.985    0.0074      N  1                5197.90A   -4.554   19.9066
MIRb                22.5000m   -2.657 1571.1897      Fe 2                7803.89A   -7.725    0.0134      N  1                5200.26A   -4.378   29.8782
NMIR                21.7500m   -2.531 2102.7136      Fe 2                7665.28A   -6.978    0.0750      N  1                1.03977m   -5.990    0.7302
TFIR                611.250m   -3.388  292.2043      Fe 2                5006.63A   -7.125    0.0535      N  1                1.03982m   -6.513    0.2191
TALL                10000.0A   -2.081 5922.7578      Fe 2                4772.06A   -7.938    0.0082      N  1                1.04072m   -6.338    0.3277
F12                 12.0000m   -5.689    1.4602      Fe 2                4639.67A   -7.622    0.0170      N  1                1.04076m   -6.325    0.3372
F25                 25.0000m   -4.299   35.8512      Fe 2                4528.39A   -7.233    0.0417      Na 1                5889.95A   -7.345    0.0323
F60                 60.0000m   -2.513 2188.0818      Fe 2                4509.61A   -7.581    0.0187      Na 1                5895.92A   -7.344    0.0323
F100                100.000m   -5.621    1.7062      Fe 2                4452.10A   -5.604    1.7767      Ni 1                7.50454m   -7.405    0.0281
MIPS                24.0000m   -4.299   35.8459      Fe 2                3277.55A   -7.739    0.0130      O  1                1304.86A   -7.127    0.0533
MIPS                70.0000m   -2.514 2184.7449      Fe 2                3277.12A   -8.643    0.0016      O  1                1306.03A   -7.526    0.0213
MIPS                160.000m   -3.541  205.2057      Fe 2                3275.02A   -7.814    0.0109      O  1                1355.60A   -7.176    0.0475
IRAC                3.60000m   -6.911    0.0875      Fe 2                2631.05A   -6.555    0.1989      O  1                1358.51A   -7.590    0.0183
IRAC                4.50000m   -5.591    1.8289      Fe 2                2620.41A   -8.425    0.0027      O  1                2972.29A   -6.638    0.1643
IRAC                5.80000m   -3.878   94.4573      Fe 2                2613.82A   -7.330    0.0333      O  1                5577.34A   -5.688    1.4624
IRAC                8.00000m   -4.885    9.2864      Fe 2                2410.52A   -7.206    0.0444      O  1                6300.30A   -3.994   72.4108
SPR1                250.000m   -5.753    1.2587      Fe 2                2406.66A   -7.471    0.0241      O  1                6363.78A   -4.489   23.1316
SPR2                350.000m   -4.026   67.1743      Fe 2                2404.43A   -8.278    0.0038      O  1                6391.73A   -7.817    0.0109
SPR3                500.000m   -5.959    0.7837      Fe 2                2359.11A   -7.275    0.0378      O  1                44.0453m   -8.147    0.0051
PAC1                70.0000m   -2.514 2185.5938      Fe 2                2338.01A   -7.344    0.0323      O  1                63.1679m   -2.514 2183.7214
PAC2                100.000m   -5.620    1.7096      Fe 2                4.67067m   -7.726    0.0134      O  1                145.495m   -3.550  200.8220
PAC3                160.000m   -3.539  206.0592      Fe 2                1.29777m   -7.038    0.0654      O  2                2470.34A   -8.641    0.0016
PAH                 3.30000m   -7.717    0.0137      Fe 2                1.27034m   -6.910    0.0878      O  2                7319.99A   -8.835    0.0010
PAHC                3.23000m   -7.997    0.0072      Fe 2                7999.47A   -8.732    0.0013      O  2                3728.81A   -6.848    0.1012
PAHC                3.37000m   -7.988    0.0073      Fe 2                7874.24A   -7.079    0.0594      O  2                3726.03A   -7.024    0.0675
PAH                 6.20000m   -7.763    0.0123      Fe 2                7733.14A   -7.626    0.0169      P  2                60.6263m   -5.952    0.7961
PAHC                5.65000m   -6.675    0.1509      Fe 2                4798.28A   -7.488    0.0232      P  2                1532.53A   -8.538    0.0021
PAH                 7.90000m   -7.240    0.0411      Fe 2                4664.45A   -8.136    0.0052      P  2                32.8620m   -6.054    0.6293
PAHC                6.90000m   -4.888    9.2401      Fe 2                4533.01A   -8.128    0.0053      P  2                1.14682m   -5.972    0.7610
PAH                 11.3000m   -7.212    0.0437      Fe 2                4474.90A   -5.916    0.8654      P  2                4669.25A   -7.637    0.0165
PAHC                10.9000m   -6.767    0.1221      Fe 2                3289.89A   -8.124    0.0054      P  2                2195.57A   -7.916    0.0087
PAH                 11.8000m   -8.450    0.0025      Fe 2                3289.46A   -7.903    0.0089      P  2                1536.42A   -8.411    0.0028
PAHC                12.6500m   -6.515    0.2179      Fe 2                2628.29A   -7.022    0.0678      P  2                1535.92A   -8.352    0.0032
PAH                 13.3000m   -8.447    0.0026      Fe 2                2621.67A   -7.912    0.0087      P  2                1.18828m   -5.549    2.0172
PAHC                14.1000m   -6.175    0.4771      Fe 2                2413.31A   -7.723    0.0135      P  2                2210.34A   -7.463    0.0246
Bcon                3640.00A   -2.834 1045.8500      Fe 2                2411.07A   -7.731    0.0133      P  2                1542.30A   -8.639    0.0016
Pcon                5000.00A   -3.251  400.0414      Fe 2                2344.28A   -7.441    0.0258      P  2                7875.99A   -6.889    0.0922
O3bn                5007.00A   -5.113    5.4950      Fe 2                17.9311m   -4.867    9.6952      S  1                1483.04A   -8.502    0.0022
RRC............................................      Fe 2                1.64355m   -3.973   75.9955      S  1                1820.34A   -7.176    0.0476
grains.........................................      Fe 2                1.53348m   -5.098    5.6975      S  1                1826.24A   -7.659    0.0156
H-like iso-sequence............................      Fe 2                8616.95A   -5.362    3.1031      S  1                25.2421m   -5.122    5.3832
H  1                1215.67A   -3.154  500.1169      Fe 2                7155.17A   -5.490    2.3101      S  1                56.2957m   -6.082    0.5912
H  1                6562.80A   -5.091    5.7811      Fe 2                6896.17A   -6.942    0.0815      S  2                6730.82A   -4.637   16.4425
H  1                4861.32A   -5.853    1.0000      Fe 2                5413.37A   -7.399    0.0284      S  2                6716.44A   -4.476   23.8365
H  1                4340.46A   -6.234    0.4161      Fe 2                5280.27A   -7.936    0.0083      S  2                4076.35A   -6.185    0.4657
H  1                4101.73A   -7.920    0.0086      Fe 2                5273.36A   -5.489    2.3153      S  2                4068.60A   -5.694    1.4430
H  1                3970.07A   -8.208    0.0044      Fe 2                5158.79A   -4.878    9.4555      S  2                1.03364m   -6.324    0.3386
H  1                3889.05A   -8.440    0.0026      Fe 2                5111.64A   -5.785    1.1715      S  2                1.02867m   -6.320    0.3412
H  1                3835.38A   -8.633    0.0017      Fe 2                5072.41A   -5.530    2.1047      S  2                1.03705m   -6.645    0.1614
H  1                3797.90A   -8.799    0.0011      Fe 2                5039.10A   -6.964    0.0774      S  2                1.03205m   -6.187    0.4641
H  1                3770.63A   -8.547    0.0020      Fe 2                4814.54A   -5.834    1.0452      S  2                1259.52A   -7.964    0.0078
H  1                3750.15A   -8.661    0.0016      Fe 2                4774.73A   -6.274    0.3795      S  2                1253.81A   -8.042    0.0065
H  1                3734.37A   -8.764    0.0012      Fe 2                4745.49A   -7.326    0.0337      S  2                1250.58A   -8.353    0.0032
H  1                1.87510m   -6.625    0.1692      Fe 2                4661.78A   -8.424    0.0027      Sc 2                4246.82A   -8.407    0.0028
H  1                1.28181m   -6.938    0.0823      Fe 2                4243.97A   -5.204    4.4606      Sc 2                7043.49A   -8.178    0.0047
H  1                1.09381m   -8.305    0.0035      Fe 2                4177.20A   -6.294    0.3627      Sc 2                8261.17A   -8.693    0.0014
H  1                1.00494m   -8.612    0.0017      Fe 2                4146.65A   -7.869    0.0096      Sc 2                8271.28A   -8.579    0.0019
H  1                4.05115m   -7.494    0.0229      Fe 2                4114.48A   -8.207    0.0044      Sc 2                8326.62A   -8.832    0.0010
H  1                2.62515m   -8.482    0.0024      Fe 2                3929.35A   -8.460    0.0025      Sc 2                8347.28A   -8.398    0.0029
H  1                2.16553m   -8.832    0.0011      Fe 2                3387.09A   -6.709    0.1394      Sc 2                8384.33A   -8.710    0.0014
H  1                7.45782m   -8.519    0.0022      Fe 2                3376.20A   -5.912    0.8745      Sc 2                1.07804m   -8.776    0.0012
He-like iso-sequence...........................      Fe 2                2732.45A   -7.013    0.0692      Sc 2                2.03194m   -8.314    0.0035
extra Lyman....................................      Fe 2                2493.30A   -4.603   17.7942      Sc 2                2.04712m   -8.661    0.0016
database lines.................................      Fe 2                2484.20A   -8.143    0.0051      Sc 2                2.07591m   -8.305    0.0035
CN                  2648.35m   -8.640    0.0016      Fe 2                2360.00A   -6.632    0.1666      Sc 2                2.07842m   -8.139    0.0052
CN                  2640.74m   -8.340    0.0033      Fe 2                2348.12A   -6.714    0.1377      Sc 2                2.08152m   -8.408    0.0028
CN                  1322.30m   -8.701    0.0014      Fe 2                2331.31A   -8.300    0.0036      Sc 2                2.11129m   -8.581    0.0019
CN                  1321.03m   -8.442    0.0026      Fe 2                24.5126m   -5.567    1.9354      Sc 2                2.12445m   -8.580    0.0019
CN                  881.421m   -8.692    0.0014      Fe 2                1.80940m   -4.573   19.0570      Si 1                2211.75A   -8.846    0.0010
CN                  880.858m   -8.535    0.0021      Fe 2                1.67688m   -5.523    2.1398      Si 1                2519.20A   -8.252    0.0040
CN                  661.044m   -8.607    0.0018      Fe 2                1.59948m   -5.430    2.6489      Si 1                2528.51A   -8.032    0.0066
CN                  660.727m   -8.493    0.0023      Fe 2                9051.95A   -5.203    4.4709      Si 1                68.4548m   -7.538    0.0206
CN                  528.842m   -8.710    0.0014      Fe 2                8891.93A   -5.628    1.6818      Si 1                129.641m   -7.609    0.0176
CN                  528.639m   -8.619    0.0017      Fe 2                7452.56A   -5.982    0.7442      Si 2                34.8046m   -2.703 1411.9427
CN                  440.721m   -8.729    0.0013      Fe 2                7172.00A   -5.897    0.9036      Si 2                2334.41A   -5.860    0.9855
CN                  440.580m   -8.654    0.0016      Fe 2                6275.53A   -7.855    0.0100      Si 2                2328.52A   -6.466    0.2441
CN                  377.682m   -8.805    0.0011      Fe 2                5527.36A   -6.471    0.2412      Si 2                1808.01A   -5.917    0.8633
HF                  243.178m   -8.237    0.0041      Fe 2                5440.48A   -8.229    0.0042      Si 2                1526.71A   -8.654    0.0016
CO                  2600.05m   -8.340    0.0033      Fe 2                5433.15A   -6.003    0.7091      Si 2                1260.42A   -7.936    0.0083
CO                  1300.05m   -7.007    0.0701      Fe 2                5261.63A   -5.258    3.9396      Si 2                2350.17A   -5.713    1.3810
CO                  866.727m   -6.556    0.1985      Fe 2                5220.08A   -6.533    0.2090      Si 2                2344.20A   -5.317    3.4402
CO                  650.074m   -6.382    0.2957      Fe 2                5184.80A   -6.429    0.2658      Si 2                2334.60A   -5.422    2.6991
CO                  520.089m   -6.303    0.3551      Fe 2                5158.01A   -6.378    0.2986      Si 2                1817.45A   -5.774    1.2005
CO                  433.438m   -6.254    0.3971      Fe 2                4947.39A   -5.778    1.1895      Si 2                1816.93A   -5.461    2.4695
CO                  371.549m   -6.236    0.4147      Fe 2                4905.35A   -6.129    0.5298      Si 2                1533.43A   -6.263    0.3895
CO                  325.137m   -6.225    0.4252      Fe 2                4874.50A   -6.172    0.4801      Si 2                1309.28A   -7.042    0.0647
CO                  289.041m   -6.225    0.4251      Fe 2                4852.74A   -7.533    0.0209      Si 2                1265.00A   -6.839    0.1033
CO                  260.169m   -6.231    0.4193      Fe 2                4346.86A   -5.831    1.0520      Si 2                1264.74A   -7.258    0.0394
CO                  236.549m   -6.244    0.4066      Fe 2                4276.84A   -5.755    1.2537      Si 2                1197.39A   -7.285    0.0370
CO                  216.868m   -6.265    0.3876      Fe 2                4244.82A   -6.567    0.1934      Si 2                1194.50A   -7.514    0.0218
CO                  200.218m   -6.290    0.3661      Fe 2                4231.56A   -8.167    0.0049      Si 2                3862.60A   -8.450    0.0025
CO                  185.949m   -6.311    0.3482      Fe 2                4211.11A   -8.141    0.0052      Si 2                3856.02A   -8.423    0.0027
CO                  173.584m   -6.336    0.3292      Fe 2                3455.11A   -6.815    0.1091      Si 2                6371.37A   -8.367    0.0031
CO                  162.767m   -6.363    0.3095      Fe 2                3452.31A   -6.504    0.2234      Si 2                6347.11A   -8.289    0.0037
CO                  153.225m   -6.391    0.2899      Fe 2                3440.99A   -6.390    0.2905      Zn 2                2062.00A   -7.943    0.0081
CO                  144.745m   -6.421    0.2705      Fe 2                2774.73A   -8.253    0.0040      Zn 2                2025.48A   -7.708    0.0140
CO                  137.159m   -6.452    0.2519      Fe 2                2759.34A   -8.642    0.0016      Al 2                2669.15A   -5.499    2.2636
CO                  130.333m   -6.484    0.2342      Fe 2                2485.07A   -8.446    0.0026      Al 2                2660.35A   -5.325    3.3773
CO                  124.160m   -6.521    0.2150      Fe 2                2391.48A   -7.525    0.0213      Al 2                1670.79A   -5.994    0.7240
CO                  118.548m   -6.561    0.1961      Fe 2                2379.28A   -8.195    0.0046      Al 2                3900.67A   -8.734    0.0013
CO                  113.427m   -6.601    0.1786      Fe 2                2362.02A   -6.998    0.0717      Ca 2                7323.89A   -4.267   38.6069
CO                  108.733m   -6.644    0.1618      Fe 2                35.7675m   -6.366    0.3069      Ca 2                7291.47A   -4.099   56.7486
CO                  104.416m   -6.688    0.1464      Fe 2                1.95361m   -5.484    2.3388      Ca 2                3968.47A   -6.429    0.2655
CO                  100.433m   -6.733    0.1320      Fe 2                1.80002m   -5.539    2.0638      Ca 2                8662.14A   -4.995    7.2166
CO                  96.7462m   -6.780    0.1184      Fe 2                1.71113m   -6.108    0.5563      Ca 2                3933.66A   -6.408    0.2789
CO                  93.3237m   -6.829    0.1058      Fe 2                1.66377m   -5.727    1.3368      Ca 2                8498.02A   -5.688    1.4641
CO                  90.1384m   -6.879    0.0942      Fe 2                9399.04A   -5.625    1.6916      Ca 2                8542.09A   -4.741   12.9528
CO                  87.1666m   -6.932    0.0835      Fe 2                9226.63A   -5.571    1.9155      Ca 2                3706.02A   -7.362    0.0310
CO                  84.3877m   -6.985    0.0738      Fe 2                9033.49A   -6.647    0.1609      Ca 2                3736.90A   -7.066    0.0613
CO                  81.7835m   -7.040    0.0650      Fe 2                7388.17A   -6.017    0.6853      Ca 2                3158.87A   -7.384    0.0295
CO                  79.3383m   -7.098    0.0570      Fe 2                6440.41A   -6.970    0.0765      Ca 2                3181.27A   -8.089    0.0058
CO                  77.0375m   -7.157    0.0497      Fe 2                6229.28A   -8.120    0.0054      Ca 2                3179.33A   -7.135    0.0523
CO                  74.8697m   -7.217    0.0433      Fe 2                5654.87A   -7.431    0.0264      Ca 2                1.19497m   -8.795    0.0011
CO                  72.8231m   -7.279    0.0375      Fe 2                5556.31A   -6.672    0.1519      Ca 2                1.18390m   -8.497    0.0023
CO                  70.8878m   -7.342    0.0324      Fe 2                5412.67A   -7.200    0.0450      Ca 2                1838.01A   -8.322    0.0034
CO                  69.0557m   -7.405    0.0281      Fe 2                5333.66A   -5.545    2.0337      Ca 2                1840.03A   -8.166    0.0049
CO                  67.3181m   -7.470    0.0242      Fe 2                5296.84A   -6.828    0.1060      Ca 2                2112.76A   -8.793    0.0011
CO                  65.6684m   -7.536    0.0208      Fe 2                5268.89A   -6.548    0.2019      Cl 2                14.3639m   -6.176    0.4756
CO                  64.0998m   -7.602    0.0178      Fe 2                5107.96A   -7.484    0.0234      Cl 2                33.2721m   -7.257    0.0395
CO                  62.6072m   -7.668    0.0153      Fe 2                5049.30A   -5.951    0.7979      Cl 2                8578.70A   -5.864    0.9746
CO                  61.1843m   -7.735    0.0131      Fe 2                5005.52A   -6.005    0.7045      Cl 2                9123.60A   -6.449    0.2536
CO                  59.8271m   -7.803    0.0112      Fe 2                4973.40A   -6.273    0.3805      Cl 2                3677.85A   -7.787    0.0117
CO                  58.5311m   -7.871    0.0096      Fe 2                4950.76A   -6.619    0.1716      Cl 2                6161.84A   -7.741    0.0130
CO                  57.2920m   -7.940    0.0082      Fe 2                4352.79A   -6.071    0.6059      Mg 2                2802.71A   -4.024   67.4945
CO                  56.1066m   -8.010    0.0070      Fe 2                4319.62A   -6.337    0.3284      Mg 2                2795.53A   -3.728  133.5562
CO                  54.9712m   -8.081    0.0059      Fe 2                4305.90A   -7.140    0.0517      Mg 2                2936.52A   -6.955    0.0792
CO                  53.8829m   -8.152    0.0050      Fe 2                4084.33A   -8.465    0.0024      Mg 2                2928.64A   -7.257    0.0395
CO                  52.8388m   -8.224    0.0043      Fe 2                3504.51A   -7.118    0.0543      Mg 2                2797.93A   -7.695    0.0144
CO                  51.8365m   -8.296    0.0036      Fe 2                3504.02A   -6.975    0.0755      Mg 2                2790.77A   -6.993    0.0726
CO                  50.8731m   -8.369    0.0031      Fe 2                3501.63A   -6.539    0.2063      Mg 2                2798.00A   -6.740    0.1299
CO                  49.9472m   -8.441    0.0026      Fe 2                3489.99A   -7.218    0.0431      Mg 2                9244.22A   -8.811    0.0011
CO                  49.0559m   -8.515    0.0022      Fe 2                2385.01A   -7.822    0.0108      Mg 2                9218.22A   -8.516    0.0022
CO                  48.1977m   -8.591    0.0018      Fe 2                2.06648m   -6.878    0.0945      N  2                205.283m   -8.045    0.0064
CO                  47.3709m   -8.667    0.0015      Fe 2                1.89541m   -6.274    0.3792      N  2                121.769m   -8.262    0.0039
CO                  46.5738m   -8.745    0.0013      Fe 2                1.79711m   -5.761    1.2360      N  2                6548.05A   -7.416    0.0274
CO                  45.8046m   -8.823    0.0011      Fe 2                1.74494m   -6.050    0.6361      N  2                6583.45A   -6.946    0.0807
^13CO               1359.86m   -8.560    0.0020      Fe 2                9652.70A   -6.474    0.2396      N  2                5754.59A   -8.795    0.0011
^13CO               906.599m   -8.079    0.0060      Fe 2                9470.94A   -5.962    0.7794      N  2                2142.77A   -8.799    0.0011
^13CO               679.978m   -7.890    0.0092      Fe 2                9267.56A   -6.343    0.3236      Ni 2                1.19102m   -4.850   10.0846
^13CO               544.012m   -7.805    0.0112      Fe 2                7544.00A   -8.657    0.0016      Ni 2                6.63416m   -5.477    2.3801
^13CO               453.374m   -7.754    0.0126      Fe 2                6558.51A   -7.184    0.0467      Ni 2                1.07151m   -6.469    0.2422
^13CO               388.637m   -7.734    0.0132      Fe 2                5745.71A   -7.802    0.0112      Ni 2                10.6793m   -6.106    0.5587
^13CO               340.088m   -7.724    0.0135      Fe 2                5643.98A   -7.644    0.0162      Ni 2                1.27792m   -8.293    0.0036
^13CO               302.332m   -7.723    0.0135      Fe 2                5495.84A   -7.476    0.0238      Ni 2                1.16130m   -6.986    0.0737
^13CO               272.130m   -7.729    0.0133      Fe 2                5376.47A   -5.939    0.8205      Ni 2                12.7253m   -6.522    0.2143
^13CO               247.423m   -7.742    0.0129      Fe 2                5347.66A   -7.054    0.0630      Ni 2                9882.95A   -7.735    0.0131
^13CO               226.836m   -7.763    0.0123      Fe 2                5181.96A   -7.330    0.0334      Ni 2                1.09177m   -7.273    0.0381
^13CO               209.419m   -7.789    0.0116      Fe 2                5076.57A   -6.610    0.1753      Ni 2                18.2355m   -7.239    0.0411
^13CO               194.493m   -7.811    0.0110      Fe 2                5043.53A   -6.480    0.2365      Ni 2                9374.87A   -8.028    0.0067
^13CO               181.558m   -7.837    0.0104      Fe 2                5020.25A   -6.596    0.1809      Ni 2                7377.83A   -5.636    1.6503
^13CO               170.243m   -7.865    0.0097      Fe 2                4372.43A   -6.611    0.1746      Ni 2                8300.99A   -6.932    0.0835
^13CO               160.261m   -7.895    0.0091      Fe 2                4358.37A   -6.823    0.1073      Ni 2                1.93877m   -6.343    0.3237
^13CO               151.390m   -7.926    0.0085      Fe 2                4080.00A   -8.495    0.0023      Ni 2                2.36883m   -7.630    0.0167
^13CO               143.454m   -7.959    0.0078      Fe 2                3539.19A   -6.823    0.1073      Ni 2                2.91064m   -7.299    0.0359
^13CO               136.314m   -7.992    0.0073      Fe 2                3538.69A   -7.116    0.0546      Ni 2                6666.80A   -6.483    0.2345
^13CO               129.855m   -8.032    0.0066      Fe 2                3536.25A   -7.242    0.0409      Ni 2                7411.61A   -6.264    0.3882
^13CO               123.985m   -8.073    0.0060      Fe 2                3524.38A   -8.550    0.0020      Ni 2                1.76458m   -8.409    0.0028
^13CO               118.627m   -8.117    0.0054      Fe 2                22.8961m   -7.872    0.0096      Ni 2                2.04866m   -7.987    0.0074
^13CO               113.717m   -8.163    0.0049      Fe 2                1.81139m   -8.151    0.0050      Ni 2                2.30794m   -7.443    0.0257
^13CO               109.201m   -8.211    0.0044      Fe 2                7764.71A   -7.357    0.0313      Ni 2                6.91767m   -7.743    0.0129
^13CO               105.034m   -8.262    0.0039      Fe 2                7336.73A   -7.647    0.0161      Ni 2                4326.24A   -6.430    0.2651
^13CO               101.176m   -8.315    0.0035      Fe 2                7267.25A   -8.615    0.0017      Ni 2                4628.05A   -6.852    0.1003
^13CO               97.5955m   -8.371    0.0030      Fe 2                6809.24A   -7.624    0.0169      Ni 2                6794.20A   -7.908    0.0088
^13CO               94.2629m   -8.431    0.0026      Fe 2                6729.87A   -7.906    0.0089      Ni 2                7255.82A   -6.785    0.1171
^13CO               91.1537m   -8.494    0.0023      Fe 2                6671.93A   -8.469    0.0024      Ni 2                7694.56A   -7.855    0.0100
^13CO               88.2461m   -8.562    0.0020      Fe 2                5721.37A   -8.742    0.0013      Ni 2                8033.54A   -8.020    0.0068
^13CO               85.5213m   -8.634    0.0017      Fe 2                5163.96A   -7.652    0.0159      Ni 2                1.04597m   -7.269    0.0384
^13CO               82.9627m   -8.713    0.0014      Fe 2                4266.35A   -8.354    0.0032      Ni 2                1.23230m   -7.296    0.0361
^13CO               80.5556m   -8.798    0.0011      Fe 2                4249.08A   -8.625    0.0017      Ni 2                4201.17A   -6.613    0.1741
OH+                 308.406m   -8.793    0.0011      Fe 2                4157.92A   -8.629    0.0017      Ni 2                4485.21A   -7.065    0.0614
C  1                1560.31A   -7.481    0.0236      Fe 2                3277.35A   -7.143    0.0514      Ni 2                7307.65A   -6.961    0.0781
C  1                1560.68A   -7.496    0.0227      Fe 2                3255.89A   -8.392    0.0029      Ni 2                7612.72A   -7.289    0.0367
C  1                1560.71A   -7.698    0.0143      Fe 2                2926.59A   -7.991    0.0073      Ni 2                1.13597m   -7.972    0.0076
C  1                1561.34A   -7.032    0.0663      Fe 2                2880.76A   -7.721    0.0136      Ni 2                4285.31A   -7.821    0.0108
C  1                1561.37A   -7.569    0.0192      Fe 2                2755.74A   -6.063    0.6169      Ni 2                6791.48A   -7.535    0.0208
C  1                1561.44A   -7.011    0.0696      Fe 2                2739.55A   -6.744    0.1285      Ni 2                7054.20A   -7.440    0.0259
C  1                1656.27A   -6.790    0.1156      Fe 2                2716.70A   -6.936    0.0827      Ni 2                9.61508m   -8.729    0.0013
C  1                1656.93A   -7.196    0.0454      Fe 2                34.6508m   -8.743    0.0013      Ni 2                4033.04A   -6.879    0.0943
C  1                1657.01A   -6.456    0.2499      Fe 2                1.00287m   -7.345    0.0322      Ni 2                4294.09A   -6.999    0.0715
C  1                1657.38A   -7.243    0.0408      Fe 2                8245.16A   -8.844    0.0010      Ni 2                6467.29A   -8.032    0.0066
C  1                1657.91A   -6.773    0.1204      Fe 2                8037.28A   -7.875    0.0095      Ni 2                6813.57A   -7.021    0.0680
C  1                1658.12A   -6.936    0.0828      Fe 2                7579.61A   -8.366    0.0031      Ni 2                7078.04A   -7.569    0.0192
C  1                1930.90A   -8.549    0.0020      Fe 2                7017.95A   -8.285    0.0037      Ni 2                1.02090m   -8.351    0.0032
C  1                1992.01A   -8.305    0.0035      Fe 2                6933.67A   -8.650    0.0016      Ni 2                3993.06A   -6.534    0.2088
C  1                1993.62A   -6.951    0.0798      Fe 2                6872.19A   -7.816    0.0109      Ni 2                4248.80A   -7.009    0.0699
C  1                2582.90A   -8.216    0.0043      Fe 2                6829.03A   -8.851    0.0010      Ni 2                6007.06A   -8.123    0.0054
C  1                8727.13A   -8.642    0.0016      Fe 2                5746.98A   -7.702    0.0142      Ni 2                6365.10A   -7.007    0.0701
C  1                9824.13A   -4.078   59.5760      Fe 2                5283.12A   -8.260    0.0039      Ni 2                6700.24A   -8.401    0.0028
C  1                9850.26A   -3.603  177.9846      Fe 2                5199.18A   -8.476    0.0024      Ni 2                6955.82A   -8.436    0.0026
C  1                370.269m   -4.031   66.3596      Fe 2                4351.81A   -8.624    0.0017      Ni 2                8703.87A   -7.463    0.0246
C  1                609.590m   -4.668   15.3264      Fe 2                4347.36A   -7.994    0.0072      Ni 2                9956.63A   -7.689    0.0146
C  2                1334.53A   -8.684    0.0015      Fe 2                4329.43A   -7.340    0.0326      Ni 2                5.18504m   -8.468    0.0024
C  2                1335.66A   -8.336    0.0033      Fe 2                2953.77A   -8.742    0.0013      Ni 2                3438.88A   -6.722    0.1352
C  2                1335.71A   -8.343    0.0032      Fe 2                2772.73A   -6.805    0.1117      Ni 2                3626.89A   -7.030    0.0666
C  2                2323.50A   -8.115    0.0055      Fe 2                2749.32A   -6.902    0.0895      Ni 2                3378.16A   -7.336    0.0329
C  2                2324.69A   -7.807    0.0111      Fe 2                9795.19A   -8.123    0.0054      Ni 2                3559.41A   -7.316    0.0345
C  2                2325.40A   -7.306    0.0353      Fe 2                8228.13A   -8.038    0.0065      level 1 lines..................................
C  2                2326.93A   -7.333    0.0332      Fe 2                7613.14A   -8.446    0.0026      recombination..................................
C  2                2328.12A   -7.754    0.0126      Fe 2                7011.24A   -8.852    0.0010      level2 lines...................................
C  2                157.636m   -5.397    2.8587      Fe 2                6966.33A   -8.209    0.0044      C  1                1247.50A   -7.694    0.0144
Ca 1                4226.73A   -7.010    0.0697      Fe 2                5477.25A   -8.207    0.0044      C  1                1314.77A   -7.617    0.0172
Ca 1                6439.08A   -7.953    0.0080      Fe 2                5278.38A   -8.674    0.0015      C  1                1233.29A   -8.216    0.0043
Ca 1                6462.57A   -8.212    0.0044      Fe 2                4402.59A   -8.460    0.0025      C  1                1250.68A   -8.370    0.0030
Ca 1                6493.78A   -8.433    0.0026      Fe 2                4384.21A   -8.392    0.0029      Mg 1                1817.31A   -8.556    0.0020
Cl 1                11.3303m   -7.238    0.0412      Fe 2                1.05081m   -8.603    0.0018      Mg 1                1739.09A   -8.768    0.0012
Co 2                9335.96A   -7.991    0.0073      Fe 2                7710.80A   -8.757    0.0012      Mg 1                1699.05A   -8.786    0.0012
Co 2                9639.13A   -8.428    0.0027      Fe 2                7048.01A   -8.423    0.0027      Mg 1                1675.74A   -8.789    0.0012
Co 2                10.5199m   -6.824    0.1069      Fe 2                5901.28A   -8.653    0.0016      Mg 1                1660.94A   -8.821    0.0011
Co 2                15.4548m   -7.710    0.0139      Fe 2                5527.62A   -8.764    0.0012      Si 1                1853.05A   -8.805    0.0011
Co 2                2.98382m   -6.311    0.3488      Fe 2                2.04602m   -7.289    0.0367      Si 2                1179.59A   -8.100    0.0057
Co 2                14.7345m   -7.353    0.0316      Fe 2                1.41956m   -7.844    0.0102      S  1                1356.05A   -8.218    0.0043
Co 2                18.7989m   -7.873    0.0095      Fe 2                1.35904m   -8.650    0.0016      S  1                1392.25A   -8.613    0.0017
Co 2                25.6819m   -8.562    0.0020      Fe 2                1.23314m   -7.638    0.0164      S  1                1418.10A   -8.813    0.0011
Co 2                1.01879m   -7.038    0.0653      Fe 2                1.09108m   -7.561    0.0196      Ca 2                1360.06A   -8.829    0.0011
Co 2                1.12804m   -8.009    0.0070      Fe 2                1.07084m   -7.999    0.0071      Fe 1                2484.25A   -8.480    0.0024
Co 2                1.54700m   -7.283    0.0371      Fe 2                1.05625m   -8.450    0.0025      Fe 1                2526.51A   -8.715    0.0014
Co 2                1.72847m   -8.279    0.0037      Fe 2                1.01565m   -8.252    0.0040      Sc 2                3627.22A   -7.177    0.0475
Co 2                1.90349m   -8.119    0.0054      Fe 2                8119.18A   -8.728    0.0013      Sc 2                3575.45A   -7.298    0.0359
Co 2                1.02452m   -7.846    0.0102      Fe 2                5588.16A   -7.555    0.0199      Sc 2                3368.13A   -7.862    0.0098
Co 2                1.09726m   -8.474    0.0024      Fe 2                5586.91A   -8.417    0.0027      Ti 2                3364.74A   -5.602    1.7817
Co 2                1.49674m   -8.710    0.0014      Fe 2                5580.82A   -6.987    0.0736      Ti 2                3237.15A   -5.842    1.0258
Co 2                1.62622m   -8.698    0.0014      Fe 2                5551.32A   -6.704    0.1409      Ti 2                1904.17A   -7.711    0.0139
Co 2                1.73616m   -8.404    0.0028      Fe 2                3227.74A   -8.361    0.0031      Ti 2                1907.36A   -7.454    0.0251
Co 2                1.02803m   -8.444    0.0026      Fe 2                3196.07A   -7.938    0.0082      V  2                2710.94A   -7.929    0.0084
Co 2                8580.39A   -8.500    0.0023      Fe 2                2.13278m   -7.545    0.0204      V  2                2684.22A   -7.693    0.0145
Co 2                9342.40A   -7.195    0.0455      Fe 2                1.46079m   -8.391    0.0029      V  2                2139.33A   -8.319    0.0034
Co 2                9943.48A   -7.542    0.0205      Fe 2                1.39678m   -8.452    0.0025      Cr 1                4269.56A   -8.415    0.0027
Co 2                7539.01A   -7.864    0.0098      Fe 2                1.30943m   -8.472    0.0024      Cr 1                3589.90A   -8.233    0.0042
Co 2                8121.00A   -7.576    0.0189      Fe 2                1.24364m   -8.657    0.0016      Cr 2                2059.78A   -6.202    0.4479
Co 2                8571.41A   -8.183    0.0047      Fe 2                1.09413m   -7.758    0.0124      Mn 2                1198.85A   -8.562    0.0020
Co 2                6.21176m   -8.824    0.0011      Fe 2                1.07890m   -7.855    0.0100      Co 2                2060.90A   -7.667    0.0153
Co 2                8027.34A   -8.042    0.0065      Fe 2                1.06830m   -8.612    0.0017      Co 2                2018.80A   -7.702    0.0142
Co 2                8467.14A   -8.455    0.0025      Fe 2                1.03658m   -8.624    0.0017      Co 2                1949.74A   -7.780    0.0118
Co 2                8333.76A   -8.223    0.0043      Fe 2                5650.95A   -7.533    0.0209      Co 2                1575.91A   -8.307    0.0035
Cr 2                8000.08A   -6.035    0.6575      Fe 2                5649.67A   -7.507    0.0222      Co 2                1470.18A   -8.389    0.0029
Cr 2                8125.30A   -6.109    0.5546      Fe 2                5643.44A   -8.645    0.0016      Ni 2                1751.83A   -7.237    0.0413
Cr 2                8229.67A   -6.204    0.4464      Fe 2                5613.27A   -6.920    0.0857      Ni 2                1744.24A   -7.044    0.0645
Cr 2                8308.49A   -6.391    0.2901      Fe 2                2.24366m   -7.882    0.0094      Ni 2                1484.97A   -8.379    0.0030
Cr 2                8357.64A   -6.688    0.1462      Fe 2                2.00672m   -7.228    0.0422      Ni 2                1472.74A   -8.064    0.0062
Fe 1                24.0358m   -6.469    0.2424      Fe 2                1.10657m   -8.102    0.0056      Ni 2                1400.37A   -8.376    0.0030
Fe 1                34.7038m   -7.057    0.0626      Fe 2                1.09542m   -8.206    0.0044      Ni 2                1375.73A   -8.032    0.0066
Fe 2                25.9813m   -4.401   28.3135      Fe 2                5725.92A   -7.805    0.0112      Ni 2                1324.11A   -8.136    0.0052
Fe 2                5.33871m   -3.879   94.3053      Fe 2                5718.22A   -7.254    0.0397      hyperfine structure............................
Fe 2                4.11387m   -6.241    0.4092      Fe 2                2.22379m   -6.638    0.1643      inner shell....................................
Fe 2                1.25668m   -5.151    5.0426      Fe 2                2.01513m   -6.958    0.0786      molecules......................................
Fe 2                1.19129m   -7.935    0.0083      Fe 2                9682.08A   -7.469    0.0242      bands..........................................
Fe 2                6309.53A   -8.781    0.0012      Fe 2                9513.85A   -8.276    0.0038      Fe 2b               2500.00A   -4.037   65.5742
Fe 2                4799.30A   -8.679    0.0015      Fe 2                8715.81A   -8.101    0.0057      Fe 2b               5000.00A   -4.092   57.7444
Fe 2                4704.22A   -7.903    0.0089      Fe 2                6873.84A   -7.766    0.0122      Fe 2b               7000.00A   -5.034    6.5908
Fe 2                4632.28A   -6.111    0.5530      Fe 2                6700.65A   -8.737    0.0013      Fe 2b               10000.0A   -3.715  137.6268
Fe 2                4604.48A   -7.894    0.0091      Fe 2                6188.55A   -7.945    0.0081      Fe 2b               2355.00A   -4.838   10.3634
Fe 2                4416.27A   -6.092    0.5773      Fe 2                5870.02A   -8.197    0.0045      Fe 2b               2430.00A   -4.044   64.4475
Fe 2                4382.74A   -7.062    0.0619      Fe 2                5673.20A   -8.231    0.0042      Fe 2b               2445.00A   -4.044   64.4473
Fe 2                4287.39A   -5.129    5.2945      Fe 2                4898.61A   -7.967    0.0077      Fe 2b               2495.00A   -4.603   17.8029
Fe 2                3931.44A   -8.724    0.0013      Fe 2                2.25348m   -7.475    0.0239      Fe 2b               2610.00A   -4.294   36.2758
Fe 2                3874.07A   -8.355    0.0032      Fe 2                1.02005m   -8.683    0.0015      Fe 2b               2695.00A   -6.936    0.0827
Fe 2                3175.38A   -6.941    0.0818      Fe 2                1.00139m   -8.127    0.0053      Fe 2b               2758.00A   -5.844    1.0214
Fe 2                2599.40A   -7.710    0.0139      Fe 2                9133.66A   -8.850    0.0010      Fe 2b               2780.00A   -5.805    1.1180
Fe 2                2585.88A   -8.752    0.0013      Fe 2                8885.67A   -8.576    0.0019      Fe 2b               2935.00A   -7.493    0.0229
Fe 2                2382.04A   -5.825    1.0665      Fe 2                7131.14A   -8.740    0.0013      Fe 2b               2960.00A   -7.881    0.0094
Fe 2                2343.50A   -8.552    0.0020      Fe 2                6944.91A   -8.309    0.0035      Fe 2b               3180.00A   -6.450    0.2532
Fe 2                35.3391m   -5.063    6.1714      Fe 2                6473.88A   -8.345    0.0032      Fe 2b               3250.00A   -5.750    1.2671
Fe 2                6.71944m   -5.018    6.8371      Fe 2                6044.10A   -8.777    0.0012      Fe 2b               3590.00A   -5.771    1.2093
Fe 2                4.88781m   -5.905    0.8883      Fe 2                5835.45A   -8.446    0.0026      Fe 2b               3910.00A   -7.820    0.0108
Fe 2                4.07521m   -6.726    0.1340      Fe 2                5060.09A   -8.527    0.0021      Fe 2b               4060.00A   -8.478    0.0024
Fe 2                1.32055m   -5.647    1.6079      Fe 2                4576.40A   -8.779    0.0012      Fe 2b               4255.00A   -4.525   21.2973
Fe 2                1.24854m   -6.681    0.1487      Fe 2                1.34608m   -8.825    0.0011      Fe 2b               4558.00A   -5.255    3.9637
Fe 2                1.20512m   -8.493    0.0023      Fe 2                1.11648m   -8.641    0.0016      Fe 2b               4600.00A   -5.226    4.2443
Fe 2                7637.52A   -5.951    0.7986      Fe 2                5048.19A   -8.493    0.0023      Fe 2b               4743.00A   -5.974    0.7571
Fe 2                7523.28A   -7.998    0.0072      Fe 2                1.71482m   -8.076    0.0060      Fe 2b               4855.00A   -5.395    2.8711
Fe 2                4889.62A   -5.974    0.7565      Fe 2                9949.21A   -8.408    0.0028      Fe 2b               4920.00A   -4.881    9.3872
Fe 2                4750.27A   -8.706    0.0014      Fe 2                7975.22A   -8.592    0.0018      Fe 2b               4975.00A   -5.411    2.7720
Fe 2                4716.37A   -6.988    0.0733      Fe 2                1.47063m   -8.846    0.0010      Fe 2b               4971.00A   -5.453    2.5113
Fe 2                4687.56A   -7.192    0.0459      Fe 2                1.01273m   -8.522    0.0021      Fe 2b               5070.00A   -5.332    3.3192
Fe 2                4492.64A   -6.961    0.0780      Fe 2                6353.11A   -8.643    0.0016      Fe 2b               5143.00A   -4.799   11.3372
Fe 2                4457.95A   -6.360    0.3116      Fe 2                1.80228m   -8.744    0.0013      Fe 2b               5270.00A   -4.514   21.8324
Fe 2                4432.45A   -7.154    0.0501      Fe 2                1.00387m   -8.673    0.0015      Fe 2b               5318.00A   -4.832   10.4948
Fe 2                4359.33A   -5.260    3.9193      Fe 2                9469.41A   -8.557    0.0020      Fe 2b               5540.00A   -5.980    0.7475
Fe 2                3224.54A   -8.037    0.0066      Fe 2                9384.77A   -8.048    0.0064      Fe 2b               5865.00A   -6.579    0.1880
Fe 2                3214.67A   -7.455    0.0250      Fe 2                2.39329m   -8.097    0.0057      Fe 2b               6265.00A   -7.391    0.0290
Fe 2                2625.67A   -4.416   27.3829      Fe 2                4825.73A   -7.516    0.0217      Fe 2b               6565.00A   -6.735    0.1312
Fe 2                2611.87A   -5.154    4.9991      Fe 2                2.50030m   -8.434    0.0026      Fe 2b               6910.00A   -6.675    0.1509
Fe 2                2598.37A   -6.386    0.2934      Fe 2                4867.73A   -8.557    0.0020      Fe 2b               7445.00A   -5.056    6.2744
Fe 2                2395.63A   -5.425    2.6793      Fe 2                2.59860m   -8.817    0.0011      Fe 2b               8625.00A   -4.723   13.4836
Fe 2                2388.63A   -6.480    0.2361      Fe 2                4903.85A   -8.009    0.0070      Fe 2b               1.03250m   -5.781    1.1808
Fe 2                2383.06A   -8.368    0.0031      Fe 2                1.04657m   -8.851    0.0010      Fe 2b               1.88900m   -4.429   26.5342
Fe 2                2364.83A   -5.820    1.0802      Fe 2                3.58120m   -8.442    0.0026      Fe 2b               2.20000m   -6.514    0.2187
Fe 2                2332.80A   -6.910    0.0877      Fe 2                3.15558m   -8.472    0.0024      miscellaneous..................................
Fe 2                2279.91A   -8.450    0.0025      Fe 2                5171.63A   -7.818    0.0109      Blnd                8446.00A   -8.579    0.0019
Fe 2                51.2868m   -5.581    1.8715      Fe 2                5169.03A   -7.061    0.0619      Blnd                1304.00A   -6.979    0.0749
Fe 2                5.67236m   -6.716    0.1371      Fe 2                5018.44A   -8.784    0.0012      Blnd                2798.00A   -3.550  201.0507
Fe 2                4.60641m   -6.526    0.2126      Fe 2                6044.54A   -8.261    0.0039      Blnd                6720.00A   -4.248   40.2790
Fe 2                4.08085m   -7.272    0.0381      Fe 2                5316.61A   -8.748    0.0013      Blnd                4074.00A   -5.573    1.9087
Fe 2                1.37181m   -5.891    0.9179      Fe 3                22.9190m   -8.784    0.0012      Blnd                1.03300m   -5.682    1.4851
Fe 2                1.29427m   -6.467    0.2437      Fe 3                4985.87A   -8.647    0.0016      Blnd                1256.00A   -7.613    0.0174
Fe 2                7806.23A   -7.724    0.0135      K  1                7664.90A   -8.561    0.0020      Blnd                5892.00A   -7.043    0.0645
Fe 2                7686.93A   -6.029    0.6679      Mg 1                2025.82A   -8.030    0.0067      Blnd                2665.00A   -5.102    5.6409
Fe 2                7552.40A   -8.508    0.0022      Mg 1                2852.13A   -5.361    3.1094      Blnd                2335.00A   -4.911    8.7499
Fe 2                4958.23A   -7.825    0.0107      Mg 1                3832.30A   -8.433    0.0026      Blnd                8579.00A   -4.518   21.6335
Fe 2                4750.57A   -7.822    0.0107      Mg 1                3838.29A   -8.016    0.0069      Blnd                7306.00A   -3.874   95.3555
Fe 2                4728.07A   -6.623    0.1700      Mg 1                4562.60A   -5.167    4.8560      Blnd                3933.00A   -6.117    0.5443
Fe 2                4514.90A   -6.985    0.0738      Mg 1                4571.10A   -5.605    1.7696      Blnd                1657.00A   -6.037    0.6548
Fe 2                4488.75A   -6.705    0.1408      Mg 1                4575.29A   -6.533    0.2089      Blnd                9850.00A   -3.478  237.5606
Fe 2                4470.30A   -7.908    0.0088      Mg 1                5167.32A   -7.692    0.0145      Blnd                2326.00A   -6.864    0.0976
Fe 2                4413.78A   -5.411    2.7670      Mg 1                5172.68A   -7.218    0.0432      Blnd                1335.00A   -7.950    0.0080
Fe 2                3254.24A   -7.514    0.0218      Mg 1                5183.60A   -6.997    0.0718      Blnd                3467.00A   -6.402    0.2830
Fe 2                3244.18A   -7.809    0.0111      Mg 1                8806.76A   -7.275    0.0379      Blnd                5199.00A   -4.156   49.7848
Fe 2                2631.32A   -5.372    3.0259      Mg 1                1.18282m   -7.440    0.0259      Blnd                1.04030m   -5.645    1.6142
Fe 2                2617.62A   -6.817    0.1088      Mg 1                1.50250m   -8.258    0.0039      Blnd                2141.00A   -8.651    0.0016
Fe 2                2607.09A   -6.710    0.1391      Mg 1                1.50402m   -8.702    0.0014      Blnd                6300.00A   -3.873   95.5532
Fe 2                2404.89A   -6.408    0.2789      Mg 1                1.71087m   -7.957    0.0079      Blnd                2471.00A   -8.538    0.0021
Fe 2                2399.24A   -7.231    0.0419      Mn 2                2576.10A   -6.401    0.2833      Blnd                7323.00A   -8.706    0.0014
Fe 2                2395.42A   -8.220    0.0043      Mn 2                2593.72A   -6.495    0.2284      Blnd                7332.00A   -8.787    0.0012
Fe 2                2380.76A   -5.233    4.1750      Mn 2                2605.68A   -6.635    0.1655      Blnd                3727.00A   -6.626    0.1686
Fe 2                2348.30A   -6.969    0.0767      Mn 2                3438.97A   -8.093    0.0058      Blnd                7325.00A   -8.444    0.0026
Fe 2                2327.40A   -7.557    0.0198      Mn 2                3460.03A   -8.667    0.0015
Fe 2                87.3597m   -6.283    0.3717      N  1                1134.41A   -8.770    0.0012



 IC443 grid point v shock=54 km/s  
 Cooling:  H  1c                     0 :0.132 C  1c                     0 :0.052 Fe 2c                     0 :0.069 O  1c                     0 :0.406 Si 2c                     0 :0.233  
 Heating:  TotM                      0 :0.209 CT H                      0 :0.390 H- H                      0 :0.398  

 These are some of the most important databases used by Cloudy:
 Many recombination coefficients were taken from http://amdpp.phys.strath.ac.uk/tamoc/RR/ and http://amdpp.phys.strath.ac.uk/tamoc/DR/
      and are based on the following papers:
        Badnell N. R., et al., A&A 406, 1151 (2003) [http://adsabs.harvard.edu/abs/2003A%26A...406.1151B]
        Badnell N. R., ApJS 167, 334 (2006) [http://adsabs.harvard.edu/abs/2006ApJS..167..334B]
 Much of the molecular emission data is from LAMDA as accessed on June 30, 2015. This database is described in:
        Schoeier F.L., et al., A&A 432, 369 (2005) [http://adsabs.harvard.edu/abs/2005A%26A...432..369S]
      This database is in part based on the work of the following groups:
        JPL: Pickett H. M. et al., JQSRT, 60, 883 (1998). [http://adsabs.harvard.edu/abs/1998JQSRT..60..883P]
        CDMS: Mueller H. S. et al., A&A 370, L49 (2001). [http://adsabs.harvard.edu/abs/2001A%26A...370L..49M]
              Mueller H. S. et al., J. Mol. Struct. 742, 215 (2005). [http://adsabs.harvard.edu/abs/2005JMoSt.742..215M]
 Some of the ionic emission data is from version 10.0.1 of CHIANTI. CHIANTI is a collaborative project involving the NRL (USA), the
      Universities of Florence (Italy) and Cambridge (UK), and George Mason University (USA). These papers describe Chianti:
        Dere K. P., et al., A&AS, 125, 149 (1997) [http://adsabs.harvard.edu/abs/1997A%26AS..125..149D]
        Landi E., et al., ApJ, 744, 99 (2012) [http://adsabs.harvard.edu/abs/2012ApJ...744...99L]
 Much of the H_2 data is from this web site: http://molat.obspm.fr/index.php?page=pages/Molecules/H2/H2can94.php. These data are
      described in:
        Abgrall H. et al., Can. J. Phys., 72, 856 (1994) [http://adsabs.harvard.edu/abs/1994CaJPh..72..856A]
        Wrathmall S. A. & Flower D. R., J. Phys. B, 40, 3221 (2007) [http://adsabs.harvard.edu/abs/2007JPhB...40.3221W]
 The Case A and Case B recombination predictions for one-electron systems are from
	Storey, P.J. & Hummer, D.G., 1995, MNRAS 272, 41 http://adsabs.harvard.edu/abs/1995MNRAS.272...41S
 The He I recombination predictions are from
	Porter, R. L.; Ferland, G. J.; Storey, P. J.; Detisch, M. J., 2012, MNRAS, 425, 28p http://adsabs.harvard.edu/abs/2012MNRAS.425L..28P
		http://adsabs.harvard.edu/abs/2013MNRAS.433L..89P

 If you find some process or data set to be particularly critical to a result, please follow the trail of references back to the
 original source and cite that.  This will support and encourage atomic, molecular, and chemical physicists to continue their
 valuable work.

 IONIZE PARMET:  U(1-)-37.0000  U(4-):-37.0000  U(sp):-37.00  Q(ion):   -5.610  L(ion)-16.108    Q(low): 10.955    L(low) -2.414
 ENERGY BUDGET:  Heat:  -6.535  Coolg:  -2.067  Error:2940956.1%  Rec Lin:  -3.385  F-F  H  0.000    P(rad/tot)max     1.98E-04    R(F Con):1.737e+05

     Col(Heff):      6.058E+20  snd travl time  2.29E+12 sec  Te-low: 1.00E+04  Te-hi: 1.00E+04  G0TH85: 0.00E+00  G0DB96:0.00E+00
  Emiss Measure    n(e)n(p) dl       1.413E+17  n(e)n(He+)dl         1.215E+09  En(e)n(He++) dl         0.000E+00  ne nC+:1.65E+14
 He/Ha:2.68E-08  =   0.00*true  Lthin:5.85E+06  itr/zn: 1.48  H2 itr/zn:  0.00  File Opacity: F  MassTot 1.72e-03  (gm/cm^2)
   Temps(21 cm)   T(21cm/Ly a)  5.96E+03        T(<nH/Tkin>)  1.00E+04          T(<nH/Tspin>)    6.39E+03          TB21cm:1.75E+01
                   N(H0/Tspin)  1.13E+17        N(OH/Tkin)    9.34E+07          B(21cm)          0.00E+00
   <a>:5.60E-12  erdeFe0.0E+00  Tcompt0.00E+00  Tthr2.01E+11  <Tden>: 1.00E+04  <dens>:9.36E-22  <MolWgt>1.29E+00
     Mean Jeans  l(cm)1.80E+20  M(sun)1.43E+06  smallest:     len(cm):1.80E+20  M(sun):1.43E+06  a_ox tran:  0.00
 Rion:1.000E+30  Dist:0.00E+00  Diam:0.000E+00
 Hatom level 70  HatomType: add  HInducImp  F  He tot level: 63  He2 level:   70  ExecTime    44.9
 ConvrgError(%)  <eden>  0.158  MaxEden  0.854  <H-C> 100.00  Max(H-C)  100.00  <Press>   0.000  MaxPrs er  0.000
  Continuity(%)  chng Te   0.0  elec den   1.0  n(H2)    0.0  n(CO)        5.4

                                                        Averaged Quantities
             Te      Te(Ne)   Te(NeNp)  Te(NeHe+)Te(NeHe2+) Te(NeO+)  Te(NeO2+)  Te(H2)     N(H)     Ne(O2+)   Ne(Np)
 Radius:  1.00e+04  1.00e+04  1.00e+04  1.00e+04  0.00e+00  1.00e+04  1.00e+04  1.00e+04  3.95e+02  3.01e-01  3.01e-01
 
 Peimbert T(OIIIr)0.00E+00 T(Bac)0.00E+00 T(Hth)7.06E+03 t2(Hstrc) 1.32e-31 T(O3-BAC)5.61E+03 t2(O3-BC)-1.51e-01 t2(O3str) 3.31e-32

 Contin Optical Depths: COMP: 3.65e-07    H-: 2.04e-04 R(1300): 4.86e-03  H2+: 1.18e-06  Bra:3.66E-07
                          Pa: 3.69e-07    Ba: 1.87e-04      Hb: 1.45e-04   La: 1.20e+01     1r:4.598E+03  1.8:1.44E+03 4.:2.168E+02

 Old, new H  1 continuum optical depths:
     1 4.60e+03     2 1.05e-04     3 2.06e-04     4 2.06e-04     5 2.06e-04     6 5.33e-05     7 5.33e-05     8 5.33e-05
     9 5.33e-05    10 7.23e-18    11 7.23e-18    12 7.23e-18    13 7.23e-18    14 7.23e-18    15 1.04e-17    16 1.04e-17
    17 1.04e-17    18 1.04e-17    19 1.04e-17    20 1.04e-17    21 1.81e-17    22 1.81e-17    23 1.81e-17    24 1.81e-17
    25 1.81e-17    26 1.81e-17    27 1.81e-17    28 2.92e-17    29 2.92e-17    30 2.92e-17    31 2.92e-17    32 2.92e-17
    33 2.92e-17    34 2.92e-17    35 2.92e-17    36 4.46e-17    37 4.46e-17    38 4.46e-17    39 4.46e-17    40 4.46e-17
    41 4.46e-17    42 4.46e-17    43 4.46e-17    44 4.46e-17    45 6.52e-17    46 6.52e-17    47 6.52e-17    48 6.52e-17
    49 6.52e-17    50 6.52e-17    51 6.52e-17    52 6.52e-17    53 6.52e-17    54 6.52e-17
     1 4.60e+03     2 1.05e-04     3 2.06e-04     4 2.06e-04     5 2.06e-04     6 5.32e-05     7 5.32e-05     8 5.32e-05
     9 5.32e-05    10 7.19e-18    11 7.19e-18    12 7.19e-18    13 7.19e-18    14 7.19e-18    15 1.03e-17    16 1.03e-17
    17 1.03e-17    18 1.03e-17    19 1.03e-17    20 1.03e-17    21 1.80e-17    22 1.80e-17    23 1.80e-17    24 1.80e-17
    25 1.80e-17    26 1.80e-17    27 1.80e-17    28 2.90e-17    29 2.90e-17    30 2.90e-17    31 2.90e-17    32 2.90e-17
    33 2.90e-17    34 2.90e-17    35 2.90e-17    36 4.43e-17    37 4.43e-17    38 4.43e-17    39 4.43e-17    40 4.43e-17
    41 4.43e-17    42 4.43e-17    43 4.43e-17    44 4.43e-17    45 6.47e-17    46 6.47e-17    47 6.47e-17    48 6.47e-17
    49 6.47e-17    50 6.47e-17    51 6.47e-17    52 6.47e-17    53 6.47e-17    54 6.47e-17

 Old, new H  1 mean line optical depths:
  2- 1 7.57e+07  3- 2 2.87e-06  4- 3 3.52e-13  5- 4 1.87e-13  6- 5 4.47e-13  7- 6-1.26e-14  8- 7 1.56e-14
  9- 8 1.40e-13 10- 9 4.77e-13 11-10 2.05e-12 12-11 1.75e-14 13-12-1.18e-14 14-13-7.69e-14 15-14-2.04e-13 16-15-4.37e-13
 17-16-8.40e-13 18-17-1.51e-12 19-18-2.61e-12 20-19-4.37e-12 21-20-7.21e-12 22-21-1.20e-11 23-22-2.13e-11 24-23-4.85e-11
 25-24-1.36e-09
  2- 1 7.57e+07  3- 2 2.62e-06  4- 3 3.50e-13  5- 4 1.86e-13  6- 5 4.45e-13  7- 6-1.25e-14  8- 7 1.55e-14
  9- 8 1.40e-13 10- 9 4.75e-13 11-10 2.04e-12 12-11 1.76e-14 13-12-1.15e-14 14-13-7.61e-14 15-14-2.03e-13 16-15-4.34e-13
 17-16-8.34e-13 18-17-1.50e-12 19-18-2.60e-12 20-19-4.34e-12 21-20-7.16e-12 22-21-1.19e-11 23-22-2.11e-11 24-23-4.79e-11
 25-24-1.34e-09

 Old, new He 2 continuum optical depths:
     1 2.17e+02     2 4.58e+03     3 1.07e-04     4 1.07e-04     5 1.07e-04     6 1.05e-04     7 1.05e-04     8 1.05e-04
     9 1.05e-04    10 1.67e-04    11 1.67e-04    12 1.67e-04    13 1.67e-04    14 1.67e-04    15 2.06e-04    16 2.06e-04
    17 2.06e-04    18 2.06e-04    19 2.06e-04    20 2.06e-04    21 1.74e-04    22 1.74e-04    23 1.74e-04    24 1.74e-04
    25 1.74e-04    26 1.74e-04    27 1.74e-04    28 5.33e-05    29 5.33e-05    30 5.33e-05    31 5.33e-05    32 5.33e-05
    33 5.33e-05    34 5.33e-05    35 5.33e-05    36 4.69e-18    37 4.69e-18    38 4.69e-18    39 4.69e-18    40 4.69e-18
    41 4.69e-18    42 4.69e-18    43 4.69e-18    44 4.69e-18    45 7.23e-18    46 7.23e-18    47 7.23e-18    48 7.23e-18
    49 7.23e-18    50 7.23e-18    51 7.23e-18    52 7.23e-18    53 7.23e-18    54 7.23e-18
     1 2.17e+02     2 4.58e+03     3 1.07e-04     4 1.07e-04     5 1.07e-04     6 1.05e-04     7 1.05e-04     8 1.05e-04
     9 1.05e-04    10 1.67e-04    11 1.67e-04    12 1.67e-04    13 1.67e-04    14 1.67e-04    15 2.06e-04    16 2.06e-04
    17 2.06e-04    18 2.06e-04    19 2.06e-04    20 2.06e-04    21 1.73e-04    22 1.73e-04    23 1.73e-04    24 1.73e-04
    25 1.73e-04    26 1.73e-04    27 1.73e-04    28 5.32e-05    29 5.32e-05    30 5.32e-05    31 5.32e-05    32 5.32e-05
    33 5.32e-05    34 5.32e-05    35 5.32e-05    36 4.66e-18    37 4.66e-18    38 4.66e-18    39 4.66e-18    40 4.66e-18
    41 4.66e-18    42 4.66e-18    43 4.66e-18    44 4.66e-18    45 7.19e-18    46 7.19e-18    47 7.19e-18    48 7.19e-18
    49 7.19e-18    50 7.19e-18    51 7.19e-18    52 7.19e-18    53 7.19e-18    54 7.19e-18

 Old, new He 2 mean line optical depths:
  2- 1 0.00e+00  3- 2 0.00e+00  4- 3 0.00e+00  5- 4 0.00e+00  6- 5 0.00e+00  7- 6 0.00e+00  8- 7 0.00e+00
  9- 8 0.00e+00 10- 9 0.00e+00 11-10 0.00e+00 12-11 0.00e+00 13-12 0.00e+00 14-13 0.00e+00 15-14 0.00e+00 16-15 0.00e+00
 17-16 0.00e+00 18-17 0.00e+00 19-18 0.00e+00 20-19 0.00e+00 21-20 0.00e+00 22-21 0.00e+00 23-22 0.00e+00 24-23 0.00e+00
 25-24 0.00e+00
  2- 1 0.00e+00  3- 2 0.00e+00  4- 3 0.00e+00  5- 4 0.00e+00  6- 5 0.00e+00  7- 6 0.00e+00  8- 7 0.00e+00
  9- 8 0.00e+00 10- 9 0.00e+00 11-10 0.00e+00 12-11 0.00e+00 13-12 0.00e+00 14-13 0.00e+00 15-14 0.00e+00 16-15 0.00e+00
 17-16 0.00e+00 18-17 0.00e+00 19-18 0.00e+00 20-19 0.00e+00 21-20 0.00e+00 22-21 0.00e+00 23-22 0.00e+00 24-23 0.00e+00
 25-24 0.00e+00

 Old He Is optical depths:    1 1.44e+03    2 6.87e-05    3 8.71e-05    4 9.73e-05    5 9.73e-05
 New He Is optical depths:    1 1.44e+03    2 6.85e-05    3 8.68e-05    4 9.70e-05    5 9.70e-05
          Old He Is Lines:  584 4.81e+06 3889 1.31e-08 5016 2.24e-14 5876 7.61e-20
          New He Is Lines:  584 4.81e+06 3889 1.31e-08 5016 2.23e-14 5876 7.58e-20

==== H      compounds ====           Log10 column densities [cm^-2]
   H2        : 15.517   H2*       : 12.833   H2+       : 11.228   H3+       :  7.555
==== He     compounds ====
   HeH+      : 10.410
==== Li     compounds ====
   LiH       :  3.076   LiH+      :  0.903
==== C      compounds ====
   CH        : 12.004   CH+       :  9.809   CH2       :  7.496   CH2+      :  5.988   CH3       :  1.339   CH3+      :  1.251
   CH4       : -3.714   CH4+      : -5.478   CH5+      : -9.996   C2        : 11.127   C2+       :  9.835   C2H       :  6.208
   C2H+      :  5.880   C2H2      :  0.108   C2H2+     :  1.757   C2H3+     : -8.018   C3        :  1.040   C3+       :  3.742
   C3H       : -1.494   C3H+      :  0.265
==== N      compounds ====
   NH        : 13.703   NH+       : 13.014   NH2       :  9.514   NH2+      :  9.228   NH3       :  5.035   NH3+      :  4.755
   NH4+      : -1.630   CN        : 13.109   CN+       :  7.464   HCN       :  7.618   HCN+      :  6.570   HNC       :  5.707
   HCNH+     :  2.520   HC3N      : -3.630   N2        : 14.043   N2+       :  9.955   N2H+      :  2.909
==== O      compounds ====
   OH        : 11.970   OH+       : 12.145   H2O       :  6.475   H2O+      :  8.131   H3O+      :  3.846   CO        : 14.458
   CO+       :  7.353   HCO+      :  8.263   H2CO      :  3.298   NO        : 12.225   NO+       : 10.569   HNO       :  5.915
   HNO+      :  6.217   OCN       :  4.149   OCN+      :  7.831   N2O       :  7.011   O2        :  7.599   O2+       : 10.582
   NO2       :  5.248   NO2+      :  4.342
==== F      compounds ====
   HF        : 12.175   HF+       :  4.053   H2F+      :  0.394   CF+       :  8.763
==== Ne     compounds ====
   NeH+      :  8.732
==== Si     compounds ====
   SiH       :  4.875   SiH2+     :  3.714   SiN       :  2.588   SiN+      : 10.817   SiO       :  7.492   SiO+      :  9.298
   SiOH+     :  4.871
==== S      compounds ====
   HS        : 11.153   HS+       :  9.780   CS        :  9.551   CS+       :  8.715   HCS+      :  5.604   NS        : 10.379
   NS+       : 10.065   SO        :  9.876   SO+       :  9.028   OCS       :  3.183   OCS+      :  1.894   SO2       :-35.930
   SiS       : 10.939   S2        :  4.303   S2+       :  3.172
==== Cl     compounds ====
   HCl       :  7.209   HCl+      : 10.199   H2Cl+     :  6.417   CCl       :-12.919   CCl+      :  1.772   H2CCl+    :-15.665
   ClO       :-13.198   ClO+      :-17.740
==== Ar     compounds ====
   ArH+      :  8.854


               1      2      3      4      5      6      7      8      9     10     11     12     13     14     15     16     17

 Hydrogen   20.860 17.672 15.518 (H2)                Log10 Column density (cm^-2)
 Helium     19.860  9.605-30.000
 Lithium     9.663 12.168-30.000-30.000
 Beryllium   9.652 10.163  3.774-30.000-30.000
 Boron       9.390 11.648 -1.508-30.000-30.000-30.000
 Carbon     17.247 14.739  3.318-30.000-30.000-30.000-30.000
 Nitrogen   16.787 13.698 -0.728-30.000-30.000-30.000-30.000-30.000
 Oxygen     17.550 14.268 -5.595-30.000-30.000-30.000-30.000-30.000-30.000
 Fluorine   13.309  8.236 -7.183-30.000-30.000-30.000-30.000-30.000-30.000-30.000
 Neon       16.860 10.352-30.000-30.000-30.000-30.000-30.000-30.000-30.000-30.000-30.000
 Sodium     12.464 15.190 -6.011-30.000-30.000-30.000-30.000-30.000-30.000-30.000-30.000-30.000
 Magnesium  15.067 16.380 12.410-30.000-30.000-30.000-30.000-30.000-30.000-30.000-30.000-30.000-30.000
 Aluminium  12.078 15.330  8.641-30.000-30.000-30.000-30.000-30.000-30.000-30.000-30.000-30.000-30.000-30.000
 Silicon    13.915 16.399 11.418-30.000-30.000-30.000-30.000-30.000-30.000-30.000-30.000-30.000-30.000-30.000-30.000
 Phosphorus 11.479 14.365  5.384-30.000-30.000-30.000-30.000-30.000-30.000-30.000-30.000-30.000-30.000-30.000-30.000-30.000
 Sulphur    16.012 15.484  6.807-30.000-30.000-30.000-30.000-30.000-30.000-30.000-30.000-30.000-30.000-30.000-30.000-30.000-30.000
 Chlorine   12.095 14.137  5.352-30.000-30.000-30.000-30.000-30.000-30.000-30.000-30.000-30.000-30.000-30.000-30.000-30.000-30.000
-30.000
 Argon      15.260 11.003  0.677-30.000-30.000-30.000-30.000-30.000-30.000-30.000-30.000-30.000-30.000-30.000-30.000-30.000-30.000
-30.000-30.000
 Potassium  10.622 13.980  1.143-30.000-30.000-30.000-30.000-30.000-30.000-30.000-30.000-30.000-30.000-30.000-30.000-30.000-30.000
-30.000-30.000-30.000
 Calcium    12.712 15.215 13.167-30.000-30.000-30.000-30.000-30.000-30.000-30.000-30.000-30.000-30.000-30.000-30.000-30.000-30.000
-30.000-30.000-30.000-30.000
 Scandium    9.355 12.027  9.820-30.000-30.000-30.000-30.000-30.000-30.000-30.000-30.000-30.000-30.000-30.000-30.000-30.000-30.000
-30.000-30.000-30.000-30.000-30.000
 Titanium   10.386 13.881 10.587-30.000-30.000-30.000-30.000-30.000-30.000-30.000-30.000-30.000-30.000-30.000-30.000-30.000-30.000
-30.000-30.000-30.000-30.000-30.000-30.000
 Vanadium   10.902 12.855  8.535-30.000-30.000-30.000-30.000-30.000-30.000-30.000-30.000-30.000-30.000-30.000-30.000-30.000-30.000
-30.000-30.000-30.000-30.000-30.000-30.000-30.000
 Chromium   12.084 14.529 10.807-30.000-30.000-30.000-30.000-30.000-30.000-30.000-30.000-30.000-30.000-30.000-30.000-30.000-30.000
-30.000-30.000-30.000-30.000-30.000-30.000-30.000-30.000
 Manganese  10.847 14.319 10.337-30.000-30.000-30.000-30.000-30.000-30.000-30.000-30.000-30.000-30.000-30.000-30.000-30.000-30.000
-30.000-30.000-30.000-30.000-30.000-30.000-30.000-30.000-30.000
 Iron       12.788 16.310 12.039-30.000-30.000-30.000-30.000-30.000-30.000-30.000-30.000-30.000-30.000-30.000-30.000-30.000-30.000
-30.000-30.000-30.000-30.000-30.000-30.000-30.000-30.000-30.000-30.000
 Cobalt     12.171 13.769  7.445-30.000-30.000-30.000-30.000-30.000-30.000-30.000-30.000-30.000-30.000-30.000-30.000-30.000-30.000
-30.000-30.000-30.000-30.000-30.000-30.000-30.000-30.000-30.000-30.000-30.000
 Nickel     11.733 15.110  3.310-30.000-30.000-30.000-30.000-30.000-30.000-30.000-30.000-30.000-30.000-30.000-30.000-30.000-30.000
-30.000-30.000-30.000-30.000-30.000-30.000-30.000-30.000-30.000-30.000-30.000-30.000
 Copper     11.806 13.045  2.509-30.000-30.000-30.000-30.000-30.000-30.000-30.000-30.000-30.000-30.000-30.000-30.000-30.000-30.000
-30.000-30.000-30.000-30.000-30.000-30.000-30.000-30.000-30.000-30.000-30.000-30.000-30.000
 Zinc       12.391 13.421  6.870-30.000-30.000-30.000-30.000-30.000-30.000-30.000-30.000-30.000-30.000-30.000-30.000-30.000-30.000
-30.000-30.000-30.000-30.000-30.000-30.000-30.000-30.000-30.000-30.000-30.000-30.000-30.000-30.000
 Exc state                  He[2]  5.100                 C+[2] 14.143                  C[1] 16.395                  C[2] 16.921
                             C[3] 16.835                  O[1] 17.546                  O[2] 15.134                  O[3] 15.072
                           Si+[1] 16.396                C+2[2] -1.216                C+2[3]-10.038                C+2[4] -5.558


 Hydrogen   -0.000 -3.188 -5.041 (H2)                 Log10 Mean Ionisation (over radius)
 Helium      0.000-10.255
 Lithium    -2.506 -0.001
 Beryllium  -0.628 -0.117 -6.506
 Boron      -2.261 -0.002-13.158
 Carbon     -0.002 -2.511-13.931
 Nitrogen   -0.002 -3.092-17.518
 Oxygen     -0.001 -3.282-23.145
 Fluorine   -0.031 -5.104-20.523
 Neon       -0.000 -6.508
 Sodium     -2.727 -0.001-21.201
 Magnesium  -1.333 -0.021 -3.990
 Aluminium  -3.252 -0.000 -6.688
 Silicon    -2.486 -0.001 -4.982
 Phosphorus -2.886 -0.001 -8.981
 Sulphur    -0.113 -0.641 -9.318
 Chlorine   -2.046 -0.004 -8.789
 Argon      -0.000 -4.256-14.582
 Potassium  -3.359 -0.000-12.838
 Calcium    -2.508 -0.005 -2.052
 Scandium   -2.675 -0.004 -2.210
 Titanium   -3.495 -0.000 -3.294
 Vanadium   -1.958 -0.005 -4.325
 Chromium   -2.446 -0.002 -3.723
 Manganese  -3.473 -0.000 -3.982
 Iron       -3.522 -0.000 -4.271
 Cobalt     -1.609 -0.011 -6.335
 Nickel     -3.378 -0.000-11.800
 Copper     -1.264 -0.024-10.561
 Zinc       -1.069 -0.039 -6.590

               1      2      3      4      5      6      7      8      9     10     11     12     13     14     15     16     17

 Hydrogen   -0.000 -3.186 -5.041 (H2)         Log10 Mean Ionisation (over radius*electron density)
 Helium      0.000-10.252
 Lithium    -2.518 -0.001
 Beryllium  -0.645 -0.112 -6.500
 Boron      -2.305 -0.002-13.157
 Carbon     -0.002 -2.509-13.929
 Nitrogen   -0.002 -3.090-17.514
 Oxygen     -0.001 -3.280-23.143
 Fluorine   -0.029 -5.102-20.520
 Neon       -0.000 -6.508
 Sodium     -2.726 -0.001-21.200
 Magnesium  -1.336 -0.021 -3.988
 Aluminium  -3.259 -0.000 -6.688
 Silicon    -2.528 -0.001 -4.980
 Phosphorus -2.886 -0.001 -8.980
 Sulphur    -0.113 -0.639 -9.315
 Chlorine   -2.047 -0.004 -8.788
 Argon      -0.000 -4.256-14.579
 Potassium  -3.359 -0.000-12.837
 Calcium    -2.521 -0.005 -2.053
 Scandium   -2.685 -0.004 -2.210
 Titanium   -3.496 -0.000 -3.294
 Vanadium   -1.960 -0.005 -4.324
 Chromium   -2.466 -0.002 -3.721
 Manganese  -3.473 -0.000 -3.980
 Iron       -3.523 -0.000 -4.270
 Cobalt     -1.626 -0.010 -6.333
 Nickel     -3.378 -0.000-11.799
 Copper     -1.280 -0.023-10.559
 Zinc       -1.092 -0.037 -6.587

               1      2      3      4      5      6      7      8      9     10     11     12     13     14     15     16     17

 Hydrogen    4.000  4.000  4.000 (H2)                  Log10 Mean Temperature (over radius)
 Helium      4.000  4.000
 Lithium     4.000  4.000
 Beryllium   4.000  4.000  4.000
 Boron       4.000  4.000  4.000
 Carbon      4.000  4.000  4.000
 Nitrogen    4.000  4.000  4.000
 Oxygen      4.000  4.000  4.000
 Fluorine    4.000  4.000  4.000
 Neon        4.000  4.000
 Sodium      4.000  4.000  4.000
 Magnesium   4.000  4.000  4.000
 Aluminium   4.000  4.000  4.000
 Silicon     4.000  4.000  4.000
 Phosphorus  4.000  4.000  4.000
 Sulphur     4.000  4.000  4.000
 Chlorine    4.000  4.000  4.000
 Argon       4.000  4.000  4.000
 Potassium   4.000  4.000  4.000
 Calcium     4.000  4.000  4.000
 Scandium    4.000  4.000  4.000
 Titanium    4.000  4.000  4.000
 Vanadium    4.000  4.000  4.000
 Chromium    4.000  4.000  4.000
 Manganese   4.000  4.000  4.000
 Iron        4.000  4.000  4.000
 Cobalt      4.000  4.000  4.000
 Nickel      4.000  4.000  4.000
 Copper      4.000  4.000  4.000
 Zinc        4.000  4.000  4.000

               1      2      3      4      5      6      7      8      9     10     11     12     13     14     15     16     17

 Hydrogen    4.000  4.000  4.000 (H2)          Log10 Mean Temperature (over radius*electron density)
 Helium      4.000  4.000
 Lithium     4.000  4.000
 Beryllium   4.000  4.000  4.000
 Boron       4.000  4.000  4.000
 Carbon      4.000  4.000  4.000
 Nitrogen    4.000  4.000  4.000
 Oxygen      4.000  4.000  4.000
 Fluorine    4.000  4.000  4.000
 Neon        4.000  4.000
 Sodium      4.000  4.000  4.000
 Magnesium   4.000  4.000  4.000
 Aluminium   4.000  4.000  4.000
 Silicon     4.000  4.000  4.000
 Phosphorus  4.000  4.000  4.000
 Sulphur     4.000  4.000  4.000
 Chlorine    4.000  4.000  4.000
 Argon       4.000  4.000  4.000
 Potassium   4.000  4.000  4.000
 Calcium     4.000  4.000  4.000
 Scandium    4.000  4.000  4.000
 Titanium    4.000  4.000  4.000
 Vanadium    4.000  4.000  4.000
 Chromium    4.000  4.000  4.000
 Manganese   4.000  4.000  4.000
 Iron        4.000  4.000  4.000
 Cobalt      4.000  4.000  4.000
 Nickel      4.000  4.000  4.000
 Copper      4.000  4.000  4.000
 Zinc        4.000  4.000  4.000

               1      2      3      4      5      6      7      8      9     10     11     12     13     14     15     16     17
IC443 grid point v shock=54 km/s  

---------------Convergence statistics---------------
      2.31 mean iterations/state convergence
         3 mean cx acceleration loops/iteration
      1.08 mean iso convergence loops/ion solve
      1.02 mean steps/chemistry solve
      1.01 mean step length searches/chemistry step
----------------------------------------------------

 Cloudy ends: 257 zones, 2 iterations. (single thread) ExecTime(s) 44.90
 [Stop in cdMain at maincl.cpp:593, Cloudy exited OK]
