                                                          Cloudy 23.01
                                                         www.nublado.org

                                                  PRNG seed: 0xc9140e7b4c9ee64f

                       **************************************23Jul25**************************************
                       *                                                                                 *
                       * title IC443 grid point v shock=62 km/s                                          *
                       * hden 2.7172                                                                     *
                       * constant temperature, t=10000 K linear                                          *
                       * stop column density 20.98                                                       *
                       * iterate                                                                         *
                       * save results last "v62.rlt"                                                     *
                       *                                                                                 *
                       ***********************************************************************************



 NOTE Setcon: continuum has zero intensity starting at  3.0447e-09 Ryd.
  9244 cells in the incident continuum have zero intensity.  Problems???

 NOTE There is no hydrogen-ionizing radiation.
 Was this intended?

 NOTE There is no Balmer continuum radiation.<<<<
 Was this intended?

           9244CellPeak3.04E-09   Lo 3.04e-09=  29.98m   Hi-Con:7.13E+06 Ryd   E(hi):7.35E+06Ryd     E(hi):     100.00 MeV
           I(nu>1ryd):   0.0000   Average nu:0.000E+00   I( X-ray):   0.0000   I(BalC): -30.0000     Phi(BalmrC): -30.0000
           phi(1.0-1.8): 0.0000   phi(1.8-4.0):  0.000   phi(4.0-20):  0.000   phi(20--):  0.000     Ion pht flx:0.000E+00
           I(gam ray):   0.0000   phi(gam r):   0.0000   I(Infred):   0.0000   Alf(ox):   0.0000     Total inten: -35.9298
           U(1.0----):0.000E+00   U(4.0----):0.000E+00   T(En-Den):0.000E+00   T(Comp):0.000E+00     nuJnu(912A):0.000E+00
           Occ(FarIR):0.000E+00   Occ(H n=6):0.000E+00   Occ(1Ryd):0.000E+00   Occ(4R):0.000E+00     Occ (Nu-hi):0.000E+00
           Tbr(FarIR):0.000E+00   Tbr(H n=6):0.000E+00   Tbr(1Ryd):0.000E+00   Tbr(4R):0.000E+00     Tbr (Nu-hi):0.000E+00
  
                                                  Gas Phase Chemical Composition
        H :  0.0000  He: -1.0000  Li: -8.6904  Be:-10.5800  B : -9.2097  C : -3.6108  N : -4.0701  O : -3.3098  F : -7.5200
        Ne: -4.0000  Na: -5.6696  Mg: -4.4597  Al: -5.5302  Si: -4.4597  P : -6.4949  S : -4.7352  Cl: -6.7190  Ar: -5.6003
        K : -6.8794  Ca: -5.6402  Sc: -8.8297  Ti: -6.9788  V : -8.0000  Cr: -6.3298  Mn: -6.5406  Fe: -4.5498  Co: -7.0799
                                               Ni: -5.7496  Cu: -7.7905  Zn: -7.4001
 
 ####  1  Te:1.000E+04 Hden:5.214E+02 Ne:2.919E-01 R:1.000E+30 R-R0:2.267E+11 dR:4.535E+11 NTR:  1 Htot:1.220E-25 T912: 1.50e-03###
 Hydrogen      1.00e+00 4.71e-04 H+o/Hden 1.00e+00 5.43e-09 H-    H2 3.46e-06 1.48e-10 H2+ HeH+ 2.25e-11 Ho+ ColD 2.36e+14 1.11e+11
 Helium        1.00e+00 2.58e-12 0.00e+00 HeI 2s3S 1.80e-15 Comp H,C 0.00e+00 0.00e+00 Fill Fac 1.00e+00 Gam1/tot 5.03e-09
 He singlet n  1.00e+00 9.17e-22 5.49e-30 4.19e-29 6.02e-31 5.29e-30 He tripl 1.80e-15 1.08e-27 6.95e-29 6.70e-29 2.98e-30
 Pressure      NgasTgas 5.74e+06 P(total) 7.93e-10 P( gas ) 7.93e-10 P(Radtn) 0.00e+00 Rad accl 0.00e+00 ForceMul 0.00e+00
 Texc(La)      2.32e+03 T(I con) 0.00e+00 T(D con) 5.32e-02 T(U tot) 5.32e-02 nT (c+d) 1.29e+04 Prad/Gas 0.00e+00 Pmag/Gas 0.00e+00
 Molecules     CH/Ctot: 2.31e-06 CH+/Ctot 2.02e-08 CO/Ctot: 4.65e-01 CO+/Ctot 2.32e-08 H2O/Otot 4.03e-12 OH/Ototl 1.55e-06
 Lithium       8.28e-03 9.92e-01 0.00e+00 0.00e+00 Berylliu 9.52e-01 4.82e-02 1.58e-08 0.00e+00 0.00e+00 sec ion: 0.00e+00
 Boron         5.09e-01 4.91e-01 2.70e-14 0.00e+00 0.00e+00 0.00e+00
 Carbon        5.30e-01 4.77e-03 1.35e-14 0.00e+00 0.00e+00 0.00e+00 0.00e+00 H2O+/O   3.44e-10 OH+/Otot 3.47e-06 Hex(tot) 0.00e+00
 Nitrogen      9.77e-01 5.34e-04 9.35e-20 0.00e+00 0.00e+00 0.00e+00 0.00e+00 0.00e+00 O2/Ototl 7.29e-11 O2+/Otot 9.83e-08
 Oxygen        7.67e-01 2.91e-04 3.13e-24 0.00e+00 0.00e+00 0.00e+00 0.00e+00 0.00e+00 0.00e+00
 Fluorine      8.15e-01 7.14e-06 2.28e-21 0.00e+00 0.00e+00 0.00e+00 0.00e+00 0.00e+00 0.00e+00 0.00e+00
 Neon          1.00e+00 3.26e-07 0.00e+00 0.00e+00 0.00e+00 0.00e+00 0.00e+00 0.00e+00 0.00e+00 0.00e+00 0.00e+00
 Sodium        1.84e-03 9.98e-01 5.08e-22 0.00e+00 0.00e+00 0.00e+00 0.00e+00 0.00e+00 0.00e+00 0.00e+00 0.00e+00 0.00e+00
 Magnesium     6.11e-02 9.39e-01 7.35e-05 0.00e+00 0.00e+00 0.00e+00 0.00e+00 0.00e+00 0.00e+00 0.00e+00 0.00e+00 0.00e+00 0.00e+00
 Aluminium  0  9.54e-04 9.99e-01 1.79e-07 0.00e+00 0.00e+00 0.00e+00 0.00e+00 0.00e+00 0.00e+00 0.00e+00 0.00e+00 0.00e+00 0.00e+00
 Silicon    0  1.16e-01 4.07e-01 3.09e-06 0.00e+00 0.00e+00 0.00e+00 0.00e+00 0.00e+00 0.00e+00 0.00e+00 0.00e+00 0.00e+00 0.00e+00
 Phosphorus 0  1.33e-03 9.99e-01 8.21e-10 0.00e+00 0.00e+00 0.00e+00 0.00e+00 0.00e+00 0.00e+00 0.00e+00 0.00e+00 0.00e+00 0.00e+00
 Sulphur    0  8.85e-02 1.15e-02 1.85e-12 0.00e+00 0.00e+00 0.00e+00 0.00e+00 0.00e+00 0.00e+00 0.00e+00 0.00e+00 0.00e+00 0.00e+00
 Chlorine   0  9.35e-03 9.91e-01 1.39e-09 0.00e+00 0.00e+00 0.00e+00 0.00e+00 0.00e+00 0.00e+00 0.00e+00 0.00e+00 0.00e+00 0.00e+00
 Argon      0  1.00e+00 3.45e-05 7.57e-17 0.00e+00 0.00e+00 0.00e+00 0.00e+00 0.00e+00 0.00e+00 0.00e+00 0.00e+00 0.00e+00 0.00e+00
 Potassium  0  4.46e-04 1.00e+00 1.20e-13 0.00e+00 0.00e+00 0.00e+00 0.00e+00 0.00e+00 0.00e+00 0.00e+00 0.00e+00 0.00e+00 0.00e+00
 Calcium    0  9.29e-03 9.81e-01 9.25e-03 0.00e+00 0.00e+00 0.00e+00 0.00e+00 0.00e+00 0.00e+00 0.00e+00 0.00e+00 0.00e+00 0.00e+00
 Scandium   0  4.67e-03 9.89e-01 6.54e-03 0.00e+00 0.00e+00 0.00e+00 0.00e+00 0.00e+00 0.00e+00 0.00e+00 0.00e+00 0.00e+00 0.00e+00
 Titanium   0  3.32e-04 9.99e-01 5.40e-04 0.00e+00 0.00e+00 0.00e+00 0.00e+00 0.00e+00 0.00e+00 0.00e+00 0.00e+00 0.00e+00 0.00e+00
 Vanadium   0  1.22e-02 9.88e-01 4.03e-05 0.00e+00 0.00e+00 0.00e+00 0.00e+00 0.00e+00 0.00e+00 0.00e+00 0.00e+00 0.00e+00 0.00e+00
 Chromium   0  1.97e-02 9.80e-01 1.35e-04 0.00e+00 0.00e+00 0.00e+00 0.00e+00 0.00e+00 0.00e+00 0.00e+00 0.00e+00 0.00e+00 0.00e+00
 Manganese  0  3.49e-04 1.00e+00 7.57e-05 0.00e+00 0.00e+00 0.00e+00 0.00e+00 0.00e+00 0.00e+00 0.00e+00 0.00e+00 0.00e+00 0.00e+00
 Iron       0  3.18e-04 1.00e+00 3.89e-05 0.00e+00 0.00e+00 0.00e+00 0.00e+00 0.00e+00 0.00e+00 0.00e+00 0.00e+00 0.00e+00 0.00e+00
 Cobalt     0  1.05e-01 8.95e-01 3.08e-07 0.00e+00 0.00e+00 0.00e+00 0.00e+00 0.00e+00 0.00e+00 0.00e+00 0.00e+00 0.00e+00 0.00e+00
 Nickel     0  4.42e-04 1.00e+00 1.24e-12 0.00e+00 0.00e+00 0.00e+00 0.00e+00 0.00e+00 0.00e+00 0.00e+00 0.00e+00 0.00e+00 0.00e+00
 Copper     0  2.17e-01 7.83e-01 1.76e-11 0.00e+00 0.00e+00 0.00e+00 0.00e+00 0.00e+00 0.00e+00 0.00e+00 0.00e+00 0.00e+00 0.00e+00
 Zinc       0  6.07e-01 3.93e-01 8.98e-08 0.00e+00 0.00e+00 0.00e+00 0.00e+00 0.00e+00 0.00e+00 0.00e+00 0.00e+00 0.00e+00 0.00e+00
 ####260  Te:1.000E+04 Hden:5.214E+02 Ne:4.569E-01 R:1.000E+30 R-R0:1.828E+18 dR:6.075E+15 NTR:  1 Htot:6.134E-25 T912: 6.06e+03###
 Hydrogen      9.99e-01 7.64e-04 H+o/Hden 1.00e+00 8.84e-09 H-    H2 4.02e-06 2.54e-10 H2+ HeH+ 3.86e-11 Ho+ ColD 9.54e+20 6.36e+17
 Helium        1.00e+00 6.56e-11 0.00e+00 HeI 2s3S 2.59e-15 Comp H,C 3.76e-33 1.37e-32 Fill Fac 1.00e+00 Gam1/tot 1.51e-04
 He singlet n  1.00e+00 1.47e-21 3.77e-27 6.17e-29 3.55e-29 7.68e-30 He tripl 2.59e-15 1.56e-27 9.98e-29 9.64e-29 4.38e-30
 Pressure      NgasTgas 5.75e+06 P(total) 7.94e-10 P( gas ) 7.93e-10 P(Radtn) 3.91e-13 Rad accl 1.59e-11 ForceMul 2.91e+05
 Texc(La)      3.39e+03 T(I con) 0.00e+00 T(D con) 2.33e+00 T(U tot) 2.33e+00 nT (c+d) 5.63e+05 Prad/Gas 4.92e-04 Pmag/Gas 0.00e+00
 Molecules     CH/Ctot: 5.05e-06 CH+/Ctot 2.94e-08 CO/Ctot: 3.44e-05 CO+/Ctot 1.84e-11 H2O/Otot 6.49e-12 OH/Ototl 2.36e-06
 Lithium       1.30e-03 9.99e-01 0.00e+00 0.00e+00 Berylliu 8.17e-02 9.18e-01 4.13e-07 0.00e+00 0.00e+00 sec ion: 0.00e+00
 Boron         6.18e-04 9.99e-01 7.87e-14 0.00e+00 0.00e+00 0.00e+00
 Carbon        9.97e-01 3.43e-03 1.46e-14 0.00e+00 0.00e+00 0.00e+00 0.00e+00 H2O+/O   2.23e-10 OH+/Otot 3.01e-06 Hex(tot) 0.00e+00
 Nitrogen      9.98e-01 9.56e-04 4.19e-18 0.00e+00 0.00e+00 0.00e+00 0.00e+00 0.00e+00 O2/Ototl 8.74e-11 O2+/Otot 7.10e-08
 Oxygen        9.99e-01 6.15e-04 9.48e-24 0.00e+00 0.00e+00 0.00e+00 0.00e+00 0.00e+00 0.00e+00
 Fluorine      9.85e-01 9.84e-06 4.07e-21 0.00e+00 0.00e+00 0.00e+00 0.00e+00 0.00e+00 0.00e+00 0.00e+00
 Neon          1.00e+00 2.92e-07 0.00e+00 0.00e+00 0.00e+00 0.00e+00 0.00e+00 0.00e+00 0.00e+00 0.00e+00 0.00e+00
 Sodium        1.93e-03 9.98e-01 6.99e-22 0.00e+00 0.00e+00 0.00e+00 0.00e+00 0.00e+00 0.00e+00 0.00e+00 0.00e+00 0.00e+00
 Magnesium     3.43e-02 9.66e-01 1.22e-04 0.00e+00 0.00e+00 0.00e+00 0.00e+00 0.00e+00 0.00e+00 0.00e+00 0.00e+00 0.00e+00 0.00e+00
 Aluminium  0  3.07e-04 1.00e+00 2.18e-07 0.00e+00 0.00e+00 0.00e+00 0.00e+00 0.00e+00 0.00e+00 0.00e+00 0.00e+00 0.00e+00 0.00e+00
 Silicon    0  3.48e-04 1.00e+00 1.23e-05 0.00e+00 0.00e+00 0.00e+00 0.00e+00 0.00e+00 0.00e+00 0.00e+00 0.00e+00 0.00e+00 0.00e+00
 Phosphorus 0  1.30e-03 9.99e-01 1.18e-09 0.00e+00 0.00e+00 0.00e+00 0.00e+00 0.00e+00 0.00e+00 0.00e+00 0.00e+00 0.00e+00 0.00e+00
 Sulphur    0  6.86e-01 3.14e-01 7.67e-10 0.00e+00 0.00e+00 0.00e+00 0.00e+00 0.00e+00 0.00e+00 0.00e+00 0.00e+00 0.00e+00 0.00e+00
 Chlorine   0  7.25e-03 9.93e-01 1.75e-09 0.00e+00 0.00e+00 0.00e+00 0.00e+00 0.00e+00 0.00e+00 0.00e+00 0.00e+00 0.00e+00 0.00e+00
 Argon      0  1.00e+00 6.75e-05 3.75e-15 0.00e+00 0.00e+00 0.00e+00 0.00e+00 0.00e+00 0.00e+00 0.00e+00 0.00e+00 0.00e+00 0.00e+00
 Potassium  0  4.20e-04 1.00e+00 1.59e-13 0.00e+00 0.00e+00 0.00e+00 0.00e+00 0.00e+00 0.00e+00 0.00e+00 0.00e+00 0.00e+00 0.00e+00
 Calcium    0  1.18e-03 9.90e-01 8.68e-03 0.00e+00 0.00e+00 0.00e+00 0.00e+00 0.00e+00 0.00e+00 0.00e+00 0.00e+00 0.00e+00 0.00e+00
 Scandium   0  1.00e-03 9.93e-01 6.09e-03 0.00e+00 0.00e+00 0.00e+00 0.00e+00 0.00e+00 0.00e+00 0.00e+00 0.00e+00 0.00e+00 0.00e+00
 Titanium   0  3.15e-04 9.99e-01 4.97e-04 0.00e+00 0.00e+00 0.00e+00 0.00e+00 0.00e+00 0.00e+00 0.00e+00 0.00e+00 0.00e+00 0.00e+00
 Vanadium   0  9.22e-03 9.91e-01 5.12e-05 0.00e+00 0.00e+00 0.00e+00 0.00e+00 0.00e+00 0.00e+00 0.00e+00 0.00e+00 0.00e+00 0.00e+00
 Chromium   0  1.06e-03 9.99e-01 2.23e-04 0.00e+00 0.00e+00 0.00e+00 0.00e+00 0.00e+00 0.00e+00 0.00e+00 0.00e+00 0.00e+00 0.00e+00
 Manganese  0  3.32e-04 1.00e+00 1.23e-04 0.00e+00 0.00e+00 0.00e+00 0.00e+00 0.00e+00 0.00e+00 0.00e+00 0.00e+00 0.00e+00 0.00e+00
 Iron       0  2.83e-04 1.00e+00 6.31e-05 0.00e+00 0.00e+00 0.00e+00 0.00e+00 0.00e+00 0.00e+00 0.00e+00 0.00e+00 0.00e+00 0.00e+00
 Cobalt     0  8.07e-03 9.92e-01 5.53e-07 0.00e+00 0.00e+00 0.00e+00 0.00e+00 0.00e+00 0.00e+00 0.00e+00 0.00e+00 0.00e+00 0.00e+00
 Nickel     0  4.01e-04 1.00e+00 1.78e-12 0.00e+00 0.00e+00 0.00e+00 0.00e+00 0.00e+00 0.00e+00 0.00e+00 0.00e+00 0.00e+00 0.00e+00
 Copper     0  1.83e-02 9.82e-01 3.21e-11 0.00e+00 0.00e+00 0.00e+00 0.00e+00 0.00e+00 0.00e+00 0.00e+00 0.00e+00 0.00e+00 0.00e+00
 Zinc       0  2.29e-02 9.77e-01 3.02e-07 0.00e+00 0.00e+00 0.00e+00 0.00e+00 0.00e+00 0.00e+00 0.00e+00 0.00e+00 0.00e+00 0.00e+00
   IC443 grid point v shock=62 km/s  
   Calculation stopped because H column dens reached. Iteration 1 of 2
   The geometry is plane-parallel.
  !Ionization rate fell below background cosmic ray ionization rate.  Should this be added too?
  !   Use the COSMIC RAY BACKGROUND command.
  !Compton cooling rate underflows to zero.  Is this important?
  !Some input lines contained underscores, these were changed to spaces.
  !There is no hydrogen-ionizing radiation.  Was this intended?
  !Thermal collisional ionization of H reached 83.75% of the local ionization rate.
  !Charge transfer H => H+ reached 87928.9% of the local H ionization rate.
  !Charge transfer heating reached 101.69% of the local heating.
  !Continuum zero at some energies.
  !AGE: Cloud age was not set.  Longest timescale was 1.42e+13 s = 4.51e+05 years.
  !Heating - cooling mismatch =200.0%. Caused by constant temperature assumption. 
  !Mutual neutralization production of H-alpha was significant.
  !Incident radiation field energy density is less than 2.7K.  Add background with CMB command.
  !The CMB was not included.  This is added with the CMB command.
  !The intensity of the incident radiation field is less than 10 times the Habing diffuse ISM field.  Is this OK?
  !   Consider adding diffuse ISM emission with TABLE ISM command.
  !An ionization jump occurred elem S  1, by 169% from 8.85e-02 (zone 1) to 4.30e-01 (zone 2) to 7.26e-01 (zone 3)
   The density is too low to l-mix the lowest H  I collapsed level.  More resolved levels are needed for accurate line ratios.
   The density is too low to l-mix the lowest He I collapsed level.  More resolved levels are needed for accurate line ratios.
   Grains were not present but might survive in this environment (energy density temperature was 0.00e+00K)
   The local H2 cooling rate reached 2.5% of the local cooling.
   H- absorption heating was 53.7% of the total.
   The fraction of F in HF reached 1.49% at some point in the cloud.

                       *********************************> Cloudy 23.01 <**********************************
                       * title IC443 grid point v shock=62 km/s                                          *
                       * hden 2.7172                                                                     *
                       * constant temperature, t=10000 K linear                                          *
                       * stop column density 20.98                                                       *
                       * iterate                                                                         *
                       * save results last "v62.rlt"                                                     *
                       *********************************> Log(U):-37.00 <*********************************

                     Emission Line Spectrum.   Constant  Density Model.    Open geometry.  Iteration 1 of 2.
                                                     Intensity (erg/s/cm^2).


                                                   Intrinsic line intensities
general properties.............................      Co 2                25.6819m   -8.312    0.0020      Fe 2                5048.19A   -8.244    0.0023
TotH                      0    -6.179    0.2662      Co 2                1.01879m   -6.787    0.0657      Fe 2                1.71482m   -7.827    0.0060
TotC                      0    -1.827 5985.4458      Co 2                1.12804m   -7.758    0.0070      Fe 2                9949.21A   -8.159    0.0028
TotM                      0    -6.926    0.0477      Co 2                1.54700m   -7.032    0.0373      Fe 2                7975.22A   -8.343    0.0018
CT H                      0    -6.731    0.0747      Co 2                1.72847m   -8.028    0.0038      Fe 2                1.47063m   -8.596    0.0010
H FB                      0    -6.933    0.0469      Co 2                1.90349m   -7.868    0.0055      Fe 2                1.01273m   -8.272    0.0021
HFBc                      0    -6.933    0.0469      Co 2                1.02452m   -7.596    0.0102      Fe 2                6353.11A   -8.394    0.0016
H  1c                     0    -2.699  805.1891      Co 2                1.09726m   -8.224    0.0024      Fe 2                1.80228m   -8.495    0.0013
NOc                       0    -8.281    0.0021      Co 2                1.49674m   -8.461    0.0014      Fe 2                1.00387m   -8.424    0.0015
CNc                       0    -7.233    0.0235      Co 2                1.62622m   -8.448    0.0014      Fe 2                9469.41A   -8.308    0.0020
OHc                       0    -7.980    0.0042      Co 2                1.73616m   -8.154    0.0028      Fe 2                9384.77A   -7.799    0.0064
HFc                       0    -7.996    0.0041      Co 2                1.02803m   -8.194    0.0026      Fe 2                2.39329m   -7.849    0.0057
COc                       0    -4.850    5.6754      Co 2                8580.39A   -8.250    0.0023      Fe 2                4825.73A   -7.259    0.0222
^13COc                    0    -6.371    0.1710      Co 2                9342.40A   -6.945    0.0456      Fe 2                2.50030m   -8.186    0.0026
OH+c                      0    -7.925    0.0048      Co 2                9943.48A   -7.292    0.0205      Fe 2                4867.73A   -8.300    0.0020
CHc                       0    -8.147    0.0029      Co 2                7539.01A   -7.614    0.0098      Fe 2                2.59860m   -8.569    0.0011
CHc                       0    -7.737    0.0074      Co 2                8121.00A   -7.326    0.0190      Fe 2                4903.85A   -7.752    0.0071
Al 1c                     0    -8.469    0.0014      Co 2                8571.41A   -7.933    0.0047      Fe 2                1.04657m   -8.602    0.0010
C  1c                     0    -3.124  302.3915      Co 2                6.21176m   -8.575    0.0011      Fe 2                3.58120m   -8.194    0.0026
C  2c                     0    -5.195    2.5676      Co 2                8027.34A   -7.792    0.0065      Fe 2                3.15558m   -8.224    0.0024
Ca 1c                     0    -6.719    0.0767      Co 2                8467.14A   -8.205    0.0025      Fe 2                5171.63A   -7.561    0.0111
Cl 1c                     0    -7.046    0.0362      Co 2                8333.76A   -7.973    0.0043      Fe 2                5169.03A   -6.803    0.0633
Co 2c                     0    -5.711    0.7829      Cr 2                8000.08A   -5.786    0.6577      Fe 2                5018.44A   -8.518    0.0012
Cr 2c                     0    -5.283    2.0953      Cr 2                8125.30A   -5.860    0.5548      Fe 2                6044.54A   -8.004    0.0040
Fe 1c                     0    -6.126    0.3010      Cr 2                8229.67A   -5.955    0.4465      Fe 2                5316.61A   -8.487    0.0013
Fe 2c                     0    -2.980  421.4943      Cr 2                8308.49A   -6.142    0.2901      Fe 3                22.9190m   -8.523    0.0012
Fe 3c                     0    -7.807    0.0063      Cr 2                8357.64A   -6.439    0.1462      Fe 3                4985.87A   -8.386    0.0017
K  1c                     0    -8.120    0.0031      Fe 1                24.0358m   -6.226    0.2392      K  1                7664.90A   -8.295    0.0020
Mg 1c                     0    -4.624    9.5526      Fe 1                34.7038m   -6.814    0.0618      K  1                7698.96A   -8.593    0.0010
Mn 2c                     0    -5.975    0.4259      Fe 2                25.9813m   -4.153   28.2799      Mg 1                2025.82A   -7.985    0.0042
N  1c                     0    -3.891   51.7349      Fe 2                5.33871m   -3.630   94.2027      Mg 1                2852.13A   -5.139    2.9212
Na 1c                     0    -6.771    0.0682      Fe 2                4.11387m   -5.993    0.4088      Mg 1                3832.30A   -8.211    0.0025
Ni 1c                     0    -7.157    0.0280      Fe 2                1.25668m   -4.902    5.0401      Mg 1                3838.29A   -7.794    0.0065
O  1c                     0    -2.220 2423.2383      Fe 2                1.19129m   -7.687    0.0083      Mg 1                4562.60A   -4.945    4.5625
O  2c                     0    -6.354    0.1781      Fe 2                6309.53A   -8.531    0.0012      Mg 1                4571.10A   -5.384    1.6626
P  2c                     0    -4.966    4.3542      Fe 2                4799.30A   -8.430    0.0015      Mg 1                4575.29A   -6.312    0.1962
S  1c                     0    -4.839    5.8340      Fe 2                4704.22A   -7.655    0.0089      Mg 1                5167.32A   -7.470    0.0136
S  2c                     0    -3.920   48.3084      Fe 2                4632.28A   -5.862    0.5528      Mg 1                5172.68A   -6.996    0.0406
Sc 2c                     0    -7.005    0.0398      Fe 2                4604.48A   -7.645    0.0091      Mg 1                5183.60A   -6.776    0.0674
Si 1c                     0    -7.000    0.0402      Fe 2                4416.27A   -5.843    0.5770      Mg 1                8806.76A   -7.052    0.0357
Si 2c                     0    -2.459 1397.3359      Fe 2                4382.74A   -6.813    0.0619      Mg 1                1.18282m   -7.213    0.0246
Zn 2c                     0    -7.277    0.0213      Fe 2                4287.39A   -4.881    5.2913      Mg 1                1.50250m   -8.036    0.0037
Al 2c                     0    -4.801    6.3571      Fe 2                3931.44A   -8.475    0.0013      Mg 1                1.50402m   -8.481    0.0013
Ca 2c                     0    -3.534  117.7492      Fe 2                3874.07A   -8.106    0.0031      Mg 1                1.71087m   -7.724    0.0076
Cl 2c                     0    -5.357    1.7692      Fe 2                3175.38A   -6.692    0.0817      Mn 2                2576.10A   -6.363    0.1745
Mg 2c                     0    -3.299  201.8524      Fe 2                2599.40A   -7.502    0.0126      Mn 2                2593.72A   -6.457    0.1406
N  2c                     0    -6.508    0.1248      Fe 2                2585.88A   -8.520    0.0012      Mn 2                2605.68A   -6.595    0.1021
Ni 2c                     0    -4.341   18.3630      Fe 2                2382.04A   -5.733    0.7440      Mn 2                3438.97A   -7.806    0.0063
continua.......................................      Fe 2                2343.50A   -8.322    0.0019      Mn 2                3460.03A   -8.374    0.0017
Bac                 3646.00A   -6.216    0.2448      Fe 2                35.3391m   -4.815    6.1647      N  1                1134.41A   -8.556    0.0011
nFnu                3645.00A   -3.690   82.1496      Fe 2                6.71944m   -4.770    6.8299      N  1                1134.98A   -8.478    0.0013
nFnu                3647.00A   -3.691   81.9048      Fe 2                4.88781m   -5.656    0.8874      N  1                1199.55A   -7.762    0.0070
cout                3646.00A   -6.517    0.1224      Fe 2                4.07521m   -6.478    0.1339      N  1                1200.22A   -7.934    0.0047
cref                3646.00A   -6.517    0.1224      Fe 2                1.32055m   -5.398    1.6070      N  1                1200.71A   -8.237    0.0023
thin                3646.00A   -6.216    0.2448      Fe 2                1.24854m   -6.432    0.1486      N  1                3466.50A   -6.236    0.2336
Ba C                      0    -6.966    0.0435      Fe 2                1.20512m   -8.245    0.0023      N  1                3466.54A   -6.909    0.0496
PA C                      0    -7.383    0.0167      Fe 2                7637.52A   -5.702    0.7986      N  1                5197.90A   -4.305   19.9193
FIR                 83.0000m   -2.226 2391.1016      Fe 2                7523.28A   -7.749    0.0072      N  1                5200.26A   -4.129   29.8923
TIR                 1800.00m   -4.541   11.5655      Fe 2                4889.62A   -5.726    0.7562      N  1                1.03977m   -5.741    0.7310
NIRa                2.85000m   -2.288 2073.4517      Fe 2                4750.27A   -8.457    0.0014      N  1                1.03982m   -6.263    0.2194
NIRb                3.00000m   -3.441  145.6337      Fe 2                4716.37A   -6.740    0.0733      N  1                1.04072m   -6.089    0.3281
MIRa                15.0000m   -3.536  117.0384      Fe 2                4687.56A   -6.943    0.0459      N  1                1.04076m   -6.076    0.3375
MIRb                22.5000m   -2.416 1542.2191      Fe 2                4492.64A   -6.713    0.0779      Na 1                5889.95A   -7.072    0.0341
NMIR                21.7500m   -2.288 2073.4517      Fe 2                4457.95A   -6.111    0.3114      Na 1                5895.92A   -7.072    0.0341
TFIR                611.250m   -3.180  265.6975      Fe 2                4432.45A   -6.905    0.0501      Ni 1                7.50454m   -7.157    0.0280
TALL                10000.0A   -1.832 5919.5552      Fe 2                4359.33A   -5.011    3.9181      O  1                1304.86A   -6.862    0.0553
F12                 12.0000m   -5.442    1.4554      Fe 2                3224.54A   -7.789    0.0065      O  1                1306.03A   -7.293    0.0205
F25                 25.0000m   -4.053   35.6306      Fe 2                3214.67A   -7.206    0.0250      O  1                1355.60A   -6.928    0.0474
F60                 60.0000m   -2.275 2135.5596      Fe 2                2625.67A   -4.167   27.3553      O  1                1358.51A   -7.315    0.0195
F100                100.000m   -5.487    1.3115      Fe 2                2611.87A   -4.914    4.9058      O  1                2972.29A   -6.389    0.1642
MIPS                24.0000m   -4.053   35.6254      Fe 2                2598.37A   -6.145    0.2880      O  1                5577.34A   -5.439    1.4623
MIPS                70.0000m   -2.276 2132.2683      Fe 2                2395.63A   -5.177    2.6746      O  1                6300.30A   -3.746   72.1658
MIPS                160.000m   -3.307  198.2675      Fe 2                2388.63A   -6.237    0.2329      O  1                6363.78A   -4.242   23.0537
IRAC                3.60000m   -6.662    0.0876      Fe 2                2383.06A   -8.106    0.0032      O  1                6391.73A   -7.570    0.0108
IRAC                4.50000m   -5.343    1.8273      Fe 2                2364.83A   -5.568    1.0870      O  1                44.0453m   -7.912    0.0049
IRAC                5.80000m   -3.630   94.3547      Fe 2                2332.80A   -6.674    0.0853      O  1                63.1679m   -2.276 2131.3660
IRAC                8.00000m   -4.637    9.2760      Fe 2                2279.91A   -8.190    0.0026      O  1                145.495m   -3.315  194.6523
SPR1                250.000m   -5.659    0.8827      Fe 2                51.2868m   -5.333    1.8693      O  2                2470.34A   -8.380    0.0017
SPR2                350.000m   -3.877   53.3897      Fe 2                5.67236m   -6.468    0.1370      O  2                7319.99A   -8.574    0.0011
SPR3                500.000m   -5.876    0.5352      Fe 2                4.60641m   -6.277    0.2124      O  2                3728.81A   -6.588    0.1040
PAC1                70.0000m   -2.275 2133.0996      Fe 2                4.08085m   -7.023    0.0381      O  2                3726.03A   -6.763    0.0693
PAC2                100.000m   -5.486    1.3152      Fe 2                1.37181m   -5.642    0.9173      P  2                60.6263m   -5.705    0.7942
PAC3                160.000m   -3.306  198.8675      Fe 2                1.29427m   -6.218    0.2436      P  2                1532.53A   -8.342    0.0018
PAH                 3.30000m   -7.468    0.0137      Fe 2                7806.23A   -7.475    0.0135      P  2                32.8620m   -5.806    0.6287
PAHC                3.23000m   -7.747    0.0072      Fe 2                7686.93A   -5.780    0.6678      P  2                1.14682m   -5.723    0.7608
PAHC                3.37000m   -7.740    0.0073      Fe 2                7552.40A   -8.259    0.0022      P  2                4669.25A   -7.388    0.0164
PAH                 6.20000m   -7.514    0.0123      Fe 2                4958.23A   -7.576    0.0107      P  2                2195.57A   -7.667    0.0087
PAHC                5.65000m   -6.426    0.1508      Fe 2                4750.57A   -7.573    0.0107      P  2                1536.42A   -8.116    0.0031
PAH                 7.90000m   -6.991    0.0411      Fe 2                4728.07A   -6.374    0.1699      P  2                1535.92A   -8.101    0.0032
PAHC                6.90000m   -4.639    9.2297      Fe 2                4514.90A   -6.737    0.0737      P  2                1.18828m   -5.300    2.0164
PAH                 11.3000m   -7.016    0.0388      Fe 2                4488.75A   -6.456    0.1407      P  2                2210.34A   -7.214    0.0246
PAHC                10.9000m   -6.518    0.1222      Fe 2                4470.30A   -7.659    0.0088      P  2                1542.30A   -8.388    0.0016
PAH                 11.8000m   -8.200    0.0025      Fe 2                4413.78A   -5.163    2.7661      P  2                7875.99A   -6.640    0.0922
PAHC                12.6500m   -6.267    0.2176      Fe 2                3254.24A   -7.266    0.0218      S  1                1483.04A   -8.259    0.0022
PAH                 13.3000m   -8.212    0.0025      Fe 2                3244.18A   -7.560    0.0111      S  1                1820.34A   -6.939    0.0463
PAHC                14.1000m   -5.926    0.4771      Fe 2                2631.32A   -5.112    3.1114      S  1                1826.24A   -7.423    0.0152
Bcon                3640.00A   -2.586 1043.6757      Fe 2                2617.62A   -6.555    0.1120      S  1                25.2421m   -4.888    5.2011
Pcon                5000.00A   -2.998  403.8714      Fe 2                2607.09A   -6.458    0.1400      S  1                56.2957m   -5.848    0.5712
O3bn                5007.00A   -4.865    5.4930      Fe 2                2404.89A   -6.155    0.2815      S  2                6730.82A   -4.343   18.2574
HFFc                      0    -5.750    0.7153      Fe 2                2399.24A   -6.980    0.0421      S  2                6716.44A   -4.182   26.4635
H FF                      0    -7.331    0.0188      Fe 2                2395.42A   -7.957    0.0044      S  2                4076.35A   -5.891    0.5169
MeFB                      0    -7.754    0.0071      Fe 2                2380.76A   -4.985    4.1606      S  2                4068.60A   -5.400    1.6019
MeFF                      0    -8.106    0.0032      Fe 2                2348.30A   -6.712    0.0780      S  2                1.03364m   -6.029    0.3760
ToFF                      0    -7.264    0.0219      Fe 2                2327.40A   -7.302    0.0200      S  2                1.02867m   -6.026    0.3788
Mion                      0    -6.781    0.0666      Fe 2                87.3597m   -6.035    0.3712      S  2                1.03705m   -6.351    0.1792
nFnu                122.400m   -8.277    0.0021      Fe 2                5.06097m   -6.936    0.0466      S  2                1.03205m   -5.892    0.5154
nFnu                60.8322m   -7.904    0.0050      Fe 2                4.43363m   -6.853    0.0564      S  2                1259.52A   -7.674    0.0085
nFnu                41.2152m   -7.690    0.0082      Fe 2                1.40951m   -8.263    0.0022      S  2                1253.81A   -7.749    0.0072
nFnu                30.8695m   -7.528    0.0119      Fe 2                1.32777m   -6.401    0.1596      S  2                1250.58A   -8.060    0.0035
nFnu                24.7829m   -7.404    0.0159      Fe 2                1.27877m   -6.458    0.1400      Sc 2                4246.82A   -8.158    0.0028
nFnu                24.2998m   -7.393    0.0163      Fe 2                1.25214m   -7.499    0.0128      Sc 2                7043.49A   -7.930    0.0047
nFnu                22.8302m   -7.358    0.0176      Fe 2                7926.88A   -7.736    0.0074      Sc 2                8261.17A   -8.444    0.0014
nFnu                21.4199m   -7.322    0.0192      Fe 2                7803.89A   -7.477    0.0134      Sc 2                8271.28A   -8.330    0.0019
nFnu                21.1235m   -7.312    0.0196      Fe 2                7665.28A   -6.729    0.0750      Sc 2                8326.62A   -8.584    0.0010
nFnu                19.6199m   -7.269    0.0216      Fe 2                5006.63A   -6.877    0.0535      Sc 2                8347.28A   -8.149    0.0029
nFnu                17.6534m   -7.209    0.0249      Fe 2                4772.06A   -7.690    0.0082      Sc 2                8384.33A   -8.461    0.0014
nFnu                17.3700m   -7.199    0.0255      Fe 2                4639.67A   -7.373    0.0170      Sc 2                1.07804m   -8.527    0.0012
nFnu                15.6901m   -7.137    0.0293      Fe 2                4528.39A   -6.984    0.0417      Sc 2                2.03194m   -8.065    0.0035
nFnu                14.6036m   -7.095    0.0324      Fe 2                4509.61A   -7.332    0.0187      Sc 2                2.04712m   -8.412    0.0016
nFnu                12.4300m   -6.993    0.0408      Fe 2                4452.10A   -5.355    1.7761      Sc 2                2.07591m   -8.057    0.0035
nFnu                11.4000m   -6.939    0.0463      Fe 2                3277.55A   -7.490    0.0130      Sc 2                2.07842m   -7.891    0.0052
nFnu                10.4600m   -6.882    0.0527      Fe 2                3277.12A   -8.394    0.0016      Sc 2                2.08152m   -8.159    0.0028
nFnu                9.48002m   -6.819    0.0611      Fe 2                3275.02A   -7.566    0.0109      Sc 2                2.11129m   -8.333    0.0019
nFnu                9.32488m   -6.807    0.0627      Fe 2                2631.05A   -6.302    0.2007      Sc 2                2.12445m   -8.331    0.0019
nFnu                8.21035m   -6.720    0.0766      Fe 2                2620.41A   -8.159    0.0028      Si 1                2519.20A   -8.103    0.0032
nFnu                7.58000m   -6.664    0.0872      Fe 2                2613.82A   -7.082    0.0333      Si 1                2528.51A   -7.881    0.0053
nFnu                7.05026m   -6.610    0.0987      Fe 2                2410.52A   -6.960    0.0441      Si 1                68.4548m   -7.391    0.0164
nFnu                4.11370m   -6.173    0.2702      Fe 2                2406.66A   -7.221    0.0242      Si 1                129.641m   -7.461    0.0139
nFnu                2.32440m   -5.618    0.9687      Fe 2                2404.43A   -8.012    0.0039      Si 2                34.8046m   -2.464 1383.3533
nFnu                1.64313m   -5.252    2.2514      Fe 2                2359.11A   -7.017    0.0387      Si 2                2334.41A   -5.616    0.9742
nFnu                1.48022m   -5.137    2.9347      Fe 2                2338.01A   -7.094    0.0324      Si 2                2328.52A   -6.217    0.2439
nFnu                1.43649m   -5.102    3.1802      Fe 2                4.67067m   -7.478    0.0134      Si 2                1808.01A   -5.738    0.7357
nFnu                1.11867m   -4.823    6.0519      Fe 2                1.29777m   -6.789    0.0654      Si 2                1526.71A   -8.201    0.0025
nFnu                8329.68A   -4.506   12.5439      Fe 2                1.27034m   -6.661    0.0878      Si 2                1260.42A   -7.621    0.0096
nFnu                8078.61A   -4.474   13.5070      Fe 2                7999.47A   -8.483    0.0013      Si 2                2350.17A   -5.462    1.3888
nFnu                6209.66A   -4.206   25.0409      Fe 2                7874.24A   -6.831    0.0594      Si 2                2344.20A   -5.068    3.4375
nFnu                4885.36A   -3.970   43.0886      Fe 2                7733.14A   -7.377    0.0169      Si 2                2334.60A   -5.172    2.7043
nFnu                3704.34A   -3.706   79.2233      Fe 2                4798.28A   -7.240    0.0232      Si 2                1817.45A   -5.482    1.3266
nFnu                3587.67A   -3.676   84.7287      Fe 2                4664.45A   -7.887    0.0052      Si 2                1816.93A   -5.212    2.4706
nFnu                2430.05A   -3.324  190.7863      Fe 2                4533.01A   -7.879    0.0053      Si 2                1533.43A   -6.015    0.3884
nFnu                2392.03A   -3.310  197.1062      Fe 2                4474.90A   -5.667    0.8652      Si 2                1309.28A   -6.789    0.0654
nFnu                2071.34A   -3.191  258.9441      Fe 2                3289.89A   -7.876    0.0054      Si 2                1265.00A   -6.594    0.1024
nFnu                2052.68A   -3.183  263.6707      Fe 2                3289.46A   -7.655    0.0089      Si 2                1264.74A   -7.003    0.0400
nFnu                1793.44A   -3.087  329.4662      Fe 2                2628.29A   -6.780    0.0668      Si 2                1197.39A   -6.917    0.0486
nFnu                1585.12A   -3.021  382.9182      Fe 2                2621.67A   -7.661    0.0088      Si 2                1194.50A   -7.189    0.0260
nFnu                1458.33A   -3.015  388.6105      Fe 2                2413.31A   -7.479    0.0133      Si 2                3862.60A   -8.202    0.0025
nFnu                1356.96A   -3.055  354.2856      Fe 2                2411.07A   -7.485    0.0132      Si 2                3856.02A   -8.173    0.0027
nFnu                1297.29A   -3.168  273.3682      Fe 2                2344.28A   -7.199    0.0254      Si 2                6371.37A   -8.119    0.0031
nFnu                1262.79A   -3.346  181.3253      Fe 2                17.9311m   -4.618    9.6855      Si 2                6347.11A   -8.040    0.0037
nFnu                1218.08A   -7.512    0.0124      Fe 2                1.64355m   -3.724   75.9114      Zn 2                2062.00A   -7.692    0.0082
nFnu                1196.33A   -6.968    0.0433      Fe 2                1.53348m   -4.849    5.6936      Zn 2                2025.48A   -7.456    0.0141
nFnu                1175.06A   -6.919    0.0484      Fe 2                8616.95A   -5.113    3.1031      Al 2                2669.15A   -5.250    2.2620
nFnu                1143.64A   -7.041    0.0366      Fe 2                7155.17A   -5.241    2.3116      Al 2                2660.35A   -5.076    3.3748
nFnu                1113.22A   -7.154    0.0282      Fe 2                6896.17A   -6.693    0.0816      Al 2                1670.79A   -5.745    0.7244
nFnu                1103.23A   -7.182    0.0264      Fe 2                5413.37A   -7.150    0.0285      Al 2                3900.67A   -8.486    0.0013
nFnu                1073.86A   -7.894    0.0051      Fe 2                5280.27A   -7.687    0.0083      Ca 2                7323.89A   -4.017   38.6508
nFnu                1064.34A   -7.936    0.0047      Fe 2                5273.36A   -5.240    2.3145      Ca 2                7291.47A   -3.850   56.7837
nFnu                1035.92A   -8.047    0.0036      Fe 2                5158.79A   -4.629    9.4526      Ca 2                3968.47A   -6.300    0.2018
nFnu                1000.00A   -8.205    0.0025      Fe 2                5111.64A   -5.536    1.1711      Ca 2                8662.14A   -4.744    7.2472
nFnu                925.144A   -8.197    0.0026      Fe 2                5072.41A   -5.281    2.1040      Ca 2                3933.66A   -6.250    0.2260
RRC............................................      Fe 2                5039.10A   -6.716    0.0774      Ca 2                8498.02A   -5.438    1.4668
H  1                911.753A   -6.323    0.1910      Fe 2                4814.54A   -5.585    1.0449      Ca 2                8542.09A   -4.491   12.9773
H  1                3645.98A   -7.387    0.0165      Fe 2                4774.73A   -6.025    0.3793      Ca 2                3706.02A   -7.113    0.0310
H  1                3645.98A   -7.041    0.0366      Fe 2                4745.49A   -7.077    0.0337      Ca 2                3736.90A   -6.816    0.0614
H  1                8203.57A   -8.122    0.0030      Fe 2                4661.78A   -8.175    0.0027      Ca 2                3158.87A   -7.135    0.0295
H  1                8203.57A   -7.728    0.0075      Fe 2                4243.97A   -4.955    4.4585      Ca 2                3181.27A   -7.841    0.0058
H  1                8203.57A   -7.831    0.0059      Fe 2                4177.20A   -6.045    0.3625      Ca 2                3179.33A   -6.886    0.0523
H  1                1.45842m   -8.208    0.0025      Fe 2                4146.65A   -7.621    0.0096      Ca 2                1.19497m   -8.541    0.0012
H  1                1.45842m   -8.204    0.0025      Fe 2                4114.48A   -7.958    0.0044      Ca 2                1.18390m   -8.245    0.0023
H  1                1.45842m   -8.545    0.0011      Fe 2                3929.35A   -8.210    0.0025      Ca 2                1838.01A   -8.073    0.0034
H  1                2.27878m   -8.565    0.0011      Fe 2                3387.09A   -6.461    0.1393      Ca 2                1840.03A   -7.917    0.0049
H  1                2.27878m   -8.529    0.0012      Fe 2                3376.20A   -5.663    0.8739      Ca 2                2112.76A   -8.545    0.0011
Al 1                2070.66A   -8.557    0.0011      Fe 2                2732.45A   -6.749    0.0717      Cl 2                14.3639m   -5.927    0.4755
Si 1                1520.96A   -7.557    0.0112      Fe 2                2493.30A   -4.347   18.0847      Cl 2                33.2721m   -7.008    0.0395
S  1                1196.76A   -8.065    0.0035      Fe 2                2484.20A   -7.835    0.0059      Cl 2                8578.70A   -5.615    0.9754
grains.........................................      Fe 2                2360.00A   -6.441    0.1456      Cl 2                9123.60A   -6.200    0.2538
H-like iso-sequence............................      Fe 2                2348.12A   -6.557    0.1116      Cl 2                3677.85A   -7.538    0.0117
Cool                1215.67A   -2.919  484.7261      Fe 2                2331.31A   -8.058    0.0035      Cl 2                6161.84A   -7.492    0.0130
Crst                960.000A   -3.099  320.4630      Fe 2                24.5126m   -5.318    1.9336      Mg 2                2802.71A   -3.774   67.6165
CION                      0    -5.160    2.7850      Fe 2                1.80940m   -4.325   19.0359      Mg 2                2795.53A   -3.478  133.7973
Dest                1215.67A   -8.458    0.0014      Fe 2                1.67688m   -5.274    2.1380      Mg 2                2936.52A   -6.705    0.0793
Ca B                1215.67A   -5.961    0.4400      Fe 2                1.59948m   -5.182    2.6463      Mg 2                2928.64A   -7.007    0.0396
CaBo                4861.32A   -7.495    0.0129      Fe 2                9051.95A   -4.954    4.4708      Mg 2                2797.93A   -7.445    0.0144
Ca A                1215.67A   -6.152    0.2836      Fe 2                8891.93A   -5.379    1.6817      Mg 2                2790.77A   -6.743    0.0727
Ca A                1025.72A   -6.798    0.0640      Fe 2                7452.56A   -5.733    0.7446      Mg 2                2798.00A   -6.490    0.1302
Ca A                972.537A   -7.209    0.0249      Fe 2                7172.00A   -5.649    0.9036      Mg 2                9244.22A   -8.561    0.0011
Ca A                949.743A   -7.513    0.0124      Fe 2                6275.53A   -7.606    0.0100      Mg 2                9218.22A   -8.266    0.0022
Ca A                937.803A   -7.755    0.0071      Fe 2                5527.36A   -6.222    0.2414      N  2                205.283m   -7.786    0.0066
Ca A                930.748A   -7.957    0.0044      Fe 2                5440.48A   -7.980    0.0042      N  2                121.769m   -7.999    0.0040
Ca A                926.226A   -8.131    0.0030      Fe 2                5433.15A   -5.754    0.7089      N  2                6548.05A   -7.154    0.0282
Ca A                923.150A   -8.284    0.0021      Fe 2                5261.63A   -5.009    3.9382      N  2                6583.45A   -6.685    0.0831
Ca A                920.963A   -8.420    0.0015      Fe 2                5220.08A   -6.285    0.2089      N  2                5754.59A   -8.533    0.0012
Ca A                919.351A   -8.543    0.0012      Fe 2                5184.80A   -6.180    0.2657      N  2                2142.77A   -8.538    0.0012
Ca A                6562.80A   -7.221    0.0242      Fe 2                5158.01A   -6.130    0.2985      Ni 2                1.19102m   -4.601   10.0700
Ca A                4861.32A   -7.671    0.0086      Fe 2                4947.39A   -5.529    1.1891      Ni 2                6.63416m   -5.228    2.3769
Ca A                4340.46A   -7.996    0.0041      Fe 2                4905.35A   -5.881    0.5296      Ni 2                1.07151m   -6.220    0.2425
Ca A                4101.73A   -8.250    0.0023      Fe 2                4874.50A   -5.923    0.4799      Ni 2                10.6793m   -5.857    0.5589
Ca A                3970.07A   -8.459    0.0014      Fe 2                4852.74A   -7.284    0.0209      Ni 2                1.27792m   -8.044    0.0036
Ca A                1.87510m   -8.013    0.0039      Fe 2                4346.86A   -5.583    1.0515      Ni 2                1.16130m   -6.737    0.0737
Ca A                1.28181m   -8.340    0.0018      Fe 2                4276.84A   -5.506    1.2531      Ni 2                12.7253m   -6.274    0.2141
Ca A                1.09381m   -8.600    0.0010      Fe 2                4244.82A   -6.318    0.1933      Ni 2                9882.95A   -7.486    0.0131
Ca B                6562.80A   -7.039    0.0368      Fe 2                4231.56A   -7.919    0.0049      Ni 2                1.09177m   -7.024    0.0380
Ca B                4861.32A   -7.496    0.0128      Fe 2                4211.11A   -7.892    0.0052      Ni 2                18.2355m   -6.991    0.0411
Ca B                4340.46A   -7.825    0.0060      Fe 2                3455.11A   -6.567    0.1090      Ni 2                9374.87A   -7.779    0.0067
Ca B                4101.73A   -8.083    0.0033      Fe 2                3452.31A   -6.256    0.2233      Ni 2                7377.83A   -5.386    1.6548
Ca B                3970.07A   -8.294    0.0020      Fe 2                3440.99A   -6.142    0.2903      Ni 2                8300.99A   -6.682    0.0837
Ca B                3889.05A   -8.475    0.0013      Fe 2                2774.73A   -7.988    0.0041      Ni 2                1.93877m   -6.094    0.3242
Ca B                1.87510m   -7.966    0.0043      Fe 2                2759.34A   -8.368    0.0017      Ni 2                2.36883m   -7.380    0.0168
Ca B                1.28181m   -8.283    0.0021      Fe 2                2485.07A   -8.189    0.0026      Ni 2                2.91064m   -7.049    0.0359
Ca B                1.09381m   -8.540    0.0012      Fe 2                2391.48A   -7.264    0.0219      Ni 2                6666.80A   -6.234    0.2345
Ca B                4.05115m   -8.592    0.0010      Fe 2                2379.28A   -7.909    0.0050      Ni 2                7411.61A   -6.016    0.3881
H  1                2431.34A   -3.136  293.8390      Fe 2                2362.02A   -6.751    0.0713      Ni 2                1.76458m   -8.161    0.0028
H  1                1215.67A   -2.902  504.3899      Fe 2                35.7675m   -6.118    0.3066      Ni 2                2.04866m   -7.739    0.0073
H  1                6562.80A   -4.842    5.7808      Fe 2                1.95361m   -5.236    2.3362      Ni 2                2.30794m   -7.195    0.0257
H  1                4861.32A   -5.604    1.0000      Fe 2                1.80002m   -5.290    2.0620      Ni 2                6.91767m   -7.494    0.0129
H  1                4340.46A   -5.985    0.4161      Fe 2                1.71113m   -5.860    0.5557      Ni 2                4326.24A   -6.181    0.2650
H  1                4101.73A   -7.665    0.0087      Fe 2                1.66377m   -5.479    1.3354      Ni 2                4628.05A   -6.603    0.1003
H  1                3970.07A   -7.952    0.0045      Fe 2                9399.04A   -5.376    1.6915      Ni 2                6794.20A   -7.659    0.0088
H  1                3889.05A   -8.183    0.0026      Fe 2                9226.63A   -5.322    1.9153      Ni 2                7255.82A   -6.536    0.1171
H  1                3835.38A   -8.376    0.0017      Fe 2                9033.49A   -6.398    0.1609      Ni 2                7694.56A   -7.607    0.0100
H  1                3797.90A   -8.541    0.0012      Fe 2                7388.17A   -5.769    0.6854      Ni 2                8033.54A   -7.771    0.0068
H  1                3770.63A   -8.292    0.0021      Fe 2                6440.41A   -6.721    0.0765      Ni 2                1.04597m   -7.020    0.0384
H  1                3750.15A   -8.406    0.0016      Fe 2                6229.28A   -7.871    0.0054      Ni 2                1.23230m   -7.047    0.0361
H  1                3734.37A   -8.509    0.0012      Fe 2                5654.87A   -7.182    0.0265      Ni 2                4201.17A   -6.364    0.1740
H  1                3721.94A   -8.602    0.0010      Fe 2                5556.31A   -6.423    0.1518      Ni 2                4485.21A   -6.817    0.0613
H  1                1.87510m   -6.376    0.1692      Fe 2                5412.67A   -6.951    0.0451      Ni 2                7307.65A   -6.712    0.0781
H  1                1.28181m   -6.689    0.0823      Fe 2                5333.66A   -5.296    2.0331      Ni 2                7612.72A   -7.040    0.0367
H  1                1.09381m   -8.051    0.0036      Fe 2                5296.84A   -6.579    0.1060      Ni 2                1.13597m   -7.723    0.0076
H  1                1.00494m   -8.357    0.0018      Fe 2                5268.89A   -6.300    0.2018      Ni 2                4285.31A   -7.572    0.0108
H  1                9545.97A   -8.600    0.0010      Fe 2                5107.96A   -7.235    0.0234      Ni 2                6791.48A   -7.287    0.0208
H  1                4.05115m   -7.245    0.0229      Fe 2                5049.30A   -5.703    0.7977      Ni 2                7054.20A   -7.191    0.0259
H  1                2.62515m   -8.230    0.0024      Fe 2                5005.52A   -5.757    0.7042      Ni 2                9.61508m   -8.481    0.0013
H  1                2.16553m   -8.579    0.0011      Fe 2                4973.40A   -6.024    0.3803      Ni 2                4033.04A   -6.631    0.0941
H  1                7.45782m   -8.269    0.0022      Fe 2                4950.76A   -6.370    0.1716      Ni 2                4294.09A   -6.750    0.0715
He-like iso-sequence...........................      Fe 2                4352.79A   -5.822    0.6056      Ni 2                6467.29A   -7.784    0.0066
Pho+                3889.00A   -8.280    0.0021      Fe 2                4319.62A   -6.088    0.3283      Ni 2                6813.57A   -6.772    0.0680
extra Lyman....................................      Fe 2                4305.90A   -6.891    0.0517      Ni 2                7078.04A   -7.321    0.0192
database lines.................................      Fe 2                4084.33A   -8.215    0.0025      Ni 2                1.02090m   -8.102    0.0032
CN                  2648.35m   -8.513    0.0012      Fe 2                3504.51A   -6.870    0.0543      Ni 2                3993.06A   -6.285    0.2088
CN                  2640.74m   -8.215    0.0025      Fe 2                3504.02A   -6.727    0.0755      Ni 2                4248.80A   -6.760    0.0699
CN                  1322.30m   -8.558    0.0011      Fe 2                3501.63A   -6.290    0.2062      Ni 2                6007.06A   -7.874    0.0054
CN                  1321.03m   -8.298    0.0020      Fe 2                3489.99A   -6.970    0.0431      Ni 2                6365.10A   -6.759    0.0701
CN                  881.421m   -8.549    0.0011      Fe 2                2385.01A   -7.573    0.0108      Ni 2                6700.24A   -8.152    0.0028
CN                  880.858m   -8.391    0.0016      Fe 2                2.06648m   -6.629    0.0944      Ni 2                6955.82A   -8.187    0.0026
CN                  661.044m   -8.468    0.0014      Fe 2                1.89541m   -6.026    0.3789      Ni 2                8703.87A   -7.214    0.0246
CN                  660.727m   -8.354    0.0018      Fe 2                1.79711m   -5.513    1.2347      Ni 2                9956.63A   -7.440    0.0146
CN                  528.842m   -8.567    0.0011      Fe 2                1.74494m   -5.801    0.6354      Ni 2                5.18504m   -8.220    0.0024
CN                  528.639m   -8.476    0.0013      Fe 2                9652.70A   -6.225    0.2396      Ni 2                3438.88A   -6.474    0.1351
CN                  440.721m   -8.590    0.0010      Fe 2                9470.94A   -5.713    0.7793      Ni 2                3626.89A   -6.781    0.0666
CN                  440.580m   -8.515    0.0012      Fe 2                9267.56A   -6.094    0.3237      Ni 2                3378.16A   -7.088    0.0329
HF                  243.178m   -8.097    0.0032      Fe 2                7544.00A   -8.408    0.0016      Ni 2                3559.41A   -7.067    0.0345
CO                  2600.05m   -8.465    0.0014      Fe 2                6558.51A   -6.935    0.0468      level 1 lines..................................
CO                  1300.05m   -7.042    0.0366      Fe 2                5745.71A   -7.553    0.0113      recombination..................................
CO                  866.727m   -6.526    0.1198      Fe 2                5643.98A   -7.396    0.0162      level2 lines...................................
CO                  650.074m   -6.319    0.1931      Fe 2                5495.84A   -7.227    0.0238      C  1                1247.50A   -7.433    0.0148
CO                  520.089m   -6.224    0.2401      Fe 2                5376.47A   -5.691    0.8202      C  1                1314.77A   -7.354    0.0178
CO                  433.438m   -6.169    0.2727      Fe 2                5347.66A   -6.805    0.0630      C  1                1233.29A   -7.961    0.0044
CO                  371.549m   -6.146    0.2876      Fe 2                5181.96A   -7.081    0.0334      C  1                1250.68A   -8.117    0.0031
CO                  325.137m   -6.133    0.2960      Fe 2                5076.57A   -6.361    0.1752      Mg 1                1817.31A   -8.338    0.0018
CO                  289.041m   -6.131    0.2972      Fe 2                5043.53A   -6.231    0.2364      Mg 1                1739.09A   -8.554    0.0011
CO                  260.169m   -6.137    0.2934      Fe 2                5020.25A   -6.347    0.1809      Mg 1                1699.05A   -8.569    0.0011
CO                  236.549m   -6.149    0.2852      Fe 2                4372.43A   -6.363    0.1745      Mg 1                1675.74A   -8.561    0.0011
CO                  216.868m   -6.170    0.2718      Fe 2                4358.37A   -6.574    0.1073      Mg 1                1660.94A   -8.575    0.0011
CO                  200.218m   -6.194    0.2571      Fe 2                4080.00A   -8.245    0.0023      Si 2                1179.59A   -7.834    0.0059
CO                  185.949m   -6.216    0.2445      Fe 2                3539.19A   -6.574    0.1072      S  1                1356.05A   -7.964    0.0044
CO                  173.584m   -6.240    0.2313      Fe 2                3538.69A   -6.868    0.0545      S  1                1392.25A   -8.376    0.0017
CO                  162.767m   -6.267    0.2175      Fe 2                3536.25A   -6.994    0.0408      S  1                1418.10A   -8.588    0.0010
CO                  153.225m   -6.296    0.2037      Fe 2                3524.38A   -8.302    0.0020      Ca 2                1360.06A   -8.584    0.0010
CO                  144.745m   -6.325    0.1901      Fe 2                22.8961m   -7.623    0.0096      Fe 1                2484.25A   -8.235    0.0023
CO                  137.159m   -6.357    0.1770      Fe 2                1.81139m   -7.902    0.0050      Fe 1                2526.51A   -8.471    0.0014
CO                  130.333m   -6.388    0.1646      Fe 2                7764.71A   -7.109    0.0313      Sc 2                3627.22A   -6.928    0.0475
CO                  124.160m   -6.425    0.1511      Fe 2                7336.73A   -7.398    0.0161      Sc 2                3575.45A   -7.050    0.0359
CO                  118.548m   -6.465    0.1379      Fe 2                7267.25A   -8.366    0.0017      Sc 2                3368.13A   -7.612    0.0098
CO                  113.427m   -6.506    0.1255      Fe 2                6809.24A   -7.376    0.0169      Ti 2                3364.74A   -5.354    1.7790
CO                  108.733m   -6.549    0.1137      Fe 2                6729.87A   -7.657    0.0089      Ti 2                3237.15A   -5.594    1.0244
CO                  104.416m   -6.592    0.1029      Fe 2                6671.93A   -8.220    0.0024      Ti 2                1904.17A   -7.464    0.0138
CO                  100.433m   -6.637    0.0928      Fe 2                5721.37A   -8.493    0.0013      Ti 2                1907.36A   -7.206    0.0250
CO                  96.7462m   -6.684    0.0832      Fe 2                5163.96A   -7.403    0.0159      V  2                2710.94A   -7.678    0.0084
CO                  93.3237m   -6.733    0.0745      Fe 2                4266.35A   -8.106    0.0032      V  2                2684.22A   -7.444    0.0145
CO                  90.1384m   -6.783    0.0663      Fe 2                4249.08A   -8.377    0.0017      V  2                2139.33A   -8.063    0.0035
CO                  87.1666m   -6.835    0.0588      Fe 2                4157.92A   -8.379    0.0017      Cr 1                4269.56A   -8.220    0.0024
CO                  84.3877m   -6.889    0.0520      Fe 2                3277.35A   -6.878    0.0533      Cr 1                3589.90A   -8.038    0.0037
CO                  81.7835m   -6.944    0.0458      Fe 2                3255.89A   -8.117    0.0031      Cr 2                2059.78A   -5.954    0.4475
CO                  79.3383m   -7.001    0.0401      Fe 2                2926.59A   -7.679    0.0084      Mn 2                1198.85A   -8.311    0.0020
CO                  77.0375m   -7.060    0.0350      Fe 2                2880.76A   -7.463    0.0139      Co 2                2060.90A   -7.418    0.0154
CO                  74.8697m   -7.120    0.0305      Fe 2                2755.74A   -5.802    0.6339      Co 2                2018.80A   -7.453    0.0142
CO                  72.8231m   -7.182    0.0265      Fe 2                2739.55A   -6.459    0.1399      Co 2                1949.74A   -7.531    0.0118
CO                  70.8878m   -7.245    0.0229      Fe 2                2716.70A   -6.687    0.0828      Co 2                1575.91A   -8.063    0.0035
CO                  69.0557m   -7.308    0.0198      Fe 2                34.6508m   -8.494    0.0013      Co 2                1470.18A   -8.141    0.0029
CO                  67.3181m   -7.372    0.0171      Fe 2                1.00287m   -7.096    0.0323      Ni 2                1751.83A   -6.989    0.0413
CO                  65.6684m   -7.438    0.0147      Fe 2                8245.16A   -8.594    0.0010      Ni 2                1744.24A   -6.795    0.0645
CO                  64.0998m   -7.504    0.0126      Fe 2                8037.28A   -7.626    0.0095      Ni 2                1484.97A   -8.131    0.0030
CO                  62.6072m   -7.570    0.0108      Fe 2                7579.61A   -8.117    0.0031      Ni 2                1472.74A   -7.813    0.0062
CO                  61.1843m   -7.637    0.0093      Fe 2                7017.95A   -8.036    0.0037      Ni 2                1400.37A   -8.127    0.0030
CO                  59.8271m   -7.705    0.0079      Fe 2                6933.67A   -8.402    0.0016      Ni 2                1375.73A   -7.776    0.0067
CO                  58.5311m   -7.773    0.0068      Fe 2                6872.19A   -7.567    0.0109      Ni 2                1324.11A   -7.882    0.0053
CO                  57.2920m   -7.842    0.0058      Fe 2                6829.03A   -8.602    0.0010      hyperfine structure............................
CO                  56.1066m   -7.912    0.0049      Fe 2                5746.98A   -7.453    0.0142      inner shell....................................
CO                  54.9712m   -7.982    0.0042      Fe 2                5283.12A   -8.011    0.0039      molecules......................................
CO                  53.8829m   -8.054    0.0036      Fe 2                5199.18A   -8.226    0.0024      H2 l                2.00000m   -3.433  148.2775
CO                  52.8388m   -8.125    0.0030      Fe 2                4351.81A   -8.376    0.0017      H2 v                      0    -5.062    3.4889
CO                  51.8365m   -8.197    0.0026      Fe 2                4347.36A   -7.745    0.0072      H-FB                      0    -5.529    1.1905
CO                  50.8731m   -8.270    0.0022      Fe 2                4329.43A   -7.092    0.0326      H-FF                      0    -5.764    0.6933
CO                  49.9472m   -8.342    0.0018      Fe 2                2953.77A   -8.469    0.0014      H-CT                6562.80A   -6.538    0.1165
CO                  49.0559m   -8.417    0.0015      Fe 2                2772.73A   -6.520    0.1216      H- H                      0    -6.450    0.1429
CO                  48.1977m   -8.493    0.0013      Fe 2                2749.32A   -6.652    0.0896      H2+                       0    -5.930    0.4727
CO                  47.3709m   -8.569    0.0011      Fe 2                9795.19A   -7.874    0.0054      bands..........................................
^13CO               906.599m   -8.056    0.0035      Fe 2                8228.13A   -7.789    0.0065      Fe 2b               2500.00A   -3.788   65.4891
^13CO               679.978m   -7.830    0.0059      Fe 2                7613.14A   -8.197    0.0026      Fe 2b               5000.00A   -3.843   57.7270
^13CO               544.012m   -7.728    0.0075      Fe 2                7011.24A   -8.603    0.0010      Fe 2b               7000.00A   -4.785    6.5929
^13CO               453.374m   -7.670    0.0086      Fe 2                6966.33A   -7.960    0.0044      Fe 2b               10000.0A   -3.466  137.6077
^13CO               388.637m   -7.645    0.0091      Fe 2                5477.25A   -7.958    0.0044      Fe 2b               2355.00A   -4.605    9.9814
^13CO               340.088m   -7.632    0.0094      Fe 2                5278.38A   -8.425    0.0015      Fe 2b               2430.00A   -3.796   64.3188
^13CO               302.332m   -7.630    0.0094      Fe 2                4402.59A   -8.211    0.0025      Fe 2b               2445.00A   -3.796   64.3188
^13CO               272.130m   -7.635    0.0093      Fe 2                4384.21A   -8.143    0.0029      Fe 2b               2495.00A   -4.347   18.0943
^13CO               247.423m   -7.647    0.0091      Fe 2                1.05081m   -8.354    0.0018      Fe 2b               2610.00A   -4.045   36.2387
^13CO               226.836m   -7.668    0.0086      Fe 2                7710.80A   -8.508    0.0012      Fe 2b               2695.00A   -6.686    0.0828
^13CO               209.419m   -7.693    0.0082      Fe 2                7048.01A   -8.174    0.0027      Fe 2b               2758.00A   -5.578    1.0626
^13CO               194.493m   -7.716    0.0077      Fe 2                5901.28A   -8.403    0.0016      Fe 2b               2780.00A   -5.540    1.1596
^13CO               181.558m   -7.741    0.0073      Fe 2                5527.62A   -8.515    0.0012      Fe 2b               2935.00A   -7.216    0.0244
^13CO               170.243m   -7.769    0.0068      Fe 2                2.04602m   -7.040    0.0366      Fe 2b               2960.00A   -7.579    0.0106
^13CO               160.261m   -7.799    0.0064      Fe 2                1.41956m   -7.595    0.0102      Fe 2b               3180.00A   -6.197    0.2555
^13CO               151.390m   -7.830    0.0060      Fe 2                1.35904m   -8.401    0.0016      Fe 2b               3250.00A   -5.501    1.2688
^13CO               143.454m   -7.862    0.0055      Fe 2                1.23314m   -7.390    0.0164      Fe 2b               3590.00A   -5.522    1.2085
^13CO               136.314m   -7.896    0.0051      Fe 2                1.09108m   -7.312    0.0196      Fe 2b               3910.00A   -7.570    0.0108
^13CO               129.855m   -7.935    0.0047      Fe 2                1.07084m   -7.751    0.0071      Fe 2b               4060.00A   -8.229    0.0024
^13CO               123.985m   -7.977    0.0042      Fe 2                1.05625m   -8.201    0.0025      Fe 2b               4255.00A   -4.276   21.2876
^13CO               118.627m   -8.021    0.0038      Fe 2                1.01565m   -8.003    0.0040      Fe 2b               4558.00A   -5.007    3.9624
^13CO               113.717m   -8.067    0.0035      Fe 2                8119.18A   -8.479    0.0013      Fe 2b               4600.00A   -4.977    4.2429
^13CO               109.201m   -8.115    0.0031      Fe 2                5588.16A   -7.306    0.0199      Fe 2b               4743.00A   -5.726    0.7567
^13CO               105.034m   -8.165    0.0027      Fe 2                5586.91A   -8.168    0.0027      Fe 2b               4855.00A   -5.147    2.8706
^13CO               101.176m   -8.219    0.0024      Fe 2                5580.82A   -6.738    0.0736      Fe 2b               4920.00A   -4.632    9.3844
^13CO               97.5955m   -8.275    0.0021      Fe 2                5551.32A   -6.456    0.1409      Fe 2b               4975.00A   -5.162    2.7711
^13CO               94.2629m   -8.334    0.0019      Fe 2                3227.74A   -8.075    0.0034      Fe 2b               4971.00A   -5.205    2.5104
^13CO               91.1537m   -8.398    0.0016      Fe 2                3196.07A   -7.689    0.0082      Fe 2b               5070.00A   -5.084    3.3180
^13CO               88.2461m   -8.465    0.0014      Fe 2                2.13278m   -7.296    0.0204      Fe 2b               5143.00A   -4.550   11.3352
^13CO               85.5213m   -8.537    0.0012      Fe 2                1.46079m   -8.142    0.0029      Fe 2b               5270.00A   -4.265   21.8271
C  1                1560.31A   -7.241    0.0231      Fe 2                1.39678m   -8.203    0.0025      Fe 2b               5318.00A   -4.584   10.4914
C  1                1560.68A   -7.217    0.0244      Fe 2                1.30943m   -8.223    0.0024      Fe 2b               5540.00A   -5.731    0.7475
C  1                1560.71A   -7.475    0.0135      Fe 2                1.24364m   -8.408    0.0016      Fe 2b               5865.00A   -6.330    0.1881
C  1                1561.34A   -6.813    0.0619      Fe 2                1.09413m   -7.510    0.0124      Fe 2b               6265.00A   -7.142    0.0290
C  1                1561.37A   -7.368    0.0173      Fe 2                1.07890m   -7.606    0.0100      Fe 2b               6565.00A   -6.486    0.1313
C  1                1561.44A   -6.732    0.0745      Fe 2                1.06830m   -8.364    0.0017      Fe 2b               6910.00A   -6.426    0.1509
C  1                1656.27A   -6.521    0.1211      Fe 2                1.03658m   -8.375    0.0017      Fe 2b               7445.00A   -4.807    6.2764
C  1                1656.93A   -7.011    0.0392      Fe 2                5650.95A   -7.285    0.0209      Fe 2b               8625.00A   -4.475   13.4833
C  1                1657.01A   -6.202    0.2528      Fe 2                5649.67A   -7.259    0.0222      Fe 2b               1.03250m   -5.532    1.1808
C  1                1657.38A   -7.082    0.0333      Fe 2                5643.44A   -8.396    0.0016      Fe 2b               1.88900m   -4.181   26.5057
C  1                1657.91A   -6.542    0.1154      Fe 2                5613.27A   -6.671    0.0857      Fe 2b               2.20000m   -6.265    0.2187
C  1                1658.12A   -6.823    0.0605      Fe 2                2.24366m   -7.634    0.0093      miscellaneous..................................
C  1                1930.90A   -8.221    0.0024      Fe 2                2.00672m   -6.980    0.0422      Blnd                8446.00A   -8.325    0.0019
C  1                1992.01A   -7.840    0.0058      Fe 2                1.10657m   -7.853    0.0056      Blnd                1304.00A   -6.721    0.0764
C  1                1993.62A   -6.584    0.1047      Fe 2                1.09542m   -7.957    0.0044      Blnd                2798.00A   -3.300  201.4138
C  1                2582.90A   -7.849    0.0057      Fe 2                5725.92A   -7.556    0.0112      Blnd                6720.00A   -3.954   44.7209
C  1                8727.13A   -8.273    0.0021      Fe 2                5718.22A   -7.006    0.0397      Blnd                4074.00A   -5.278    2.1188
C  1                9824.13A   -3.829   59.6010      Fe 2                2.22379m   -6.389    0.1644      Blnd                1.03300m   -5.387    1.6491
C  1                9850.26A   -3.354  178.0591      Fe 2                2.01513m   -6.709    0.0785      Blnd                1256.00A   -7.321    0.0192
C  1                370.269m   -3.882   52.8300      Fe 2                9682.08A   -7.219    0.0243      Blnd                5892.00A   -6.771    0.0682
C  1                609.590m   -4.566   10.9290      Fe 2                9513.85A   -8.026    0.0038      Blnd                2665.00A   -4.853    5.6369
C  2                1334.53A   -8.482    0.0013      Fe 2                8715.81A   -7.851    0.0057      Blnd                2335.00A   -4.663    8.7487
C  2                1335.66A   -8.039    0.0037      Fe 2                6873.84A   -7.516    0.0123      Blnd                8579.00A   -4.268   21.6914
C  2                1335.71A   -8.091    0.0033      Fe 2                6700.65A   -8.488    0.0013      Blnd                7306.00A   -3.625   95.4344
C  2                2323.50A   -7.879    0.0053      Fe 2                6188.55A   -7.694    0.0081      Blnd                3933.00A   -5.973    0.4278
C  2                2324.69A   -7.579    0.0106      Fe 2                5870.02A   -7.949    0.0045      Blnd                1657.00A   -5.811    0.6223
C  2                2325.40A   -7.044    0.0364      Fe 2                5673.20A   -7.982    0.0042      Blnd                9850.00A   -3.229  237.6601
C  2                2326.93A   -7.096    0.0322      Fe 2                4898.61A   -7.719    0.0077      Blnd                2326.00A   -6.620    0.0965
C  2                2328.12A   -7.526    0.0120      Fe 2                2.25348m   -7.227    0.0239      Blnd                1335.00A   -7.687    0.0083
C  2                157.636m   -5.212    2.4670      Fe 2                1.02005m   -8.434    0.0015      Blnd                3467.00A   -6.152    0.2831
Ca 1                4226.73A   -6.815    0.0617      Fe 2                1.00139m   -7.878    0.0053      Blnd                5199.00A   -3.907   49.8117
Ca 1                6439.08A   -7.735    0.0074      Fe 2                9133.66A   -8.600    0.0010      Blnd                1.04030m   -5.396    1.6160
Ca 1                6462.57A   -8.025    0.0038      Fe 2                8885.67A   -8.326    0.0019      Blnd                2141.00A   -8.390    0.0016
Ca 1                6493.78A   -8.260    0.0022      Fe 2                7131.14A   -8.491    0.0013      Blnd                6300.00A   -3.626   95.2304
Cl 1                11.3303m   -7.046    0.0362      Fe 2                6944.91A   -8.060    0.0035      Blnd                2471.00A   -8.277    0.0021
Co 2                9335.96A   -7.741    0.0073      Fe 2                6473.88A   -8.096    0.0032      Blnd                7323.00A   -8.445    0.0014
Co 2                9639.13A   -8.178    0.0027      Fe 2                6044.10A   -8.528    0.0012      Blnd                7332.00A   -8.526    0.0012
Co 2                10.5199m   -6.575    0.1071      Fe 2                5835.45A   -8.197    0.0026      Blnd                3727.00A   -6.366    0.1733
Co 2                15.4548m   -7.460    0.0139      Fe 2                5060.09A   -8.278    0.0021      Blnd                7325.00A   -8.183    0.0026
Co 2                2.98382m   -6.062    0.3491      Fe 2                4576.40A   -8.531    0.0012      N 1C                5199.00A   -7.909    0.0050
Co 2                14.7345m   -7.103    0.0317      Fe 2                1.34608m   -8.576    0.0011      N 1T                5199.00A   -7.990    0.0041
Co 2                18.7989m   -7.624    0.0096      Fe 2                1.11648m   -8.391    0.0016

                                                    Emergent line intensities
 Caution: emergent intensities are not reliable on the first iteration.
general properties.............................      Fe 2                1.40951m   -8.263    0.0022      N  1                1134.98A   -8.558    0.0011
continua.......................................      Fe 2                1.32777m   -6.402    0.1596      N  1                1199.55A   -7.766    0.0069
FIR                 83.0000m   -2.226 2392.2991      Fe 2                1.27877m   -6.459    0.1400      N  1                1200.22A   -7.938    0.0046
TIR                 1800.00m   -4.541   11.5713      Fe 2                1.25214m   -7.499    0.0128      N  1                1200.71A   -8.241    0.0023
NIRa                2.85000m   -2.288 2074.4900      Fe 2                7926.88A   -7.736    0.0074      N  1                3466.50A   -6.236    0.2336
NIRb                3.00000m   -3.441  145.7066      Fe 2                7803.89A   -7.477    0.0134      N  1                3466.54A   -6.909    0.0496
MIRa                15.0000m   -3.536  117.0970      Fe 2                7665.28A   -6.730    0.0750      N  1                5197.90A   -4.305   19.9187
MIRb                22.5000m   -2.416 1542.9913      Fe 2                5006.63A   -6.877    0.0535      N  1                5200.26A   -4.129   29.8914
NMIR                21.7500m   -2.288 2074.4900      Fe 2                4772.06A   -7.690    0.0082      N  1                1.03977m   -5.741    0.7309
TFIR                611.250m   -3.180  265.8305      Fe 2                4639.67A   -7.374    0.0170      N  1                1.03982m   -6.264    0.2193
TALL                10000.0A   -1.840 5817.5312      Fe 2                4528.39A   -6.985    0.0417      N  1                1.04072m   -6.089    0.3280
F12                 12.0000m   -5.442    1.4561      Fe 2                4509.61A   -7.332    0.0187      N  1                1.04076m   -6.076    0.3375
F25                 25.0000m   -4.053   35.6485      Fe 2                4452.10A   -5.355    1.7762      Na 1                5889.95A   -7.072    0.0341
F60                 60.0000m   -2.275 2136.6289      Fe 2                3277.55A   -7.490    0.0130      Na 1                5895.92A   -7.072    0.0341
F100                100.000m   -5.487    1.3122      Fe 2                3277.12A   -8.394    0.0016      Ni 1                7.50454m   -7.157    0.0280
MIPS                24.0000m   -4.053   35.6432      Fe 2                3275.02A   -7.566    0.0109      O  1                1304.86A   -6.867    0.0547
MIPS                70.0000m   -2.276 2133.3362      Fe 2                2631.05A   -6.302    0.2008      O  1                1306.03A   -7.298    0.0203
MIPS                160.000m   -3.307  198.3668      Fe 2                2620.41A   -8.159    0.0028      O  1                1355.60A   -6.934    0.0468
IRAC                3.60000m   -6.662    0.0876      Fe 2                2613.82A   -7.082    0.0333      O  1                1358.51A   -7.321    0.0192
IRAC                4.50000m   -5.343    1.8282      Fe 2                2410.52A   -6.960    0.0441      O  1                2972.29A   -6.389    0.1642
IRAC                5.80000m   -3.630   94.4020      Fe 2                2406.66A   -7.222    0.0242      O  1                5577.34A   -5.440    1.4622
IRAC                8.00000m   -4.637    9.2807      Fe 2                2404.43A   -8.012    0.0039      O  1                6300.30A   -3.746   72.1579
SPR1                250.000m   -5.659    0.8831      Fe 2                2359.11A   -7.017    0.0387      O  1                6363.78A   -4.242   23.0511
SPR2                350.000m   -3.877   53.4164      Fe 2                2338.01A   -7.094    0.0324      O  1                6391.73A   -7.570    0.0108
SPR3                500.000m   -5.876    0.5355      Fe 2                4.67067m   -7.478    0.0134      O  1                44.0453m   -7.912    0.0049
PAC1                70.0000m   -2.275 2134.1677      Fe 2                1.29777m   -6.789    0.0654      O  1                63.1679m   -2.276 2132.4331
PAC2                100.000m   -5.486    1.3158      Fe 2                1.27034m   -6.661    0.0878      O  1                145.495m   -3.315  194.7498
PAC3                160.000m   -3.306  198.9671      Fe 2                7999.47A   -8.483    0.0013      O  2                2470.34A   -8.380    0.0017
PAH                 3.30000m   -7.468    0.0137      Fe 2                7874.24A   -6.831    0.0594      O  2                7319.99A   -8.574    0.0011
PAHC                3.23000m   -7.747    0.0072      Fe 2                7733.14A   -7.377    0.0169      O  2                3728.81A   -6.588    0.1040
PAHC                3.37000m   -7.740    0.0073      Fe 2                4798.28A   -7.240    0.0232      O  2                3726.03A   -6.764    0.0694
PAH                 6.20000m   -7.514    0.0123      Fe 2                4664.45A   -7.888    0.0052      P  2                60.6263m   -5.705    0.7946
PAHC                5.65000m   -6.426    0.1509      Fe 2                4533.01A   -7.880    0.0053      P  2                1532.53A   -8.343    0.0018
PAH                 7.90000m   -6.991    0.0411      Fe 2                4474.90A   -5.668    0.8652      P  2                32.8620m   -5.806    0.6290
PAHC                6.90000m   -4.639    9.2343      Fe 2                3289.89A   -7.876    0.0054      P  2                1.14682m   -5.723    0.7607
PAH                 11.3000m   -7.016    0.0388      Fe 2                3289.46A   -7.655    0.0089      P  2                4669.25A   -7.389    0.0164
PAHC                10.9000m   -6.518    0.1222      Fe 2                2628.29A   -6.780    0.0668      P  2                2195.57A   -7.667    0.0087
PAH                 11.8000m   -8.200    0.0025      Fe 2                2621.67A   -7.661    0.0088      P  2                1536.42A   -8.118    0.0031
PAHC                12.6500m   -6.267    0.2177      Fe 2                2413.31A   -7.479    0.0133      P  2                1535.92A   -8.102    0.0032
PAH                 13.3000m   -8.212    0.0025      Fe 2                2411.07A   -7.485    0.0132      P  2                1.18828m   -5.300    2.0164
PAHC                14.1000m   -5.926    0.4773      Fe 2                2344.28A   -7.199    0.0254      P  2                2210.34A   -7.214    0.0246
Bcon                3640.00A   -2.586 1043.5111      Fe 2                17.9311m   -4.618    9.6903      P  2                1542.30A   -8.390    0.0016
Pcon                5000.00A   -2.999  403.6569      Fe 2                1.64355m   -3.724   75.9494      P  2                7875.99A   -6.640    0.0922
O3bn                5007.00A   -4.865    5.4905      Fe 2                1.53348m   -4.849    5.6958      S  1                1483.04A   -8.266    0.0022
RRC............................................      Fe 2                8616.95A   -5.113    3.1025      S  1                1820.34A   -6.939    0.0463
grains.........................................      Fe 2                7155.17A   -5.241    2.3112      S  1                1826.24A   -7.423    0.0152
H-like iso-sequence............................      Fe 2                6896.17A   -6.693    0.0815      S  1                25.2421m   -4.888    5.2037
H  1                1215.67A   -2.906  499.4809      Fe 2                5413.37A   -7.150    0.0285      S  1                56.2957m   -5.848    0.5715
H  1                6562.80A   -4.843    5.7801      Fe 2                5280.27A   -7.687    0.0083      S  2                6730.82A   -4.343   18.2538
H  1                4861.32A   -5.605    1.0000      Fe 2                5273.36A   -5.240    2.3144      S  2                6716.44A   -4.182   26.4583
H  1                4340.46A   -5.985    0.4162      Fe 2                5158.79A   -4.629    9.4524      S  2                4076.35A   -5.891    0.5170
H  1                4101.73A   -7.666    0.0087      Fe 2                5111.64A   -5.536    1.1711      S  2                4068.60A   -5.400    1.6020
H  1                3970.07A   -7.953    0.0045      Fe 2                5072.41A   -5.282    2.1039      S  2                1.03364m   -6.030    0.3760
H  1                3889.05A   -8.183    0.0026      Fe 2                5039.10A   -6.716    0.0774      S  2                1.02867m   -6.026    0.3788
H  1                3835.38A   -8.376    0.0017      Fe 2                4814.54A   -5.586    1.0449      S  2                1.03705m   -6.351    0.1792
H  1                3797.90A   -8.541    0.0012      Fe 2                4774.73A   -6.026    0.3794      S  2                1.03205m   -5.893    0.5153
H  1                3770.63A   -8.292    0.0021      Fe 2                4745.49A   -7.077    0.0337      S  2                1259.52A   -7.678    0.0084
H  1                3750.15A   -8.406    0.0016      Fe 2                4661.78A   -8.175    0.0027      S  2                1253.81A   -7.753    0.0071
H  1                3734.37A   -8.509    0.0012      Fe 2                4243.97A   -4.955    4.4588      S  2                1250.58A   -8.065    0.0035
H  1                3721.94A   -8.602    0.0010      Fe 2                4177.20A   -6.045    0.3625      Sc 2                4246.82A   -8.158    0.0028
H  1                1.87510m   -6.376    0.1693      Fe 2                4146.65A   -7.621    0.0096      Sc 2                7043.49A   -7.930    0.0047
H  1                1.28181m   -6.689    0.0823      Fe 2                4114.48A   -7.958    0.0044      Sc 2                8261.17A   -8.444    0.0014
H  1                1.09381m   -8.051    0.0036      Fe 2                3929.35A   -8.210    0.0025      Sc 2                8271.28A   -8.330    0.0019
H  1                1.00494m   -8.357    0.0018      Fe 2                3387.09A   -6.461    0.1393      Sc 2                8326.62A   -8.584    0.0010
H  1                9545.97A   -8.600    0.0010      Fe 2                3376.20A   -5.663    0.8740      Sc 2                8347.28A   -8.149    0.0029
H  1                4.05115m   -7.245    0.0229      Fe 2                2732.45A   -6.749    0.0718      Sc 2                8384.33A   -8.461    0.0014
H  1                2.62515m   -8.230    0.0024      Fe 2                2493.30A   -4.347   18.0892      Sc 2                1.07804m   -8.528    0.0012
H  1                2.16553m   -8.579    0.0011      Fe 2                2484.20A   -7.835    0.0059      Sc 2                2.03194m   -8.065    0.0035
H  1                7.45782m   -8.269    0.0022      Fe 2                2360.00A   -6.442    0.1456      Sc 2                2.04712m   -8.412    0.0016
He-like iso-sequence...........................      Fe 2                2348.12A   -6.557    0.1117      Sc 2                2.07591m   -8.057    0.0035
extra Lyman....................................      Fe 2                2331.31A   -8.058    0.0035      Sc 2                2.07842m   -7.891    0.0052
database lines.................................      Fe 2                24.5126m   -5.318    1.9345      Sc 2                2.08152m   -8.159    0.0028
CN                  2648.35m   -8.513    0.0012      Fe 2                1.80940m   -4.325   19.0454      Sc 2                2.11129m   -8.333    0.0019
CN                  2640.74m   -8.215    0.0025      Fe 2                1.67688m   -5.274    2.1391      Sc 2                2.12445m   -8.331    0.0019
CN                  1322.30m   -8.558    0.0011      Fe 2                1.59948m   -5.182    2.6475      Si 1                2519.20A   -8.103    0.0032
CN                  1321.03m   -8.298    0.0020      Fe 2                9051.95A   -4.954    4.4700      Si 1                2528.51A   -7.881    0.0053
CN                  881.421m   -8.549    0.0011      Fe 2                8891.93A   -5.379    1.6813      Si 1                68.4548m   -7.391    0.0164
CN                  880.858m   -8.391    0.0016      Fe 2                7452.56A   -5.733    0.7445      Si 1                129.641m   -7.461    0.0139
CN                  661.044m   -8.468    0.0014      Fe 2                7172.00A   -5.649    0.9035      Si 2                34.8046m   -2.464 1384.0460
CN                  660.727m   -8.354    0.0018      Fe 2                6275.53A   -7.606    0.0100      Si 2                2334.41A   -5.616    0.9745
CN                  528.842m   -8.567    0.0011      Fe 2                5527.36A   -6.222    0.2413      Si 2                2328.52A   -6.217    0.2440
CN                  528.639m   -8.476    0.0013      Fe 2                5440.48A   -7.980    0.0042      Si 2                1808.01A   -5.738    0.7358
CN                  440.721m   -8.590    0.0010      Fe 2                5433.15A   -5.754    0.7088      Si 2                1526.71A   -8.203    0.0025
CN                  440.580m   -8.515    0.0012      Fe 2                5261.63A   -5.009    3.9380      Si 2                1260.42A   -7.626    0.0095
HF                  243.178m   -8.097    0.0032      Fe 2                5220.08A   -6.285    0.2089      Si 2                2350.17A   -5.462    1.3892
CO                  2600.05m   -8.465    0.0014      Fe 2                5184.80A   -6.180    0.2657      Si 2                2344.20A   -5.068    3.4384
CO                  1300.05m   -7.042    0.0366      Fe 2                5158.01A   -6.130    0.2985      Si 2                2334.60A   -5.173    2.7051
CO                  866.727m   -6.526    0.1198      Fe 2                4947.39A   -5.529    1.1891      Si 2                1817.45A   -5.482    1.3267
CO                  650.074m   -6.319    0.1932      Fe 2                4905.35A   -5.881    0.5295      Si 2                1816.93A   -5.212    2.4709
CO                  520.089m   -6.224    0.2402      Fe 2                4874.50A   -5.924    0.4799      Si 2                1533.43A   -6.017    0.3870
CO                  433.438m   -6.169    0.2729      Fe 2                4852.74A   -7.284    0.0209      Si 2                1309.28A   -6.794    0.0647
CO                  371.549m   -6.146    0.2877      Fe 2                4346.86A   -5.583    1.0515      Si 2                1265.00A   -6.599    0.1013
CO                  325.137m   -6.133    0.2962      Fe 2                4276.84A   -5.507    1.2532      Si 2                1264.74A   -7.007    0.0396
CO                  289.041m   -6.131    0.2973      Fe 2                4244.82A   -6.318    0.1933      Si 2                1197.39A   -7.022    0.0383
CO                  260.169m   -6.137    0.2936      Fe 2                4231.56A   -7.919    0.0049      Si 2                1194.50A   -7.290    0.0206
CO                  236.549m   -6.149    0.2853      Fe 2                4211.11A   -7.892    0.0052      Si 2                3862.60A   -8.202    0.0025
CO                  216.868m   -6.170    0.2720      Fe 2                3455.11A   -6.567    0.1090      Si 2                3856.02A   -8.174    0.0027
CO                  200.218m   -6.194    0.2572      Fe 2                3452.31A   -6.256    0.2233      Si 2                6371.37A   -8.119    0.0031
CO                  185.949m   -6.216    0.2446      Fe 2                3440.99A   -6.142    0.2903      Si 2                6347.11A   -8.040    0.0037
CO                  173.584m   -6.240    0.2314      Fe 2                2774.73A   -7.989    0.0041      Zn 2                2062.00A   -7.692    0.0082
CO                  162.767m   -6.267    0.2176      Fe 2                2759.34A   -8.368    0.0017      Zn 2                2025.48A   -7.456    0.0141
CO                  153.225m   -6.296    0.2038      Fe 2                2485.07A   -8.189    0.0026      Al 2                2669.15A   -5.250    2.2626
CO                  144.745m   -6.325    0.1902      Fe 2                2391.48A   -7.264    0.0219      Al 2                2660.35A   -5.076    3.3756
CO                  137.159m   -6.357    0.1771      Fe 2                2379.28A   -7.909    0.0050      Al 2                1670.79A   -5.745    0.7245
CO                  130.333m   -6.388    0.1647      Fe 2                2362.02A   -6.752    0.0713      Al 2                3900.67A   -8.486    0.0013
CO                  124.160m   -6.425    0.1512      Fe 2                35.7675m   -6.118    0.3067      Ca 2                7323.89A   -4.018   38.6443
CO                  118.548m   -6.465    0.1379      Fe 2                1.95361m   -5.236    2.3374      Ca 2                7291.47A   -3.851   56.7743
CO                  113.427m   -6.506    0.1256      Fe 2                1.80002m   -5.290    2.0631      Ca 2                3968.47A   -6.300    0.2018
CO                  108.733m   -6.549    0.1138      Fe 2                1.71113m   -5.860    0.5560      Ca 2                8662.14A   -4.745    7.2458
CO                  104.416m   -6.592    0.1030      Fe 2                1.66377m   -5.479    1.3361      Ca 2                3933.66A   -6.250    0.2261
CO                  100.433m   -6.637    0.0928      Fe 2                9399.04A   -5.377    1.6912      Ca 2                8498.02A   -5.438    1.4666
CO                  96.7462m   -6.684    0.0833      Fe 2                9226.63A   -5.323    1.9150      Ca 2                8542.09A   -4.492   12.9748
CO                  93.3237m   -6.733    0.0745      Fe 2                9033.49A   -6.398    0.1609      Ca 2                3706.02A   -7.113    0.0310
CO                  90.1384m   -6.783    0.0663      Fe 2                7388.17A   -5.769    0.6853      Ca 2                3736.90A   -6.817    0.0614
CO                  87.1666m   -6.835    0.0588      Fe 2                6440.41A   -6.721    0.0765      Ca 2                3158.87A   -7.135    0.0295
CO                  84.3877m   -6.889    0.0520      Fe 2                6229.28A   -7.871    0.0054      Ca 2                3181.27A   -7.841    0.0058
CO                  81.7835m   -6.944    0.0458      Fe 2                5654.87A   -7.182    0.0264      Ca 2                3179.33A   -6.886    0.0523
CO                  79.3383m   -7.001    0.0401      Fe 2                5556.31A   -6.423    0.1518      Ca 2                1.19497m   -8.541    0.0012
CO                  77.0375m   -7.060    0.0351      Fe 2                5412.67A   -6.951    0.0451      Ca 2                1.18390m   -8.246    0.0023
CO                  74.8697m   -7.120    0.0305      Fe 2                5333.66A   -5.297    2.0330      Ca 2                1838.01A   -8.073    0.0034
CO                  72.8231m   -7.182    0.0265      Fe 2                5296.84A   -6.580    0.1060      Ca 2                1840.03A   -7.917    0.0049
CO                  70.8878m   -7.245    0.0229      Fe 2                5268.89A   -6.300    0.2018      Ca 2                2112.76A   -8.545    0.0011
CO                  69.0557m   -7.308    0.0198      Fe 2                5107.96A   -7.235    0.0234      Cl 2                14.3639m   -5.927    0.4758
CO                  67.3181m   -7.372    0.0171      Fe 2                5049.30A   -5.703    0.7977      Cl 2                33.2721m   -7.008    0.0395
CO                  65.6684m   -7.438    0.0147      Fe 2                5005.52A   -5.757    0.7042      Cl 2                8578.70A   -5.616    0.9753
CO                  64.0998m   -7.504    0.0126      Fe 2                4973.40A   -6.025    0.3803      Cl 2                9123.60A   -6.200    0.2537
CO                  62.6072m   -7.570    0.0108      Fe 2                4950.76A   -6.370    0.1716      Cl 2                3677.85A   -7.538    0.0117
CO                  61.1843m   -7.637    0.0093      Fe 2                4352.79A   -5.822    0.6056      Cl 2                6161.84A   -7.492    0.0130
CO                  59.8271m   -7.705    0.0079      Fe 2                4319.62A   -6.088    0.3283      Mg 2                2802.71A   -3.775   67.6313
CO                  58.5311m   -7.773    0.0068      Fe 2                4305.90A   -6.891    0.0517      Mg 2                2795.53A   -3.478  133.8266
CO                  57.2920m   -7.842    0.0058      Fe 2                4084.33A   -8.215    0.0025      Mg 2                2936.52A   -6.705    0.0794
CO                  56.1066m   -7.912    0.0049      Fe 2                3504.51A   -6.870    0.0543      Mg 2                2928.64A   -7.007    0.0396
CO                  54.9712m   -7.982    0.0042      Fe 2                3504.02A   -6.727    0.0755      Mg 2                2797.93A   -7.445    0.0144
CO                  53.8829m   -8.054    0.0036      Fe 2                3501.63A   -6.290    0.2062      Mg 2                2790.77A   -6.743    0.0727
CO                  52.8388m   -8.125    0.0030      Fe 2                3489.99A   -6.970    0.0431      Mg 2                2798.00A   -6.490    0.1303
CO                  51.8365m   -8.197    0.0026      Fe 2                2385.01A   -7.573    0.0108      Mg 2                9244.22A   -8.561    0.0011
CO                  50.8731m   -8.270    0.0022      Fe 2                2.06648m   -6.629    0.0945      Mg 2                9218.22A   -8.266    0.0022
CO                  49.9472m   -8.342    0.0018      Fe 2                1.89541m   -6.026    0.3790      N  2                205.283m   -7.786    0.0066
CO                  49.0559m   -8.417    0.0015      Fe 2                1.79711m   -5.513    1.2353      N  2                121.769m   -7.999    0.0040
CO                  48.1977m   -8.493    0.0013      Fe 2                1.74494m   -5.801    0.6357      N  2                6548.05A   -7.155    0.0282
CO                  47.3709m   -8.569    0.0011      Fe 2                9652.70A   -6.225    0.2395      N  2                6583.45A   -6.685    0.0831
^13CO               1359.86m   -8.605    0.0010      Fe 2                9470.94A   -5.713    0.7792      N  2                5754.59A   -8.533    0.0012
^13CO               906.599m   -8.056    0.0035      Fe 2                9267.56A   -6.095    0.3236      N  2                2142.77A   -8.538    0.0012
^13CO               679.978m   -7.830    0.0059      Fe 2                7544.00A   -8.408    0.0016      Ni 2                1.19102m   -4.602   10.0698
^13CO               544.012m   -7.728    0.0075      Fe 2                6558.51A   -6.935    0.0468      Ni 2                6.63416m   -5.228    2.3780
^13CO               453.374m   -7.670    0.0086      Fe 2                5745.71A   -7.553    0.0113      Ni 2                1.07151m   -6.220    0.2425
^13CO               388.637m   -7.645    0.0091      Fe 2                5643.98A   -7.396    0.0162      Ni 2                10.6793m   -5.857    0.5592
^13CO               340.088m   -7.632    0.0094      Fe 2                5495.84A   -7.228    0.0238      Ni 2                1.27792m   -8.044    0.0036
^13CO               302.332m   -7.630    0.0094      Fe 2                5376.47A   -5.691    0.8202      Ni 2                1.16130m   -6.737    0.0737
^13CO               272.130m   -7.635    0.0093      Fe 2                5347.66A   -6.805    0.0630      Ni 2                12.7253m   -6.274    0.2142
^13CO               247.423m   -7.647    0.0091      Fe 2                5181.96A   -7.081    0.0334      Ni 2                9882.95A   -7.486    0.0131
^13CO               226.836m   -7.668    0.0086      Fe 2                5076.57A   -6.361    0.1752      Ni 2                1.09177m   -7.025    0.0380
^13CO               209.419m   -7.693    0.0082      Fe 2                5043.53A   -6.231    0.2364      Ni 2                18.2355m   -6.991    0.0411
^13CO               194.493m   -7.716    0.0077      Fe 2                5020.25A   -6.347    0.1809      Ni 2                9374.87A   -7.779    0.0067
^13CO               181.558m   -7.741    0.0073      Fe 2                4372.43A   -6.363    0.1745      Ni 2                7377.83A   -5.386    1.6545
^13CO               170.243m   -7.769    0.0068      Fe 2                4358.37A   -6.574    0.1073      Ni 2                8300.99A   -6.682    0.0837
^13CO               160.261m   -7.799    0.0064      Fe 2                4080.00A   -8.246    0.0023      Ni 2                1.93877m   -6.094    0.3244
^13CO               151.390m   -7.830    0.0060      Fe 2                3539.19A   -6.574    0.1072      Ni 2                2.36883m   -7.380    0.0168
^13CO               143.454m   -7.862    0.0055      Fe 2                3538.69A   -6.868    0.0545      Ni 2                2.91064m   -7.049    0.0359
^13CO               136.314m   -7.896    0.0051      Fe 2                3536.25A   -6.994    0.0408      Ni 2                6666.80A   -6.235    0.2344
^13CO               129.855m   -7.935    0.0047      Fe 2                3524.38A   -8.302    0.0020      Ni 2                7411.61A   -6.016    0.3880
^13CO               123.985m   -7.977    0.0042      Fe 2                22.8961m   -7.623    0.0096      Ni 2                1.76458m   -8.161    0.0028
^13CO               118.627m   -8.021    0.0038      Fe 2                1.81139m   -7.902    0.0050      Ni 2                2.04866m   -7.739    0.0073
^13CO               113.717m   -8.067    0.0035      Fe 2                7764.71A   -7.109    0.0313      Ni 2                2.30794m   -7.195    0.0257
^13CO               109.201m   -8.115    0.0031      Fe 2                7336.73A   -7.398    0.0161      Ni 2                6.91767m   -7.494    0.0129
^13CO               105.034m   -8.165    0.0028      Fe 2                7267.25A   -8.367    0.0017      Ni 2                4326.24A   -6.181    0.2650
^13CO               101.176m   -8.219    0.0024      Fe 2                6809.24A   -7.376    0.0169      Ni 2                4628.05A   -6.603    0.1003
^13CO               97.5955m   -8.275    0.0021      Fe 2                6729.87A   -7.657    0.0089      Ni 2                6794.20A   -7.660    0.0088
^13CO               94.2629m   -8.334    0.0019      Fe 2                6671.93A   -8.220    0.0024      Ni 2                7255.82A   -6.536    0.1171
^13CO               91.1537m   -8.398    0.0016      Fe 2                5721.37A   -8.494    0.0013      Ni 2                7694.56A   -7.607    0.0100
^13CO               88.2461m   -8.465    0.0014      Fe 2                5163.96A   -7.403    0.0159      Ni 2                8033.54A   -7.771    0.0068
^13CO               85.5213m   -8.537    0.0012      Fe 2                4266.35A   -8.106    0.0032      Ni 2                1.04597m   -7.020    0.0384
C  1                1560.31A   -7.243    0.0230      Fe 2                4249.08A   -8.377    0.0017      Ni 2                1.23230m   -7.047    0.0361
C  1                1560.68A   -7.219    0.0243      Fe 2                4157.92A   -8.379    0.0017      Ni 2                4201.17A   -6.364    0.1740
C  1                1560.71A   -7.477    0.0134      Fe 2                3277.35A   -6.878    0.0533      Ni 2                4485.21A   -6.817    0.0613
C  1                1561.34A   -6.815    0.0617      Fe 2                3255.89A   -8.118    0.0031      Ni 2                7307.65A   -6.712    0.0780
C  1                1561.37A   -7.369    0.0172      Fe 2                2926.59A   -7.679    0.0084      Ni 2                7612.72A   -7.040    0.0367
C  1                1561.44A   -6.734    0.0742      Fe 2                2880.76A   -7.463    0.0139      Ni 2                1.13597m   -7.723    0.0076
C  1                1656.27A   -6.522    0.1211      Fe 2                2755.74A   -5.803    0.6340      Ni 2                4285.31A   -7.572    0.0108
C  1                1656.93A   -7.012    0.0392      Fe 2                2739.55A   -6.459    0.1400      Ni 2                6791.48A   -7.287    0.0208
C  1                1657.01A   -6.202    0.2528      Fe 2                2716.70A   -6.687    0.0828      Ni 2                7054.20A   -7.192    0.0259
C  1                1657.38A   -7.082    0.0333      Fe 2                34.6508m   -8.494    0.0013      Ni 2                9.61508m   -8.481    0.0013
C  1                1657.91A   -6.542    0.1155      Fe 2                1.00287m   -7.096    0.0323      Ni 2                4033.04A   -6.631    0.0942
C  1                1658.12A   -6.823    0.0605      Fe 2                8245.16A   -8.595    0.0010      Ni 2                4294.09A   -6.750    0.0715
C  1                1930.90A   -8.221    0.0024      Fe 2                8037.28A   -7.626    0.0095      Ni 2                6467.29A   -7.784    0.0066
C  1                1992.01A   -7.840    0.0058      Fe 2                7579.61A   -8.117    0.0031      Ni 2                6813.57A   -6.772    0.0680
C  1                1993.62A   -6.585    0.1047      Fe 2                7017.95A   -8.036    0.0037      Ni 2                7078.04A   -7.321    0.0192
C  1                2582.90A   -7.849    0.0057      Fe 2                6933.67A   -8.402    0.0016      Ni 2                1.02090m   -8.102    0.0032
C  1                8727.13A   -8.274    0.0021      Fe 2                6872.19A   -7.568    0.0109      Ni 2                3993.06A   -6.285    0.2088
C  1                9824.13A   -3.830   59.5910      Fe 2                6829.03A   -8.602    0.0010      Ni 2                4248.80A   -6.760    0.0699
C  1                9850.26A   -3.354  178.0295      Fe 2                5746.98A   -7.453    0.0142      Ni 2                6007.06A   -7.875    0.0054
C  1                370.269m   -3.882   52.8564      Fe 2                5283.12A   -8.011    0.0039      Ni 2                6365.10A   -6.759    0.0701
C  1                609.590m   -4.566   10.9344      Fe 2                5199.18A   -8.227    0.0024      Ni 2                6700.24A   -8.152    0.0028
C  2                1334.53A   -8.487    0.0013      Fe 2                4351.81A   -8.376    0.0017      Ni 2                6955.82A   -8.187    0.0026
C  2                1335.66A   -8.044    0.0036      Fe 2                4347.36A   -7.745    0.0072      Ni 2                8703.87A   -7.214    0.0246
C  2                1335.71A   -8.096    0.0032      Fe 2                4329.43A   -7.092    0.0326      Ni 2                9956.63A   -7.441    0.0146
C  2                2323.50A   -7.879    0.0053      Fe 2                2953.77A   -8.469    0.0014      Ni 2                5.18504m   -8.220    0.0024
C  2                2324.69A   -7.579    0.0106      Fe 2                2772.73A   -6.520    0.1216      Ni 2                3438.88A   -6.474    0.1351
C  2                2325.40A   -7.044    0.0364      Fe 2                2749.32A   -6.652    0.0896      Ni 2                3626.89A   -6.781    0.0666
C  2                2326.93A   -7.097    0.0322      Fe 2                9795.19A   -7.874    0.0054      Ni 2                3378.16A   -7.088    0.0329
C  2                2328.12A   -7.526    0.0120      Fe 2                8228.13A   -7.789    0.0065      Ni 2                3559.41A   -7.067    0.0345
C  2                157.636m   -5.212    2.4683      Fe 2                7613.14A   -8.197    0.0026      level 1 lines..................................
Ca 1                4226.73A   -6.815    0.0617      Fe 2                7011.24A   -8.603    0.0010      recombination..................................
Ca 1                6439.08A   -7.735    0.0074      Fe 2                6966.33A   -7.961    0.0044      level2 lines...................................
Ca 1                6462.57A   -8.025    0.0038      Fe 2                5477.25A   -7.958    0.0044      C  1                1247.50A   -7.438    0.0147
Ca 1                6493.78A   -8.260    0.0022      Fe 2                5278.38A   -8.425    0.0015      C  1                1314.77A   -7.359    0.0176
Cl 1                11.3303m   -7.046    0.0362      Fe 2                4402.59A   -8.211    0.0025      C  1                1233.29A   -7.965    0.0044
Co 2                9335.96A   -7.741    0.0073      Fe 2                4384.21A   -8.143    0.0029      C  1                1250.68A   -8.121    0.0030
Co 2                9639.13A   -8.179    0.0027      Fe 2                1.05081m   -8.354    0.0018      Mg 1                1817.31A   -8.339    0.0018
Co 2                10.5199m   -6.575    0.1072      Fe 2                7710.80A   -8.508    0.0012      Mg 1                1739.09A   -8.554    0.0011
Co 2                15.4548m   -7.460    0.0139      Fe 2                7048.01A   -8.174    0.0027      Mg 1                1699.05A   -8.569    0.0011
Co 2                2.98382m   -6.062    0.3493      Fe 2                5901.28A   -8.404    0.0016      Mg 1                1675.74A   -8.561    0.0011
Co 2                14.7345m   -7.103    0.0317      Fe 2                5527.62A   -8.516    0.0012      Mg 1                1660.94A   -8.575    0.0011
Co 2                18.7989m   -7.624    0.0096      Fe 2                2.04602m   -7.040    0.0367      Si 2                1179.59A   -7.924    0.0048
Co 2                25.6819m   -8.312    0.0020      Fe 2                1.41956m   -7.595    0.0102      S  1                1356.05A   -7.970    0.0043
Co 2                1.01879m   -6.787    0.0657      Fe 2                1.35904m   -8.401    0.0016      S  1                1392.25A   -8.382    0.0017
Co 2                1.12804m   -7.758    0.0070      Fe 2                1.23314m   -7.390    0.0164      S  1                1418.10A   -8.594    0.0010
Co 2                1.54700m   -7.032    0.0374      Fe 2                1.09108m   -7.312    0.0196      Ca 2                1360.06A   -8.590    0.0010
Co 2                1.72847m   -8.028    0.0038      Fe 2                1.07084m   -7.751    0.0071      Fe 1                2484.25A   -8.235    0.0023
Co 2                1.90349m   -7.868    0.0055      Fe 2                1.05625m   -8.201    0.0025      Fe 1                2526.51A   -8.471    0.0014
Co 2                1.02452m   -7.596    0.0102      Fe 2                1.01565m   -8.004    0.0040      Sc 2                3627.22A   -6.928    0.0475
Co 2                1.09726m   -8.224    0.0024      Fe 2                8119.18A   -8.479    0.0013      Sc 2                3575.45A   -7.050    0.0359
Co 2                1.49674m   -8.461    0.0014      Fe 2                5588.16A   -7.306    0.0199      Sc 2                3368.13A   -7.613    0.0098
Co 2                1.62622m   -8.448    0.0014      Fe 2                5586.91A   -8.169    0.0027      Ti 2                3364.74A   -5.354    1.7793
Co 2                1.73616m   -8.154    0.0028      Fe 2                5580.82A   -6.738    0.0736      Ti 2                3237.15A   -5.594    1.0245
Co 2                1.02803m   -8.194    0.0026      Fe 2                5551.32A   -6.456    0.1409      Ti 2                1904.17A   -7.464    0.0138
Co 2                8580.39A   -8.250    0.0023      Fe 2                3227.74A   -8.075    0.0034      Ti 2                1907.36A   -7.206    0.0250
Co 2                9342.40A   -6.945    0.0456      Fe 2                3196.07A   -7.689    0.0082      V  2                2710.94A   -7.678    0.0084
Co 2                9943.48A   -7.293    0.0205      Fe 2                2.13278m   -7.296    0.0204      V  2                2684.22A   -7.444    0.0145
Co 2                7539.01A   -7.614    0.0098      Fe 2                1.46079m   -8.142    0.0029      V  2                2139.33A   -8.063    0.0035
Co 2                8121.00A   -7.326    0.0190      Fe 2                1.39678m   -8.204    0.0025      Cr 1                4269.56A   -8.220    0.0024
Co 2                8571.41A   -7.933    0.0047      Fe 2                1.30943m   -8.223    0.0024      Cr 1                3589.90A   -8.039    0.0037
Co 2                6.21176m   -8.575    0.0011      Fe 2                1.24364m   -8.409    0.0016      Cr 2                2059.78A   -5.954    0.4475
Co 2                8027.34A   -7.792    0.0065      Fe 2                1.09413m   -7.510    0.0124      Mn 2                1198.85A   -8.315    0.0019
Co 2                8467.14A   -8.205    0.0025      Fe 2                1.07890m   -7.606    0.0100      Co 2                2060.90A   -7.419    0.0154
Co 2                8333.76A   -7.974    0.0043      Fe 2                1.06830m   -8.364    0.0017      Co 2                2018.80A   -7.453    0.0142
Cr 2                8000.08A   -5.787    0.6575      Fe 2                1.03658m   -8.375    0.0017      Co 2                1949.74A   -7.531    0.0118
Cr 2                8125.30A   -5.861    0.5547      Fe 2                5650.95A   -7.285    0.0209      Co 2                1575.91A   -8.065    0.0035
Cr 2                8229.67A   -5.955    0.4464      Fe 2                5649.67A   -7.259    0.0222      Co 2                1470.18A   -8.148    0.0029
Cr 2                8308.49A   -6.142    0.2901      Fe 2                5643.44A   -8.396    0.0016      Ni 2                1751.83A   -6.989    0.0413
Cr 2                8357.64A   -6.440    0.1462      Fe 2                5613.27A   -6.672    0.0857      Ni 2                1744.24A   -6.795    0.0645
Fe 1                24.0358m   -6.226    0.2393      Fe 2                2.24366m   -7.634    0.0094      Ni 2                1484.97A   -8.138    0.0029
Fe 1                34.7038m   -6.814    0.0618      Fe 2                2.00672m   -6.980    0.0422      Ni 2                1472.74A   -7.820    0.0061
Fe 2                25.9813m   -4.153   28.2941      Fe 2                1.10657m   -7.853    0.0056      Ni 2                1400.37A   -8.133    0.0030
Fe 2                5.33871m   -3.630   94.2499      Fe 2                1.09542m   -7.957    0.0044      Ni 2                1375.73A   -7.782    0.0066
Fe 2                4.11387m   -5.993    0.4090      Fe 2                5725.92A   -7.556    0.0112      Ni 2                1324.11A   -7.887    0.0052
Fe 2                1.25668m   -4.902    5.0404      Fe 2                5718.22A   -7.006    0.0397      hyperfine structure............................
Fe 2                1.19129m   -7.687    0.0083      Fe 2                2.22379m   -6.389    0.1644      inner shell....................................
Fe 2                6309.53A   -8.532    0.0012      Fe 2                2.01513m   -6.709    0.0786      molecules......................................
Fe 2                4799.30A   -8.430    0.0015      Fe 2                9682.08A   -7.219    0.0243      bands..........................................
Fe 2                4704.22A   -7.655    0.0089      Fe 2                9513.85A   -8.027    0.0038      Fe 2b               2500.00A   -3.788   65.5058
Fe 2                4632.28A   -5.862    0.5528      Fe 2                8715.81A   -7.851    0.0057      Fe 2b               5000.00A   -3.843   57.7263
Fe 2                4604.48A   -7.646    0.0091      Fe 2                6873.84A   -7.516    0.0123      Fe 2b               7000.00A   -4.786    6.5919
Fe 2                4416.27A   -5.843    0.5771      Fe 2                6700.65A   -8.488    0.0013      Fe 2b               10000.0A   -3.466  137.5856
Fe 2                4382.74A   -6.813    0.0619      Fe 2                6188.55A   -7.695    0.0081      Fe 2b               2355.00A   -4.605    9.9842
Fe 2                4287.39A   -4.881    5.2916      Fe 2                5870.02A   -7.949    0.0045      Fe 2b               2430.00A   -3.796   64.3358
Fe 2                3931.44A   -8.475    0.0013      Fe 2                5673.20A   -7.983    0.0042      Fe 2b               2445.00A   -3.796   64.3356
Fe 2                3874.07A   -8.106    0.0031      Fe 2                4898.61A   -7.719    0.0077      Fe 2b               2495.00A   -4.347   18.0988
Fe 2                3175.38A   -6.692    0.0817      Fe 2                2.25348m   -7.227    0.0239      Fe 2b               2610.00A   -4.045   36.2475
Fe 2                2599.40A   -7.502    0.0127      Fe 2                1.02005m   -8.434    0.0015      Fe 2b               2695.00A   -6.687    0.0828
Fe 2                2585.88A   -8.520    0.0012      Fe 2                1.00139m   -7.878    0.0053      Fe 2b               2758.00A   -5.578    1.0628
Fe 2                2382.04A   -5.733    0.7443      Fe 2                9133.66A   -8.600    0.0010      Fe 2b               2780.00A   -5.540    1.1599
Fe 2                2343.50A   -8.322    0.0019      Fe 2                8885.67A   -8.326    0.0019      Fe 2b               2935.00A   -7.216    0.0245
Fe 2                35.3391m   -4.815    6.1678      Fe 2                7131.14A   -8.491    0.0013      Fe 2b               2960.00A   -7.579    0.0106
Fe 2                6.71944m   -4.770    6.8333      Fe 2                6944.91A   -8.060    0.0035      Fe 2b               3180.00A   -6.197    0.2555
Fe 2                4.88781m   -5.656    0.8878      Fe 2                6473.88A   -8.096    0.0032      Fe 2b               3250.00A   -5.501    1.2690
Fe 2                4.07521m   -6.478    0.1339      Fe 2                6044.10A   -8.529    0.0012      Fe 2b               3590.00A   -5.522    1.2087
Fe 2                1.32055m   -5.399    1.6071      Fe 2                5835.45A   -8.197    0.0026      Fe 2b               3910.00A   -7.571    0.0108
Fe 2                1.24854m   -6.433    0.1486      Fe 2                5060.09A   -8.278    0.0021      Fe 2b               4060.00A   -8.229    0.0024
Fe 2                1.20512m   -8.245    0.0023      Fe 2                4576.40A   -8.531    0.0012      Fe 2b               4255.00A   -4.277   21.2889
Fe 2                7637.52A   -5.702    0.7985      Fe 2                1.34608m   -8.576    0.0011      Fe 2b               4558.00A   -5.007    3.9626
Fe 2                7523.28A   -7.750    0.0072      Fe 2                1.11648m   -8.392    0.0016      Fe 2b               4600.00A   -4.977    4.2430
Fe 2                4889.62A   -5.726    0.7562      Fe 2                5048.19A   -8.245    0.0023      Fe 2b               4743.00A   -5.726    0.7568
Fe 2                4750.27A   -8.458    0.0014      Fe 2                1.71482m   -7.827    0.0060      Fe 2b               4855.00A   -5.147    2.8706
Fe 2                4716.37A   -6.740    0.0733      Fe 2                9949.21A   -8.159    0.0028      Fe 2b               4920.00A   -4.632    9.3844
Fe 2                4687.56A   -6.943    0.0459      Fe 2                7975.22A   -8.343    0.0018      Fe 2b               4975.00A   -5.162    2.7710
Fe 2                4492.64A   -6.713    0.0779      Fe 2                1.47063m   -8.596    0.0010      Fe 2b               4971.00A   -5.205    2.5104
Fe 2                4457.95A   -6.111    0.3114      Fe 2                1.01273m   -8.273    0.0021      Fe 2b               5070.00A   -5.084    3.3180
Fe 2                4432.45A   -6.905    0.0501      Fe 2                6353.11A   -8.395    0.0016      Fe 2b               5143.00A   -4.550   11.3349
Fe 2                4359.33A   -5.012    3.9183      Fe 2                1.80228m   -8.495    0.0013      Fe 2b               5270.00A   -4.266   21.8263
Fe 2                3224.54A   -7.789    0.0065      Fe 2                1.00387m   -8.424    0.0015      Fe 2b               5318.00A   -4.584   10.4910
Fe 2                3214.67A   -7.206    0.0250      Fe 2                9469.41A   -8.309    0.0020      Fe 2b               5540.00A   -5.731    0.7475
Fe 2                2625.67A   -4.168   27.3619      Fe 2                9384.77A   -7.799    0.0064      Fe 2b               5865.00A   -6.330    0.1881
Fe 2                2611.87A   -4.914    4.9070      Fe 2                2.39329m   -7.849    0.0057      Fe 2b               6265.00A   -7.142    0.0290
Fe 2                2598.37A   -6.145    0.2880      Fe 2                4825.73A   -7.259    0.0222      Fe 2b               6565.00A   -6.486    0.1313
Fe 2                2395.63A   -5.177    2.6753      Fe 2                2.50030m   -8.186    0.0026      Fe 2b               6910.00A   -6.426    0.1509
Fe 2                2388.63A   -6.237    0.2330      Fe 2                4867.73A   -8.301    0.0020      Fe 2b               7445.00A   -4.807    6.2753
Fe 2                2383.06A   -8.106    0.0032      Fe 2                2.59860m   -8.569    0.0011      Fe 2b               8625.00A   -4.475   13.4807
Fe 2                2364.83A   -5.568    1.0873      Fe 2                4903.85A   -7.752    0.0071      Fe 2b               1.03250m   -5.533    1.1806
Fe 2                2332.80A   -6.674    0.0853      Fe 2                1.04657m   -8.602    0.0010      Fe 2b               1.88900m   -4.181   26.5190
Fe 2                2279.91A   -8.190    0.0026      Fe 2                3.58120m   -8.194    0.0026      Fe 2b               2.20000m   -6.265    0.2188
Fe 2                51.2868m   -5.333    1.8702      Fe 2                3.15558m   -8.224    0.0024      miscellaneous..................................
Fe 2                5.67236m   -6.468    0.1370      Fe 2                5171.63A   -7.561    0.0111      Blnd                8446.00A   -8.326    0.0019
Fe 2                4.60641m   -6.277    0.2125      Fe 2                5169.03A   -6.803    0.0633      Blnd                1304.00A   -6.726    0.0756
Fe 2                4.08085m   -7.023    0.0381      Fe 2                5018.44A   -8.518    0.0012      Blnd                2798.00A   -3.301  201.4579
Fe 2                1.37181m   -5.642    0.9174      Fe 2                6044.54A   -8.005    0.0040      Blnd                6720.00A   -3.954   44.7120
Fe 2                1.29427m   -6.218    0.2436      Fe 2                5316.61A   -8.487    0.0013      Blnd                4074.00A   -5.279    2.1189
Fe 2                7806.23A   -7.475    0.0135      Fe 3                22.9190m   -8.523    0.0012      Blnd                1.03300m   -5.388    1.6488
Fe 2                7686.93A   -5.780    0.6677      Fe 3                4985.87A   -8.387    0.0017      Blnd                1256.00A   -7.326    0.0190
Fe 2                7552.40A   -8.259    0.0022      K  1                7664.90A   -8.296    0.0020      Blnd                5892.00A   -6.771    0.0682
Fe 2                4958.23A   -7.577    0.0107      K  1                7698.96A   -8.593    0.0010      Blnd                2665.00A   -4.854    5.6382
Fe 2                4750.57A   -7.574    0.0107      Mg 1                2025.82A   -7.986    0.0042      Blnd                2335.00A   -4.663    8.7511
Fe 2                4728.07A   -6.375    0.1699      Mg 1                2852.13A   -5.139    2.9219      Blnd                8579.00A   -4.269   21.6872
Fe 2                4514.90A   -6.737    0.0738      Mg 1                3832.30A   -8.211    0.0025      Blnd                7306.00A   -3.625   95.4186
Fe 2                4488.75A   -6.456    0.1408      Mg 1                3838.29A   -7.794    0.0065      Blnd                3933.00A   -5.973    0.4279
Fe 2                4470.30A   -7.659    0.0088      Mg 1                4562.60A   -4.945    4.5628      Blnd                1657.00A   -5.811    0.6224
Fe 2                4413.78A   -5.163    2.7663      Mg 1                4571.10A   -5.384    1.6627      Blnd                9850.00A   -3.229  237.6206
Fe 2                3254.24A   -7.266    0.0218      Mg 1                4575.29A   -6.312    0.1963      Blnd                2326.00A   -6.620    0.0965
Fe 2                3244.18A   -7.561    0.0111      Mg 1                5167.32A   -7.470    0.0136      Blnd                1335.00A   -7.693    0.0082
Fe 2                2631.32A   -5.112    3.1121      Mg 1                5172.68A   -6.996    0.0406      Blnd                3467.00A   -6.153    0.2832
Fe 2                2617.62A   -6.555    0.1120      Mg 1                5183.60A   -6.776    0.0674      Blnd                5199.00A   -3.907   49.8102
Fe 2                2607.09A   -6.458    0.1400      Mg 1                8806.76A   -7.053    0.0356      Blnd                1.04030m   -5.396    1.6157
Fe 2                2404.89A   -6.155    0.2816      Mg 1                1.18282m   -7.213    0.0246      Blnd                2141.00A   -8.390    0.0016
Fe 2                2399.24A   -6.980    0.0422      Mg 1                1.50250m   -8.036    0.0037      Blnd                6300.00A   -3.626   95.2198
Fe 2                2395.42A   -7.957    0.0044      Mg 1                1.50402m   -8.481    0.0013      Blnd                2471.00A   -8.277    0.0021
Fe 2                2380.76A   -4.985    4.1617      Mg 1                1.71087m   -7.724    0.0076      Blnd                7323.00A   -8.445    0.0014
Fe 2                2348.30A   -6.712    0.0780      Mn 2                2576.10A   -6.363    0.1746      Blnd                7332.00A   -8.527    0.0012
Fe 2                2327.40A   -7.303    0.0201      Mn 2                2593.72A   -6.457    0.1406      Blnd                3727.00A   -6.366    0.1733
Fe 2                87.3597m   -6.035    0.3714      Mn 2                2605.68A   -6.595    0.1022      Blnd                7325.00A   -8.183    0.0026
Fe 2                5.06097m   -6.936    0.0467      Mn 2                3438.97A   -7.806    0.0063
Fe 2                4.43363m   -6.853    0.0565      Mn 2                3460.03A   -8.374    0.0017



 IC443 grid point v shock=62 km/s  
 Cooling:  H  1c                     0 :0.135 C  1c                     0 :0.051 Fe 2c                     0 :0.070 O  1c                     0 :0.405 Si 2c                     0 :0.233  
 Heating:  TotM                      0 :0.179 CT H                      0 :0.281 H- H                      0 :0.537  

 These are some of the most important databases used by Cloudy:
 Many recombination coefficients were taken from http://amdpp.phys.strath.ac.uk/tamoc/RR/ and http://amdpp.phys.strath.ac.uk/tamoc/DR/
      and are based on the following papers:
        Badnell N. R., et al., A&A 406, 1151 (2003) [http://adsabs.harvard.edu/abs/2003A%26A...406.1151B]
        Badnell N. R., ApJS 167, 334 (2006) [http://adsabs.harvard.edu/abs/2006ApJS..167..334B]
 Much of the molecular emission data is from LAMDA as accessed on June 30, 2015. This database is described in:
        Schoeier F.L., et al., A&A 432, 369 (2005) [http://adsabs.harvard.edu/abs/2005A%26A...432..369S]
      This database is in part based on the work of the following groups:
        JPL: Pickett H. M. et al., JQSRT, 60, 883 (1998). [http://adsabs.harvard.edu/abs/1998JQSRT..60..883P]
        CDMS: Mueller H. S. et al., A&A 370, L49 (2001). [http://adsabs.harvard.edu/abs/2001A%26A...370L..49M]
              Mueller H. S. et al., J. Mol. Struct. 742, 215 (2005). [http://adsabs.harvard.edu/abs/2005JMoSt.742..215M]
 Some of the ionic emission data is from version 10.0.1 of CHIANTI. CHIANTI is a collaborative project involving the NRL (USA), the
      Universities of Florence (Italy) and Cambridge (UK), and George Mason University (USA). These papers describe Chianti:
        Dere K. P., et al., A&AS, 125, 149 (1997) [http://adsabs.harvard.edu/abs/1997A%26AS..125..149D]
        Landi E., et al., ApJ, 744, 99 (2012) [http://adsabs.harvard.edu/abs/2012ApJ...744...99L]
 Much of the H_2 data is from this web site: http://molat.obspm.fr/index.php?page=pages/Molecules/H2/H2can94.php. These data are
      described in:
        Abgrall H. et al., Can. J. Phys., 72, 856 (1994) [http://adsabs.harvard.edu/abs/1994CaJPh..72..856A]
        Wrathmall S. A. & Flower D. R., J. Phys. B, 40, 3221 (2007) [http://adsabs.harvard.edu/abs/2007JPhB...40.3221W]
 The Case A and Case B recombination predictions for one-electron systems are from
	Storey, P.J. & Hummer, D.G., 1995, MNRAS 272, 41 http://adsabs.harvard.edu/abs/1995MNRAS.272...41S
 The He I recombination predictions are from
	Porter, R. L.; Ferland, G. J.; Storey, P. J.; Detisch, M. J., 2012, MNRAS, 425, 28p http://adsabs.harvard.edu/abs/2012MNRAS.425L..28P
		http://adsabs.harvard.edu/abs/2013MNRAS.433L..89P

 If you find some process or data set to be particularly critical to a result, please follow the trail of references back to the
 original source and cite that.  This will support and encourage atomic, molecular, and chemical physicists to continue their
 valuable work.

 IONIZE PARMET:  U(1-)-37.0000  U(4-):-37.0000  U(sp):-37.00  Q(ion):   -3.821  L(ion)-14.320    Q(low): 11.181    L(low) -2.175
 ENERGY BUDGET:  Heat:  -6.179  Coolg:  -1.827  Error:2248400.2%  Rec Lin:  -3.136  F-F  H  0.000    P(rad/tot)max     4.92E-04    R(F Con):1.737e+05

     Col(Heff):      7.987E+20  snd travl time  2.29E+12 sec  Te-low: 1.00E+04  Te-hi: 1.00E+04  G0TH85: 0.00E+00  G0DB96:0.00E+00
  Emiss Measure    n(e)n(p) dl       2.585E+17  n(e)n(He+)dl         2.231E+09  En(e)n(He++) dl         0.000E+00  ne nC+:2.90E+14
 He/Ha:2.68E-08  =   0.00*true  Lthin:4.94E+06  itr/zn: 1.55  H2 itr/zn:  0.00  File Opacity: F  MassTot 2.26e-03  (gm/cm^2)
   Temps(21 cm)   T(21cm/Ly a)  5.25E+03        T(<nH/Tkin>)  1.00E+04          T(<nH/Tspin>)    5.63E+03          TB21cm:2.31E+01
                   N(H0/Tspin)  1.70E+17        N(OH/Tkin)    1.10E+08          B(21cm)          0.00E+00
   <a>:6.76E-12  erdeFe0.0E+00  Tcompt0.00E+00  Tthr1.54E+11  <Tden>: 1.00E+04  <dens>:1.24E-21  <MolWgt>1.29E+00
     Mean Jeans  l(cm)1.56E+20  M(sun)1.25E+06  smallest:     len(cm):1.56E+20  M(sun):1.24E+06  a_ox tran:  0.00
 Rion:1.000E+30  Dist:0.00E+00  Diam:0.000E+00
 Hatom level 70  HatomType: add  HInducImp  F  He tot level: 63  He2 level:   70  ExecTime    27.1
 ConvrgError(%)  <eden>  0.178  MaxEden  0.837  <H-C> 100.00  Max(H-C)  100.00  <Press>   0.000  MaxPrs er  0.000
  Continuity(%)  chng Te   0.0  elec den   1.0  n(H2)    0.0  n(CO)        5.4

                                                        Averaged Quantities
             Te      Te(Ne)   Te(NeNp)  Te(NeHe+)Te(NeHe2+) Te(NeO+)  Te(NeO2+)  Te(H2)     N(H)     Ne(O2+)   Ne(Np)
 Radius:  1.00e+04  1.00e+04  1.00e+04  1.00e+04  0.00e+00  1.00e+04  1.00e+04  1.00e+04  5.21e+02  4.09e-01  4.07e-01
 
 Peimbert T(OIIIr)0.00E+00 T(Bac)0.00E+00 T(Hth)7.13E+03 t2(Hstrc) 1.32e-31 T(O3-BAC)5.66E+03 t2(O3-BC)-1.52e-01 t2(O3str) 0.00e+00

 Contin Optical Depths: COMP: 4.92e-07    H-: 2.99e-04 R(1300): 6.40e-03  H2+: 1.49e-06  Bra:4.92E-07
                          Pa: 4.97e-07    Ba: 2.73e-04      Hb: 2.12e-04   La: 1.58e+01     1r:6.061E+03  1.8:1.89E+03 4.:2.858E+02

 Old, new H  1 continuum optical depths:
     1 1.00e+08     2 0.00e+00     3 0.00e+00     4 0.00e+00     5 0.00e+00     6 0.00e+00     7 0.00e+00     8 0.00e+00
     9 0.00e+00    10 0.00e+00    11 0.00e+00    12 0.00e+00    13 0.00e+00    14 0.00e+00    15 0.00e+00    16 0.00e+00
    17 0.00e+00    18 0.00e+00    19 0.00e+00    20 0.00e+00    21 0.00e+00    22 0.00e+00    23 0.00e+00    24 0.00e+00
    25 0.00e+00    26 0.00e+00    27 0.00e+00    28 0.00e+00    29 0.00e+00    30 0.00e+00    31 0.00e+00    32 0.00e+00
    33 0.00e+00    34 0.00e+00    35 0.00e+00    36 0.00e+00    37 0.00e+00    38 0.00e+00    39 0.00e+00    40 0.00e+00
    41 0.00e+00    42 0.00e+00    43 0.00e+00    44 0.00e+00    45 0.00e+00    46 0.00e+00    47 0.00e+00    48 0.00e+00
    49 0.00e+00    50 0.00e+00    51 0.00e+00    52 0.00e+00    53 0.00e+00    54 0.00e+00
     1 6.06e+03     2 1.53e-04     3 3.01e-04     4 3.01e-04     5 3.01e-04     6 7.78e-05     7 7.78e-05     8 7.78e-05
     9 7.78e-05    10 1.28e-17    11 1.28e-17    12 1.28e-17    13 1.28e-17    14 1.28e-17    15 1.84e-17    16 1.84e-17
    17 1.84e-17    18 1.84e-17    19 1.84e-17    20 1.84e-17    21 3.20e-17    22 3.20e-17    23 3.20e-17    24 3.20e-17
    25 3.20e-17    26 3.20e-17    27 3.20e-17    28 5.17e-17    29 5.17e-17    30 5.17e-17    31 5.17e-17    32 5.17e-17
    33 5.17e-17    34 5.17e-17    35 5.17e-17    36 7.91e-17    37 7.91e-17    38 7.91e-17    39 7.91e-17    40 7.91e-17
    41 7.91e-17    42 7.91e-17    43 7.91e-17    44 7.91e-17    45 1.16e-16    46 1.16e-16    47 1.16e-16    48 1.16e-16
    49 1.16e-16    50 1.16e-16    51 1.16e-16    52 1.16e-16    53 1.16e-16    54 1.16e-16

 Old, new H  1 mean line optical depths:
  2- 1 1.17e+08  3- 2 0.00e+00  4- 3 0.00e+00  5- 4 0.00e+00  6- 5 0.00e+00  7- 6 0.00e+00  8- 7 0.00e+00
  9- 8 0.00e+00 10- 9 0.00e+00 11-10 0.00e+00 12-11 0.00e+00 13-12 0.00e+00 14-13 0.00e+00 15-14 0.00e+00 16-15 0.00e+00
 17-16 0.00e+00 18-17 0.00e+00 19-18 0.00e+00 20-19 0.00e+00 21-20 0.00e+00 22-21 0.00e+00 23-22 0.00e+00 24-23 0.00e+00
 25-24 0.00e+00
  2- 1 9.98e+07  3- 2 5.64e-06  4- 3 6.20e-13  5- 4 3.29e-13  6- 5 7.88e-13  7- 6-2.24e-14  8- 7 2.71e-14
  9- 8 2.47e-13 10- 9 8.41e-13 11-10 3.62e-12 12-11 2.43e-14 13-12-3.34e-14 14-13-1.59e-13 15-14-4.02e-13 16-15-8.44e-13
 17-16-1.61e-12 18-17-2.88e-12 19-18-4.94e-12 20-19-8.24e-12 21-20-1.35e-11 22-21-2.24e-11 23-22-3.95e-11 24-23-8.89e-11
 25-24-2.46e-09

 Old, new He 2 continuum optical depths:
     1 3.43e+06     2 9.96e+07     3 0.00e+00     4 0.00e+00     5 0.00e+00     6 0.00e+00     7 0.00e+00     8 0.00e+00
     9 0.00e+00    10 0.00e+00    11 0.00e+00    12 0.00e+00    13 0.00e+00    14 0.00e+00    15 0.00e+00    16 0.00e+00
    17 0.00e+00    18 0.00e+00    19 0.00e+00    20 0.00e+00    21 0.00e+00    22 0.00e+00    23 0.00e+00    24 0.00e+00
    25 0.00e+00    26 0.00e+00    27 0.00e+00    28 0.00e+00    29 0.00e+00    30 0.00e+00    31 0.00e+00    32 0.00e+00
    33 0.00e+00    34 0.00e+00    35 0.00e+00    36 0.00e+00    37 0.00e+00    38 0.00e+00    39 0.00e+00    40 0.00e+00
    41 0.00e+00    42 0.00e+00    43 0.00e+00    44 0.00e+00    45 0.00e+00    46 0.00e+00    47 0.00e+00    48 0.00e+00
    49 0.00e+00    50 0.00e+00    51 0.00e+00    52 0.00e+00    53 0.00e+00    54 0.00e+00
     1 2.86e+02     2 6.03e+03     3 1.42e-04     4 1.42e-04     5 1.42e-04     6 1.53e-04     7 1.53e-04     8 1.53e-04
     9 1.53e-04    10 2.43e-04    11 2.43e-04    12 2.43e-04    13 2.43e-04    14 2.43e-04    15 3.01e-04    16 3.01e-04
    17 3.01e-04    18 3.01e-04    19 3.01e-04    20 3.01e-04    21 2.53e-04    22 2.53e-04    23 2.53e-04    24 2.53e-04
    25 2.53e-04    26 2.53e-04    27 2.53e-04    28 7.78e-05    29 7.78e-05    30 7.78e-05    31 7.78e-05    32 7.78e-05
    33 7.78e-05    34 7.78e-05    35 7.78e-05    36 8.29e-18    37 8.29e-18    38 8.29e-18    39 8.29e-18    40 8.29e-18
    41 8.29e-18    42 8.29e-18    43 8.29e-18    44 8.29e-18    45 1.28e-17    46 1.28e-17    47 1.28e-17    48 1.28e-17
    49 1.28e-17    50 1.28e-17    51 1.28e-17    52 1.28e-17    53 1.28e-17    54 1.28e-17

 Old, new He 2 mean line optical depths:
  2- 1 1.17e+07  3- 2 0.00e+00  4- 3 0.00e+00  5- 4 0.00e+00  6- 5 0.00e+00  7- 6 0.00e+00  8- 7 0.00e+00
  9- 8 0.00e+00 10- 9 0.00e+00 11-10 0.00e+00 12-11 0.00e+00 13-12 0.00e+00 14-13 0.00e+00 15-14 0.00e+00 16-15 0.00e+00
 17-16 0.00e+00 18-17 0.00e+00 19-18 0.00e+00 20-19 0.00e+00 21-20 0.00e+00 22-21 0.00e+00 23-22 0.00e+00 24-23 0.00e+00
 25-24 0.00e+00
  2- 1 0.00e+00  3- 2 0.00e+00  4- 3 0.00e+00  5- 4 0.00e+00  6- 5 0.00e+00  7- 6 0.00e+00  8- 7 0.00e+00
  9- 8 0.00e+00 10- 9 0.00e+00 11-10 0.00e+00 12-11 0.00e+00 13-12 0.00e+00 14-13 0.00e+00 15-14 0.00e+00 16-15 0.00e+00
 17-16 0.00e+00 18-17 0.00e+00 19-18 0.00e+00 20-19 0.00e+00 21-20 0.00e+00 22-21 0.00e+00 23-22 0.00e+00 24-23 0.00e+00
 25-24 0.00e+00

 Old He Is optical depths:    1 2.36e+07    2 0.00e+00    3 0.00e+00    4 0.00e+00    5 0.00e+00
 New He Is optical depths:    1 1.89e+03    2 1.00e-04    3 1.27e-04    4 1.42e-04    5 1.42e-04
          Old He Is Lines:  584 0.00e+00 3889 0.00e+00 5016 0.00e+00 5876 0.00e+00
          New He Is Lines:  584 6.34e+06 3889 2.32e-08 5016 3.95e-14 5876 1.85e-19
IC443 grid point v shock=62 km/s  


          Start Iteration Number 2                                            IC443 grid point v shock=62 km/s  


 ####  1  Te:1.000E+04 Hden:5.214E+02 Ne:2.891E-01 R:1.000E+30 R-R0:2.267E+11 dR:4.535E+11 NTR:  1 Htot:1.226E-25 T912: 1.50e-03###
 Hydrogen      1.00e+00 4.65e-04 H+o/Hden 1.00e+00 5.35e-09 H-    H2 3.42e-06 1.45e-10 H2+ HeH+ 2.21e-11 Ho+ ColD 2.36e+14 1.10e+11
 Helium        1.00e+00 2.54e-12 0.00e+00 HeI 2s3S 1.79e-15 Comp H,C 0.00e+00 0.00e+00 Fill Fac 1.00e+00 Gam1/tot 9.95e-08
 He singlet n  1.00e+00 9.10e-22 1.09e-29 4.17e-29 1.17e-30 5.26e-30 He tripl 1.79e-15 1.07e-27 6.90e-29 6.66e-29 2.98e-30
 Pressure      NgasTgas 5.74e+06 P(total) 7.93e-10 P( gas ) 7.93e-10 P(Radtn) 0.00e+00 Rad accl 0.00e+00 ForceMul 0.00e+00
 Texc(La)      2.32e+03 T(I con) 0.00e+00 T(D con) 5.16e-02 T(U tot) 5.16e-02 nT (c+d) 1.25e+04 Prad/Gas 0.00e+00 Pmag/Gas 0.00e+00
 Molecules     CH/Ctot: 2.28e-06 CH+/Ctot 2.00e-08 CO/Ctot: 4.69e-01 CO+/Ctot 2.31e-08 H2O/Otot 3.96e-12 OH/Ototl 1.54e-06
 Lithium       8.11e-03 9.92e-01 0.00e+00 0.00e+00 Berylliu 9.52e-01 4.84e-02 1.57e-08 0.00e+00 0.00e+00 sec ion: 0.00e+00
 Boron         5.07e-01 4.93e-01 2.69e-14 0.00e+00 0.00e+00 0.00e+00
 Carbon        5.26e-01 4.74e-03 1.33e-14 0.00e+00 0.00e+00 0.00e+00 0.00e+00 H2O+/O   3.44e-10 OH+/Otot 3.47e-06 Hex(tot) 0.00e+00
 Nitrogen      9.77e-01 5.27e-04 9.08e-20 0.00e+00 0.00e+00 0.00e+00 0.00e+00 0.00e+00 O2/Ototl 7.28e-11 O2+/Otot 9.89e-08
 Oxygen        7.65e-01 2.87e-04 3.06e-24 0.00e+00 0.00e+00 0.00e+00 0.00e+00 0.00e+00 0.00e+00
 Fluorine      8.15e-01 7.15e-06 2.27e-21 0.00e+00 0.00e+00 0.00e+00 0.00e+00 0.00e+00 0.00e+00 0.00e+00
 Neon          1.00e+00 3.28e-07 0.00e+00 0.00e+00 0.00e+00 0.00e+00 0.00e+00 0.00e+00 0.00e+00 0.00e+00 0.00e+00
 Sodium        1.83e-03 9.98e-01 5.04e-22 0.00e+00 0.00e+00 0.00e+00 0.00e+00 0.00e+00 0.00e+00 0.00e+00 0.00e+00 0.00e+00
 Magnesium     6.12e-02 9.39e-01 7.26e-05 0.00e+00 0.00e+00 0.00e+00 0.00e+00 0.00e+00 0.00e+00 0.00e+00 0.00e+00 0.00e+00 0.00e+00
 Aluminium  0  9.47e-04 9.99e-01 1.78e-07 0.00e+00 0.00e+00 0.00e+00 0.00e+00 0.00e+00 0.00e+00 0.00e+00 0.00e+00 0.00e+00 0.00e+00
 Silicon    0  1.16e-01 4.06e-01 3.05e-06 0.00e+00 0.00e+00 0.00e+00 0.00e+00 0.00e+00 0.00e+00 0.00e+00 0.00e+00 0.00e+00 0.00e+00
 Phosphorus 0  1.33e-03 9.99e-01 8.15e-10 0.00e+00 0.00e+00 0.00e+00 0.00e+00 0.00e+00 0.00e+00 0.00e+00 0.00e+00 0.00e+00 0.00e+00
 Sulphur    0  8.70e-02 1.12e-02 1.78e-12 0.00e+00 0.00e+00 0.00e+00 0.00e+00 0.00e+00 0.00e+00 0.00e+00 0.00e+00 0.00e+00 0.00e+00
 Chlorine   0  9.39e-03 9.90e-01 1.38e-09 0.00e+00 0.00e+00 0.00e+00 0.00e+00 0.00e+00 0.00e+00 0.00e+00 0.00e+00 0.00e+00 0.00e+00
 Argon      0  1.00e+00 3.42e-05 7.41e-17 0.00e+00 0.00e+00 0.00e+00 0.00e+00 0.00e+00 0.00e+00 0.00e+00 0.00e+00 0.00e+00 0.00e+00
 Potassium  0  4.42e-04 1.00e+00 1.19e-13 0.00e+00 0.00e+00 0.00e+00 0.00e+00 0.00e+00 0.00e+00 0.00e+00 0.00e+00 0.00e+00 0.00e+00
 Calcium    0  8.90e-03 9.82e-01 9.28e-03 0.00e+00 0.00e+00 0.00e+00 0.00e+00 0.00e+00 0.00e+00 0.00e+00 0.00e+00 0.00e+00 0.00e+00
 Scandium   0  4.65e-03 9.89e-01 6.55e-03 0.00e+00 0.00e+00 0.00e+00 0.00e+00 0.00e+00 0.00e+00 0.00e+00 0.00e+00 0.00e+00 0.00e+00
 Titanium   0  3.33e-04 9.99e-01 5.41e-04 0.00e+00 0.00e+00 0.00e+00 0.00e+00 0.00e+00 0.00e+00 0.00e+00 0.00e+00 0.00e+00 0.00e+00
 Vanadium   0  1.20e-02 9.88e-01 4.01e-05 0.00e+00 0.00e+00 0.00e+00 0.00e+00 0.00e+00 0.00e+00 0.00e+00 0.00e+00 0.00e+00 0.00e+00
 Chromium   0  1.96e-02 9.80e-01 1.33e-04 0.00e+00 0.00e+00 0.00e+00 0.00e+00 0.00e+00 0.00e+00 0.00e+00 0.00e+00 0.00e+00 0.00e+00
 Manganese  0  3.49e-04 1.00e+00 7.47e-05 0.00e+00 0.00e+00 0.00e+00 0.00e+00 0.00e+00 0.00e+00 0.00e+00 0.00e+00 0.00e+00 0.00e+00
 Iron       0  3.18e-04 1.00e+00 3.84e-05 0.00e+00 0.00e+00 0.00e+00 0.00e+00 0.00e+00 0.00e+00 0.00e+00 0.00e+00 0.00e+00 0.00e+00
 Cobalt     0  1.04e-01 8.96e-01 3.04e-07 0.00e+00 0.00e+00 0.00e+00 0.00e+00 0.00e+00 0.00e+00 0.00e+00 0.00e+00 0.00e+00 0.00e+00
 Nickel     0  4.43e-04 1.00e+00 1.23e-12 0.00e+00 0.00e+00 0.00e+00 0.00e+00 0.00e+00 0.00e+00 0.00e+00 0.00e+00 0.00e+00 0.00e+00
 Copper     0  2.16e-01 7.84e-01 1.75e-11 0.00e+00 0.00e+00 0.00e+00 0.00e+00 0.00e+00 0.00e+00 0.00e+00 0.00e+00 0.00e+00 0.00e+00
 Zinc       0  6.06e-01 3.94e-01 8.95e-08 0.00e+00 0.00e+00 0.00e+00 0.00e+00 0.00e+00 0.00e+00 0.00e+00 0.00e+00 0.00e+00 0.00e+00
 ####261  Te:1.000E+04 Hden:5.214E+02 Ne:4.399E-01 R:1.000E+30 R-R0:1.826E+18 dR:1.079E+16 NTR:  2 Htot:3.617E-25 T912: 6.06e+03###
 Hydrogen      9.99e-01 7.32e-04 H+o/Hden 1.00e+00 8.89e-09 H-    H2 4.16e-06 2.50e-10 H2+ HeH+ 3.79e-11 Ho+ ColD 9.54e+20 6.30e+17
 Helium        1.00e+00 6.35e-11 0.00e+00 HeI 2s3S 2.51e-15 Comp H,C 3.65e-33 1.31e-32 Fill Fac 1.00e+00 Gam1/tot 5.35e-05
 He singlet n  1.00e+00 1.42e-21 3.63e-27 5.98e-29 3.43e-29 7.44e-30 He tripl 2.51e-15 1.51e-27 9.66e-29 9.34e-29 4.24e-30
 Pressure      NgasTgas 5.75e+06 P(total) 7.93e-10 P( gas ) 7.93e-10 P(Radtn) 4.62e-15 Rad accl 1.81e-11 ForceMul 3.45e+05
 Texc(La)      3.13e+03 T(I con) 0.00e+00 T(D con) 2.33e+00 T(U tot) 2.33e+00 nT (c+d) 5.63e+05 Prad/Gas 5.82e-06 Pmag/Gas 0.00e+00
 Molecules     CH/Ctot: 5.22e-06 CH+/Ctot 3.09e-08 CO/Ctot: 3.50e-05 CO+/Ctot 1.86e-11 H2O/Otot 7.00e-12 OH/Ototl 2.44e-06
 Lithium       1.49e-03 9.99e-01 0.00e+00 0.00e+00 Berylliu 9.52e-02 9.05e-01 3.96e-07 0.00e+00 0.00e+00 sec ion: 0.00e+00
 Boron         6.90e-04 9.99e-01 7.62e-14 0.00e+00 0.00e+00 0.00e+00
 Carbon        9.97e-01 2.91e-03 1.20e-14 0.00e+00 0.00e+00 0.00e+00 0.00e+00 H2O+/O   2.55e-10 OH+/Otot 3.21e-06 Hex(tot) 0.00e+00
 Nitrogen      9.98e-01 9.16e-04 3.89e-18 0.00e+00 0.00e+00 0.00e+00 0.00e+00 0.00e+00 O2/Ototl 9.28e-11 O2+/Otot 7.86e-08
 Oxygen        9.99e-01 5.90e-04 8.79e-24 0.00e+00 0.00e+00 0.00e+00 0.00e+00 0.00e+00 0.00e+00
 Fluorine      9.85e-01 9.33e-06 3.77e-21 0.00e+00 0.00e+00 0.00e+00 0.00e+00 0.00e+00 0.00e+00 0.00e+00
 Neon          1.00e+00 2.85e-07 0.00e+00 0.00e+00 0.00e+00 0.00e+00 0.00e+00 0.00e+00 0.00e+00 0.00e+00 0.00e+00
 Sodium        2.00e-03 9.98e-01 6.80e-22 0.00e+00 0.00e+00 0.00e+00 0.00e+00 0.00e+00 0.00e+00 0.00e+00 0.00e+00 0.00e+00
 Magnesium     3.61e-02 9.64e-01 1.16e-04 0.00e+00 0.00e+00 0.00e+00 0.00e+00 0.00e+00 0.00e+00 0.00e+00 0.00e+00 0.00e+00 0.00e+00
 Aluminium  0  3.44e-04 1.00e+00 2.15e-07 0.00e+00 0.00e+00 0.00e+00 0.00e+00 0.00e+00 0.00e+00 0.00e+00 0.00e+00 0.00e+00 0.00e+00
 Silicon    0  3.90e-04 1.00e+00 1.18e-05 0.00e+00 0.00e+00 0.00e+00 0.00e+00 0.00e+00 0.00e+00 0.00e+00 0.00e+00 0.00e+00 0.00e+00
 Phosphorus 0  1.33e-03 9.99e-01 1.14e-09 0.00e+00 0.00e+00 0.00e+00 0.00e+00 0.00e+00 0.00e+00 0.00e+00 0.00e+00 0.00e+00 0.00e+00
 Sulphur    0  8.00e-01 2.00e-01 4.73e-10 0.00e+00 0.00e+00 0.00e+00 0.00e+00 0.00e+00 0.00e+00 0.00e+00 0.00e+00 0.00e+00 0.00e+00
 Chlorine   0  7.69e-03 9.92e-01 1.72e-09 0.00e+00 0.00e+00 0.00e+00 0.00e+00 0.00e+00 0.00e+00 0.00e+00 0.00e+00 0.00e+00 0.00e+00
 Argon      0  1.00e+00 6.39e-05 3.43e-15 0.00e+00 0.00e+00 0.00e+00 0.00e+00 0.00e+00 0.00e+00 0.00e+00 0.00e+00 0.00e+00 0.00e+00
 Potassium  0  4.65e-04 1.00e+00 1.55e-13 0.00e+00 0.00e+00 0.00e+00 0.00e+00 0.00e+00 0.00e+00 0.00e+00 0.00e+00 0.00e+00 0.00e+00
 Calcium    0  1.34e-03 9.90e-01 8.69e-03 0.00e+00 0.00e+00 0.00e+00 0.00e+00 0.00e+00 0.00e+00 0.00e+00 0.00e+00 0.00e+00 0.00e+00
 Scandium   0  1.12e-03 9.93e-01 6.12e-03 0.00e+00 0.00e+00 0.00e+00 0.00e+00 0.00e+00 0.00e+00 0.00e+00 0.00e+00 0.00e+00 0.00e+00
 Titanium   0  3.23e-04 9.99e-01 5.00e-04 0.00e+00 0.00e+00 0.00e+00 0.00e+00 0.00e+00 0.00e+00 0.00e+00 0.00e+00 0.00e+00 0.00e+00
 Vanadium   0  9.86e-03 9.90e-01 5.01e-05 0.00e+00 0.00e+00 0.00e+00 0.00e+00 0.00e+00 0.00e+00 0.00e+00 0.00e+00 0.00e+00 0.00e+00
 Chromium   0  1.21e-03 9.99e-01 2.14e-04 0.00e+00 0.00e+00 0.00e+00 0.00e+00 0.00e+00 0.00e+00 0.00e+00 0.00e+00 0.00e+00 0.00e+00
 Manganese  0  3.42e-04 1.00e+00 1.18e-04 0.00e+00 0.00e+00 0.00e+00 0.00e+00 0.00e+00 0.00e+00 0.00e+00 0.00e+00 0.00e+00 0.00e+00
 Iron       0  2.91e-04 1.00e+00 6.04e-05 0.00e+00 0.00e+00 0.00e+00 0.00e+00 0.00e+00 0.00e+00 0.00e+00 0.00e+00 0.00e+00 0.00e+00
 Cobalt     0  9.27e-03 9.91e-01 5.29e-07 0.00e+00 0.00e+00 0.00e+00 0.00e+00 0.00e+00 0.00e+00 0.00e+00 0.00e+00 0.00e+00 0.00e+00
 Nickel     0  4.12e-04 1.00e+00 1.73e-12 0.00e+00 0.00e+00 0.00e+00 0.00e+00 0.00e+00 0.00e+00 0.00e+00 0.00e+00 0.00e+00 0.00e+00
 Copper     0  2.07e-02 9.79e-01 3.10e-11 0.00e+00 0.00e+00 0.00e+00 0.00e+00 0.00e+00 0.00e+00 0.00e+00 0.00e+00 0.00e+00 0.00e+00
 Zinc       0  2.80e-02 9.72e-01 2.93e-07 0.00e+00 0.00e+00 0.00e+00 0.00e+00 0.00e+00 0.00e+00 0.00e+00 0.00e+00 0.00e+00 0.00e+00
   IC443 grid point v shock=62 km/s  
   Calculation stopped because H column dens reached. Iteration 2 of 2
   The geometry is plane-parallel.
  !Ionization rate fell below background cosmic ray ionization rate.  Should this be added too?
  !   Use the COSMIC RAY BACKGROUND command.
  !Compton cooling rate underflows to zero.  Is this important?
  !Some input lines contained underscores, these were changed to spaces.
  !There is no hydrogen-ionizing radiation.  Was this intended?
  !Thermal collisional ionization of H reached 83.24% of the local ionization rate.
  !Charge transfer H => H+ reached 86956.6% of the local H ionization rate.
  !Charge transfer heating reached 100.58% of the local heating.
  !Continuum zero at some energies.
  !AGE: Cloud age was not set.  Longest timescale was 1.44e+13 s = 4.55e+05 years.
  !Heating - cooling mismatch =200.0%. Caused by constant temperature assumption. 
  !Mutual neutralization production of H-alpha was significant.
  !Incident radiation field energy density is less than 2.7K.  Add background with CMB command.
  !The CMB was not included.  This is added with the CMB command.
  !The intensity of the incident radiation field is less than 10 times the Habing diffuse ISM field.  Is this OK?
  !   Consider adding diffuse ISM emission with TABLE ISM command.
  !An ionization jump occurred elem S  1, by 175% from 8.70e-02 (zone 1) to 4.07e-01 (zone 2) to 7.12e-01 (zone 3)
   The density is too low to l-mix the lowest H  I collapsed level.  More resolved levels are needed for accurate line ratios.
   The density is too low to l-mix the lowest He I collapsed level.  More resolved levels are needed for accurate line ratios.
   Grains were not present but might survive in this environment (energy density temperature was 0.00e+00K)
   The local H2 cooling rate reached 2.5% of the local cooling.
   H- absorption heating was 48.7% of the total.
   The fraction of F in HF reached 1.51% at some point in the cloud.

                       *********************************> Cloudy 23.01 <**********************************
                       * title IC443 grid point v shock=62 km/s                                          *
                       * hden 2.7172                                                                     *
                       * constant temperature, t=10000 K linear                                          *
                       * stop column density 20.98                                                       *
                       * iterate                                                                         *
                       * save results last "v62.rlt"                                                     *
                       *********************************> Log(U):-37.00 <*********************************

                     Emission Line Spectrum.   Constant  Density Model.    Open geometry.  Iteration 2 of 2.
                                                     Intensity (erg/s/cm^2).


                                                   Intrinsic line intensities
general properties.............................      Co 2                1.12804m   -7.760    0.0070      Fe 2                1.71482m   -7.829    0.0060
TotH                      0    -6.223    0.2421      Co 2                1.54700m   -7.035    0.0373      Fe 2                9949.21A   -8.161    0.0028
TotC                      0    -1.828 6006.0542      Co 2                1.72847m   -8.031    0.0038      Fe 2                7975.22A   -8.346    0.0018
TotM                      0    -6.934    0.0471      Co 2                1.90349m   -7.870    0.0055      Fe 2                1.47063m   -8.599    0.0010
CT H                      0    -6.724    0.0764      Co 2                1.02452m   -7.599    0.0102      Fe 2                1.01273m   -8.275    0.0021
H  1c                     0    -2.701  805.3068      Co 2                1.09726m   -8.226    0.0024      Fe 2                6353.11A   -8.397    0.0016
NOc                       0    -8.278    0.0021      Co 2                1.49674m   -8.463    0.0014      Fe 2                1.80228m   -8.498    0.0013
CNc                       0    -7.238    0.0234      Co 2                1.62622m   -8.451    0.0014      Fe 2                1.00387m   -8.427    0.0015
OHc                       0    -7.979    0.0042      Co 2                1.73616m   -8.157    0.0028      Fe 2                9469.41A   -8.311    0.0020
HFc                       0    -8.002    0.0040      Co 2                1.02803m   -8.196    0.0026      Fe 2                9384.77A   -7.801    0.0064
COc                       0    -4.850    5.7188      Co 2                8580.39A   -8.252    0.0023      Fe 2                2.39329m   -7.851    0.0057
^13COc                    0    -6.371    0.1723      Co 2                9342.40A   -6.948    0.0456      Fe 2                4825.73A   -7.264    0.0220
OH+c                      0    -7.924    0.0048      Co 2                9943.48A   -7.295    0.0205      Fe 2                2.50030m   -8.189    0.0026
CHc                       0    -8.146    0.0029      Co 2                7539.01A   -7.616    0.0098      Fe 2                4867.73A   -8.305    0.0020
CHc                       0    -7.735    0.0074      Co 2                8121.00A   -7.328    0.0190      Fe 2                2.59860m   -8.571    0.0011
Al 1c                     0    -8.467    0.0014      Co 2                8571.41A   -7.935    0.0047      Fe 2                4903.85A   -7.757    0.0071
C  1c                     0    -3.126  302.7366      Co 2                6.21176m   -8.577    0.0011      Fe 2                1.04657m   -8.604    0.0010
C  2c                     0    -5.207    2.5125      Co 2                8027.34A   -7.795    0.0065      Fe 2                3.58120m   -8.196    0.0026
Ca 1c                     0    -6.724    0.0765      Co 2                8467.14A   -8.208    0.0025      Fe 2                3.15558m   -8.226    0.0024
Cl 1c                     0    -7.042    0.0367      Co 2                8333.76A   -7.976    0.0043      Fe 2                5171.63A   -7.565    0.0110
Co 2c                     0    -5.713    0.7829      Cr 2                8000.08A   -5.789    0.6578      Fe 2                5169.03A   -6.806    0.0633
Cr 2c                     0    -5.286    2.0956      Cr 2                8125.30A   -5.863    0.5549      Fe 2                5018.44A   -8.524    0.0012
Fe 1c                     0    -6.124    0.3040      Cr 2                8229.67A   -5.957    0.4466      Fe 2                6044.54A   -8.009    0.0040
Fe 2c                     0    -2.982  421.5552      Cr 2                8308.49A   -6.144    0.2902      Fe 2                5316.61A   -8.489    0.0013
Fe 3c                     0    -7.813    0.0062      Cr 2                8357.64A   -6.442    0.1462      Fe 3                22.9190m   -8.530    0.0012
K  1c                     0    -8.116    0.0031      Fe 1                24.0358m   -6.224    0.2416      Fe 3                4985.87A   -8.393    0.0016
Mg 1c                     0    -4.622    9.6607      Fe 1                34.7038m   -6.812    0.0624      K  1                7664.90A   -8.292    0.0021
Mn 2c                     0    -5.818    0.6156      Fe 2                25.9813m   -4.155   28.2840      K  1                7698.96A   -8.590    0.0010
N  1c                     0    -3.893   51.7437      Fe 2                5.33871m   -3.633   94.2125      Mg 1                2025.82A   -7.887    0.0052
Na 1c                     0    -6.771    0.0685      Fe 2                4.11387m   -5.995    0.4089      Mg 1                2852.13A   -5.137    2.9542
Ni 1c                     0    -7.155    0.0283      Fe 2                1.25668m   -4.904    5.0409      Mg 1                3832.30A   -8.209    0.0025
O  1c                     0    -2.220 2437.0115      Fe 2                1.19129m   -7.689    0.0083      Mg 1                3838.29A   -7.792    0.0065
O  2c                     0    -6.361    0.1763      Fe 2                6309.53A   -8.534    0.0012      Mg 1                4562.60A   -4.943    4.6141
P  2c                     0    -4.968    4.3548      Fe 2                4799.30A   -8.433    0.0015      Mg 1                4571.10A   -5.381    1.6814
S  1c                     0    -4.832    5.9584      Fe 2                4704.22A   -7.657    0.0089      Mg 1                4575.29A   -6.309    0.1985
S  2c                     0    -3.951   45.3140      Fe 2                4632.28A   -5.864    0.5528      Mg 1                5167.32A   -7.468    0.0138
Sc 2c                     0    -7.007    0.0398      Fe 2                4604.48A   -7.648    0.0091      Mg 1                5172.68A   -6.994    0.0411
Si 1c                     0    -7.004    0.0401      Fe 2                4416.27A   -5.846    0.5771      Mg 1                5183.60A   -6.773    0.0682
Si 2c                     0    -2.459 1404.8800      Fe 2                4382.74A   -6.815    0.0619      Mg 1                8806.76A   -7.050    0.0360
Zn 2c                     0    -7.279    0.0213      Fe 2                4287.39A   -4.883    5.2921      Mg 1                1.18282m   -7.213    0.0248
Al 2c                     0    -4.804    6.3579      Fe 2                3931.44A   -8.478    0.0013      Mg 1                1.50250m   -8.034    0.0037
Ca 2c                     0    -3.536  117.7673      Fe 2                3874.07A   -8.109    0.0031      Mg 1                1.50402m   -8.478    0.0013
Cl 2c                     0    -5.359    1.7693      Fe 2                3175.38A   -6.695    0.0817      Mg 1                1.71087m   -7.727    0.0076
Mg 2c                     0    -3.302  201.7796      Fe 2                2599.40A   -7.563    0.0111      Mn 2                2576.10A   -6.201    0.2544
N  2c                     0    -6.515    0.1236      Fe 2                2585.88A   -8.598    0.0010      Mn 2                2593.72A   -6.295    0.2051
Ni 2c                     0    -4.343   18.3657      Fe 2                2382.04A   -5.681    0.8432      Mn 2                2605.68A   -6.435    0.1486
continua.......................................      Fe 2                2343.50A   -8.411    0.0016      Mn 2                3438.97A   -7.844    0.0058
Bac                 3646.00A   -6.222    0.2425      Fe 2                35.3391m   -4.817    6.1657      Mn 2                3460.03A   -8.407    0.0016
nFnu                3645.00A   -3.692   82.1570      Fe 2                6.71944m   -4.773    6.8306      N  1                1134.41A   -8.471    0.0014
nFnu                3647.00A   -3.694   81.9145      Fe 2                4.88781m   -5.659    0.8875      N  1                1134.98A   -8.387    0.0017
cout                3646.00A   -6.523    0.1213      Fe 2                4.07521m   -6.480    0.1339      N  1                1199.55A   -7.764    0.0070
cref                3646.00A   -6.523    0.1213      Fe 2                1.32055m   -5.401    1.6072      N  1                1200.22A   -7.937    0.0047
thin                3646.00A   -6.222    0.2425      Fe 2                1.24854m   -6.435    0.1487      N  1                1200.71A   -8.239    0.0023
Ba C                      0    -6.973    0.0430      Fe 2                1.20512m   -8.247    0.0023      N  1                3466.50A   -6.239    0.2336
PA C                      0    -7.390    0.0165      Fe 2                7637.52A   -5.705    0.7987      N  1                3466.54A   -6.912    0.0496
FIR                 83.0000m   -2.226 2405.2617      Fe 2                7523.28A   -7.752    0.0072      N  1                5197.90A   -4.308   19.9227
TIR                 1800.00m   -4.543   11.5963      Fe 2                4889.62A   -5.728    0.7563      N  1                5200.26A   -4.131   29.8975
NIRa                2.85000m   -2.289 2081.1267      Fe 2                4750.27A   -8.460    0.0014      N  1                1.03977m   -5.743    0.7311
NIRb                3.00000m   -3.444  145.5638      Fe 2                4716.37A   -6.742    0.0733      N  1                1.03982m   -6.266    0.2194
MIRa                15.0000m   -3.539  117.0541      Fe 2                4687.56A   -6.945    0.0459      N  1                1.04072m   -6.091    0.3281
MIRb                22.5000m   -2.417 1549.8995      Fe 2                4492.64A   -6.715    0.0779      N  1                1.04076m   -6.079    0.3376
NMIR                21.7500m   -2.289 2081.1267      Fe 2                4457.95A   -6.114    0.3115      Na 1                5889.95A   -7.072    0.0343
TFIR                611.250m   -3.180  267.2643      Fe 2                4432.45A   -6.907    0.0501      Na 1                5895.92A   -7.072    0.0343
TALL                10000.0A   -1.833 5939.6230      Fe 2                4359.33A   -5.014    3.9186      Ni 1                7.50454m   -7.155    0.0283
F12                 12.0000m   -5.444    1.4560      Fe 2                3224.54A   -7.791    0.0065      O  1                1304.86A   -6.886    0.0526
F25                 25.0000m   -4.054   35.7482      Fe 2                3214.67A   -7.208    0.0250      O  1                1306.03A   -7.240    0.0233
F60                 60.0000m   -2.275 2148.1758      Fe 2                2625.67A   -4.170   27.3605      O  1                1355.60A   -6.929    0.0477
F100                100.000m   -5.487    1.3188      Fe 2                2611.87A   -4.917    4.9010      O  1                1358.51A   -7.323    0.0193
MIPS                24.0000m   -4.054   35.7430      Fe 2                2598.37A   -6.148    0.2875      O  1                2972.29A   -6.392    0.1642
MIPS                70.0000m   -2.276 2144.8716      Fe 2                2395.63A   -5.180    2.6753      O  1                5577.34A   -5.442    1.4625
MIPS                160.000m   -3.307  199.4814      Fe 2                2388.63A   -6.241    0.2324      O  1                6300.30A   -3.748   72.2540
IRAC                3.60000m   -6.665    0.0875      Fe 2                2383.06A   -8.109    0.0031      O  1                6363.78A   -4.244   23.0819
IRAC                4.50000m   -5.345    1.8275      Fe 2                2364.83A   -5.571    1.0862      O  1                6391.73A   -7.572    0.0108
IRAC                5.80000m   -3.632   94.3645      Fe 2                2332.80A   -6.671    0.0862      O  1                44.0453m   -7.911    0.0050
IRAC                8.00000m   -4.640    9.2773      Fe 2                2279.91A   -8.192    0.0026      O  1                63.1679m   -2.276 2143.9634
SPR1                250.000m   -5.658    0.8893      Fe 2                51.2868m   -5.335    1.8695      O  1                145.495m   -3.315  195.9100
SPR2                350.000m   -3.877   53.6932      Fe 2                5.67236m   -6.470    0.1370      O  2                2470.34A   -8.387    0.0017
SPR3                500.000m   -5.875    0.5393      Fe 2                4.60641m   -6.280    0.2124      O  2                7319.99A   -8.581    0.0011
PAC1                70.0000m   -2.275 2145.7034      Fe 2                4.08085m   -7.026    0.0381      O  2                3728.81A   -6.594    0.1030
PAC2                100.000m   -5.486    1.3224      Fe 2                1.37181m   -5.644    0.9174      O  2                3726.03A   -6.770    0.0687
PAC3                160.000m   -3.306  200.0860      Fe 2                1.29427m   -6.220    0.2436      P  2                60.6263m   -5.707    0.7943
PAH                 3.30000m   -7.471    0.0137      Fe 2                7806.23A   -7.477    0.0135      P  2                1532.53A   -8.318    0.0019
PAHC                3.23000m   -7.750    0.0072      Fe 2                7686.93A   -5.782    0.6679      P  2                32.8620m   -5.808    0.6288
PAHC                3.37000m   -7.742    0.0073      Fe 2                7552.40A   -8.261    0.0022      P  2                1.14682m   -5.726    0.7609
PAH                 6.20000m   -7.516    0.0123      Fe 2                4958.23A   -7.579    0.0107      P  2                4669.25A   -7.391    0.0164
PAHC                5.65000m   -6.429    0.1508      Fe 2                4750.57A   -7.576    0.0107      P  2                2195.57A   -7.670    0.0087
PAH                 7.90000m   -6.991    0.0413      Fe 2                4728.07A   -6.377    0.1699      P  2                1536.42A   -8.133    0.0030
PAHC                6.90000m   -4.642    9.2307      Fe 2                4514.90A   -6.739    0.0738      P  2                1535.92A   -8.103    0.0032
PAH                 11.3000m   -7.013    0.0392      Fe 2                4488.75A   -6.458    0.1408      P  2                1.18828m   -5.302    2.0167
PAHC                10.9000m   -6.520    0.1222      Fe 2                4470.30A   -7.662    0.0088      P  2                2210.34A   -7.217    0.0246
PAH                 11.8000m   -8.203    0.0025      Fe 2                4413.78A   -5.165    2.7665      P  2                1542.30A   -8.391    0.0016
PAHC                12.6500m   -6.269    0.2177      Fe 2                3254.24A   -7.268    0.0218      P  2                7875.99A   -6.642    0.0922
PAH                 13.3000m   -8.214    0.0025      Fe 2                3244.18A   -7.563    0.0111      S  1                1483.04A   -8.251    0.0023
PAHC                14.1000m   -5.928    0.4771      Fe 2                2631.32A   -5.113    3.1175      S  1                1820.34A   -6.933    0.0473
Bcon                3640.00A   -2.589 1043.4200      Fe 2                2617.62A   -6.557    0.1122      S  1                1826.24A   -7.416    0.0155
Pcon                5000.00A   -3.004  401.1940      Fe 2                2607.09A   -6.461    0.1400      S  1                25.2421m   -4.882    5.3120
O3bn                5007.00A   -4.867    5.4937      Fe 2                2404.89A   -6.157    0.2821      S  1                56.2957m   -5.841    0.5834
HFFc                      0    -5.753    0.7143      Fe 2                2399.24A   -6.982    0.0421      S  2                6730.82A   -4.373   17.1256
H FF                      0    -7.339    0.0185      Fe 2                2395.42A   -7.960    0.0044      S  2                6716.44A   -4.212   24.8233
MeFB                      0    -7.758    0.0071      Fe 2                2380.76A   -4.988    4.1624      S  2                4076.35A   -5.921    0.4849
MeFF                      0    -8.110    0.0031      Fe 2                2348.30A   -6.718    0.0774      S  2                4068.60A   -5.430    1.5026
ToFF                      0    -7.271    0.0217      Fe 2                2327.40A   -7.305    0.0200      S  2                1.03364m   -6.060    0.3527
Mion                      0    -6.779    0.0672      Fe 2                87.3597m   -6.037    0.3712      S  2                1.02867m   -6.056    0.3554
nFnu                122.400m   -8.280    0.0021      Fe 2                5.06097m   -6.938    0.0467      S  2                1.03705m   -6.381    0.1681
nFnu                60.8322m   -7.907    0.0050      Fe 2                4.43363m   -6.855    0.0564      S  2                1.03205m   -5.923    0.4835
nFnu                41.2152m   -7.693    0.0082      Fe 2                1.40951m   -8.266    0.0022      S  2                1259.52A   -7.700    0.0081
nFnu                30.8695m   -7.532    0.0119      Fe 2                1.32777m   -6.404    0.1596      S  2                1253.81A   -7.777    0.0068
nFnu                24.7829m   -7.407    0.0158      Fe 2                1.27877m   -6.461    0.1400      S  2                1250.58A   -8.090    0.0033
nFnu                24.2998m   -7.396    0.0163      Fe 2                1.25214m   -7.501    0.0128      Sc 2                4246.82A   -8.160    0.0028
nFnu                22.8302m   -7.362    0.0176      Fe 2                7926.88A   -7.739    0.0074      Sc 2                7043.49A   -7.932    0.0047
nFnu                21.4199m   -7.325    0.0191      Fe 2                7803.89A   -7.479    0.0134      Sc 2                8261.17A   -8.446    0.0014
nFnu                21.1235m   -7.315    0.0196      Fe 2                7665.28A   -6.732    0.0750      Sc 2                8271.28A   -8.332    0.0019
nFnu                19.6199m   -7.273    0.0216      Fe 2                5006.63A   -6.879    0.0535      Sc 2                8326.62A   -8.586    0.0010
nFnu                17.6534m   -7.212    0.0248      Fe 2                4772.06A   -7.692    0.0082      Sc 2                8347.28A   -8.151    0.0029
nFnu                17.3700m   -7.202    0.0254      Fe 2                4639.67A   -7.376    0.0170      Sc 2                8384.33A   -8.463    0.0014
nFnu                15.6901m   -7.140    0.0293      Fe 2                4528.39A   -6.987    0.0417      Sc 2                1.07804m   -8.530    0.0012
nFnu                14.6036m   -7.098    0.0323      Fe 2                4509.61A   -7.335    0.0187      Sc 2                2.03194m   -8.068    0.0035
nFnu                12.4300m   -6.997    0.0408      Fe 2                4452.10A   -5.357    1.7764      Sc 2                2.04712m   -8.415    0.0016
nFnu                11.4000m   -6.942    0.0463      Fe 2                3277.55A   -7.492    0.0130      Sc 2                2.07591m   -8.059    0.0035
nFnu                10.4600m   -6.885    0.0527      Fe 2                3277.12A   -8.397    0.0016      Sc 2                2.07842m   -7.893    0.0052
nFnu                9.48002m   -6.822    0.0610      Fe 2                3275.02A   -7.568    0.0109      Sc 2                2.08152m   -8.162    0.0028
nFnu                9.32488m   -6.810    0.0626      Fe 2                2631.05A   -6.303    0.2011      Sc 2                2.11129m   -8.335    0.0019
nFnu                8.21035m   -6.723    0.0765      Fe 2                2620.41A   -8.162    0.0028      Sc 2                2.12445m   -8.334    0.0019
nFnu                7.58000m   -6.667    0.0871      Fe 2                2613.82A   -7.085    0.0333      Si 1                2519.20A   -8.108    0.0032
nFnu                7.05026m   -6.613    0.0986      Fe 2                2410.52A   -6.962    0.0441      Si 1                2528.51A   -7.886    0.0053
nFnu                4.11370m   -6.176    0.2700      Fe 2                2406.66A   -7.224    0.0242      Si 1                68.4548m   -7.394    0.0163
nFnu                2.32440m   -5.621    0.9685      Fe 2                2404.43A   -8.015    0.0039      Si 1                129.641m   -7.465    0.0139
nFnu                1.64313m   -5.255    2.2512      Fe 2                2359.11A   -7.023    0.0384      Si 2                34.8046m   -2.464 1390.8950
nFnu                1.48022m   -5.139    2.9345      Fe 2                2338.01A   -7.097    0.0324      Si 2                2334.41A   -5.618    0.9755
nFnu                1.43649m   -5.105    3.1800      Fe 2                4.67067m   -7.480    0.0134      Si 2                2328.52A   -6.220    0.2439
nFnu                1.11867m   -4.825    6.0518      Fe 2                1.29777m   -6.792    0.0654      Si 2                1808.01A   -5.711    0.7867
nFnu                8329.68A   -4.509   12.5441      Fe 2                1.27034m   -6.663    0.0878      Si 2                1526.71A   -8.254    0.0023
nFnu                8078.61A   -4.476   13.5070      Fe 2                7999.47A   -8.485    0.0013      Si 2                1260.42A   -7.659    0.0089
nFnu                6209.66A   -4.208   25.0422      Fe 2                7874.24A   -6.833    0.0594      Si 2                2350.17A   -5.465    1.3879
nFnu                4885.36A   -3.973   43.0924      Fe 2                7733.14A   -7.379    0.0169      Si 2                2344.20A   -5.071    3.4380
nFnu                3704.34A   -3.708   79.2326      Fe 2                4798.28A   -7.242    0.0232      Si 2                2334.60A   -5.175    2.7047
nFnu                3587.67A   -3.679   84.7367      Fe 2                4664.45A   -7.890    0.0052      Si 2                1817.45A   -5.501    1.2763
nFnu                2430.05A   -3.326  190.8118      Fe 2                4533.01A   -7.882    0.0053      Si 2                1816.93A   -5.214    2.4710
nFnu                2392.03A   -3.312  197.1327      Fe 2                4474.90A   -5.670    0.8653      Si 2                1533.43A   -6.016    0.3903
nFnu                2071.34A   -3.194  258.9803      Fe 2                3289.89A   -7.878    0.0054      Si 2                1309.28A   -6.790    0.0656
nFnu                2052.68A   -3.186  263.7078      Fe 2                3289.46A   -7.657    0.0089      Si 2                1265.00A   -6.584    0.1055
nFnu                1793.44A   -3.089  329.5135      Fe 2                2628.29A   -6.782    0.0669      Si 2                1264.74A   -7.005    0.0400
nFnu                1585.12A   -3.024  382.9733      Fe 2                2621.67A   -7.663    0.0088      Si 2                1197.39A   -6.912    0.0496
nFnu                1458.33A   -3.017  388.7312      Fe 2                2413.31A   -7.482    0.0133      Si 2                1194.50A   -7.165    0.0276
nFnu                1356.96A   -3.057  354.3875      Fe 2                2411.07A   -7.487    0.0132      Si 2                3862.60A   -8.204    0.0025
nFnu                1297.29A   -3.170  273.4405      Fe 2                2344.28A   -7.202    0.0254      Si 2                3856.02A   -8.176    0.0027
nFnu                1262.79A   -3.348  181.3678      Fe 2                17.9311m   -4.621    9.6868      Si 2                6371.37A   -8.121    0.0031
nFnu                1218.08A   -7.516    0.0123      Fe 2                1.64355m   -3.727   75.9223      Si 2                6347.11A   -8.042    0.0037
nFnu                1196.33A   -6.992    0.0412      Fe 2                1.53348m   -4.852    5.6943      Zn 2                2062.00A   -7.694    0.0082
nFnu                1175.06A   -6.939    0.0466      Fe 2                8616.95A   -5.115    3.1035      Zn 2                2025.48A   -7.458    0.0141
nFnu                1143.64A   -7.062    0.0351      Fe 2                7155.17A   -5.243    2.3119      Al 2                2669.15A   -5.252    2.2623
nFnu                1113.22A   -7.175    0.0270      Fe 2                6896.17A   -6.695    0.0816      Al 2                2660.35A   -5.079    3.3753
nFnu                1103.23A   -7.204    0.0253      Fe 2                5413.37A   -7.152    0.0285      Al 2                1670.79A   -5.747    0.7247
nFnu                1073.86A   -7.942    0.0046      Fe 2                5280.27A   -7.689    0.0083      Al 2                3900.67A   -8.488    0.0013
nFnu                1064.34A   -7.983    0.0042      Fe 2                5273.36A   -5.242    2.3148      Ca 2                7323.89A   -4.020   38.6519
nFnu                1035.92A   -8.096    0.0032      Fe 2                5158.79A   -4.631    9.4538      Ca 2                7291.47A   -3.853   56.7936
nFnu                1000.00A   -8.256    0.0022      Fe 2                5111.64A   -5.538    1.1712      Ca 2                3968.47A   -6.283    0.2110
nFnu                925.144A   -8.224    0.0024      Fe 2                5072.41A   -5.284    2.1043      Ca 2                8662.14A   -4.747    7.2442
RRC............................................      Fe 2                5039.10A   -6.718    0.0774      Ca 2                3933.66A   -6.257    0.2236
H  1                3645.98A   -7.395    0.0163      Fe 2                4814.54A   -5.588    1.0450      Ca 2                8498.02A   -5.440    1.4672
H  1                3645.98A   -7.049    0.0362      Fe 2                4774.73A   -6.028    0.3794      Ca 2                8542.09A   -4.494   12.9803
H  1                8203.57A   -8.130    0.0030      Fe 2                4745.49A   -7.080    0.0337      Ca 2                3706.02A   -7.115    0.0310
H  1                8203.57A   -7.736    0.0074      Fe 2                4661.78A   -8.178    0.0027      Ca 2                3736.90A   -6.819    0.0614
H  1                8203.57A   -7.839    0.0059      Fe 2                4243.97A   -4.958    4.4591      Ca 2                3158.87A   -7.138    0.0295
H  1                1.45842m   -8.216    0.0025      Fe 2                4177.20A   -6.048    0.3625      Ca 2                3181.27A   -7.843    0.0058
H  1                1.45842m   -8.212    0.0025      Fe 2                4146.65A   -7.623    0.0096      Ca 2                3179.33A   -6.888    0.0523
H  1                1.45842m   -8.553    0.0011      Fe 2                4114.48A   -7.960    0.0044      Ca 2                1.19497m   -8.543    0.0012
H  1                2.27878m   -8.573    0.0011      Fe 2                3929.35A   -8.213    0.0025      Ca 2                1.18390m   -8.248    0.0023
H  1                2.27878m   -8.537    0.0012      Fe 2                3387.09A   -6.463    0.1393      Ca 2                1838.01A   -8.075    0.0034
Al 1                2070.66A   -8.561    0.0011      Fe 2                3376.20A   -5.665    0.8740      Ca 2                1840.03A   -7.919    0.0049
Si 1                1520.96A   -7.571    0.0109      Fe 2                2732.45A   -6.750    0.0719      Ca 2                2112.76A   -8.547    0.0011
S  1                1196.76A   -8.373    0.0017      Fe 2                2493.30A   -4.352   17.9932      Cl 2                14.3639m   -5.930    0.4756
grains.........................................      Fe 2                2484.20A   -7.843    0.0058      Cl 2                33.2721m   -7.010    0.0395
H-like iso-sequence............................      Fe 2                2360.00A   -6.443    0.1458      Cl 2                8578.70A   -5.618    0.9755
Cool                1215.67A   -2.921  484.7970      Fe 2                2348.12A   -6.549    0.1143      Cl 2                9123.60A   -6.203    0.2538
Crst                960.000A   -3.101  320.5099      Fe 2                2331.31A   -8.061    0.0035      Cl 2                3677.85A   -7.540    0.0117
CION                      0    -5.162    2.7854      Fe 2                24.5126m   -5.321    1.9338      Cl 2                6161.84A   -7.494    0.0130
Dest                1215.67A   -8.500    0.0013      Fe 2                1.80940m   -4.327   19.0386      Mg 2                2802.71A   -3.777   67.6022
Ca B                1215.67A   -5.969    0.4349      Fe 2                1.67688m   -5.277    2.1383      Mg 2                2795.53A   -3.481  133.7692
CaBo                4861.32A   -7.502    0.0127      Fe 2                1.59948m   -5.184    2.6466      Mg 2                2936.52A   -6.708    0.0793
Ca A                1215.67A   -6.159    0.2804      Fe 2                9051.95A   -4.957    4.4715      Mg 2                2928.64A   -7.009    0.0396
Ca A                1025.72A   -6.806    0.0633      Fe 2                8891.93A   -5.381    1.6819      Mg 2                2797.93A   -7.448    0.0144
Ca A                972.537A   -7.216    0.0246      Fe 2                7452.56A   -5.735    0.7447      Mg 2                2790.77A   -6.745    0.0727
Ca A                949.743A   -7.520    0.0122      Fe 2                7172.00A   -5.651    0.9037      Mg 2                2798.00A   -6.492    0.1302
Ca A                937.803A   -7.763    0.0070      Fe 2                6275.53A   -7.608    0.0100      Mg 2                9244.22A   -8.563    0.0011
Ca A                930.748A   -7.965    0.0044      Fe 2                5527.36A   -6.224    0.2414      Mg 2                9218.22A   -8.269    0.0022
Ca A                926.226A   -8.139    0.0029      Fe 2                5440.48A   -7.982    0.0042      N  2                205.283m   -7.793    0.0065
Ca A                923.150A   -8.291    0.0021      Fe 2                5433.15A   -5.756    0.7090      N  2                121.769m   -8.006    0.0040
Ca A                920.963A   -8.427    0.0015      Fe 2                5261.63A   -5.012    3.9387      N  2                6548.05A   -7.161    0.0279
Ca A                919.351A   -8.551    0.0011      Fe 2                5220.08A   -6.287    0.2089      N  2                6583.45A   -6.692    0.0823
Ca A                6562.80A   -7.228    0.0239      Fe 2                5184.80A   -6.183    0.2657      N  2                5754.59A   -8.540    0.0012
Ca A                4861.32A   -7.679    0.0085      Fe 2                5158.01A   -6.132    0.2986      N  2                2142.77A   -8.545    0.0012
Ca A                4340.46A   -8.004    0.0040      Fe 2                4947.39A   -5.532    1.1893      Ni 2                1.19102m   -4.604   10.0718
Ca A                4101.73A   -8.257    0.0022      Fe 2                4905.35A   -5.883    0.5296      Ni 2                6.63416m   -5.231    2.3772
Ca A                3970.07A   -8.466    0.0014      Fe 2                4874.50A   -5.926    0.4799      Ni 2                1.07151m   -6.222    0.2426
Ca A                1.87510m   -8.021    0.0039      Fe 2                4852.74A   -7.287    0.0209      Ni 2                10.6793m   -5.860    0.5590
Ca A                1.28181m   -8.347    0.0018      Fe 2                4346.86A   -5.585    1.0516      Ni 2                1.27792m   -8.046    0.0036
Ca B                6562.80A   -7.047    0.0363      Fe 2                4276.84A   -5.509    1.2533      Ni 2                1.16130m   -6.739    0.0737
Ca B                4861.32A   -7.503    0.0127      Fe 2                4244.82A   -6.321    0.1933      Ni 2                12.7253m   -6.276    0.2141
Ca B                4340.46A   -7.833    0.0059      Fe 2                4231.56A   -7.921    0.0049      Ni 2                9882.95A   -7.489    0.0131
Ca B                4101.73A   -8.090    0.0033      Fe 2                4211.11A   -7.894    0.0052      Ni 2                1.09177m   -7.027    0.0380
Ca B                3970.07A   -8.302    0.0020      Fe 2                3455.11A   -6.569    0.1090      Ni 2                18.2355m   -6.993    0.0411
Ca B                3889.05A   -8.482    0.0013      Fe 2                3452.31A   -6.258    0.2233      Ni 2                9374.87A   -7.781    0.0067
Ca B                1.87510m   -7.974    0.0043      Fe 2                3440.99A   -6.144    0.2903      Ni 2                7377.83A   -5.388    1.6549
Ca B                1.28181m   -8.291    0.0021      Fe 2                2774.73A   -7.990    0.0041      Ni 2                8300.99A   -6.684    0.0837
Ca B                1.09381m   -8.547    0.0011      Fe 2                2759.34A   -8.370    0.0017      Ni 2                1.93877m   -6.096    0.3243
Ca B                4.05115m   -8.599    0.0010      Fe 2                2485.07A   -8.191    0.0026      Ni 2                2.36883m   -7.383    0.0168
H  1                2431.34A   -3.139  293.8799      Fe 2                2391.48A   -7.267    0.0219      Ni 2                2.91064m   -7.052    0.0359
H  1                1215.67A   -2.904  504.4586      Fe 2                2379.28A   -7.915    0.0049      Ni 2                6666.80A   -6.237    0.2345
H  1                6562.80A   -4.845    5.7813      Fe 2                2362.02A   -6.754    0.0713      Ni 2                7411.61A   -6.018    0.3881
H  1                4861.32A   -5.607    1.0000      Fe 2                35.7675m   -6.120    0.3066      Ni 2                1.76458m   -8.163    0.0028
H  1                4340.46A   -5.988    0.4161      Fe 2                1.95361m   -5.238    2.3365      Ni 2                2.04866m   -7.741    0.0073
H  1                4101.73A   -7.670    0.0087      Fe 2                1.80002m   -5.293    2.0623      Ni 2                2.30794m   -7.198    0.0257
H  1                3970.07A   -7.957    0.0045      Fe 2                1.71113m   -5.862    0.5558      Ni 2                6.91767m   -7.497    0.0129
H  1                3889.05A   -8.188    0.0026      Fe 2                1.66377m   -5.481    1.3356      Ni 2                4326.24A   -6.184    0.2650
H  1                3835.38A   -8.381    0.0017      Fe 2                9399.04A   -5.379    1.6918      Ni 2                4628.05A   -6.606    0.1003
H  1                3797.90A   -8.547    0.0011      Fe 2                9226.63A   -5.325    1.9156      Ni 2                6794.20A   -7.662    0.0088
H  1                3770.63A   -8.296    0.0020      Fe 2                9033.49A   -6.400    0.1610      Ni 2                7255.82A   -6.538    0.1171
H  1                3750.15A   -8.410    0.0016      Fe 2                7388.17A   -5.771    0.6855      Ni 2                7694.56A   -7.609    0.0100
H  1                3734.37A   -8.513    0.0012      Fe 2                6440.41A   -6.723    0.0765      Ni 2                8033.54A   -7.773    0.0068
H  1                3721.94A   -8.606    0.0010      Fe 2                6229.28A   -7.874    0.0054      Ni 2                1.04597m   -7.022    0.0384
H  1                1.87510m   -6.379    0.1692      Fe 2                5654.87A   -7.184    0.0265      Ni 2                1.23230m   -7.050    0.0361
H  1                1.28181m   -6.692    0.0823      Fe 2                5556.31A   -6.426    0.1518      Ni 2                4201.17A   -6.366    0.1740
H  1                1.09381m   -8.055    0.0036      Fe 2                5412.67A   -6.953    0.0451      Ni 2                4485.21A   -6.819    0.0613
H  1                1.00494m   -8.361    0.0018      Fe 2                5333.66A   -5.299    2.0333      Ni 2                7307.65A   -6.714    0.0781
H  1                9545.97A   -8.605    0.0010      Fe 2                5296.84A   -6.582    0.1060      Ni 2                7612.72A   -7.043    0.0367
H  1                4.05115m   -7.248    0.0229      Fe 2                5268.89A   -6.302    0.2018      Ni 2                1.13597m   -7.726    0.0076
H  1                2.62515m   -8.234    0.0024      Fe 2                5107.96A   -7.237    0.0234      Ni 2                4285.31A   -7.575    0.0108
H  1                2.16553m   -8.583    0.0011      Fe 2                5049.30A   -5.705    0.7978      Ni 2                6791.48A   -7.289    0.0208
H  1                7.45782m   -8.272    0.0022      Fe 2                5005.52A   -5.759    0.7043      Ni 2                7054.20A   -7.194    0.0259
He-like iso-sequence...........................      Fe 2                4973.40A   -6.027    0.3804      Ni 2                9.61508m   -8.484    0.0013
Pho+                3889.00A   -8.285    0.0021      Fe 2                4950.76A   -6.372    0.1716      Ni 2                4033.04A   -6.633    0.0942
extra Lyman....................................      Fe 2                4352.79A   -5.825    0.6057      Ni 2                4294.09A   -6.753    0.0715
database lines.................................      Fe 2                4319.62A   -6.091    0.3283      Ni 2                6467.29A   -7.786    0.0066
CN                  2648.35m   -8.517    0.0012      Fe 2                4305.90A   -6.893    0.0517      Ni 2                6813.57A   -6.774    0.0680
CN                  2640.74m   -8.218    0.0024      Fe 2                4084.33A   -8.217    0.0025      Ni 2                7078.04A   -7.323    0.0192
CN                  1322.30m   -8.563    0.0011      Fe 2                3504.51A   -6.872    0.0543      Ni 2                1.02090m   -8.104    0.0032
CN                  1321.03m   -8.304    0.0020      Fe 2                3504.02A   -6.729    0.0755      Ni 2                3993.06A   -6.287    0.2088
CN                  881.421m   -8.554    0.0011      Fe 2                3501.63A   -6.293    0.2062      Ni 2                4248.80A   -6.763    0.0699
CN                  880.858m   -8.396    0.0016      Fe 2                3489.99A   -6.972    0.0431      Ni 2                6007.06A   -7.877    0.0054
CN                  661.044m   -8.473    0.0014      Fe 2                2385.01A   -7.575    0.0108      Ni 2                6365.10A   -6.761    0.0701
CN                  660.727m   -8.359    0.0018      Fe 2                2.06648m   -6.632    0.0944      Ni 2                6700.24A   -8.154    0.0028
CN                  528.842m   -8.572    0.0011      Fe 2                1.89541m   -6.028    0.3789      Ni 2                6955.82A   -8.189    0.0026
CN                  528.639m   -8.481    0.0013      Fe 2                1.79711m   -5.515    1.2349      Ni 2                8703.87A   -7.216    0.0246
CN                  440.721m   -8.595    0.0010      Fe 2                1.74494m   -5.804    0.6355      Ni 2                9956.63A   -7.443    0.0146
CN                  440.580m   -8.519    0.0012      Fe 2                9652.70A   -6.227    0.2396      Ni 2                5.18504m   -8.222    0.0024
HF                  243.178m   -8.103    0.0032      Fe 2                9470.94A   -5.715    0.7794      Ni 2                3438.88A   -6.476    0.1351
CO                  2600.05m   -8.464    0.0014      Fe 2                9267.56A   -6.097    0.3237      Ni 2                3626.89A   -6.784    0.0666
CO                  1300.05m   -7.041    0.0368      Fe 2                7544.00A   -8.410    0.0016      Ni 2                3378.16A   -7.090    0.0329
CO                  866.727m   -6.525    0.1207      Fe 2                6558.51A   -6.937    0.0468      Ni 2                3559.41A   -7.070    0.0345
CO                  650.074m   -6.318    0.1945      Fe 2                5745.71A   -7.555    0.0113      level 1 lines..................................
CO                  520.089m   -6.223    0.2419      Fe 2                5643.98A   -7.398    0.0162      recombination..................................
CO                  433.438m   -6.168    0.2748      Fe 2                5495.84A   -7.230    0.0238      level2 lines...................................
CO                  371.549m   -6.145    0.2898      Fe 2                5376.47A   -5.693    0.8203      C  1                1247.50A   -7.435    0.0149
CO                  325.137m   -6.132    0.2983      Fe 2                5347.66A   -6.807    0.0630      C  1                1314.77A   -7.356    0.0178
CO                  289.041m   -6.131    0.2994      Fe 2                5181.96A   -7.083    0.0334      C  1                1233.29A   -7.962    0.0044
CO                  260.169m   -6.136    0.2957      Fe 2                5076.57A   -6.363    0.1752      C  1                1250.68A   -8.117    0.0031
CO                  236.549m   -6.149    0.2874      Fe 2                5043.53A   -6.233    0.2364      Mg 1                1817.31A   -8.335    0.0019
CO                  216.868m   -6.169    0.2739      Fe 2                5020.25A   -6.350    0.1809      Mg 1                1739.09A   -8.549    0.0011
CO                  200.218m   -6.194    0.2590      Fe 2                4372.43A   -6.365    0.1745      Mg 1                1699.05A   -8.563    0.0011
CO                  185.949m   -6.215    0.2464      Fe 2                4358.37A   -6.576    0.1073      Mg 1                1675.74A   -8.555    0.0011
CO                  173.584m   -6.240    0.2330      Fe 2                4080.00A   -8.248    0.0023      Mg 1                1660.94A   -8.568    0.0011
CO                  162.767m   -6.266    0.2191      Fe 2                3539.19A   -6.577    0.1072      Si 2                1179.59A   -7.777    0.0068
CO                  153.225m   -6.295    0.2052      Fe 2                3538.69A   -6.870    0.0545      S  1                1356.05A   -7.953    0.0045
CO                  144.745m   -6.325    0.1916      Fe 2                3536.25A   -6.996    0.0408      S  1                1392.25A   -8.364    0.0017
CO                  137.159m   -6.356    0.1783      Fe 2                3524.38A   -8.304    0.0020      S  1                1418.10A   -8.575    0.0011
CO                  130.333m   -6.387    0.1659      Fe 2                22.8961m   -7.626    0.0096      Ca 2                1360.06A   -8.583    0.0011
CO                  124.160m   -6.424    0.1523      Fe 2                1.81139m   -7.905    0.0050      Fe 1                2484.25A   -8.234    0.0024
CO                  118.548m   -6.464    0.1389      Fe 2                7764.71A   -7.111    0.0313      Fe 1                2526.51A   -8.470    0.0014
CO                  113.427m   -6.505    0.1265      Fe 2                7336.73A   -7.401    0.0161      Sc 2                3627.22A   -6.930    0.0475
CO                  108.733m   -6.548    0.1146      Fe 2                7267.25A   -8.369    0.0017      Sc 2                3575.45A   -7.052    0.0359
CO                  104.416m   -6.591    0.1037      Fe 2                6809.24A   -7.378    0.0169      Sc 2                3368.13A   -7.615    0.0098
CO                  100.433m   -6.636    0.0935      Fe 2                6729.87A   -7.659    0.0089      Ti 2                3364.74A   -5.357    1.7801
CO                  96.7462m   -6.683    0.0839      Fe 2                6671.93A   -8.222    0.0024      Ti 2                3237.15A   -5.596    1.0249
CO                  93.3237m   -6.732    0.0750      Fe 2                5721.37A   -8.496    0.0013      Ti 2                1904.17A   -7.466    0.0138
CO                  90.1384m   -6.782    0.0668      Fe 2                5163.96A   -7.405    0.0159      Ti 2                1907.36A   -7.208    0.0251
CO                  87.1666m   -6.835    0.0592      Fe 2                4266.35A   -8.108    0.0032      V  2                2710.94A   -7.681    0.0084
CO                  84.3877m   -6.888    0.0524      Fe 2                4249.08A   -8.379    0.0017      V  2                2684.22A   -7.446    0.0145
CO                  81.7835m   -6.943    0.0461      Fe 2                4157.92A   -8.381    0.0017      V  2                2139.33A   -8.065    0.0035
CO                  79.3383m   -7.000    0.0404      Fe 2                3277.35A   -6.879    0.0534      Cr 1                4269.56A   -8.223    0.0024
CO                  77.0375m   -7.059    0.0353      Fe 2                3255.89A   -8.120    0.0031      Cr 1                3589.90A   -8.041    0.0037
CO                  74.8697m   -7.119    0.0308      Fe 2                2926.59A   -7.688    0.0083      Cr 2                2059.78A   -5.956    0.4477
CO                  72.8231m   -7.181    0.0267      Fe 2                2880.76A   -7.465    0.0139      Mn 2                1198.85A   -8.312    0.0020
CO                  70.8878m   -7.244    0.0231      Fe 2                2755.74A   -5.805    0.6338      Co 2                2060.90A   -7.421    0.0154
CO                  69.0557m   -7.307    0.0200      Fe 2                2739.55A   -6.465    0.1388      Co 2                2018.80A   -7.455    0.0142
CO                  67.3181m   -7.372    0.0172      Fe 2                2716.70A   -6.689    0.0828      Co 2                1949.74A   -7.534    0.0118
CO                  65.6684m   -7.437    0.0148      Fe 2                34.6508m   -8.497    0.0013      Co 2                1575.91A   -8.064    0.0035
CO                  64.0998m   -7.503    0.0127      Fe 2                1.00287m   -7.098    0.0323      Co 2                1470.18A   -8.141    0.0029
CO                  62.6072m   -7.569    0.0109      Fe 2                8245.16A   -8.597    0.0010      Ni 2                1751.83A   -6.991    0.0413
CO                  61.1843m   -7.637    0.0093      Fe 2                8037.28A   -7.628    0.0095      Ni 2                1744.24A   -6.797    0.0645
CO                  59.8271m   -7.704    0.0080      Fe 2                7579.61A   -8.120    0.0031      Ni 2                1484.97A   -8.131    0.0030
CO                  58.5311m   -7.772    0.0068      Fe 2                7017.95A   -8.038    0.0037      Ni 2                1472.74A   -7.813    0.0062
CO                  57.2920m   -7.841    0.0058      Fe 2                6933.67A   -8.404    0.0016      Ni 2                1400.37A   -8.127    0.0030
CO                  56.1066m   -7.911    0.0050      Fe 2                6872.19A   -7.570    0.0109      Ni 2                1375.73A   -7.777    0.0068
CO                  54.9712m   -7.982    0.0042      Fe 2                6829.03A   -8.604    0.0010      Ni 2                1324.11A   -7.882    0.0053
CO                  53.8829m   -8.053    0.0036      Fe 2                5746.98A   -7.455    0.0142      hyperfine structure............................
CO                  52.8388m   -8.125    0.0030      Fe 2                5283.12A   -8.013    0.0039      inner shell....................................
CO                  51.8365m   -8.197    0.0026      Fe 2                5199.18A   -8.229    0.0024      molecules......................................
CO                  50.8731m   -8.269    0.0022      Fe 2                4351.81A   -8.378    0.0017      H2 l                2.00000m   -3.432  149.7164
CO                  49.9472m   -8.342    0.0018      Fe 2                4347.36A   -7.748    0.0072      H2 v                      0    -5.060    3.5226
CO                  49.0559m   -8.416    0.0016      Fe 2                4329.43A   -7.094    0.0326      H-FB                      0    -5.532    1.1892
CO                  48.1977m   -8.492    0.0013      Fe 2                2953.77A   -8.472    0.0014      H-FF                      0    -5.766    0.6926
CO                  47.3709m   -8.568    0.0011      Fe 2                2772.73A   -6.526    0.1206      H-CT                6562.80A   -6.543    0.1160
^13CO               1359.86m   -8.604    0.0010      Fe 2                2749.32A   -6.655    0.0896      H- H                      0    -6.536    0.1179
^13CO               906.599m   -8.055    0.0036      Fe 2                9795.19A   -7.876    0.0054      H2+                       0    -5.934    0.4714
^13CO               679.978m   -7.830    0.0060      Fe 2                8228.13A   -7.791    0.0065      bands..........................................
^13CO               544.012m   -7.728    0.0076      Fe 2                7613.14A   -8.199    0.0026      Fe 2b               2500.00A   -3.791   65.5038
^13CO               453.374m   -7.669    0.0087      Fe 2                7011.24A   -8.606    0.0010      Fe 2b               5000.00A   -3.846   57.7348
^13CO               388.637m   -7.644    0.0092      Fe 2                6966.33A   -7.963    0.0044      Fe 2b               7000.00A   -4.788    6.5937
^13CO               340.088m   -7.631    0.0095      Fe 2                5477.25A   -7.960    0.0044      Fe 2b               10000.0A   -3.468  137.6270
^13CO               302.332m   -7.629    0.0095      Fe 2                5278.38A   -8.427    0.0015      Fe 2b               2355.00A   -4.603   10.0850
^13CO               272.130m   -7.634    0.0094      Fe 2                4402.59A   -8.214    0.0025      Fe 2b               2430.00A   -3.799   64.3357
^13CO               247.423m   -7.646    0.0091      Fe 2                4384.21A   -8.146    0.0029      Fe 2b               2445.00A   -3.799   64.3357
^13CO               226.836m   -7.667    0.0087      Fe 2                1.05081m   -8.356    0.0018      Fe 2b               2495.00A   -4.352   18.0027
^13CO               209.419m   -7.692    0.0082      Fe 2                7710.80A   -8.510    0.0012      Fe 2b               2610.00A   -4.048   36.2436
^13CO               194.493m   -7.715    0.0078      Fe 2                7048.01A   -8.176    0.0027      Fe 2b               2695.00A   -6.689    0.0828
^13CO               181.558m   -7.740    0.0074      Fe 2                5901.28A   -8.406    0.0016      Fe 2b               2758.00A   -5.581    1.0606
^13CO               170.243m   -7.768    0.0069      Fe 2                5527.62A   -8.518    0.0012      Fe 2b               2780.00A   -5.543    1.1577
^13CO               160.261m   -7.798    0.0064      Fe 2                2.04602m   -7.043    0.0366      Fe 2b               2935.00A   -7.221    0.0243
^13CO               151.390m   -7.829    0.0060      Fe 2                1.41956m   -7.598    0.0102      Fe 2b               2960.00A   -7.587    0.0105
^13CO               143.454m   -7.862    0.0056      Fe 2                1.35904m   -8.404    0.0016      Fe 2b               3180.00A   -6.199    0.2556
^13CO               136.314m   -7.895    0.0052      Fe 2                1.23314m   -7.392    0.0164      Fe 2b               3250.00A   -5.504    1.2690
^13CO               129.855m   -7.935    0.0047      Fe 2                1.09108m   -7.315    0.0196      Fe 2b               3590.00A   -5.525    1.2087
^13CO               123.985m   -7.976    0.0043      Fe 2                1.07084m   -7.753    0.0071      Fe 2b               3910.00A   -7.573    0.0108
^13CO               118.627m   -8.020    0.0039      Fe 2                1.05625m   -8.204    0.0025      Fe 2b               4060.00A   -8.231    0.0024
^13CO               113.717m   -8.066    0.0035      Fe 2                1.01565m   -8.006    0.0040      Fe 2b               4255.00A   -4.279   21.2907
^13CO               109.201m   -8.114    0.0031      Fe 2                8119.18A   -8.481    0.0013      Fe 2b               4558.00A   -5.009    3.9630
^13CO               105.034m   -8.165    0.0028      Fe 2                5588.16A   -7.309    0.0199      Fe 2b               4600.00A   -4.979    4.2435
^13CO               101.176m   -8.218    0.0024      Fe 2                5586.91A   -8.171    0.0027      Fe 2b               4743.00A   -5.728    0.7568
^13CO               97.5955m   -8.274    0.0022      Fe 2                5580.82A   -6.740    0.0736      Fe 2b               4855.00A   -5.149    2.8708
^13CO               94.2629m   -8.334    0.0019      Fe 2                5551.32A   -6.458    0.1409      Fe 2b               4920.00A   -4.635    9.3855
^13CO               91.1537m   -8.397    0.0016      Fe 2                3227.74A   -8.081    0.0034      Fe 2b               4975.00A   -5.164    2.7714
^13CO               88.2461m   -8.464    0.0014      Fe 2                3196.07A   -7.691    0.0082      Fe 2b               4971.00A   -5.207    2.5107
^13CO               85.5213m   -8.537    0.0012      Fe 2                2.13278m   -7.298    0.0204      Fe 2b               5070.00A   -5.086    3.3185
C  1                1560.31A   -7.235    0.0235      Fe 2                1.46079m   -8.144    0.0029      Fe 2b               5143.00A   -4.552   11.3367
C  1                1560.68A   -7.216    0.0246      Fe 2                1.39678m   -8.206    0.0025      Fe 2b               5270.00A   -4.268   21.8300
C  1                1560.71A   -7.461    0.0140      Fe 2                1.30943m   -8.225    0.0024      Fe 2b               5318.00A   -4.586   10.4929
C  1                1561.34A   -6.812    0.0624      Fe 2                1.24364m   -8.411    0.0016      Fe 2b               5540.00A   -5.733    0.7476
C  1                1561.37A   -7.380    0.0169      Fe 2                1.09413m   -7.512    0.0124      Fe 2b               5865.00A   -6.333    0.1881
C  1                1561.44A   -6.732    0.0750      Fe 2                1.07890m   -7.608    0.0100      Fe 2b               6265.00A   -7.144    0.0290
C  1                1656.27A   -6.509    0.1254      Fe 2                1.06830m   -8.366    0.0017      Fe 2b               6565.00A   -6.489    0.1313
C  1                1656.93A   -6.966    0.0438      Fe 2                1.03658m   -8.377    0.0017      Fe 2b               6910.00A   -6.428    0.1510
C  1                1657.01A   -6.209    0.2502      Fe 2                5650.95A   -7.287    0.0209      Fe 2b               7445.00A   -4.809    6.2772
C  1                1657.38A   -7.021    0.0385      Fe 2                5649.67A   -7.261    0.0222      Fe 2b               8625.00A   -4.477   13.4852
C  1                1657.91A   -6.544    0.1157      Fe 2                5643.44A   -8.399    0.0016      Fe 2b               1.03250m   -5.535    1.1809
C  1                1658.12A   -6.770    0.0687      Fe 2                5613.27A   -6.674    0.0857      Fe 2b               1.88900m   -4.184   26.5095
C  1                1930.90A   -8.220    0.0024      Fe 2                2.24366m   -7.636    0.0093      Fe 2b               2.20000m   -6.267    0.2187
C  1                1992.01A   -7.950    0.0045      Fe 2                2.00672m   -6.982    0.0422      miscellaneous..................................
C  1                1993.62A   -6.649    0.0908      Fe 2                1.10657m   -7.856    0.0056      Blnd                8446.00A   -8.328    0.0019
C  1                2582.90A   -7.914    0.0049      Fe 2                1.09542m   -7.959    0.0044      Blnd                1304.00A   -6.723    0.0765
C  1                8727.13A   -8.325    0.0019      Fe 2                5725.92A   -7.559    0.0112      Blnd                2798.00A   -3.303  201.3715
C  1                9824.13A   -3.832   59.6136      Fe 2                5718.22A   -7.008    0.0397      Blnd                6720.00A   -3.984   41.9489
C  1                9850.26A   -3.356  178.0967      Fe 2                2.22379m   -6.391    0.1644      Blnd                4074.00A   -5.309    1.9875
C  1                370.269m   -3.882   53.1292      Fe 2                2.01513m   -6.712    0.0785      Blnd                1.03300m   -5.418    1.5469
C  1                609.590m   -4.567   10.9551      Fe 2                9682.08A   -7.221    0.0243      Blnd                1256.00A   -7.349    0.0181
C  2                1334.53A   -8.433    0.0015      Fe 2                9513.85A   -8.029    0.0038      Blnd                5892.00A   -6.771    0.0686
C  2                1335.66A   -8.076    0.0034      Fe 2                8715.81A   -7.854    0.0057      Blnd                2665.00A   -4.856    5.6377
C  2                1335.71A   -8.103    0.0032      Fe 2                6873.84A   -7.519    0.0123      Blnd                2335.00A   -4.665    8.7501
C  2                2323.50A   -7.894    0.0052      Fe 2                6700.65A   -8.490    0.0013      Blnd                8579.00A   -4.271   21.6916
C  2                2324.69A   -7.594    0.0103      Fe 2                6188.55A   -7.697    0.0081      Blnd                7306.00A   -3.627   95.4455
C  2                2325.40A   -7.059    0.0353      Fe 2                5870.02A   -7.951    0.0045      Blnd                3933.00A   -5.969    0.4346
C  2                2326.93A   -7.112    0.0313      Fe 2                5673.20A   -7.985    0.0042      Blnd                1657.00A   -5.799    0.6422
C  2                2328.12A   -7.541    0.0116      Fe 2                4898.61A   -7.721    0.0077      Blnd                9850.00A   -3.231  237.7103
C  2                157.636m   -5.224    2.4149      Fe 2                2.25348m   -7.229    0.0239      Blnd                2326.00A   -6.635    0.0937
Ca 1                4226.73A   -6.818    0.0616      Fe 2                1.02005m   -8.436    0.0015      Blnd                1335.00A   -7.699    0.0081
Ca 1                6439.08A   -7.751    0.0072      Fe 2                1.00139m   -7.880    0.0053      Blnd                3467.00A   -6.155    0.2832
Ca 1                6462.57A   -8.022    0.0038      Fe 2                9133.66A   -8.602    0.0010      Blnd                5199.00A   -3.910   49.8202
Ca 1                6493.78A   -8.250    0.0023      Fe 2                8885.67A   -8.329    0.0019      Blnd                1.04030m   -5.398    1.6162
Cl 1                11.3303m   -7.042    0.0367      Fe 2                7131.14A   -8.493    0.0013      Blnd                2141.00A   -8.397    0.0016
Co 2                9335.96A   -7.743    0.0073      Fe 2                6944.91A   -8.063    0.0035      Blnd                6300.00A   -3.628   95.3467
Co 2                9639.13A   -8.181    0.0027      Fe 2                6473.88A   -8.098    0.0032      Blnd                2471.00A   -8.284    0.0021
Co 2                10.5199m   -6.577    0.1071      Fe 2                6044.10A   -8.531    0.0012      Blnd                7323.00A   -8.452    0.0014
Co 2                15.4548m   -7.463    0.0139      Fe 2                5835.45A   -8.199    0.0026      Blnd                7332.00A   -8.533    0.0012
Co 2                2.98382m   -6.064    0.3491      Fe 2                5060.09A   -8.280    0.0021      Blnd                3727.00A   -6.372    0.1716
Co 2                14.7345m   -7.106    0.0317      Fe 2                4576.40A   -8.533    0.0012      Blnd                7325.00A   -8.189    0.0026
Co 2                18.7989m   -7.626    0.0096      Fe 2                1.34608m   -8.578    0.0011      N 1C                5199.00A   -7.896    0.0051
Co 2                25.6819m   -8.314    0.0020      Fe 2                1.11648m   -8.394    0.0016      N 1T                5199.00A   -7.994    0.0041
Co 2                1.01879m   -6.789    0.0657      Fe 2                5048.19A   -8.247    0.0023

                                                    Emergent line intensities
general properties.............................      Fe 2                1.40951m   -8.266    0.0022      N  1                1134.41A   -8.604    0.0010
continua.......................................      Fe 2                1.32777m   -6.404    0.1597      N  1                1134.98A   -8.513    0.0012
FIR                 83.0000m   -2.226 2407.6375      Fe 2                1.27877m   -6.461    0.1400      N  1                1199.55A   -7.768    0.0069
TIR                 1800.00m   -4.543   11.6077      Fe 2                1.25214m   -7.501    0.0128      N  1                1200.22A   -7.941    0.0046
NIRa                2.85000m   -2.289 2083.1824      Fe 2                7926.88A   -7.739    0.0074      N  1                1200.71A   -8.243    0.0023
NIRb                3.00000m   -3.444  145.7075      Fe 2                7803.89A   -7.480    0.0134      N  1                3466.50A   -6.239    0.2337
MIRa                15.0000m   -3.539  117.1697      Fe 2                7665.28A   -6.732    0.0750      N  1                3466.54A   -6.912    0.0496
MIRb                22.5000m   -2.417 1551.4304      Fe 2                5006.63A   -6.879    0.0535      N  1                5197.90A   -4.308   19.9215
NMIR                21.7500m   -2.289 2083.1824      Fe 2                4772.06A   -7.693    0.0082      N  1                5200.26A   -4.132   29.8957
TFIR                611.250m   -3.180  267.5283      Fe 2                4639.67A   -7.376    0.0170      N  1                1.03977m   -5.744    0.7309
TALL                10000.0A   -1.841 5839.3057      Fe 2                4528.39A   -6.987    0.0417      N  1                1.03982m   -6.266    0.2193
F12                 12.0000m   -5.444    1.4574      Fe 2                4509.61A   -7.335    0.0187      N  1                1.04072m   -6.091    0.3280
F25                 25.0000m   -4.054   35.7835      Fe 2                4452.10A   -5.358    1.7765      N  1                1.04076m   -6.079    0.3375
F60                 60.0000m   -2.275 2150.2976      Fe 2                3277.55A   -7.493    0.0130      Na 1                5889.95A   -7.072    0.0343
F100                100.000m   -5.487    1.3201      Fe 2                3277.12A   -8.397    0.0016      Na 1                5895.92A   -7.072    0.0343
MIPS                24.0000m   -4.054   35.7783      Fe 2                3275.02A   -7.569    0.0109      Ni 1                7.50454m   -7.155    0.0283
MIPS                70.0000m   -2.276 2146.9902      Fe 2                2631.05A   -6.304    0.2012      O  1                1304.86A   -6.891    0.0520
MIPS                160.000m   -3.307  199.6784      Fe 2                2620.41A   -8.162    0.0028      O  1                1306.03A   -7.245    0.0230
IRAC                3.60000m   -6.665    0.0876      Fe 2                2613.82A   -7.085    0.0333      O  1                1355.60A   -6.936    0.0469
IRAC                4.50000m   -5.345    1.8293      Fe 2                2410.52A   -6.963    0.0441      O  1                1358.51A   -7.330    0.0189
IRAC                5.80000m   -3.632   94.4577      Fe 2                2406.66A   -7.224    0.0242      O  1                2972.29A   -6.392    0.1643
IRAC                8.00000m   -4.640    9.2865      Fe 2                2404.43A   -8.015    0.0039      O  1                5577.34A   -5.442    1.4623
SPR1                250.000m   -5.658    0.8902      Fe 2                2359.11A   -7.023    0.0384      O  1                6300.30A   -3.749   72.2377
SPR2                350.000m   -3.877   53.7463      Fe 2                2338.01A   -7.097    0.0324      O  1                6363.78A   -4.244   23.0765
SPR3                500.000m   -5.875    0.5398      Fe 2                4.67067m   -7.480    0.0134      O  1                6391.73A   -7.573    0.0108
PAC1                70.0000m   -2.275 2147.8228      Fe 2                1.29777m   -6.792    0.0654      O  1                44.0453m   -7.911    0.0050
PAC2                100.000m   -5.486    1.3237      Fe 2                1.27034m   -6.664    0.0878      O  1                63.1679m   -2.276 2146.0811
PAC3                160.000m   -3.306  200.2836      Fe 2                7999.47A   -8.486    0.0013      O  1                145.495m   -3.315  196.1035
PAH                 3.30000m   -7.471    0.0137      Fe 2                7874.24A   -6.834    0.0594      O  2                2470.34A   -8.387    0.0017
PAHC                3.23000m   -7.750    0.0072      Fe 2                7733.14A   -7.380    0.0169      O  2                7319.99A   -8.581    0.0011
PAHC                3.37000m   -7.742    0.0073      Fe 2                4798.28A   -7.243    0.0232      O  2                3728.81A   -6.595    0.1030
PAH                 6.20000m   -7.516    0.0123      Fe 2                4664.45A   -7.890    0.0052      O  2                3726.03A   -6.771    0.0687
PAHC                5.65000m   -6.429    0.1510      Fe 2                4533.01A   -7.882    0.0053      P  2                60.6263m   -5.707    0.7951
PAH                 7.90000m   -6.991    0.0414      Fe 2                4474.90A   -5.670    0.8653      P  2                1532.53A   -8.320    0.0019
PAHC                6.90000m   -4.642    9.2398      Fe 2                3289.89A   -7.878    0.0054      P  2                32.8620m   -5.808    0.6294
PAH                 11.3000m   -7.013    0.0393      Fe 2                3289.46A   -7.658    0.0089      P  2                1.14682m   -5.726    0.7608
PAHC                10.9000m   -6.520    0.1223      Fe 2                2628.29A   -6.782    0.0669      P  2                4669.25A   -7.391    0.0164
PAH                 11.8000m   -8.203    0.0025      Fe 2                2621.67A   -7.663    0.0088      P  2                2195.57A   -7.670    0.0087
PAHC                12.6500m   -6.269    0.2179      Fe 2                2413.31A   -7.482    0.0134      P  2                1536.42A   -8.136    0.0030
PAH                 13.3000m   -8.214    0.0025      Fe 2                2411.07A   -7.488    0.0132      P  2                1535.92A   -8.106    0.0032
PAHC                14.1000m   -5.928    0.4776      Fe 2                2344.28A   -7.202    0.0254      P  2                1.18828m   -5.303    2.0166
Bcon                3640.00A   -2.589 1043.7633      Fe 2                17.9311m   -4.621    9.6964      P  2                2210.34A   -7.217    0.0246
Pcon                5000.00A   -3.004  401.1758      Fe 2                1.64355m   -3.727   75.9971      P  2                1542.30A   -8.393    0.0016
O3bn                5007.00A   -4.868    5.4938      Fe 2                1.53348m   -4.852    5.6986      P  2                7875.99A   -6.643    0.0922
RRC............................................      Fe 2                8616.95A   -5.116    3.1023      S  1                1483.04A   -8.260    0.0022
grains.........................................      Fe 2                7155.17A   -5.244    2.3111      S  1                1820.34A   -6.933    0.0473
H-like iso-sequence............................      Fe 2                6896.17A   -6.696    0.0815      S  1                1826.24A   -7.416    0.0155
H  1                1215.67A   -2.909  499.7786      Fe 2                5413.37A   -7.153    0.0285      S  1                25.2421m   -4.882    5.3173
H  1                6562.80A   -4.845    5.7798      Fe 2                5280.27A   -7.690    0.0083      S  1                56.2957m   -5.841    0.5839
H  1                4861.32A   -5.607    1.0000      Fe 2                5273.36A   -5.243    2.3147      S  2                6730.82A   -4.374   17.1209
H  1                4340.46A   -5.988    0.4162      Fe 2                5158.79A   -4.632    9.4533      S  2                6716.44A   -4.213   24.8164
H  1                4101.73A   -7.670    0.0087      Fe 2                5111.64A   -5.539    1.1712      S  2                4076.35A   -5.922    0.4850
H  1                3970.07A   -7.957    0.0045      Fe 2                5072.41A   -5.284    2.1042      S  2                4068.60A   -5.430    1.5028
H  1                3889.05A   -8.189    0.0026      Fe 2                5039.10A   -6.719    0.0774      S  2                1.03364m   -6.060    0.3526
H  1                3835.38A   -8.382    0.0017      Fe 2                4814.54A   -5.588    1.0450      S  2                1.02867m   -6.057    0.3552
H  1                3797.90A   -8.547    0.0011      Fe 2                4774.73A   -6.028    0.3794      S  2                1.03705m   -6.382    0.1681
H  1                3770.63A   -8.296    0.0020      Fe 2                4745.49A   -7.080    0.0337      S  2                1.03205m   -5.923    0.4833
H  1                3750.15A   -8.410    0.0016      Fe 2                4661.78A   -8.178    0.0027      S  2                1259.52A   -7.705    0.0080
H  1                3734.37A   -8.513    0.0012      Fe 2                4243.97A   -4.958    4.4597      S  2                1253.81A   -7.782    0.0067
H  1                3721.94A   -8.606    0.0010      Fe 2                4177.20A   -6.048    0.3626      S  2                1250.58A   -8.095    0.0033
H  1                1.87510m   -6.379    0.1693      Fe 2                4146.65A   -7.623    0.0096      Sc 2                4246.82A   -8.161    0.0028
H  1                1.28181m   -6.692    0.0823      Fe 2                4114.48A   -7.961    0.0044      Sc 2                7043.49A   -7.933    0.0047
H  1                1.09381m   -8.056    0.0036      Fe 2                3929.35A   -8.213    0.0025      Sc 2                8261.17A   -8.447    0.0014
H  1                1.00494m   -8.362    0.0018      Fe 2                3387.09A   -6.463    0.1393      Sc 2                8271.28A   -8.333    0.0019
H  1                9545.97A   -8.605    0.0010      Fe 2                3376.20A   -5.666    0.8743      Sc 2                8326.62A   -8.587    0.0010
H  1                4.05115m   -7.248    0.0229      Fe 2                2732.45A   -6.751    0.0719      Sc 2                8347.28A   -8.152    0.0029
H  1                2.62515m   -8.234    0.0024      Fe 2                2493.30A   -4.352   18.0023      Sc 2                8384.33A   -8.464    0.0014
H  1                2.16553m   -8.583    0.0011      Fe 2                2484.20A   -7.844    0.0058      Sc 2                1.07804m   -8.530    0.0012
H  1                7.45782m   -8.272    0.0022      Fe 2                2360.00A   -6.443    0.1459      Sc 2                2.03194m   -8.068    0.0035
He-like iso-sequence...........................      Fe 2                2348.12A   -6.549    0.1143      Sc 2                2.04712m   -8.415    0.0016
extra Lyman....................................      Fe 2                2331.31A   -8.061    0.0035      Sc 2                2.07591m   -8.059    0.0035
database lines.................................      Fe 2                24.5126m   -5.321    1.9357      Sc 2                2.07842m   -7.893    0.0052
CN                  2648.35m   -8.517    0.0012      Fe 2                1.80940m   -4.327   19.0574      Sc 2                2.08152m   -8.162    0.0028
CN                  2640.74m   -8.218    0.0025      Fe 2                1.67688m   -5.277    2.1404      Sc 2                2.11129m   -8.335    0.0019
CN                  1322.30m   -8.563    0.0011      Fe 2                1.59948m   -5.184    2.6491      Sc 2                2.12445m   -8.334    0.0019
CN                  1321.03m   -8.304    0.0020      Fe 2                9051.95A   -4.957    4.4698      Si 1                2519.20A   -8.108    0.0032
CN                  881.421m   -8.554    0.0011      Fe 2                8891.93A   -5.382    1.6813      Si 1                2528.51A   -7.886    0.0053
CN                  880.858m   -8.396    0.0016      Fe 2                7452.56A   -5.736    0.7445      Si 1                68.4548m   -7.394    0.0163
CN                  661.044m   -8.473    0.0014      Fe 2                7172.00A   -5.652    0.9034      Si 1                129.641m   -7.465    0.0139
CN                  660.727m   -8.359    0.0018      Fe 2                6275.53A   -7.609    0.0100      Si 2                34.8046m   -2.464 1392.2688
CN                  528.842m   -8.572    0.0011      Fe 2                5527.36A   -6.225    0.2414      Si 2                2334.41A   -5.618    0.9760
CN                  528.639m   -8.481    0.0013      Fe 2                5440.48A   -7.983    0.0042      Si 2                2328.52A   -6.220    0.2441
CN                  440.721m   -8.595    0.0010      Fe 2                5433.15A   -5.757    0.7089      Si 2                1808.01A   -5.711    0.7870
CN                  440.580m   -8.519    0.0012      Fe 2                5261.63A   -5.012    3.9385      Si 2                1526.71A   -8.257    0.0022
HF                  243.178m   -8.103    0.0032      Fe 2                5220.08A   -6.287    0.2089      Si 2                1260.42A   -7.664    0.0088
CO                  2600.05m   -8.464    0.0014      Fe 2                5184.80A   -6.183    0.2657      Si 2                2350.17A   -5.465    1.3887
CO                  1300.05m   -7.041    0.0369      Fe 2                5158.01A   -6.132    0.2985      Si 2                2344.20A   -5.071    3.4399
CO                  866.727m   -6.525    0.1208      Fe 2                4947.39A   -5.532    1.1892      Si 2                2334.60A   -5.175    2.7062
CO                  650.074m   -6.318    0.1947      Fe 2                4905.35A   -5.883    0.5296      Si 2                1817.45A   -5.501    1.2766
CO                  520.089m   -6.223    0.2422      Fe 2                4874.50A   -5.926    0.4799      Si 2                1816.93A   -5.214    2.4717
CO                  433.438m   -6.168    0.2751      Fe 2                4852.74A   -7.287    0.0209      Si 2                1533.43A   -6.018    0.3887
CO                  371.549m   -6.145    0.2900      Fe 2                4346.86A   -5.586    1.0517      Si 2                1309.28A   -6.796    0.0648
CO                  325.137m   -6.132    0.2986      Fe 2                4276.84A   -5.509    1.2534      Si 2                1265.00A   -6.588    0.1045
CO                  289.041m   -6.131    0.2997      Fe 2                4244.82A   -6.321    0.1934      Si 2                1264.74A   -7.010    0.0396
CO                  260.169m   -6.136    0.2960      Fe 2                4231.56A   -7.921    0.0049      Si 2                1197.39A   -7.073    0.0342
CO                  236.549m   -6.149    0.2876      Fe 2                4211.11A   -7.895    0.0052      Si 2                1194.50A   -7.323    0.0193
CO                  216.868m   -6.169    0.2742      Fe 2                3455.11A   -6.570    0.1091      Si 2                3862.60A   -8.205    0.0025
CO                  200.218m   -6.194    0.2593      Fe 2                3452.31A   -6.258    0.2234      Si 2                3856.02A   -8.176    0.0027
CO                  185.949m   -6.215    0.2466      Fe 2                3440.99A   -6.144    0.2904      Si 2                6371.37A   -8.122    0.0031
CO                  173.584m   -6.240    0.2333      Fe 2                2774.73A   -7.990    0.0041      Si 2                6347.11A   -8.043    0.0037
CO                  162.767m   -6.266    0.2193      Fe 2                2759.34A   -8.370    0.0017      Zn 2                2062.00A   -7.694    0.0082
CO                  153.225m   -6.295    0.2054      Fe 2                2485.07A   -8.191    0.0026      Zn 2                2025.48A   -7.458    0.0141
CO                  144.745m   -6.325    0.1918      Fe 2                2391.48A   -7.267    0.0219      Al 2                2669.15A   -5.253    2.2634
CO                  137.159m   -6.356    0.1785      Fe 2                2379.28A   -7.916    0.0049      Al 2                2660.35A   -5.079    3.3769
CO                  130.333m   -6.387    0.1661      Fe 2                2362.02A   -6.754    0.0713      Al 2                1670.79A   -5.747    0.7251
CO                  124.160m   -6.424    0.1524      Fe 2                35.7675m   -6.120    0.3069      Al 2                3900.67A   -8.488    0.0013
CO                  118.548m   -6.464    0.1391      Fe 2                1.95361m   -5.238    2.3388      Ca 2                7323.89A   -4.020   38.6392
CO                  113.427m   -6.505    0.1266      Fe 2                1.80002m   -5.293    2.0643      Ca 2                7291.47A   -3.853   56.7752
CO                  108.733m   -6.548    0.1147      Fe 2                1.71113m   -5.862    0.5564      Ca 2                3968.47A   -6.283    0.2111
CO                  104.416m   -6.591    0.1038      Fe 2                1.66377m   -5.481    1.3369      Ca 2                8662.14A   -4.748    7.2414
CO                  100.433m   -6.636    0.0936      Fe 2                9399.04A   -5.379    1.6912      Ca 2                3933.66A   -6.258    0.2238
CO                  96.7462m   -6.683    0.0840      Fe 2                9226.63A   -5.325    1.9149      Ca 2                8498.02A   -5.441    1.4666
CO                  93.3237m   -6.732    0.0751      Fe 2                9033.49A   -6.401    0.1609      Ca 2                8542.09A   -4.494   12.9754
CO                  90.1384m   -6.782    0.0668      Fe 2                7388.17A   -5.772    0.6852      Ca 2                3706.02A   -7.115    0.0310
CO                  87.1666m   -6.835    0.0593      Fe 2                6440.41A   -6.724    0.0765      Ca 2                3736.90A   -6.819    0.0614
CO                  84.3877m   -6.888    0.0524      Fe 2                6229.28A   -7.874    0.0054      Ca 2                3158.87A   -7.138    0.0295
CO                  81.7835m   -6.943    0.0462      Fe 2                5654.87A   -7.185    0.0265      Ca 2                3181.27A   -7.843    0.0058
CO                  79.3383m   -7.000    0.0405      Fe 2                5556.31A   -6.426    0.1518      Ca 2                3179.33A   -6.889    0.0523
CO                  77.0375m   -7.059    0.0353      Fe 2                5412.67A   -6.954    0.0451      Ca 2                1.19497m   -8.544    0.0012
CO                  74.8697m   -7.119    0.0308      Fe 2                5333.66A   -5.299    2.0332      Ca 2                1.18390m   -8.248    0.0023
CO                  72.8231m   -7.181    0.0267      Fe 2                5296.84A   -6.582    0.1060      Ca 2                1838.01A   -8.076    0.0034
CO                  70.8878m   -7.244    0.0231      Fe 2                5268.89A   -6.302    0.2018      Ca 2                1840.03A   -7.920    0.0049
CO                  69.0557m   -7.307    0.0200      Fe 2                5107.96A   -7.238    0.0234      Ca 2                2112.76A   -8.547    0.0011
CO                  67.3181m   -7.372    0.0172      Fe 2                5049.30A   -5.706    0.7978      Cl 2                14.3639m   -5.930    0.4760
CO                  65.6684m   -7.437    0.0148      Fe 2                5005.52A   -5.760    0.7043      Cl 2                33.2721m   -7.010    0.0395
CO                  64.0998m   -7.503    0.0127      Fe 2                4973.40A   -6.027    0.3804      Cl 2                8578.70A   -5.618    0.9751
CO                  62.6072m   -7.569    0.0109      Fe 2                4950.76A   -6.373    0.1716      Cl 2                9123.60A   -6.203    0.2537
CO                  61.1843m   -7.637    0.0094      Fe 2                4352.79A   -5.825    0.6058      Cl 2                3677.85A   -7.541    0.0117
CO                  59.8271m   -7.704    0.0080      Fe 2                4319.62A   -6.091    0.3284      Cl 2                6161.84A   -7.495    0.0130
CO                  58.5311m   -7.772    0.0068      Fe 2                4305.90A   -6.894    0.0517      Mg 2                2802.71A   -3.777   67.6416
CO                  57.2920m   -7.841    0.0058      Fe 2                4084.33A   -8.218    0.0025      Mg 2                2795.53A   -3.481  133.8484
CO                  56.1066m   -7.911    0.0050      Fe 2                3504.51A   -6.872    0.0543      Mg 2                2936.52A   -6.708    0.0793
CO                  54.9712m   -7.982    0.0042      Fe 2                3504.02A   -6.729    0.0755      Mg 2                2928.64A   -7.010    0.0396
CO                  53.8829m   -8.053    0.0036      Fe 2                3501.63A   -6.293    0.2063      Mg 2                2797.93A   -7.448    0.0144
CO                  52.8388m   -8.125    0.0030      Fe 2                3489.99A   -6.973    0.0431      Mg 2                2790.77A   -6.746    0.0727
CO                  51.8365m   -8.197    0.0026      Fe 2                2385.01A   -7.575    0.0108      Mg 2                2798.00A   -6.493    0.1302
CO                  50.8731m   -8.269    0.0022      Fe 2                2.06648m   -6.632    0.0945      Mg 2                9244.22A   -8.564    0.0011
CO                  49.9472m   -8.342    0.0018      Fe 2                1.89541m   -6.028    0.3793      Mg 2                9218.22A   -8.269    0.0022
CO                  49.0559m   -8.416    0.0016      Fe 2                1.79711m   -5.515    1.2361      N  2                205.283m   -7.793    0.0065
CO                  48.1977m   -8.492    0.0013      Fe 2                1.74494m   -5.804    0.6361      N  2                121.769m   -8.006    0.0040
CO                  47.3709m   -8.568    0.0011      Fe 2                9652.70A   -6.228    0.2395      N  2                6548.05A   -7.162    0.0279
^13CO               1359.86m   -8.604    0.0010      Fe 2                9470.94A   -5.716    0.7791      N  2                6583.45A   -6.692    0.0822
^13CO               906.599m   -8.055    0.0036      Fe 2                9267.56A   -6.097    0.3236      N  2                5754.59A   -8.540    0.0012
^13CO               679.978m   -7.830    0.0060      Fe 2                7544.00A   -8.411    0.0016      N  2                2142.77A   -8.545    0.0012
^13CO               544.012m   -7.728    0.0076      Fe 2                6558.51A   -6.938    0.0468      Ni 2                1.19102m   -4.604   10.0713
^13CO               453.374m   -7.669    0.0087      Fe 2                5745.71A   -7.556    0.0113      Ni 2                6.63416m   -5.231    2.3796
^13CO               388.637m   -7.644    0.0092      Fe 2                5643.98A   -7.398    0.0162      Ni 2                1.07151m   -6.223    0.2425
^13CO               340.088m   -7.631    0.0095      Fe 2                5495.84A   -7.230    0.0238      Ni 2                10.6793m   -5.860    0.5595
^13CO               302.332m   -7.629    0.0095      Fe 2                5376.47A   -5.693    0.8202      Ni 2                1.27792m   -8.047    0.0036
^13CO               272.130m   -7.634    0.0094      Fe 2                5347.66A   -6.808    0.0630      Ni 2                1.16130m   -6.740    0.0737
^13CO               247.423m   -7.646    0.0091      Fe 2                5181.96A   -7.084    0.0334      Ni 2                12.7253m   -6.276    0.2143
^13CO               226.836m   -7.667    0.0087      Fe 2                5076.57A   -6.364    0.1752      Ni 2                9882.95A   -7.489    0.0131
^13CO               209.419m   -7.692    0.0082      Fe 2                5043.53A   -6.234    0.2364      Ni 2                1.09177m   -7.027    0.0380
^13CO               194.493m   -7.715    0.0078      Fe 2                5020.25A   -6.350    0.1809      Ni 2                18.2355m   -6.993    0.0411
^13CO               181.558m   -7.740    0.0074      Fe 2                4372.43A   -6.366    0.1745      Ni 2                9374.87A   -7.782    0.0067
^13CO               170.243m   -7.768    0.0069      Fe 2                4358.37A   -6.577    0.1073      Ni 2                7377.83A   -5.389    1.6544
^13CO               160.261m   -7.798    0.0065      Fe 2                4080.00A   -8.248    0.0023      Ni 2                8300.99A   -6.685    0.0837
^13CO               151.390m   -7.829    0.0060      Fe 2                3539.19A   -6.577    0.1073      Ni 2                1.93877m   -6.096    0.3246
^13CO               143.454m   -7.862    0.0056      Fe 2                3538.69A   -6.871    0.0546      Ni 2                2.36883m   -7.383    0.0168
^13CO               136.314m   -7.895    0.0052      Fe 2                3536.25A   -6.996    0.0408      Ni 2                2.91064m   -7.052    0.0360
^13CO               129.855m   -7.935    0.0047      Fe 2                3524.38A   -8.305    0.0020      Ni 2                6666.80A   -6.237    0.2344
^13CO               123.985m   -7.976    0.0043      Fe 2                22.8961m   -7.626    0.0096      Ni 2                7411.61A   -6.019    0.3880
^13CO               118.627m   -8.020    0.0039      Fe 2                1.81139m   -7.905    0.0050      Ni 2                1.76458m   -8.163    0.0028
^13CO               113.717m   -8.066    0.0035      Fe 2                7764.71A   -7.112    0.0313      Ni 2                2.04866m   -7.741    0.0074
^13CO               109.201m   -8.114    0.0031      Fe 2                7336.73A   -7.401    0.0161      Ni 2                2.30794m   -7.198    0.0257
^13CO               105.034m   -8.165    0.0028      Fe 2                7267.25A   -8.369    0.0017      Ni 2                6.91767m   -7.497    0.0129
^13CO               101.176m   -8.218    0.0025      Fe 2                6809.24A   -7.379    0.0169      Ni 2                4326.24A   -6.184    0.2651
^13CO               97.5955m   -8.274    0.0022      Fe 2                6729.87A   -7.660    0.0089      Ni 2                4628.05A   -6.606    0.1003
^13CO               94.2629m   -8.334    0.0019      Fe 2                6671.93A   -8.223    0.0024      Ni 2                6794.20A   -7.662    0.0088
^13CO               91.1537m   -8.397    0.0016      Fe 2                5721.37A   -8.496    0.0013      Ni 2                7255.82A   -6.539    0.1170
^13CO               88.2461m   -8.464    0.0014      Fe 2                5163.96A   -7.405    0.0159      Ni 2                7694.56A   -7.610    0.0100
^13CO               85.5213m   -8.537    0.0012      Fe 2                4266.35A   -8.108    0.0032      Ni 2                8033.54A   -7.774    0.0068
C  1                1560.31A   -7.238    0.0234      Fe 2                4249.08A   -8.379    0.0017      Ni 2                1.04597m   -7.023    0.0384
C  1                1560.68A   -7.219    0.0245      Fe 2                4157.92A   -8.382    0.0017      Ni 2                1.23230m   -7.050    0.0361
C  1                1560.71A   -7.464    0.0139      Fe 2                3277.35A   -6.880    0.0534      Ni 2                4201.17A   -6.367    0.1740
C  1                1561.34A   -6.814    0.0622      Fe 2                3255.89A   -8.120    0.0031      Ni 2                4485.21A   -6.820    0.0613
C  1                1561.37A   -7.383    0.0168      Fe 2                2926.59A   -7.688    0.0083      Ni 2                7307.65A   -6.715    0.0780
C  1                1561.44A   -6.734    0.0747      Fe 2                2880.76A   -7.466    0.0139      Ni 2                7612.72A   -7.043    0.0367
C  1                1656.27A   -6.509    0.1254      Fe 2                2755.74A   -5.805    0.6341      Ni 2                1.13597m   -7.726    0.0076
C  1                1656.93A   -6.966    0.0438      Fe 2                2739.55A   -6.465    0.1389      Ni 2                4285.31A   -7.575    0.0108
C  1                1657.01A   -6.209    0.2503      Fe 2                2716.70A   -6.689    0.0828      Ni 2                6791.48A   -7.290    0.0208
C  1                1657.38A   -7.022    0.0385      Fe 2                34.6508m   -8.497    0.0013      Ni 2                7054.20A   -7.194    0.0259
C  1                1657.91A   -6.544    0.1157      Fe 2                1.00287m   -7.099    0.0323      Ni 2                9.61508m   -8.484    0.0013
C  1                1658.12A   -6.770    0.0687      Fe 2                8245.16A   -8.597    0.0010      Ni 2                4033.04A   -6.633    0.0942
C  1                1930.90A   -8.220    0.0024      Fe 2                8037.28A   -7.629    0.0095      Ni 2                4294.09A   -6.753    0.0715
C  1                1992.01A   -7.951    0.0045      Fe 2                7579.61A   -8.120    0.0031      Ni 2                6467.29A   -7.787    0.0066
C  1                1993.62A   -6.649    0.0908      Fe 2                7017.95A   -8.039    0.0037      Ni 2                6813.57A   -6.775    0.0680
C  1                2582.90A   -7.914    0.0049      Fe 2                6933.67A   -8.405    0.0016      Ni 2                7078.04A   -7.324    0.0192
C  1                8727.13A   -8.325    0.0019      Fe 2                6872.19A   -7.570    0.0109      Ni 2                1.02090m   -8.105    0.0032
C  1                9824.13A   -3.832   59.5939      Fe 2                6829.03A   -8.605    0.0010      Ni 2                3993.06A   -6.288    0.2088
C  1                9850.26A   -3.357  178.0384      Fe 2                5746.98A   -7.456    0.0142      Ni 2                4248.80A   -6.763    0.0699
C  1                370.269m   -3.882   53.1817      Fe 2                5283.12A   -8.013    0.0039      Ni 2                6007.06A   -7.877    0.0054
C  1                609.590m   -4.567   10.9659      Fe 2                5199.18A   -8.229    0.0024      Ni 2                6365.10A   -6.762    0.0701
C  2                1334.53A   -8.438    0.0015      Fe 2                4351.81A   -8.379    0.0017      Ni 2                6700.24A   -8.155    0.0028
C  2                1335.66A   -8.083    0.0033      Fe 2                4347.36A   -7.748    0.0072      Ni 2                6955.82A   -8.190    0.0026
C  2                1335.71A   -8.109    0.0032      Fe 2                4329.43A   -7.094    0.0326      Ni 2                8703.87A   -7.217    0.0246
C  2                2323.50A   -7.894    0.0052      Fe 2                2953.77A   -8.472    0.0014      Ni 2                9956.63A   -7.443    0.0146
C  2                2324.69A   -7.594    0.0103      Fe 2                2772.73A   -6.526    0.1207      Ni 2                5.18504m   -8.222    0.0024
C  2                2325.40A   -7.059    0.0353      Fe 2                2749.32A   -6.655    0.0896      Ni 2                3438.88A   -6.477    0.1352
C  2                2326.93A   -7.112    0.0313      Fe 2                9795.19A   -7.877    0.0054      Ni 2                3626.89A   -6.784    0.0666
C  2                2328.12A   -7.541    0.0117      Fe 2                8228.13A   -7.792    0.0065      Ni 2                3378.16A   -7.091    0.0329
C  2                157.636m   -5.224    2.4173      Fe 2                7613.14A   -8.200    0.0026      Ni 2                3559.41A   -7.070    0.0345
Ca 1                4226.73A   -6.818    0.0616      Fe 2                7011.24A   -8.606    0.0010      level 1 lines..................................
Ca 1                6439.08A   -7.752    0.0072      Fe 2                6966.33A   -7.963    0.0044      recombination..................................
Ca 1                6462.57A   -8.023    0.0038      Fe 2                5477.25A   -7.961    0.0044      level2 lines...................................
Ca 1                6493.78A   -8.250    0.0023      Fe 2                5278.38A   -8.428    0.0015      C  1                1247.50A   -7.440    0.0147
Cl 1                11.3303m   -7.042    0.0367      Fe 2                4402.59A   -8.214    0.0025      C  1                1314.77A   -7.361    0.0176
Co 2                9335.96A   -7.744    0.0073      Fe 2                4384.21A   -8.146    0.0029      C  1                1233.29A   -7.967    0.0044
Co 2                9639.13A   -8.181    0.0027      Fe 2                1.05081m   -8.357    0.0018      C  1                1250.68A   -8.122    0.0031
Co 2                10.5199m   -6.577    0.1072      Fe 2                7710.80A   -8.511    0.0012      Mg 1                1817.31A   -8.335    0.0019
Co 2                15.4548m   -7.463    0.0140      Fe 2                7048.01A   -8.177    0.0027      Mg 1                1739.09A   -8.549    0.0011
Co 2                2.98382m   -6.064    0.3495      Fe 2                5901.28A   -8.406    0.0016      Mg 1                1699.05A   -8.563    0.0011
Co 2                14.7345m   -7.106    0.0318      Fe 2                5527.62A   -8.518    0.0012      Mg 1                1675.74A   -8.556    0.0011
Co 2                18.7989m   -7.626    0.0096      Fe 2                2.04602m   -7.043    0.0367      Mg 1                1660.94A   -8.568    0.0011
Co 2                25.6819m   -8.314    0.0020      Fe 2                1.41956m   -7.598    0.0102      Mg 1                1650.95A   -8.607    0.0010
Co 2                1.01879m   -6.790    0.0657      Fe 2                1.35904m   -8.404    0.0016      Si 2                1179.59A   -7.923    0.0048
Co 2                1.12804m   -7.761    0.0070      Fe 2                1.23314m   -7.393    0.0164      S  1                1356.05A   -7.959    0.0045
Co 2                1.54700m   -7.035    0.0374      Fe 2                1.09108m   -7.315    0.0196      S  1                1392.25A   -8.371    0.0017
Co 2                1.72847m   -8.031    0.0038      Fe 2                1.07084m   -7.754    0.0071      S  1                1418.10A   -8.582    0.0011
Co 2                1.90349m   -7.870    0.0055      Fe 2                1.05625m   -8.204    0.0025      Ca 2                1360.06A   -8.589    0.0010
Co 2                1.02452m   -7.599    0.0102      Fe 2                1.01565m   -8.006    0.0040      Fe 1                2484.25A   -8.235    0.0024
Co 2                1.09726m   -8.227    0.0024      Fe 2                8119.18A   -8.482    0.0013      Fe 1                2526.51A   -8.470    0.0014
Co 2                1.49674m   -8.463    0.0014      Fe 2                5588.16A   -7.309    0.0199      Sc 2                3627.22A   -6.931    0.0475
Co 2                1.62622m   -8.451    0.0014      Fe 2                5586.91A   -8.171    0.0027      Sc 2                3575.45A   -7.052    0.0359
Co 2                1.73616m   -8.157    0.0028      Fe 2                5580.82A   -6.741    0.0736      Sc 2                3368.13A   -7.615    0.0098
Co 2                1.02803m   -8.197    0.0026      Fe 2                5551.32A   -6.459    0.1409      Ti 2                3364.74A   -5.357    1.7811
Co 2                8580.39A   -8.253    0.0023      Fe 2                3227.74A   -8.081    0.0034      Ti 2                3237.15A   -5.596    1.0255
Co 2                9342.40A   -6.948    0.0456      Fe 2                3196.07A   -7.691    0.0082      Ti 2                1904.17A   -7.466    0.0138
Co 2                9943.48A   -7.295    0.0205      Fe 2                2.13278m   -7.298    0.0204      Ti 2                1907.36A   -7.208    0.0251
Co 2                7539.01A   -7.617    0.0098      Fe 2                1.46079m   -8.144    0.0029      V  2                2710.94A   -7.681    0.0084
Co 2                8121.00A   -7.329    0.0190      Fe 2                1.39678m   -8.206    0.0025      V  2                2684.22A   -7.446    0.0145
Co 2                8571.41A   -7.936    0.0047      Fe 2                1.30943m   -8.225    0.0024      V  2                2139.33A   -8.065    0.0035
Co 2                6.21176m   -8.577    0.0011      Fe 2                1.24364m   -8.411    0.0016      Cr 1                4269.56A   -8.224    0.0024
Co 2                8027.34A   -7.795    0.0065      Fe 2                1.09413m   -7.513    0.0124      Cr 1                3589.90A   -8.042    0.0037
Co 2                8467.14A   -8.208    0.0025      Fe 2                1.07890m   -7.609    0.0100      Cr 2                2059.78A   -5.956    0.4480
Co 2                8333.76A   -7.976    0.0043      Fe 2                1.06830m   -8.367    0.0017      Mn 2                1198.85A   -8.317    0.0020
Cr 2                8000.08A   -5.789    0.6575      Fe 2                1.03658m   -8.378    0.0017      Co 2                2060.90A   -7.421    0.0154
Cr 2                8125.30A   -5.863    0.5546      Fe 2                5650.95A   -7.288    0.0209      Co 2                2018.80A   -7.456    0.0142
Cr 2                8229.67A   -5.958    0.4464      Fe 2                5649.67A   -7.262    0.0222      Co 2                1949.74A   -7.534    0.0118
Cr 2                8308.49A   -6.145    0.2901      Fe 2                5643.44A   -8.399    0.0016      Co 2                1575.91A   -8.066    0.0035
Cr 2                8357.64A   -6.442    0.1462      Fe 2                5613.27A   -6.674    0.0857      Co 2                1470.18A   -8.149    0.0029
Fe 1                24.0358m   -6.224    0.2419      Fe 2                2.24366m   -7.636    0.0094      Ni 2                1751.83A   -6.991    0.0413
Fe 1                34.7038m   -6.812    0.0625      Fe 2                2.00672m   -6.982    0.0422      Ni 2                1744.24A   -6.797    0.0646
Fe 2                25.9813m   -4.155   28.3119      Fe 2                1.10657m   -7.856    0.0056      Ni 2                1484.97A   -8.139    0.0029
Fe 2                5.33871m   -3.633   94.3056      Fe 2                1.09542m   -7.960    0.0044      Ni 2                1472.74A   -7.820    0.0061
Fe 2                4.11387m   -5.995    0.4093      Fe 2                5725.92A   -7.559    0.0112      Ni 2                1400.37A   -8.134    0.0030
Fe 2                1.25668m   -4.905    5.0413      Fe 2                5718.22A   -7.009    0.0397      Ni 2                1375.73A   -7.783    0.0067
Fe 2                1.19129m   -7.690    0.0083      Fe 2                2.22379m   -6.391    0.1645      Ni 2                1324.11A   -7.888    0.0052
Fe 2                6309.53A   -8.534    0.0012      Fe 2                2.01513m   -6.712    0.0786      hyperfine structure............................
Fe 2                4799.30A   -8.433    0.0015      Fe 2                9682.08A   -7.222    0.0243      inner shell....................................
Fe 2                4704.22A   -7.658    0.0089      Fe 2                9513.85A   -8.029    0.0038      molecules......................................
Fe 2                4632.28A   -5.865    0.5529      Fe 2                8715.81A   -7.854    0.0057      bands..........................................
Fe 2                4604.48A   -7.648    0.0091      Fe 2                6873.84A   -7.519    0.0123      Fe 2b               2500.00A   -3.791   65.5368
Fe 2                4416.27A   -5.846    0.5771      Fe 2                6700.65A   -8.491    0.0013      Fe 2b               5000.00A   -3.846   57.7334
Fe 2                4382.74A   -6.816    0.0619      Fe 2                6188.55A   -7.697    0.0081      Fe 2b               7000.00A   -4.788    6.5917
Fe 2                4287.39A   -4.884    5.2927      Fe 2                5870.02A   -7.952    0.0045      Fe 2b               10000.0A   -3.469  137.5835
Fe 2                3931.44A   -8.478    0.0013      Fe 2                5673.20A   -7.985    0.0042      Fe 2b               2355.00A   -4.603   10.0904
Fe 2                3874.07A   -8.109    0.0032      Fe 2                4898.61A   -7.721    0.0077      Fe 2b               2430.00A   -3.799   64.3691
Fe 2                3175.38A   -6.695    0.0818      Fe 2                2.25348m   -7.229    0.0239      Fe 2b               2445.00A   -3.799   64.3688
Fe 2                2599.40A   -7.563    0.0111      Fe 2                1.02005m   -8.437    0.0015      Fe 2b               2495.00A   -4.352   18.0118
Fe 2                2585.88A   -8.598    0.0010      Fe 2                1.00139m   -7.881    0.0053      Fe 2b               2610.00A   -4.048   36.2610
Fe 2                2382.04A   -5.681    0.8439      Fe 2                9133.66A   -8.603    0.0010      Fe 2b               2695.00A   -6.689    0.0829
Fe 2                2343.50A   -8.411    0.0016      Fe 2                8885.67A   -8.329    0.0019      Fe 2b               2758.00A   -5.582    1.0611
Fe 2                35.3391m   -4.817    6.1718      Fe 2                7131.14A   -8.494    0.0013      Fe 2b               2780.00A   -5.544    1.1582
Fe 2                6.71944m   -4.773    6.8373      Fe 2                6944.91A   -8.063    0.0035      Fe 2b               2935.00A   -7.221    0.0243
Fe 2                4.88781m   -5.659    0.8884      Fe 2                6473.88A   -8.099    0.0032      Fe 2b               2960.00A   -7.587    0.0105
Fe 2                4.07521m   -6.480    0.1340      Fe 2                6044.10A   -8.531    0.0012      Fe 2b               3180.00A   -6.200    0.2557
Fe 2                1.32055m   -5.401    1.6076      Fe 2                5835.45A   -8.200    0.0026      Fe 2b               3250.00A   -5.504    1.2694
Fe 2                1.24854m   -6.435    0.1487      Fe 2                5060.09A   -8.281    0.0021      Fe 2b               3590.00A   -5.525    1.2090
Fe 2                1.20512m   -8.248    0.0023      Fe 2                4576.40A   -8.533    0.0012      Fe 2b               3910.00A   -7.573    0.0108
Fe 2                7637.52A   -5.705    0.7984      Fe 2                1.34608m   -8.579    0.0011      Fe 2b               4060.00A   -8.232    0.0024
Fe 2                7523.28A   -7.752    0.0072      Fe 2                1.11648m   -8.394    0.0016      Fe 2b               4255.00A   -4.279   21.2932
Fe 2                4889.62A   -5.729    0.7563      Fe 2                5048.19A   -8.247    0.0023      Fe 2b               4558.00A   -5.009    3.9632
Fe 2                4750.27A   -8.460    0.0014      Fe 2                1.71482m   -7.829    0.0060      Fe 2b               4600.00A   -4.980    4.2437
Fe 2                4716.37A   -6.742    0.0733      Fe 2                9949.21A   -8.162    0.0028      Fe 2b               4743.00A   -5.728    0.7569
Fe 2                4687.56A   -6.946    0.0459      Fe 2                7975.22A   -8.346    0.0018      Fe 2b               4855.00A   -5.149    2.8709
Fe 2                4492.64A   -6.716    0.0780      Fe 2                1.47063m   -8.599    0.0010      Fe 2b               4920.00A   -4.635    9.3854
Fe 2                4457.95A   -6.114    0.3115      Fe 2                1.01273m   -8.275    0.0021      Fe 2b               4975.00A   -5.165    2.7714
Fe 2                4432.45A   -6.908    0.0501      Fe 2                6353.11A   -8.397    0.0016      Fe 2b               4971.00A   -5.208    2.5107
Fe 2                4359.33A   -5.014    3.9190      Fe 2                1.80228m   -8.498    0.0013      Fe 2b               5070.00A   -5.086    3.3184
Fe 2                3224.54A   -7.791    0.0065      Fe 2                1.00387m   -8.427    0.0015      Fe 2b               5143.00A   -4.553   11.3361
Fe 2                3214.67A   -7.209    0.0250      Fe 2                9469.41A   -8.311    0.0020      Fe 2b               5270.00A   -4.268   21.8285
Fe 2                2625.67A   -4.170   27.3739      Fe 2                9384.77A   -7.802    0.0064      Fe 2b               5318.00A   -4.587   10.4921
Fe 2                2611.87A   -4.917    4.9035      Fe 2                2.39329m   -7.851    0.0057      Fe 2b               5540.00A   -5.734    0.7476
Fe 2                2598.37A   -6.149    0.2876      Fe 2                4825.73A   -7.264    0.0220      Fe 2b               5865.00A   -6.333    0.1881
Fe 2                2395.63A   -5.180    2.6769      Fe 2                2.50030m   -8.189    0.0026      Fe 2b               6265.00A   -7.145    0.0290
Fe 2                2388.63A   -6.241    0.2326      Fe 2                4867.73A   -8.305    0.0020      Fe 2b               6565.00A   -6.489    0.1313
Fe 2                2383.06A   -8.109    0.0031      Fe 2                2.59860m   -8.571    0.0011      Fe 2b               6910.00A   -6.429    0.1509
Fe 2                2364.83A   -5.571    1.0868      Fe 2                4903.85A   -7.757    0.0071      Fe 2b               7445.00A   -4.810    6.2751
Fe 2                2332.80A   -6.672    0.0863      Fe 2                1.04657m   -8.605    0.0010      Fe 2b               8625.00A   -4.478   13.4801
Fe 2                2279.91A   -8.193    0.0026      Fe 2                3.58120m   -8.196    0.0026      Fe 2b               1.03250m   -5.535    1.1806
Fe 2                51.2868m   -5.335    1.8714      Fe 2                3.15558m   -8.226    0.0024      Fe 2b               1.88900m   -4.184   26.5357
Fe 2                5.67236m   -6.470    0.1371      Fe 2                5171.63A   -7.566    0.0110      Fe 2b               2.20000m   -6.267    0.2189
Fe 2                4.60641m   -6.280    0.2126      Fe 2                5169.03A   -6.806    0.0633      miscellaneous..................................
Fe 2                4.08085m   -7.026    0.0382      Fe 2                5018.44A   -8.524    0.0012      Blnd                8446.00A   -8.328    0.0019
Fe 2                1.37181m   -5.645    0.9177      Fe 2                6044.54A   -8.010    0.0040      Blnd                1304.00A   -6.729    0.0756
Fe 2                1.29427m   -6.221    0.2437      Fe 2                5316.61A   -8.490    0.0013      Blnd                2798.00A   -3.303  201.4900
Fe 2                7806.23A   -7.478    0.0135      Fe 3                22.9190m   -8.530    0.0012      Blnd                6720.00A   -3.985   41.9373
Fe 2                7686.93A   -5.783    0.6677      Fe 3                4985.87A   -8.394    0.0016      Blnd                4074.00A   -5.309    1.9878
Fe 2                7552.40A   -8.262    0.0022      K  1                7664.90A   -8.292    0.0021      Blnd                1.03300m   -5.418    1.5464
Fe 2                4958.23A   -7.579    0.0107      K  1                7698.96A   -8.590    0.0010      Blnd                1256.00A   -7.354    0.0179
Fe 2                4750.57A   -7.576    0.0107      Mg 1                2025.82A   -7.887    0.0053      Blnd                5892.00A   -6.771    0.0686
Fe 2                4728.07A   -6.377    0.1699      Mg 1                2852.13A   -5.137    2.9558      Blnd                2665.00A   -4.856    5.6403
Fe 2                4514.90A   -6.740    0.0738      Mg 1                3832.30A   -8.209    0.0025      Blnd                2335.00A   -4.665    8.7548
Fe 2                4488.75A   -6.459    0.1408      Mg 1                3838.29A   -7.792    0.0065      Blnd                8579.00A   -4.271   21.6835
Fe 2                4470.30A   -7.662    0.0088      Mg 1                4562.60A   -4.943    4.6144      Blnd                7306.00A   -3.628   95.4144
Fe 2                4413.78A   -5.165    2.7668      Mg 1                4571.10A   -5.382    1.6815      Blnd                3933.00A   -5.969    0.4349
Fe 2                3254.24A   -7.269    0.0218      Mg 1                4575.29A   -6.310    0.1985      Blnd                1657.00A   -5.800    0.6425
Fe 2                3244.18A   -7.563    0.0111      Mg 1                5167.32A   -7.468    0.0138      Blnd                9850.00A   -3.232  237.6323
Fe 2                2631.32A   -5.113    3.1190      Mg 1                5172.68A   -6.994    0.0411      Blnd                2326.00A   -6.635    0.0938
Fe 2                2617.62A   -6.557    0.1122      Mg 1                5183.60A   -6.774    0.0682      Blnd                1335.00A   -7.706    0.0080
Fe 2                2607.09A   -6.461    0.1401      Mg 1                8806.76A   -7.051    0.0360      Blnd                3467.00A   -6.155    0.2833
Fe 2                2404.89A   -6.157    0.2822      Mg 1                1.18282m   -7.214    0.0248      Blnd                5199.00A   -3.910   49.8173
Fe 2                2399.24A   -6.982    0.0422      Mg 1                1.50250m   -8.034    0.0037      Blnd                1.04030m   -5.399    1.6158
Fe 2                2395.42A   -7.960    0.0044      Mg 1                1.50402m   -8.478    0.0013      Blnd                2141.00A   -8.397    0.0016
Fe 2                2380.76A   -4.988    4.1647      Mg 1                1.71087m   -7.727    0.0076      Blnd                6300.00A   -3.628   95.3251
Fe 2                2348.30A   -6.718    0.0775      Mn 2                2576.10A   -6.202    0.2546      Blnd                2471.00A   -8.284    0.0021
Fe 2                2327.40A   -7.305    0.0201      Mn 2                2593.72A   -6.295    0.2053      Blnd                7323.00A   -8.452    0.0014
Fe 2                87.3597m   -6.037    0.3716      Mn 2                2605.68A   -6.435    0.1487      Blnd                7332.00A   -8.534    0.0012
Fe 2                5.06097m   -6.938    0.0467      Mn 2                3438.97A   -7.844    0.0058      Blnd                3727.00A   -6.373    0.1717
Fe 2                4.43363m   -6.855    0.0565      Mn 2                3460.03A   -8.407    0.0016      Blnd                7325.00A   -8.190    0.0026



 IC443 grid point v shock=62 km/s  
 Cooling:  H  1c                     0 :0.134 C  1c                     0 :0.050 Fe 2c                     0 :0.070 O  1c                     0 :0.406 Si 2c                     0 :0.234  
 Heating:  TotM                      0 :0.195 CT H                      0 :0.315 H- H                      0 :0.487  

 These are some of the most important databases used by Cloudy:
 Many recombination coefficients were taken from http://amdpp.phys.strath.ac.uk/tamoc/RR/ and http://amdpp.phys.strath.ac.uk/tamoc/DR/
      and are based on the following papers:
        Badnell N. R., et al., A&A 406, 1151 (2003) [http://adsabs.harvard.edu/abs/2003A%26A...406.1151B]
        Badnell N. R., ApJS 167, 334 (2006) [http://adsabs.harvard.edu/abs/2006ApJS..167..334B]
 Much of the molecular emission data is from LAMDA as accessed on June 30, 2015. This database is described in:
        Schoeier F.L., et al., A&A 432, 369 (2005) [http://adsabs.harvard.edu/abs/2005A%26A...432..369S]
      This database is in part based on the work of the following groups:
        JPL: Pickett H. M. et al., JQSRT, 60, 883 (1998). [http://adsabs.harvard.edu/abs/1998JQSRT..60..883P]
        CDMS: Mueller H. S. et al., A&A 370, L49 (2001). [http://adsabs.harvard.edu/abs/2001A%26A...370L..49M]
              Mueller H. S. et al., J. Mol. Struct. 742, 215 (2005). [http://adsabs.harvard.edu/abs/2005JMoSt.742..215M]
 Some of the ionic emission data is from version 10.0.1 of CHIANTI. CHIANTI is a collaborative project involving the NRL (USA), the
      Universities of Florence (Italy) and Cambridge (UK), and George Mason University (USA). These papers describe Chianti:
        Dere K. P., et al., A&AS, 125, 149 (1997) [http://adsabs.harvard.edu/abs/1997A%26AS..125..149D]
        Landi E., et al., ApJ, 744, 99 (2012) [http://adsabs.harvard.edu/abs/2012ApJ...744...99L]
 Much of the H_2 data is from this web site: http://molat.obspm.fr/index.php?page=pages/Molecules/H2/H2can94.php. These data are
      described in:
        Abgrall H. et al., Can. J. Phys., 72, 856 (1994) [http://adsabs.harvard.edu/abs/1994CaJPh..72..856A]
        Wrathmall S. A. & Flower D. R., J. Phys. B, 40, 3221 (2007) [http://adsabs.harvard.edu/abs/2007JPhB...40.3221W]
 The Case A and Case B recombination predictions for one-electron systems are from
	Storey, P.J. & Hummer, D.G., 1995, MNRAS 272, 41 http://adsabs.harvard.edu/abs/1995MNRAS.272...41S
 The He I recombination predictions are from
	Porter, R. L.; Ferland, G. J.; Storey, P. J.; Detisch, M. J., 2012, MNRAS, 425, 28p http://adsabs.harvard.edu/abs/2012MNRAS.425L..28P
		http://adsabs.harvard.edu/abs/2013MNRAS.433L..89P

 If you find some process or data set to be particularly critical to a result, please follow the trail of references back to the
 original source and cite that.  This will support and encourage atomic, molecular, and chemical physicists to continue their
 valuable work.

 IONIZE PARMET:  U(1-)-37.0000  U(4-):-37.0000  U(sp):-37.00  Q(ion):   -5.049  L(ion)-15.547    Q(low): 11.180    L(low) -2.176
 ENERGY BUDGET:  Heat:  -6.223  Coolg:  -1.828  Error:2480696.3%  Rec Lin:  -3.139  F-F  H  0.000    P(rad/tot)max     2.54E-04    R(F Con):1.737e+05

     Col(Heff):      7.987E+20  snd travl time  2.29E+12 sec  Te-low: 1.00E+04  Te-hi: 1.00E+04  G0TH85: 0.00E+00  G0DB96:0.00E+00
  Emiss Measure    n(e)n(p) dl       2.541E+17  n(e)n(He+)dl         2.200E+09  En(e)n(He++) dl         0.000E+00  ne nC+:2.79E+14
 He/Ha:2.68E-08  =   0.00*true  Lthin:5.03E+06  itr/zn: 1.54  H2 itr/zn:  0.00  File Opacity: F  MassTot 2.26e-03  (gm/cm^2)
   Temps(21 cm)   T(21cm/Ly a)  5.61E+03        T(<nH/Tkin>)  1.00E+04          T(<nH/Tspin>)    6.01E+03          TB21cm:2.31E+01
                   N(H0/Tspin)  1.59E+17        N(OH/Tkin)    1.10E+08          B(21cm)          0.00E+00
   <a>:7.84E-12  erdeFe0.0E+00  Tcompt0.00E+00  Tthr1.54E+11  <Tden>: 1.00E+04  <dens>:1.24E-21  <MolWgt>1.29E+00
     Mean Jeans  l(cm)1.56E+20  M(sun)1.25E+06  smallest:     len(cm):1.56E+20  M(sun):1.24E+06  a_ox tran:  0.00
 Rion:1.000E+30  Dist:0.00E+00  Diam:0.000E+00
 Hatom level 70  HatomType: add  HInducImp  F  He tot level: 63  He2 level:   70  ExecTime    45.8
 ConvrgError(%)  <eden>  0.164  MaxEden  0.944  <H-C> 100.00  Max(H-C)  100.00  <Press>   0.000  MaxPrs er  0.000
  Continuity(%)  chng Te   0.0  elec den   1.0  n(H2)    0.0  n(CO)        5.4

                                                        Averaged Quantities
             Te      Te(Ne)   Te(NeNp)  Te(NeHe+)Te(NeHe2+) Te(NeO+)  Te(NeO2+)  Te(H2)     N(H)     Ne(O2+)   Ne(Np)
 Radius:  1.00e+04  1.00e+04  1.00e+04  1.00e+04  0.00e+00  1.00e+04  1.00e+04  1.00e+04  5.21e+02  4.05e-01  4.03e-01
 
 Peimbert T(OIIIr)0.00E+00 T(Bac)0.00E+00 T(Hth)7.10E+03 t2(Hstrc) 3.31e-32 T(O3-BAC)5.64E+03 t2(O3-BC)-1.52e-01 t2(O3str) 1.32e-31

 Contin Optical Depths: COMP: 4.89e-07    H-: 2.99e-04 R(1300): 6.40e-03  H2+: 1.48e-06  Bra:4.89E-07
                          Pa: 4.93e-07    Ba: 2.73e-04      Hb: 2.12e-04   La: 1.58e+01     1r:6.061E+03  1.8:1.89E+03 4.:2.858E+02

 Old, new H  1 continuum optical depths:
     1 6.06e+03     2 1.53e-04     3 3.01e-04     4 3.01e-04     5 3.01e-04     6 7.78e-05     7 7.78e-05     8 7.78e-05
     9 7.78e-05    10 1.28e-17    11 1.28e-17    12 1.28e-17    13 1.28e-17    14 1.28e-17    15 1.84e-17    16 1.84e-17
    17 1.84e-17    18 1.84e-17    19 1.84e-17    20 1.84e-17    21 3.20e-17    22 3.20e-17    23 3.20e-17    24 3.20e-17
    25 3.20e-17    26 3.20e-17    27 3.20e-17    28 5.17e-17    29 5.17e-17    30 5.17e-17    31 5.17e-17    32 5.17e-17
    33 5.17e-17    34 5.17e-17    35 5.17e-17    36 7.91e-17    37 7.91e-17    38 7.91e-17    39 7.91e-17    40 7.91e-17
    41 7.91e-17    42 7.91e-17    43 7.91e-17    44 7.91e-17    45 1.16e-16    46 1.16e-16    47 1.16e-16    48 1.16e-16
    49 1.16e-16    50 1.16e-16    51 1.16e-16    52 1.16e-16    53 1.16e-16    54 1.16e-16
     1 6.06e+03     2 1.53e-04     3 3.00e-04     4 3.00e-04     5 3.00e-04     6 7.78e-05     7 7.78e-05     8 7.78e-05
     9 7.78e-05    10 1.27e-17    11 1.27e-17    12 1.27e-17    13 1.27e-17    14 1.27e-17    15 1.83e-17    16 1.83e-17
    17 1.83e-17    18 1.83e-17    19 1.83e-17    20 1.83e-17    21 3.18e-17    22 3.18e-17    23 3.18e-17    24 3.18e-17
    25 3.18e-17    26 3.18e-17    27 3.18e-17    28 5.13e-17    29 5.13e-17    30 5.13e-17    31 5.13e-17    32 5.13e-17
    33 5.13e-17    34 5.13e-17    35 5.13e-17    36 7.85e-17    37 7.85e-17    38 7.85e-17    39 7.85e-17    40 7.85e-17
    41 7.85e-17    42 7.85e-17    43 7.85e-17    44 7.85e-17    45 1.15e-16    46 1.15e-16    47 1.15e-16    48 1.15e-16
    49 1.15e-16    50 1.15e-16    51 1.15e-16    52 1.15e-16    53 1.15e-16    54 1.15e-16

 Old, new H  1 mean line optical depths:
  2- 1 9.98e+07  3- 2 5.64e-06  4- 3 6.20e-13  5- 4 3.29e-13  6- 5 7.88e-13  7- 6-2.24e-14  8- 7 2.71e-14
  9- 8 2.47e-13 10- 9 8.41e-13 11-10 3.62e-12 12-11 2.43e-14 13-12-3.34e-14 14-13-1.59e-13 15-14-4.02e-13 16-15-8.44e-13
 17-16-1.61e-12 18-17-2.88e-12 19-18-4.94e-12 20-19-8.24e-12 21-20-1.35e-11 22-21-2.24e-11 23-22-3.95e-11 24-23-8.89e-11
 25-24-2.46e-09
  2- 1 9.98e+07  3- 2 5.06e-06  4- 3 6.16e-13  5- 4 3.27e-13  6- 5 7.84e-13  7- 6-2.23e-14  8- 7 2.69e-14
  9- 8 2.46e-13 10- 9 8.36e-13 11-10 3.60e-12 12-11 2.45e-14 13-12-3.29e-14 14-13-1.58e-13 15-14-4.00e-13 16-15-8.39e-13
 17-16-1.60e-12 18-17-2.86e-12 19-18-4.92e-12 20-19-8.19e-12 21-20-1.34e-11 22-21-2.22e-11 23-22-3.91e-11 24-23-8.78e-11
 25-24-2.42e-09

 Old, new He 2 continuum optical depths:
     1 2.86e+02     2 6.03e+03     3 1.42e-04     4 1.42e-04     5 1.42e-04     6 1.53e-04     7 1.53e-04     8 1.53e-04
     9 1.53e-04    10 2.43e-04    11 2.43e-04    12 2.43e-04    13 2.43e-04    14 2.43e-04    15 3.01e-04    16 3.01e-04
    17 3.01e-04    18 3.01e-04    19 3.01e-04    20 3.01e-04    21 2.53e-04    22 2.53e-04    23 2.53e-04    24 2.53e-04
    25 2.53e-04    26 2.53e-04    27 2.53e-04    28 7.78e-05    29 7.78e-05    30 7.78e-05    31 7.78e-05    32 7.78e-05
    33 7.78e-05    34 7.78e-05    35 7.78e-05    36 8.29e-18    37 8.29e-18    38 8.29e-18    39 8.29e-18    40 8.29e-18
    41 8.29e-18    42 8.29e-18    43 8.29e-18    44 8.29e-18    45 1.28e-17    46 1.28e-17    47 1.28e-17    48 1.28e-17
    49 1.28e-17    50 1.28e-17    51 1.28e-17    52 1.28e-17    53 1.28e-17    54 1.28e-17
     1 2.86e+02     2 6.03e+03     3 1.42e-04     4 1.42e-04     5 1.42e-04     6 1.53e-04     7 1.53e-04     8 1.53e-04
     9 1.53e-04    10 2.43e-04    11 2.43e-04    12 2.43e-04    13 2.43e-04    14 2.43e-04    15 3.00e-04    16 3.00e-04
    17 3.00e-04    18 3.00e-04    19 3.00e-04    20 3.00e-04    21 2.53e-04    22 2.53e-04    23 2.53e-04    24 2.53e-04
    25 2.53e-04    26 2.53e-04    27 2.53e-04    28 7.78e-05    29 7.78e-05    30 7.78e-05    31 7.78e-05    32 7.78e-05
    33 7.78e-05    34 7.78e-05    35 7.78e-05    36 8.24e-18    37 8.24e-18    38 8.24e-18    39 8.24e-18    40 8.24e-18
    41 8.24e-18    42 8.24e-18    43 8.24e-18    44 8.24e-18    45 1.27e-17    46 1.27e-17    47 1.27e-17    48 1.27e-17
    49 1.27e-17    50 1.27e-17    51 1.27e-17    52 1.27e-17    53 1.27e-17    54 1.27e-17

 Old, new He 2 mean line optical depths:
  2- 1 0.00e+00  3- 2 0.00e+00  4- 3 0.00e+00  5- 4 0.00e+00  6- 5 0.00e+00  7- 6 0.00e+00  8- 7 0.00e+00
  9- 8 0.00e+00 10- 9 0.00e+00 11-10 0.00e+00 12-11 0.00e+00 13-12 0.00e+00 14-13 0.00e+00 15-14 0.00e+00 16-15 0.00e+00
 17-16 0.00e+00 18-17 0.00e+00 19-18 0.00e+00 20-19 0.00e+00 21-20 0.00e+00 22-21 0.00e+00 23-22 0.00e+00 24-23 0.00e+00
 25-24 0.00e+00
  2- 1 0.00e+00  3- 2 0.00e+00  4- 3 0.00e+00  5- 4 0.00e+00  6- 5 0.00e+00  7- 6 0.00e+00  8- 7 0.00e+00
  9- 8 0.00e+00 10- 9 0.00e+00 11-10 0.00e+00 12-11 0.00e+00 13-12 0.00e+00 14-13 0.00e+00 15-14 0.00e+00 16-15 0.00e+00
 17-16 0.00e+00 18-17 0.00e+00 19-18 0.00e+00 20-19 0.00e+00 21-20 0.00e+00 22-21 0.00e+00 23-22 0.00e+00 24-23 0.00e+00
 25-24 0.00e+00

 Old He Is optical depths:    1 1.89e+03    2 1.00e-04    3 1.27e-04    4 1.42e-04    5 1.42e-04
 New He Is optical depths:    1 1.89e+03    2 1.00e-04    3 1.27e-04    4 1.42e-04    5 1.42e-04
          Old He Is Lines:  584 6.34e+06 3889 2.32e-08 5016 3.95e-14 5876 1.85e-19
          New He Is Lines:  584 6.34e+06 3889 2.30e-08 5016 3.93e-14 5876 1.84e-19

==== H      compounds ====           Log10 column densities [cm^-2]
   H2        : 15.581   H2*       : 13.019   H2+       : 11.325   H3+       :  7.563
==== He     compounds ====
   HeH+      : 10.507
==== Li     compounds ====
   LiH       :  3.180   LiH+      :  0.998
==== C      compounds ====
   CH        : 12.071   CH+       :  9.871   CH2       :  7.508   CH2+      :  5.998   CH3       :  1.321   CH3+      :  1.204
   CH4       : -3.763   CH4+      : -5.525   CH5+      :-10.104   C2        : 11.142   C2+       :  9.851   C2H       :  6.249
   C2H+      :  5.852   C2H2      :  0.180   C2H2+     :  1.674   C2H3+     : -8.005   C3        :  0.952   C3+       :  3.712
   C3H       : -1.424   C3H+      :  0.179
==== N      compounds ====
   NH        : 13.760   NH+       : 13.073   NH2       :  9.508   NH2+      :  9.226   NH3       :  4.987   NH3+      :  4.693
   NH4+      : -1.751   CN        : 13.123   CN+       :  7.503   HCN       :  7.577   HCN+      :  6.530   HNC       :  5.701
   HCNH+     :  2.423   HC3N      : -3.664   N2        : 14.043   N2+       : 10.014   N2H+      :  2.804
==== O      compounds ====
   OH        : 12.042   OH+       : 12.205   H2O       :  6.491   H2O+      :  8.131   H3O+      :  3.785   CO        : 14.428
   CO+       :  7.338   HCO+      :  8.187   H2CO      :  3.256   NO        : 12.269   NO+       : 10.615   HNO       :  5.918
   HNO+      :  6.210   OCN       :  4.111   OCN+      :  7.753   N2O       :  6.994   O2        :  7.664   O2+       : 10.637
   NO2       :  5.179   NO2+      :  4.332
==== F      compounds ====
   HF        : 12.188   HF+       :  4.158   H2F+      :  0.346   CF+       :  8.752
==== Ne     compounds ====
   NeH+      :  8.823
==== Si     compounds ====
   SiH       :  4.920   SiH2+     :  3.773   SiN       :  2.629   SiN+      : 10.869   SiO       :  7.470   SiO+      :  9.353
   SiOH+     :  4.866
==== S      compounds ====
   HS        : 11.204   HS+       :  9.853   CS        :  9.564   CS+       :  8.737   HCS+      :  5.569   NS        : 10.425
   NS+       : 10.121   SO        :  9.911   SO+       :  9.074   OCS       :  3.131   OCS+      :  1.847   SO2       :-35.930
   SiS       : 10.902   S2        :  4.344   S2+       :  3.214
==== Cl     compounds ====
   HCl       :  7.222   HCl+      : 10.258   H2Cl+     :  6.415   CCl       :-13.082   CCl+      :  1.761   H2CCl+    :-15.823
   ClO       :-13.378   ClO+      :-17.943
==== Ar     compounds ====
   ArH+      :  8.956


               1      2      3      4      5      6      7      8      9     10     11     12     13     14     15     16     17

 Hydrogen   20.980 17.799 15.583 (H2)                Log10 Column density (cm^-2)
 Helium     19.980  9.736-30.000
 Lithium     9.747 12.288-30.000-30.000
 Beryllium   9.716 10.299  3.915-30.000-30.000
 Boron       9.418 11.768 -1.382-30.000-30.000-30.000
 Carbon     17.367 14.841  3.426-30.000-30.000-30.000-30.000
 Nitrogen   16.908 13.826 -0.589-30.000-30.000-30.000-30.000-30.000
 Oxygen     17.670 14.396 -5.462-30.000-30.000-30.000-30.000-30.000-30.000
 Fluorine   13.436  8.403 -7.012-30.000-30.000-30.000-30.000-30.000-30.000-30.000
 Neon       16.980 10.446-30.000-30.000-30.000-30.000-30.000-30.000-30.000-30.000-30.000
 Sodium     12.611 15.310 -5.886-30.000-30.000-30.000-30.000-30.000-30.000-30.000-30.000-30.000
 Magnesium  15.166 16.501 12.539-30.000-30.000-30.000-30.000-30.000-30.000-30.000-30.000-30.000-30.000
 Aluminium  12.160 15.450  8.764-30.000-30.000-30.000-30.000-30.000-30.000-30.000-30.000-30.000-30.000-30.000
 Silicon    13.938 16.519 11.546-30.000-30.000-30.000-30.000-30.000-30.000-30.000-30.000-30.000-30.000-30.000-30.000
 Phosphorus 11.612 14.485  5.509-30.000-30.000-30.000-30.000-30.000-30.000-30.000-30.000-30.000-30.000-30.000-30.000-30.000
 Sulphur    16.127 15.621  6.969-30.000-30.000-30.000-30.000-30.000-30.000-30.000-30.000-30.000-30.000-30.000-30.000-30.000-30.000
 Chlorine   12.170 14.257  5.476-30.000-30.000-30.000-30.000-30.000-30.000-30.000-30.000-30.000-30.000-30.000-30.000-30.000-30.000
-30.000
 Argon      15.380 11.172  0.857-30.000-30.000-30.000-30.000-30.000-30.000-30.000-30.000-30.000-30.000-30.000-30.000-30.000-30.000
-30.000-30.000
 Potassium  10.764 14.100  1.267-30.000-30.000-30.000-30.000-30.000-30.000-30.000-30.000-30.000-30.000-30.000-30.000-30.000-30.000
-30.000-30.000-30.000
 Calcium    12.782 15.335 13.287-30.000-30.000-30.000-30.000-30.000-30.000-30.000-30.000-30.000-30.000-30.000-30.000-30.000-30.000
-30.000-30.000-30.000-30.000
 Scandium    9.441 12.147  9.943-30.000-30.000-30.000-30.000-30.000-30.000-30.000-30.000-30.000-30.000-30.000-30.000-30.000-30.000
-30.000-30.000-30.000-30.000-30.000
 Titanium   10.520 14.001 10.707-30.000-30.000-30.000-30.000-30.000-30.000-30.000-30.000-30.000-30.000-30.000-30.000-30.000-30.000
-30.000-30.000-30.000-30.000-30.000-30.000
 Vanadium   11.021 12.975  8.658-30.000-30.000-30.000-30.000-30.000-30.000-30.000-30.000-30.000-30.000-30.000-30.000-30.000-30.000
-30.000-30.000-30.000-30.000-30.000-30.000-30.000
 Chromium   12.152 14.649 10.935-30.000-30.000-30.000-30.000-30.000-30.000-30.000-30.000-30.000-30.000-30.000-30.000-30.000-30.000
-30.000-30.000-30.000-30.000-30.000-30.000-30.000-30.000
 Manganese  10.980 14.439 10.465-30.000-30.000-30.000-30.000-30.000-30.000-30.000-30.000-30.000-30.000-30.000-30.000-30.000-30.000
-30.000-30.000-30.000-30.000-30.000-30.000-30.000-30.000-30.000
 Iron       12.912 16.430 12.167-30.000-30.000-30.000-30.000-30.000-30.000-30.000-30.000-30.000-30.000-30.000-30.000-30.000-30.000
-30.000-30.000-30.000-30.000-30.000-30.000-30.000-30.000-30.000-30.000
 Cobalt     12.235 13.891  7.574-30.000-30.000-30.000-30.000-30.000-30.000-30.000-30.000-30.000-30.000-30.000-30.000-30.000-30.000
-30.000-30.000-30.000-30.000-30.000-30.000-30.000-30.000-30.000-30.000-30.000
 Nickel     11.862 15.230  3.435-30.000-30.000-30.000-30.000-30.000-30.000-30.000-30.000-30.000-30.000-30.000-30.000-30.000-30.000
-30.000-30.000-30.000-30.000-30.000-30.000-30.000-30.000-30.000-30.000-30.000-30.000
 Copper     11.869 13.168  2.637-30.000-30.000-30.000-30.000-30.000-30.000-30.000-30.000-30.000-30.000-30.000-30.000-30.000-30.000
-30.000-30.000-30.000-30.000-30.000-30.000-30.000-30.000-30.000-30.000-30.000-30.000-30.000
 Zinc       12.453 13.546  6.999-30.000-30.000-30.000-30.000-30.000-30.000-30.000-30.000-30.000-30.000-30.000-30.000-30.000-30.000
-30.000-30.000-30.000-30.000-30.000-30.000-30.000-30.000-30.000-30.000-30.000-30.000-30.000-30.000
 Exc state                  He[2]  5.346                 C+[2] 14.316                  C[1] 16.487                  C[2] 17.022
                             C[3] 16.987                  O[1] 17.665                  O[2] 15.396                  O[3] 15.308
                           Si+[1] 16.515                C+2[2] -1.109                C+2[3] -9.804                C+2[4] -5.324


 Hydrogen   -0.000 -3.181 -5.096 (H2)                 Log10 Mean Ionisation (over radius)
 Helium      0.000-10.244
 Lithium    -2.543 -0.001
 Beryllium  -0.684 -0.101 -6.485
 Boron      -2.352 -0.002-13.152
 Carbon     -0.002 -2.528-13.944
 Nitrogen   -0.002 -3.084-17.499
 Oxygen     -0.000 -3.275-23.132
 Fluorine   -0.024 -5.057-20.472
 Neon       -0.000 -6.534
 Sodium     -2.700 -0.001-21.197
 Magnesium  -1.354 -0.020 -3.981
 Aluminium  -3.290 -0.000 -6.686
 Silicon    -2.583 -0.001 -4.974
 Phosphorus -2.873 -0.001 -8.976
 Sulphur    -0.118 -0.624 -9.276
 Chlorine   -2.091 -0.004 -8.785
 Argon      -0.000 -4.208-14.523
 Potassium  -3.336 -0.000-12.834
 Calcium    -2.558 -0.005 -2.053
 Scandium   -2.709 -0.004 -2.208
 Titanium   -3.481 -0.000 -3.294
 Vanadium   -1.959 -0.005 -4.322
 Chromium   -2.498 -0.001 -3.716
 Manganese  -3.459 -0.000 -3.975
 Iron       -3.518 -0.000 -4.264
 Cobalt     -1.665 -0.009 -6.326
 Nickel     -3.369 -0.000-11.795
 Copper     -1.321 -0.021-10.553
 Zinc       -1.127 -0.034 -6.581

               1      2      3      4      5      6      7      8      9     10     11     12     13     14     15     16     17

 Hydrogen   -0.000 -3.178 -5.096 (H2)         Log10 Mean Ionisation (over radius*electron density)
 Helium      0.000-10.241
 Lithium    -2.558 -0.001
 Beryllium  -0.704 -0.096 -6.479
 Boron      -2.402 -0.002-13.151
 Carbon     -0.002 -2.527-13.941
 Nitrogen   -0.002 -3.082-17.494
 Oxygen     -0.000 -3.272-23.129
 Fluorine   -0.022 -5.055-20.469
 Neon       -0.000 -6.534
 Sodium     -2.700 -0.001-21.195
 Magnesium  -1.358 -0.020 -3.979
 Aluminium  -3.298 -0.000 -6.685
 Silicon    -2.631 -0.001 -4.972
 Phosphorus -2.873 -0.001 -8.975
 Sulphur    -0.119 -0.621 -9.272
 Chlorine   -2.092 -0.004 -8.784
 Argon      -0.000 -4.207-14.519
 Potassium  -3.337 -0.000-12.833
 Calcium    -2.575 -0.005 -2.053
 Scandium   -2.721 -0.004 -2.208
 Titanium   -3.482 -0.000 -3.295
 Vanadium   -1.961 -0.005 -4.321
 Chromium   -2.522 -0.001 -3.713
 Manganese  -3.459 -0.000 -3.973
 Iron       -3.519 -0.000 -4.262
 Cobalt     -1.686 -0.009 -6.324
 Nickel     -3.370 -0.000-11.794
 Copper     -1.341 -0.020-10.550
 Zinc       -1.154 -0.032 -6.577

               1      2      3      4      5      6      7      8      9     10     11     12     13     14     15     16     17

 Hydrogen    4.000  4.000  4.000 (H2)                  Log10 Mean Temperature (over radius)
 Helium      4.000  4.000
 Lithium     4.000  4.000
 Beryllium   4.000  4.000  4.000
 Boron       4.000  4.000  4.000
 Carbon      4.000  4.000  4.000
 Nitrogen    4.000  4.000  4.000
 Oxygen      4.000  4.000  4.000
 Fluorine    4.000  4.000  4.000
 Neon        4.000  4.000
 Sodium      4.000  4.000  4.000
 Magnesium   4.000  4.000  4.000
 Aluminium   4.000  4.000  4.000
 Silicon     4.000  4.000  4.000
 Phosphorus  4.000  4.000  4.000
 Sulphur     4.000  4.000  4.000
 Chlorine    4.000  4.000  4.000
 Argon       4.000  4.000  4.000
 Potassium   4.000  4.000  4.000
 Calcium     4.000  4.000  4.000
 Scandium    4.000  4.000  4.000
 Titanium    4.000  4.000  4.000
 Vanadium    4.000  4.000  4.000
 Chromium    4.000  4.000  4.000
 Manganese   4.000  4.000  4.000
 Iron        4.000  4.000  4.000
 Cobalt      4.000  4.000  4.000
 Nickel      4.000  4.000  4.000
 Copper      4.000  4.000  4.000
 Zinc        4.000  4.000  4.000

               1      2      3      4      5      6      7      8      9     10     11     12     13     14     15     16     17

 Hydrogen    4.000  4.000  4.000 (H2)          Log10 Mean Temperature (over radius*electron density)
 Helium      4.000  4.000
 Lithium     4.000  4.000
 Beryllium   4.000  4.000  4.000
 Boron       4.000  4.000  4.000
 Carbon      4.000  4.000  4.000
 Nitrogen    4.000  4.000  4.000
 Oxygen      4.000  4.000  4.000
 Fluorine    4.000  4.000  4.000
 Neon        4.000  4.000
 Sodium      4.000  4.000  4.000
 Magnesium   4.000  4.000  4.000
 Aluminium   4.000  4.000  4.000
 Silicon     4.000  4.000  4.000
 Phosphorus  4.000  4.000  4.000
 Sulphur     4.000  4.000  4.000
 Chlorine    4.000  4.000  4.000
 Argon       4.000  4.000  4.000
 Potassium   4.000  4.000  4.000
 Calcium     4.000  4.000  4.000
 Scandium    4.000  4.000  4.000
 Titanium    4.000  4.000  4.000
 Vanadium    4.000  4.000  4.000
 Chromium    4.000  4.000  4.000
 Manganese   4.000  4.000  4.000
 Iron        4.000  4.000  4.000
 Cobalt      4.000  4.000  4.000
 Nickel      4.000  4.000  4.000
 Copper      4.000  4.000  4.000
 Zinc        4.000  4.000  4.000

               1      2      3      4      5      6      7      8      9     10     11     12     13     14     15     16     17
IC443 grid point v shock=62 km/s  

---------------Convergence statistics---------------
      2.28 mean iterations/state convergence
         3 mean cx acceleration loops/iteration
      1.08 mean iso convergence loops/ion solve
      1.02 mean steps/chemistry solve
      1.01 mean step length searches/chemistry step
----------------------------------------------------

 Cloudy ends: 261 zones, 2 iterations. (single thread) ExecTime(s) 45.80
 [Stop in cdMain at maincl.cpp:593, Cloudy exited OK]
