                                                          Cloudy 23.01
                                                         www.nublado.org

                                                  PRNG seed: 0xddc552104b31355a

                       **************************************23Jul25**************************************
                       *                                                                                 *
                       * title IC443 grid point v shock=69 km/s                                          *
                       * hden 2.8105                                                                     *
                       * constant temperature, t=10000 K linear                                          *
                       * stop column density 21.08                                                       *
                       * iterate                                                                         *
                       * save results last "v69.rlt"                                                     *
                       *                                                                                 *
                       ***********************************************************************************



 NOTE Setcon: continuum has zero intensity starting at  3.0447e-09 Ryd.
  9244 cells in the incident continuum have zero intensity.  Problems???

 NOTE There is no hydrogen-ionizing radiation.
 Was this intended?

 NOTE There is no Balmer continuum radiation.<<<<
 Was this intended?

           9244CellPeak3.04E-09   Lo 3.04e-09=  29.98m   Hi-Con:7.13E+06 Ryd   E(hi):7.35E+06Ryd     E(hi):     100.00 MeV
           I(nu>1ryd):   0.0000   Average nu:0.000E+00   I( X-ray):   0.0000   I(BalC): -30.0000     Phi(BalmrC): -30.0000
           phi(1.0-1.8): 0.0000   phi(1.8-4.0):  0.000   phi(4.0-20):  0.000   phi(20--):  0.000     Ion pht flx:0.000E+00
           I(gam ray):   0.0000   phi(gam r):   0.0000   I(Infred):   0.0000   Alf(ox):   0.0000     Total inten: -35.9298
           U(1.0----):0.000E+00   U(4.0----):0.000E+00   T(En-Den):0.000E+00   T(Comp):0.000E+00     nuJnu(912A):0.000E+00
           Occ(FarIR):0.000E+00   Occ(H n=6):0.000E+00   Occ(1Ryd):0.000E+00   Occ(4R):0.000E+00     Occ (Nu-hi):0.000E+00
           Tbr(FarIR):0.000E+00   Tbr(H n=6):0.000E+00   Tbr(1Ryd):0.000E+00   Tbr(4R):0.000E+00     Tbr (Nu-hi):0.000E+00
  
                                                  Gas Phase Chemical Composition
        H :  0.0000  He: -1.0000  Li: -8.6904  Be:-10.5800  B : -9.2097  C : -3.6108  N : -4.0701  O : -3.3098  F : -7.5200
        Ne: -4.0000  Na: -5.6696  Mg: -4.4597  Al: -5.5302  Si: -4.4597  P : -6.4949  S : -4.7352  Cl: -6.7190  Ar: -5.6003
        K : -6.8794  Ca: -5.6402  Sc: -8.8297  Ti: -6.9788  V : -8.0000  Cr: -6.3298  Mn: -6.5406  Fe: -4.5498  Co: -7.0799
                                               Ni: -5.7496  Cu: -7.7905  Zn: -7.4001
 
 ####  1  Te:1.000E+04 Hden:6.464E+02 Ne:3.628E-01 R:1.000E+30 R-R0:1.829E+11 dR:3.658E+11 NTR:  1 Htot:1.885E-25 T912: 1.50e-03###
 Hydrogen      1.00e+00 4.72e-04 H+o/Hden 1.00e+00 5.86e-09 H-    H2 3.13e-06 1.41e-10 H2+ HeH+ 2.15e-11 Ho+ ColD 2.36e+14 1.12e+11
 Helium        1.00e+00 2.73e-12 0.00e+00 HeI 2s3S 2.24e-15 Comp H,C 0.00e+00 0.00e+00 Fill Fac 1.00e+00 Gam1/tot 5.04e-09
 He singlet n  1.00e+00 1.14e-21 6.82e-30 5.21e-29 7.48e-31 6.57e-30 He tripl 2.24e-15 1.35e-27 8.64e-29 8.33e-29 3.70e-30
 Pressure      NgasTgas 7.12e+06 P(total) 9.83e-10 P( gas ) 9.83e-10 P(Radtn) 0.00e+00 Rad accl 0.00e+00 ForceMul 0.00e+00
 Texc(La)      2.33e+03 T(I con) 0.00e+00 T(D con) 5.59e-02 T(U tot) 5.59e-02 nT (c+d) 1.35e+04 Prad/Gas 0.00e+00 Pmag/Gas 0.00e+00
 Molecules     CH/Ctot: 2.22e-06 CH+/Ctot 1.91e-08 CO/Ctot: 4.36e-01 CO+/Ctot 2.19e-08 H2O/Otot 3.40e-12 OH/Ototl 1.45e-06
 Lithium       8.67e-03 9.91e-01 0.00e+00 0.00e+00 Berylliu 9.52e-01 4.80e-02 1.58e-08 0.00e+00 0.00e+00 sec ion: 0.00e+00
 Boron         5.15e-01 4.85e-01 2.67e-14 0.00e+00 0.00e+00 0.00e+00
 Carbon        5.59e-01 4.51e-03 1.28e-14 0.00e+00 0.00e+00 0.00e+00 0.00e+00 H2O+/O   2.85e-10 OH+/Otot 3.18e-06 Hex(tot) 0.00e+00
 Nitrogen      9.80e-01 5.39e-04 9.96e-20 0.00e+00 0.00e+00 0.00e+00 0.00e+00 0.00e+00 O2/Ototl 6.91e-11 O2+/Otot 9.17e-08
 Oxygen        7.82e-01 2.98e-04 3.20e-24 0.00e+00 0.00e+00 0.00e+00 0.00e+00 0.00e+00 0.00e+00
 Fluorine      8.21e-01 7.71e-06 2.46e-21 0.00e+00 0.00e+00 0.00e+00 0.00e+00 0.00e+00 0.00e+00 0.00e+00
 Neon          1.00e+00 3.11e-07 0.00e+00 0.00e+00 0.00e+00 0.00e+00 0.00e+00 0.00e+00 0.00e+00 0.00e+00 0.00e+00
 Sodium        1.94e-03 9.98e-01 5.09e-22 0.00e+00 0.00e+00 0.00e+00 0.00e+00 0.00e+00 0.00e+00 0.00e+00 0.00e+00 0.00e+00
 Magnesium     6.12e-02 9.39e-01 7.37e-05 0.00e+00 0.00e+00 0.00e+00 0.00e+00 0.00e+00 0.00e+00 0.00e+00 0.00e+00 0.00e+00 0.00e+00
 Aluminium  0  9.65e-04 9.99e-01 1.79e-07 0.00e+00 0.00e+00 0.00e+00 0.00e+00 0.00e+00 0.00e+00 0.00e+00 0.00e+00 0.00e+00 0.00e+00
 Silicon    0  1.17e-01 4.13e-01 3.14e-06 0.00e+00 0.00e+00 0.00e+00 0.00e+00 0.00e+00 0.00e+00 0.00e+00 0.00e+00 0.00e+00 0.00e+00
 Phosphorus 0  1.37e-03 9.99e-01 8.23e-10 0.00e+00 0.00e+00 0.00e+00 0.00e+00 0.00e+00 0.00e+00 0.00e+00 0.00e+00 0.00e+00 0.00e+00
 Sulphur    0  1.01e-01 1.23e-02 2.12e-12 0.00e+00 0.00e+00 0.00e+00 0.00e+00 0.00e+00 0.00e+00 0.00e+00 0.00e+00 0.00e+00 0.00e+00
 Chlorine   0  8.68e-03 9.91e-01 1.39e-09 0.00e+00 0.00e+00 0.00e+00 0.00e+00 0.00e+00 0.00e+00 0.00e+00 0.00e+00 0.00e+00 0.00e+00
 Argon      0  1.00e+00 3.72e-05 8.62e-17 0.00e+00 0.00e+00 0.00e+00 0.00e+00 0.00e+00 0.00e+00 0.00e+00 0.00e+00 0.00e+00 0.00e+00
 Potassium  0  4.72e-04 1.00e+00 1.20e-13 0.00e+00 0.00e+00 0.00e+00 0.00e+00 0.00e+00 0.00e+00 0.00e+00 0.00e+00 0.00e+00 0.00e+00
 Calcium    0  9.58e-03 9.81e-01 9.24e-03 0.00e+00 0.00e+00 0.00e+00 0.00e+00 0.00e+00 0.00e+00 0.00e+00 0.00e+00 0.00e+00 0.00e+00
 Scandium   0  4.81e-03 9.89e-01 6.56e-03 0.00e+00 0.00e+00 0.00e+00 0.00e+00 0.00e+00 0.00e+00 0.00e+00 0.00e+00 0.00e+00 0.00e+00
 Titanium   0  3.42e-04 9.99e-01 5.40e-04 0.00e+00 0.00e+00 0.00e+00 0.00e+00 0.00e+00 0.00e+00 0.00e+00 0.00e+00 0.00e+00 0.00e+00
 Vanadium   0  1.25e-02 9.87e-01 4.03e-05 0.00e+00 0.00e+00 0.00e+00 0.00e+00 0.00e+00 0.00e+00 0.00e+00 0.00e+00 0.00e+00 0.00e+00
 Chromium   0  2.03e-02 9.80e-01 1.35e-04 0.00e+00 0.00e+00 0.00e+00 0.00e+00 0.00e+00 0.00e+00 0.00e+00 0.00e+00 0.00e+00 0.00e+00
 Manganese  0  3.59e-04 1.00e+00 7.59e-05 0.00e+00 0.00e+00 0.00e+00 0.00e+00 0.00e+00 0.00e+00 0.00e+00 0.00e+00 0.00e+00 0.00e+00
 Iron       0  3.23e-04 1.00e+00 3.90e-05 0.00e+00 0.00e+00 0.00e+00 0.00e+00 0.00e+00 0.00e+00 0.00e+00 0.00e+00 0.00e+00 0.00e+00
 Cobalt     0  1.07e-01 8.93e-01 3.08e-07 0.00e+00 0.00e+00 0.00e+00 0.00e+00 0.00e+00 0.00e+00 0.00e+00 0.00e+00 0.00e+00 0.00e+00
 Nickel     0  4.53e-04 1.00e+00 1.24e-12 0.00e+00 0.00e+00 0.00e+00 0.00e+00 0.00e+00 0.00e+00 0.00e+00 0.00e+00 0.00e+00 0.00e+00
 Copper     0  2.21e-01 7.79e-01 1.76e-11 0.00e+00 0.00e+00 0.00e+00 0.00e+00 0.00e+00 0.00e+00 0.00e+00 0.00e+00 0.00e+00 0.00e+00
 Zinc       0  6.13e-01 3.87e-01 8.86e-08 0.00e+00 0.00e+00 0.00e+00 0.00e+00 0.00e+00 0.00e+00 0.00e+00 0.00e+00 0.00e+00 0.00e+00
 ####263  Te:1.000E+04 Hden:6.464E+02 Ne:5.883E-01 R:1.000E+30 R-R0:1.854E+18 dR:1.163E+16 NTR:  2 Htot:1.201E-24 T912: 7.63e+03###
 Hydrogen      9.99e-01 7.98e-04 H+o/Hden 1.00e+00 9.47e-09 H-    H2 3.49e-06 2.46e-10 H2+ HeH+ 3.74e-11 Ho+ ColD 1.20e+21 8.17e+17
 Helium        1.00e+00 6.79e-11 0.00e+00 HeI 2s3S 3.31e-15 Comp H,C 7.48e-33 2.73e-32 Fill Fac 1.00e+00 Gam1/tot 1.62e-04
 He singlet n  1.00e+00 1.88e-21 4.82e-27 7.90e-29 4.54e-29 9.82e-30 He tripl 3.31e-15 2.00e-27 1.28e-28 1.23e-28 5.62e-30
 Pressure      NgasTgas 7.12e+06 P(total) 9.84e-10 P( gas ) 9.83e-10 P(Radtn) 5.99e-13 Rad accl 2.06e-11 ForceMul 2.34e+05
 Texc(La)      3.44e+03 T(I con) 0.00e+00 T(D con) 2.60e+00 T(U tot) 2.60e+00 nT (c+d) 6.29e+05 Prad/Gas 6.09e-04 Pmag/Gas 0.00e+00
 Molecules     CH/Ctot: 4.41e-06 CH+/Ctot 2.51e-08 CO/Ctot: 2.27e-05 CO+/Ctot 1.49e-11 H2O/Otot 4.95e-12 OH/Ototl 2.09e-06
 Lithium       1.11e-03 9.99e-01 0.00e+00 0.00e+00 Berylliu 7.16e-02 9.28e-01 4.29e-07 0.00e+00 0.00e+00 sec ion: 0.00e+00
 Boron         5.21e-04 9.99e-01 8.12e-14 0.00e+00 0.00e+00 0.00e+00
 Carbon        9.97e-01 3.40e-03 1.49e-14 0.00e+00 0.00e+00 0.00e+00 0.00e+00 H2O+/O   1.57e-10 OH+/Otot 2.54e-06 Hex(tot) 0.00e+00
 Nitrogen      9.98e-01 9.99e-04 4.54e-18 0.00e+00 0.00e+00 0.00e+00 0.00e+00 0.00e+00 O2/Ototl 7.54e-11 O2+/Otot 5.77e-08
 Oxygen        9.99e-01 6.43e-04 1.02e-23 0.00e+00 0.00e+00 0.00e+00 0.00e+00 0.00e+00 0.00e+00
 Fluorine      9.89e-01 1.11e-05 4.68e-21 0.00e+00 0.00e+00 0.00e+00 0.00e+00 0.00e+00 0.00e+00 0.00e+00
 Neon          1.00e+00 2.84e-07 0.00e+00 0.00e+00 0.00e+00 0.00e+00 0.00e+00 0.00e+00 0.00e+00 0.00e+00 0.00e+00
 Sodium        1.96e-03 9.98e-01 7.19e-22 0.00e+00 0.00e+00 0.00e+00 0.00e+00 0.00e+00 0.00e+00 0.00e+00 0.00e+00 0.00e+00
 Magnesium     3.13e-02 9.69e-01 1.28e-04 0.00e+00 0.00e+00 0.00e+00 0.00e+00 0.00e+00 0.00e+00 0.00e+00 0.00e+00 0.00e+00 0.00e+00
 Aluminium  0  2.66e-04 1.00e+00 2.22e-07 0.00e+00 0.00e+00 0.00e+00 0.00e+00 0.00e+00 0.00e+00 0.00e+00 0.00e+00 0.00e+00 0.00e+00
 Silicon    0  2.84e-04 1.00e+00 1.29e-05 0.00e+00 0.00e+00 0.00e+00 0.00e+00 0.00e+00 0.00e+00 0.00e+00 0.00e+00 0.00e+00 0.00e+00
 Phosphorus 0  1.31e-03 9.99e-01 1.21e-09 0.00e+00 0.00e+00 0.00e+00 0.00e+00 0.00e+00 0.00e+00 0.00e+00 0.00e+00 0.00e+00 0.00e+00
 Sulphur    0  6.64e-01 3.36e-01 8.74e-10 0.00e+00 0.00e+00 0.00e+00 0.00e+00 0.00e+00 0.00e+00 0.00e+00 0.00e+00 0.00e+00 0.00e+00
 Chlorine   0  6.37e-03 9.94e-01 1.79e-09 0.00e+00 0.00e+00 0.00e+00 0.00e+00 0.00e+00 0.00e+00 0.00e+00 0.00e+00 0.00e+00 0.00e+00
 Argon      0  1.00e+00 7.73e-05 4.44e-15 0.00e+00 0.00e+00 0.00e+00 0.00e+00 0.00e+00 0.00e+00 0.00e+00 0.00e+00 0.00e+00 0.00e+00
 Potassium  0  4.16e-04 1.00e+00 1.63e-13 0.00e+00 0.00e+00 0.00e+00 0.00e+00 0.00e+00 0.00e+00 0.00e+00 0.00e+00 0.00e+00 0.00e+00
 Calcium    0  9.88e-04 9.90e-01 8.63e-03 0.00e+00 0.00e+00 0.00e+00 0.00e+00 0.00e+00 0.00e+00 0.00e+00 0.00e+00 0.00e+00 0.00e+00
 Scandium   0  8.70e-04 9.93e-01 6.09e-03 0.00e+00 0.00e+00 0.00e+00 0.00e+00 0.00e+00 0.00e+00 0.00e+00 0.00e+00 0.00e+00 0.00e+00
 Titanium   0  3.16e-04 9.99e-01 4.95e-04 0.00e+00 0.00e+00 0.00e+00 0.00e+00 0.00e+00 0.00e+00 0.00e+00 0.00e+00 0.00e+00 0.00e+00
 Vanadium   0  8.71e-03 9.91e-01 5.22e-05 0.00e+00 0.00e+00 0.00e+00 0.00e+00 0.00e+00 0.00e+00 0.00e+00 0.00e+00 0.00e+00 0.00e+00
 Chromium   0  9.18e-04 9.99e-01 2.33e-04 0.00e+00 0.00e+00 0.00e+00 0.00e+00 0.00e+00 0.00e+00 0.00e+00 0.00e+00 0.00e+00 0.00e+00
 Manganese  0  3.32e-04 1.00e+00 1.28e-04 0.00e+00 0.00e+00 0.00e+00 0.00e+00 0.00e+00 0.00e+00 0.00e+00 0.00e+00 0.00e+00 0.00e+00
 Iron       0  2.78e-04 1.00e+00 6.59e-05 0.00e+00 0.00e+00 0.00e+00 0.00e+00 0.00e+00 0.00e+00 0.00e+00 0.00e+00 0.00e+00 0.00e+00
 Cobalt     0  6.74e-03 9.93e-01 5.78e-07 0.00e+00 0.00e+00 0.00e+00 0.00e+00 0.00e+00 0.00e+00 0.00e+00 0.00e+00 0.00e+00 0.00e+00
 Nickel     0  3.96e-04 1.00e+00 1.84e-12 0.00e+00 0.00e+00 0.00e+00 0.00e+00 0.00e+00 0.00e+00 0.00e+00 0.00e+00 0.00e+00 0.00e+00
 Copper     0  1.52e-02 9.85e-01 3.32e-11 0.00e+00 0.00e+00 0.00e+00 0.00e+00 0.00e+00 0.00e+00 0.00e+00 0.00e+00 0.00e+00 0.00e+00
 Zinc       0  2.02e-02 9.80e-01 3.11e-07 0.00e+00 0.00e+00 0.00e+00 0.00e+00 0.00e+00 0.00e+00 0.00e+00 0.00e+00 0.00e+00 0.00e+00
   IC443 grid point v shock=69 km/s  
   Calculation stopped because H column dens reached. Iteration 1 of 2
   The geometry is plane-parallel.
  !Ionization rate fell below background cosmic ray ionization rate.  Should this be added too?
  !   Use the COSMIC RAY BACKGROUND command.
  !Compton cooling rate underflows to zero.  Is this important?
  !Some input lines contained underscores, these were changed to spaces.
  !There is no hydrogen-ionizing radiation.  Was this intended?
  !Thermal collisional ionization of H reached 84.26% of the local ionization rate.
  !Charge transfer H => H+ reached 89001.8% of the local H ionization rate.
  !Charge transfer heating reached 102.51% of the local heating.
  !Continuum zero at some energies.
  !AGE: Cloud age was not set.  Longest timescale was 1.14e+13 s = 3.63e+05 years.
  !Heating - cooling mismatch =200.0%. Caused by constant temperature assumption. 
  !Mutual neutralization production of H-alpha was significant.
  !Incident radiation field energy density is less than 2.7K.  Add background with CMB command.
  !The CMB was not included.  This is added with the CMB command.
  !The intensity of the incident radiation field is less than 10 times the Habing diffuse ISM field.  Is this OK?
  !   Consider adding diffuse ISM emission with TABLE ISM command.
  !An ionization jump occurred elem S  1, by 164% from 1.01e-01 (zone 1) to 4.52e-01 (zone 2) to 7.43e-01 (zone 3)
   The density is too low to l-mix the lowest H  I collapsed level.  More resolved levels are needed for accurate line ratios.
   The density is too low to l-mix the lowest He I collapsed level.  More resolved levels are needed for accurate line ratios.
   Grains were not present but might survive in this environment (energy density temperature was 0.00e+00K)
   The local H2 cooling rate reached 2.2% of the local cooling.
   H- absorption heating was 61.0% of the total.
   The fraction of F in HF reached 1.07% at some point in the cloud.

                       *********************************> Cloudy 23.01 <**********************************
                       * title IC443 grid point v shock=69 km/s                                          *
                       * hden 2.8105                                                                     *
                       * constant temperature, t=10000 K linear                                          *
                       * stop column density 21.08                                                       *
                       * iterate                                                                         *
                       * save results last "v69.rlt"                                                     *
                       *********************************> Log(U):-37.00 <*********************************

                     Emission Line Spectrum.   Constant  Density Model.    Open geometry.  Iteration 1 of 2.
                                                     Intensity (erg/s/cm^2).


                                                   Intrinsic line intensities
general properties.............................      Co 2                1.90349m   -7.666    0.0055      Fe 2                7975.22A   -8.143    0.0018
TotH                      0    -5.909    0.3131      Co 2                1.02452m   -7.395    0.0102      Fe 2                1.47063m   -8.395    0.0010
TotC                      0    -1.635 5880.1455      Co 2                1.09726m   -8.023    0.0024      Fe 2                1.01273m   -8.072    0.0022
TotM                      0    -6.696    0.0511      Co 2                1.49674m   -8.260    0.0014      Fe 2                6353.11A   -8.195    0.0016
CT H                      0    -6.560    0.0699      Co 2                1.62622m   -8.248    0.0014      Fe 2                1.80228m   -8.295    0.0013
H FB                      0    -6.722    0.0481      Co 2                1.73616m   -7.954    0.0028      Fe 2                1.00387m   -8.224    0.0015
HFBc                      0    -6.722    0.0481      Co 2                1.02803m   -7.993    0.0026      Fe 2                9469.41A   -8.109    0.0020
H  1c                     0    -2.499  804.8874      Co 2                8580.39A   -8.049    0.0023      Fe 2                9384.77A   -7.599    0.0064
NOc                       0    -8.166    0.0017      Co 2                9342.40A   -6.745    0.0457      Fe 2                2.39329m   -7.649    0.0057
CNc                       0    -7.137    0.0185      Co 2                9943.48A   -7.092    0.0206      Fe 2                4825.73A   -7.055    0.0224
OHc                       0    -7.832    0.0037      Co 2                7539.01A   -7.413    0.0098      Fe 2                2.50030m   -7.986    0.0026
HFc                       0    -7.901    0.0032      Co 2                8121.00A   -7.125    0.0190      Fe 2                4867.73A   -8.097    0.0020
COc                       0    -4.787    4.1448      Co 2                8571.41A   -7.732    0.0047      Fe 2                2.59860m   -8.369    0.0011
^13COc                    0    -6.308    0.1248      Co 2                6.21176m   -8.374    0.0011      Fe 2                4903.85A   -7.549    0.0072
OH+c                      0    -7.785    0.0042      Co 2                8027.34A   -7.591    0.0065      Fe 2                1.04657m   -8.402    0.0010
CHc                       0    -8.004    0.0025      Co 2                8467.14A   -8.004    0.0025      Fe 2                3.58120m   -7.994    0.0026
CHc                       0    -7.593    0.0065      Co 2                8333.76A   -7.773    0.0043      Fe 2                3.15558m   -8.024    0.0024
Al 1c                     0    -8.309    0.0012      Cr 2                8000.08A   -5.587    0.6576      Fe 2                5171.63A   -7.357    0.0112
C  1c                     0    -2.941  290.9056      Cr 2                8125.30A   -5.661    0.5547      Fe 2                5169.03A   -6.592    0.0650
C  2c                     0    -5.056    2.2340      Cr 2                8229.67A   -5.755    0.4465      Fe 2                5018.44A   -8.301    0.0013
Ca 1c                     0    -6.570    0.0684      Cr 2                8308.49A   -5.942    0.2901      Fe 2                6044.54A   -7.801    0.0040
Cl 1c                     0    -6.894    0.0324      Cr 2                8357.64A   -6.240    0.1462      Fe 2                5316.61A   -8.275    0.0013
Co 2c                     0    -5.510    0.7845      Fe 1                24.0358m   -6.032    0.2359      Fe 3                22.9190m   -8.314    0.0012
Cr 2c                     0    -5.083    2.0952      Fe 1                34.7038m   -6.620    0.0609      Fe 3                4985.87A   -8.177    0.0017
Fe 1c                     0    -5.932    0.2969      Fe 2                25.9813m   -3.953   28.2675      K  1                7664.90A   -8.085    0.0021
Fe 2c                     0    -2.780  421.3285      Fe 2                5.33871m   -3.431   94.1639      K  1                7698.96A   -8.382    0.0011
Fe 3c                     0    -7.597    0.0064      Fe 2                4.11387m   -5.793    0.4087      Mg 1                2025.82A   -7.879    0.0034
K  1c                     0    -7.909    0.0031      Fe 2                1.25668m   -4.702    5.0383      Mg 1                2852.13A   -4.962    2.7686
Mg 1c                     0    -4.448    9.0534      Fe 2                1.19129m   -7.487    0.0083      Mg 1                3832.30A   -8.035    0.0023
Mn 2c                     0    -5.820    0.3839      Fe 2                6309.53A   -8.331    0.0012      Mg 1                3838.29A   -7.618    0.0061
N  1c                     0    -3.691   51.7500      Fe 2                4799.30A   -8.230    0.0015      Mg 1                4562.60A   -4.769    4.3241
Na 1c                     0    -6.555    0.0707      Fe 2                4704.22A   -7.455    0.0089      Mg 1                4571.10A   -5.207    1.5757
Ni 1c                     0    -6.960    0.0278      Fe 2                4632.28A   -5.662    0.5525      Mg 1                4575.29A   -6.135    0.1860
O  1c                     0    -2.029 2373.6880      Fe 2                4604.48A   -7.446    0.0091      Mg 1                5167.32A   -7.294    0.0129
O  2c                     0    -6.144    0.1822      Fe 2                4416.27A   -5.644    0.5768      Mg 1                5172.68A   -6.819    0.0385
P  2c                     0    -4.766    4.3516      Fe 2                4382.74A   -6.613    0.0618      Mg 1                5183.60A   -6.599    0.0639
S  1c                     0    -4.646    5.7321      Fe 2                4287.39A   -4.681    5.2889      Mg 1                8806.76A   -6.876    0.0338
S  2c                     0    -3.699   50.7257      Fe 2                3931.44A   -8.276    0.0013      Mg 1                1.18282m   -7.035    0.0234
Sc 2c                     0    -6.805    0.0398      Fe 2                3874.07A   -7.907    0.0031      Mg 1                1.50250m   -7.860    0.0035
Si 1c                     0    -6.887    0.0329      Fe 2                3175.38A   -6.492    0.0817      Mg 1                1.50402m   -8.304    0.0013
Si 2c                     0    -2.267 1373.7445      Fe 2                2599.40A   -7.399    0.0101      Mg 1                1.71087m   -7.543    0.0073
Zn 2c                     0    -7.073    0.0214      Fe 2                2382.04A   -5.621    0.6081      Mn 2                2576.10A   -6.209    0.1570
Al 2c                     0    -4.602    6.3549      Fe 2                2343.50A   -8.221    0.0015      Mn 2                2593.72A   -6.303    0.1264
Ca 2c                     0    -3.334  117.7423      Fe 2                35.3391m   -4.615    6.1630      Mn 2                2605.68A   -6.442    0.0918
Cl 2c                     0    -5.157    1.7699      Fe 2                6.71944m   -4.570    6.8273      Mn 2                3438.97A   -7.611    0.0062
Mg 2c                     0    -3.099  202.2504      Fe 2                4.88781m   -5.457    0.8872      Mn 2                3460.03A   -8.166    0.0017
N  2c                     0    -6.298    0.1277      Fe 2                4.07521m   -6.278    0.1338      N  1                1134.98A   -8.348    0.0011
Ni 2c                     0    -4.141   18.3524      Fe 2                1.32055m   -5.199    1.6064      N  1                1199.55A   -7.562    0.0070
continua.......................................      Fe 2                1.24854m   -6.233    0.1486      N  1                1200.22A   -7.734    0.0047
Bac                 3646.00A   -6.007    0.2500      Fe 2                1.20512m   -8.045    0.0023      N  1                1200.71A   -8.037    0.0023
nFnu                3645.00A   -3.490   82.1183      Fe 2                7637.52A   -5.502    0.7984      N  1                3466.50A   -6.036    0.2337
nFnu                3647.00A   -3.492   81.8683      Fe 2                7523.28A   -7.550    0.0072      N  1                3466.54A   -6.709    0.0496
cout                3646.00A   -6.308    0.1250      Fe 2                4889.62A   -5.526    0.7560      N  1                5197.90A   -4.105   19.9269
cref                3646.00A   -6.308    0.1250      Fe 2                4750.27A   -8.258    0.0014      N  1                5200.26A   -3.929   29.8986
thin                3646.00A   -6.007    0.2500      Fe 2                4716.37A   -6.540    0.0732      N  1                1.03977m   -5.540    0.7315
Ba C                      0    -6.755    0.0447      Fe 2                4687.56A   -6.743    0.0459      N  1                1.03982m   -6.063    0.2195
PA C                      0    -7.172    0.0171      Fe 2                4492.64A   -6.513    0.0779      N  1                1.04072m   -5.888    0.3283
FIR                 83.0000m   -2.037 2331.0320      Fe 2                4457.95A   -5.911    0.3113      N  1                1.04076m   -5.876    0.3377
TIR                 1800.00m   -4.459    8.8247      Fe 2                4432.45A   -6.705    0.0500      Na 1                5889.95A   -6.857    0.0353
NIRa                2.85000m   -2.093 2049.6162      Fe 2                4359.33A   -4.812    3.9174      Na 1                5895.92A   -6.856    0.0354
NIRb                3.00000m   -3.241  145.6441      Fe 2                3224.54A   -7.589    0.0065      Ni 1                7.50454m   -6.960    0.0278
MIRa                15.0000m   -3.337  116.9868      Fe 2                3214.67A   -7.006    0.0250      O  1                1304.86A   -6.666    0.0548
MIRb                22.5000m   -2.223 1518.4487      Fe 2                2625.67A   -3.968   27.3377      O  1                1306.03A   -7.075    0.0214
NMIR                21.7500m   -2.093 2049.6162      Fe 2                2611.87A   -4.724    4.7896      O  1                1355.60A   -6.735    0.0468
TFIR                611.250m   -3.011  247.4994      Fe 2                2598.37A   -5.956    0.2811      O  1                1358.51A   -7.099    0.0202
TALL                10000.0A   -1.638 5837.6255      Fe 2                2395.63A   -4.978    2.6703      O  1                2972.29A   -6.189    0.1642
F12                 12.0000m   -5.242    1.4527      Fe 2                2388.63A   -6.045    0.2288      O  1                5577.34A   -5.240    1.4620
F25                 25.0000m   -3.854   35.5239      Fe 2                2383.06A   -7.890    0.0033      O  1                6300.30A   -3.548   71.9501
F60                 60.0000m   -2.084 2091.2222      Fe 2                2364.83A   -5.365    1.0951      O  1                6363.78A   -4.043   22.9850
F100                100.000m   -5.376    1.0674      Fe 2                2332.80A   -6.483    0.0835      O  1                6391.73A   -7.371    0.0108
MIPS                24.0000m   -3.854   35.5186      Fe 2                2279.91A   -7.978    0.0027      O  1                44.0453m   -7.724    0.0048
MIPS                70.0000m   -2.085 2087.9565      Fe 2                51.2868m   -5.133    1.8684      O  1                63.1679m   -2.085 2087.1331
MIPS                160.000m   -3.120  192.5663      Fe 2                5.67236m   -6.268    0.1369      O  1                145.495m   -3.127  189.5172
IRAC                3.60000m   -6.462    0.0877      Fe 2                4.60641m   -6.078    0.2123      O  2                2470.34A   -8.171    0.0017
IRAC                4.50000m   -5.143    1.8270      Fe 2                4.08085m   -6.824    0.0381      O  2                7319.99A   -8.364    0.0011
IRAC                5.80000m   -3.430   94.3160      Fe 2                1.37181m   -5.442    0.9169      O  2                3728.81A   -6.378    0.1064
IRAC                8.00000m   -4.437    9.2719      Fe 2                1.29427m   -6.018    0.2436      O  2                3726.03A   -6.554    0.0709
SPR1                250.000m   -5.592    0.6503      Fe 2                7806.23A   -7.275    0.0135      P  2                60.6263m   -5.505    0.7929
SPR2                350.000m   -3.758   44.2783      Fe 2                7686.93A   -5.580    0.6676      P  2                1532.53A   -8.177    0.0017
SPR3                500.000m   -5.820    0.3840      Fe 2                7552.40A   -8.059    0.0022      P  2                32.8620m   -5.606    0.6285
PAC1                70.0000m   -2.085 2088.7769      Fe 2                4958.23A   -7.377    0.0107      P  2                1.14682m   -5.524    0.7605
PAC2                100.000m   -5.375    1.0713      Fe 2                4750.57A   -7.374    0.0107      P  2                4669.25A   -7.189    0.0164
PAC3                160.000m   -3.119  193.0097      Fe 2                4728.07A   -6.175    0.1698      P  2                2195.57A   -7.468    0.0086
PAH                 3.30000m   -7.267    0.0137      Fe 2                4514.90A   -6.537    0.0737      P  2                1536.42A   -7.894    0.0032
PAHC                3.23000m   -7.547    0.0072      Fe 2                4488.75A   -6.256    0.1407      P  2                1535.92A   -7.901    0.0032
PAHC                3.37000m   -7.541    0.0073      Fe 2                4470.30A   -7.459    0.0088      P  2                1.18828m   -5.100    2.0157
PAH                 6.20000m   -7.313    0.0124      Fe 2                4413.78A   -4.963    2.7657      P  2                2210.34A   -7.014    0.0246
PAHC                5.65000m   -6.226    0.1508      Fe 2                3254.24A   -7.066    0.0218      P  2                1542.30A   -8.188    0.0016
PAH                 7.90000m   -6.793    0.0409      Fe 2                3244.18A   -7.361    0.0111      P  2                7875.99A   -6.440    0.0921
PAHC                6.90000m   -4.440    9.2257      Fe 2                2631.32A   -4.896    3.2227      S  1                1483.04A   -8.064    0.0022
PAH                 11.3000m   -6.861    0.0350      Fe 2                2617.62A   -6.339    0.1162      S  1                1820.34A   -6.745    0.0457
PAHC                10.9000m   -6.317    0.1223      Fe 2                2607.09A   -6.255    0.1411      S  1                1826.24A   -7.229    0.0150
PAH                 11.8000m   -7.998    0.0025      Fe 2                2404.89A   -5.949    0.2853      S  1                25.2421m   -4.696    5.1103
PAHC                12.6500m   -6.067    0.2176      Fe 2                2399.24A   -6.777    0.0424      S  1                56.2957m   -5.656    0.5612
PAH                 13.3000m   -8.019    0.0024      Fe 2                2395.42A   -7.740    0.0046      S  2                6730.82A   -4.122   19.1724
PAHC                14.1000m   -5.726    0.4772      Fe 2                2380.76A   -4.787    4.1465      S  2                6716.44A   -3.961   27.7858
Bcon                3640.00A   -2.387 1041.7283      Fe 2                2348.30A   -6.507    0.0789      S  2                4076.35A   -5.670    0.5429
Pcon                5000.00A   -2.797  405.5298      Fe 2                2327.40A   -7.095    0.0204      S  2                4068.60A   -5.179    1.6823
O3bn                5007.00A   -4.665    5.4914      Fe 2                87.3597m   -5.835    0.3710      S  2                1.03364m   -5.808    0.3949
HFFc                      0    -5.549    0.7177      Fe 2                5.06097m   -6.736    0.0466      S  2                1.02867m   -5.805    0.3979
H FF                      0    -7.120    0.0192      Fe 2                4.43363m   -6.653    0.0564      S  2                1.03705m   -6.130    0.1882
MeFB                      0    -7.551    0.0071      Fe 2                1.40951m   -8.064    0.0022      S  2                1.03205m   -5.671    0.5413
MeFF                      0    -7.903    0.0032      Fe 2                1.32777m   -6.202    0.1596      S  2                1259.52A   -7.459    0.0088
ToFF                      0    -7.054    0.0224      Fe 2                1.27877m   -6.259    0.1399      S  2                1253.81A   -7.532    0.0075
Mion                      0    -6.595    0.0645      Fe 2                1.25214m   -7.299    0.0128      S  2                1250.58A   -7.844    0.0036
nFnu                122.400m   -8.074    0.0021      Fe 2                7926.88A   -7.536    0.0074      Sc 2                4246.82A   -7.958    0.0028
nFnu                60.8322m   -7.701    0.0050      Fe 2                7803.89A   -7.277    0.0134      Sc 2                7043.49A   -7.730    0.0047
nFnu                41.2152m   -7.488    0.0083      Fe 2                7665.28A   -6.529    0.0750      Sc 2                8261.17A   -8.244    0.0014
nFnu                30.8695m   -7.326    0.0120      Fe 2                5006.63A   -6.677    0.0534      Sc 2                8271.28A   -8.130    0.0019
nFnu                24.7829m   -7.202    0.0159      Fe 2                4772.06A   -7.490    0.0082      Sc 2                8326.62A   -8.384    0.0010
nFnu                24.2998m   -7.191    0.0164      Fe 2                4639.67A   -7.174    0.0170      Sc 2                8347.28A   -7.949    0.0029
nFnu                22.8302m   -7.156    0.0177      Fe 2                4528.39A   -6.785    0.0417      Sc 2                8384.33A   -8.261    0.0014
nFnu                21.4199m   -7.120    0.0193      Fe 2                4509.61A   -7.132    0.0187      Sc 2                1.07804m   -8.328    0.0012
nFnu                21.1235m   -7.110    0.0197      Fe 2                4452.10A   -5.155    1.7758      Sc 2                2.03194m   -7.865    0.0035
nFnu                19.6199m   -7.068    0.0217      Fe 2                3277.55A   -7.290    0.0130      Sc 2                2.04712m   -8.212    0.0016
nFnu                17.6534m   -7.007    0.0250      Fe 2                3277.12A   -8.195    0.0016      Sc 2                2.07591m   -7.857    0.0035
nFnu                17.3700m   -6.997    0.0256      Fe 2                3275.02A   -7.366    0.0109      Sc 2                2.07842m   -7.691    0.0052
nFnu                15.6901m   -6.935    0.0295      Fe 2                2631.05A   -6.097    0.2032      Sc 2                2.08152m   -7.960    0.0028
nFnu                14.6036m   -6.893    0.0325      Fe 2                2620.41A   -7.938    0.0029      Sc 2                2.11129m   -8.133    0.0019
nFnu                12.4300m   -6.792    0.0410      Fe 2                2613.82A   -6.883    0.0333      Sc 2                2.12445m   -8.132    0.0019
nFnu                11.4000m   -6.737    0.0465      Fe 2                2410.52A   -6.764    0.0437      Si 1                2519.20A   -7.990    0.0026
nFnu                10.4600m   -6.681    0.0529      Fe 2                2406.66A   -7.020    0.0242      Si 1                2528.51A   -7.766    0.0044
nFnu                9.48002m   -6.617    0.0613      Fe 2                2404.43A   -7.791    0.0041      Si 1                68.4548m   -7.277    0.0134
nFnu                9.32488m   -6.606    0.0629      Fe 2                2359.11A   -6.809    0.0394      Si 1                129.641m   -7.348    0.0114
nFnu                8.21035m   -6.519    0.0768      Fe 2                2338.01A   -6.893    0.0325      Si 2                34.8046m   -2.271 1359.7605
nFnu                7.58000m   -6.463    0.0875      Fe 2                4.67067m   -7.278    0.0134      Si 2                2334.41A   -5.421    0.9634
nFnu                7.05026m   -6.409    0.0989      Fe 2                1.29777m   -6.589    0.0654      Si 2                2328.52A   -6.018    0.2437
nFnu                4.11370m   -5.972    0.2707      Fe 2                1.27034m   -6.461    0.0878      Si 2                1808.01A   -5.581    0.6667
nFnu                2.32440m   -5.418    0.9693      Fe 2                7999.47A   -8.283    0.0013      Si 2                1526.71A   -7.868    0.0034
nFnu                1.64313m   -5.052    2.2518      Fe 2                7874.24A   -6.631    0.0594      Si 2                1260.42A   -7.415    0.0098
nFnu                1.48022m   -4.937    2.9348      Fe 2                7733.14A   -7.177    0.0169      Si 2                2350.17A   -5.260    1.3967
nFnu                1.43649m   -4.902    3.1804      Fe 2                4798.28A   -7.040    0.0232      Si 2                2344.20A   -4.869    3.4356
nFnu                1.11867m   -4.623    6.0510      Fe 2                4664.45A   -7.688    0.0052      Si 2                2334.60A   -4.972    2.7102
nFnu                8329.68A   -4.306   12.5403      Fe 2                4533.01A   -7.680    0.0053      Si 2                1817.45A   -5.260    1.3946
nFnu                8078.61A   -4.274   13.5037      Fe 2                4474.90A   -5.468    0.8650      Si 2                1816.93A   -5.012    2.4718
nFnu                6209.66A   -4.006   25.0322      Fe 2                3289.89A   -7.676    0.0054      Si 2                1533.43A   -5.817    0.3870
nFnu                4885.36A   -3.770   43.0710      Fe 2                3289.46A   -7.455    0.0089      Si 2                1309.28A   -6.588    0.0655
nFnu                3704.34A   -3.506   79.1881      Fe 2                2628.29A   -6.587    0.0657      Si 2                1265.00A   -6.386    0.1045
nFnu                3587.67A   -3.477   84.6961      Fe 2                2621.67A   -7.457    0.0089      Si 2                1264.74A   -6.799    0.0404
nFnu                2430.05A   -3.124  190.7027      Fe 2                2413.31A   -7.285    0.0132      Si 2                1197.39A   -6.733    0.0469
nFnu                2392.03A   -3.110  197.0198      Fe 2                2411.07A   -7.289    0.0130      Si 2                1194.50A   -7.022    0.0242
nFnu                2071.34A   -2.992  258.8233      Fe 2                2344.28A   -7.007    0.0250      Si 2                3862.60A   -8.002    0.0025
nFnu                2052.68A   -2.984  263.5479      Fe 2                17.9311m   -4.419    9.6830      Si 2                3856.02A   -7.973    0.0027
nFnu                1793.44A   -2.887  329.3125      Fe 2                1.64355m   -3.524   75.8846      Si 2                6371.37A   -7.919    0.0031
nFnu                1585.12A   -2.822  382.4150      Fe 2                1.53348m   -4.649    5.6930      Si 2                6347.11A   -7.839    0.0037
nFnu                1458.33A   -2.816  388.0302      Fe 2                8616.95A   -4.913    3.1023      Zn 2                2062.00A   -7.490    0.0082
nFnu                1356.96A   -2.856  353.7967      Fe 2                7155.17A   -5.041    2.3127      Zn 2                2025.48A   -7.253    0.0142
nFnu                1297.29A   -2.969  272.9422      Fe 2                6896.17A   -6.493    0.0815      Al 2                2669.15A   -5.050    2.2613
nFnu                1262.79A   -3.147  180.9005      Fe 2                5413.37A   -6.950    0.0285      Al 2                2660.35A   -4.877    3.3737
nFnu                1218.08A   -7.317    0.0122      Fe 2                5280.27A   -7.487    0.0083      Al 2                1670.79A   -5.544    0.7251
nFnu                1196.33A   -6.783    0.0419      Fe 2                5273.36A   -5.040    2.3137      Al 2                3900.67A   -8.286    0.0013
nFnu                1175.06A   -6.735    0.0468      Fe 2                5158.79A   -4.429    9.4496      Ca 2                7323.89A   -3.817   38.6701
nFnu                1143.64A   -6.856    0.0354      Fe 2                5111.64A   -5.336    1.1707      Ca 2                7291.47A   -3.650   56.7996
nFnu                1113.22A   -6.968    0.0273      Fe 2                5072.41A   -5.082    2.1032      Ca 2                3968.47A   -6.185    0.1660
nFnu                1103.23A   -6.997    0.0256      Fe 2                5039.10A   -6.516    0.0774      Ca 2                8662.14A   -4.544    7.2632
nFnu                1073.86A   -7.772    0.0043      Fe 2                4814.54A   -5.386    1.0446      Ca 2                3933.66A   -6.134    0.1864
nFnu                1064.34A   -7.813    0.0039      Fe 2                4774.73A   -5.826    0.3792      Ca 2                8498.02A   -5.238    1.4686
nFnu                1035.92A   -7.924    0.0030      Fe 2                4745.49A   -6.877    0.0337      Ca 2                8542.09A   -4.291   12.9930
nFnu                1000.00A   -8.081    0.0021      Fe 2                4661.78A   -7.975    0.0027      Ca 2                3706.02A   -6.913    0.0311
nFnu                925.144A   -8.081    0.0021      Fe 2                4243.97A   -4.756    4.4570      Ca 2                3736.90A   -6.616    0.0614
RRC............................................      Fe 2                4177.20A   -5.846    0.3623      Ca 2                3158.87A   -6.935    0.0295
H  1                911.753A   -6.112    0.1960      Fe 2                4146.65A   -7.421    0.0096      Ca 2                3181.27A   -7.641    0.0058
H  1                3645.98A   -7.176    0.0169      Fe 2                4114.48A   -7.757    0.0044      Ca 2                3179.33A   -6.686    0.0523
H  1                3645.98A   -6.830    0.0376      Fe 2                3929.35A   -8.009    0.0025      Ca 2                1.19497m   -8.337    0.0012
H  1                8203.57A   -7.911    0.0031      Fe 2                3387.09A   -6.261    0.1392      Ca 2                1.18390m   -8.044    0.0023
H  1                8203.57A   -7.517    0.0077      Fe 2                3376.20A   -5.463    0.8736      Ca 2                1838.01A   -7.873    0.0034
H  1                8203.57A   -7.620    0.0061      Fe 2                2732.45A   -6.529    0.0752      Ca 2                1840.03A   -7.717    0.0049
H  1                1.45842m   -8.398    0.0010      Fe 2                2493.30A   -4.144   18.2059      Ca 2                2112.76A   -8.345    0.0011
H  1                1.45842m   -7.997    0.0026      Fe 2                2484.20A   -7.564    0.0069      Cl 2                14.3639m   -5.727    0.4757
H  1                1.45842m   -7.993    0.0026      Fe 2                2360.00A   -6.308    0.1248      Cl 2                33.2721m   -6.808    0.0395
H  1                1.45842m   -8.334    0.0012      Fe 2                2348.12A   -6.453    0.0895      Cl 2                8578.70A   -5.415    0.9758
H  1                2.27878m   -8.354    0.0011      Fe 2                2331.31A   -7.866    0.0035      Cl 2                9123.60A   -6.000    0.2539
H  1                2.27878m   -8.318    0.0012      Fe 2                24.5126m   -5.118    1.9332      Cl 2                3677.85A   -7.338    0.0117
Al 1                2070.66A   -8.356    0.0011      Fe 2                1.80940m   -4.125   19.0291      Cl 2                6161.84A   -7.292    0.0130
Si 1                1520.96A   -7.357    0.0112      Fe 2                1.67688m   -5.075    2.1378      Mg 2                2802.71A   -3.574   67.7388
S  1                1196.76A   -7.855    0.0035      Fe 2                1.59948m   -4.982    2.6455      Mg 2                2795.53A   -3.277  134.0397
grains.........................................      Fe 2                9051.95A   -4.754    4.4698      Mg 2                2936.52A   -6.504    0.0795
H-like iso-sequence............................      Fe 2                8891.93A   -5.179    1.6811      Mg 2                2928.64A   -6.806    0.0397
Cool                1215.67A   -2.719  484.5445      Fe 2                7452.56A   -5.532    0.7450      Mg 2                2797.93A   -7.244    0.0145
Crst                960.000A   -2.899  320.3430      Fe 2                7172.00A   -5.449    0.9035      Mg 2                2790.77A   -6.542    0.0729
CION                      0    -4.960    2.7840      Fe 2                6275.53A   -7.406    0.0100      Mg 2                2798.00A   -6.289    0.1305
Dest                1215.67A   -8.306    0.0013      Fe 2                5527.36A   -6.022    0.2415      Mg 2                9244.22A   -8.360    0.0011
Ca B                1215.67A   -5.750    0.4516      Fe 2                5440.48A   -7.780    0.0042      Mg 2                9218.22A   -8.065    0.0022
CaBo                4861.32A   -7.283    0.0132      Fe 2                5433.15A   -5.554    0.7086      N  2                205.283m   -7.578    0.0067
Ca A                1215.67A   -5.941    0.2911      Fe 2                5261.63A   -4.810    3.9368      N  2                121.769m   -7.788    0.0041
Ca A                1025.72A   -6.587    0.0657      Fe 2                5220.08A   -6.085    0.2088      N  2                6548.05A   -6.944    0.0289
Ca A                972.537A   -6.998    0.0255      Fe 2                5184.80A   -5.980    0.2656      N  2                6583.45A   -6.475    0.0850
Ca A                949.743A   -7.302    0.0127      Fe 2                5158.01A   -5.930    0.2984      N  2                5754.59A   -8.323    0.0012
Ca A                937.803A   -7.544    0.0073      Fe 2                4947.39A   -5.330    1.1888      N  2                2142.77A   -8.328    0.0012
Ca A                930.748A   -7.746    0.0046      Fe 2                4905.35A   -5.681    0.5294      Ni 2                1.19102m   -4.402   10.0556
Ca A                926.226A   -7.920    0.0031      Fe 2                4874.50A   -5.724    0.4797      Ni 2                6.63416m   -5.029    2.3754
Ca A                923.150A   -8.073    0.0021      Fe 2                4852.74A   -7.084    0.0209      Ni 2                1.07151m   -6.019    0.2428
Ca A                920.963A   -8.209    0.0016      Fe 2                4346.86A   -5.383    1.0511      Ni 2                10.6793m   -5.657    0.5595
Ca A                919.351A   -8.332    0.0012      Fe 2                4276.84A   -5.307    1.2527      Ni 2                1.27792m   -7.843    0.0036
Ca A                6562.80A   -7.010    0.0248      Fe 2                4244.82A   -6.119    0.1933      Ni 2                1.16130m   -6.537    0.0737
Ca A                4861.32A   -7.460    0.0088      Fe 2                4231.56A   -7.719    0.0049      Ni 2                12.7253m   -6.074    0.2140
Ca A                4340.46A   -7.785    0.0042      Fe 2                4211.11A   -7.691    0.0052      Ni 2                9882.95A   -7.286    0.0131
Ca A                4101.73A   -8.039    0.0023      Fe 2                3455.11A   -6.367    0.1090      Ni 2                1.09177m   -6.825    0.0380
Ca A                3970.07A   -8.248    0.0014      Fe 2                3452.31A   -6.056    0.2232      Ni 2                18.2355m   -6.791    0.0411
Ca A                1.87510m   -7.802    0.0040      Fe 2                3440.99A   -5.942    0.2902      Ni 2                9374.87A   -7.579    0.0067
Ca A                1.28181m   -8.129    0.0019      Fe 2                2774.73A   -7.768    0.0043      Ni 2                7377.83A   -5.185    1.6590
Ca A                1.09381m   -8.389    0.0010      Fe 2                2759.34A   -8.137    0.0019      Ni 2                8300.99A   -6.481    0.0839
Ca A                4.05115m   -8.402    0.0010      Fe 2                2485.07A   -7.977    0.0027      Ni 2                1.93877m   -5.893    0.3251
Ca B                6562.80A   -6.828    0.0377      Fe 2                2391.48A   -7.053    0.0225      Ni 2                2.36883m   -7.180    0.0168
Ca B                4861.32A   -7.285    0.0132      Fe 2                2379.28A   -7.680    0.0053      Ni 2                2.91064m   -6.848    0.0360
Ca B                4340.46A   -7.614    0.0062      Fe 2                2362.02A   -6.554    0.0708      Ni 2                6666.80A   -6.035    0.2344
Ca B                4101.73A   -7.872    0.0034      Fe 2                35.7675m   -5.918    0.3065      Ni 2                7411.61A   -5.816    0.3879
Ca B                3970.07A   -8.083    0.0021      Fe 2                1.95361m   -5.036    2.3354      Ni 2                1.76458m   -7.961    0.0028
Ca B                3889.05A   -8.263    0.0014      Fe 2                1.80002m   -5.090    2.0618      Ni 2                2.04866m   -7.539    0.0073
Ca B                1.87510m   -7.755    0.0045      Fe 2                1.71113m   -5.660    0.5556      Ni 2                2.30794m   -6.996    0.0257
Ca B                1.28181m   -8.072    0.0022      Fe 2                1.66377m   -5.279    1.3350      Ni 2                6.91767m   -7.295    0.0129
Ca B                1.09381m   -8.328    0.0012      Fe 2                9399.04A   -5.176    1.6911      Ni 2                4326.24A   -5.981    0.2650
Ca B                4.05115m   -8.381    0.0011      Fe 2                9226.63A   -5.123    1.9147      Ni 2                4628.05A   -6.403    0.1003
H  1                2431.34A   -2.937  293.7306      Fe 2                9033.49A   -6.198    0.1610      Ni 2                6794.20A   -7.460    0.0088
H  1                1215.67A   -2.702  504.2422      Fe 2                7388.17A   -5.569    0.6853      Ni 2                7255.82A   -6.336    0.1171
H  1                6562.80A   -4.643    5.7798      Fe 2                6440.41A   -6.521    0.0765      Ni 2                7694.56A   -7.407    0.0100
H  1                4861.32A   -5.405    1.0000      Fe 2                6229.28A   -7.671    0.0054      Ni 2                8033.54A   -7.571    0.0068
H  1                4340.46A   -5.785    0.4162      Fe 2                5654.87A   -6.982    0.0265      Ni 2                1.04597m   -6.820    0.0384
H  1                4101.73A   -7.461    0.0088      Fe 2                5556.31A   -6.223    0.1518      Ni 2                1.23230m   -6.847    0.0361
H  1                3970.07A   -7.747    0.0045      Fe 2                5412.67A   -6.751    0.0451      Ni 2                4201.17A   -6.164    0.1739
H  1                3889.05A   -7.977    0.0027      Fe 2                5333.66A   -5.097    2.0324      Ni 2                4485.21A   -6.617    0.0613
H  1                3835.38A   -8.169    0.0017      Fe 2                5296.84A   -6.380    0.1059      Ni 2                7307.65A   -6.512    0.0780
H  1                3797.90A   -8.334    0.0012      Fe 2                5268.89A   -6.100    0.2017      Ni 2                7612.72A   -6.841    0.0367
H  1                3770.63A   -8.087    0.0021      Fe 2                5107.96A   -7.035    0.0234      Ni 2                1.13597m   -7.523    0.0076
H  1                3750.15A   -8.201    0.0016      Fe 2                5049.30A   -5.503    0.7975      Ni 2                4285.31A   -7.373    0.0108
H  1                3734.37A   -8.304    0.0013      Fe 2                5005.52A   -5.557    0.7040      Ni 2                6791.48A   -7.087    0.0208
H  1                3721.94A   -8.396    0.0010      Fe 2                4973.40A   -5.825    0.3802      Ni 2                7054.20A   -6.992    0.0259
H  1                1.87510m   -6.176    0.1693      Fe 2                4950.76A   -6.170    0.1715      Ni 2                9.61508m   -8.282    0.0013
H  1                1.28181m   -6.489    0.0823      Fe 2                4352.79A   -5.623    0.6054      Ni 2                4033.04A   -6.431    0.0941
H  1                1.09381m   -7.847    0.0036      Fe 2                4319.62A   -5.889    0.3282      Ni 2                4294.09A   -6.550    0.0715
H  1                1.00494m   -8.152    0.0018      Fe 2                4305.90A   -6.691    0.0517      Ni 2                6467.29A   -7.584    0.0066
H  1                9545.97A   -8.394    0.0010      Fe 2                4084.33A   -8.014    0.0025      Ni 2                6813.57A   -6.572    0.0680
H  1                4.05115m   -7.045    0.0229      Fe 2                3504.51A   -6.670    0.0543      Ni 2                7078.04A   -7.121    0.0192
H  1                2.62515m   -8.027    0.0024      Fe 2                3504.02A   -6.527    0.0755      Ni 2                1.02090m   -7.902    0.0032
H  1                2.16553m   -8.375    0.0011      Fe 2                3501.63A   -6.091    0.2061      Ni 2                3993.06A   -6.085    0.2087
H  1                7.45782m   -8.067    0.0022      Fe 2                3489.99A   -6.770    0.0431      Ni 2                4248.80A   -6.560    0.0699
He-like iso-sequence...........................      Fe 2                2385.01A   -7.372    0.0108      Ni 2                6007.06A   -7.674    0.0054
Pho+                3889.00A   -8.074    0.0021      Fe 2                2.06648m   -6.430    0.0944      Ni 2                6365.10A   -6.559    0.0701
extra Lyman....................................      Fe 2                1.89541m   -5.826    0.3788      Ni 2                6700.24A   -7.952    0.0028
database lines.................................      Fe 2                1.79711m   -5.313    1.2343      Ni 2                6955.82A   -7.987    0.0026
CN                  2640.74m   -8.131    0.0019      Fe 2                1.74494m   -5.602    0.6352      Ni 2                8703.87A   -7.014    0.0246
CN                  1321.03m   -8.198    0.0016      Fe 2                9652.70A   -6.025    0.2395      Ni 2                9956.63A   -7.240    0.0146
CN                  880.858m   -8.292    0.0013      Fe 2                9470.94A   -5.513    0.7791      Ni 2                5.18504m   -8.020    0.0024
CN                  661.044m   -8.373    0.0011      Fe 2                9267.56A   -5.895    0.3237      Ni 2                3438.88A   -6.274    0.1351
CN                  660.727m   -8.259    0.0014      Fe 2                7544.00A   -8.208    0.0016      Ni 2                3626.89A   -6.582    0.0665
CN                  528.639m   -8.377    0.0011      Fe 2                6558.51A   -6.735    0.0468      Ni 2                3378.16A   -6.888    0.0328
HF                  243.178m   -8.001    0.0025      Fe 2                5745.71A   -7.353    0.0113      Ni 2                3559.41A   -6.868    0.0344
CO                  1300.05m   -7.088    0.0207      Fe 2                5643.98A   -7.196    0.0162      level 1 lines..................................
CO                  866.727m   -6.520    0.0767      Fe 2                5495.84A   -7.027    0.0238      recombination..................................
CO                  650.074m   -6.282    0.1327      Fe 2                5376.47A   -5.491    0.8199      level2 lines...................................
CO                  520.089m   -6.173    0.1706      Fe 2                5347.66A   -6.605    0.0630      C  1                1247.50A   -7.226    0.0151
CO                  433.438m   -6.111    0.1968      Fe 2                5181.96A   -6.881    0.0334      C  1                1314.77A   -7.145    0.0182
CO                  371.549m   -6.084    0.2094      Fe 2                5076.57A   -6.161    0.1751      C  1                1233.29A   -7.757    0.0044
CO                  325.137m   -6.069    0.2165      Fe 2                5043.53A   -6.031    0.2363      C  1                1250.68A   -7.915    0.0031
CO                  289.041m   -6.066    0.2182      Fe 2                5020.25A   -6.147    0.1808      Mg 1                1817.31A   -8.163    0.0017
CO                  260.169m   -6.071    0.2158      Fe 2                4372.43A   -6.163    0.1744      Mg 1                1739.09A   -8.381    0.0011
CO                  236.549m   -6.082    0.2101      Fe 2                4358.37A   -6.374    0.1073      Mg 1                1699.05A   -8.395    0.0010
CO                  216.868m   -6.103    0.2004      Fe 2                4080.00A   -8.045    0.0023      Mg 1                1675.74A   -8.380    0.0011
CO                  200.218m   -6.127    0.1896      Fe 2                3539.19A   -6.375    0.1072      Mg 1                1660.94A   -8.381    0.0011
CO                  185.949m   -6.148    0.1804      Fe 2                3538.69A   -6.668    0.0545      Mg 1                1650.95A   -8.403    0.0010
CO                  173.584m   -6.172    0.1707      Fe 2                3536.25A   -6.794    0.0408      Si 2                1179.59A   -7.682    0.0053
CO                  162.767m   -6.199    0.1606      Fe 2                3524.38A   -8.102    0.0020      S  1                1356.05A   -7.755    0.0045
CO                  153.225m   -6.227    0.1504      Fe 2                22.8961m   -7.423    0.0096      S  1                1392.25A   -8.182    0.0017
CO                  144.745m   -6.257    0.1404      Fe 2                1.81139m   -7.703    0.0050      Ca 2                1360.06A   -8.395    0.0010
CO                  137.159m   -6.288    0.1307      Fe 2                7764.71A   -6.909    0.0313      Fe 1                2484.25A   -8.039    0.0023
CO                  130.333m   -6.320    0.1216      Fe 2                7336.73A   -7.198    0.0161      Fe 1                2526.51A   -8.276    0.0013
CO                  124.160m   -6.357    0.1116      Fe 2                7267.25A   -8.167    0.0017      Sc 2                2555.14A   -8.394    0.0010
CO                  118.548m   -6.397    0.1019      Fe 2                6809.24A   -7.176    0.0169      Sc 2                3627.22A   -6.728    0.0475
CO                  113.427m   -6.437    0.0927      Fe 2                6729.87A   -7.457    0.0089      Sc 2                3575.45A   -6.850    0.0359
CO                  108.733m   -6.480    0.0840      Fe 2                6671.93A   -8.020    0.0024      Sc 2                3368.13A   -7.412    0.0098
CO                  104.416m   -6.523    0.0761      Fe 2                5721.37A   -8.294    0.0013      Ti 2                3364.74A   -5.155    1.7775
CO                  100.433m   -6.568    0.0686      Fe 2                5163.96A   -7.202    0.0160      Ti 2                3237.15A   -5.395    1.0235
CO                  96.7462m   -6.616    0.0615      Fe 2                4266.35A   -7.906    0.0032      Ti 2                1904.17A   -7.265    0.0138
CO                  93.3237m   -6.664    0.0551      Fe 2                4249.08A   -8.177    0.0017      Ti 2                1907.36A   -7.007    0.0250
CO                  90.1384m   -6.714    0.0490      Fe 2                4157.92A   -8.178    0.0017      V  2                2710.94A   -7.477    0.0085
CO                  87.1666m   -6.766    0.0435      Fe 2                3277.35A   -6.657    0.0559      V  2                2684.22A   -7.244    0.0145
CO                  84.3877m   -6.820    0.0384      Fe 2                3255.89A   -7.887    0.0033      V  2                2139.33A   -7.858    0.0035
CO                  81.7835m   -6.875    0.0339      Fe 2                2926.59A   -7.404    0.0100      Cr 1                4269.56A   -8.071    0.0022
CO                  79.3383m   -6.932    0.0297      Fe 2                2880.76A   -7.252    0.0142      Cr 1                3589.90A   -7.890    0.0033
CO                  77.0375m   -6.991    0.0259      Fe 2                2755.74A   -5.591    0.6509      Cr 2                2059.78A   -5.754    0.4473
CO                  74.8697m   -7.050    0.0226      Fe 2                2739.55A   -6.230    0.1496      Mn 2                1198.85A   -8.112    0.0020
CO                  72.8231m   -7.112    0.0196      Fe 2                2716.70A   -6.486    0.0829      Co 2                2060.90A   -7.218    0.0154
CO                  70.8878m   -7.175    0.0170      Fe 2                34.6508m   -8.295    0.0013      Co 2                2018.80A   -7.253    0.0142
CO                  69.0557m   -7.237    0.0147      Fe 2                1.00287m   -6.896    0.0323      Co 2                1949.74A   -7.332    0.0118
CO                  67.3181m   -7.302    0.0127      Fe 2                8245.16A   -8.394    0.0010      Co 2                1575.91A   -7.868    0.0034
CO                  65.6684m   -7.368    0.0109      Fe 2                8037.28A   -7.426    0.0095      Co 2                1470.18A   -7.946    0.0029
CO                  64.0998m   -7.434    0.0094      Fe 2                7579.61A   -7.917    0.0031      Ni 2                1751.83A   -6.789    0.0413
CO                  62.6072m   -7.500    0.0080      Fe 2                7017.95A   -7.836    0.0037      Ni 2                1744.24A   -6.595    0.0645
CO                  61.1843m   -7.567    0.0069      Fe 2                6933.67A   -8.202    0.0016      Ni 2                1484.97A   -7.935    0.0029
CO                  59.8271m   -7.635    0.0059      Fe 2                6872.19A   -7.368    0.0109      Ni 2                1472.74A   -7.615    0.0062
CO                  58.5311m   -7.703    0.0050      Fe 2                6829.03A   -8.402    0.0010      Ni 2                1400.37A   -7.930    0.0030
CO                  57.2920m   -7.771    0.0043      Fe 2                5746.98A   -7.252    0.0142      Ni 2                1375.73A   -7.573    0.0068
CO                  56.1066m   -7.841    0.0037      Fe 2                5283.12A   -7.810    0.0039      Ni 2                1324.11A   -7.680    0.0053
CO                  54.9712m   -7.912    0.0031      Fe 2                5199.18A   -8.026    0.0024      hyperfine structure............................
CO                  53.8829m   -7.983    0.0026      Fe 2                4351.81A   -8.176    0.0017      inner shell....................................
CO                  52.8388m   -8.055    0.0022      Fe 2                4347.36A   -7.545    0.0072      molecules......................................
CO                  51.8365m   -8.127    0.0019      Fe 2                4329.43A   -6.892    0.0326      H2 l                2.00000m   -3.298  127.8337
CO                  50.8731m   -8.199    0.0016      Fe 2                2953.77A   -8.240    0.0015      H2 v                      0    -4.920    3.0499
CO                  49.9472m   -8.272    0.0014      Fe 2                2772.73A   -6.290    0.1301      H-FB                      0    -5.328    1.1938
CO                  49.0559m   -8.346    0.0011      Fe 2                2749.32A   -6.452    0.0897      H-FF                      0    -5.562    0.6953
^13CO               906.599m   -8.055    0.0022      Fe 2                9795.19A   -7.674    0.0054      H-CT                6562.80A   -6.304    0.1261
^13CO               679.978m   -7.797    0.0041      Fe 2                8228.13A   -7.589    0.0065      H- H                      0    -6.123    0.1911
^13CO               544.012m   -7.679    0.0053      Fe 2                7613.14A   -7.997    0.0026      H2+                       0    -5.727    0.4756
^13CO               453.374m   -7.613    0.0062      Fe 2                7011.24A   -8.404    0.0010      bands..........................................
^13CO               388.637m   -7.584    0.0066      Fe 2                6966.33A   -7.761    0.0044      Fe 2b               2500.00A   -3.589   65.4381
^13CO               340.088m   -7.568    0.0069      Fe 2                5477.25A   -7.758    0.0044      Fe 2b               5000.00A   -3.643   57.7115
^13CO               302.332m   -7.564    0.0069      Fe 2                5278.38A   -8.224    0.0015      Fe 2b               7000.00A   -4.586    6.5939
^13CO               272.130m   -7.569    0.0069      Fe 2                4402.59A   -8.011    0.0025      Fe 2b               10000.0A   -3.266  137.5641
^13CO               247.423m   -7.580    0.0067      Fe 2                4384.21A   -7.944    0.0029      Fe 2b               2355.00A   -4.414    9.7921
^13CO               226.836m   -7.600    0.0064      Fe 2                1.05081m   -8.154    0.0018      Fe 2b               2430.00A   -3.597   64.2266
^13CO               209.419m   -7.625    0.0060      Fe 2                7710.80A   -8.308    0.0012      Fe 2b               2445.00A   -3.597   64.2265
^13CO               194.493m   -7.647    0.0057      Fe 2                7048.01A   -7.974    0.0027      Fe 2b               2495.00A   -4.144   18.2166
^13CO               181.558m   -7.672    0.0054      Fe 2                5901.28A   -8.203    0.0016      Fe 2b               2610.00A   -3.846   36.2133
^13CO               170.243m   -7.701    0.0051      Fe 2                5527.62A   -8.315    0.0012      Fe 2b               2695.00A   -6.486    0.0830
^13CO               160.261m   -7.730    0.0047      Fe 2                2.04602m   -6.840    0.0367      Fe 2b               2758.00A   -5.363    1.1017
^13CO               151.390m   -7.761    0.0044      Fe 2                1.41956m   -7.395    0.0102      Fe 2b               2780.00A   -5.326    1.1993
^13CO               143.454m   -7.794    0.0041      Fe 2                1.35904m   -8.202    0.0016      Fe 2b               2935.00A   -6.981    0.0265
^13CO               136.314m   -7.827    0.0038      Fe 2                1.23314m   -7.190    0.0164      Fe 2b               2960.00A   -7.314    0.0123
^13CO               129.855m   -7.867    0.0035      Fe 2                1.09108m   -7.112    0.0196      Fe 2b               3180.00A   -5.992    0.2585
^13CO               123.985m   -7.908    0.0031      Fe 2                1.07084m   -7.551    0.0071      Fe 2b               3250.00A   -5.300    1.2714
^13CO               118.627m   -7.952    0.0028      Fe 2                1.05625m   -8.001    0.0025      Fe 2b               3590.00A   -5.323    1.2081
^13CO               113.717m   -7.998    0.0026      Fe 2                1.01565m   -7.803    0.0040      Fe 2b               3910.00A   -7.370    0.0108
^13CO               109.201m   -8.046    0.0023      Fe 2                8119.18A   -8.279    0.0013      Fe 2b               4060.00A   -8.029    0.0024
^13CO               105.034m   -8.097    0.0020      Fe 2                5588.16A   -7.106    0.0199      Fe 2b               4255.00A   -4.077   21.2811
^13CO               101.176m   -8.150    0.0018      Fe 2                5586.91A   -7.969    0.0027      Fe 2b               4558.00A   -4.807    3.9616
^13CO               97.5955m   -8.206    0.0016      Fe 2                5580.82A   -6.538    0.0735      Fe 2b               4600.00A   -4.777    4.2419
^13CO               94.2629m   -8.265    0.0014      Fe 2                5551.32A   -6.256    0.1408      Fe 2b               4743.00A   -5.526    0.7565
^13CO               91.1537m   -8.328    0.0012      Fe 2                3227.74A   -7.846    0.0036      Fe 2b               4855.00A   -4.947    2.8700
^13CO               88.2461m   -8.396    0.0010      Fe 2                3196.07A   -7.488    0.0083      Fe 2b               4920.00A   -4.432    9.3817
C  1                1560.31A   -7.046    0.0229      Fe 2                2.13278m   -7.096    0.0204      Fe 2b               4975.00A   -4.962    2.7702
C  1                1560.68A   -6.983    0.0264      Fe 2                1.46079m   -7.942    0.0029      Fe 2b               4971.00A   -5.005    2.5096
C  1                1560.71A   -7.281    0.0133      Fe 2                1.39678m   -8.004    0.0025      Fe 2b               5070.00A   -4.884    3.3169
C  1                1561.34A   -6.641    0.0580      Fe 2                1.30943m   -8.023    0.0024      Fe 2b               5143.00A   -4.350   11.3334
C  1                1561.37A   -7.211    0.0156      Fe 2                1.24364m   -8.209    0.0016      Fe 2b               5270.00A   -4.066   21.8218
C  1                1561.44A   -6.512    0.0780      Fe 2                1.09413m   -7.310    0.0124      Fe 2b               5318.00A   -4.384   10.4879
C  1                1656.27A   -6.297    0.1282      Fe 2                1.07890m   -7.406    0.0100      Fe 2b               5540.00A   -5.531    0.7476
C  1                1656.93A   -6.835    0.0371      Fe 2                1.06830m   -8.164    0.0017      Fe 2b               5865.00A   -6.130    0.1881
C  1                1657.01A   -6.003    0.2520      Fe 2                1.03658m   -8.175    0.0017      Fe 2b               6265.00A   -6.941    0.0291
C  1                1657.38A   -6.909    0.0313      Fe 2                5650.95A   -7.085    0.0209      Fe 2b               6565.00A   -6.286    0.1314
C  1                1657.91A   -6.356    0.1119      Fe 2                5649.67A   -7.059    0.0222      Fe 2b               6910.00A   -6.226    0.1509
C  1                1658.12A   -6.681    0.0529      Fe 2                5643.44A   -8.197    0.0016      Fe 2b               7445.00A   -4.607    6.2772
C  1                1930.90A   -7.956    0.0028      Fe 2                5613.27A   -6.472    0.0857      Fe 2b               8625.00A   -4.275   13.4800
C  1                1992.01A   -7.555    0.0071      Fe 2                2.24366m   -7.434    0.0094      Fe 2b               1.03250m   -5.333    1.1805
C  1                1993.62A   -6.354    0.1124      Fe 2                2.00672m   -6.780    0.0422      Fe 2b               1.88900m   -3.981   26.4972
C  1                2582.90A   -7.619    0.0061      Fe 2                1.10657m   -7.653    0.0056      Fe 2b               2.20000m   -6.065    0.2188
C  1                8727.13A   -8.027    0.0024      Fe 2                1.09542m   -7.757    0.0044      miscellaneous..................................
C  1                9824.13A   -3.629   59.6041      Fe 2                5725.92A   -7.357    0.0112      Blnd                8446.00A   -8.123    0.0019
C  1                9850.26A   -3.154  178.0684      Fe 2                5718.22A   -6.806    0.0397      Blnd                1304.00A   -6.518    0.0771
C  1                370.269m   -3.762   43.8749      Fe 2                2.22379m   -6.188    0.1645      Blnd                2798.00A   -3.100  201.7786
C  1                609.590m   -4.481    8.3893      Fe 2                2.01513m   -6.510    0.0785      Blnd                6720.00A   -3.733   46.9583
C  2                1334.53A   -8.278    0.0013      Fe 2                9682.08A   -7.018    0.0243      Blnd                4074.00A   -5.057    2.2252
C  2                1335.66A   -7.840    0.0037      Fe 2                9513.85A   -7.826    0.0038      Blnd                1.03300m   -5.166    1.7319
C  2                1335.71A   -7.899    0.0032      Fe 2                8715.81A   -7.650    0.0057      Blnd                1256.00A   -7.105    0.0199
C  2                2323.50A   -7.696    0.0051      Fe 2                6873.84A   -7.316    0.0123      Blnd                5892.00A   -6.555    0.0707
C  2                2324.69A   -7.403    0.0100      Fe 2                6700.65A   -8.288    0.0013      Blnd                2665.00A   -4.654    5.6350
C  2                2325.40A   -6.841    0.0366      Fe 2                6188.55A   -7.493    0.0082      Blnd                2335.00A   -4.463    8.7497
C  2                2326.93A   -6.914    0.0309      Fe 2                5870.02A   -7.749    0.0045      Blnd                8579.00A   -4.068   21.7248
C  2                2328.12A   -7.350    0.0113      Fe 2                5673.20A   -7.783    0.0042      Blnd                7306.00A   -3.425   95.4697
C  2                157.636m   -5.075    2.1360      Fe 2                4898.61A   -7.519    0.0077      Blnd                3933.00A   -5.858    0.3524
Ca 1                4226.73A   -6.666    0.0548      Fe 2                2.25348m   -7.027    0.0239      Blnd                1657.00A   -5.617    0.6134
Ca 1                6439.08A   -7.577    0.0067      Fe 2                1.02005m   -8.233    0.0015      Blnd                9850.00A   -3.029  237.6725
Ca 1                6462.57A   -7.879    0.0034      Fe 2                1.00139m   -7.678    0.0053      Blnd                2326.00A   -6.431    0.0940
Ca 1                6493.78A   -8.121    0.0019      Fe 2                9133.66A   -8.399    0.0010      Blnd                1335.00A   -7.490    0.0082
Cl 1                11.3303m   -6.894    0.0324      Fe 2                8885.67A   -8.126    0.0019      Blnd                3467.00A   -5.952    0.2833
Co 2                9335.96A   -7.540    0.0073      Fe 2                7131.14A   -8.290    0.0013      Blnd                5199.00A   -3.707   49.8255
Co 2                9639.13A   -7.978    0.0027      Fe 2                6944.91A   -7.860    0.0035      Blnd                1.04030m   -5.196    1.6171
Co 2                10.5199m   -6.374    0.1073      Fe 2                6473.88A   -7.895    0.0032      Blnd                2141.00A   -8.180    0.0017
Co 2                15.4548m   -7.260    0.0140      Fe 2                6044.10A   -8.329    0.0012      Blnd                6300.00A   -3.427   94.9460
Co 2                2.98382m   -5.861    0.3494      Fe 2                5835.45A   -7.997    0.0026      Blnd                2471.00A   -8.067    0.0022
Co 2                14.7345m   -6.902    0.0318      Fe 2                5060.09A   -8.078    0.0021      Blnd                7323.00A   -8.235    0.0015
Co 2                18.7989m   -7.423    0.0096      Fe 2                4576.40A   -8.331    0.0012      Blnd                7332.00A   -8.317    0.0012
Co 2                25.6819m   -8.111    0.0020      Fe 2                1.34608m   -8.376    0.0011      Blnd                3727.00A   -6.156    0.1773
Co 2                1.01879m   -6.585    0.0660      Fe 2                1.11648m   -8.191    0.0016      Blnd                7325.00A   -7.973    0.0027
Co 2                1.12804m   -7.556    0.0071      Fe 2                5048.19A   -8.045    0.0023      N 1C                5199.00A   -7.732    0.0047
Co 2                1.54700m   -6.830    0.0375      Fe 2                1.71482m   -7.626    0.0060      N 1T                5199.00A   -7.787    0.0041
Co 2                1.72847m   -7.826    0.0038      Fe 2                9949.21A   -7.958    0.0028

                                                    Emergent line intensities
 Caution: emergent intensities are not reliable on the first iteration.
general properties.............................      Fe 2                4772.06A   -7.490    0.0082      N  1                3466.54A   -6.709    0.0496
continua.......................................      Fe 2                4639.67A   -7.174    0.0170      N  1                5197.90A   -4.106   19.9261
FIR                 83.0000m   -2.037 2332.5696      Fe 2                4528.39A   -6.785    0.0417      N  1                5200.26A   -3.929   29.8974
TIR                 1800.00m   -4.459    8.8305      Fe 2                4509.61A   -7.133    0.0187      N  1                1.03977m   -5.541    0.7314
NIRa                2.85000m   -2.093 2050.9683      Fe 2                4452.10A   -5.156    1.7759      N  1                1.03982m   -6.064    0.2195
NIRb                3.00000m   -3.241  145.7402      Fe 2                3277.55A   -7.291    0.0130      N  1                1.04072m   -5.889    0.3282
MIRa                15.0000m   -3.337  117.0640      Fe 2                3277.12A   -8.195    0.0016      N  1                1.04076m   -5.876    0.3377
MIRb                22.5000m   -2.223 1519.4504      Fe 2                3275.02A   -7.366    0.0109      Na 1                5889.95A   -6.857    0.0353
NMIR                21.7500m   -2.093 2050.9683      Fe 2                2631.05A   -6.097    0.2033      Na 1                5895.92A   -6.856    0.0354
TFIR                611.250m   -3.011  247.6626      Fe 2                2620.41A   -7.938    0.0029      Ni 1                7.50454m   -6.960    0.0278
TALL                10000.0A   -1.647 5731.1948      Fe 2                2613.82A   -6.883    0.0333      O  1                1304.86A   -6.671    0.0541
F12                 12.0000m   -5.242    1.4536      Fe 2                2410.52A   -6.764    0.0437      O  1                1306.03A   -7.080    0.0211
F25                 25.0000m   -3.854   35.5473      Fe 2                2406.66A   -7.021    0.0242      O  1                1355.60A   -6.741    0.0461
F60                 60.0000m   -2.084 2092.6018      Fe 2                2404.43A   -7.792    0.0041      O  1                1358.51A   -7.105    0.0199
F100                100.000m   -5.376    1.0681      Fe 2                2359.11A   -6.809    0.0394      O  1                2972.29A   -6.190    0.1642
MIPS                24.0000m   -3.854   35.5420      Fe 2                2338.01A   -6.893    0.0325      O  1                5577.34A   -5.240    1.4619
MIPS                70.0000m   -2.085 2089.3340      Fe 2                4.67067m   -7.278    0.0134      O  1                6300.30A   -3.548   71.9398
MIPS                160.000m   -3.120  192.6934      Fe 2                1.29777m   -6.590    0.0654      O  1                6363.78A   -4.044   22.9816
IRAC                3.60000m   -6.462    0.0877      Fe 2                1.27034m   -6.462    0.0878      O  1                6391.73A   -7.372    0.0108
IRAC                4.50000m   -5.143    1.8282      Fe 2                7999.47A   -8.284    0.0013      O  1                44.0453m   -7.724    0.0048
IRAC                5.80000m   -3.430   94.3782      Fe 2                7874.24A   -6.631    0.0594      O  1                63.1679m   -2.085 2088.5098
IRAC                8.00000m   -4.437    9.2781      Fe 2                7733.14A   -7.177    0.0169      O  1                145.495m   -3.127  189.6422
SPR1                250.000m   -5.592    0.6507      Fe 2                4798.28A   -7.040    0.0232      O  2                2470.34A   -8.171    0.0017
SPR2                350.000m   -3.758   44.3075      Fe 2                4664.45A   -7.688    0.0052      O  2                7319.99A   -8.364    0.0011
SPR3                500.000m   -5.820    0.3843      Fe 2                4533.01A   -7.680    0.0053      O  2                3728.81A   -6.378    0.1064
PAC1                70.0000m   -2.085 2090.1548      Fe 2                4474.90A   -5.468    0.8651      O  2                3726.03A   -6.554    0.0709
PAC2                100.000m   -5.375    1.0720      Fe 2                3289.89A   -7.676    0.0054      P  2                60.6263m   -5.505    0.7934
PAC3                160.000m   -3.119  193.1371      Fe 2                3289.46A   -7.455    0.0089      P  2                1532.53A   -8.179    0.0017
PAH                 3.30000m   -7.267    0.0137      Fe 2                2628.29A   -6.588    0.0657      P  2                32.8620m   -5.606    0.6289
PAHC                3.23000m   -7.547    0.0072      Fe 2                2621.67A   -7.457    0.0089      P  2                1.14682m   -5.524    0.7604
PAHC                3.37000m   -7.541    0.0073      Fe 2                2413.31A   -7.285    0.0132      P  2                4669.25A   -7.189    0.0164
PAH                 6.20000m   -7.313    0.0124      Fe 2                2411.07A   -7.290    0.0130      P  2                2195.57A   -7.468    0.0087
PAHC                5.65000m   -6.226    0.1509      Fe 2                2344.28A   -7.007    0.0250      P  2                1536.42A   -7.896    0.0032
PAH                 7.90000m   -6.793    0.0409      Fe 2                17.9311m   -4.419    9.6894      P  2                1535.92A   -7.903    0.0032
PAHC                6.90000m   -4.440    9.2318      Fe 2                1.64355m   -3.524   75.9345      P  2                1.18828m   -5.101    2.0156
PAH                 11.3000m   -6.861    0.0350      Fe 2                1.53348m   -4.649    5.6959      P  2                2210.34A   -7.015    0.0246
PAHC                10.9000m   -6.317    0.1224      Fe 2                8616.95A   -4.913    3.1015      P  2                1542.30A   -8.190    0.0016
PAH                 11.8000m   -7.998    0.0026      Fe 2                7155.17A   -5.041    2.3122      P  2                7875.99A   -6.441    0.0921
PAHC                12.6500m   -6.067    0.2177      Fe 2                6896.17A   -6.494    0.0815      S  1                1483.04A   -8.071    0.0022
PAH                 13.3000m   -8.019    0.0024      Fe 2                5413.37A   -6.950    0.0285      S  1                1820.34A   -6.745    0.0457
PAHC                14.1000m   -5.726    0.4776      Fe 2                5280.27A   -7.487    0.0083      S  1                1826.24A   -7.229    0.0150
Bcon                3640.00A   -2.387 1041.5858      Fe 2                5273.36A   -5.041    2.3136      S  1                25.2421m   -4.696    5.1136
Pcon                5000.00A   -2.797  405.2505      Fe 2                5158.79A   -4.430    9.4493      S  1                56.2957m   -5.656    0.5616
O3bn                5007.00A   -4.666    5.4881      Fe 2                5111.64A   -5.337    1.1706      S  2                6730.82A   -4.122   19.1674
RRC............................................      Fe 2                5072.41A   -5.082    2.1032      S  2                6716.44A   -3.961   27.7785
grains.........................................      Fe 2                5039.10A   -6.516    0.0774      S  2                4076.35A   -5.670    0.5429
H-like iso-sequence............................      Fe 2                4814.54A   -5.386    1.0446      S  2                4068.60A   -5.179    1.6824
H  1                1215.67A   -2.707  499.1363      Fe 2                4774.73A   -5.826    0.3792      S  2                1.03364m   -5.809    0.3948
H  1                6562.80A   -4.643    5.7788      Fe 2                4745.49A   -6.878    0.0337      S  2                1.02867m   -5.805    0.3977
H  1                4861.32A   -5.405    1.0000      Fe 2                4661.78A   -7.976    0.0027      S  2                1.03705m   -6.130    0.1882
H  1                4340.46A   -5.786    0.4162      Fe 2                4243.97A   -4.756    4.4574      S  2                1.03205m   -5.672    0.5411
H  1                4101.73A   -7.461    0.0088      Fe 2                4177.20A   -5.846    0.3624      S  2                1259.52A   -7.464    0.0087
H  1                3970.07A   -7.747    0.0045      Fe 2                4146.65A   -7.421    0.0096      S  2                1253.81A   -7.537    0.0074
H  1                3889.05A   -7.977    0.0027      Fe 2                4114.48A   -7.757    0.0044      S  2                1250.58A   -7.849    0.0036
H  1                3835.38A   -8.169    0.0017      Fe 2                3929.35A   -8.009    0.0025      Sc 2                4246.82A   -7.958    0.0028
H  1                3797.90A   -8.334    0.0012      Fe 2                3387.09A   -6.261    0.1392      Sc 2                7043.49A   -7.730    0.0047
H  1                3770.63A   -8.087    0.0021      Fe 2                3376.20A   -5.464    0.8737      Sc 2                8261.17A   -8.244    0.0014
H  1                3750.15A   -8.201    0.0016      Fe 2                2732.45A   -6.529    0.0752      Sc 2                8271.28A   -8.130    0.0019
H  1                3734.37A   -8.304    0.0013      Fe 2                2493.30A   -4.145   18.2119      Sc 2                8326.62A   -8.384    0.0010
H  1                3721.94A   -8.396    0.0010      Fe 2                2484.20A   -7.565    0.0069      Sc 2                8347.28A   -7.949    0.0029
H  1                1.87510m   -6.176    0.1694      Fe 2                2360.00A   -6.308    0.1249      Sc 2                8384.33A   -8.261    0.0014
H  1                1.28181m   -6.489    0.0823      Fe 2                2348.12A   -6.453    0.0895      Sc 2                1.07804m   -8.328    0.0012
H  1                1.09381m   -7.848    0.0036      Fe 2                2331.31A   -7.866    0.0035      Sc 2                2.03194m   -7.865    0.0035
H  1                1.00494m   -8.153    0.0018      Fe 2                24.5126m   -5.118    1.9345      Sc 2                2.04712m   -8.212    0.0016
H  1                9545.97A   -8.395    0.0010      Fe 2                1.80940m   -4.125   19.0417      Sc 2                2.07591m   -7.857    0.0035
H  1                4.05115m   -7.045    0.0229      Fe 2                1.67688m   -5.075    2.1392      Sc 2                2.07842m   -7.691    0.0052
H  1                2.62515m   -8.027    0.0024      Fe 2                1.59948m   -4.982    2.6471      Sc 2                2.08152m   -7.960    0.0028
H  1                2.16553m   -8.375    0.0011      Fe 2                9051.95A   -4.755    4.4687      Sc 2                2.11129m   -8.133    0.0019
H  1                7.45782m   -8.067    0.0022      Fe 2                8891.93A   -5.179    1.6807      Sc 2                2.12445m   -8.132    0.0019
He-like iso-sequence...........................      Fe 2                7452.56A   -5.533    0.7448      Si 1                2519.20A   -7.990    0.0026
extra Lyman....................................      Fe 2                7172.00A   -5.449    0.9033      Si 1                2528.51A   -7.766    0.0044
database lines.................................      Fe 2                6275.53A   -7.406    0.0100      Si 1                68.4548m   -7.277    0.0134
CN                  2640.74m   -8.131    0.0019      Fe 2                5527.36A   -6.022    0.2415      Si 1                129.641m   -7.348    0.0114
CN                  1321.03m   -8.198    0.0016      Fe 2                5440.48A   -7.780    0.0042      Si 2                34.8046m   -2.271 1360.6575
CN                  880.858m   -8.292    0.0013      Fe 2                5433.15A   -5.555    0.7086      Si 2                2334.41A   -5.421    0.9638
CN                  661.044m   -8.373    0.0011      Fe 2                5261.63A   -4.810    3.9366      Si 2                2328.52A   -6.018    0.2438
CN                  660.727m   -8.259    0.0014      Fe 2                5220.08A   -6.085    0.2088      Si 2                1808.01A   -5.581    0.6669
CN                  528.639m   -8.377    0.0011      Fe 2                5184.80A   -5.981    0.2656      Si 2                1526.71A   -7.871    0.0034
HF                  243.178m   -8.001    0.0025      Fe 2                5158.01A   -5.930    0.2984      Si 2                1260.42A   -7.420    0.0097
CO                  1300.05m   -7.088    0.0208      Fe 2                4947.39A   -5.330    1.1887      Si 2                2350.17A   -5.260    1.3972
CO                  866.727m   -6.520    0.0768      Fe 2                4905.35A   -5.681    0.5294      Si 2                2344.20A   -4.869    3.4369
CO                  650.074m   -6.282    0.1328      Fe 2                4874.50A   -5.724    0.4797      Si 2                2334.60A   -4.972    2.7112
CO                  520.089m   -6.173    0.1707      Fe 2                4852.74A   -7.085    0.0209      Si 2                1817.45A   -5.260    1.3948
CO                  433.438m   -6.111    0.1969      Fe 2                4346.86A   -5.383    1.0512      Si 2                1816.93A   -5.012    2.4722
CO                  371.549m   -6.084    0.2095      Fe 2                4276.84A   -5.307    1.2528      Si 2                1533.43A   -5.819    0.3854
CO                  325.137m   -6.069    0.2167      Fe 2                4244.82A   -6.119    0.1933      Si 2                1309.28A   -6.594    0.0647
CO                  289.041m   -6.066    0.2183      Fe 2                4231.56A   -7.719    0.0049      Si 2                1265.00A   -6.391    0.1034
CO                  260.169m   -6.071    0.2160      Fe 2                4211.11A   -7.692    0.0052      Si 2                1264.74A   -6.804    0.0399
CO                  236.549m   -6.082    0.2102      Fe 2                3455.11A   -6.367    0.1090      Si 2                1197.39A   -6.852    0.0357
CO                  216.868m   -6.103    0.2005      Fe 2                3452.31A   -6.056    0.2232      Si 2                1194.50A   -7.136    0.0186
CO                  200.218m   -6.127    0.1898      Fe 2                3440.99A   -5.942    0.2902      Si 2                3862.60A   -8.003    0.0025
CO                  185.949m   -6.148    0.1806      Fe 2                2774.73A   -7.768    0.0043      Si 2                3856.02A   -7.973    0.0027
CO                  173.584m   -6.172    0.1708      Fe 2                2759.34A   -8.137    0.0019      Si 2                6371.37A   -7.920    0.0031
CO                  162.767m   -6.199    0.1607      Fe 2                2485.07A   -7.977    0.0027      Si 2                6347.11A   -7.840    0.0037
CO                  153.225m   -6.227    0.1505      Fe 2                2391.48A   -7.053    0.0225      Zn 2                2062.00A   -7.490    0.0082
CO                  144.745m   -6.257    0.1405      Fe 2                2379.28A   -7.680    0.0053      Zn 2                2025.48A   -7.253    0.0142
CO                  137.159m   -6.288    0.1308      Fe 2                2362.02A   -6.555    0.0709      Al 2                2669.15A   -5.050    2.2620
CO                  130.333m   -6.320    0.1217      Fe 2                35.7675m   -5.918    0.3067      Al 2                2660.35A   -4.877    3.3747
CO                  124.160m   -6.357    0.1117      Fe 2                1.95361m   -5.036    2.3369      Al 2                1670.79A   -5.544    0.7253
CO                  118.548m   -6.397    0.1019      Fe 2                1.80002m   -5.090    2.0632      Al 2                3900.67A   -8.286    0.0013
CO                  113.427m   -6.437    0.0928      Fe 2                1.71113m   -5.660    0.5559      Ca 2                7323.89A   -3.818   38.6616
CO                  108.733m   -6.480    0.0841      Fe 2                1.66377m   -5.279    1.3359      Ca 2                7291.47A   -3.651   56.7873
CO                  104.416m   -6.523    0.0761      Fe 2                9399.04A   -5.177    1.6907      Ca 2                3968.47A   -6.185    0.1661
CO                  100.433m   -6.568    0.0686      Fe 2                9226.63A   -5.123    1.9143      Ca 2                8662.14A   -4.544    7.2614
CO                  96.7462m   -6.616    0.0616      Fe 2                9033.49A   -6.198    0.1609      Ca 2                3933.66A   -6.134    0.1865
CO                  93.3237m   -6.664    0.0551      Fe 2                7388.17A   -5.569    0.6851      Ca 2                8498.02A   -5.238    1.4683
CO                  90.1384m   -6.714    0.0490      Fe 2                6440.41A   -6.521    0.0765      Ca 2                8542.09A   -4.291   12.9897
CO                  87.1666m   -6.766    0.0435      Fe 2                6229.28A   -7.672    0.0054      Ca 2                3706.02A   -6.913    0.0311
CO                  84.3877m   -6.820    0.0385      Fe 2                5654.87A   -6.982    0.0265      Ca 2                3736.90A   -6.616    0.0614
CO                  81.7835m   -6.875    0.0339      Fe 2                5556.31A   -6.224    0.1517      Ca 2                3158.87A   -6.936    0.0295
CO                  79.3383m   -6.932    0.0297      Fe 2                5412.67A   -6.751    0.0451      Ca 2                3181.27A   -7.641    0.0058
CO                  77.0375m   -6.991    0.0260      Fe 2                5333.66A   -5.097    2.0323      Ca 2                3179.33A   -6.686    0.0523
CO                  74.8697m   -7.050    0.0226      Fe 2                5296.84A   -6.380    0.1059      Ca 2                1.19497m   -8.337    0.0012
CO                  72.8231m   -7.112    0.0196      Fe 2                5268.89A   -6.100    0.2017      Ca 2                1.18390m   -8.044    0.0023
CO                  70.8878m   -7.175    0.0170      Fe 2                5107.96A   -7.035    0.0234      Ca 2                1838.01A   -7.873    0.0034
CO                  69.0557m   -7.237    0.0147      Fe 2                5049.30A   -5.503    0.7975      Ca 2                1840.03A   -7.717    0.0049
CO                  67.3181m   -7.302    0.0127      Fe 2                5005.52A   -5.557    0.7040      Ca 2                2112.76A   -8.345    0.0011
CO                  65.6684m   -7.368    0.0109      Fe 2                4973.40A   -5.825    0.3802      Cl 2                14.3639m   -5.727    0.4760
CO                  64.0998m   -7.434    0.0094      Fe 2                4950.76A   -6.171    0.1715      Cl 2                33.2721m   -6.808    0.0395
CO                  62.6072m   -7.500    0.0080      Fe 2                4352.79A   -5.623    0.6054      Cl 2                8578.70A   -5.416    0.9756
CO                  61.1843m   -7.567    0.0069      Fe 2                4319.62A   -5.889    0.3282      Cl 2                9123.60A   -6.000    0.2538
CO                  59.8271m   -7.635    0.0059      Fe 2                4305.90A   -6.692    0.0517      Cl 2                3677.85A   -7.338    0.0117
CO                  58.5311m   -7.703    0.0050      Fe 2                4084.33A   -8.014    0.0025      Cl 2                6161.84A   -7.292    0.0130
CO                  57.2920m   -7.771    0.0043      Fe 2                3504.51A   -6.670    0.0543      Mg 2                2802.71A   -3.574   67.7582
CO                  56.1066m   -7.841    0.0037      Fe 2                3504.02A   -6.527    0.0755      Mg 2                2795.53A   -3.278  134.0783
CO                  54.9712m   -7.912    0.0031      Fe 2                3501.63A   -6.091    0.2061      Mg 2                2936.52A   -6.504    0.0795
CO                  53.8829m   -7.983    0.0026      Fe 2                3489.99A   -6.770    0.0431      Mg 2                2928.64A   -6.806    0.0397
CO                  52.8388m   -8.055    0.0022      Fe 2                2385.01A   -7.372    0.0108      Mg 2                2797.93A   -7.245    0.0145
CO                  51.8365m   -8.127    0.0019      Fe 2                2.06648m   -6.430    0.0945      Mg 2                2790.77A   -6.542    0.0729
CO                  50.8731m   -8.199    0.0016      Fe 2                1.89541m   -5.826    0.3791      Mg 2                2798.00A   -6.289    0.1305
CO                  49.9472m   -8.272    0.0014      Fe 2                1.79711m   -5.313    1.2351      Mg 2                9244.22A   -8.361    0.0011
CO                  49.0559m   -8.346    0.0011      Fe 2                1.74494m   -5.602    0.6357      Mg 2                9218.22A   -8.066    0.0022
^13CO               906.599m   -8.055    0.0022      Fe 2                9652.70A   -6.026    0.2395      N  2                205.283m   -7.578    0.0067
^13CO               679.978m   -7.797    0.0041      Fe 2                9470.94A   -5.513    0.7789      N  2                121.769m   -7.788    0.0041
^13CO               544.012m   -7.679    0.0053      Fe 2                9267.56A   -5.895    0.3236      N  2                6548.05A   -6.945    0.0288
^13CO               453.374m   -7.613    0.0062      Fe 2                7544.00A   -8.208    0.0016      N  2                6583.45A   -6.475    0.0850
^13CO               388.637m   -7.584    0.0066      Fe 2                6558.51A   -6.735    0.0468      N  2                5754.59A   -8.323    0.0012
^13CO               340.088m   -7.568    0.0069      Fe 2                5745.71A   -7.353    0.0113      N  2                2142.77A   -8.329    0.0012
^13CO               302.332m   -7.564    0.0069      Fe 2                5643.98A   -7.196    0.0162      Ni 2                1.19102m   -4.403   10.0553
^13CO               272.130m   -7.569    0.0069      Fe 2                5495.84A   -7.028    0.0238      Ni 2                6.63416m   -5.029    2.3769
^13CO               247.423m   -7.580    0.0067      Fe 2                5376.47A   -5.491    0.8199      Ni 2                1.07151m   -6.020    0.2428
^13CO               226.836m   -7.600    0.0064      Fe 2                5347.66A   -6.606    0.0630      Ni 2                10.6793m   -5.657    0.5599
^13CO               209.419m   -7.625    0.0060      Fe 2                5181.96A   -6.881    0.0334      Ni 2                1.27792m   -7.844    0.0036
^13CO               194.493m   -7.647    0.0057      Fe 2                5076.57A   -6.162    0.1751      Ni 2                1.16130m   -6.538    0.0737
^13CO               181.558m   -7.672    0.0054      Fe 2                5043.53A   -6.032    0.2363      Ni 2                12.7253m   -6.074    0.2141
^13CO               170.243m   -7.701    0.0051      Fe 2                5020.25A   -6.148    0.1808      Ni 2                9882.95A   -7.287    0.0131
^13CO               160.261m   -7.730    0.0047      Fe 2                4372.43A   -6.163    0.1745      Ni 2                1.09177m   -6.825    0.0380
^13CO               151.390m   -7.761    0.0044      Fe 2                4358.37A   -6.374    0.1073      Ni 2                18.2355m   -6.791    0.0411
^13CO               143.454m   -7.794    0.0041      Fe 2                4080.00A   -8.045    0.0023      Ni 2                9374.87A   -7.580    0.0067
^13CO               136.314m   -7.827    0.0038      Fe 2                3539.19A   -6.375    0.1072      Ni 2                7377.83A   -5.185    1.6586
^13CO               129.855m   -7.867    0.0035      Fe 2                3538.69A   -6.668    0.0545      Ni 2                8300.99A   -6.481    0.0839
^13CO               123.985m   -7.908    0.0031      Fe 2                3536.25A   -6.794    0.0408      Ni 2                1.93877m   -5.893    0.3253
^13CO               118.627m   -7.952    0.0028      Fe 2                3524.38A   -8.102    0.0020      Ni 2                2.36883m   -7.180    0.0168
^13CO               113.717m   -7.998    0.0026      Fe 2                22.8961m   -7.423    0.0096      Ni 2                2.91064m   -6.848    0.0360
^13CO               109.201m   -8.046    0.0023      Fe 2                1.81139m   -7.703    0.0050      Ni 2                6666.80A   -6.035    0.2343
^13CO               105.034m   -8.097    0.0020      Fe 2                7764.71A   -6.909    0.0313      Ni 2                7411.61A   -5.816    0.3878
^13CO               101.176m   -8.150    0.0018      Fe 2                7336.73A   -7.199    0.0161      Ni 2                1.76458m   -7.961    0.0028
^13CO               97.5955m   -8.206    0.0016      Fe 2                7267.25A   -8.167    0.0017      Ni 2                2.04866m   -7.539    0.0073
^13CO               94.2629m   -8.265    0.0014      Fe 2                6809.24A   -7.176    0.0169      Ni 2                2.30794m   -6.996    0.0257
^13CO               91.1537m   -8.328    0.0012      Fe 2                6729.87A   -7.458    0.0089      Ni 2                6.91767m   -7.295    0.0129
^13CO               88.2461m   -8.396    0.0010      Fe 2                6671.93A   -8.021    0.0024      Ni 2                4326.24A   -5.982    0.2650
C  1                1560.31A   -7.048    0.0228      Fe 2                5721.37A   -8.294    0.0013      Ni 2                4628.05A   -6.404    0.1003
C  1                1560.68A   -6.986    0.0263      Fe 2                5163.96A   -7.202    0.0160      Ni 2                6794.20A   -7.460    0.0088
C  1                1560.71A   -7.283    0.0132      Fe 2                4266.35A   -7.906    0.0032      Ni 2                7255.82A   -6.337    0.1170
C  1                1561.34A   -6.644    0.0577      Fe 2                4249.08A   -8.177    0.0017      Ni 2                7694.56A   -7.407    0.0100
C  1                1561.37A   -7.213    0.0156      Fe 2                4157.92A   -8.178    0.0017      Ni 2                8033.54A   -7.571    0.0068
C  1                1561.44A   -6.515    0.0777      Fe 2                3277.35A   -6.657    0.0559      Ni 2                1.04597m   -6.820    0.0384
C  1                1656.27A   -6.297    0.1282      Fe 2                3255.89A   -7.887    0.0033      Ni 2                1.23230m   -6.848    0.0361
C  1                1656.93A   -6.835    0.0371      Fe 2                2926.59A   -7.404    0.0100      Ni 2                4201.17A   -6.165    0.1739
C  1                1657.01A   -6.003    0.2520      Fe 2                2880.76A   -7.252    0.0142      Ni 2                4485.21A   -6.617    0.0613
C  1                1657.38A   -6.909    0.0313      Fe 2                2755.74A   -5.591    0.6510      Ni 2                7307.65A   -6.513    0.0780
C  1                1657.91A   -6.356    0.1119      Fe 2                2739.55A   -6.230    0.1497      Ni 2                7612.72A   -6.841    0.0366
C  1                1658.12A   -6.681    0.0529      Fe 2                2716.70A   -6.486    0.0829      Ni 2                1.13597m   -7.524    0.0076
C  1                1930.90A   -7.956    0.0028      Fe 2                34.6508m   -8.295    0.0013      Ni 2                4285.31A   -7.373    0.0108
C  1                1992.01A   -7.555    0.0071      Fe 2                1.00287m   -6.896    0.0323      Ni 2                6791.48A   -7.087    0.0208
C  1                1993.62A   -6.354    0.1124      Fe 2                8245.16A   -8.395    0.0010      Ni 2                7054.20A   -6.992    0.0259
C  1                2582.90A   -7.619    0.0061      Fe 2                8037.28A   -7.427    0.0095      Ni 2                9.61508m   -8.282    0.0013
C  1                8727.13A   -8.028    0.0024      Fe 2                7579.61A   -7.918    0.0031      Ni 2                4033.04A   -6.432    0.0941
C  1                9824.13A   -3.630   59.5911      Fe 2                7017.95A   -7.837    0.0037      Ni 2                4294.09A   -6.551    0.0715
C  1                9850.26A   -3.154  178.0296      Fe 2                6933.67A   -8.202    0.0016      Ni 2                6467.29A   -7.584    0.0066
C  1                370.269m   -3.762   43.9038      Fe 2                6872.19A   -7.368    0.0109      Ni 2                6813.57A   -6.572    0.0680
C  1                609.590m   -4.481    8.3948      Fe 2                6829.03A   -8.403    0.0010      Ni 2                7078.04A   -7.121    0.0192
C  2                1334.53A   -8.283    0.0013      Fe 2                5746.98A   -7.253    0.0142      Ni 2                1.02090m   -7.903    0.0032
C  2                1335.66A   -7.846    0.0036      Fe 2                5283.12A   -7.810    0.0039      Ni 2                3993.06A   -6.085    0.2088
C  2                1335.71A   -7.905    0.0032      Fe 2                5199.18A   -8.026    0.0024      Ni 2                4248.80A   -6.561    0.0699
C  2                2323.50A   -7.696    0.0051      Fe 2                4351.81A   -8.176    0.0017      Ni 2                6007.06A   -7.675    0.0054
C  2                2324.69A   -7.403    0.0100      Fe 2                4347.36A   -7.546    0.0072      Ni 2                6365.10A   -6.559    0.0701
C  2                2325.40A   -6.842    0.0366      Fe 2                4329.43A   -6.892    0.0326      Ni 2                6700.24A   -7.952    0.0028
C  2                2326.93A   -6.914    0.0310      Fe 2                2953.77A   -8.240    0.0015      Ni 2                6955.82A   -7.987    0.0026
C  2                2328.12A   -7.350    0.0113      Fe 2                2772.73A   -6.291    0.1301      Ni 2                8703.87A   -7.015    0.0246
C  2                157.636m   -5.075    2.1374      Fe 2                2749.32A   -6.452    0.0898      Ni 2                9956.63A   -7.241    0.0146
Ca 1                4226.73A   -6.666    0.0548      Fe 2                9795.19A   -7.674    0.0054      Ni 2                5.18504m   -8.020    0.0024
Ca 1                6439.08A   -7.577    0.0067      Fe 2                8228.13A   -7.590    0.0065      Ni 2                3438.88A   -6.274    0.1351
Ca 1                6462.57A   -7.879    0.0034      Fe 2                7613.14A   -7.997    0.0026      Ni 2                3626.89A   -6.582    0.0665
Ca 1                6493.78A   -8.121    0.0019      Fe 2                7011.24A   -8.404    0.0010      Ni 2                3378.16A   -6.888    0.0328
Cl 1                11.3303m   -6.894    0.0324      Fe 2                6966.33A   -7.761    0.0044      Ni 2                3559.41A   -6.868    0.0344
Co 2                9335.96A   -7.540    0.0073      Fe 2                5477.25A   -7.758    0.0044      level 1 lines..................................
Co 2                9639.13A   -7.978    0.0027      Fe 2                5278.38A   -8.225    0.0015      recombination..................................
Co 2                10.5199m   -6.374    0.1074      Fe 2                4402.59A   -8.012    0.0025      level2 lines...................................
Co 2                15.4548m   -7.260    0.0140      Fe 2                4384.21A   -7.944    0.0029      C  1                1247.50A   -7.231    0.0149
Co 2                2.98382m   -5.861    0.3497      Fe 2                1.05081m   -8.154    0.0018      C  1                1314.77A   -7.151    0.0180
Co 2                14.7345m   -6.902    0.0319      Fe 2                7710.80A   -8.309    0.0012      C  1                1233.29A   -7.762    0.0044
Co 2                18.7989m   -7.423    0.0096      Fe 2                7048.01A   -7.975    0.0027      C  1                1250.68A   -7.919    0.0031
Co 2                25.6819m   -8.111    0.0020      Fe 2                5901.28A   -8.203    0.0016      Mg 1                1817.31A   -8.163    0.0017
Co 2                1.01879m   -6.585    0.0660      Fe 2                5527.62A   -8.316    0.0012      Mg 1                1739.09A   -8.381    0.0011
Co 2                1.12804m   -7.556    0.0071      Fe 2                2.04602m   -6.840    0.0367      Mg 1                1699.05A   -8.395    0.0010
Co 2                1.54700m   -6.830    0.0376      Fe 2                1.41956m   -7.395    0.0102      Mg 1                1675.74A   -8.380    0.0011
Co 2                1.72847m   -7.826    0.0038      Fe 2                1.35904m   -8.202    0.0016      Mg 1                1660.94A   -8.381    0.0011
Co 2                1.90349m   -7.666    0.0055      Fe 2                1.23314m   -7.190    0.0164      Mg 1                1650.95A   -8.403    0.0010
Co 2                1.02452m   -7.396    0.0102      Fe 2                1.09108m   -7.113    0.0196      Si 2                1179.59A   -7.783    0.0042
Co 2                1.09726m   -8.024    0.0024      Fe 2                1.07084m   -7.551    0.0071      S  1                1356.05A   -7.761    0.0044
Co 2                1.49674m   -8.260    0.0014      Fe 2                1.05625m   -8.002    0.0025      S  1                1392.25A   -8.188    0.0016
Co 2                1.62622m   -8.248    0.0014      Fe 2                1.01565m   -7.804    0.0040      Ca 2                1360.06A   -8.401    0.0010
Co 2                1.73616m   -7.954    0.0028      Fe 2                8119.18A   -8.279    0.0013      Fe 1                2484.25A   -8.039    0.0023
Co 2                1.02803m   -7.993    0.0026      Fe 2                5588.16A   -7.107    0.0199      Fe 1                2526.51A   -8.276    0.0013
Co 2                8580.39A   -8.049    0.0023      Fe 2                5586.91A   -7.969    0.0027      Sc 2                2555.14A   -8.395    0.0010
Co 2                9342.40A   -6.745    0.0457      Fe 2                5580.82A   -6.538    0.0735      Sc 2                3627.22A   -6.729    0.0475
Co 2                9943.48A   -7.092    0.0205      Fe 2                5551.32A   -6.256    0.1408      Sc 2                3575.45A   -6.850    0.0359
Co 2                7539.01A   -7.413    0.0098      Fe 2                3227.74A   -7.846    0.0036      Sc 2                3368.13A   -7.412    0.0098
Co 2                8121.00A   -7.125    0.0190      Fe 2                3196.07A   -7.488    0.0083      Ti 2                3364.74A   -5.155    1.7779
Co 2                8571.41A   -7.733    0.0047      Fe 2                2.13278m   -7.096    0.0204      Ti 2                3237.15A   -5.395    1.0238
Co 2                6.21176m   -8.374    0.0011      Fe 2                1.46079m   -7.942    0.0029      Ti 2                1904.17A   -7.265    0.0138
Co 2                8027.34A   -7.592    0.0065      Fe 2                1.39678m   -8.004    0.0025      Ti 2                1907.36A   -7.007    0.0250
Co 2                8467.14A   -8.005    0.0025      Fe 2                1.30943m   -8.023    0.0024      V  2                2710.94A   -7.477    0.0085
Co 2                8333.76A   -7.773    0.0043      Fe 2                1.24364m   -8.209    0.0016      V  2                2684.22A   -7.244    0.0145
Cr 2                8000.08A   -5.587    0.6575      Fe 2                1.09413m   -7.310    0.0124      V  2                2139.33A   -7.858    0.0035
Cr 2                8125.30A   -5.661    0.5546      Fe 2                1.07890m   -7.407    0.0100      Cr 1                4269.56A   -8.071    0.0022
Cr 2                8229.67A   -5.755    0.4464      Fe 2                1.06830m   -8.164    0.0017      Cr 1                3589.90A   -7.890    0.0033
Cr 2                8308.49A   -5.942    0.2900      Fe 2                1.03658m   -8.176    0.0017      Cr 2                2059.78A   -5.754    0.4474
Cr 2                8357.64A   -6.240    0.1462      Fe 2                5650.95A   -7.085    0.0209      Mn 2                1198.85A   -8.116    0.0019
Fe 1                24.0358m   -6.032    0.2361      Fe 2                5649.67A   -7.059    0.0222      Co 2                2060.90A   -7.219    0.0154
Fe 1                34.7038m   -6.620    0.0610      Fe 2                5643.44A   -8.197    0.0016      Co 2                2018.80A   -7.254    0.0142
Fe 2                25.9813m   -3.953   28.2862      Fe 2                5613.27A   -6.472    0.0857      Co 2                1949.74A   -7.332    0.0118
Fe 2                5.33871m   -3.431   94.2260      Fe 2                2.24366m   -7.434    0.0094      Co 2                1575.91A   -7.870    0.0034
Fe 2                4.11387m   -5.793    0.4090      Fe 2                2.00672m   -6.780    0.0422      Co 2                1470.18A   -7.953    0.0028
Fe 2                1.25668m   -4.703    5.0386      Fe 2                1.10657m   -7.654    0.0056      Ni 2                1751.83A   -6.789    0.0413
Fe 2                1.19129m   -7.487    0.0083      Fe 2                1.09542m   -7.758    0.0044      Ni 2                1744.24A   -6.595    0.0645
Fe 2                6309.53A   -8.332    0.0012      Fe 2                5725.92A   -7.357    0.0112      Ni 2                1484.97A   -7.943    0.0029
Fe 2                4799.30A   -8.231    0.0015      Fe 2                5718.22A   -6.806    0.0397      Ni 2                1472.74A   -7.622    0.0061
Fe 2                4704.22A   -7.455    0.0089      Fe 2                2.22379m   -6.188    0.1646      Ni 2                1400.37A   -7.937    0.0029
Fe 2                4632.28A   -5.663    0.5526      Fe 2                2.01513m   -6.510    0.0786      Ni 2                1375.73A   -7.579    0.0067
Fe 2                4604.48A   -7.446    0.0091      Fe 2                9682.08A   -7.019    0.0243      Ni 2                1324.11A   -7.686    0.0052
Fe 2                4416.27A   -5.644    0.5769      Fe 2                9513.85A   -7.826    0.0038      hyperfine structure............................
Fe 2                4382.74A   -6.614    0.0618      Fe 2                8715.81A   -7.651    0.0057      inner shell....................................
Fe 2                4287.39A   -4.682    5.2893      Fe 2                6873.84A   -7.316    0.0123      molecules......................................
Fe 2                3931.44A   -8.276    0.0013      Fe 2                6700.65A   -8.288    0.0013      bands..........................................
Fe 2                3874.07A   -7.907    0.0031      Fe 2                6188.55A   -7.494    0.0082      Fe 2b               2500.00A   -3.589   65.4602
Fe 2                3175.38A   -6.493    0.0817      Fe 2                5870.02A   -7.749    0.0045      Fe 2b               5000.00A   -3.644   57.7106
Fe 2                2599.40A   -7.399    0.0101      Fe 2                5673.20A   -7.783    0.0042      Fe 2b               7000.00A   -4.586    6.5926
Fe 2                2382.04A   -5.621    0.6084      Fe 2                4898.61A   -7.519    0.0077      Fe 2b               10000.0A   -3.267  137.5352
Fe 2                2343.50A   -8.221    0.0015      Fe 2                2.25348m   -7.027    0.0239      Fe 2b               2355.00A   -4.414    9.7957
Fe 2                35.3391m   -4.615    6.1670      Fe 2                1.02005m   -8.233    0.0015      Fe 2b               2430.00A   -3.597   64.2488
Fe 2                6.71944m   -4.570    6.8318      Fe 2                1.00139m   -7.678    0.0053      Fe 2b               2445.00A   -3.597   64.2486
Fe 2                4.88781m   -5.457    0.8877      Fe 2                9133.66A   -8.399    0.0010      Fe 2b               2495.00A   -4.144   18.2226
Fe 2                4.07521m   -6.278    0.1339      Fe 2                8885.67A   -8.126    0.0019      Fe 2b               2610.00A   -3.846   36.2249
Fe 2                1.32055m   -5.199    1.6066      Fe 2                7131.14A   -8.290    0.0013      Fe 2b               2695.00A   -6.486    0.0830
Fe 2                1.24854m   -6.233    0.1486      Fe 2                6944.91A   -7.861    0.0035      Fe 2b               2758.00A   -5.363    1.1020
Fe 2                1.20512m   -8.045    0.0023      Fe 2                6473.88A   -7.896    0.0032      Fe 2b               2780.00A   -5.326    1.1996
Fe 2                7637.52A   -5.503    0.7982      Fe 2                6044.10A   -8.329    0.0012      Fe 2b               2935.00A   -6.981    0.0265
Fe 2                7523.28A   -7.550    0.0072      Fe 2                5835.45A   -7.997    0.0026      Fe 2b               2960.00A   -7.314    0.0123
Fe 2                4889.62A   -5.526    0.7560      Fe 2                5060.09A   -8.078    0.0021      Fe 2b               3180.00A   -5.992    0.2586
Fe 2                4750.27A   -8.258    0.0014      Fe 2                4576.40A   -8.331    0.0012      Fe 2b               3250.00A   -5.301    1.2717
Fe 2                4716.37A   -6.540    0.0732      Fe 2                1.34608m   -8.376    0.0011      Fe 2b               3590.00A   -5.323    1.2083
Fe 2                4687.56A   -6.744    0.0459      Fe 2                1.11648m   -8.191    0.0016      Fe 2b               3910.00A   -7.370    0.0108
Fe 2                4492.64A   -6.513    0.0779      Fe 2                5048.19A   -8.045    0.0023      Fe 2b               4060.00A   -8.029    0.0024
Fe 2                4457.95A   -5.912    0.3113      Fe 2                1.71482m   -7.626    0.0060      Fe 2b               4255.00A   -4.077   21.2827
Fe 2                4432.45A   -6.706    0.0500      Fe 2                9949.21A   -7.958    0.0028      Fe 2b               4558.00A   -4.807    3.9617
Fe 2                4359.33A   -4.812    3.9177      Fe 2                7975.22A   -8.144    0.0018      Fe 2b               4600.00A   -4.777    4.2421
Fe 2                3224.54A   -7.589    0.0065      Fe 2                1.47063m   -8.396    0.0010      Fe 2b               4743.00A   -5.526    0.7565
Fe 2                3214.67A   -7.007    0.0250      Fe 2                1.01273m   -8.072    0.0022      Fe 2b               4855.00A   -4.947    2.8700
Fe 2                2625.67A   -3.968   27.3463      Fe 2                6353.11A   -8.195    0.0016      Fe 2b               4920.00A   -4.433    9.3816
Fe 2                2611.87A   -4.724    4.7911      Fe 2                1.80228m   -8.295    0.0013      Fe 2b               4975.00A   -4.962    2.7702
Fe 2                2598.37A   -5.956    0.2812      Fe 2                1.00387m   -8.224    0.0015      Fe 2b               4971.00A   -5.005    2.5096
Fe 2                2395.63A   -4.978    2.6713      Fe 2                9469.41A   -8.109    0.0020      Fe 2b               5070.00A   -4.884    3.3169
Fe 2                2388.63A   -6.045    0.2289      Fe 2                9384.77A   -7.600    0.0064      Fe 2b               5143.00A   -4.351   11.3331
Fe 2                2383.06A   -7.890    0.0033      Fe 2                2.39329m   -7.649    0.0057      Fe 2b               5270.00A   -4.066   21.8208
Fe 2                2364.83A   -5.365    1.0955      Fe 2                4825.73A   -7.056    0.0224      Fe 2b               5318.00A   -4.384   10.4874
Fe 2                2332.80A   -6.483    0.0835      Fe 2                2.50030m   -7.986    0.0026      Fe 2b               5540.00A   -5.531    0.7475
Fe 2                2279.91A   -7.979    0.0027      Fe 2                4867.73A   -8.097    0.0020      Fe 2b               5865.00A   -6.130    0.1881
Fe 2                51.2868m   -5.133    1.8696      Fe 2                2.59860m   -8.369    0.0011      Fe 2b               6265.00A   -6.942    0.0291
Fe 2                5.67236m   -6.268    0.1370      Fe 2                4903.85A   -7.549    0.0072      Fe 2b               6565.00A   -6.287    0.1313
Fe 2                4.60641m   -6.078    0.2125      Fe 2                1.04657m   -8.403    0.0010      Fe 2b               6910.00A   -6.226    0.1509
Fe 2                4.08085m   -6.824    0.0381      Fe 2                3.58120m   -7.994    0.0026      Fe 2b               7445.00A   -4.607    6.2758
Fe 2                1.37181m   -5.442    0.9172      Fe 2                3.15558m   -8.024    0.0024      Fe 2b               8625.00A   -4.275   13.4766
Fe 2                1.29427m   -6.018    0.2436      Fe 2                5171.63A   -7.357    0.0112      Fe 2b               1.03250m   -5.333    1.1803
Fe 2                7806.23A   -7.275    0.0135      Fe 2                5169.03A   -6.592    0.0649      Fe 2b               1.88900m   -3.981   26.5147
Fe 2                7686.93A   -5.580    0.6675      Fe 2                5018.44A   -8.301    0.0013      Fe 2b               2.20000m   -6.065    0.2190
Fe 2                7552.40A   -8.059    0.0022      Fe 2                6044.54A   -7.801    0.0040      miscellaneous..................................
Fe 2                4958.23A   -7.377    0.0107      Fe 2                5316.61A   -8.275    0.0013      Blnd                8446.00A   -8.124    0.0019
Fe 2                4750.57A   -7.374    0.0107      Fe 3                22.9190m   -8.314    0.0012      Blnd                1304.00A   -6.523    0.0761
Fe 2                4728.07A   -6.175    0.1698      Fe 3                4985.87A   -8.178    0.0017      Blnd                2798.00A   -3.100  201.8366
Fe 2                4514.90A   -6.537    0.0737      K  1                7664.90A   -8.085    0.0021      Blnd                6720.00A   -3.733   46.9459
Fe 2                4488.75A   -6.257    0.1407      K  1                7698.96A   -8.383    0.0011      Blnd                4074.00A   -5.058    2.2253
Fe 2                4470.30A   -7.460    0.0088      Mg 1                2025.82A   -7.879    0.0034      Blnd                1.03300m   -5.167    1.7314
Fe 2                4413.78A   -4.963    2.7658      Mg 1                2852.13A   -4.963    2.7695      Blnd                1256.00A   -7.110    0.0197
Fe 2                3254.24A   -7.066    0.0218      Mg 1                3832.30A   -8.035    0.0023      Blnd                5892.00A   -6.556    0.0707
Fe 2                3244.18A   -7.361    0.0111      Mg 1                3838.29A   -7.618    0.0061      Blnd                2665.00A   -4.654    5.6367
Fe 2                2631.32A   -4.897    3.2237      Mg 1                4562.60A   -4.769    4.3245      Blnd                2335.00A   -4.463    8.7528
Fe 2                2617.62A   -6.340    0.1162      Mg 1                4571.10A   -5.207    1.5759      Blnd                8579.00A   -4.068   21.7193
Fe 2                2607.09A   -6.255    0.1411      Mg 1                4575.29A   -6.135    0.1860      Blnd                7306.00A   -3.425   95.4489
Fe 2                2404.89A   -5.949    0.2854      Mg 1                5167.32A   -7.294    0.0129      Blnd                3933.00A   -5.858    0.3525
Fe 2                2399.24A   -6.777    0.0425      Mg 1                5172.68A   -6.820    0.0385      Blnd                1657.00A   -5.617    0.6136
Fe 2                2395.42A   -7.740    0.0046      Mg 1                5183.60A   -6.599    0.0639      Blnd                9850.00A   -3.029  237.6207
Fe 2                2380.76A   -4.787    4.1480      Mg 1                8806.76A   -6.876    0.0338      Blnd                2326.00A   -6.432    0.0940
Fe 2                2348.30A   -6.507    0.0790      Mg 1                1.18282m   -7.035    0.0234      Blnd                1335.00A   -7.496    0.0081
Fe 2                2327.40A   -7.095    0.0204      Mg 1                1.50250m   -7.860    0.0035      Blnd                3467.00A   -5.953    0.2834
Fe 2                87.3597m   -5.835    0.3712      Mg 1                1.50402m   -8.304    0.0013      Blnd                5199.00A   -3.707   49.8235
Fe 2                5.06097m   -6.736    0.0467      Mg 1                1.71087m   -7.543    0.0073      Blnd                1.04030m   -5.196    1.6168
Fe 2                4.43363m   -6.653    0.0565      Mn 2                2576.10A   -6.209    0.1570      Blnd                2141.00A   -8.180    0.0017
Fe 2                1.40951m   -8.064    0.0022      Mn 2                2593.72A   -6.303    0.1265      Blnd                6300.00A   -3.428   94.9322
Fe 2                1.32777m   -6.202    0.1596      Mn 2                2605.68A   -6.442    0.0919      Blnd                2471.00A   -8.068    0.0022
Fe 2                1.27877m   -6.259    0.1399      Mn 2                3438.97A   -7.612    0.0062      Blnd                7323.00A   -8.235    0.0015
Fe 2                1.25214m   -7.299    0.0128      Mn 2                3460.03A   -8.166    0.0017      Blnd                7332.00A   -8.317    0.0012
Fe 2                7926.88A   -7.537    0.0074      N  1                1199.55A   -7.566    0.0069      Blnd                3727.00A   -6.156    0.1773
Fe 2                7803.89A   -7.277    0.0134      N  1                1200.22A   -7.739    0.0046      Blnd                7325.00A   -7.973    0.0027
Fe 2                7665.28A   -6.530    0.0750      N  1                1200.71A   -8.042    0.0023
Fe 2                5006.63A   -6.677    0.0534      N  1                3466.50A   -6.036    0.2338



 IC443 grid point v shock=69 km/s  
 Cooling:  H  1c                     0 :0.137 Fe 2c                     0 :0.072 O  1c                     0 :0.404 Si 2c                     0 :0.234  
 Heating:  TotM                      0 :0.163 CT H                      0 :0.223 H- H                      0 :0.610  

 These are some of the most important databases used by Cloudy:
 Many recombination coefficients were taken from http://amdpp.phys.strath.ac.uk/tamoc/RR/ and http://amdpp.phys.strath.ac.uk/tamoc/DR/
      and are based on the following papers:
        Badnell N. R., et al., A&A 406, 1151 (2003) [http://adsabs.harvard.edu/abs/2003A%26A...406.1151B]
        Badnell N. R., ApJS 167, 334 (2006) [http://adsabs.harvard.edu/abs/2006ApJS..167..334B]
 Much of the molecular emission data is from LAMDA as accessed on June 30, 2015. This database is described in:
        Schoeier F.L., et al., A&A 432, 369 (2005) [http://adsabs.harvard.edu/abs/2005A%26A...432..369S]
      This database is in part based on the work of the following groups:
        JPL: Pickett H. M. et al., JQSRT, 60, 883 (1998). [http://adsabs.harvard.edu/abs/1998JQSRT..60..883P]
        CDMS: Mueller H. S. et al., A&A 370, L49 (2001). [http://adsabs.harvard.edu/abs/2001A%26A...370L..49M]
              Mueller H. S. et al., J. Mol. Struct. 742, 215 (2005). [http://adsabs.harvard.edu/abs/2005JMoSt.742..215M]
 Some of the ionic emission data is from version 10.0.1 of CHIANTI. CHIANTI is a collaborative project involving the NRL (USA), the
      Universities of Florence (Italy) and Cambridge (UK), and George Mason University (USA). These papers describe Chianti:
        Dere K. P., et al., A&AS, 125, 149 (1997) [http://adsabs.harvard.edu/abs/1997A%26AS..125..149D]
        Landi E., et al., ApJ, 744, 99 (2012) [http://adsabs.harvard.edu/abs/2012ApJ...744...99L]
 Much of the H_2 data is from this web site: http://molat.obspm.fr/index.php?page=pages/Molecules/H2/H2can94.php. These data are
      described in:
        Abgrall H. et al., Can. J. Phys., 72, 856 (1994) [http://adsabs.harvard.edu/abs/1994CaJPh..72..856A]
        Wrathmall S. A. & Flower D. R., J. Phys. B, 40, 3221 (2007) [http://adsabs.harvard.edu/abs/2007JPhB...40.3221W]
 The Case A and Case B recombination predictions for one-electron systems are from
	Storey, P.J. & Hummer, D.G., 1995, MNRAS 272, 41 http://adsabs.harvard.edu/abs/1995MNRAS.272...41S
 The He I recombination predictions are from
	Porter, R. L.; Ferland, G. J.; Storey, P. J.; Detisch, M. J., 2012, MNRAS, 425, 28p http://adsabs.harvard.edu/abs/2012MNRAS.425L..28P
		http://adsabs.harvard.edu/abs/2013MNRAS.433L..89P

 If you find some process or data set to be particularly critical to a result, please follow the trail of references back to the
 original source and cite that.  This will support and encourage atomic, molecular, and chemical physicists to continue their
 valuable work.

 IONIZE PARMET:  U(1-)-37.0000  U(4-):-37.0000  U(sp):-37.00  Q(ion):   -5.860  L(ion)-16.358    Q(low): 11.363    L(low) -1.983
 ENERGY BUDGET:  Heat:  -5.909  Coolg:  -1.635  Error:1878123.8%  Rec Lin:  -2.937  F-F  H  0.000    P(rad/tot)max     6.09E-04    R(F Con):1.737e+05

     Col(Heff):      1.006E+21  snd travl time  2.32E+12 sec  Te-low: 1.00E+04  Te-hi: 1.00E+04  G0TH85: 0.00E+00  G0DB96:0.00E+00
  Emiss Measure    n(e)n(p) dl       4.203E+17  n(e)n(He+)dl         3.633E+09  En(e)n(He++) dl         0.000E+00  ne nC+:4.49E+14
 He/Ha:2.68E-08  =   0.00*true  Lthin:4.35E+06  itr/zn: 1.55  H2 itr/zn:  0.00  File Opacity: F  MassTot 2.85e-03  (gm/cm^2)
   Temps(21 cm)   T(21cm/Ly a)  5.00E+03        T(<nH/Tkin>)  1.00E+04          T(<nH/Tspin>)    5.36E+03          TB21cm:2.91E+01
                   N(H0/Tspin)  2.24E+17        N(OH/Tkin)    1.25E+08          B(21cm)          0.00E+00
   <a>:8.78E-12  erdeFe0.0E+00  Tcompt0.00E+00  Tthr1.26E+11  <Tden>: 1.00E+04  <dens>:1.53E-21  <MolWgt>1.29E+00
     Mean Jeans  l(cm)1.40E+20  M(sun)1.12E+06  smallest:     len(cm):1.40E+20  M(sun):1.12E+06  a_ox tran:  0.00
 Rion:1.000E+30  Dist:0.00E+00  Diam:0.000E+00
 Hatom level 70  HatomType: add  HInducImp  F  He tot level: 63  He2 level:   70  ExecTime    28.3
 ConvrgError(%)  <eden>  0.191  MaxEden  0.903  <H-C> 100.00  Max(H-C)  100.00  <Press>   0.000  MaxPrs er  0.000
  Continuity(%)  chng Te   0.0  elec den   0.9  n(H2)    0.0  n(CO)        5.2

                                                        Averaged Quantities
             Te      Te(Ne)   Te(NeNp)  Te(NeHe+)Te(NeHe2+) Te(NeO+)  Te(NeO2+)  Te(H2)     N(H)     Ne(O2+)   Ne(Np)
 Radius:  1.00e+04  1.00e+04  1.00e+04  1.00e+04  0.00e+00  1.00e+04  1.00e+04  1.00e+04  6.46e+02  5.17e-01  5.14e-01
 
 Peimbert T(OIIIr)0.00E+00 T(Bac)0.00E+00 T(Hth)7.18E+03 t2(Hstrc) 3.31e-32 T(O3-BAC)5.70E+03 t2(O3-BC)-1.54e-01 t2(O3str) 3.31e-32

 Contin Optical Depths: COMP: 6.31e-07    H-: 4.05e-04 R(1300): 8.06e-03  H2+: 1.80e-06  Bra:6.31E-07
                          Pa: 6.37e-07    Ba: 3.69e-04      Hb: 2.87e-04   La: 1.99e+01     1r:7.630E+03  1.8:2.38E+03 4.:3.598E+02

 Old, new H  1 continuum optical depths:
     1 1.00e+08     2 0.00e+00     3 0.00e+00     4 0.00e+00     5 0.00e+00     6 0.00e+00     7 0.00e+00     8 0.00e+00
     9 0.00e+00    10 0.00e+00    11 0.00e+00    12 0.00e+00    13 0.00e+00    14 0.00e+00    15 0.00e+00    16 0.00e+00
    17 0.00e+00    18 0.00e+00    19 0.00e+00    20 0.00e+00    21 0.00e+00    22 0.00e+00    23 0.00e+00    24 0.00e+00
    25 0.00e+00    26 0.00e+00    27 0.00e+00    28 0.00e+00    29 0.00e+00    30 0.00e+00    31 0.00e+00    32 0.00e+00
    33 0.00e+00    34 0.00e+00    35 0.00e+00    36 0.00e+00    37 0.00e+00    38 0.00e+00    39 0.00e+00    40 0.00e+00
    41 0.00e+00    42 0.00e+00    43 0.00e+00    44 0.00e+00    45 0.00e+00    46 0.00e+00    47 0.00e+00    48 0.00e+00
    49 0.00e+00    50 0.00e+00    51 0.00e+00    52 0.00e+00    53 0.00e+00    54 0.00e+00
     1 7.63e+03     2 2.07e-04     3 4.07e-04     4 4.07e-04     5 4.07e-04     6 1.05e-04     7 1.05e-04     8 1.05e-04
     9 1.05e-04    10 2.03e-17    11 2.03e-17    12 2.03e-17    13 2.03e-17    14 2.03e-17    15 2.93e-17    16 2.93e-17
    17 2.93e-17    18 2.93e-17    19 2.93e-17    20 2.93e-17    21 5.10e-17    22 5.10e-17    23 5.10e-17    24 5.10e-17
    25 5.10e-17    26 5.10e-17    27 5.10e-17    28 8.23e-17    29 8.23e-17    30 8.23e-17    31 8.23e-17    32 8.23e-17
    33 8.23e-17    34 8.23e-17    35 8.23e-17    36 1.26e-16    37 1.26e-16    38 1.26e-16    39 1.26e-16    40 1.26e-16
    41 1.26e-16    42 1.26e-16    43 1.26e-16    44 1.26e-16    45 1.84e-16    46 1.84e-16    47 1.84e-16    48 1.84e-16
    49 1.84e-16    50 1.84e-16    51 1.84e-16    52 1.84e-16    53 1.84e-16    54 1.84e-16

 Old, new H  1 mean line optical depths:
  2- 1 1.47e+08  3- 2 0.00e+00  4- 3 0.00e+00  5- 4 0.00e+00  6- 5 0.00e+00  7- 6 0.00e+00  8- 7 0.00e+00
  9- 8 0.00e+00 10- 9 0.00e+00 11-10 0.00e+00 12-11 0.00e+00 13-12 0.00e+00 14-13 0.00e+00 15-14 0.00e+00 16-15 0.00e+00
 17-16 0.00e+00 18-17 0.00e+00 19-18 0.00e+00 20-19 0.00e+00 21-20 0.00e+00 22-21 0.00e+00 23-22 0.00e+00 24-23 0.00e+00
 25-24 0.00e+00
  2- 1 1.26e+08  3- 2 9.93e-06  4- 3 9.82e-13  5- 4 5.21e-13  6- 5 1.25e-12  7- 6-3.57e-14  8- 7 4.25e-14
  9- 8 3.91e-13 10- 9 1.33e-12 11-10 5.75e-12 12-11 3.05e-14 13-12-6.82e-14 14-13-2.80e-13 15-14-6.87e-13 16-15-1.42e-12
 17-16-2.69e-12 18-17-4.80e-12 19-18-8.22e-12 20-19-1.37e-11 21-20-2.24e-11 22-21-3.70e-11 23-22-6.51e-11 24-23-1.46e-10
 25-24-4.00e-09

 Old, new He 2 continuum optical depths:
     1 3.43e+06     2 9.96e+07     3 0.00e+00     4 0.00e+00     5 0.00e+00     6 0.00e+00     7 0.00e+00     8 0.00e+00
     9 0.00e+00    10 0.00e+00    11 0.00e+00    12 0.00e+00    13 0.00e+00    14 0.00e+00    15 0.00e+00    16 0.00e+00
    17 0.00e+00    18 0.00e+00    19 0.00e+00    20 0.00e+00    21 0.00e+00    22 0.00e+00    23 0.00e+00    24 0.00e+00
    25 0.00e+00    26 0.00e+00    27 0.00e+00    28 0.00e+00    29 0.00e+00    30 0.00e+00    31 0.00e+00    32 0.00e+00
    33 0.00e+00    34 0.00e+00    35 0.00e+00    36 0.00e+00    37 0.00e+00    38 0.00e+00    39 0.00e+00    40 0.00e+00
    41 0.00e+00    42 0.00e+00    43 0.00e+00    44 0.00e+00    45 0.00e+00    46 0.00e+00    47 0.00e+00    48 0.00e+00
    49 0.00e+00    50 0.00e+00    51 0.00e+00    52 0.00e+00    53 0.00e+00    54 0.00e+00
     1 3.60e+02     2 7.59e+03     3 1.79e-04     4 1.79e-04     5 1.79e-04     6 2.07e-04     7 2.07e-04     8 2.07e-04
     9 2.07e-04    10 3.29e-04    11 3.29e-04    12 3.29e-04    13 3.29e-04    14 3.29e-04    15 4.07e-04    16 4.07e-04
    17 4.07e-04    18 4.07e-04    19 4.07e-04    20 4.07e-04    21 3.43e-04    22 3.43e-04    23 3.43e-04    24 3.43e-04
    25 3.43e-04    26 3.43e-04    27 3.43e-04    28 1.05e-04    29 1.05e-04    30 1.05e-04    31 1.05e-04    32 1.05e-04
    33 1.05e-04    34 1.05e-04    35 1.05e-04    36 1.32e-17    37 1.32e-17    38 1.32e-17    39 1.32e-17    40 1.32e-17
    41 1.32e-17    42 1.32e-17    43 1.32e-17    44 1.32e-17    45 2.03e-17    46 2.03e-17    47 2.03e-17    48 2.03e-17
    49 2.03e-17    50 2.03e-17    51 2.03e-17    52 2.03e-17    53 2.03e-17    54 2.03e-17

 Old, new He 2 mean line optical depths:
  2- 1 1.47e+07  3- 2 0.00e+00  4- 3 0.00e+00  5- 4 0.00e+00  6- 5 0.00e+00  7- 6 0.00e+00  8- 7 0.00e+00
  9- 8 0.00e+00 10- 9 0.00e+00 11-10 0.00e+00 12-11 0.00e+00 13-12 0.00e+00 14-13 0.00e+00 15-14 0.00e+00 16-15 0.00e+00
 17-16 0.00e+00 18-17 0.00e+00 19-18 0.00e+00 20-19 0.00e+00 21-20 0.00e+00 22-21 0.00e+00 23-22 0.00e+00 24-23 0.00e+00
 25-24 0.00e+00
  2- 1 0.00e+00  3- 2 0.00e+00  4- 3 0.00e+00  5- 4 0.00e+00  6- 5 0.00e+00  7- 6 0.00e+00  8- 7 0.00e+00
  9- 8 0.00e+00 10- 9 0.00e+00 11-10 0.00e+00 12-11 0.00e+00 13-12 0.00e+00 14-13 0.00e+00 15-14 0.00e+00 16-15 0.00e+00
 17-16 0.00e+00 18-17 0.00e+00 19-18 0.00e+00 20-19 0.00e+00 21-20 0.00e+00 22-21 0.00e+00 23-22 0.00e+00 24-23 0.00e+00
 25-24 0.00e+00

 Old He Is optical depths:    1 2.36e+07    2 0.00e+00    3 0.00e+00    4 0.00e+00    5 0.00e+00
 New He Is optical depths:    1 2.38e+03    2 1.35e-04    3 1.72e-04    4 1.92e-04    5 1.92e-04
          Old He Is Lines:  584 0.00e+00 3889 0.00e+00 5016 0.00e+00 5876 0.00e+00
          New He Is Lines:  584 7.98e+06 3889 3.67e-08 5016 6.26e-14 5876 2.93e-19
IC443 grid point v shock=69 km/s  


          Start Iteration Number 2                                            IC443 grid point v shock=69 km/s  


 ####  1  Te:1.000E+04 Hden:6.464E+02 Ne:3.586E-01 R:1.000E+30 R-R0:1.829E+11 dR:3.658E+11 NTR:  1 Htot:1.908E-25 T912: 1.50e-03###
 Hydrogen      1.00e+00 4.65e-04 H+o/Hden 1.00e+00 5.75e-09 H-    H2 3.09e-06 1.38e-10 H2+ HeH+ 2.11e-11 Ho+ ColD 2.36e+14 1.10e+11
 Helium        1.00e+00 2.68e-12 0.00e+00 HeI 2s3S 2.22e-15 Comp H,C 0.00e+00 0.00e+00 Fill Fac 1.00e+00 Gam1/tot 1.00e-07
 He singlet n  1.00e+00 1.13e-21 1.35e-29 5.17e-29 1.45e-30 6.52e-30 He tripl 2.22e-15 1.33e-27 8.56e-29 8.26e-29 3.70e-30
 Pressure      NgasTgas 7.12e+06 P(total) 9.83e-10 P( gas ) 9.83e-10 P(Radtn) 0.00e+00 Rad accl 0.00e+00 ForceMul 0.00e+00
 Texc(La)      2.33e+03 T(I con) 0.00e+00 T(D con) 5.39e-02 T(U tot) 5.39e-02 nT (c+d) 1.30e+04 Prad/Gas 0.00e+00 Pmag/Gas 0.00e+00
 Molecules     CH/Ctot: 2.18e-06 CH+/Ctot 1.89e-08 CO/Ctot: 4.41e-01 CO+/Ctot 2.18e-08 H2O/Otot 3.33e-12 OH/Ototl 1.43e-06
 Lithium       8.43e-03 9.92e-01 0.00e+00 0.00e+00 Berylliu 9.52e-01 4.82e-02 1.57e-08 0.00e+00 0.00e+00 sec ion: 0.00e+00
 Boron         5.12e-01 4.88e-01 2.66e-14 0.00e+00 0.00e+00 0.00e+00
 Carbon        5.55e-01 4.50e-03 1.27e-14 0.00e+00 0.00e+00 0.00e+00 0.00e+00 H2O+/O   2.85e-10 OH+/Otot 3.18e-06 Hex(tot) 0.00e+00
 Nitrogen      9.79e-01 5.31e-04 9.63e-20 0.00e+00 0.00e+00 0.00e+00 0.00e+00 0.00e+00 O2/Ototl 6.90e-11 O2+/Otot 9.25e-08
 Oxygen        7.79e-01 2.92e-04 3.12e-24 0.00e+00 0.00e+00 0.00e+00 0.00e+00 0.00e+00 0.00e+00
 Fluorine      8.23e-01 7.76e-06 2.46e-21 0.00e+00 0.00e+00 0.00e+00 0.00e+00 0.00e+00 0.00e+00 0.00e+00
 Neon          1.00e+00 3.14e-07 0.00e+00 0.00e+00 0.00e+00 0.00e+00 0.00e+00 0.00e+00 0.00e+00 0.00e+00 0.00e+00
 Sodium        1.92e-03 9.98e-01 5.04e-22 0.00e+00 0.00e+00 0.00e+00 0.00e+00 0.00e+00 0.00e+00 0.00e+00 0.00e+00 0.00e+00
 Magnesium     6.13e-02 9.39e-01 7.26e-05 0.00e+00 0.00e+00 0.00e+00 0.00e+00 0.00e+00 0.00e+00 0.00e+00 0.00e+00 0.00e+00 0.00e+00
 Aluminium  0  9.56e-04 9.99e-01 1.78e-07 0.00e+00 0.00e+00 0.00e+00 0.00e+00 0.00e+00 0.00e+00 0.00e+00 0.00e+00 0.00e+00 0.00e+00
 Silicon    0  1.17e-01 4.12e-01 3.09e-06 0.00e+00 0.00e+00 0.00e+00 0.00e+00 0.00e+00 0.00e+00 0.00e+00 0.00e+00 0.00e+00 0.00e+00
 Phosphorus 0  1.37e-03 9.99e-01 8.16e-10 0.00e+00 0.00e+00 0.00e+00 0.00e+00 0.00e+00 0.00e+00 0.00e+00 0.00e+00 0.00e+00 0.00e+00
 Sulphur    0  9.89e-02 1.21e-02 2.03e-12 0.00e+00 0.00e+00 0.00e+00 0.00e+00 0.00e+00 0.00e+00 0.00e+00 0.00e+00 0.00e+00 0.00e+00
 Chlorine   0  8.70e-03 9.91e-01 1.38e-09 0.00e+00 0.00e+00 0.00e+00 0.00e+00 0.00e+00 0.00e+00 0.00e+00 0.00e+00 0.00e+00 0.00e+00
 Argon      0  1.00e+00 3.69e-05 8.41e-17 0.00e+00 0.00e+00 0.00e+00 0.00e+00 0.00e+00 0.00e+00 0.00e+00 0.00e+00 0.00e+00 0.00e+00
 Potassium  0  4.65e-04 1.00e+00 1.19e-13 0.00e+00 0.00e+00 0.00e+00 0.00e+00 0.00e+00 0.00e+00 0.00e+00 0.00e+00 0.00e+00 0.00e+00
 Calcium    0  9.10e-03 9.82e-01 9.28e-03 0.00e+00 0.00e+00 0.00e+00 0.00e+00 0.00e+00 0.00e+00 0.00e+00 0.00e+00 0.00e+00 0.00e+00
 Scandium   0  4.77e-03 9.89e-01 6.58e-03 0.00e+00 0.00e+00 0.00e+00 0.00e+00 0.00e+00 0.00e+00 0.00e+00 0.00e+00 0.00e+00 0.00e+00
 Titanium   0  3.42e-04 9.99e-01 5.42e-04 0.00e+00 0.00e+00 0.00e+00 0.00e+00 0.00e+00 0.00e+00 0.00e+00 0.00e+00 0.00e+00 0.00e+00
 Vanadium   0  1.24e-02 9.88e-01 4.01e-05 0.00e+00 0.00e+00 0.00e+00 0.00e+00 0.00e+00 0.00e+00 0.00e+00 0.00e+00 0.00e+00 0.00e+00
 Chromium   0  2.01e-02 9.80e-01 1.33e-04 0.00e+00 0.00e+00 0.00e+00 0.00e+00 0.00e+00 0.00e+00 0.00e+00 0.00e+00 0.00e+00 0.00e+00
 Manganese  0  3.59e-04 1.00e+00 7.47e-05 0.00e+00 0.00e+00 0.00e+00 0.00e+00 0.00e+00 0.00e+00 0.00e+00 0.00e+00 0.00e+00 0.00e+00
 Iron       0  3.23e-04 1.00e+00 3.84e-05 0.00e+00 0.00e+00 0.00e+00 0.00e+00 0.00e+00 0.00e+00 0.00e+00 0.00e+00 0.00e+00 0.00e+00
 Cobalt     0  1.06e-01 8.94e-01 3.03e-07 0.00e+00 0.00e+00 0.00e+00 0.00e+00 0.00e+00 0.00e+00 0.00e+00 0.00e+00 0.00e+00 0.00e+00
 Nickel     0  4.53e-04 1.00e+00 1.23e-12 0.00e+00 0.00e+00 0.00e+00 0.00e+00 0.00e+00 0.00e+00 0.00e+00 0.00e+00 0.00e+00 0.00e+00
 Copper     0  2.19e-01 7.81e-01 1.75e-11 0.00e+00 0.00e+00 0.00e+00 0.00e+00 0.00e+00 0.00e+00 0.00e+00 0.00e+00 0.00e+00 0.00e+00
 Zinc       0  6.11e-01 3.89e-01 8.83e-08 0.00e+00 0.00e+00 0.00e+00 0.00e+00 0.00e+00 0.00e+00 0.00e+00 0.00e+00 0.00e+00 0.00e+00
 ####264  Te:1.000E+04 Hden:6.464E+02 Ne:5.598E-01 R:1.000E+30 R-R0:1.859E+18 dR:2.820E+15 NTR:  2 Htot:6.546E-25 T912: 7.63e+03###
 Hydrogen      9.99e-01 7.54e-04 H+o/Hden 1.00e+00 9.60e-09 H-    H2 3.67e-06 2.41e-10 H2+ HeH+ 3.65e-11 Ho+ ColD 1.20e+21 8.10e+17
 Helium        1.00e+00 6.50e-11 0.00e+00 HeI 2s3S 3.17e-15 Comp H,C 7.22e-33 2.60e-32 Fill Fac 1.00e+00 Gam1/tot 5.45e-05
 He singlet n  1.00e+00 1.80e-21 4.55e-27 7.57e-29 4.35e-29 9.42e-30 He tripl 3.17e-15 1.91e-27 1.22e-28 1.18e-28 5.38e-30
 Pressure      NgasTgas 7.12e+06 P(total) 9.83e-10 P( gas ) 9.83e-10 P(Radtn) 3.42e-15 Rad accl 2.34e-11 ForceMul 2.79e+05
 Texc(La)      3.08e+03 T(I con) 0.00e+00 T(D con) 2.60e+00 T(U tot) 2.60e+00 nT (c+d) 6.28e+05 Prad/Gas 3.47e-06 Pmag/Gas 0.00e+00
 Molecules     CH/Ctot: 4.63e-06 CH+/Ctot 2.69e-08 CO/Ctot: 2.36e-05 CO+/Ctot 1.52e-11 H2O/Otot 5.53e-12 OH/Ototl 2.19e-06
 Lithium       1.29e-03 9.99e-01 0.00e+00 0.00e+00 Berylliu 8.25e-02 9.17e-01 4.09e-07 0.00e+00 0.00e+00 sec ion: 0.00e+00
 Boron         5.83e-04 9.99e-01 7.79e-14 0.00e+00 0.00e+00 0.00e+00
 Carbon        9.97e-01 2.78e-03 1.17e-14 0.00e+00 0.00e+00 0.00e+00 0.00e+00 H2O+/O   1.89e-10 OH+/Otot 2.77e-06 Hex(tot) 0.00e+00
 Nitrogen      9.98e-01 9.44e-04 4.11e-18 0.00e+00 0.00e+00 0.00e+00 0.00e+00 0.00e+00 O2/Ototl 8.17e-11 O2+/Otot 6.61e-08
 Oxygen        9.99e-01 6.08e-04 9.26e-24 0.00e+00 0.00e+00 0.00e+00 0.00e+00 0.00e+00 0.00e+00
 Fluorine      9.89e-01 1.03e-05 4.22e-21 0.00e+00 0.00e+00 0.00e+00 0.00e+00 0.00e+00 0.00e+00 0.00e+00
 Neon          1.00e+00 2.75e-07 0.00e+00 0.00e+00 0.00e+00 0.00e+00 0.00e+00 0.00e+00 0.00e+00 0.00e+00 0.00e+00
 Sodium        2.07e-03 9.98e-01 6.93e-22 0.00e+00 0.00e+00 0.00e+00 0.00e+00 0.00e+00 0.00e+00 0.00e+00 0.00e+00 0.00e+00
 Magnesium     3.32e-02 9.67e-01 1.20e-04 0.00e+00 0.00e+00 0.00e+00 0.00e+00 0.00e+00 0.00e+00 0.00e+00 0.00e+00 0.00e+00 0.00e+00
 Aluminium  0  3.01e-04 1.00e+00 2.17e-07 0.00e+00 0.00e+00 0.00e+00 0.00e+00 0.00e+00 0.00e+00 0.00e+00 0.00e+00 0.00e+00 0.00e+00
 Silicon    0  3.18e-04 1.00e+00 1.22e-05 0.00e+00 0.00e+00 0.00e+00 0.00e+00 0.00e+00 0.00e+00 0.00e+00 0.00e+00 0.00e+00 0.00e+00
 Phosphorus 0  1.35e-03 9.99e-01 1.17e-09 0.00e+00 0.00e+00 0.00e+00 0.00e+00 0.00e+00 0.00e+00 0.00e+00 0.00e+00 0.00e+00 0.00e+00
 Sulphur    0  8.03e-01 1.97e-01 4.90e-10 0.00e+00 0.00e+00 0.00e+00 0.00e+00 0.00e+00 0.00e+00 0.00e+00 0.00e+00 0.00e+00 0.00e+00
 Chlorine   0  6.91e-03 9.93e-01 1.74e-09 0.00e+00 0.00e+00 0.00e+00 0.00e+00 0.00e+00 0.00e+00 0.00e+00 0.00e+00 0.00e+00 0.00e+00
 Argon      0  1.00e+00 7.17e-05 3.94e-15 0.00e+00 0.00e+00 0.00e+00 0.00e+00 0.00e+00 0.00e+00 0.00e+00 0.00e+00 0.00e+00 0.00e+00
 Potassium  0  4.76e-04 1.00e+00 1.58e-13 0.00e+00 0.00e+00 0.00e+00 0.00e+00 0.00e+00 0.00e+00 0.00e+00 0.00e+00 0.00e+00 0.00e+00
 Calcium    0  1.13e-03 9.90e-01 8.65e-03 0.00e+00 0.00e+00 0.00e+00 0.00e+00 0.00e+00 0.00e+00 0.00e+00 0.00e+00 0.00e+00 0.00e+00
 Scandium   0  9.76e-04 9.93e-01 6.13e-03 0.00e+00 0.00e+00 0.00e+00 0.00e+00 0.00e+00 0.00e+00 0.00e+00 0.00e+00 0.00e+00 0.00e+00
 Titanium   0  3.27e-04 9.99e-01 4.98e-04 0.00e+00 0.00e+00 0.00e+00 0.00e+00 0.00e+00 0.00e+00 0.00e+00 0.00e+00 0.00e+00 0.00e+00
 Vanadium   0  9.45e-03 9.91e-01 5.09e-05 0.00e+00 0.00e+00 0.00e+00 0.00e+00 0.00e+00 0.00e+00 0.00e+00 0.00e+00 0.00e+00 0.00e+00
 Chromium   0  1.04e-03 9.99e-01 2.20e-04 0.00e+00 0.00e+00 0.00e+00 0.00e+00 0.00e+00 0.00e+00 0.00e+00 0.00e+00 0.00e+00 0.00e+00
 Manganese  0  3.46e-04 1.00e+00 1.21e-04 0.00e+00 0.00e+00 0.00e+00 0.00e+00 0.00e+00 0.00e+00 0.00e+00 0.00e+00 0.00e+00 0.00e+00
 Iron       0  2.89e-04 1.00e+00 6.23e-05 0.00e+00 0.00e+00 0.00e+00 0.00e+00 0.00e+00 0.00e+00 0.00e+00 0.00e+00 0.00e+00 0.00e+00
 Cobalt     0  7.82e-03 9.92e-01 5.46e-07 0.00e+00 0.00e+00 0.00e+00 0.00e+00 0.00e+00 0.00e+00 0.00e+00 0.00e+00 0.00e+00 0.00e+00
 Nickel     0  4.12e-04 1.00e+00 1.77e-12 0.00e+00 0.00e+00 0.00e+00 0.00e+00 0.00e+00 0.00e+00 0.00e+00 0.00e+00 0.00e+00 0.00e+00
 Copper     0  1.74e-02 9.83e-01 3.18e-11 0.00e+00 0.00e+00 0.00e+00 0.00e+00 0.00e+00 0.00e+00 0.00e+00 0.00e+00 0.00e+00 0.00e+00
 Zinc       0  2.44e-02 9.76e-01 3.00e-07 0.00e+00 0.00e+00 0.00e+00 0.00e+00 0.00e+00 0.00e+00 0.00e+00 0.00e+00 0.00e+00 0.00e+00
   IC443 grid point v shock=69 km/s  
   Calculation stopped because H column dens reached. Iteration 2 of 2
   The geometry is plane-parallel.
  !Ionization rate fell below background cosmic ray ionization rate.  Should this be added too?
  !   Use the COSMIC RAY BACKGROUND command.
  !Compton cooling rate underflows to zero.  Is this important?
  !Some input lines contained underscores, these were changed to spaces.
  !There is no hydrogen-ionizing radiation.  Was this intended?
  !Thermal collisional ionization of H reached 83.60% of the local ionization rate.
  !Charge transfer H => H+ reached 87680.1% of the local H ionization rate.
  !Charge transfer heating reached 98.65% of the local heating.
  !Continuum zero at some energies.
  !AGE: Cloud age was not set.  Longest timescale was 1.16e+13 s = 3.67e+05 years.
  !Heating - cooling mismatch =200.0%. Caused by constant temperature assumption. 
  !Mutual neutralization production of H-alpha was significant.
  !Incident radiation field energy density is less than 2.7K.  Add background with CMB command.
  !The CMB was not included.  This is added with the CMB command.
  !The intensity of the incident radiation field is less than 10 times the Habing diffuse ISM field.  Is this OK?
  !   Consider adding diffuse ISM emission with TABLE ISM command.
  !An ionization jump occurred elem S  1, by 170% from 9.89e-02 (zone 1) to 4.29e-01 (zone 2) to 7.29e-01 (zone 3)
   The density is too low to l-mix the lowest H  I collapsed level.  More resolved levels are needed for accurate line ratios.
   The density is too low to l-mix the lowest He I collapsed level.  More resolved levels are needed for accurate line ratios.
   Grains were not present but might survive in this environment (energy density temperature was 0.00e+00K)
   The local H2 cooling rate reached 2.2% of the local cooling.
   H- absorption heating was 56.1% of the total.
   The fraction of F in HF reached 1.11% at some point in the cloud.

                       *********************************> Cloudy 23.01 <**********************************
                       * title IC443 grid point v shock=69 km/s                                          *
                       * hden 2.8105                                                                     *
                       * constant temperature, t=10000 K linear                                          *
                       * stop column density 21.08                                                       *
                       * iterate                                                                         *
                       * save results last "v69.rlt"                                                     *
                       *********************************> Log(U):-37.00 <*********************************

                     Emission Line Spectrum.   Constant  Density Model.    Open geometry.  Iteration 2 of 2.
                                                     Intensity (erg/s/cm^2).


                                                   Intrinsic line intensities
general properties.............................      Co 2                1.49674m   -8.262    0.0014      Fe 2                1.01273m   -8.074    0.0022
TotH                      0    -5.959    0.2805      Co 2                1.62622m   -8.250    0.0014      Fe 2                6353.11A   -8.197    0.0016
TotC                      0    -1.636 5900.7202      Co 2                1.73616m   -7.956    0.0028      Fe 2                1.80228m   -8.297    0.0013
TotM                      0    -6.704    0.0505      Co 2                1.02803m   -7.996    0.0026      Fe 2                1.00387m   -8.227    0.0015
CT H                      0    -6.552    0.0717      Co 2                8580.39A   -8.051    0.0023      Fe 2                9469.41A   -8.111    0.0020
H  1c                     0    -2.501  805.0199      Co 2                9342.40A   -6.747    0.0457      Fe 2                9384.77A   -7.602    0.0064
NOc                       0    -8.162    0.0018      Co 2                9943.48A   -7.094    0.0206      Fe 2                2.39329m   -7.652    0.0057
CNc                       0    -7.142    0.0184      Co 2                7539.01A   -7.415    0.0098      Fe 2                4825.73A   -7.060    0.0223
OHc                       0    -7.829    0.0038      Co 2                8121.00A   -7.127    0.0190      Fe 2                2.50030m   -7.989    0.0026
HFc                       0    -7.905    0.0032      Co 2                8571.41A   -7.735    0.0047      Fe 2                4867.73A   -8.101    0.0020
COc                       0    -4.786    4.1811      Co 2                6.21176m   -8.376    0.0011      Fe 2                2.59860m   -8.372    0.0011
^13COc                    0    -6.307    0.1259      Co 2                8027.34A   -7.594    0.0065      Fe 2                4903.85A   -7.553    0.0072
OH+c                      0    -7.782    0.0042      Co 2                8467.14A   -8.007    0.0025      Fe 2                1.04657m   -8.405    0.0010
CHc                       0    -8.000    0.0026      Co 2                8333.76A   -7.775    0.0043      Fe 2                3.58120m   -7.996    0.0026
CHc                       0    -7.590    0.0066      Cr 2                8000.08A   -5.589    0.6577      Fe 2                3.15558m   -8.027    0.0024
Al 1c                     0    -8.306    0.0013      Cr 2                8125.30A   -5.663    0.5548      Fe 2                5171.63A   -7.361    0.0111
C  1c                     0    -2.943  291.2027      Cr 2                8229.67A   -5.757    0.4466      Fe 2                5169.03A   -6.595    0.0650
C  2c                     0    -5.068    2.1832      Cr 2                8308.49A   -5.945    0.2902      Fe 2                5018.44A   -8.307    0.0013
Ca 1c                     0    -6.574    0.0680      Cr 2                8357.64A   -6.242    0.1462      Fe 2                6044.54A   -7.805    0.0040
Cl 1c                     0    -6.890    0.0329      Fe 1                24.0358m   -6.029    0.2387      Fe 2                5316.61A   -8.278    0.0013
Co 2c                     0    -5.513    0.7845      Fe 1                34.7038m   -6.617    0.0617      Fe 3                22.9190m   -8.321    0.0012
Cr 2c                     0    -5.086    2.0956      Fe 2                25.9813m   -3.956   28.2724      Fe 3                4985.87A   -8.185    0.0017
Fe 1c                     0    -5.929    0.3004      Fe 2                5.33871m   -3.433   94.1771      K  1                7664.90A   -8.079    0.0021
Fe 2c                     0    -2.782  421.4008      Fe 2                4.11387m   -5.796    0.4088      K  1                7698.96A   -8.377    0.0011
Fe 3c                     0    -7.604    0.0064      Fe 2                1.25668m   -4.705    5.0391      Mg 1                2025.82A   -7.762    0.0044
K  1c                     0    -7.904    0.0032      Fe 2                1.19129m   -7.489    0.0083      Mg 1                2852.13A   -4.959    2.8055
Mg 1c                     0    -4.445    9.1736      Fe 2                6309.53A   -8.334    0.0012      Mg 1                3832.30A   -8.031    0.0024
Mn 2c                     0    -5.660    0.5585      Fe 2                4799.30A   -8.233    0.0015      Mg 1                3838.29A   -7.614    0.0062
N  1c                     0    -3.693   51.7597      Fe 2                4704.22A   -7.458    0.0089      Mg 1                4562.60A   -4.766    4.3815
Na 1c                     0    -6.554    0.0713      Fe 2                4632.28A   -5.665    0.5526      Mg 1                4571.10A   -5.204    1.5967
Ni 1c                     0    -6.958    0.0282      Fe 2                4604.48A   -7.448    0.0091      Mg 1                4575.29A   -6.132    0.1885
O  1c                     0    -2.029 2387.5889      Fe 2                4416.27A   -5.646    0.5769      Mg 1                5167.32A   -7.290    0.0131
O  2c                     0    -6.151    0.1802      Fe 2                4382.74A   -6.616    0.0619      Mg 1                5172.68A   -6.816    0.0390
P  2c                     0    -4.768    4.3523      Fe 2                4287.39A   -4.684    5.2899      Mg 1                5183.60A   -6.596    0.0648
S  1c                     0    -4.639    5.8695      Fe 2                3931.44A   -8.278    0.0013      Mg 1                8806.76A   -6.873    0.0342
S  2c                     0    -3.731   47.4207      Fe 2                3874.07A   -7.909    0.0031      Mg 1                1.18282m   -7.034    0.0236
Sc 2c                     0    -6.808    0.0398      Fe 2                3175.38A   -6.495    0.0817      Mg 1                1.50250m   -7.856    0.0036
Si 1c                     0    -6.891    0.0328      Fe 2                2599.40A   -7.430    0.0095      Mg 1                1.50402m   -8.301    0.0013
Si 2c                     0    -2.267 1381.2065      Fe 2                2382.04A   -5.570    0.6877      Mg 1                1.71087m   -7.546    0.0073
Zn 2c                     0    -7.075    0.0215      Fe 2                2343.50A   -8.285    0.0013      Mn 2                2576.10A   -6.045    0.2304
Al 2c                     0    -4.604    6.3560      Fe 2                35.3391m   -4.617    6.1641      Mn 2                2593.72A   -6.138    0.1858
Ca 2c                     0    -3.336  117.7638      Fe 2                6.71944m   -4.573    6.8282      Mn 2                2605.68A   -6.278    0.1346
Cl 2c                     0    -5.159    1.7700      Fe 2                4.88781m   -5.459    0.8873      Mn 2                3438.97A   -7.643    0.0058
Mg 2c                     0    -3.101  202.1719      Fe 2                4.07521m   -6.281    0.1339      Mn 2                3460.03A   -8.196    0.0016
N  2c                     0    -6.306    0.1263      Fe 2                1.32055m   -5.201    1.6067      N  1                1134.41A   -8.329    0.0012
Ni 2c                     0    -4.143   18.3556      Fe 2                1.24854m   -6.235    0.1486      N  1                1134.98A   -8.253    0.0014
continua.......................................      Fe 2                1.20512m   -8.047    0.0023      N  1                1199.55A   -7.564    0.0070
Bac                 3646.00A   -6.014    0.2474      Fe 2                7637.52A   -5.505    0.7985      N  1                1200.22A   -7.737    0.0047
nFnu                3645.00A   -3.493   82.1268      Fe 2                7523.28A   -7.552    0.0072      N  1                1200.71A   -8.039    0.0023
nFnu                3647.00A   -3.494   81.8794      Fe 2                4889.62A   -5.529    0.7561      N  1                3466.50A   -6.038    0.2338
cout                3646.00A   -6.315    0.1237      Fe 2                4750.27A   -8.260    0.0014      N  1                3466.54A   -6.711    0.0496
cref                3646.00A   -6.315    0.1237      Fe 2                4716.37A   -6.542    0.0732      N  1                5197.90A   -4.108   19.9306
thin                3646.00A   -6.014    0.2474      Fe 2                4687.56A   -6.746    0.0459      N  1                5200.26A   -3.931   29.9043
Ba C                      0    -6.763    0.0441      Fe 2                4492.64A   -6.515    0.0779      N  1                1.03977m   -5.543    0.7316
PA C                      0    -7.180    0.0169      Fe 2                4457.95A   -5.914    0.3114      N  1                1.03982m   -6.066    0.2196
FIR                 83.0000m   -2.037 2345.3638      Fe 2                4432.45A   -6.708    0.0500      N  1                1.04072m   -5.891    0.3283
TIR                 1800.00m   -4.461    8.8407      Fe 2                4359.33A   -4.814    3.9180      N  1                1.04076m   -5.878    0.3378
NIRa                2.85000m   -2.094 2057.2258      Fe 2                3224.54A   -7.591    0.0065      Na 1                5889.95A   -6.855    0.0356
NIRb                3.00000m   -3.244  145.5686      Fe 2                3214.67A   -7.009    0.0250      Na 1                5895.92A   -6.855    0.0357
MIRa                15.0000m   -3.339  117.0070      Fe 2                2625.67A   -3.970   27.3427      Ni 1                7.50454m   -6.958    0.0282
MIRb                22.5000m   -2.224 1526.0636      Fe 2                2611.87A   -4.727    4.7847      O  1                1304.86A   -6.698    0.0512
NMIR                21.7500m   -2.094 2057.2258      Fe 2                2598.37A   -5.959    0.2804      O  1                1306.03A   -7.007    0.0251
TFIR                611.250m   -3.011  249.0335      Fe 2                2395.63A   -4.980    2.6715      O  1                1355.60A   -6.734    0.0471
TALL                10000.0A   -1.639 5857.5405      Fe 2                2388.63A   -6.049    0.2281      O  1                1358.51A   -7.108    0.0199
F12                 12.0000m   -5.245    1.4533      Fe 2                2383.06A   -7.894    0.0033      O  1                2972.29A   -6.192    0.1642
F25                 25.0000m   -3.855   35.6543      Fe 2                2364.83A   -5.368    1.0934      O  1                5577.34A   -5.242    1.4623
F60                 60.0000m   -2.084 2104.0293      Fe 2                2332.80A   -6.480    0.0845      O  1                6300.30A   -3.550   72.0392
F100                100.000m   -5.376    1.0736      Fe 2                2279.91A   -7.981    0.0027      O  1                6363.78A   -4.045   23.0134
MIPS                24.0000m   -3.855   35.6491      Fe 2                51.2868m   -5.136    1.8687      O  1                6391.73A   -7.373    0.0108
MIPS                70.0000m   -2.085 2100.7495      Fe 2                5.67236m   -6.271    0.1370      O  1                44.0453m   -7.723    0.0048
MIPS                160.000m   -3.120  193.8092      Fe 2                4.60641m   -6.080    0.2124      O  1                63.1679m   -2.085 2099.9207
IRAC                3.60000m   -6.464    0.0876      Fe 2                4.08085m   -6.826    0.0381      O  1                145.495m   -3.127  190.8004
IRAC                4.50000m   -5.145    1.8273      Fe 2                1.37181m   -5.445    0.9171      O  2                2470.34A   -8.178    0.0017
IRAC                5.80000m   -3.433   94.3292      Fe 2                1.29427m   -6.020    0.2436      O  2                7319.99A   -8.371    0.0011
IRAC                8.00000m   -4.440    9.2736      Fe 2                7806.23A   -7.278    0.0135      O  2                3728.81A   -6.385    0.1052
SPR1                250.000m   -5.590    0.6559      Fe 2                7686.93A   -5.583    0.6678      O  2                3726.03A   -6.561    0.0702
SPR2                350.000m   -3.758   44.5378      Fe 2                7552.40A   -8.061    0.0022      P  2                60.6263m   -5.508    0.7930
SPR3                500.000m   -5.819    0.3873      Fe 2                4958.23A   -7.379    0.0107      P  2                1532.53A   -8.149    0.0018
PAC1                70.0000m   -2.085 2101.5701      Fe 2                4750.57A   -7.376    0.0107      P  2                32.8620m   -5.609    0.6286
PAC2                100.000m   -5.375    1.0774      Fe 2                4728.07A   -6.177    0.1699      P  2                1.14682m   -5.526    0.7606
PAC3                160.000m   -3.119  194.2565      Fe 2                4514.90A   -6.539    0.0737      P  2                4669.25A   -7.191    0.0164
PAH                 3.30000m   -7.270    0.0137      Fe 2                4488.75A   -6.259    0.1407      P  2                2195.57A   -7.470    0.0087
PAHC                3.23000m   -7.550    0.0072      Fe 2                4470.30A   -7.462    0.0088      P  2                1536.42A   -7.911    0.0031
PAHC                3.37000m   -7.543    0.0073      Fe 2                4413.78A   -4.965    2.7661      P  2                1535.92A   -7.903    0.0032
PAH                 6.20000m   -7.316    0.0123      Fe 2                3254.24A   -7.069    0.0218      P  2                1.18828m   -5.103    2.0160
PAHC                5.65000m   -6.229    0.1508      Fe 2                3244.18A   -7.363    0.0111      P  2                2210.34A   -7.017    0.0246
PAH                 7.90000m   -6.792    0.0412      Fe 2                2631.32A   -4.898    3.2290      P  2                1542.30A   -8.190    0.0016
PAHC                6.90000m   -4.442    9.2270      Fe 2                2617.62A   -6.342    0.1163      P  2                7875.99A   -6.443    0.0922
PAH                 11.3000m   -6.857    0.0355      Fe 2                2607.09A   -6.258    0.1410      S  1                1483.04A   -8.054    0.0023
PAHC                10.9000m   -6.320    0.1223      Fe 2                2404.89A   -5.951    0.2861      S  1                1820.34A   -6.737    0.0468
PAH                 11.8000m   -8.001    0.0025      Fe 2                2399.24A   -6.779    0.0424      S  1                1826.24A   -7.221    0.0154
PAHC                12.6500m   -6.069    0.2176      Fe 2                2395.42A   -7.744    0.0046      S  1                25.2421m   -4.688    5.2328
PAH                 13.3000m   -8.021    0.0024      Fe 2                2380.76A   -4.789    4.1494      S  1                56.2957m   -5.648    0.5746
PAHC                14.1000m   -5.728    0.4773      Fe 2                2348.30A   -6.513    0.0783      S  2                6730.82A   -4.154   17.9231
Bcon                3640.00A   -2.390 1041.3754      Fe 2                2327.40A   -7.098    0.0204      S  2                6716.44A   -3.993   25.9755
Pcon                5000.00A   -2.802  402.5685      Fe 2                87.3597m   -5.838    0.3710      S  2                4076.35A   -5.702    0.5075
O3bn                5007.00A   -4.667    5.4922      Fe 2                5.06097m   -6.738    0.0466      S  2                4068.60A   -5.211    1.5727
HFFc                      0    -5.552    0.7167      Fe 2                4.43363m   -6.656    0.0564      S  2                1.03364m   -5.840    0.3692
H FF                      0    -7.128    0.0190      Fe 2                1.40951m   -8.066    0.0022      S  2                1.02867m   -5.837    0.3719
MeFB                      0    -7.556    0.0071      Fe 2                1.32777m   -6.204    0.1596      S  2                1.03705m   -6.162    0.1760
MeFF                      0    -7.908    0.0032      Fe 2                1.27877m   -6.261    0.1400      S  2                1.03205m   -5.703    0.5060
ToFF                      0    -7.062    0.0222      Fe 2                1.25214m   -7.301    0.0128      S  2                1259.52A   -7.485    0.0084
Mion                      0    -6.593    0.0652      Fe 2                7926.88A   -7.539    0.0074      S  2                1253.81A   -7.561    0.0070
nFnu                122.400m   -8.078    0.0021      Fe 2                7803.89A   -7.279    0.0134      S  2                1250.58A   -7.875    0.0034
nFnu                60.8322m   -7.705    0.0050      Fe 2                7665.28A   -6.532    0.0750      Sc 2                4246.82A   -7.960    0.0028
nFnu                41.2152m   -7.491    0.0082      Fe 2                5006.63A   -6.679    0.0534      Sc 2                7043.49A   -7.732    0.0047
nFnu                30.8695m   -7.330    0.0119      Fe 2                4772.06A   -7.492    0.0082      Sc 2                8261.17A   -8.246    0.0014
nFnu                24.7829m   -7.206    0.0159      Fe 2                4639.67A   -7.176    0.0170      Sc 2                8271.28A   -8.132    0.0019
nFnu                24.2998m   -7.194    0.0163      Fe 2                4528.39A   -6.787    0.0417      Sc 2                8326.62A   -8.386    0.0010
nFnu                22.8302m   -7.160    0.0177      Fe 2                4509.61A   -7.135    0.0187      Sc 2                8347.28A   -7.951    0.0029
nFnu                21.4199m   -7.123    0.0192      Fe 2                4452.10A   -5.158    1.7761      Sc 2                8384.33A   -8.264    0.0014
nFnu                21.1235m   -7.114    0.0197      Fe 2                3277.55A   -7.293    0.0130      Sc 2                1.07804m   -8.330    0.0012
nFnu                19.6199m   -7.071    0.0217      Fe 2                3277.12A   -8.197    0.0016      Sc 2                2.03194m   -7.868    0.0035
nFnu                17.6534m   -7.010    0.0249      Fe 2                3275.02A   -7.369    0.0109      Sc 2                2.04712m   -8.215    0.0016
nFnu                17.3700m   -7.000    0.0255      Fe 2                2631.05A   -6.098    0.2039      Sc 2                2.07591m   -7.859    0.0035
nFnu                15.6901m   -6.939    0.0294      Fe 2                2620.41A   -7.942    0.0029      Sc 2                2.07842m   -7.693    0.0052
nFnu                14.6036m   -6.896    0.0324      Fe 2                2613.82A   -6.885    0.0333      Sc 2                2.08152m   -7.962    0.0028
nFnu                12.4300m   -6.795    0.0409      Fe 2                2410.52A   -6.766    0.0438      Sc 2                2.11129m   -8.136    0.0019
nFnu                11.4000m   -6.740    0.0464      Fe 2                2406.66A   -7.023    0.0242      Sc 2                2.12445m   -8.134    0.0019
nFnu                10.4600m   -6.684    0.0528      Fe 2                2404.43A   -7.796    0.0041      Si 1                2519.20A   -7.995    0.0026
nFnu                9.48002m   -6.620    0.0612      Fe 2                2359.11A   -6.815    0.0391      Si 1                2528.51A   -7.771    0.0043
nFnu                9.32488m   -6.609    0.0628      Fe 2                2338.01A   -6.896    0.0325      Si 1                68.4548m   -7.281    0.0134
nFnu                8.21035m   -6.522    0.0767      Fe 2                4.67067m   -7.280    0.0134      Si 1                129.641m   -7.352    0.0113
nFnu                7.58000m   -6.466    0.0874      Fe 2                1.29777m   -6.592    0.0654      Si 2                34.8046m   -2.271 1367.2197
nFnu                7.05026m   -6.412    0.0988      Fe 2                1.27034m   -6.464    0.0878      Si 2                2334.41A   -5.422    0.9653
nFnu                4.11370m   -5.975    0.2705      Fe 2                7999.47A   -8.286    0.0013      Si 2                2328.52A   -6.020    0.2438
nFnu                2.32440m   -5.421    0.9690      Fe 2                7874.24A   -6.633    0.0594      Si 2                1808.01A   -5.549    0.7213
nFnu                1.64313m   -5.055    2.2516      Fe 2                7733.14A   -7.179    0.0169      Si 2                1526.71A   -7.923    0.0031
nFnu                1.48022m   -4.940    2.9347      Fe 2                4798.28A   -7.042    0.0232      Si 2                1260.42A   -7.442    0.0092
nFnu                1.43649m   -4.905    3.1802      Fe 2                4664.45A   -7.690    0.0052      Si 2                2350.17A   -5.262    1.3953
nFnu                1.11867m   -4.625    6.0509      Fe 2                4533.01A   -7.682    0.0053      Si 2                2344.20A   -4.871    3.4363
nFnu                8329.68A   -4.309   12.5407      Fe 2                4474.90A   -5.470    0.8652      Si 2                2334.60A   -4.974    2.7106
nFnu                8078.61A   -4.277   13.5038      Fe 2                3289.89A   -7.678    0.0054      Si 2                1817.45A   -5.280    1.3407
nFnu                6209.66A   -4.009   25.0338      Fe 2                3289.46A   -7.458    0.0089      Si 2                1816.93A   -5.014    2.4722
nFnu                4885.36A   -3.773   43.0755      Fe 2                2628.29A   -6.589    0.0658      Si 2                1533.43A   -5.817    0.3894
nFnu                3704.34A   -3.508   79.1987      Fe 2                2621.67A   -7.460    0.0089      Si 2                1309.28A   -6.589    0.0658
nFnu                3587.67A   -3.479   84.7051      Fe 2                2413.31A   -7.287    0.0132      Si 2                1265.00A   -6.378    0.1069
nFnu                2430.05A   -3.127  190.7314      Fe 2                2411.07A   -7.291    0.0131      Si 2                1264.74A   -6.801    0.0404
nFnu                2392.03A   -3.113  197.0495      Fe 2                2344.28A   -7.010    0.0250      Si 2                1197.39A   -6.723    0.0483
nFnu                2071.34A   -2.994  258.8640      Fe 2                17.9311m   -4.421    9.6846      Si 2                1194.50A   -6.996    0.0258
nFnu                2052.68A   -2.986  263.5894      Fe 2                1.64355m   -3.527   75.8974      Si 2                3862.60A   -8.005    0.0025
nFnu                1793.44A   -2.889  329.3654      Fe 2                1.53348m   -4.652    5.6938      Si 2                3856.02A   -7.975    0.0027
nFnu                1585.12A   -2.825  382.4764      Fe 2                8616.95A   -4.915    3.1028      Si 2                6371.37A   -7.922    0.0031
nFnu                1458.33A   -2.818  388.1698      Fe 2                7155.17A   -5.043    2.3130      Si 2                6347.11A   -7.842    0.0037
nFnu                1356.96A   -2.858  353.9130      Fe 2                6896.17A   -6.496    0.0816      Zn 2                2062.00A   -7.492    0.0082
nFnu                1297.29A   -2.971  273.0242      Fe 2                5413.37A   -6.952    0.0285      Zn 2                2025.48A   -7.255    0.0142
nFnu                1262.79A   -3.150  180.9473      Fe 2                5280.27A   -7.490    0.0083      Al 2                2669.15A   -5.053    2.2617
nFnu                1218.08A   -7.321    0.0122      Fe 2                5273.36A   -5.043    2.3141      Al 2                2660.35A   -4.879    3.3743
nFnu                1196.33A   -6.809    0.0396      Fe 2                5158.79A   -4.432    9.4511      Al 2                1670.79A   -5.547    0.7254
nFnu                1175.06A   -6.757    0.0447      Fe 2                5111.64A   -5.339    1.1709      Al 2                3900.67A   -8.288    0.0013
nFnu                1143.64A   -6.879    0.0337      Fe 2                5072.41A   -5.084    2.1036      Ca 2                7323.89A   -3.820   38.6722
nFnu                1113.22A   -6.992    0.0260      Fe 2                5039.10A   -6.519    0.0774      Ca 2                7291.47A   -3.653   56.8089
nFnu                1103.23A   -7.021    0.0243      Fe 2                4814.54A   -5.388    1.0447      Ca 2                3968.47A   -6.164    0.1748
nFnu                1073.86A   -7.833    0.0038      Fe 2                4774.73A   -5.828    0.3793      Ca 2                8662.14A   -4.546    7.2605
nFnu                1064.34A   -7.875    0.0034      Fe 2                4745.49A   -6.880    0.0337      Ca 2                3933.66A   -6.131    0.1887
nFnu                1035.92A   -7.987    0.0026      Fe 2                4661.78A   -7.978    0.0027      Ca 2                8498.02A   -5.240    1.4688
nFnu                1000.00A   -8.146    0.0018      Fe 2                4243.97A   -4.758    4.4577      Ca 2                8542.09A   -4.293   12.9944
nFnu                925.144A   -8.116    0.0020      Fe 2                4177.20A   -5.848    0.3624      Ca 2                3706.02A   -6.915    0.0311
RRC............................................      Fe 2                4146.65A   -7.423    0.0096      Ca 2                3736.90A   -6.619    0.0614
H  1                3645.98A   -7.185    0.0167      Fe 2                4114.48A   -7.760    0.0044      Ca 2                3158.87A   -6.938    0.0295
H  1                3645.98A   -6.838    0.0371      Fe 2                3929.35A   -8.012    0.0025      Ca 2                3181.27A   -7.643    0.0058
H  1                8203.57A   -7.920    0.0031      Fe 2                3387.09A   -6.263    0.1392      Ca 2                3179.33A   -6.689    0.0523
H  1                8203.57A   -7.526    0.0076      Fe 2                3376.20A   -5.466    0.8737      Ca 2                1.19497m   -8.339    0.0012
H  1                8203.57A   -7.628    0.0060      Fe 2                2732.45A   -6.530    0.0753      Ca 2                1.18390m   -8.046    0.0023
H  1                1.45842m   -8.406    0.0010      Fe 2                2493.30A   -4.149   18.1335      Ca 2                1838.01A   -7.875    0.0034
H  1                1.45842m   -8.005    0.0025      Fe 2                2484.20A   -7.581    0.0067      Ca 2                1840.03A   -7.719    0.0049
H  1                1.45842m   -8.001    0.0025      Fe 2                2360.00A   -6.309    0.1253      Ca 2                2112.76A   -8.347    0.0011
H  1                1.45842m   -8.342    0.0012      Fe 2                2348.12A   -6.440    0.0927      Cl 2                14.3639m   -5.730    0.4758
H  1                2.27878m   -8.362    0.0011      Fe 2                2331.31A   -7.868    0.0035      Cl 2                33.2721m   -6.810    0.0395
H  1                2.27878m   -8.326    0.0012      Fe 2                24.5126m   -5.121    1.9335      Cl 2                8578.70A   -5.418    0.9759
Al 1                2070.66A   -8.360    0.0011      Fe 2                1.80940m   -4.128   19.0324      Cl 2                9123.60A   -6.002    0.2539
Si 1                1520.96A   -7.372    0.0109      Fe 2                1.67688m   -5.077    2.1381      Cl 2                3677.85A   -7.340    0.0117
S  1                1196.76A   -8.199    0.0016      Fe 2                1.59948m   -4.985    2.6459      Cl 2                6161.84A   -7.294    0.0130
grains.........................................      Fe 2                9051.95A   -4.757    4.4705      Mg 2                2802.71A   -3.576   67.7262
H-like iso-sequence............................      Fe 2                8891.93A   -5.181    1.6814      Mg 2                2795.53A   -3.280  134.0153
Cool                1215.67A   -2.722  484.6242      Fe 2                7452.56A   -5.535    0.7451      Mg 2                2936.52A   -6.507    0.0795
Crst                960.000A   -2.901  320.3957      Fe 2                7172.00A   -5.451    0.9036      Mg 2                2928.64A   -6.809    0.0397
CION                      0    -4.962    2.7844      Fe 2                6275.53A   -7.408    0.0100      Mg 2                2797.93A   -7.247    0.0145
Dest                1215.67A   -8.347    0.0011      Fe 2                5527.36A   -6.024    0.2416      Mg 2                2790.77A   -6.545    0.0729
Ca B                1215.67A   -5.758    0.4459      Fe 2                5440.48A   -7.783    0.0042      Mg 2                2798.00A   -6.292    0.1305
CaBo                4861.32A   -7.291    0.0131      Fe 2                5433.15A   -5.557    0.7087      Mg 2                9244.22A   -8.363    0.0011
Ca A                1215.67A   -5.949    0.2874      Fe 2                5261.63A   -4.812    3.9375      Mg 2                9218.22A   -8.068    0.0022
Ca A                1025.72A   -6.595    0.0649      Fe 2                5220.08A   -6.087    0.2089      N  2                205.283m   -7.585    0.0066
Ca A                972.537A   -7.006    0.0252      Fe 2                5184.80A   -5.983    0.2657      N  2                121.769m   -7.795    0.0041
Ca A                949.743A   -7.310    0.0125      Fe 2                5158.01A   -5.932    0.2985      N  2                6548.05A   -6.952    0.0285
Ca A                937.803A   -7.552    0.0072      Fe 2                4947.39A   -5.332    1.1889      N  2                6583.45A   -6.482    0.0841
Ca A                930.748A   -7.754    0.0045      Fe 2                4905.35A   -5.683    0.5295      N  2                5754.59A   -8.330    0.0012
Ca A                926.226A   -7.928    0.0030      Fe 2                4874.50A   -5.726    0.4798      N  2                2142.77A   -8.336    0.0012
Ca A                923.150A   -8.081    0.0021      Fe 2                4852.74A   -7.087    0.0209      Ni 2                1.19102m   -4.405   10.0576
Ca A                920.963A   -8.217    0.0015      Fe 2                4346.86A   -5.385    1.0513      Ni 2                6.63416m   -5.031    2.3758
Ca A                919.351A   -8.340    0.0012      Fe 2                4276.84A   -5.309    1.2529      Ni 2                1.07151m   -6.022    0.2428
Ca A                6562.80A   -7.018    0.0245      Fe 2                4244.82A   -6.121    0.1933      Ni 2                10.6793m   -5.659    0.5596
Ca A                4861.32A   -7.468    0.0087      Fe 2                4231.56A   -7.721    0.0049      Ni 2                1.27792m   -7.846    0.0036
Ca A                4340.46A   -7.793    0.0041      Fe 2                4211.11A   -7.694    0.0052      Ni 2                1.16130m   -6.540    0.0737
Ca A                4101.73A   -8.047    0.0023      Fe 2                3455.11A   -6.370    0.1090      Ni 2                12.7253m   -6.077    0.2140
Ca A                3970.07A   -8.256    0.0014      Fe 2                3452.31A   -6.058    0.2232      Ni 2                9882.95A   -7.289    0.0131
Ca A                1.87510m   -7.810    0.0040      Fe 2                3440.99A   -5.944    0.2902      Ni 2                1.09177m   -6.827    0.0380
Ca A                1.28181m   -8.137    0.0019      Fe 2                2774.73A   -7.769    0.0043      Ni 2                18.2355m   -6.794    0.0411
Ca A                1.09381m   -8.397    0.0010      Fe 2                2759.34A   -8.140    0.0018      Ni 2                9374.87A   -7.582    0.0067
Ca B                6562.80A   -6.836    0.0373      Fe 2                2485.07A   -7.980    0.0027      Ni 2                7377.83A   -5.187    1.6591
Ca B                4861.32A   -7.293    0.0130      Fe 2                2391.48A   -7.056    0.0225      Ni 2                8300.99A   -6.483    0.0839
Ca B                4340.46A   -7.622    0.0061      Fe 2                2379.28A   -7.687    0.0053      Ni 2                1.93877m   -5.895    0.3251
Ca B                4101.73A   -7.880    0.0034      Fe 2                2362.02A   -6.557    0.0708      Ni 2                2.36883m   -7.182    0.0168
Ca B                3970.07A   -8.091    0.0021      Fe 2                35.7675m   -5.921    0.3066      Ni 2                2.91064m   -6.851    0.0360
Ca B                3889.05A   -8.272    0.0014      Fe 2                1.95361m   -5.039    2.3358      Ni 2                6666.80A   -6.037    0.2344
Ca B                1.87510m   -7.763    0.0044      Fe 2                1.80002m   -5.093    2.0621      Ni 2                7411.61A   -5.818    0.3880
Ca B                1.28181m   -8.080    0.0021      Fe 2                1.71113m   -5.662    0.5557      Ni 2                1.76458m   -7.964    0.0028
Ca B                1.09381m   -8.336    0.0012      Fe 2                1.66377m   -5.282    1.3353      Ni 2                2.04866m   -7.541    0.0073
Ca B                4.05115m   -8.389    0.0010      Fe 2                9399.04A   -5.179    1.6914      Ni 2                2.30794m   -6.998    0.0257
H  1                2431.34A   -2.939  293.7764      Fe 2                9226.63A   -5.125    1.9151      Ni 2                6.91767m   -7.297    0.0129
H  1                1215.67A   -2.704  504.3159      Fe 2                9033.49A   -6.200    0.1610      Ni 2                4326.24A   -5.984    0.2651
H  1                6562.80A   -4.645    5.7802      Fe 2                7388.17A   -5.571    0.6854      Ni 2                4628.05A   -6.406    0.1003
H  1                4861.32A   -5.407    1.0000      Fe 2                6440.41A   -6.523    0.0765      Ni 2                6794.20A   -7.462    0.0088
H  1                4340.46A   -5.788    0.4162      Fe 2                6229.28A   -7.674    0.0054      Ni 2                7255.82A   -6.339    0.1171
H  1                4101.73A   -7.465    0.0087      Fe 2                5654.87A   -6.984    0.0265      Ni 2                7694.56A   -7.409    0.0100
H  1                3970.07A   -7.752    0.0045      Fe 2                5556.31A   -6.226    0.1518      Ni 2                8033.54A   -7.573    0.0068
H  1                3889.05A   -7.982    0.0027      Fe 2                5412.67A   -6.753    0.0451      Ni 2                1.04597m   -6.822    0.0384
H  1                3835.38A   -8.175    0.0017      Fe 2                5333.66A   -5.099    2.0327      Ni 2                1.23230m   -6.850    0.0361
H  1                3797.90A   -8.340    0.0012      Fe 2                5296.84A   -6.382    0.1059      Ni 2                4201.17A   -6.167    0.1739
H  1                3770.63A   -8.091    0.0021      Fe 2                5268.89A   -6.102    0.2018      Ni 2                4485.21A   -6.620    0.0613
H  1                3750.15A   -8.205    0.0016      Fe 2                5107.96A   -7.037    0.0234      Ni 2                7307.65A   -6.515    0.0780
H  1                3734.37A   -8.308    0.0013      Fe 2                5049.30A   -5.505    0.7976      Ni 2                7612.72A   -6.843    0.0367
H  1                3721.94A   -8.400    0.0010      Fe 2                5005.52A   -5.560    0.7041      Ni 2                1.13597m   -7.526    0.0076
H  1                1.87510m   -6.179    0.1692      Fe 2                4973.40A   -5.827    0.3803      Ni 2                4285.31A   -7.375    0.0108
H  1                1.28181m   -6.492    0.0823      Fe 2                4950.76A   -6.173    0.1716      Ni 2                6791.48A   -7.090    0.0208
H  1                1.09381m   -7.852    0.0036      Fe 2                4352.79A   -5.625    0.6055      Ni 2                7054.20A   -6.994    0.0259
H  1                1.00494m   -8.157    0.0018      Fe 2                4319.62A   -5.891    0.3282      Ni 2                9.61508m   -8.284    0.0013
H  1                9545.97A   -8.399    0.0010      Fe 2                4305.90A   -6.694    0.0517      Ni 2                4033.04A   -6.434    0.0941
H  1                4.05115m   -7.048    0.0229      Fe 2                4084.33A   -8.017    0.0025      Ni 2                4294.09A   -6.553    0.0715
H  1                2.62515m   -8.031    0.0024      Fe 2                3504.51A   -6.672    0.0543      Ni 2                6467.29A   -7.586    0.0066
H  1                2.16553m   -8.379    0.0011      Fe 2                3504.02A   -6.529    0.0755      Ni 2                6813.57A   -6.575    0.0680
H  1                7.45782m   -8.070    0.0022      Fe 2                3501.63A   -6.093    0.2061      Ni 2                7078.04A   -7.123    0.0192
He-like iso-sequence...........................      Fe 2                3489.99A   -6.773    0.0431      Ni 2                1.02090m   -7.905    0.0032
Pho+                3889.00A   -8.079    0.0021      Fe 2                2385.01A   -7.375    0.0108      Ni 2                3993.06A   -6.087    0.2088
extra Lyman....................................      Fe 2                2.06648m   -6.432    0.0944      Ni 2                4248.80A   -6.563    0.0699
database lines.................................      Fe 2                1.89541m   -5.829    0.3789      Ni 2                6007.06A   -7.677    0.0054
CN                  2640.74m   -8.133    0.0019      Fe 2                1.79711m   -5.316    1.2345      Ni 2                6365.10A   -6.561    0.0701
CN                  1321.03m   -8.204    0.0016      Fe 2                1.74494m   -5.604    0.6353      Ni 2                6700.24A   -7.955    0.0028
CN                  880.858m   -8.297    0.0013      Fe 2                9652.70A   -6.028    0.2396      Ni 2                6955.82A   -7.989    0.0026
CN                  661.044m   -8.378    0.0011      Fe 2                9470.94A   -5.516    0.7792      Ni 2                8703.87A   -7.017    0.0246
CN                  660.727m   -8.263    0.0014      Fe 2                9267.56A   -5.897    0.3238      Ni 2                9956.63A   -7.243    0.0146
CN                  528.639m   -8.382    0.0011      Fe 2                7544.00A   -8.211    0.0016      Ni 2                5.18504m   -8.022    0.0024
HF                  243.178m   -8.005    0.0025      Fe 2                6558.51A   -6.737    0.0468      Ni 2                3438.88A   -6.277    0.1351
CO                  1300.05m   -7.087    0.0209      Fe 2                5745.71A   -7.355    0.0113      Ni 2                3626.89A   -6.584    0.0665
CO                  866.727m   -6.518    0.0774      Fe 2                5643.98A   -7.198    0.0162      Ni 2                3378.16A   -6.891    0.0328
CO                  650.074m   -6.281    0.1338      Fe 2                5495.84A   -7.030    0.0238      Ni 2                3559.41A   -6.870    0.0344
CO                  520.089m   -6.171    0.1721      Fe 2                5376.47A   -5.493    0.8201      level 1 lines..................................
CO                  433.438m   -6.109    0.1985      Fe 2                5347.66A   -6.608    0.0630      recombination..................................
CO                  371.549m   -6.082    0.2112      Fe 2                5181.96A   -6.883    0.0334      level2 lines...................................
CO                  325.137m   -6.068    0.2184      Fe 2                5076.57A   -6.164    0.1752      C  1                1247.50A   -7.228    0.0151
CO                  289.041m   -6.065    0.2201      Fe 2                5043.53A   -6.034    0.2363      C  1                1314.77A   -7.146    0.0182
CO                  260.169m   -6.069    0.2177      Fe 2                5020.25A   -6.150    0.1808      C  1                1233.29A   -7.758    0.0045
CO                  236.549m   -6.081    0.2119      Fe 2                4372.43A   -6.165    0.1745      C  1                1250.68A   -7.914    0.0031
CO                  216.868m   -6.102    0.2021      Fe 2                4358.37A   -6.377    0.1073      Mg 1                1817.31A   -8.159    0.0018
CO                  200.218m   -6.125    0.1913      Fe 2                4080.00A   -8.048    0.0023      Mg 1                1739.09A   -8.375    0.0011
CO                  185.949m   -6.147    0.1820      Fe 2                3539.19A   -6.377    0.1072      Mg 1                1699.05A   -8.388    0.0010
CO                  173.584m   -6.171    0.1722      Fe 2                3538.69A   -6.671    0.0545      Mg 1                1675.74A   -8.373    0.0011
CO                  162.767m   -6.198    0.1620      Fe 2                3536.25A   -6.796    0.0408      Mg 1                1660.94A   -8.373    0.0011
CO                  153.225m   -6.226    0.1517      Fe 2                3524.38A   -8.105    0.0020      Mg 1                1650.95A   -8.395    0.0010
CO                  144.745m   -6.256    0.1416      Fe 2                22.8961m   -7.426    0.0096      Si 2                1179.59A   -7.621    0.0061
CO                  137.159m   -6.287    0.1319      Fe 2                1.81139m   -7.705    0.0050      S  1                1356.05A   -7.741    0.0046
CO                  130.333m   -6.318    0.1227      Fe 2                7764.71A   -6.911    0.0313      S  1                1392.25A   -8.168    0.0017
CO                  124.160m   -6.356    0.1126      Fe 2                7336.73A   -7.201    0.0161      S  1                1418.10A   -8.392    0.0010
CO                  118.548m   -6.395    0.1027      Fe 2                7267.25A   -8.169    0.0017      Ca 2                1360.06A   -8.393    0.0010
CO                  113.427m   -6.436    0.0936      Fe 2                6809.24A   -7.178    0.0169      Fe 1                2484.25A   -8.037    0.0023
CO                  108.733m   -6.479    0.0848      Fe 2                6729.87A   -7.460    0.0089      Fe 1                2526.51A   -8.274    0.0014
CO                  104.416m   -6.522    0.0767      Fe 2                6671.93A   -8.023    0.0024      Sc 2                2555.14A   -8.396    0.0010
CO                  100.433m   -6.567    0.0692      Fe 2                5721.37A   -8.296    0.0013      Sc 2                3627.22A   -6.731    0.0475
CO                  96.7462m   -6.614    0.0621      Fe 2                5163.96A   -7.204    0.0160      Sc 2                3575.45A   -6.852    0.0359
CO                  93.3237m   -6.663    0.0555      Fe 2                4266.35A   -7.908    0.0032      Sc 2                3368.13A   -7.414    0.0098
CO                  90.1384m   -6.713    0.0494      Fe 2                4249.08A   -8.179    0.0017      Ti 2                3364.74A   -5.157    1.7790
CO                  87.1666m   -6.765    0.0439      Fe 2                4157.92A   -8.180    0.0017      Ti 2                3237.15A   -5.397    1.0243
CO                  84.3877m   -6.819    0.0388      Fe 2                3277.35A   -6.659    0.0560      Ti 2                1904.17A   -7.267    0.0138
CO                  81.7835m   -6.874    0.0342      Fe 2                3255.89A   -7.890    0.0033      Ti 2                1907.36A   -7.009    0.0250
CO                  79.3383m   -6.931    0.0300      Fe 2                2926.59A   -7.423    0.0097      V  2                2710.94A   -7.479    0.0085
CO                  77.0375m   -6.989    0.0262      Fe 2                2880.76A   -7.254    0.0142      V  2                2684.22A   -7.246    0.0145
CO                  74.8697m   -7.049    0.0228      Fe 2                2755.74A   -5.594    0.6506      V  2                2139.33A   -7.860    0.0035
CO                  72.8231m   -7.111    0.0198      Fe 2                2739.55A   -6.236    0.1483      Cr 1                4269.56A   -8.073    0.0022
CO                  70.8878m   -7.173    0.0171      Fe 2                2716.70A   -6.488    0.0829      Cr 1                3589.90A   -7.892    0.0033
CO                  69.0557m   -7.236    0.0148      Fe 2                34.6508m   -8.297    0.0013      Cr 2                2059.78A   -5.756    0.4476
CO                  67.3181m   -7.301    0.0128      Fe 2                1.00287m   -6.898    0.0323      Mn 2                1198.85A   -8.113    0.0020
CO                  65.6684m   -7.367    0.0110      Fe 2                8245.16A   -8.397    0.0010      Co 2                2060.90A   -7.221    0.0154
CO                  64.0998m   -7.433    0.0094      Fe 2                8037.28A   -7.429    0.0095      Co 2                2018.80A   -7.256    0.0142
CO                  62.6072m   -7.499    0.0081      Fe 2                7579.61A   -7.920    0.0031      Co 2                1949.74A   -7.334    0.0118
CO                  61.1843m   -7.566    0.0069      Fe 2                7017.95A   -7.839    0.0037      Co 2                1575.91A   -7.868    0.0035
CO                  59.8271m   -7.633    0.0059      Fe 2                6933.67A   -8.204    0.0016      Co 2                1470.18A   -7.946    0.0029
CO                  58.5311m   -7.702    0.0051      Fe 2                6872.19A   -7.370    0.0109      Ni 2                1751.83A   -6.791    0.0413
CO                  57.2920m   -7.770    0.0043      Fe 2                6829.03A   -8.405    0.0010      Ni 2                1744.24A   -6.597    0.0646
CO                  56.1066m   -7.840    0.0037      Fe 2                5746.98A   -7.255    0.0142      Ni 2                1484.97A   -7.935    0.0030
CO                  54.9712m   -7.911    0.0031      Fe 2                5283.12A   -7.812    0.0039      Ni 2                1472.74A   -7.614    0.0062
CO                  53.8829m   -7.982    0.0027      Fe 2                5199.18A   -8.028    0.0024      Ni 2                1400.37A   -7.930    0.0030
CO                  52.8388m   -8.053    0.0023      Fe 2                4351.81A   -8.179    0.0017      Ni 2                1375.73A   -7.573    0.0068
CO                  51.8365m   -8.125    0.0019      Fe 2                4347.36A   -7.548    0.0072      Ni 2                1324.11A   -7.680    0.0053
CO                  50.8731m   -8.198    0.0016      Fe 2                4329.43A   -6.894    0.0326      hyperfine structure............................
CO                  49.9472m   -8.270    0.0014      Fe 2                2953.77A   -8.244    0.0015      inner shell....................................
CO                  49.0559m   -8.345    0.0012      Fe 2                2772.73A   -6.297    0.1289      molecules......................................
^13CO               906.599m   -8.054    0.0023      Fe 2                2749.32A   -6.454    0.0898      H2 l                2.00000m   -3.295  129.5206
^13CO               679.978m   -7.796    0.0041      Fe 2                9795.19A   -7.676    0.0054      H2 v                      0    -4.917    3.0900
^13CO               544.012m   -7.678    0.0054      Fe 2                8228.13A   -7.592    0.0065      H-FB                      0    -5.331    1.1926
^13CO               453.374m   -7.612    0.0062      Fe 2                7613.14A   -8.000    0.0026      H-FF                      0    -5.565    0.6946
^13CO               388.637m   -7.582    0.0067      Fe 2                7011.24A   -8.406    0.0010      H-CT                6562.80A   -6.307    0.1260
^13CO               340.088m   -7.567    0.0069      Fe 2                6966.33A   -7.763    0.0044      H- H                      0    -6.210    0.1574
^13CO               302.332m   -7.563    0.0070      Fe 2                5477.25A   -7.760    0.0044      H2+                       0    -5.731    0.4740
^13CO               272.130m   -7.567    0.0069      Fe 2                5278.38A   -8.227    0.0015      bands..........................................
^13CO               247.423m   -7.578    0.0067      Fe 2                4402.59A   -8.014    0.0025      Fe 2b               2500.00A   -3.591   65.4540
^13CO               226.836m   -7.599    0.0064      Fe 2                4384.21A   -7.946    0.0029      Fe 2b               5000.00A   -3.646   57.7208
^13CO               209.419m   -7.624    0.0061      Fe 2                1.05081m   -8.156    0.0018      Fe 2b               7000.00A   -4.588    6.5949
^13CO               194.493m   -7.646    0.0058      Fe 2                7710.80A   -8.311    0.0012      Fe 2b               10000.0A   -3.269  137.5870
^13CO               181.558m   -7.671    0.0054      Fe 2                7048.01A   -7.977    0.0027      Fe 2b               2355.00A   -4.412    9.8776
^13CO               170.243m   -7.699    0.0051      Fe 2                5901.28A   -8.205    0.0016      Fe 2b               2430.00A   -3.599   64.2454
^13CO               160.261m   -7.729    0.0048      Fe 2                5527.62A   -8.318    0.0012      Fe 2b               2445.00A   -3.599   64.2454
^13CO               151.390m   -7.760    0.0044      Fe 2                2.04602m   -6.843    0.0367      Fe 2b               2495.00A   -4.148   18.1441
^13CO               143.454m   -7.792    0.0041      Fe 2                1.41956m   -7.397    0.0102      Fe 2b               2610.00A   -3.848   36.2193
^13CO               136.314m   -7.826    0.0038      Fe 2                1.35904m   -8.204    0.0016      Fe 2b               2695.00A   -6.488    0.0830
^13CO               129.855m   -7.865    0.0035      Fe 2                1.23314m   -7.193    0.0164      Fe 2b               2758.00A   -5.366    1.0991
^13CO               123.985m   -7.907    0.0032      Fe 2                1.09108m   -7.115    0.0196      Fe 2b               2780.00A   -5.329    1.1967
^13CO               118.627m   -7.951    0.0029      Fe 2                1.07084m   -7.553    0.0071      Fe 2b               2935.00A   -6.990    0.0262
^13CO               113.717m   -7.997    0.0026      Fe 2                1.05625m   -8.004    0.0025      Fe 2b               2960.00A   -7.330    0.0120
^13CO               109.201m   -8.045    0.0023      Fe 2                1.01565m   -7.806    0.0040      Fe 2b               3180.00A   -5.994    0.2586
^13CO               105.034m   -8.095    0.0021      Fe 2                8119.18A   -8.281    0.0013      Fe 2b               3250.00A   -5.303    1.2717
^13CO               101.176m   -8.148    0.0018      Fe 2                5588.16A   -7.109    0.0199      Fe 2b               3590.00A   -5.325    1.2083
^13CO               97.5955m   -8.205    0.0016      Fe 2                5586.91A   -7.971    0.0027      Fe 2b               3910.00A   -7.372    0.0108
^13CO               94.2629m   -8.264    0.0014      Fe 2                5580.82A   -6.541    0.0735      Fe 2b               4060.00A   -8.031    0.0024
^13CO               91.1537m   -8.327    0.0012      Fe 2                5551.32A   -6.258    0.1408      Fe 2b               4255.00A   -4.079   21.2847
^13CO               88.2461m   -8.394    0.0010      Fe 2                3227.74A   -7.852    0.0036      Fe 2b               4558.00A   -4.809    3.9622
C  1                1560.31A   -7.040    0.0233      Fe 2                3196.07A   -7.490    0.0083      Fe 2b               4600.00A   -4.780    4.2426
C  1                1560.68A   -6.992    0.0260      Fe 2                2.13278m   -7.098    0.0204      Fe 2b               4743.00A   -5.528    0.7566
C  1                1560.71A   -7.267    0.0138      Fe 2                1.46079m   -7.944    0.0029      Fe 2b               4855.00A   -4.949    2.8703
C  1                1561.34A   -6.635    0.0591      Fe 2                1.39678m   -8.006    0.0025      Fe 2b               4920.00A   -4.435    9.3831
C  1                1561.37A   -7.221    0.0154      Fe 2                1.30943m   -8.025    0.0024      Fe 2b               4975.00A   -4.965    2.7707
C  1                1561.44A   -6.512    0.0785      Fe 2                1.24364m   -8.211    0.0016      Fe 2b               4971.00A   -5.007    2.5100
C  1                1656.27A   -6.285    0.1324      Fe 2                1.09413m   -7.312    0.0124      Fe 2b               5070.00A   -4.886    3.3175
C  1                1656.93A   -6.788    0.0417      Fe 2                1.07890m   -7.409    0.0100      Fe 2b               5143.00A   -4.353   11.3352
C  1                1657.01A   -6.010    0.2498      Fe 2                1.06830m   -8.166    0.0017      Fe 2b               5270.00A   -4.068   21.8253
C  1                1657.38A   -6.845    0.0365      Fe 2                1.03658m   -8.178    0.0017      Fe 2b               5318.00A   -4.386   10.4897
C  1                1657.91A   -6.357    0.1121      Fe 2                5650.95A   -7.087    0.0209      Fe 2b               5540.00A   -5.533    0.7477
C  1                1658.12A   -6.630    0.0598      Fe 2                5649.67A   -7.061    0.0222      Fe 2b               5865.00A   -6.133    0.1882
C  1                1930.90A   -7.954    0.0028      Fe 2                5643.44A   -8.199    0.0016      Fe 2b               6265.00A   -6.944    0.0291
C  1                1992.01A   -7.665    0.0055      Fe 2                5613.27A   -6.474    0.0857      Fe 2b               6565.00A   -6.289    0.1314
C  1                1993.62A   -6.409    0.0995      Fe 2                2.24366m   -7.436    0.0094      Fe 2b               6910.00A   -6.228    0.1509
C  1                2582.90A   -7.674    0.0054      Fe 2                2.00672m   -6.782    0.0422      Fe 2b               7445.00A   -4.609    6.2782
C  1                8727.13A   -8.070    0.0022      Fe 2                1.10657m   -7.656    0.0056      Fe 2b               8625.00A   -4.277   13.4822
C  1                9824.13A   -3.632   59.6186      Fe 2                1.09542m   -7.760    0.0044      Fe 2b               1.03250m   -5.335    1.1807
C  1                9850.26A   -3.156  178.1118      Fe 2                5725.92A   -7.359    0.0112      Fe 2b               1.88900m   -3.984   26.5016
C  1                370.269m   -3.762   44.1308      Fe 2                5718.22A   -6.809    0.0397      Fe 2b               2.20000m   -6.067    0.2189
C  1                609.590m   -4.483    8.4016      Fe 2                2.22379m   -6.191    0.1645      miscellaneous..................................
C  2                1334.53A   -8.234    0.0015      Fe 2                2.01513m   -6.512    0.0786      Blnd                8446.00A   -8.125    0.0019
C  2                1335.66A   -7.875    0.0034      Fe 2                9682.08A   -7.021    0.0243      Blnd                1304.00A   -6.520    0.0772
C  2                1335.71A   -7.912    0.0031      Fe 2                9513.85A   -7.828    0.0038      Blnd                2798.00A   -3.102  201.7415
C  2                2323.50A   -7.712    0.0050      Fe 2                8715.81A   -7.653    0.0057      Blnd                6720.00A   -3.765   43.8987
C  2                2324.69A   -7.419    0.0097      Fe 2                6873.84A   -7.318    0.0123      Blnd                4074.00A   -5.089    2.0802
C  2                2325.40A   -6.857    0.0355      Fe 2                6700.65A   -8.290    0.0013      Blnd                1.03300m   -5.198    1.6190
C  2                2326.93A   -6.930    0.0300      Fe 2                6188.55A   -7.496    0.0082      Blnd                1256.00A   -7.134    0.0188
C  2                2328.12A   -7.366    0.0110      Fe 2                5870.02A   -7.751    0.0045      Blnd                5892.00A   -6.554    0.0713
C  2                157.636m   -5.087    2.0882      Fe 2                5673.20A   -7.785    0.0042      Blnd                2665.00A   -4.656    5.6359
Ca 1                4226.73A   -6.669    0.0547      Fe 2                4898.61A   -7.521    0.0077      Blnd                2335.00A   -4.465    8.7513
Ca 1                6439.08A   -7.595    0.0065      Fe 2                2.25348m   -7.030    0.0239      Blnd                8579.00A   -4.070   21.7237
Ca 1                6462.57A   -7.876    0.0034      Fe 2                1.02005m   -8.235    0.0015      Blnd                7306.00A   -3.427   95.4811
Ca 1                6493.78A   -8.109    0.0020      Fe 2                1.00139m   -7.680    0.0053      Blnd                3933.00A   -5.847    0.3636
Cl 1                11.3303m   -6.890    0.0329      Fe 2                9133.66A   -8.401    0.0010      Blnd                1657.00A   -5.606    0.6323
Co 2                9335.96A   -7.543    0.0073      Fe 2                8885.67A   -8.128    0.0019      Blnd                9850.00A   -3.031  237.7304
Co 2                9639.13A   -7.980    0.0027      Fe 2                7131.14A   -8.292    0.0013      Blnd                2326.00A   -6.448    0.0911
Co 2                10.5199m   -6.377    0.1073      Fe 2                6944.91A   -7.863    0.0035      Blnd                1335.00A   -7.503    0.0080
Co 2                15.4548m   -7.262    0.0140      Fe 2                6473.88A   -7.898    0.0032      Blnd                3467.00A   -5.955    0.2834
Co 2                2.98382m   -5.864    0.3495      Fe 2                6044.10A   -8.331    0.0012      Blnd                5199.00A   -3.710   49.8349
Co 2                14.7345m   -6.904    0.0318      Fe 2                5835.45A   -7.999    0.0026      Blnd                1.04030m   -5.198    1.6173
Co 2                18.7989m   -7.425    0.0096      Fe 2                5060.09A   -8.080    0.0021      Blnd                2141.00A   -8.188    0.0017
Co 2                25.6819m   -8.114    0.0020      Fe 2                4576.40A   -8.333    0.0012      Blnd                6300.00A   -3.429   95.0634
Co 2                1.01879m   -6.587    0.0660      Fe 2                1.34608m   -8.378    0.0011      Blnd                2471.00A   -8.075    0.0022
Co 2                1.12804m   -7.558    0.0071      Fe 2                1.11648m   -8.193    0.0016      Blnd                7323.00A   -8.242    0.0015
Co 2                1.54700m   -6.833    0.0375      Fe 2                5048.19A   -8.047    0.0023      Blnd                7332.00A   -8.324    0.0012
Co 2                1.72847m   -7.829    0.0038      Fe 2                1.71482m   -7.629    0.0060      Blnd                3727.00A   -6.163    0.1753
Co 2                1.90349m   -7.668    0.0055      Fe 2                9949.21A   -7.960    0.0028      Blnd                7325.00A   -7.980    0.0027
Co 2                1.02452m   -7.398    0.0102      Fe 2                7975.22A   -8.146    0.0018      N 1C                5199.00A   -7.718    0.0049
Co 2                1.09726m   -8.026    0.0024      Fe 2                1.47063m   -8.398    0.0010      N 1T                5199.00A   -7.791    0.0041

                                                    Emergent line intensities
general properties.............................      Fe 2                4772.06A   -7.493    0.0082      N  1                3466.50A   -6.039    0.2339
continua.......................................      Fe 2                4639.67A   -7.177    0.0170      N  1                3466.54A   -6.712    0.0496
FIR                 83.0000m   -2.037 2348.3977      Fe 2                4528.39A   -6.788    0.0417      N  1                5197.90A   -4.108   19.9291
TIR                 1800.00m   -4.461    8.8521      Fe 2                4509.61A   -7.135    0.0187      N  1                5200.26A   -3.932   29.9020
NIRa                2.85000m   -2.094 2059.8870      Fe 2                4452.10A   -5.158    1.7763      N  1                1.03977m   -5.544    0.7314
NIRb                3.00000m   -3.244  145.7569      Fe 2                3277.55A   -7.293    0.0130      N  1                1.03982m   -6.066    0.2195
MIRa                15.0000m   -3.339  117.1583      Fe 2                3277.12A   -8.197    0.0016      N  1                1.04072m   -5.892    0.3282
MIRb                22.5000m   -2.224 1528.0377      Fe 2                3275.02A   -7.369    0.0109      N  1                1.04076m   -5.879    0.3377
NMIR                21.7500m   -2.094 2059.8870      Fe 2                2631.05A   -6.098    0.2040      Na 1                5889.95A   -6.856    0.0356
TFIR                611.250m   -3.011  249.3556      Fe 2                2620.41A   -7.942    0.0029      Na 1                5895.92A   -6.855    0.0357
TALL                10000.0A   -1.648 5753.4814      Fe 2                2613.82A   -6.885    0.0333      Ni 1                7.50454m   -6.958    0.0282
F12                 12.0000m   -5.245    1.4552      Fe 2                2410.52A   -6.766    0.0438      O  1                1304.86A   -6.704    0.0506
F25                 25.0000m   -3.855   35.7004      Fe 2                2406.66A   -7.023    0.0242      O  1                1306.03A   -7.013    0.0248
F60                 60.0000m   -2.084 2106.7512      Fe 2                2404.43A   -7.796    0.0041      O  1                1355.60A   -6.742    0.0463
F100                100.000m   -5.376    1.0750      Fe 2                2359.11A   -6.815    0.0391      O  1                1358.51A   -7.116    0.0196
MIPS                24.0000m   -3.855   35.6952      Fe 2                2338.01A   -6.896    0.0325      O  1                2972.29A   -6.192    0.1643
MIPS                70.0000m   -2.085 2103.4670      Fe 2                4.67067m   -7.280    0.0134      O  1                5577.34A   -5.243    1.4620
MIPS                160.000m   -3.120  194.0599      Fe 2                1.29777m   -6.592    0.0654      O  1                6300.30A   -3.550   72.0180
IRAC                3.60000m   -6.464    0.0877      Fe 2                1.27034m   -6.464    0.0878      O  1                6363.78A   -4.046   23.0064
IRAC                4.50000m   -5.145    1.8296      Fe 2                7999.47A   -8.287    0.0013      O  1                6391.73A   -7.374    0.0108
IRAC                5.80000m   -3.433   94.4512      Fe 2                7874.24A   -6.634    0.0594      O  1                44.0453m   -7.723    0.0048
IRAC                8.00000m   -4.440    9.2856      Fe 2                7733.14A   -7.180    0.0169      O  1                63.1679m   -2.085 2102.6370
SPR1                250.000m   -5.590    0.6568      Fe 2                4798.28A   -7.043    0.0232      O  1                145.495m   -3.127  191.0472
SPR2                350.000m   -3.758   44.5954      Fe 2                4664.45A   -7.691    0.0052      O  2                2470.34A   -8.178    0.0017
SPR3                500.000m   -5.819    0.3878      Fe 2                4533.01A   -7.683    0.0053      O  2                7319.99A   -8.372    0.0011
PAC1                70.0000m   -2.085 2104.2888      Fe 2                4474.90A   -5.471    0.8652      O  2                3728.81A   -6.386    0.1052
PAC2                100.000m   -5.375    1.0788      Fe 2                3289.89A   -7.679    0.0054      O  2                3726.03A   -6.562    0.0702
PAC3                160.000m   -3.119  194.5078      Fe 2                3289.46A   -7.458    0.0089      P  2                60.6263m   -5.508    0.7940
PAH                 3.30000m   -7.270    0.0137      Fe 2                2628.29A   -6.589    0.0658      P  2                1532.53A   -8.152    0.0018
PAHC                3.23000m   -7.550    0.0072      Fe 2                2621.67A   -7.460    0.0089      P  2                32.8620m   -5.609    0.6294
PAHC                3.37000m   -7.543    0.0073      Fe 2                2413.31A   -7.287    0.0132      P  2                1.14682m   -5.527    0.7605
PAH                 6.20000m   -7.316    0.0124      Fe 2                2411.07A   -7.292    0.0131      P  2                4669.25A   -7.192    0.0164
PAHC                5.65000m   -6.229    0.1510      Fe 2                2344.28A   -7.010    0.0250      P  2                2195.57A   -7.470    0.0087
PAH                 7.90000m   -6.792    0.0413      Fe 2                17.9311m   -4.421    9.6971      P  2                1536.42A   -7.914    0.0031
PAHC                6.90000m   -4.442    9.2390      Fe 2                1.64355m   -3.527   75.9954      P  2                1535.92A   -7.907    0.0032
PAH                 11.3000m   -6.857    0.0355      Fe 2                1.53348m   -4.652    5.6995      P  2                1.18828m   -5.103    2.0159
PAHC                10.9000m   -6.320    0.1225      Fe 2                8616.95A   -4.916    3.1013      P  2                2210.34A   -7.017    0.0246
PAH                 11.8000m   -8.001    0.0025      Fe 2                7155.17A   -5.044    2.3121      P  2                1542.30A   -8.194    0.0016
PAHC                12.6500m   -6.069    0.2179      Fe 2                6896.17A   -6.496    0.0815      P  2                7875.99A   -6.443    0.0921
PAH                 13.3000m   -8.021    0.0024      Fe 2                5413.37A   -6.953    0.0285      S  1                1483.04A   -8.064    0.0022
PAHC                14.1000m   -5.728    0.4779      Fe 2                5280.27A   -7.490    0.0083      S  1                1820.34A   -6.737    0.0468
Bcon                3640.00A   -2.390 1041.8918      Fe 2                5273.36A   -5.043    2.3139      S  1                1826.24A   -7.221    0.0154
Pcon                5000.00A   -2.803  402.5446      Fe 2                5158.79A   -4.432    9.4505      S  1                25.2421m   -4.688    5.2396
O3bn                5007.00A   -4.668    5.4924      Fe 2                5111.64A   -5.339    1.1708      S  1                56.2957m   -5.648    0.5754
RRC............................................      Fe 2                5072.41A   -5.085    2.1035      S  2                6730.82A   -4.154   17.9167
grains.........................................      Fe 2                5039.10A   -6.519    0.0774      S  2                6716.44A   -3.993   25.9662
H-like iso-sequence............................      Fe 2                4814.54A   -5.389    1.0447      S  2                4076.35A   -5.702    0.5076
H  1                1215.67A   -2.709  499.4853      Fe 2                4774.73A   -5.829    0.3793      S  2                4068.60A   -5.211    1.5730
H  1                6562.80A   -4.646    5.7783      Fe 2                4745.49A   -6.880    0.0337      S  2                1.03364m   -5.841    0.3690
H  1                4861.32A   -5.408    1.0000      Fe 2                4661.78A   -7.978    0.0027      S  2                1.02867m   -5.837    0.3718
H  1                4340.46A   -5.788    0.4162      Fe 2                4243.97A   -4.759    4.4584      S  2                1.03705m   -6.162    0.1759
H  1                4101.73A   -7.466    0.0087      Fe 2                4177.20A   -5.848    0.3625      S  2                1.03205m   -5.704    0.5058
H  1                3970.07A   -7.752    0.0045      Fe 2                4146.65A   -7.424    0.0096      S  2                1259.52A   -7.491    0.0083
H  1                3889.05A   -7.983    0.0027      Fe 2                4114.48A   -7.760    0.0044      S  2                1253.81A   -7.567    0.0069
H  1                3835.38A   -8.175    0.0017      Fe 2                3929.35A   -8.012    0.0025      S  2                1250.58A   -7.881    0.0034
H  1                3797.90A   -8.340    0.0012      Fe 2                3387.09A   -6.264    0.1393      Sc 2                4246.82A   -7.960    0.0028
H  1                3770.63A   -8.092    0.0021      Fe 2                3376.20A   -5.466    0.8741      Sc 2                7043.49A   -7.733    0.0047
H  1                3750.15A   -8.206    0.0016      Fe 2                2732.45A   -6.530    0.0754      Sc 2                8261.17A   -8.247    0.0014
H  1                3734.37A   -8.308    0.0013      Fe 2                2493.30A   -4.149   18.1455      Sc 2                8271.28A   -8.133    0.0019
H  1                3721.94A   -8.401    0.0010      Fe 2                2484.20A   -7.581    0.0067      Sc 2                8326.62A   -8.387    0.0010
H  1                1.87510m   -6.179    0.1694      Fe 2                2360.00A   -6.309    0.1254      Sc 2                8347.28A   -7.952    0.0029
H  1                1.28181m   -6.492    0.0823      Fe 2                2348.12A   -6.440    0.0928      Sc 2                8384.33A   -8.264    0.0014
H  1                1.09381m   -7.852    0.0036      Fe 2                2331.31A   -7.869    0.0035      Sc 2                1.07804m   -8.331    0.0012
H  1                1.00494m   -8.158    0.0018      Fe 2                24.5126m   -5.121    1.9360      Sc 2                2.03194m   -7.868    0.0035
H  1                9545.97A   -8.400    0.0010      Fe 2                1.80940m   -4.128   19.0570      Sc 2                2.04712m   -8.215    0.0016
H  1                4.05115m   -7.048    0.0229      Fe 2                1.67688m   -5.077    2.1409      Sc 2                2.07591m   -7.859    0.0035
H  1                2.62515m   -8.031    0.0024      Fe 2                1.59948m   -4.985    2.6491      Sc 2                2.07842m   -7.693    0.0052
H  1                2.16553m   -8.379    0.0011      Fe 2                9051.95A   -4.758    4.4683      Sc 2                2.08152m   -7.962    0.0028
H  1                7.45782m   -8.070    0.0022      Fe 2                8891.93A   -5.182    1.6806      Sc 2                2.11129m   -8.136    0.0019
He-like iso-sequence...........................      Fe 2                7452.56A   -5.536    0.7448      Sc 2                2.12445m   -8.134    0.0019
extra Lyman....................................      Fe 2                7172.00A   -5.452    0.9033      Si 1                2519.20A   -7.995    0.0026
database lines.................................      Fe 2                6275.53A   -7.409    0.0100      Si 1                2528.51A   -7.771    0.0043
CN                  2640.74m   -8.133    0.0019      Fe 2                5527.36A   -6.025    0.2415      Si 1                68.4548m   -7.281    0.0134
CN                  1321.03m   -8.204    0.0016      Fe 2                5440.48A   -7.783    0.0042      Si 1                129.641m   -7.352    0.0114
CN                  880.858m   -8.297    0.0013      Fe 2                5433.15A   -5.557    0.7087      Si 2                34.8046m   -2.271 1368.9884
CN                  661.044m   -8.378    0.0011      Fe 2                5261.63A   -4.813    3.9371      Si 2                2334.41A   -5.423    0.9660
CN                  660.727m   -8.263    0.0014      Fe 2                5220.08A   -6.088    0.2089      Si 2                2328.52A   -6.020    0.2440
CN                  528.639m   -8.382    0.0011      Fe 2                5184.80A   -5.983    0.2656      Si 2                1808.01A   -5.549    0.7218
HF                  243.178m   -8.005    0.0025      Fe 2                5158.01A   -5.933    0.2984      Si 2                1526.71A   -7.925    0.0030
CO                  1300.05m   -7.087    0.0209      Fe 2                4947.39A   -5.333    1.1889      Si 2                1260.42A   -7.447    0.0091
CO                  866.727m   -6.518    0.0775      Fe 2                4905.35A   -5.684    0.5295      Si 2                2350.17A   -5.263    1.3963
CO                  650.074m   -6.281    0.1340      Fe 2                4874.50A   -5.727    0.4798      Si 2                2344.20A   -4.871    3.4387
CO                  520.089m   -6.171    0.1723      Fe 2                4852.74A   -7.087    0.0209      Si 2                2334.60A   -4.974    2.7125
CO                  433.438m   -6.109    0.1987      Fe 2                4346.86A   -5.386    1.0514      Si 2                1817.45A   -5.280    1.3413
CO                  371.549m   -6.082    0.2115      Fe 2                4276.84A   -5.310    1.2531      Si 2                1816.93A   -5.014    2.4734
CO                  325.137m   -6.068    0.2187      Fe 2                4244.82A   -6.121    0.1933      Si 2                1533.43A   -5.819    0.3877
CO                  289.041m   -6.065    0.2204      Fe 2                4231.56A   -7.722    0.0049      Si 2                1309.28A   -6.595    0.0650
CO                  260.169m   -6.069    0.2180      Fe 2                4211.11A   -7.694    0.0052      Si 2                1265.00A   -6.383    0.1058
CO                  236.549m   -6.081    0.2122      Fe 2                3455.11A   -6.370    0.1091      Si 2                1264.74A   -6.806    0.0399
CO                  216.868m   -6.102    0.2024      Fe 2                3452.31A   -6.059    0.2233      Si 2                1197.39A   -6.909    0.0315
CO                  200.218m   -6.125    0.1916      Fe 2                3440.99A   -5.945    0.2903      Si 2                1194.50A   -7.181    0.0168
CO                  185.949m   -6.147    0.1823      Fe 2                2774.73A   -7.770    0.0043      Si 2                3862.60A   -8.005    0.0025
CO                  173.584m   -6.171    0.1725      Fe 2                2759.34A   -8.141    0.0018      Si 2                3856.02A   -7.976    0.0027
CO                  162.767m   -6.198    0.1622      Fe 2                2485.07A   -7.980    0.0027      Si 2                6371.37A   -7.922    0.0031
CO                  153.225m   -6.226    0.1519      Fe 2                2391.48A   -7.056    0.0225      Si 2                6347.11A   -7.842    0.0037
CO                  144.745m   -6.256    0.1418      Fe 2                2379.28A   -7.687    0.0053      Zn 2                2062.00A   -7.492    0.0082
CO                  137.159m   -6.287    0.1320      Fe 2                2362.02A   -6.557    0.0709      Zn 2                2025.48A   -7.255    0.0142
CO                  130.333m   -6.318    0.1228      Fe 2                35.7675m   -5.921    0.3070      Al 2                2669.15A   -5.053    2.2630
CO                  124.160m   -6.356    0.1127      Fe 2                1.95361m   -5.039    2.3388      Al 2                2660.35A   -4.879    3.3763
CO                  118.548m   -6.395    0.1029      Fe 2                1.80002m   -5.093    2.0648      Al 2                1670.79A   -5.547    0.7260
CO                  113.427m   -6.436    0.0937      Fe 2                1.71113m   -5.662    0.5564      Al 2                3900.67A   -8.289    0.0013
CO                  108.733m   -6.479    0.0849      Fe 2                1.66377m   -5.282    1.3370      Ca 2                7323.89A   -3.820   38.6557
CO                  104.416m   -6.522    0.0768      Fe 2                9399.04A   -5.180    1.6906      Ca 2                7291.47A   -3.653   56.7848
CO                  100.433m   -6.567    0.0693      Fe 2                9226.63A   -5.126    1.9142      Ca 2                3968.47A   -6.165    0.1750
CO                  96.7462m   -6.614    0.0621      Fe 2                9033.49A   -6.201    0.1609      Ca 2                8662.14A   -4.547    7.2570
CO                  93.3237m   -6.663    0.0556      Fe 2                7388.17A   -5.572    0.6851      Ca 2                3933.66A   -6.131    0.1889
CO                  90.1384m   -6.713    0.0495      Fe 2                6440.41A   -6.524    0.0765      Ca 2                8498.02A   -5.241    1.4681
CO                  87.1666m   -6.765    0.0439      Fe 2                6229.28A   -7.674    0.0054      Ca 2                8542.09A   -4.294   12.9880
CO                  84.3877m   -6.819    0.0388      Fe 2                5654.87A   -6.985    0.0265      Ca 2                3706.02A   -6.915    0.0311
CO                  81.7835m   -6.874    0.0342      Fe 2                5556.31A   -6.227    0.1518      Ca 2                3736.90A   -6.619    0.0615
CO                  79.3383m   -6.931    0.0300      Fe 2                5412.67A   -6.754    0.0451      Ca 2                3158.87A   -6.938    0.0295
CO                  77.0375m   -6.989    0.0262      Fe 2                5333.66A   -5.100    2.0325      Ca 2                3181.27A   -7.644    0.0058
CO                  74.8697m   -7.049    0.0228      Fe 2                5296.84A   -6.383    0.1059      Ca 2                3179.33A   -6.689    0.0523
CO                  72.8231m   -7.111    0.0198      Fe 2                5268.89A   -6.103    0.2018      Ca 2                1.19497m   -8.340    0.0012
CO                  70.8878m   -7.173    0.0172      Fe 2                5107.96A   -7.038    0.0234      Ca 2                1.18390m   -8.047    0.0023
CO                  69.0557m   -7.236    0.0148      Fe 2                5049.30A   -5.506    0.7976      Ca 2                1838.01A   -7.876    0.0034
CO                  67.3181m   -7.301    0.0128      Fe 2                5005.52A   -5.560    0.7041      Ca 2                1840.03A   -7.720    0.0049
CO                  65.6684m   -7.367    0.0110      Fe 2                4973.40A   -5.828    0.3802      Ca 2                2112.76A   -8.348    0.0011
CO                  64.0998m   -7.433    0.0094      Fe 2                4950.76A   -6.173    0.1716      Cl 2                14.3639m   -5.730    0.4764
CO                  62.6072m   -7.499    0.0081      Fe 2                4352.79A   -5.626    0.6056      Cl 2                33.2721m   -6.810    0.0396
CO                  61.1843m   -7.566    0.0070      Fe 2                4319.62A   -5.891    0.3283      Cl 2                8578.70A   -5.419    0.9754
CO                  59.8271m   -7.633    0.0059      Fe 2                4305.90A   -6.694    0.0517      Cl 2                9123.60A   -6.003    0.2538
CO                  58.5311m   -7.702    0.0051      Fe 2                4084.33A   -8.017    0.0025      Cl 2                3677.85A   -7.341    0.0117
CO                  57.2920m   -7.770    0.0043      Fe 2                3504.51A   -6.673    0.0543      Cl 2                6161.84A   -7.295    0.0130
CO                  56.1066m   -7.840    0.0037      Fe 2                3504.02A   -6.530    0.0755      Mg 2                2802.71A   -3.577   67.7781
CO                  54.9712m   -7.911    0.0031      Fe 2                3501.63A   -6.093    0.2062      Mg 2                2795.53A   -3.280  134.1194
CO                  53.8829m   -7.982    0.0027      Fe 2                3489.99A   -6.773    0.0431      Mg 2                2936.52A   -6.507    0.0795
CO                  52.8388m   -8.053    0.0023      Fe 2                2385.01A   -7.375    0.0108      Mg 2                2928.64A   -6.809    0.0397
CO                  51.8365m   -8.125    0.0019      Fe 2                2.06648m   -6.432    0.0945      Mg 2                2797.93A   -7.247    0.0145
CO                  50.8731m   -8.198    0.0016      Fe 2                1.89541m   -5.829    0.3794      Mg 2                2790.77A   -6.545    0.0729
CO                  49.9472m   -8.270    0.0014      Fe 2                1.79711m   -5.316    1.2361      Mg 2                2798.00A   -6.292    0.1305
CO                  49.0559m   -8.345    0.0012      Fe 2                1.74494m   -5.604    0.6362      Mg 2                9244.22A   -8.364    0.0011
^13CO               906.599m   -8.054    0.0023      Fe 2                9652.70A   -6.028    0.2395      Mg 2                9218.22A   -8.069    0.0022
^13CO               679.978m   -7.796    0.0041      Fe 2                9470.94A   -5.516    0.7788      N  2                205.283m   -7.585    0.0066
^13CO               544.012m   -7.678    0.0054      Fe 2                9267.56A   -5.898    0.3236      N  2                121.769m   -7.795    0.0041
^13CO               453.374m   -7.612    0.0063      Fe 2                7544.00A   -8.211    0.0016      N  2                6548.05A   -6.952    0.0285
^13CO               388.637m   -7.582    0.0067      Fe 2                6558.51A   -6.738    0.0468      N  2                6583.45A   -6.483    0.0841
^13CO               340.088m   -7.567    0.0069      Fe 2                5745.71A   -7.356    0.0113      N  2                5754.59A   -8.331    0.0012
^13CO               302.332m   -7.563    0.0070      Fe 2                5643.98A   -7.199    0.0162      N  2                2142.77A   -8.336    0.0012
^13CO               272.130m   -7.567    0.0069      Fe 2                5495.84A   -7.030    0.0238      Ni 2                1.19102m   -4.405   10.0570
^13CO               247.423m   -7.578    0.0068      Fe 2                5376.47A   -5.494    0.8200      Ni 2                6.63416m   -5.031    2.3789
^13CO               226.836m   -7.599    0.0064      Fe 2                5347.66A   -6.608    0.0630      Ni 2                1.07151m   -6.023    0.2428
^13CO               209.419m   -7.624    0.0061      Fe 2                5181.96A   -6.884    0.0334      Ni 2                10.6793m   -5.659    0.5603
^13CO               194.493m   -7.646    0.0058      Fe 2                5076.57A   -6.164    0.1752      Ni 2                1.27792m   -7.846    0.0036
^13CO               181.558m   -7.671    0.0055      Fe 2                5043.53A   -6.034    0.2363      Ni 2                1.16130m   -6.540    0.0737
^13CO               170.243m   -7.699    0.0051      Fe 2                5020.25A   -6.150    0.1808      Ni 2                12.7253m   -6.077    0.2143
^13CO               160.261m   -7.729    0.0048      Fe 2                4372.43A   -6.166    0.1745      Ni 2                9882.95A   -7.290    0.0131
^13CO               151.390m   -7.760    0.0044      Fe 2                4358.37A   -6.377    0.1073      Ni 2                1.09177m   -6.828    0.0380
^13CO               143.454m   -7.792    0.0041      Fe 2                4080.00A   -8.048    0.0023      Ni 2                18.2355m   -6.794    0.0411
^13CO               136.314m   -7.826    0.0038      Fe 2                3539.19A   -6.377    0.1072      Ni 2                9374.87A   -7.583    0.0067
^13CO               129.855m   -7.865    0.0035      Fe 2                3538.69A   -6.671    0.0545      Ni 2                7377.83A   -5.188    1.6584
^13CO               123.985m   -7.907    0.0032      Fe 2                3536.25A   -6.797    0.0408      Ni 2                8300.99A   -6.484    0.0839
^13CO               118.627m   -7.951    0.0029      Fe 2                3524.38A   -8.105    0.0020      Ni 2                1.93877m   -5.895    0.3255
^13CO               113.717m   -7.997    0.0026      Fe 2                22.8961m   -7.426    0.0096      Ni 2                2.36883m   -7.182    0.0168
^13CO               109.201m   -8.045    0.0023      Fe 2                1.81139m   -7.705    0.0050      Ni 2                2.91064m   -6.851    0.0361
^13CO               105.034m   -8.095    0.0021      Fe 2                7764.71A   -6.912    0.0313      Ni 2                6666.80A   -6.038    0.2343
^13CO               101.176m   -8.148    0.0018      Fe 2                7336.73A   -7.202    0.0161      Ni 2                7411.61A   -5.819    0.3878
^13CO               97.5955m   -8.205    0.0016      Fe 2                7267.25A   -8.170    0.0017      Ni 2                1.76458m   -7.964    0.0028
^13CO               94.2629m   -8.264    0.0014      Fe 2                6809.24A   -7.179    0.0169      Ni 2                2.04866m   -7.541    0.0074
^13CO               91.1537m   -8.327    0.0012      Fe 2                6729.87A   -7.460    0.0089      Ni 2                2.30794m   -6.998    0.0257
^13CO               88.2461m   -8.394    0.0010      Fe 2                6671.93A   -8.023    0.0024      Ni 2                6.91767m   -7.297    0.0129
C  1                1560.31A   -7.043    0.0232      Fe 2                5721.37A   -8.297    0.0013      Ni 2                4326.24A   -5.984    0.2651
C  1                1560.68A   -6.995    0.0259      Fe 2                5163.96A   -7.205    0.0160      Ni 2                4628.05A   -6.406    0.1003
C  1                1560.71A   -7.270    0.0137      Fe 2                4266.35A   -7.909    0.0032      Ni 2                6794.20A   -7.463    0.0088
C  1                1561.34A   -6.638    0.0588      Fe 2                4249.08A   -8.180    0.0017      Ni 2                7255.82A   -6.339    0.1170
C  1                1561.37A   -7.224    0.0153      Fe 2                4157.92A   -8.180    0.0017      Ni 2                7694.56A   -7.410    0.0100
C  1                1561.44A   -6.515    0.0781      Fe 2                3277.35A   -6.659    0.0561      Ni 2                8033.54A   -7.574    0.0068
C  1                1656.27A   -6.286    0.1325      Fe 2                3255.89A   -7.891    0.0033      Ni 2                1.04597m   -6.823    0.0384
C  1                1656.93A   -6.788    0.0417      Fe 2                2926.59A   -7.423    0.0097      Ni 2                1.23230m   -6.850    0.0361
C  1                1657.01A   -6.010    0.2500      Fe 2                2880.76A   -7.255    0.0142      Ni 2                4201.17A   -6.167    0.1740
C  1                1657.38A   -6.845    0.0365      Fe 2                2755.74A   -5.594    0.6510      Ni 2                4485.21A   -6.620    0.0613
C  1                1657.91A   -6.358    0.1122      Fe 2                2739.55A   -6.236    0.1484      Ni 2                7307.65A   -6.516    0.0780
C  1                1658.12A   -6.630    0.0599      Fe 2                2716.70A   -6.489    0.0830      Ni 2                7612.72A   -6.844    0.0366
C  1                1930.90A   -7.954    0.0028      Fe 2                34.6508m   -8.297    0.0013      Ni 2                1.13597m   -7.527    0.0076
C  1                1992.01A   -7.666    0.0055      Fe 2                1.00287m   -6.899    0.0323      Ni 2                4285.31A   -7.376    0.0108
C  1                1993.62A   -6.410    0.0996      Fe 2                8245.16A   -8.397    0.0010      Ni 2                6791.48A   -7.090    0.0208
C  1                2582.90A   -7.674    0.0054      Fe 2                8037.28A   -7.430    0.0095      Ni 2                7054.20A   -6.995    0.0259
C  1                8727.13A   -8.071    0.0022      Fe 2                7579.61A   -7.921    0.0031      Ni 2                9.61508m   -8.284    0.0013
C  1                9824.13A   -3.633   59.5930      Fe 2                7017.95A   -7.839    0.0037      Ni 2                4033.04A   -6.434    0.0941
C  1                9850.26A   -3.157  178.0357      Fe 2                6933.67A   -8.205    0.0016      Ni 2                4294.09A   -6.553    0.0715
C  1                370.269m   -3.762   44.1879      Fe 2                6872.19A   -7.371    0.0109      Ni 2                6467.29A   -7.587    0.0066
C  1                609.590m   -4.483    8.4125      Fe 2                6829.03A   -8.405    0.0010      Ni 2                6813.57A   -6.575    0.0680
C  2                1334.53A   -8.241    0.0015      Fe 2                5746.98A   -7.256    0.0142      Ni 2                7078.04A   -7.124    0.0192
C  2                1335.66A   -7.882    0.0034      Fe 2                5283.12A   -7.813    0.0039      Ni 2                1.02090m   -7.905    0.0032
C  2                1335.71A   -7.918    0.0031      Fe 2                5199.18A   -8.029    0.0024      Ni 2                3993.06A   -6.088    0.2088
C  2                2323.50A   -7.713    0.0050      Fe 2                4351.81A   -8.179    0.0017      Ni 2                4248.80A   -6.563    0.0699
C  2                2324.69A   -7.419    0.0097      Fe 2                4347.36A   -7.548    0.0072      Ni 2                6007.06A   -7.678    0.0054
C  2                2325.40A   -6.858    0.0355      Fe 2                4329.43A   -6.895    0.0326      Ni 2                6365.10A   -6.562    0.0701
C  2                2326.93A   -6.930    0.0300      Fe 2                2953.77A   -8.244    0.0015      Ni 2                6700.24A   -7.955    0.0028
C  2                2328.12A   -7.366    0.0110      Fe 2                2772.73A   -6.297    0.1290      Ni 2                6955.82A   -7.990    0.0026
C  2                157.636m   -5.087    2.0910      Fe 2                2749.32A   -6.454    0.0898      Ni 2                8703.87A   -7.017    0.0246
Ca 1                4226.73A   -6.669    0.0548      Fe 2                9795.19A   -7.677    0.0054      Ni 2                9956.63A   -7.244    0.0146
Ca 1                6439.08A   -7.596    0.0065      Fe 2                8228.13A   -7.593    0.0065      Ni 2                5.18504m   -8.022    0.0024
Ca 1                6462.57A   -7.876    0.0034      Fe 2                7613.14A   -8.000    0.0026      Ni 2                3438.88A   -6.277    0.1351
Ca 1                6493.78A   -8.109    0.0020      Fe 2                7011.24A   -8.407    0.0010      Ni 2                3626.89A   -6.584    0.0666
Cl 1                11.3303m   -6.890    0.0330      Fe 2                6966.33A   -7.764    0.0044      Ni 2                3378.16A   -6.891    0.0329
Co 2                9335.96A   -7.543    0.0073      Fe 2                5477.25A   -7.761    0.0044      Ni 2                3559.41A   -6.870    0.0345
Co 2                9639.13A   -7.981    0.0027      Fe 2                5278.38A   -8.227    0.0015      level 1 lines..................................
Co 2                10.5199m   -6.377    0.1074      Fe 2                4402.59A   -8.014    0.0025      recombination..................................
Co 2                15.4548m   -7.262    0.0140      Fe 2                4384.21A   -7.947    0.0029      level2 lines...................................
Co 2                2.98382m   -5.864    0.3499      Fe 2                1.05081m   -8.157    0.0018      C  1                1247.50A   -7.233    0.0150
Co 2                14.7345m   -6.904    0.0319      Fe 2                7710.80A   -8.311    0.0012      C  1                1314.77A   -7.152    0.0180
Co 2                18.7989m   -7.425    0.0096      Fe 2                7048.01A   -7.977    0.0027      C  1                1233.29A   -7.763    0.0044
Co 2                25.6819m   -8.114    0.0020      Fe 2                5901.28A   -8.206    0.0016      C  1                1250.68A   -7.919    0.0031
Co 2                1.01879m   -6.588    0.0660      Fe 2                5527.62A   -8.318    0.0012      Mg 1                1817.31A   -8.159    0.0018
Co 2                1.12804m   -7.559    0.0071      Fe 2                2.04602m   -6.843    0.0367      Mg 1                1739.09A   -8.375    0.0011
Co 2                1.54700m   -6.833    0.0376      Fe 2                1.41956m   -7.398    0.0102      Mg 1                1699.05A   -8.388    0.0010
Co 2                1.72847m   -7.829    0.0038      Fe 2                1.35904m   -8.204    0.0016      Mg 1                1675.74A   -8.373    0.0011
Co 2                1.90349m   -7.668    0.0055      Fe 2                1.23314m   -7.193    0.0164      Mg 1                1660.94A   -8.374    0.0011
Co 2                1.02452m   -7.399    0.0102      Fe 2                1.09108m   -7.115    0.0196      Mg 1                1650.95A   -8.395    0.0010
Co 2                1.09726m   -8.027    0.0024      Fe 2                1.07084m   -7.554    0.0071      Si 2                1179.59A   -7.786    0.0042
Co 2                1.49674m   -8.263    0.0014      Fe 2                1.05625m   -8.005    0.0025      S  1                1356.05A   -7.747    0.0046
Co 2                1.62622m   -8.250    0.0014      Fe 2                1.01565m   -7.807    0.0040      S  1                1392.25A   -8.175    0.0017
Co 2                1.73616m   -7.956    0.0028      Fe 2                8119.18A   -8.282    0.0013      S  1                1418.10A   -8.400    0.0010
Co 2                1.02803m   -7.996    0.0026      Fe 2                5588.16A   -7.110    0.0199      Ca 2                1360.06A   -8.400    0.0010
Co 2                8580.39A   -8.052    0.0023      Fe 2                5586.91A   -7.972    0.0027      Fe 1                2484.25A   -8.037    0.0023
Co 2                9342.40A   -6.748    0.0457      Fe 2                5580.82A   -6.541    0.0735      Fe 1                2526.51A   -8.274    0.0014
Co 2                9943.48A   -7.095    0.0205      Fe 2                5551.32A   -6.259    0.1408      Sc 2                2555.14A   -8.396    0.0010
Co 2                7539.01A   -7.416    0.0098      Fe 2                3227.74A   -7.852    0.0036      Sc 2                3627.22A   -6.731    0.0475
Co 2                8121.00A   -7.128    0.0190      Fe 2                3196.07A   -7.491    0.0083      Sc 2                3575.45A   -6.853    0.0359
Co 2                8571.41A   -7.735    0.0047      Fe 2                2.13278m   -7.098    0.0204      Sc 2                3368.13A   -7.415    0.0098
Co 2                6.21176m   -8.376    0.0011      Fe 2                1.46079m   -7.944    0.0029      Ti 2                3364.74A   -5.157    1.7803
Co 2                8027.34A   -7.595    0.0065      Fe 2                1.39678m   -8.007    0.0025      Ti 2                3237.15A   -5.397    1.0251
Co 2                8467.14A   -8.008    0.0025      Fe 2                1.30943m   -8.026    0.0024      Ti 2                1904.17A   -7.267    0.0138
Co 2                8333.76A   -7.776    0.0043      Fe 2                1.24364m   -8.212    0.0016      Ti 2                1907.36A   -7.009    0.0250
Cr 2                8000.08A   -5.590    0.6574      Fe 2                1.09413m   -7.313    0.0124      V  2                2710.94A   -7.480    0.0085
Cr 2                8125.30A   -5.664    0.5546      Fe 2                1.07890m   -7.409    0.0100      V  2                2684.22A   -7.246    0.0145
Cr 2                8229.67A   -5.758    0.4464      Fe 2                1.06830m   -8.167    0.0017      V  2                2139.33A   -7.860    0.0035
Cr 2                8308.49A   -5.945    0.2900      Fe 2                1.03658m   -8.178    0.0017      Cr 1                4269.56A   -8.073    0.0022
Cr 2                8357.64A   -6.243    0.1462      Fe 2                5650.95A   -7.088    0.0209      Cr 1                3589.90A   -7.892    0.0033
Fe 1                24.0358m   -6.029    0.2390      Fe 2                5649.67A   -7.062    0.0222      Cr 2                2059.78A   -5.756    0.4479
Fe 1                34.7038m   -6.617    0.0617      Fe 2                5643.44A   -8.200    0.0016      Mn 2                1198.85A   -8.118    0.0020
Fe 2                25.9813m   -3.956   28.3090      Fe 2                5613.27A   -6.475    0.0857      Co 2                2060.90A   -7.221    0.0154
Fe 2                5.33871m   -3.433   94.2989      Fe 2                2.24366m   -7.436    0.0094      Co 2                2018.80A   -7.256    0.0142
Fe 2                4.11387m   -5.796    0.4093      Fe 2                2.00672m   -6.782    0.0422      Co 2                1949.74A   -7.334    0.0118
Fe 2                1.25668m   -4.705    5.0397      Fe 2                1.10657m   -7.657    0.0056      Co 2                1575.91A   -7.871    0.0034
Fe 2                1.19129m   -7.490    0.0083      Fe 2                1.09542m   -7.760    0.0044      Co 2                1470.18A   -7.954    0.0028
Fe 2                6309.53A   -8.335    0.0012      Fe 2                5725.92A   -7.360    0.0112      Ni 2                1751.83A   -6.792    0.0413
Fe 2                4799.30A   -8.233    0.0015      Fe 2                5718.22A   -6.809    0.0397      Ni 2                1744.24A   -6.597    0.0646
Fe 2                4704.22A   -7.458    0.0089      Fe 2                2.22379m   -6.191    0.1647      Ni 2                1484.97A   -7.944    0.0029
Fe 2                4632.28A   -5.665    0.5527      Fe 2                2.01513m   -6.512    0.0787      Ni 2                1472.74A   -7.622    0.0061
Fe 2                4604.48A   -7.449    0.0091      Fe 2                9682.08A   -7.022    0.0243      Ni 2                1400.37A   -7.937    0.0030
Fe 2                4416.27A   -5.647    0.5770      Fe 2                9513.85A   -7.829    0.0038      Ni 2                1375.73A   -7.579    0.0067
Fe 2                4382.74A   -6.616    0.0619      Fe 2                8715.81A   -7.654    0.0057      Ni 2                1324.11A   -7.686    0.0053
Fe 2                4287.39A   -4.684    5.2907      Fe 2                6873.84A   -7.319    0.0123      hyperfine structure............................
Fe 2                3931.44A   -8.278    0.0013      Fe 2                6700.65A   -8.291    0.0013      inner shell....................................
Fe 2                3874.07A   -7.909    0.0031      Fe 2                6188.55A   -7.496    0.0082      molecules......................................
Fe 2                3175.38A   -6.495    0.0817      Fe 2                5870.02A   -7.752    0.0045      bands..........................................
Fe 2                2599.40A   -7.430    0.0095      Fe 2                5673.20A   -7.786    0.0042      Fe 2b               2500.00A   -3.591   65.4971
Fe 2                2382.04A   -5.570    0.6884      Fe 2                4898.61A   -7.522    0.0077      Fe 2b               5000.00A   -3.646   57.7191
Fe 2                2343.50A   -8.285    0.0013      Fe 2                2.25348m   -7.030    0.0239      Fe 2b               7000.00A   -4.589    6.5923
Fe 2                35.3391m   -4.617    6.1721      Fe 2                1.02005m   -8.236    0.0015      Fe 2b               10000.0A   -3.269  137.5302
Fe 2                6.71944m   -4.573    6.8371      Fe 2                1.00139m   -7.681    0.0053      Fe 2b               2355.00A   -4.413    9.8846
Fe 2                4.88781m   -5.459    0.8884      Fe 2                9133.66A   -8.402    0.0010      Fe 2b               2430.00A   -3.600   64.2890
Fe 2                4.07521m   -6.281    0.1340      Fe 2                8885.67A   -8.129    0.0019      Fe 2b               2445.00A   -3.600   64.2887
Fe 2                1.32055m   -5.202    1.6072      Fe 2                7131.14A   -8.293    0.0013      Fe 2b               2495.00A   -4.149   18.1560
Fe 2                1.24854m   -6.236    0.1487      Fe 2                6944.91A   -7.863    0.0035      Fe 2b               2610.00A   -3.848   36.2419
Fe 2                1.20512m   -8.048    0.0023      Fe 2                6473.88A   -7.899    0.0032      Fe 2b               2695.00A   -6.489    0.0830
Fe 2                7637.52A   -5.506    0.7982      Fe 2                6044.10A   -8.332    0.0012      Fe 2b               2758.00A   -5.366    1.0997
Fe 2                7523.28A   -7.553    0.0072      Fe 2                5835.45A   -8.000    0.0026      Fe 2b               2780.00A   -5.329    1.1974
Fe 2                4889.62A   -5.529    0.7561      Fe 2                5060.09A   -8.081    0.0021      Fe 2b               2935.00A   -6.990    0.0262
Fe 2                4750.27A   -8.261    0.0014      Fe 2                4576.40A   -8.334    0.0012      Fe 2b               2960.00A   -7.330    0.0120
Fe 2                4716.37A   -6.543    0.0733      Fe 2                1.34608m   -8.378    0.0011      Fe 2b               3180.00A   -5.995    0.2587
Fe 2                4687.56A   -6.746    0.0459      Fe 2                1.11648m   -8.194    0.0016      Fe 2b               3250.00A   -5.303    1.2722
Fe 2                4492.64A   -6.516    0.0779      Fe 2                5048.19A   -8.048    0.0023      Fe 2b               3590.00A   -5.325    1.2087
Fe 2                4457.95A   -5.914    0.3114      Fe 2                1.71482m   -7.629    0.0060      Fe 2b               3910.00A   -7.373    0.0108
Fe 2                4432.45A   -6.708    0.0501      Fe 2                9949.21A   -7.961    0.0028      Fe 2b               4060.00A   -8.032    0.0024
Fe 2                4359.33A   -4.815    3.9185      Fe 2                7975.22A   -8.147    0.0018      Fe 2b               4255.00A   -4.080   21.2879
Fe 2                3224.54A   -7.592    0.0065      Fe 2                1.47063m   -8.398    0.0010      Fe 2b               4558.00A   -4.810    3.9625
Fe 2                3214.67A   -7.009    0.0250      Fe 2                1.01273m   -8.075    0.0022      Fe 2b               4600.00A   -4.780    4.2429
Fe 2                2625.67A   -3.971   27.3604      Fe 2                6353.11A   -8.198    0.0016      Fe 2b               4743.00A   -5.529    0.7566
Fe 2                2611.87A   -4.728    4.7880      Fe 2                1.80228m   -8.297    0.0013      Fe 2b               4855.00A   -4.950    2.8703
Fe 2                2598.37A   -5.960    0.2806      Fe 2                1.00387m   -8.227    0.0015      Fe 2b               4920.00A   -4.435    9.3830
Fe 2                2395.63A   -4.981    2.6736      Fe 2                9469.41A   -8.112    0.0020      Fe 2b               4975.00A   -4.965    2.7706
Fe 2                2388.63A   -6.049    0.2283      Fe 2                9384.77A   -7.603    0.0064      Fe 2b               4971.00A   -5.008    2.5099
Fe 2                2383.06A   -7.894    0.0033      Fe 2                2.39329m   -7.652    0.0057      Fe 2b               5070.00A   -4.887    3.3173
Fe 2                2364.83A   -5.369    1.0942      Fe 2                4825.73A   -7.060    0.0223      Fe 2b               5143.00A   -4.353   11.3345
Fe 2                2332.80A   -6.481    0.0846      Fe 2                2.50030m   -7.989    0.0026      Fe 2b               5270.00A   -4.069   21.8233
Fe 2                2279.91A   -7.981    0.0027      Fe 2                4867.73A   -8.101    0.0020      Fe 2b               5318.00A   -4.387   10.4886
Fe 2                51.2868m   -5.136    1.8711      Fe 2                2.59860m   -8.372    0.0011      Fe 2b               5540.00A   -5.534    0.7476
Fe 2                5.67236m   -6.271    0.1371      Fe 2                4903.85A   -7.553    0.0072      Fe 2b               5865.00A   -6.133    0.1881
Fe 2                4.60641m   -6.080    0.2127      Fe 2                1.04657m   -8.405    0.0010      Fe 2b               6265.00A   -6.945    0.0291
Fe 2                4.08085m   -6.826    0.0382      Fe 2                3.58120m   -7.996    0.0026      Fe 2b               6565.00A   -6.289    0.1313
Fe 2                1.37181m   -5.445    0.9175      Fe 2                3.15558m   -8.027    0.0024      Fe 2b               6910.00A   -6.229    0.1509
Fe 2                1.29427m   -6.021    0.2437      Fe 2                5171.63A   -7.362    0.0111      Fe 2b               7445.00A   -4.610    6.2755
Fe 2                7806.23A   -7.278    0.0135      Fe 2                5169.03A   -6.595    0.0650      Fe 2b               8625.00A   -4.278   13.4756
Fe 2                7686.93A   -5.583    0.6674      Fe 2                5018.44A   -8.308    0.0013      Fe 2b               1.03250m   -5.336    1.1803
Fe 2                7552.40A   -8.062    0.0022      Fe 2                6044.54A   -7.805    0.0040      Fe 2b               1.88900m   -3.984   26.5359
Fe 2                4958.23A   -7.380    0.0107      Fe 2                5316.61A   -8.278    0.0013      Fe 2b               2.20000m   -6.067    0.2191
Fe 2                4750.57A   -7.377    0.0107      Fe 3                22.9190m   -8.321    0.0012      miscellaneous..................................
Fe 2                4728.07A   -6.178    0.1699      Fe 3                4985.87A   -8.185    0.0017      Blnd                8446.00A   -8.126    0.0019
Fe 2                4514.90A   -6.540    0.0737      K  1                7664.90A   -8.080    0.0021      Blnd                1304.00A   -6.525    0.0763
Fe 2                4488.75A   -6.259    0.1407      K  1                7698.96A   -8.378    0.0011      Blnd                2798.00A   -3.103  201.8975
Fe 2                4470.30A   -7.462    0.0088      Mg 1                2025.82A   -7.763    0.0044      Blnd                6720.00A   -3.765   43.8829
Fe 2                4413.78A   -4.966    2.7664      Mg 1                2852.13A   -4.959    2.8076      Blnd                4074.00A   -5.090    2.0806
Fe 2                3254.24A   -7.069    0.0218      Mg 1                3832.30A   -8.032    0.0024      Blnd                1.03300m   -5.199    1.6184
Fe 2                3244.18A   -7.364    0.0111      Mg 1                3838.29A   -7.615    0.0062      Blnd                1256.00A   -7.139    0.0186
Fe 2                2631.32A   -4.898    3.2310      Mg 1                4562.60A   -4.766    4.3818      Blnd                5892.00A   -6.555    0.0713
Fe 2                2617.62A   -6.342    0.1164      Mg 1                4571.10A   -5.204    1.5968      Blnd                2665.00A   -4.656    5.6394
Fe 2                2607.09A   -6.258    0.1411      Mg 1                4575.29A   -6.132    0.1885      Blnd                2335.00A   -4.465    8.7575
Fe 2                2404.89A   -5.951    0.2863      Mg 1                5167.32A   -7.291    0.0131      Blnd                8579.00A   -4.071   21.7130
Fe 2                2399.24A   -6.780    0.0425      Mg 1                5172.68A   -6.817    0.0390      Blnd                7306.00A   -3.428   95.4405
Fe 2                2395.42A   -7.744    0.0046      Mg 1                5183.60A   -6.596    0.0647      Blnd                3933.00A   -5.847    0.3639
Fe 2                2380.76A   -4.789    4.1523      Mg 1                8806.76A   -6.874    0.0342      Blnd                1657.00A   -5.606    0.6327
Fe 2                2348.30A   -6.513    0.0784      Mg 1                1.18282m   -7.035    0.0236      Blnd                9850.00A   -3.032  237.6287
Fe 2                2327.40A   -7.098    0.0204      Mg 1                1.50250m   -7.857    0.0036      Blnd                2326.00A   -6.448    0.0912
Fe 2                87.3597m   -5.838    0.3715      Mg 1                1.50402m   -8.301    0.0013      Blnd                1335.00A   -7.510    0.0079
Fe 2                5.06097m   -6.738    0.0467      Mg 1                1.71087m   -7.546    0.0073      Blnd                3467.00A   -5.955    0.2835
Fe 2                4.43363m   -6.656    0.0565      Mn 2                2576.10A   -6.045    0.2306      Blnd                5199.00A   -3.710   49.8310
Fe 2                1.40951m   -8.066    0.0022      Mn 2                2593.72A   -6.138    0.1860      Blnd                1.04030m   -5.199    1.6168
Fe 2                1.32777m   -6.204    0.1597      Mn 2                2605.68A   -6.278    0.1347      Blnd                2141.00A   -8.188    0.0017
Fe 2                1.27877m   -6.262    0.1400      Mn 2                3438.97A   -7.643    0.0058      Blnd                6300.00A   -3.430   95.0353
Fe 2                1.25214m   -7.302    0.0128      Mn 2                3460.03A   -8.196    0.0016      Blnd                2471.00A   -8.075    0.0022
Fe 2                7926.88A   -7.540    0.0074      N  1                1134.98A   -8.392    0.0010      Blnd                7323.00A   -8.243    0.0015
Fe 2                7803.89A   -7.280    0.0134      N  1                1199.55A   -7.569    0.0069      Blnd                7332.00A   -8.325    0.0012
Fe 2                7665.28A   -6.533    0.0750      N  1                1200.22A   -7.741    0.0046      Blnd                3727.00A   -6.164    0.1754
Fe 2                5006.63A   -6.680    0.0534      N  1                1200.71A   -8.044    0.0023      Blnd                7325.00A   -7.981    0.0027



 IC443 grid point v shock=69 km/s  
 Cooling:  H  1c                     0 :0.136 Fe 2c                     0 :0.071 O  1c                     0 :0.405 Si 2c                     0 :0.234  
 Heating:  TotM                      0 :0.180 CT H                      0 :0.256 H- H                      0 :0.561  

 These are some of the most important databases used by Cloudy:
 Many recombination coefficients were taken from http://amdpp.phys.strath.ac.uk/tamoc/RR/ and http://amdpp.phys.strath.ac.uk/tamoc/DR/
      and are based on the following papers:
        Badnell N. R., et al., A&A 406, 1151 (2003) [http://adsabs.harvard.edu/abs/2003A%26A...406.1151B]
        Badnell N. R., ApJS 167, 334 (2006) [http://adsabs.harvard.edu/abs/2006ApJS..167..334B]
 Much of the molecular emission data is from LAMDA as accessed on June 30, 2015. This database is described in:
        Schoeier F.L., et al., A&A 432, 369 (2005) [http://adsabs.harvard.edu/abs/2005A%26A...432..369S]
      This database is in part based on the work of the following groups:
        JPL: Pickett H. M. et al., JQSRT, 60, 883 (1998). [http://adsabs.harvard.edu/abs/1998JQSRT..60..883P]
        CDMS: Mueller H. S. et al., A&A 370, L49 (2001). [http://adsabs.harvard.edu/abs/2001A%26A...370L..49M]
              Mueller H. S. et al., J. Mol. Struct. 742, 215 (2005). [http://adsabs.harvard.edu/abs/2005JMoSt.742..215M]
 Some of the ionic emission data is from version 10.0.1 of CHIANTI. CHIANTI is a collaborative project involving the NRL (USA), the
      Universities of Florence (Italy) and Cambridge (UK), and George Mason University (USA). These papers describe Chianti:
        Dere K. P., et al., A&AS, 125, 149 (1997) [http://adsabs.harvard.edu/abs/1997A%26AS..125..149D]
        Landi E., et al., ApJ, 744, 99 (2012) [http://adsabs.harvard.edu/abs/2012ApJ...744...99L]
 Much of the H_2 data is from this web site: http://molat.obspm.fr/index.php?page=pages/Molecules/H2/H2can94.php. These data are
      described in:
        Abgrall H. et al., Can. J. Phys., 72, 856 (1994) [http://adsabs.harvard.edu/abs/1994CaJPh..72..856A]
        Wrathmall S. A. & Flower D. R., J. Phys. B, 40, 3221 (2007) [http://adsabs.harvard.edu/abs/2007JPhB...40.3221W]
 The Case A and Case B recombination predictions for one-electron systems are from
	Storey, P.J. & Hummer, D.G., 1995, MNRAS 272, 41 http://adsabs.harvard.edu/abs/1995MNRAS.272...41S
 The He I recombination predictions are from
	Porter, R. L.; Ferland, G. J.; Storey, P. J.; Detisch, M. J., 2012, MNRAS, 425, 28p http://adsabs.harvard.edu/abs/2012MNRAS.425L..28P
		http://adsabs.harvard.edu/abs/2013MNRAS.433L..89P

 If you find some process or data set to be particularly critical to a result, please follow the trail of references back to the
 original source and cite that.  This will support and encourage atomic, molecular, and chemical physicists to continue their
 valuable work.

 IONIZE PARMET:  U(1-)-37.0000  U(4-):-37.0000  U(sp):-37.00  Q(ion):   -3.027  L(ion)-13.537    Q(low): 11.361    L(low) -1.984
 ENERGY BUDGET:  Heat:  -5.959  Coolg:  -1.636  Error:2103743.3%  Rec Lin:  -2.939  F-F  H  0.000    P(rad/tot)max     3.14E-04    R(F Con):1.737e+05

     Col(Heff):      1.006E+21  snd travl time  2.32E+12 sec  Te-low: 1.00E+04  Te-hi: 1.00E+04  G0TH85: 0.00E+00  G0DB96:0.00E+00
  Emiss Measure    n(e)n(p) dl       4.126E+17  n(e)n(He+)dl         3.580E+09  En(e)n(He++) dl         0.000E+00  ne nC+:4.32E+14
 He/Ha:2.68E-08  =   0.00*true  Lthin:4.46E+06  itr/zn: 1.58  H2 itr/zn:  0.00  File Opacity: F  MassTot 2.85e-03  (gm/cm^2)
   Temps(21 cm)   T(21cm/Ly a)  5.33E+03        T(<nH/Tkin>)  1.00E+04          T(<nH/Tspin>)    5.72E+03          TB21cm:2.91E+01
                   N(H0/Tspin)  2.10E+17        N(OH/Tkin)    1.25E+08          B(21cm)          0.00E+00
   <a>:1.02E-11  erdeFe0.0E+00  Tcompt0.00E+00  Tthr1.26E+11  <Tden>: 1.00E+04  <dens>:1.53E-21  <MolWgt>1.29E+00
     Mean Jeans  l(cm)1.40E+20  M(sun)1.12E+06  smallest:     len(cm):1.40E+20  M(sun):1.12E+06  a_ox tran:  0.00
 Rion:1.000E+30  Dist:0.00E+00  Diam:0.000E+00
 Hatom level 70  HatomType: add  HInducImp  F  He tot level: 63  He2 level:   70  ExecTime    48.4
 ConvrgError(%)  <eden>  0.169  MaxEden  0.986  <H-C> 100.00  Max(H-C)  100.00  <Press>   0.000  MaxPrs er  0.000
  Continuity(%)  chng Te   0.0  elec den   1.1  n(H2)    0.0  n(CO)        5.7

                                                        Averaged Quantities
             Te      Te(Ne)   Te(NeNp)  Te(NeHe+)Te(NeHe2+) Te(NeO+)  Te(NeO2+)  Te(H2)     N(H)     Ne(O2+)   Ne(Np)
 Radius:  1.00e+04  1.00e+04  1.00e+04  1.00e+04  0.00e+00  1.00e+04  1.00e+04  1.00e+04  6.46e+02  5.12e-01  5.09e-01
 
 Peimbert T(OIIIr)0.00E+00 T(Bac)0.00E+00 T(Hth)7.16E+03 t2(Hstrc) 1.32e-31 T(O3-BAC)5.68E+03 t2(O3-BC)-1.53e-01 t2(O3str) 0.00e+00

 Contin Optical Depths: COMP: 6.26e-07    H-: 4.06e-04 R(1300): 8.06e-03  H2+: 1.79e-06  Bra:6.27E-07
                          Pa: 6.32e-07    Ba: 3.71e-04      Hb: 2.87e-04   La: 1.99e+01     1r:7.630E+03  1.8:2.38E+03 4.:3.598E+02

 Old, new H  1 continuum optical depths:
     1 7.63e+03     2 2.07e-04     3 4.07e-04     4 4.07e-04     5 4.07e-04     6 1.05e-04     7 1.05e-04     8 1.05e-04
     9 1.05e-04    10 2.03e-17    11 2.03e-17    12 2.03e-17    13 2.03e-17    14 2.03e-17    15 2.93e-17    16 2.93e-17
    17 2.93e-17    18 2.93e-17    19 2.93e-17    20 2.93e-17    21 5.10e-17    22 5.10e-17    23 5.10e-17    24 5.10e-17
    25 5.10e-17    26 5.10e-17    27 5.10e-17    28 8.23e-17    29 8.23e-17    30 8.23e-17    31 8.23e-17    32 8.23e-17
    33 8.23e-17    34 8.23e-17    35 8.23e-17    36 1.26e-16    37 1.26e-16    38 1.26e-16    39 1.26e-16    40 1.26e-16
    41 1.26e-16    42 1.26e-16    43 1.26e-16    44 1.26e-16    45 1.84e-16    46 1.84e-16    47 1.84e-16    48 1.84e-16
    49 1.84e-16    50 1.84e-16    51 1.84e-16    52 1.84e-16    53 1.84e-16    54 1.84e-16
     1 7.63e+03     2 2.08e-04     3 4.08e-04     4 4.08e-04     5 4.08e-04     6 1.06e-04     7 1.06e-04     8 1.06e-04
     9 1.06e-04    10 2.02e-17    11 2.02e-17    12 2.02e-17    13 2.02e-17    14 2.02e-17    15 2.91e-17    16 2.91e-17
    17 2.91e-17    18 2.91e-17    19 2.91e-17    20 2.91e-17    21 5.06e-17    22 5.06e-17    23 5.06e-17    24 5.06e-17
    25 5.06e-17    26 5.06e-17    27 5.06e-17    28 8.17e-17    29 8.17e-17    30 8.17e-17    31 8.17e-17    32 8.17e-17
    33 8.17e-17    34 8.17e-17    35 8.17e-17    36 1.25e-16    37 1.25e-16    38 1.25e-16    39 1.25e-16    40 1.25e-16
    41 1.25e-16    42 1.25e-16    43 1.25e-16    44 1.25e-16    45 1.83e-16    46 1.83e-16    47 1.83e-16    48 1.83e-16
    49 1.83e-16    50 1.83e-16    51 1.83e-16    52 1.83e-16    53 1.83e-16    54 1.83e-16

 Old, new H  1 mean line optical depths:
  2- 1 1.26e+08  3- 2 9.93e-06  4- 3 9.82e-13  5- 4 5.21e-13  6- 5 1.25e-12  7- 6-3.57e-14  8- 7 4.25e-14
  9- 8 3.91e-13 10- 9 1.33e-12 11-10 5.75e-12 12-11 3.05e-14 13-12-6.82e-14 14-13-2.80e-13 15-14-6.87e-13 16-15-1.42e-12
 17-16-2.69e-12 18-17-4.80e-12 19-18-8.22e-12 20-19-1.37e-11 21-20-2.24e-11 22-21-3.70e-11 23-22-6.51e-11 24-23-1.46e-10
 25-24-4.00e-09
  2- 1 1.26e+08  3- 2 8.78e-06  4- 3 9.76e-13  5- 4 5.18e-13  6- 5 1.24e-12  7- 6-3.56e-14  8- 7 4.22e-14
  9- 8 3.88e-13 10- 9 1.32e-12 11-10 5.72e-12 12-11 3.04e-14 13-12-6.81e-14 14-13-2.79e-13 15-14-6.86e-13 16-15-1.42e-12
 17-16-2.68e-12 18-17-4.79e-12 19-18-8.20e-12 20-19-1.36e-11 21-20-2.23e-11 22-21-3.68e-11 23-22-6.46e-11 24-23-1.44e-10
 25-24-3.92e-09

 Old, new He 2 continuum optical depths:
     1 3.60e+02     2 7.59e+03     3 1.79e-04     4 1.79e-04     5 1.79e-04     6 2.07e-04     7 2.07e-04     8 2.07e-04
     9 2.07e-04    10 3.29e-04    11 3.29e-04    12 3.29e-04    13 3.29e-04    14 3.29e-04    15 4.07e-04    16 4.07e-04
    17 4.07e-04    18 4.07e-04    19 4.07e-04    20 4.07e-04    21 3.43e-04    22 3.43e-04    23 3.43e-04    24 3.43e-04
    25 3.43e-04    26 3.43e-04    27 3.43e-04    28 1.05e-04    29 1.05e-04    30 1.05e-04    31 1.05e-04    32 1.05e-04
    33 1.05e-04    34 1.05e-04    35 1.05e-04    36 1.32e-17    37 1.32e-17    38 1.32e-17    39 1.32e-17    40 1.32e-17
    41 1.32e-17    42 1.32e-17    43 1.32e-17    44 1.32e-17    45 2.03e-17    46 2.03e-17    47 2.03e-17    48 2.03e-17
    49 2.03e-17    50 2.03e-17    51 2.03e-17    52 2.03e-17    53 2.03e-17    54 2.03e-17
     1 3.60e+02     2 7.59e+03     3 1.79e-04     4 1.79e-04     5 1.79e-04     6 2.08e-04     7 2.08e-04     8 2.08e-04
     9 2.08e-04    10 3.30e-04    11 3.30e-04    12 3.30e-04    13 3.30e-04    14 3.30e-04    15 4.08e-04    16 4.08e-04
    17 4.08e-04    18 4.08e-04    19 4.08e-04    20 4.08e-04    21 3.44e-04    22 3.44e-04    23 3.44e-04    24 3.44e-04
    25 3.44e-04    26 3.44e-04    27 3.44e-04    28 1.06e-04    29 1.06e-04    30 1.06e-04    31 1.06e-04    32 1.06e-04
    33 1.06e-04    34 1.06e-04    35 1.06e-04    36 1.31e-17    37 1.31e-17    38 1.31e-17    39 1.31e-17    40 1.31e-17
    41 1.31e-17    42 1.31e-17    43 1.31e-17    44 1.31e-17    45 2.02e-17    46 2.02e-17    47 2.02e-17    48 2.02e-17
    49 2.02e-17    50 2.02e-17    51 2.02e-17    52 2.02e-17    53 2.02e-17    54 2.02e-17

 Old, new He 2 mean line optical depths:
  2- 1 0.00e+00  3- 2 0.00e+00  4- 3 0.00e+00  5- 4 0.00e+00  6- 5 0.00e+00  7- 6 0.00e+00  8- 7 0.00e+00
  9- 8 0.00e+00 10- 9 0.00e+00 11-10 0.00e+00 12-11 0.00e+00 13-12 0.00e+00 14-13 0.00e+00 15-14 0.00e+00 16-15 0.00e+00
 17-16 0.00e+00 18-17 0.00e+00 19-18 0.00e+00 20-19 0.00e+00 21-20 0.00e+00 22-21 0.00e+00 23-22 0.00e+00 24-23 0.00e+00
 25-24 0.00e+00
  2- 1 0.00e+00  3- 2 0.00e+00  4- 3 0.00e+00  5- 4 0.00e+00  6- 5 0.00e+00  7- 6 0.00e+00  8- 7 0.00e+00
  9- 8 0.00e+00 10- 9 0.00e+00 11-10 0.00e+00 12-11 0.00e+00 13-12 0.00e+00 14-13 0.00e+00 15-14 0.00e+00 16-15 0.00e+00
 17-16 0.00e+00 18-17 0.00e+00 19-18 0.00e+00 20-19 0.00e+00 21-20 0.00e+00 22-21 0.00e+00 23-22 0.00e+00 24-23 0.00e+00
 25-24 0.00e+00

 Old He Is optical depths:    1 2.38e+03    2 1.35e-04    3 1.72e-04    4 1.92e-04    5 1.92e-04
 New He Is optical depths:    1 2.38e+03    2 1.36e-04    3 1.72e-04    4 1.93e-04    5 1.93e-04
          Old He Is Lines:  584 7.98e+06 3889 3.67e-08 5016 6.26e-14 5876 2.93e-19
          New He Is Lines:  584 7.98e+06 3889 3.65e-08 5016 6.22e-14 5876 2.92e-19

==== H      compounds ====           Log10 column densities [cm^-2]
   H2        : 15.631   H2*       : 13.162   H2+       : 11.408   H3+       :  7.561
==== He     compounds ====
   HeH+      : 10.589
==== Li     compounds ====
   LiH       :  3.260   LiH+      :  1.071
==== C      compounds ====
   CH        : 12.123   CH+       :  9.917   CH2       :  7.509   CH2+      :  5.996   CH3       :  1.297   CH3+      :  1.150
   CH4       : -3.816   CH4+      : -5.576   CH5+      :-10.214   C2        : 11.145   C2+       :  9.855   C2H       :  6.270
   C2H+      :  5.817   C2H2      :  0.220   C2H2+     :  1.588   C2H3+     : -8.008   C3        :  0.861   C3+       :  3.675
   C3H       : -1.386   C3H+      :  0.091
==== N      compounds ====
   NH        : 13.801   NH+       : 13.116   NH2       :  9.491   NH2+      :  9.211   NH3       :  4.931   NH3+      :  4.623
   NH4+      : -1.876   CN        : 13.126   CN+       :  7.530   HCN       :  7.531   HCN+      :  6.485   HNC       :  5.683
   HCNH+     :  2.326   HC3N      : -3.704   N2        : 14.036   N2+       : 10.057   N2H+      :  2.701
==== O      compounds ====
   OH        : 12.098   OH+       : 12.249   H2O       :  6.496   H2O+      :  8.118   H3O+      :  3.716   CO        : 14.399
   CO+       :  7.322   HCO+      :  8.116   H2CO      :  3.203   NO        : 12.296   NO+       : 10.644   HNO       :  5.907
   HNO+      :  6.190   OCN       :  4.066   OCN+      :  7.681   N2O       :  6.965   O2        :  7.713   O2+       : 10.675
   NO2       :  5.114   NO2+      :  4.307
==== F      compounds ====
   HF        : 12.191   HF+       :  4.242   H2F+      :  0.300   CF+       :  8.735
==== Ne     compounds ====
   NeH+      :  8.898
==== Si     compounds ====
   SiH       :  4.950   SiH2+     :  3.816   SiN       :  2.653   SiN+      : 10.904   SiO       :  7.449   SiO+      :  9.391
   SiOH+     :  4.847
==== S      compounds ====
   HS        : 11.237   HS+       :  9.911   CS        :  9.565   CS+       :  8.748   HCS+      :  5.528   NS        : 10.453
   NS+       : 10.161   SO        :  9.929   SO+       :  9.104   OCS       :  3.078   OCS+      :  1.797   SO2       :-35.930
   SiS       : 10.870   S2        :  4.362   S2+       :  3.233
==== Cl     compounds ====
   HCl       :  7.223   HCl+      : 10.301   H2Cl+     :  6.401   CCl       :-13.241   CCl+      :  1.743   H2CCl+    :-15.979
   ClO       :-13.552   ClO+      :-18.137
==== Ar     compounds ====
   ArH+      :  9.041


               1      2      3      4      5      6      7      8      9     10     11     12     13     14     15     16     17

 Hydrogen   21.080 17.908 15.632 (H2)                Log10 Column density (cm^-2)
 Helium     20.080  9.846-30.000
 Lithium     9.810 12.388-30.000-30.000
 Beryllium   9.768 10.411  4.032-30.000-30.000
 Boron       9.444 11.869 -1.275-30.000-30.000-30.000
 Carbon     17.468 14.929  3.520-30.000-30.000-30.000-30.000
 Nitrogen   17.008 13.935 -0.470-30.000-30.000-30.000-30.000-30.000
 Oxygen     17.770 14.505 -5.346-30.000-30.000-30.000-30.000-30.000-30.000
 Fluorine   13.541  8.545 -6.866-30.000-30.000-30.000-30.000-30.000-30.000-30.000
 Neon       17.080 10.528-30.000-30.000-30.000-30.000-30.000-30.000-30.000-30.000-30.000
 Sodium     12.728 15.410 -5.781-30.000-30.000-30.000-30.000-30.000-30.000-30.000-30.000-30.000
 Magnesium  15.245 16.602 12.649-30.000-30.000-30.000-30.000-30.000-30.000-30.000-30.000-30.000-30.000
 Aluminium  12.223 15.550  8.868-30.000-30.000-30.000-30.000-30.000-30.000-30.000-30.000-30.000-30.000-30.000
 Silicon    13.957 16.619 11.655-30.000-30.000-30.000-30.000-30.000-30.000-30.000-30.000-30.000-30.000-30.000-30.000
 Phosphorus 11.720 14.585  5.615-30.000-30.000-30.000-30.000-30.000-30.000-30.000-30.000-30.000-30.000-30.000-30.000-30.000
 Sulphur    16.221 15.741  7.111-30.000-30.000-30.000-30.000-30.000-30.000-30.000-30.000-30.000-30.000-30.000-30.000-30.000-30.000
 Chlorine   12.229 14.358  5.580-30.000-30.000-30.000-30.000-30.000-30.000-30.000-30.000-30.000-30.000-30.000-30.000-30.000-30.000
-30.000
 Argon      15.480 11.317  1.012-30.000-30.000-30.000-30.000-30.000-30.000-30.000-30.000-30.000-30.000-30.000-30.000-30.000-30.000
-30.000-30.000
 Potassium  10.878 14.200  1.371-30.000-30.000-30.000-30.000-30.000-30.000-30.000-30.000-30.000-30.000-30.000-30.000-30.000-30.000
-30.000-30.000-30.000
 Calcium    12.834 15.435 13.386-30.000-30.000-30.000-30.000-30.000-30.000-30.000-30.000-30.000-30.000-30.000-30.000-30.000-30.000
-30.000-30.000-30.000-30.000
 Scandium    9.508 12.247 10.044-30.000-30.000-30.000-30.000-30.000-30.000-30.000-30.000-30.000-30.000-30.000-30.000-30.000-30.000
-30.000-30.000-30.000-30.000-30.000
 Titanium   10.629 14.101 10.806-30.000-30.000-30.000-30.000-30.000-30.000-30.000-30.000-30.000-30.000-30.000-30.000-30.000-30.000
-30.000-30.000-30.000-30.000-30.000-30.000
 Vanadium   11.116 13.075  8.763-30.000-30.000-30.000-30.000-30.000-30.000-30.000-30.000-30.000-30.000-30.000-30.000-30.000-30.000
-30.000-30.000-30.000-30.000-30.000-30.000-30.000
 Chromium   12.205 14.749 11.044-30.000-30.000-30.000-30.000-30.000-30.000-30.000-30.000-30.000-30.000-30.000-30.000-30.000-30.000
-30.000-30.000-30.000-30.000-30.000-30.000-30.000-30.000
 Manganese  11.089 14.539 10.574-30.000-30.000-30.000-30.000-30.000-30.000-30.000-30.000-30.000-30.000-30.000-30.000-30.000-30.000
-30.000-30.000-30.000-30.000-30.000-30.000-30.000-30.000-30.000
 Iron       13.013 16.530 12.276-30.000-30.000-30.000-30.000-30.000-30.000-30.000-30.000-30.000-30.000-30.000-30.000-30.000-30.000
-30.000-30.000-30.000-30.000-30.000-30.000-30.000-30.000-30.000-30.000
 Cobalt     12.283 13.992  7.684-30.000-30.000-30.000-30.000-30.000-30.000-30.000-30.000-30.000-30.000-30.000-30.000-30.000-30.000
-30.000-30.000-30.000-30.000-30.000-30.000-30.000-30.000-30.000-30.000-30.000
 Nickel     11.966 15.330  3.542-30.000-30.000-30.000-30.000-30.000-30.000-30.000-30.000-30.000-30.000-30.000-30.000-30.000-30.000
-30.000-30.000-30.000-30.000-30.000-30.000-30.000-30.000-30.000-30.000-30.000-30.000
 Copper     11.916 13.271  2.746-30.000-30.000-30.000-30.000-30.000-30.000-30.000-30.000-30.000-30.000-30.000-30.000-30.000-30.000
-30.000-30.000-30.000-30.000-30.000-30.000-30.000-30.000-30.000-30.000-30.000-30.000-30.000
 Zinc       12.503 13.650  7.109-30.000-30.000-30.000-30.000-30.000-30.000-30.000-30.000-30.000-30.000-30.000-30.000-30.000-30.000
-30.000-30.000-30.000-30.000-30.000-30.000-30.000-30.000-30.000-30.000-30.000-30.000-30.000-30.000
 Exc state                  He[2]  5.545                 C+[2] 14.453                  C[1] 16.571                  C[2] 17.107
                             C[3] 17.108                  O[1] 17.764                  O[2] 15.610                  O[3] 15.496
                           Si+[1] 16.615                C+2[2] -1.014                C+2[3] -9.609                C+2[4] -5.129


 Hydrogen   -0.000 -3.172 -5.147 (H2)                 Log10 Mean Ionisation (over radius)
 Helium      0.000-10.234
 Lithium    -2.580 -0.001
 Beryllium  -0.732 -0.089 -6.468
 Boron      -2.427 -0.002-13.146
 Carbon     -0.002 -2.541-13.949
 Nitrogen   -0.002 -3.075-17.479
 Oxygen     -0.000 -3.266-23.116
 Fluorine   -0.019 -5.015-20.426
 Neon       -0.000 -6.552
 Sodium     -2.682 -0.001-21.191
 Magnesium  -1.376 -0.019 -3.972
 Aluminium  -3.326 -0.000 -6.682
 Silicon    -2.663 -0.001 -4.965
 Phosphorus -2.865 -0.001 -8.970
 Sulphur    -0.124 -0.604 -9.234
 Chlorine   -2.132 -0.003 -8.781
 Argon      -0.000 -4.163-14.468
 Potassium  -3.323 -0.000-12.829
 Calcium    -2.606 -0.005 -2.054
 Scandium   -2.743 -0.003 -2.206
 Titanium   -3.472 -0.000 -3.295
 Vanadium   -1.964 -0.005 -4.317
 Chromium   -2.546 -0.001 -3.706
 Manganese  -3.451 -0.000 -3.966
 Iron       -3.517 -0.000 -4.255
 Cobalt     -1.717 -0.008 -6.316
 Nickel     -3.365 -0.000-11.789
 Copper     -1.373 -0.019-10.544
 Zinc       -1.177 -0.030 -6.571

               1      2      3      4      5      6      7      8      9     10     11     12     13     14     15     16     17

 Hydrogen   -0.000 -3.169 -5.146 (H2)         Log10 Mean Ionisation (over radius*electron density)
 Helium      0.000-10.231
 Lithium    -2.598 -0.001
 Beryllium  -0.755 -0.084 -6.461
 Boron      -2.483 -0.001-13.144
 Carbon     -0.002 -2.538-13.945
 Nitrogen   -0.002 -3.072-17.474
 Oxygen     -0.000 -3.263-23.112
 Fluorine   -0.018 -5.013-20.423
 Neon       -0.000 -6.553
 Sodium     -2.683 -0.001-21.189
 Magnesium  -1.381 -0.019 -3.969
 Aluminium  -3.337 -0.000 -6.681
 Silicon    -2.719 -0.001 -4.962
 Phosphorus -2.865 -0.001 -8.968
 Sulphur    -0.125 -0.601 -9.230
 Chlorine   -2.133 -0.003 -8.780
 Argon      -0.000 -4.162-14.463
 Potassium  -3.324 -0.000-12.828
 Calcium    -2.626 -0.005 -2.055
 Scandium   -2.758 -0.003 -2.207
 Titanium   -3.473 -0.000 -3.295
 Vanadium   -1.967 -0.005 -4.316
 Chromium   -2.574 -0.001 -3.704
 Manganese  -3.451 -0.000 -3.963
 Iron       -3.519 -0.000 -4.252
 Cobalt     -1.742 -0.008 -6.313
 Nickel     -3.366 -0.000-11.787
 Copper     -1.397 -0.018-10.541
 Zinc       -1.207 -0.028 -6.568

               1      2      3      4      5      6      7      8      9     10     11     12     13     14     15     16     17

 Hydrogen    4.000  4.000  4.000 (H2)                  Log10 Mean Temperature (over radius)
 Helium      4.000  4.000
 Lithium     4.000  4.000
 Beryllium   4.000  4.000  4.000
 Boron       4.000  4.000  4.000
 Carbon      4.000  4.000  4.000
 Nitrogen    4.000  4.000  4.000
 Oxygen      4.000  4.000  4.000
 Fluorine    4.000  4.000  4.000
 Neon        4.000  4.000
 Sodium      4.000  4.000  4.000
 Magnesium   4.000  4.000  4.000
 Aluminium   4.000  4.000  4.000
 Silicon     4.000  4.000  4.000
 Phosphorus  4.000  4.000  4.000
 Sulphur     4.000  4.000  4.000
 Chlorine    4.000  4.000  4.000
 Argon       4.000  4.000  4.000
 Potassium   4.000  4.000  4.000
 Calcium     4.000  4.000  4.000
 Scandium    4.000  4.000  4.000
 Titanium    4.000  4.000  4.000
 Vanadium    4.000  4.000  4.000
 Chromium    4.000  4.000  4.000
 Manganese   4.000  4.000  4.000
 Iron        4.000  4.000  4.000
 Cobalt      4.000  4.000  4.000
 Nickel      4.000  4.000  4.000
 Copper      4.000  4.000  4.000
 Zinc        4.000  4.000  4.000

               1      2      3      4      5      6      7      8      9     10     11     12     13     14     15     16     17

 Hydrogen    4.000  4.000  4.000 (H2)          Log10 Mean Temperature (over radius*electron density)
 Helium      4.000  4.000
 Lithium     4.000  4.000
 Beryllium   4.000  4.000  4.000
 Boron       4.000  4.000  4.000
 Carbon      4.000  4.000  4.000
 Nitrogen    4.000  4.000  4.000
 Oxygen      4.000  4.000  4.000
 Fluorine    4.000  4.000  4.000
 Neon        4.000  4.000
 Sodium      4.000  4.000  4.000
 Magnesium   4.000  4.000  4.000
 Aluminium   4.000  4.000  4.000
 Silicon     4.000  4.000  4.000
 Phosphorus  4.000  4.000  4.000
 Sulphur     4.000  4.000  4.000
 Chlorine    4.000  4.000  4.000
 Argon       4.000  4.000  4.000
 Potassium   4.000  4.000  4.000
 Calcium     4.000  4.000  4.000
 Scandium    4.000  4.000  4.000
 Titanium    4.000  4.000  4.000
 Vanadium    4.000  4.000  4.000
 Chromium    4.000  4.000  4.000
 Manganese   4.000  4.000  4.000
 Iron        4.000  4.000  4.000
 Cobalt      4.000  4.000  4.000
 Nickel      4.000  4.000  4.000
 Copper      4.000  4.000  4.000
 Zinc        4.000  4.000  4.000

               1      2      3      4      5      6      7      8      9     10     11     12     13     14     15     16     17
IC443 grid point v shock=69 km/s  

---------------Convergence statistics---------------
      2.29 mean iterations/state convergence
         3 mean cx acceleration loops/iteration
      1.08 mean iso convergence loops/ion solve
      1.02 mean steps/chemistry solve
      1.01 mean step length searches/chemistry step
----------------------------------------------------

 Cloudy ends: 264 zones, 2 iterations. (single thread) ExecTime(s) 48.43
 [Stop in cdMain at maincl.cpp:593, Cloudy exited OK]
