                                                          Cloudy 23.01
                                                         www.nublado.org

                                                  PRNG seed: 0xc649fba06602e86d

                       **************************************23Jul25**************************************
                       *                                                                                 *
                       * title IC443 grid point v shock=77 km/s                                          *
                       * hden 2.9061                                                                     *
                       * constant temperature, t=10000 K linear                                          *
                       * stop column density 21.17                                                       *
                       * iterate                                                                         *
                       * save results last "v77.rlt"                                                     *
                       *                                                                                 *
                       ***********************************************************************************



 NOTE Setcon: continuum has zero intensity starting at  3.0447e-09 Ryd.
  9244 cells in the incident continuum have zero intensity.  Problems???

 NOTE There is no hydrogen-ionizing radiation.
 Was this intended?

 NOTE There is no Balmer continuum radiation.<<<<
 Was this intended?

           9244CellPeak3.04E-09   Lo 3.04e-09=  29.98m   Hi-Con:7.13E+06 Ryd   E(hi):7.35E+06Ryd     E(hi):     100.00 MeV
           I(nu>1ryd):   0.0000   Average nu:0.000E+00   I( X-ray):   0.0000   I(BalC): -30.0000     Phi(BalmrC): -30.0000
           phi(1.0-1.8): 0.0000   phi(1.8-4.0):  0.000   phi(4.0-20):  0.000   phi(20--):  0.000     Ion pht flx:0.000E+00
           I(gam ray):   0.0000   phi(gam r):   0.0000   I(Infred):   0.0000   Alf(ox):   0.0000     Total inten: -35.9298
           U(1.0----):0.000E+00   U(4.0----):0.000E+00   T(En-Den):0.000E+00   T(Comp):0.000E+00     nuJnu(912A):0.000E+00
           Occ(FarIR):0.000E+00   Occ(H n=6):0.000E+00   Occ(1Ryd):0.000E+00   Occ(4R):0.000E+00     Occ (Nu-hi):0.000E+00
           Tbr(FarIR):0.000E+00   Tbr(H n=6):0.000E+00   Tbr(1Ryd):0.000E+00   Tbr(4R):0.000E+00     Tbr (Nu-hi):0.000E+00
  
                                                  Gas Phase Chemical Composition
        H :  0.0000  He: -1.0000  Li: -8.6904  Be:-10.5800  B : -9.2097  C : -3.6108  N : -4.0701  O : -3.3098  F : -7.5200
        Ne: -4.0000  Na: -5.6696  Mg: -4.4597  Al: -5.5302  Si: -4.4597  P : -6.4949  S : -4.7352  Cl: -6.7190  Ar: -5.6003
        K : -6.8794  Ca: -5.6402  Sc: -8.8297  Ti: -6.9788  V : -8.0000  Cr: -6.3298  Mn: -6.5406  Fe: -4.5498  Co: -7.0799
                                               Ni: -5.7496  Cu: -7.7905  Zn: -7.4001
 
 ####  1  Te:1.000E+04 Hden:8.056E+02 Ne:4.542E-01 R:1.000E+30 R-R0:1.468E+11 dR:2.935E+11 NTR:  1 Htot:2.951E-25 T912: 1.50e-03###
 Hydrogen      1.00e+00 4.74e-04 H+o/Hden 1.00e+00 6.31e-09 H-    H2 2.79e-06 1.35e-10 H2+ HeH+ 2.05e-11 Ho+ ColD 2.36e+14 1.12e+11
 Helium        1.00e+00 2.91e-12 0.00e+00 HeI 2s3S 2.80e-15 Comp H,C 0.00e+00 0.00e+00 Fill Fac 1.00e+00 Gam1/tot 5.04e-09
 He singlet n  1.00e+00 1.42e-21 8.53e-30 6.52e-29 9.36e-31 8.21e-30 He tripl 2.80e-15 1.69e-27 1.08e-28 1.04e-28 4.64e-30
 Pressure      NgasTgas 8.87e+06 P(total) 1.23e-09 P( gas ) 1.23e-09 P(Radtn) 0.00e+00 Rad accl 0.00e+00 ForceMul 0.00e+00
 Texc(La)      2.34e+03 T(I con) 0.00e+00 T(D con) 5.87e-02 T(U tot) 5.87e-02 nT (c+d) 1.42e+04 Prad/Gas 0.00e+00 Pmag/Gas 0.00e+00
 Molecules     CH/Ctot: 2.11e-06 CH+/Ctot 1.79e-08 CO/Ctot: 4.03e-01 CO+/Ctot 2.05e-08 H2O/Otot 2.82e-12 OH/Ototl 1.34e-06
 Lithium       9.07e-03 9.91e-01 0.00e+00 0.00e+00 Berylliu 9.52e-01 4.78e-02 1.57e-08 0.00e+00 0.00e+00 sec ion: 0.00e+00
 Boron         5.22e-01 4.78e-01 2.64e-14 0.00e+00 0.00e+00 0.00e+00
 Carbon        5.93e-01 4.22e-03 1.21e-14 0.00e+00 0.00e+00 0.00e+00 0.00e+00 H2O+/O   2.29e-10 OH+/Otot 2.88e-06 Hex(tot) 0.00e+00
 Nitrogen      9.82e-01 5.46e-04 1.08e-19 0.00e+00 0.00e+00 0.00e+00 0.00e+00 0.00e+00 O2/Ototl 6.49e-11 O2+/Otot 8.45e-08
 Oxygen        7.98e-01 3.05e-04 3.30e-24 0.00e+00 0.00e+00 0.00e+00 0.00e+00 0.00e+00 0.00e+00
 Fluorine      8.28e-01 8.38e-06 2.69e-21 0.00e+00 0.00e+00 0.00e+00 0.00e+00 0.00e+00 0.00e+00 0.00e+00
 Neon          1.00e+00 2.96e-07 0.00e+00 0.00e+00 0.00e+00 0.00e+00 0.00e+00 0.00e+00 0.00e+00 0.00e+00 0.00e+00
 Sodium        2.05e-03 9.98e-01 5.10e-22 0.00e+00 0.00e+00 0.00e+00 0.00e+00 0.00e+00 0.00e+00 0.00e+00 0.00e+00 0.00e+00
 Magnesium     6.13e-02 9.39e-01 7.40e-05 0.00e+00 0.00e+00 0.00e+00 0.00e+00 0.00e+00 0.00e+00 0.00e+00 0.00e+00 0.00e+00 0.00e+00
 Aluminium  0  9.76e-04 9.99e-01 1.79e-07 0.00e+00 0.00e+00 0.00e+00 0.00e+00 0.00e+00 0.00e+00 0.00e+00 0.00e+00 0.00e+00 0.00e+00
 Silicon    0  1.19e-01 4.20e-01 3.21e-06 0.00e+00 0.00e+00 0.00e+00 0.00e+00 0.00e+00 0.00e+00 0.00e+00 0.00e+00 0.00e+00 0.00e+00
 Phosphorus 0  1.40e-03 9.99e-01 8.26e-10 0.00e+00 0.00e+00 0.00e+00 0.00e+00 0.00e+00 0.00e+00 0.00e+00 0.00e+00 0.00e+00 0.00e+00
 Sulphur    0  1.17e-01 1.34e-02 2.48e-12 0.00e+00 0.00e+00 0.00e+00 0.00e+00 0.00e+00 0.00e+00 0.00e+00 0.00e+00 0.00e+00 0.00e+00
 Chlorine   0  7.98e-03 9.92e-01 1.40e-09 0.00e+00 0.00e+00 0.00e+00 0.00e+00 0.00e+00 0.00e+00 0.00e+00 0.00e+00 0.00e+00 0.00e+00
 Argon      0  1.00e+00 4.06e-05 1.01e-16 0.00e+00 0.00e+00 0.00e+00 0.00e+00 0.00e+00 0.00e+00 0.00e+00 0.00e+00 0.00e+00 0.00e+00
 Potassium  0  4.99e-04 1.00e+00 1.21e-13 0.00e+00 0.00e+00 0.00e+00 0.00e+00 0.00e+00 0.00e+00 0.00e+00 0.00e+00 0.00e+00 0.00e+00
 Calcium    0  9.88e-03 9.81e-01 9.23e-03 0.00e+00 0.00e+00 0.00e+00 0.00e+00 0.00e+00 0.00e+00 0.00e+00 0.00e+00 0.00e+00 0.00e+00
 Scandium   0  4.97e-03 9.88e-01 6.59e-03 0.00e+00 0.00e+00 0.00e+00 0.00e+00 0.00e+00 0.00e+00 0.00e+00 0.00e+00 0.00e+00 0.00e+00
 Titanium   0  3.53e-04 9.99e-01 5.41e-04 0.00e+00 0.00e+00 0.00e+00 0.00e+00 0.00e+00 0.00e+00 0.00e+00 0.00e+00 0.00e+00 0.00e+00
 Vanadium   0  1.29e-02 9.87e-01 4.04e-05 0.00e+00 0.00e+00 0.00e+00 0.00e+00 0.00e+00 0.00e+00 0.00e+00 0.00e+00 0.00e+00 0.00e+00
 Chromium   0  2.09e-02 9.79e-01 1.36e-04 0.00e+00 0.00e+00 0.00e+00 0.00e+00 0.00e+00 0.00e+00 0.00e+00 0.00e+00 0.00e+00 0.00e+00
 Manganese  0  3.70e-04 1.00e+00 7.62e-05 0.00e+00 0.00e+00 0.00e+00 0.00e+00 0.00e+00 0.00e+00 0.00e+00 0.00e+00 0.00e+00 0.00e+00
 Iron       0  3.28e-04 1.00e+00 3.92e-05 0.00e+00 0.00e+00 0.00e+00 0.00e+00 0.00e+00 0.00e+00 0.00e+00 0.00e+00 0.00e+00 0.00e+00
 Cobalt     0  1.10e-01 8.90e-01 3.08e-07 0.00e+00 0.00e+00 0.00e+00 0.00e+00 0.00e+00 0.00e+00 0.00e+00 0.00e+00 0.00e+00 0.00e+00
 Nickel     0  4.64e-04 1.00e+00 1.25e-12 0.00e+00 0.00e+00 0.00e+00 0.00e+00 0.00e+00 0.00e+00 0.00e+00 0.00e+00 0.00e+00 0.00e+00
 Copper     0  2.25e-01 7.75e-01 1.75e-11 0.00e+00 0.00e+00 0.00e+00 0.00e+00 0.00e+00 0.00e+00 0.00e+00 0.00e+00 0.00e+00 0.00e+00
 Zinc       0  6.19e-01 3.81e-01 8.75e-08 0.00e+00 0.00e+00 0.00e+00 0.00e+00 0.00e+00 0.00e+00 0.00e+00 0.00e+00 0.00e+00 0.00e+00
 ####265  Te:1.000E+04 Hden:8.056E+02 Ne:7.634E-01 R:1.000E+30 R-R0:1.836E+18 dR:1.782E+14 NTR:  2 Htot:2.361E-24 T912: 9.39e+03###
 Hydrogen      9.99e-01 8.36e-04 H+o/Hden 1.00e+00 9.98e-09 H-    H2 2.94e-06 2.37e-10 H2+ HeH+ 3.59e-11 Ho+ ColD 1.48e+21 1.03e+18
 Helium        1.00e+00 7.05e-11 0.00e+00 HeI 2s3S 4.27e-15 Comp H,C 1.50e-32 5.45e-32 Fill Fac 1.00e+00 Gam1/tot 1.72e-04
 He singlet n  1.00e+00 2.43e-21 6.22e-27 1.02e-28 5.85e-29 1.27e-29 He tripl 4.27e-15 2.58e-27 1.65e-28 1.59e-28 7.26e-30
 Pressure      NgasTgas 8.88e+06 P(total) 1.23e-09 P( gas ) 1.23e-09 P(Radtn) 9.16e-13 Rad accl 2.71e-11 ForceMul 1.92e+05
 Texc(La)      3.48e+03 T(I con) 0.00e+00 T(D con) 2.89e+00 T(U tot) 2.89e+00 nT (c+d) 6.99e+05 Prad/Gas 7.47e-04 Pmag/Gas 0.00e+00
 Molecules     CH/Ctot: 3.74e-06 CH+/Ctot 2.08e-08 CO/Ctot: 1.47e-05 CO+/Ctot 1.18e-11 H2O/Otot 3.57e-12 OH/Ototl 1.80e-06
 Lithium       9.44e-04 9.99e-01 0.00e+00 0.00e+00 Berylliu 6.26e-02 9.37e-01 4.46e-07 0.00e+00 0.00e+00 sec ion: 0.00e+00
 Boron         4.40e-04 1.00e+00 8.41e-14 0.00e+00 0.00e+00 0.00e+00
 Carbon        9.97e-01 3.40e-03 1.55e-14 0.00e+00 0.00e+00 0.00e+00 0.00e+00 H2O+/O   1.04e-10 OH+/Otot 2.07e-06 Hex(tot) 0.00e+00
 Nitrogen      9.98e-01 1.05e-03 4.93e-18 0.00e+00 0.00e+00 0.00e+00 0.00e+00 0.00e+00 O2/Ototl 6.36e-11 O2+/Otot 4.53e-08
 Oxygen        9.99e-01 6.73e-04 1.11e-23 0.00e+00 0.00e+00 0.00e+00 0.00e+00 0.00e+00 0.00e+00
 Fluorine      9.93e-01 1.27e-05 5.47e-21 0.00e+00 0.00e+00 0.00e+00 0.00e+00 0.00e+00 0.00e+00 0.00e+00
 Neon          1.00e+00 2.80e-07 0.00e+00 0.00e+00 0.00e+00 0.00e+00 0.00e+00 0.00e+00 0.00e+00 0.00e+00 0.00e+00
 Sodium        1.96e-03 9.98e-01 7.41e-22 0.00e+00 0.00e+00 0.00e+00 0.00e+00 0.00e+00 0.00e+00 0.00e+00 0.00e+00 0.00e+00
 Magnesium     2.84e-02 9.71e-01 1.34e-04 0.00e+00 0.00e+00 0.00e+00 0.00e+00 0.00e+00 0.00e+00 0.00e+00 0.00e+00 0.00e+00 0.00e+00
 Aluminium  0  2.29e-04 1.00e+00 2.26e-07 0.00e+00 0.00e+00 0.00e+00 0.00e+00 0.00e+00 0.00e+00 0.00e+00 0.00e+00 0.00e+00 0.00e+00
 Silicon    0  2.32e-04 1.00e+00 1.35e-05 0.00e+00 0.00e+00 0.00e+00 0.00e+00 0.00e+00 0.00e+00 0.00e+00 0.00e+00 0.00e+00 0.00e+00
 Phosphorus 0  1.31e-03 9.99e-01 1.26e-09 0.00e+00 0.00e+00 0.00e+00 0.00e+00 0.00e+00 0.00e+00 0.00e+00 0.00e+00 0.00e+00 0.00e+00
 Sulphur    0  6.38e-01 3.62e-01 1.01e-09 0.00e+00 0.00e+00 0.00e+00 0.00e+00 0.00e+00 0.00e+00 0.00e+00 0.00e+00 0.00e+00 0.00e+00
 Chlorine   0  5.52e-03 9.94e-01 1.83e-09 0.00e+00 0.00e+00 0.00e+00 0.00e+00 0.00e+00 0.00e+00 0.00e+00 0.00e+00 0.00e+00 0.00e+00
 Argon      0  1.00e+00 9.05e-05 5.39e-15 0.00e+00 0.00e+00 0.00e+00 0.00e+00 0.00e+00 0.00e+00 0.00e+00 0.00e+00 0.00e+00 0.00e+00
 Potassium  0  4.05e-04 1.00e+00 1.67e-13 0.00e+00 0.00e+00 0.00e+00 0.00e+00 0.00e+00 0.00e+00 0.00e+00 0.00e+00 0.00e+00 0.00e+00
 Calcium    0  8.26e-04 9.91e-01 8.58e-03 0.00e+00 0.00e+00 0.00e+00 0.00e+00 0.00e+00 0.00e+00 0.00e+00 0.00e+00 0.00e+00 0.00e+00
 Scandium   0  7.45e-04 9.93e-01 6.10e-03 0.00e+00 0.00e+00 0.00e+00 0.00e+00 0.00e+00 0.00e+00 0.00e+00 0.00e+00 0.00e+00 0.00e+00
 Titanium   0  3.13e-04 9.99e-01 4.93e-04 0.00e+00 0.00e+00 0.00e+00 0.00e+00 0.00e+00 0.00e+00 0.00e+00 0.00e+00 0.00e+00 0.00e+00
 Vanadium   0  8.09e-03 9.92e-01 5.34e-05 0.00e+00 0.00e+00 0.00e+00 0.00e+00 0.00e+00 0.00e+00 0.00e+00 0.00e+00 0.00e+00 0.00e+00
 Chromium   0  7.83e-04 9.99e-01 2.44e-04 0.00e+00 0.00e+00 0.00e+00 0.00e+00 0.00e+00 0.00e+00 0.00e+00 0.00e+00 0.00e+00 0.00e+00
 Manganese  0  3.28e-04 1.00e+00 1.34e-04 0.00e+00 0.00e+00 0.00e+00 0.00e+00 0.00e+00 0.00e+00 0.00e+00 0.00e+00 0.00e+00 0.00e+00
 Iron       0  2.71e-04 1.00e+00 6.90e-05 0.00e+00 0.00e+00 0.00e+00 0.00e+00 0.00e+00 0.00e+00 0.00e+00 0.00e+00 0.00e+00 0.00e+00
 Cobalt     0  5.63e-03 9.94e-01 6.06e-07 0.00e+00 0.00e+00 0.00e+00 0.00e+00 0.00e+00 0.00e+00 0.00e+00 0.00e+00 0.00e+00 0.00e+00
 Nickel     0  3.88e-04 1.00e+00 1.91e-12 0.00e+00 0.00e+00 0.00e+00 0.00e+00 0.00e+00 0.00e+00 0.00e+00 0.00e+00 0.00e+00 0.00e+00
 Copper     0  1.27e-02 9.87e-01 3.45e-11 0.00e+00 0.00e+00 0.00e+00 0.00e+00 0.00e+00 0.00e+00 0.00e+00 0.00e+00 0.00e+00 0.00e+00
 Zinc       0  1.76e-02 9.82e-01 3.21e-07 0.00e+00 0.00e+00 0.00e+00 0.00e+00 0.00e+00 0.00e+00 0.00e+00 0.00e+00 0.00e+00 0.00e+00
   IC443 grid point v shock=77 km/s  
   Calculation stopped because H column dens reached. Iteration 1 of 2
   The geometry is plane-parallel.
  !Ionization rate fell below background cosmic ray ionization rate.  Should this be added too?
  !   Use the COSMIC RAY BACKGROUND command.
  !Compton cooling rate underflows to zero.  Is this important?
  !Some input lines contained underscores, these were changed to spaces.
  !There is no hydrogen-ionizing radiation.  Was this intended?
  !Thermal collisional ionization of H reached 84.79% of the local ionization rate.
  !Charge transfer H => H+ reached 90061.1% of the local H ionization rate.
  !Charge transfer heating reached 103.06% of the local heating.
  !Continuum zero at some energies.
  !AGE: Cloud age was not set.  Longest timescale was 9.14e+12 s = 2.90e+05 years.
  !Heating - cooling mismatch =200.0%. Caused by constant temperature assumption. 
  !Mutual neutralization production of H-alpha was significant.
  !Incident radiation field energy density is less than 2.7K.  Add background with CMB command.
  !The CMB was not included.  This is added with the CMB command.
  !The intensity of the incident radiation field is less than 10 times the Habing diffuse ISM field.  Is this OK?
  !   Consider adding diffuse ISM emission with TABLE ISM command.
  !An ionization jump occurred elem S  1, by 159% from 1.17e-01 (zone 1) to 4.78e-01 (zone 2) to 7.61e-01 (zone 3)
   The density is too low to l-mix the lowest H  I collapsed level.  More resolved levels are needed for accurate line ratios.
   The density is too low to l-mix the lowest He I collapsed level.  More resolved levels are needed for accurate line ratios.
   Grains were not present but might survive in this environment (energy density temperature was 0.00e+00K)
   The local H2 cooling rate reached 2.0% of the local cooling.
   H- absorption heating was 67.4% of the total.
   The optical depth to Rayleigh scattering at 1300A is 9.92e-03
   The fraction of F in HF reached 0.749% at some point in the cloud.

                       *********************************> Cloudy 23.01 <**********************************
                       * title IC443 grid point v shock=77 km/s                                          *
                       * hden 2.9061                                                                     *
                       * constant temperature, t=10000 K linear                                          *
                       * stop column density 21.17                                                       *
                       * iterate                                                                         *
                       * save results last "v77.rlt"                                                     *
                       *********************************> Log(U):-37.00 <*********************************

                     Emission Line Spectrum.   Constant  Density Model.    Open geometry.  Iteration 1 of 2.
                                                     Intensity (erg/s/cm^2).


                                                   Intrinsic line intensities
general properties.............................      Co 2                1.49674m   -8.067    0.0014      Fe 2                1.47063m   -8.201    0.0010
TotH                      0    -5.645    0.3687      Co 2                1.62622m   -8.055    0.0014      Fe 2                1.01273m   -7.878    0.0022
TotC                      0    -1.451 5768.2480      Co 2                1.73616m   -7.760    0.0028      Fe 2                6353.11A   -8.002    0.0016
TotM                      0    -6.477    0.0543      Co 2                1.02803m   -7.800    0.0026      Fe 2                1.80228m   -8.102    0.0013
CT H                      0    -6.400    0.0648      Co 2                8580.39A   -7.856    0.0023      Fe 2                1.00387m   -8.031    0.0015
H FB                      0    -6.517    0.0495      Co 2                9342.40A   -6.551    0.0458      Fe 2                9469.41A   -7.916    0.0020
HFBc                      0    -6.517    0.0495      Co 2                9943.48A   -6.899    0.0206      Fe 2                9384.77A   -7.407    0.0064
H  1c                     0    -2.306  804.5611      Co 2                7539.01A   -7.219    0.0098      Fe 2                2.39329m   -7.457    0.0057
NOc                       0    -8.067    0.0014      Co 2                8121.00A   -6.932    0.0191      Fe 2                4825.73A   -6.859    0.0225
CNc                       0    -7.056    0.0143      Co 2                8571.41A   -7.539    0.0047      Fe 2                2.50030m   -7.794    0.0026
OHc                       0    -7.699    0.0033      Co 2                6.21176m   -8.180    0.0011      Fe 2                4867.73A   -7.900    0.0020
HFc                       0    -7.816    0.0025      Co 2                8027.34A   -7.398    0.0065      Fe 2                2.59860m   -8.177    0.0011
COc                       0    -4.730    3.0346      Co 2                8467.14A   -7.811    0.0025      Fe 2                4903.85A   -7.352    0.0072
^13COc                    0    -6.251    0.0913      Co 2                8333.76A   -7.579    0.0043      Fe 2                1.04657m   -8.210    0.0010
OH+c                      0    -7.661    0.0036      Cr 2                8000.08A   -5.394    0.6575      Fe 2                3.58120m   -7.801    0.0026
CHc                       0    -7.876    0.0022      Cr 2                8125.30A   -5.468    0.5547      Fe 2                3.15558m   -7.832    0.0024
CHc                       0    -7.466    0.0056      Cr 2                8229.67A   -5.562    0.4464      Fe 2                5171.63A   -7.161    0.0113
Al 1c                     0    -8.155    0.0011      Cr 2                8308.49A   -5.749    0.2901      Fe 2                5169.03A   -6.384    0.0673
C  1c                     0    -2.763  281.0454      Cr 2                8357.64A   -6.047    0.1462      Fe 2                5018.44A   -8.085    0.0013
C  2c                     0    -4.929    1.9175      Fe 1                24.0358m   -5.847    0.2317      Fe 2                6044.54A   -7.604    0.0041
Ca 1c                     0    -6.425    0.0612      Fe 1                34.7038m   -6.435    0.0598      Fe 2                5316.61A   -8.070    0.0014
Cl 1c                     0    -6.755    0.0287      Fe 2                25.9813m   -3.761   28.2532      Fe 3                22.9190m   -8.111    0.0013
Co 2c                     0    -5.317    0.7857      Fe 2                5.33871m   -3.238   94.1171      Fe 3                4985.87A   -7.975    0.0017
Cr 2c                     0    -4.891    2.0949      Fe 2                4.11387m   -5.601    0.4086      K  1                7664.90A   -7.885    0.0021
Fe 1c                     0    -5.747    0.2915      Fe 2                1.25668m   -4.510    5.0362      K  1                7698.96A   -8.183    0.0011
Fe 2c                     0    -2.588  421.1422      Fe 2                1.19129m   -7.294    0.0083      Mg 1                2025.82A   -7.772    0.0028
Fe 3c                     0    -7.394    0.0066      Fe 2                6309.53A   -8.138    0.0012      Mg 1                2852.13A   -4.794    2.6177
K  1c                     0    -7.710    0.0032      Fe 2                4799.30A   -8.038    0.0015      Mg 1                3832.30A   -7.866    0.0022
Mg 1c                     0    -4.279    8.5602      Fe 2                4704.22A   -7.263    0.0089      Mg 1                3838.29A   -7.449    0.0058
Mn 2c                     0    -5.668    0.3497      Fe 2                4632.28A   -5.470    0.5523      Mg 1                4562.60A   -4.600    4.0885
N  1c                     0    -3.498   51.7551      Fe 2                4604.48A   -7.253    0.0091      Mg 1                4571.10A   -5.039    1.4899
Na 1c                     0    -6.350    0.0728      Fe 2                4416.27A   -5.451    0.5766      Mg 1                4575.29A   -5.967    0.1759
Ni 1c                     0    -6.773    0.0275      Fe 2                4382.74A   -6.421    0.0618      Mg 1                5167.32A   -7.125    0.0122
O  1c                     0    -1.847 2317.7949      Fe 2                4287.39A   -4.489    5.2864      Mg 1                5172.68A   -6.651    0.0364
O  2c                     0    -5.941    0.1866      Fe 2                3931.44A   -8.083    0.0013      Mg 1                5183.60A   -6.431    0.0604
P  2c                     0    -4.574    4.3486      Fe 2                3874.07A   -7.714    0.0031      Mg 1                8806.76A   -6.707    0.0320
S  1c                     0    -4.463    5.6137      Fe 2                3175.38A   -6.300    0.0817      Mg 1                1.18282m   -6.865    0.0222
S  2c                     0    -3.483   53.5333      Fe 2                2599.40A   -7.292    0.0083      Mg 1                1.50250m   -7.691    0.0033
Sc 2c                     0    -6.613    0.0398      Fe 2                2382.04A   -5.508    0.5055      Mg 1                1.50402m   -8.136    0.0012
Si 1c                     0    -6.773    0.0275      Fe 2                2343.50A   -8.117    0.0012      Mg 1                1.71087m   -7.372    0.0069
Si 2c                     0    -2.082 1347.4971      Fe 2                35.3391m   -4.422    6.1611      Mn 2                2576.10A   -6.058    0.1426
Zn 2c                     0    -6.878    0.0216      Fe 2                6.71944m   -4.378    6.8242      Mn 2                2593.72A   -6.152    0.1149
Al 2c                     0    -4.409    6.3525      Fe 2                4.88781m   -5.264    0.8869      Mn 2                2605.68A   -6.291    0.0834
Ca 2c                     0    -3.141  117.7253      Fe 2                4.07521m   -6.085    0.1338      Mn 2                3438.97A   -7.426    0.0061
Cl 2c                     0    -4.964    1.7705      Fe 2                1.32055m   -5.006    1.6057      Mn 2                3460.03A   -7.967    0.0018
Mg 2c                     0    -2.905  202.6331      Fe 2                1.24854m   -6.040    0.1486      N  1                1199.55A   -7.369    0.0070
N  2c                     0    -6.095    0.1309      Fe 2                1.20512m   -7.852    0.0023      N  1                1200.22A   -7.542    0.0047
Ni 2c                     0    -3.949   18.3399      Fe 2                7637.52A   -5.310    0.7982      N  1                1200.71A   -7.845    0.0023
continua.......................................      Fe 2                7523.28A   -7.357    0.0072      N  1                3466.50A   -5.843    0.2339
Bac                 3646.00A   -5.804    0.2558      Fe 2                4889.62A   -5.334    0.7557      N  1                3466.54A   -6.516    0.0496
nFnu                3645.00A   -3.298   82.0835      Fe 2                4750.27A   -8.065    0.0014      N  1                5197.90A   -3.912   19.9312
nFnu                3647.00A   -3.299   81.8277      Fe 2                4716.37A   -6.347    0.0732      N  1                5200.26A   -3.736   29.8983
cout                3646.00A   -6.105    0.1279      Fe 2                4687.56A   -6.551    0.0458      N  1                1.03977m   -5.347    0.7320
cref                3646.00A   -6.105    0.1279      Fe 2                4492.64A   -6.320    0.0779      N  1                1.03982m   -5.870    0.2196
thin                3646.00A   -5.804    0.2558      Fe 2                4457.95A   -5.719    0.3112      N  1                1.04072m   -5.695    0.3285
Ba C                      0    -6.550    0.0459      Fe 2                4432.45A   -6.513    0.0500      N  1                1.04076m   -5.683    0.3379
PA C                      0    -6.967    0.0176      Fe 2                4359.33A   -4.619    3.9168      Na 1                5889.95A   -6.652    0.0363
FIR                 83.0000m   -1.857 2266.1086      Fe 2                3224.54A   -7.396    0.0065      Na 1                5895.92A   -6.651    0.0364
TIR                 1800.00m   -4.386    6.6952      Fe 2                3214.67A   -6.814    0.0250      Ni 1                7.50454m   -6.773    0.0275
NIRa                2.85000m   -1.906 2023.0156      Fe 2                2625.67A   -3.776   27.3136      O  1                1302.17A   -8.110    0.0013
NIRb                3.00000m   -3.049  145.6563      Fe 2                2611.87A   -4.546    4.6304      O  1                1304.86A   -6.479    0.0541
MIRa                15.0000m   -3.144  116.9255      Fe 2                2598.37A   -5.778    0.2718      O  1                1306.03A   -6.863    0.0223
MIRb                22.5000m   -2.038 1491.9948      Fe 2                2395.63A   -4.786    2.6638      O  1                1355.60A   -6.549    0.0460
NMIR                21.7500m   -1.906 2023.0156      Fe 2                2388.63A   -5.863    0.2232      O  1                1358.51A   -6.889    0.0210
TFIR                611.250m   -2.849  230.6799      Fe 2                2383.06A   -7.676    0.0034      O  1                2972.29A   -5.997    0.1641
TALL                10000.0A   -1.452 5748.4697      Fe 2                2364.83A   -5.168    1.1057      O  1                5577.34A   -5.047    1.4617
F12                 12.0000m   -5.051    1.4502      Fe 2                2332.80A   -6.302    0.0812      O  1                6300.30A   -3.356   71.7163
F25                 25.0000m   -3.663   35.3996      Fe 2                2279.91A   -7.774    0.0027      O  1                6363.78A   -3.852   22.9106
F60                 60.0000m   -1.902 2041.1876      Fe 2                51.2868m   -4.941    1.8674      O  1                6391.73A   -7.180    0.0108
F100                100.000m   -5.263    0.8889      Fe 2                5.67236m   -6.076    0.1369      O  1                44.0453m   -7.545    0.0046
MIPS                24.0000m   -3.663   35.3943      Fe 2                4.60641m   -5.885    0.2123      O  1                63.1679m   -1.903 2037.1860
MIPS                70.0000m   -1.903 2037.9462      Fe 2                4.08085m   -6.631    0.0381      O  1                145.495m   -2.948  183.7457
MIPS                160.000m   -2.942  186.3062      Fe 2                1.37181m   -5.250    0.9166      O  2                2470.34A   -7.967    0.0018
IRAC                3.60000m   -6.269    0.0878      Fe 2                1.29427m   -5.825    0.2435      O  2                7319.99A   -8.161    0.0011
IRAC                4.50000m   -4.950    1.8267      Fe 2                7806.23A   -7.082    0.0135      O  2                3728.81A   -6.175    0.1090
IRAC                5.80000m   -3.238   94.2693      Fe 2                7686.93A   -5.388    0.6674      O  2                3726.03A   -6.351    0.0727
IRAC                8.00000m   -4.245    9.2669      Fe 2                7552.40A   -7.866    0.0022      P  2                60.6263m   -5.314    0.7912
SPR1                250.000m   -5.530    0.4806      Fe 2                4958.23A   -7.184    0.0107      P  2                1532.53A   -8.020    0.0016
SPR2                350.000m   -3.652   36.3214      Fe 2                4750.57A   -7.181    0.0107      P  2                32.8620m   -5.414    0.6283
SPR3                500.000m   -5.774    0.2743      Fe 2                4728.07A   -5.982    0.1698      P  2                1.14682m   -5.331    0.7602
PAC1                70.0000m   -1.903 2038.7577      Fe 2                4514.90A   -6.345    0.0737      P  2                4669.25A   -6.996    0.0164
PAC2                100.000m   -5.261    0.8930      Fe 2                4488.75A   -6.064    0.1406      P  2                2195.57A   -7.275    0.0086
PAC3                160.000m   -2.941  186.6353      Fe 2                4470.30A   -7.267    0.0088      P  2                1536.42A   -7.684    0.0034
PAH                 3.30000m   -7.074    0.0137      Fe 2                4413.78A   -4.770    2.7653      P  2                1535.92A   -7.708    0.0032
PAHC                3.23000m   -7.354    0.0072      Fe 2                3254.24A   -6.874    0.0218      P  2                1.18828m   -4.908    2.0149
PAHC                3.37000m   -7.349    0.0073      Fe 2                3244.18A   -7.168    0.0111      P  2                2210.34A   -6.822    0.0245
PAH                 6.20000m   -7.119    0.0124      Fe 2                2631.32A   -4.684    3.3756      P  2                1542.30A   -7.995    0.0016
PAHC                5.65000m   -6.033    0.1508      Fe 2                2617.62A   -6.126    0.1220      P  2                7875.99A   -6.248    0.0921
PAH                 7.90000m   -6.603    0.0406      Fe 2                2607.09A   -6.058    0.1425      S  1                1483.04A   -7.875    0.0022
PAHC                6.90000m   -4.247    9.2209      Fe 2                2404.89A   -5.749    0.2905      S  1                1820.34A   -6.559    0.0450
PAH                 11.3000m   -6.717    0.0312      Fe 2                2399.24A   -6.580    0.0428      S  1                1826.24A   -7.043    0.0147
PAHC                10.9000m   -6.124    0.1225      Fe 2                2395.42A   -7.525    0.0049      S  1                25.2421m   -4.513    5.0047
PAH                 11.8000m   -7.804    0.0026      Fe 2                2380.76A   -4.596    4.1278      S  1                56.2957m   -5.472    0.5496
PAHC                12.6500m   -5.874    0.2175      Fe 2                2348.30A   -6.308    0.0801      S  2                6730.82A   -3.906   20.2356
PAH                 13.3000m   -7.831    0.0024      Fe 2                2327.40A   -6.892    0.0209      S  2                6716.44A   -3.745   29.3210
PAHC                14.1000m   -5.533    0.4774      Fe 2                87.3597m   -5.643    0.3707      S  2                4076.35A   -5.454    0.5730
Bcon                3640.00A   -2.195 1039.8311      Fe 2                5.06097m   -6.543    0.0466      S  2                4068.60A   -4.963    1.7758
Pcon                5000.00A   -2.602  407.5364      Fe 2                4.43363m   -6.461    0.0564      S  2                1.03364m   -5.592    0.4168
O3bn                5007.00A   -4.472    5.4896      Fe 2                1.40951m   -7.871    0.0022      S  2                1.02867m   -5.589    0.4200
HFFc                      0    -5.354    0.7204      Fe 2                1.32777m   -6.009    0.1596      S  2                1.03705m   -5.914    0.1987
H FF                      0    -6.915    0.0198      Fe 2                1.27877m   -6.066    0.1399      S  2                1.03205m   -5.455    0.5714
MeFB                      0    -7.356    0.0072      Fe 2                1.25214m   -7.106    0.0128      S  2                1259.52A   -7.250    0.0092
MeFF                      0    -7.708    0.0032      Fe 2                7926.88A   -7.344    0.0074      S  2                1253.81A   -7.320    0.0078
ToFF                      0    -6.851    0.0230      Fe 2                7803.89A   -7.084    0.0134      S  2                1250.58A   -7.633    0.0038
Mion                      0    -6.417    0.0624      Fe 2                7665.28A   -6.337    0.0750      Sc 2                4246.82A   -7.765    0.0028
nFnu                122.400m   -7.878    0.0022      Fe 2                5006.63A   -6.484    0.0534      Sc 2                7043.49A   -7.537    0.0047
nFnu                60.8322m   -7.506    0.0051      Fe 2                4772.06A   -7.297    0.0082      Sc 2                8261.17A   -8.051    0.0014
nFnu                41.2152m   -7.292    0.0083      Fe 2                4639.67A   -6.981    0.0170      Sc 2                8271.28A   -7.937    0.0019
nFnu                30.8695m   -7.131    0.0120      Fe 2                4528.39A   -6.592    0.0417      Sc 2                8326.62A   -8.191    0.0010
nFnu                24.7829m   -7.007    0.0160      Fe 2                4509.61A   -6.940    0.0187      Sc 2                8347.28A   -7.756    0.0029
nFnu                24.2998m   -6.996    0.0164      Fe 2                4452.10A   -4.963    1.7756      Sc 2                8384.33A   -8.069    0.0014
nFnu                22.8302m   -6.961    0.0178      Fe 2                3277.55A   -7.098    0.0130      Sc 2                1.07804m   -8.135    0.0012
nFnu                21.4199m   -6.925    0.0194      Fe 2                3277.12A   -8.002    0.0016      Sc 2                2.03194m   -7.673    0.0035
nFnu                21.1235m   -6.916    0.0198      Fe 2                3275.02A   -7.174    0.0109      Sc 2                2.04712m   -8.020    0.0016
nFnu                19.6199m   -6.873    0.0218      Fe 2                2631.05A   -5.897    0.2065      Sc 2                2.07591m   -7.664    0.0035
nFnu                17.6534m   -6.812    0.0251      Fe 2                2620.41A   -7.717    0.0031      Sc 2                2.07842m   -7.498    0.0052
nFnu                17.3700m   -6.802    0.0257      Fe 2                2613.82A   -6.690    0.0332      Sc 2                2.08152m   -7.767    0.0028
nFnu                15.6901m   -6.741    0.0296      Fe 2                2410.52A   -6.576    0.0432      Sc 2                2.11129m   -7.941    0.0019
nFnu                14.6036m   -6.698    0.0326      Fe 2                2406.66A   -6.826    0.0243      Sc 2                2.12445m   -7.939    0.0019
nFnu                12.4300m   -6.597    0.0412      Fe 2                2404.43A   -7.572    0.0044      Si 1                2519.20A   -7.877    0.0022
nFnu                11.4000m   -6.543    0.0467      Fe 2                2359.11A   -6.606    0.0403      Si 1                2528.51A   -7.651    0.0036
nFnu                10.4600m   -6.487    0.0531      Fe 2                2338.01A   -6.699    0.0326      Si 1                68.4548m   -7.163    0.0112
nFnu                9.48002m   -6.423    0.0615      Fe 2                4.67067m   -7.085    0.0134      Si 1                129.641m   -7.235    0.0095
nFnu                9.32488m   -6.412    0.0631      Fe 2                1.29777m   -6.397    0.0653      Si 2                34.8046m   -2.087 1333.5135
nFnu                8.21035m   -6.325    0.0771      Fe 2                1.27034m   -6.269    0.0877      Si 2                2334.41A   -5.234    0.9513
nFnu                7.58000m   -6.269    0.0878      Fe 2                7999.47A   -8.091    0.0013      Si 2                2328.52A   -5.825    0.2435
nFnu                7.05026m   -6.215    0.0993      Fe 2                7874.24A   -6.438    0.0594      Si 2                1808.01A   -5.430    0.6059
nFnu                4.11370m   -5.779    0.2712      Fe 2                7733.14A   -6.984    0.0169      Si 2                1526.71A   -7.541    0.0047
nFnu                2.32440m   -5.225    0.9699      Fe 2                4798.28A   -6.848    0.0231      Si 2                1260.42A   -7.218    0.0099
nFnu                1.64313m   -4.859    2.2521      Fe 2                4664.45A   -7.495    0.0052      Si 2                2350.17A   -5.064    1.4047
nFnu                1.48022m   -4.744    2.9348      Fe 2                4533.01A   -7.487    0.0053      Si 2                2344.20A   -4.676    3.4326
nFnu                1.43649m   -4.709    3.1806      Fe 2                4474.90A   -5.275    0.8649      Si 2                2334.60A   -4.778    2.7173
nFnu                1.11867m   -4.430    6.0498      Fe 2                3289.89A   -7.484    0.0054      Si 2                1817.45A   -5.049    1.4540
nFnu                8329.68A   -4.114   12.5361      Fe 2                3289.46A   -7.263    0.0089      Si 2                1816.93A   -4.819    2.4729
nFnu                8078.61A   -4.082   13.4998      Fe 2                2628.29A   -6.405    0.0641      Si 2                1533.43A   -5.626    0.3851
nFnu                6209.66A   -3.814   25.0222      Fe 2                2621.67A   -7.259    0.0090      Si 2                1309.28A   -6.395    0.0656
nFnu                4885.36A   -3.578   43.0511      Fe 2                2413.31A   -7.099    0.0130      Si 2                1265.00A   -6.184    0.1067
nFnu                3704.34A   -3.314   79.1489      Fe 2                2411.07A   -7.103    0.0129      Si 2                1264.74A   -6.601    0.0409
nFnu                3587.67A   -3.284   84.6598      Fe 2                2344.28A   -6.825    0.0244      Si 2                1197.39A   -6.564    0.0445
nFnu                2430.05A   -2.932  190.6106      Fe 2                17.9311m   -4.226    9.6804      Si 2                1194.50A   -6.865    0.0222
nFnu                2392.03A   -2.918  196.9247      Fe 2                1.64355m   -3.332   75.8542      Si 2                3862.60A   -7.810    0.0025
nFnu                2071.34A   -2.799  258.6917      Fe 2                1.53348m   -4.457    5.6923      Si 2                3856.02A   -7.780    0.0027
nFnu                2052.68A   -2.791  263.4142      Fe 2                8616.95A   -4.720    3.1016      Si 2                6371.37A   -7.727    0.0031
nFnu                1793.44A   -2.695  329.1453      Fe 2                7155.17A   -4.848    2.3143      Si 2                6347.11A   -7.646    0.0037
nFnu                1585.12A   -2.630  381.8918      Fe 2                6896.17A   -6.301    0.0815      Zn 2                2062.00A   -7.295    0.0083
nFnu                1458.33A   -2.624  387.4487      Fe 2                5413.37A   -6.756    0.0285      Zn 2                2025.48A   -7.058    0.0143
nFnu                1356.96A   -2.664  353.3015      Fe 2                5280.27A   -7.294    0.0083      Al 2                2669.15A   -4.858    2.2604
nFnu                1297.29A   -2.777  272.5020      Fe 2                5273.36A   -4.848    2.3128      Al 2                2660.35A   -4.684    3.3723
nFnu                1262.79A   -2.956  180.4502      Fe 2                5158.79A   -4.237    9.4463      Al 2                1670.79A   -5.351    0.7257
nFnu                1218.08A   -7.128    0.0121      Fe 2                5111.64A   -5.144    1.1702      Al 2                3900.67A   -8.093    0.0013
nFnu                1196.33A   -6.603    0.0407      Fe 2                5072.41A   -4.889    2.1024      Ca 2                7323.89A   -3.624   38.6807
nFnu                1175.06A   -6.556    0.0453      Fe 2                5039.10A   -6.324    0.0773      Ca 2                7291.47A   -3.458   56.8060
nFnu                1143.64A   -6.676    0.0343      Fe 2                4814.54A   -5.193    1.0442      Ca 2                3968.47A   -6.068    0.1392
nFnu                1113.22A   -6.788    0.0265      Fe 2                4774.73A   -5.633    0.3791      Ca 2                8662.14A   -4.350    7.2745
nFnu                1103.23A   -6.817    0.0248      Fe 2                4745.49A   -6.685    0.0337      Ca 2                3933.66A   -6.018    0.1564
nFnu                1073.86A   -7.645    0.0037      Fe 2                4661.78A   -7.783    0.0027      Ca 2                8498.02A   -5.045    1.4698
nFnu                1064.34A   -7.686    0.0034      Fe 2                4243.97A   -4.563    4.4553      Ca 2                8542.09A   -4.098   13.0035
nFnu                1035.92A   -7.797    0.0026      Fe 2                4177.20A   -5.653    0.3622      Ca 2                3706.02A   -6.720    0.0311
nFnu                1000.00A   -7.952    0.0018      Fe 2                4146.65A   -7.228    0.0096      Ca 2                3736.90A   -6.423    0.0615
nFnu                925.144A   -7.961    0.0018      Fe 2                4114.48A   -7.563    0.0045      Ca 2                3158.87A   -6.743    0.0295
RRC............................................      Fe 2                3929.35A   -7.815    0.0025      Ca 2                3181.27A   -7.448    0.0058
H  1                911.753A   -5.907    0.2016      Fe 2                3387.09A   -6.068    0.1392      Ca 2                3179.33A   -6.494    0.0523
H  1                3645.98A   -6.972    0.0174      Fe 2                3376.20A   -5.271    0.8732      Ca 2                1.19497m   -8.141    0.0012
H  1                3645.98A   -6.625    0.0386      Fe 2                2732.45A   -6.308    0.0802      Ca 2                1.18390m   -7.850    0.0023
H  1                8203.57A   -7.707    0.0032      Fe 2                2493.30A   -3.950   18.2940      Ca 2                1838.01A   -7.680    0.0034
H  1                8203.57A   -7.312    0.0079      Fe 2                2484.20A   -7.274    0.0087      Ca 2                1840.03A   -7.524    0.0049
H  1                8203.57A   -7.415    0.0063      Fe 2                2360.00A   -6.200    0.1028      Ca 2                2112.76A   -8.152    0.0011
H  1                1.45842m   -8.193    0.0010      Fe 2                2348.12A   -6.375    0.0687      Cl 2                14.3639m   -5.534    0.4759
H  1                1.45842m   -7.792    0.0026      Fe 2                2331.31A   -7.683    0.0034      Cl 2                33.2721m   -6.615    0.0395
H  1                1.45842m   -7.788    0.0027      Fe 2                24.5126m   -4.926    1.9328      Cl 2                8578.70A   -5.222    0.9762
H  1                1.45842m   -8.129    0.0012      Fe 2                1.80940m   -3.933   19.0215      Cl 2                9123.60A   -5.807    0.2540
H  1                2.27878m   -8.149    0.0012      Fe 2                1.67688m   -4.882    2.1375      Cl 2                3677.85A   -7.145    0.0117
H  1                2.27878m   -8.113    0.0013      Fe 2                1.59948m   -4.790    2.6446      Cl 2                6161.84A   -7.099    0.0130
Al 1                2070.66A   -8.162    0.0011      Fe 2                9051.95A   -4.562    4.4687      Mg 2                2802.71A   -3.380   67.8540
Si 1                1520.96A   -7.164    0.0112      Fe 2                8891.93A   -4.986    1.6806      Mg 2                2795.53A   -3.084  134.2680
S  1                1196.76A   -7.649    0.0037      Fe 2                7452.56A   -5.339    0.7455      Mg 2                2936.52A   -6.311    0.0796
grains.........................................      Fe 2                7172.00A   -5.256    0.9034      Mg 2                2928.64A   -6.613    0.0398
H-like iso-sequence............................      Fe 2                6275.53A   -7.213    0.0100      Mg 2                2797.93A   -7.051    0.0145
Cool                1215.67A   -2.527  484.3480      Fe 2                5527.36A   -5.828    0.2418      Mg 2                2790.77A   -6.348    0.0730
Crst                960.000A   -2.707  320.2131      Fe 2                5440.48A   -7.587    0.0042      Mg 2                2798.00A   -6.095    0.1308
CION                      0    -4.767    2.7829      Fe 2                5433.15A   -5.362    0.7084      Mg 2                9244.22A   -8.167    0.0011
Dest                1215.67A   -8.156    0.0011      Fe 2                5261.63A   -4.617    3.9352      Mg 2                9218.22A   -7.872    0.0022
Ca B                1215.67A   -5.545    0.4644      Fe 2                5220.08A   -5.892    0.2088      N  2                205.283m   -7.377    0.0068
CaBo                4861.32A   -7.079    0.0136      Fe 2                5184.80A   -5.788    0.2655      N  2                121.769m   -7.582    0.0043
Ca A                1215.67A   -5.736    0.2994      Fe 2                5158.01A   -5.737    0.2983      N  2                6548.05A   -6.741    0.0296
Ca A                1025.72A   -6.382    0.0676      Fe 2                4947.39A   -5.137    1.1884      N  2                6583.45A   -6.272    0.0872
Ca A                972.537A   -6.793    0.0262      Fe 2                4905.35A   -5.488    0.5292      N  2                5754.59A   -8.119    0.0012
Ca A                949.743A   -7.097    0.0130      Fe 2                4874.50A   -5.531    0.4795      N  2                2142.77A   -8.125    0.0012
Ca A                937.803A   -7.339    0.0075      Fe 2                4852.74A   -6.892    0.0209      Ni 2                1.19102m   -4.210   10.0375
Ca A                930.748A   -7.541    0.0047      Fe 2                4346.86A   -5.190    1.0507      Ni 2                6.63416m   -4.837    2.3736
Ca A                926.226A   -7.715    0.0031      Fe 2                4276.84A   -5.114    1.2522      Ni 2                1.07151m   -5.826    0.2432
Ca A                923.150A   -7.868    0.0022      Fe 2                4244.82A   -5.926    0.1932      Ni 2                10.6793m   -5.463    0.5604
Ca A                920.963A   -8.004    0.0016      Fe 2                4231.56A   -7.526    0.0049      Ni 2                1.27792m   -7.650    0.0036
Ca A                919.351A   -8.127    0.0012      Fe 2                4211.11A   -7.498    0.0052      Ni 2                1.16130m   -6.345    0.0737
Ca A                6562.80A   -6.805    0.0255      Fe 2                3455.11A   -6.175    0.1089      Ni 2                12.7253m   -5.882    0.2139
Ca A                4861.32A   -7.255    0.0090      Fe 2                3452.31A   -5.863    0.2231      Ni 2                9882.95A   -7.094    0.0131
Ca A                4340.46A   -7.580    0.0043      Fe 2                3440.99A   -5.749    0.2901      Ni 2                1.09177m   -6.632    0.0380
Ca A                4101.73A   -7.834    0.0024      Fe 2                2774.73A   -7.546    0.0046      Ni 2                18.2355m   -6.599    0.0410
Ca A                3970.07A   -8.043    0.0015      Fe 2                2759.34A   -7.902    0.0020      Ni 2                9374.87A   -7.387    0.0067
Ca A                1.87510m   -7.597    0.0041      Fe 2                2485.07A   -7.769    0.0028      Ni 2                7377.83A   -4.991    1.6645
Ca A                1.28181m   -7.924    0.0019      Fe 2                2391.48A   -6.848    0.0231      Ni 2                8300.99A   -6.287    0.0842
Ca A                1.09381m   -8.184    0.0011      Fe 2                2379.28A   -7.462    0.0056      Ni 2                1.93877m   -5.699    0.3262
Ca A                4.05115m   -8.197    0.0010      Fe 2                2362.02A   -6.365    0.0702      Ni 2                2.36883m   -6.985    0.0168
Ca B                6562.80A   -6.623    0.0388      Fe 2                35.7675m   -5.726    0.3065      Ni 2                2.91064m   -6.654    0.0361
Ca B                4861.32A   -7.080    0.0136      Fe 2                1.95361m   -4.844    2.3344      Ni 2                6666.80A   -5.842    0.2343
Ca B                4340.46A   -7.409    0.0063      Fe 2                1.80002m   -4.898    2.0616      Ni 2                7411.61A   -5.623    0.3878
Ca B                4101.73A   -7.667    0.0035      Fe 2                1.71113m   -5.467    0.5554      Ni 2                1.76458m   -7.769    0.0028
Ca B                3970.07A   -7.878    0.0022      Fe 2                1.66377m   -5.087    1.3346      Ni 2                2.04866m   -7.346    0.0073
Ca B                3889.05A   -8.059    0.0014      Fe 2                9399.04A   -4.984    1.6907      Ni 2                2.30794m   -6.803    0.0256
Ca B                1.87510m   -7.550    0.0046      Fe 2                9226.63A   -4.930    1.9141      Ni 2                6.91767m   -7.102    0.0129
Ca B                1.28181m   -7.867    0.0022      Fe 2                9033.49A   -6.005    0.1610      Ni 2                4326.24A   -5.789    0.2650
Ca B                1.09381m   -8.124    0.0012      Fe 2                7388.17A   -5.376    0.6852      Ni 2                4628.05A   -6.211    0.1003
Ca B                4.05115m   -8.176    0.0011      Fe 2                6440.41A   -6.328    0.0766      Ni 2                6794.20A   -7.267    0.0088
H  1                2431.34A   -2.744  293.6132      Fe 2                6229.28A   -7.478    0.0054      Ni 2                7255.82A   -6.143    0.1171
H  1                1215.67A   -2.509  504.0435      Fe 2                5654.87A   -6.789    0.0265      Ni 2                7694.56A   -7.214    0.0100
H  1                6562.80A   -4.450    5.7786      Fe 2                5556.31A   -6.031    0.1517      Ni 2                8033.54A   -7.378    0.0068
H  1                4861.32A   -5.212    1.0000      Fe 2                5412.67A   -6.558    0.0451      Ni 2                1.04597m   -6.627    0.0384
H  1                4340.46A   -5.593    0.4162      Fe 2                5333.66A   -4.904    2.0316      Ni 2                1.23230m   -6.655    0.0361
H  1                4101.73A   -7.263    0.0089      Fe 2                5296.84A   -6.187    0.1059      Ni 2                4201.17A   -5.972    0.1738
H  1                3970.07A   -7.548    0.0046      Fe 2                5268.89A   -5.907    0.2017      Ni 2                4485.21A   -6.425    0.0613
H  1                3889.05A   -7.778    0.0027      Fe 2                5107.96A   -6.842    0.0234      Ni 2                7307.65A   -6.320    0.0780
H  1                3835.38A   -7.969    0.0017      Fe 2                5049.30A   -5.310    0.7972      Ni 2                7612.72A   -6.648    0.0366
H  1                3797.90A   -8.134    0.0012      Fe 2                5005.52A   -5.365    0.7037      Ni 2                1.13597m   -7.331    0.0076
H  1                3770.63A   -7.889    0.0021      Fe 2                4973.40A   -5.632    0.3800      Ni 2                4285.31A   -7.180    0.0108
H  1                3750.15A   -8.003    0.0016      Fe 2                4950.76A   -5.978    0.1715      Ni 2                6791.48A   -6.895    0.0208
H  1                3734.37A   -8.105    0.0013      Fe 2                4352.79A   -5.430    0.6052      Ni 2                7054.20A   -6.799    0.0259
H  1                3721.94A   -8.197    0.0010      Fe 2                4319.62A   -5.696    0.3281      Ni 2                9.61508m   -8.089    0.0013
H  1                1.87510m   -5.983    0.1693      Fe 2                4305.90A   -6.499    0.0517      Ni 2                4033.04A   -6.239    0.0939
H  1                1.28181m   -6.296    0.0823      Fe 2                4084.33A   -7.820    0.0025      Ni 2                4294.09A   -6.358    0.0715
H  1                1.09381m   -7.650    0.0036      Fe 2                3504.51A   -6.477    0.0543      Ni 2                6467.29A   -7.391    0.0066
H  1                1.00494m   -7.954    0.0018      Fe 2                3504.02A   -6.334    0.0754      Ni 2                6813.57A   -6.380    0.0680
H  1                9545.97A   -8.196    0.0010      Fe 2                3501.63A   -5.898    0.2060      Ni 2                7078.04A   -6.928    0.0192
H  1                4.05115m   -6.852    0.0229      Fe 2                3489.99A   -6.578    0.0431      Ni 2                1.02090m   -7.710    0.0032
H  1                2.62515m   -7.831    0.0024      Fe 2                2385.01A   -7.179    0.0108      Ni 2                3993.06A   -5.892    0.2087
H  1                2.16553m   -8.178    0.0011      Fe 2                2.06648m   -6.237    0.0944      Ni 2                4248.80A   -6.368    0.0699
H  1                7.45782m   -7.873    0.0022      Fe 2                1.89541m   -5.634    0.3788      Ni 2                6007.06A   -7.482    0.0054
He-like iso-sequence...........................      Fe 2                1.79711m   -5.121    1.2339      Ni 2                6365.10A   -6.366    0.0701
Pho+                3889.00A   -7.874    0.0022      Fe 2                1.74494m   -5.409    0.6351      Ni 2                6700.24A   -7.759    0.0028
extra Lyman....................................      Fe 2                9652.70A   -5.833    0.2395      Ni 2                6955.82A   -7.794    0.0026
database lines.................................      Fe 2                9470.94A   -5.321    0.7788      Ni 2                8703.87A   -6.821    0.0246
CN                  2640.74m   -8.063    0.0014      Fe 2                9267.56A   -5.702    0.3238      Ni 2                9956.63A   -7.048    0.0146
CN                  1321.03m   -8.112    0.0013      Fe 2                7544.00A   -8.015    0.0016      Ni 2                5.18504m   -7.827    0.0024
CN                  880.858m   -8.205    0.0010      Fe 2                6558.51A   -6.542    0.0468      Ni 2                3438.88A   -6.082    0.1350
CN                  660.727m   -8.177    0.0011      Fe 2                5745.71A   -7.160    0.0113      Ni 2                3626.89A   -6.389    0.0665
HF                  243.178m   -7.916    0.0020      Fe 2                5643.98A   -7.003    0.0162      Ni 2                3378.16A   -6.696    0.0328
CO                  1300.05m   -7.156    0.0114      Fe 2                5495.84A   -6.834    0.0239      Ni 2                3559.41A   -6.675    0.0344
CO                  866.727m   -6.531    0.0480      Fe 2                5376.47A   -5.298    0.8196      level 1 lines..................................
CO                  650.074m   -6.258    0.0899      Fe 2                5347.66A   -6.413    0.0630      recombination..................................
CO                  520.089m   -6.131    0.1204      Fe 2                5181.96A   -6.688    0.0334      level2 lines...................................
CO                  433.438m   -6.061    0.1415      Fe 2                5076.57A   -5.969    0.1751      C  1                1247.50A   -7.026    0.0153
CO                  371.549m   -6.029    0.1524      Fe 2                5043.53A   -5.839    0.2362      C  1                1314.77A   -6.943    0.0186
CO                  325.137m   -6.012    0.1586      Fe 2                5020.25A   -5.955    0.1807      C  1                1233.29A   -7.560    0.0045
CO                  289.041m   -6.006    0.1605      Fe 2                4372.43A   -5.970    0.1744      C  1                1250.68A   -7.719    0.0031
CO                  260.169m   -6.010    0.1592      Fe 2                4358.37A   -6.182    0.1073      Mg 1                1817.31A   -7.996    0.0016
CO                  236.549m   -6.021    0.1552      Fe 2                4080.00A   -7.852    0.0023      Mg 1                1675.74A   -8.208    0.0010
CO                  216.868m   -6.041    0.1482      Fe 2                3539.19A   -6.182    0.1071      Mg 1                1660.94A   -8.201    0.0010
CO                  200.218m   -6.065    0.1404      Fe 2                3538.69A   -6.476    0.0545      Mg 1                1650.95A   -8.210    0.0010
CO                  185.949m   -6.086    0.1337      Fe 2                3536.25A   -6.601    0.0408      Si 2                1179.59A   -7.534    0.0048
CO                  173.584m   -6.110    0.1265      Fe 2                3524.38A   -7.910    0.0020      S  1                1356.05A   -7.554    0.0046
CO                  162.767m   -6.136    0.1190      Fe 2                22.8961m   -7.231    0.0096      S  1                1392.25A   -7.996    0.0016
CO                  153.225m   -6.165    0.1115      Fe 2                1.81139m   -7.510    0.0050      Fe 1                2484.25A   -7.850    0.0023
CO                  144.745m   -6.194    0.1041      Fe 2                7764.71A   -6.716    0.0313      Fe 1                2526.51A   -8.090    0.0013
CO                  137.159m   -6.225    0.0970      Fe 2                7336.73A   -7.006    0.0161      Sc 2                2555.14A   -8.189    0.0011
CO                  130.333m   -6.257    0.0902      Fe 2                7267.25A   -7.974    0.0017      Sc 2                3627.22A   -6.536    0.0474
CO                  124.160m   -6.294    0.0828      Fe 2                6809.24A   -6.983    0.0169      Sc 2                3575.45A   -6.658    0.0358
CO                  118.548m   -6.334    0.0756      Fe 2                6729.87A   -7.265    0.0089      Sc 2                3368.13A   -7.219    0.0098
CO                  113.427m   -6.374    0.0688      Fe 2                6671.93A   -7.828    0.0024      Ti 2                3364.74A   -4.963    1.7757
CO                  108.733m   -6.417    0.0624      Fe 2                5721.37A   -8.101    0.0013      Ti 2                3237.15A   -5.202    1.0226
CO                  104.416m   -6.460    0.0565      Fe 2                5163.96A   -7.008    0.0160      Ti 2                1904.17A   -7.073    0.0138
CO                  100.433m   -6.505    0.0509      Fe 2                4266.35A   -7.713    0.0032      Ti 2                1907.36A   -6.814    0.0250
CO                  96.7462m   -6.552    0.0457      Fe 2                4249.08A   -7.984    0.0017      V  2                2710.94A   -7.283    0.0085
CO                  93.3237m   -6.600    0.0409      Fe 2                4157.92A   -7.983    0.0017      V  2                2684.22A   -7.051    0.0145
CO                  90.1384m   -6.651    0.0364      Fe 2                3277.35A   -6.435    0.0598      V  2                2139.33A   -7.662    0.0035
CO                  87.1666m   -6.703    0.0323      Fe 2                3255.89A   -7.652    0.0036      Cr 1                4269.56A   -7.926    0.0019
CO                  84.3877m   -6.756    0.0286      Fe 2                2926.59A   -7.108    0.0127      Cr 1                3589.90A   -7.746    0.0029
CO                  81.7835m   -6.811    0.0252      Fe 2                2880.76A   -7.044    0.0147      Cr 2                2059.78A   -5.562    0.4471
CO                  79.3383m   -6.868    0.0221      Fe 2                2755.74A   -5.387    0.6689      Mn 2                1198.85A   -7.920    0.0020
CO                  77.0375m   -6.926    0.0193      Fe 2                2739.55A   -6.011    0.1588      Co 2                2060.90A   -7.026    0.0154
CO                  74.8697m   -6.986    0.0168      Fe 2                2716.70A   -6.292    0.0831      Co 2                2018.80A   -7.061    0.0142
CO                  72.8231m   -7.047    0.0146      Fe 2                34.6508m   -8.102    0.0013      Co 2                1949.74A   -7.139    0.0118
CO                  70.8878m   -7.110    0.0127      Fe 2                1.00287m   -6.703    0.0323      Co 2                1575.91A   -7.679    0.0034
CO                  69.0557m   -7.172    0.0110      Fe 2                8245.16A   -8.201    0.0010      Co 2                1470.18A   -7.758    0.0028
CO                  67.3181m   -7.237    0.0094      Fe 2                8037.28A   -7.234    0.0095      Ni 2                1751.83A   -6.597    0.0412
CO                  65.6684m   -7.303    0.0081      Fe 2                7579.61A   -7.725    0.0031      Ni 2                1744.24A   -6.402    0.0645
CO                  64.0998m   -7.368    0.0070      Fe 2                7017.95A   -7.644    0.0037      Ni 2                1484.97A   -7.747    0.0029
CO                  62.6072m   -7.434    0.0060      Fe 2                6933.67A   -8.009    0.0016      Ni 2                1472.74A   -7.423    0.0061
CO                  61.1843m   -7.502    0.0051      Fe 2                6872.19A   -7.175    0.0109      Ni 2                1400.37A   -7.740    0.0030
CO                  59.8271m   -7.569    0.0044      Fe 2                6829.03A   -8.210    0.0010      Ni 2                1375.73A   -7.375    0.0069
CO                  58.5311m   -7.637    0.0038      Fe 2                5746.98A   -7.059    0.0142      Ni 2                1324.11A   -7.485    0.0053
CO                  57.2920m   -7.706    0.0032      Fe 2                5283.12A   -7.616    0.0039      hyperfine structure............................
CO                  56.1066m   -7.776    0.0027      Fe 2                5199.18A   -7.833    0.0024      inner shell....................................
CO                  54.9712m   -7.846    0.0023      Fe 2                4351.81A   -7.984    0.0017      molecules......................................
CO                  53.8829m   -7.917    0.0020      Fe 2                4347.36A   -7.353    0.0072      H2 l                2.00000m   -3.181  107.4085
CO                  52.8388m   -7.989    0.0017      Fe 2                4329.43A   -6.699    0.0325      H2 v                      0    -4.796    2.6081
CO                  51.8365m   -8.061    0.0014      Fe 2                2953.77A   -8.007    0.0016      H-FB                      0    -5.134    1.1973
CO                  50.8731m   -8.134    0.0012      Fe 2                2772.73A   -6.072    0.1381      H-FF                      0    -5.368    0.6974
CO                  49.9472m   -8.206    0.0010      Fe 2                2749.32A   -6.258    0.0900      H-CT                6562.80A   -6.081    0.1353
^13CO               906.599m   -8.074    0.0014      Fe 2                9795.19A   -7.481    0.0054      H- H                      0    -5.817    0.2484
^13CO               679.978m   -7.778    0.0027      Fe 2                8228.13A   -7.397    0.0065      H2+                       0    -5.532    0.4786
^13CO               544.012m   -7.640    0.0037      Fe 2                7613.14A   -7.805    0.0026      H2+p                      0    -8.201    0.0010
^13CO               453.374m   -7.565    0.0044      Fe 2                7011.24A   -8.211    0.0010      bands..........................................
^13CO               388.637m   -7.530    0.0048      Fe 2                6966.33A   -7.568    0.0044      Fe 2b               2500.00A   -3.397   65.3801
^13CO               340.088m   -7.511    0.0050      Fe 2                5477.25A   -7.565    0.0044      Fe 2b               5000.00A   -3.451   57.6954
^13CO               302.332m   -7.505    0.0051      Fe 2                5278.38A   -8.031    0.0015      Fe 2b               7000.00A   -4.393    6.5956
^13CO               272.130m   -7.508    0.0051      Fe 2                4402.59A   -7.819    0.0025      Fe 2b               10000.0A   -3.074  137.5154
^13CO               247.423m   -7.518    0.0049      Fe 2                4384.21A   -7.751    0.0029      Fe 2b               2355.00A   -4.228    9.6317
^13CO               226.836m   -7.538    0.0047      Fe 2                1.05081m   -7.961    0.0018      Fe 2b               2430.00A   -3.405   64.1240
^13CO               209.419m   -7.562    0.0045      Fe 2                7710.80A   -8.116    0.0012      Fe 2b               2445.00A   -3.405   64.1240
^13CO               194.493m   -7.584    0.0042      Fe 2                7048.01A   -7.782    0.0027      Fe 2b               2495.00A   -3.949   18.3067
^13CO               181.558m   -7.609    0.0040      Fe 2                5901.28A   -8.010    0.0016      Fe 2b               2610.00A   -3.653   36.1810
^13CO               170.243m   -7.637    0.0038      Fe 2                5527.62A   -8.122    0.0012      Fe 2b               2695.00A   -6.292    0.0831
^13CO               160.261m   -7.667    0.0035      Fe 2                2.04602m   -6.648    0.0367      Fe 2b               2758.00A   -5.154    1.1427
^13CO               151.390m   -7.698    0.0033      Fe 2                1.41956m   -7.202    0.0102      Fe 2b               2780.00A   -5.118    1.2410
^13CO               143.454m   -7.730    0.0030      Fe 2                1.35904m   -8.009    0.0016      Fe 2b               2935.00A   -6.736    0.0299
^13CO               136.314m   -7.763    0.0028      Fe 2                1.23314m   -6.998    0.0164      Fe 2b               2960.00A   -7.030    0.0152
^13CO               129.855m   -7.803    0.0026      Fe 2                1.09108m   -6.920    0.0196      Fe 2b               3180.00A   -5.792    0.2629
^13CO               123.985m   -7.845    0.0023      Fe 2                1.07084m   -7.359    0.0071      Fe 2b               3250.00A   -5.106    1.2754
^13CO               118.627m   -7.889    0.0021      Fe 2                1.05625m   -7.809    0.0025      Fe 2b               3590.00A   -5.130    1.2076
^13CO               113.717m   -7.934    0.0019      Fe 2                1.01565m   -7.611    0.0040      Fe 2b               3910.00A   -7.176    0.0109
^13CO               109.201m   -7.982    0.0017      Fe 2                8119.18A   -8.086    0.0013      Fe 2b               4060.00A   -7.835    0.0024
^13CO               105.034m   -8.033    0.0015      Fe 2                5588.16A   -6.914    0.0199      Fe 2b               4255.00A   -3.884   21.2742
^13CO               101.176m   -8.086    0.0013      Fe 2                5586.91A   -7.776    0.0027      Fe 2b               4558.00A   -4.614    3.9607
^13CO               97.5955m   -8.142    0.0012      Fe 2                5580.82A   -6.346    0.0735      Fe 2b               4600.00A   -4.584    4.2410
^13CO               94.2629m   -8.201    0.0010      Fe 2                5551.32A   -6.063    0.1408      Fe 2b               4743.00A   -5.333    0.7562
C  1                1560.31A   -6.858    0.0226      Fe 2                3227.74A   -7.627    0.0038      Fe 2b               4855.00A   -4.754    2.8692
C  1                1560.68A   -6.759    0.0284      Fe 2                3196.07A   -7.294    0.0083      Fe 2b               4920.00A   -4.240    9.3786
C  1                1560.71A   -7.092    0.0132      Fe 2                2.13278m   -6.903    0.0204      Fe 2b               4975.00A   -4.770    2.7693
C  1                1561.34A   -6.479    0.0541      Fe 2                1.46079m   -7.748    0.0029      Fe 2b               4971.00A   -4.813    2.5087
C  1                1561.37A   -7.057    0.0143      Fe 2                1.39678m   -7.811    0.0025      Fe 2b               5070.00A   -4.691    3.3157
C  1                1561.44A   -6.302    0.0813      Fe 2                1.30943m   -7.830    0.0024      Fe 2b               5143.00A   -4.158   11.3320
C  1                1656.27A   -6.081    0.1352      Fe 2                1.24364m   -8.016    0.0016      Fe 2b               5270.00A   -3.873   21.8165
C  1                1656.93A   -6.667    0.0351      Fe 2                1.09413m   -7.117    0.0124      Fe 2b               5318.00A   -4.191   10.4841
C  1                1657.01A   -5.814    0.2502      Fe 2                1.07890m   -7.214    0.0100      Fe 2b               5540.00A   -5.338    0.7477
C  1                1657.38A   -6.740    0.0296      Fe 2                1.06830m   -7.971    0.0017      Fe 2b               5865.00A   -5.937    0.1882
C  1                1657.91A   -6.176    0.1085      Fe 2                1.03658m   -7.983    0.0017      Fe 2b               6265.00A   -6.748    0.0291
C  1                1658.12A   -6.541    0.0469      Fe 2                5650.95A   -6.893    0.0209      Fe 2b               6565.00A   -6.093    0.1315
C  1                1930.90A   -7.708    0.0032      Fe 2                5649.67A   -6.867    0.0222      Fe 2b               6910.00A   -6.033    0.1509
C  1                1992.01A   -7.285    0.0085      Fe 2                5643.44A   -8.004    0.0016      Fe 2b               7445.00A   -4.414    6.2788
C  1                1993.62A   -6.136    0.1191      Fe 2                5613.27A   -6.279    0.0856      Fe 2b               8625.00A   -4.082   13.4766
C  1                2582.90A   -7.401    0.0065      Fe 2                2.24366m   -7.241    0.0094      Fe 2b               1.03250m   -5.140    1.1803
C  1                8727.13A   -7.790    0.0026      Fe 2                2.00672m   -6.587    0.0422      Fe 2b               1.88900m   -3.789   26.4877
C  1                9824.13A   -3.437   59.5989      Fe 2                1.10657m   -7.461    0.0056      Fe 2b               2.20000m   -5.871    0.2191
C  1                9850.26A   -2.961  178.0528      Fe 2                1.09542m   -7.565    0.0044      miscellaneous..................................
C  1                370.269m   -3.655   36.0307      Fe 2                5725.92A   -7.164    0.0112      Blnd                8446.00A   -7.929    0.0019
C  1                609.590m   -4.406    6.4001      Fe 2                5718.22A   -6.614    0.0397      Blnd                1304.00A   -6.322    0.0777
C  2                1334.53A   -8.075    0.0014      Fe 2                2.22379m   -5.995    0.1647      Blnd                2798.00A   -2.906  202.1220
C  2                1335.66A   -7.657    0.0036      Fe 2                2.01513m   -6.317    0.0786      Blnd                6720.00A   -3.517   49.5566
C  2                1335.71A   -7.712    0.0032      Fe 2                9682.08A   -6.825    0.0244      Blnd                4074.00A   -4.841    2.3488
C  2                2323.50A   -7.521    0.0049      Fe 2                9513.85A   -7.633    0.0038      Blnd                1.03300m   -4.950    1.8281
C  2                2324.69A   -7.234    0.0095      Fe 2                8715.81A   -7.456    0.0057      Blnd                1256.00A   -6.895    0.0207
C  2                2325.40A   -6.646    0.0368      Fe 2                6873.84A   -7.122    0.0123      Blnd                5892.00A   -6.351    0.0727
C  2                2326.93A   -6.739    0.0297      Fe 2                6700.65A   -8.095    0.0013      Blnd                2665.00A   -4.461    5.6328
C  2                2328.12A   -7.181    0.0107      Fe 2                6188.55A   -7.299    0.0082      Blnd                2335.00A   -4.270    8.7495
C  2                157.636m   -4.951    1.8219      Fe 2                5870.02A   -7.556    0.0045      Blnd                8579.00A   -3.875   21.7478
Ca 1                4226.73A   -6.522    0.0490      Fe 2                5673.20A   -7.590    0.0042      Blnd                7306.00A   -3.232   95.4867
Ca 1                6439.08A   -7.424    0.0061      Fe 2                4898.61A   -7.326    0.0077      Blnd                3933.00A   -5.741    0.2956
Ca 1                6462.57A   -7.738    0.0030      Fe 2                2.25348m   -6.834    0.0239      Blnd                1657.00A   -5.430    0.6055
Ca 1                6493.78A   -7.986    0.0017      Fe 2                1.02005m   -8.039    0.0015      Blnd                9850.00A   -2.836  237.6518
Cl 1                11.3303m   -6.755    0.0287      Fe 2                1.00139m   -7.484    0.0053      Blnd                2326.00A   -6.250    0.0917
Co 2                9335.96A   -7.347    0.0073      Fe 2                9133.66A   -8.205    0.0010      Blnd                1335.00A   -7.302    0.0081
Co 2                9639.13A   -7.784    0.0027      Fe 2                8885.67A   -7.932    0.0019      Blnd                3467.00A   -5.759    0.2835
Co 2                10.5199m   -6.181    0.1074      Fe 2                7131.14A   -8.096    0.0013      Blnd                5199.00A   -3.514   49.8295
Co 2                15.4548m   -7.066    0.0140      Fe 2                6944.91A   -7.667    0.0035      Blnd                1.04030m   -5.003    1.6180
Co 2                2.98382m   -5.669    0.3495      Fe 2                6473.88A   -7.702    0.0032      Blnd                2141.00A   -7.977    0.0017
Co 2                14.7345m   -6.708    0.0319      Fe 2                6044.10A   -8.136    0.0012      Blnd                6300.00A   -3.236   94.6376
Co 2                18.7989m   -7.229    0.0096      Fe 2                5835.45A   -7.804    0.0026      Blnd                2471.00A   -7.864    0.0022
Co 2                25.6819m   -7.918    0.0020      Fe 2                5060.09A   -7.885    0.0021      Blnd                7323.00A   -8.032    0.0015
Co 2                1.01879m   -6.390    0.0664      Fe 2                4576.40A   -8.138    0.0012      Blnd                7332.00A   -8.113    0.0013
Co 2                1.12804m   -7.360    0.0071      Fe 2                1.34608m   -8.182    0.0011      Blnd                3727.00A   -5.953    0.1816
Co 2                1.54700m   -6.635    0.0377      Fe 2                1.11648m   -7.997    0.0016      Blnd                7325.00A   -7.770    0.0028
Co 2                1.72847m   -7.631    0.0038      Fe 2                5048.19A   -7.852    0.0023      N 1C                5199.00A   -7.575    0.0043
Co 2                1.90349m   -7.471    0.0055      Fe 2                1.71482m   -7.433    0.0060      N 1T                5199.00A   -7.592    0.0042
Co 2                1.02452m   -7.202    0.0102      Fe 2                9949.21A   -7.764    0.0028
Co 2                1.09726m   -7.830    0.0024      Fe 2                7975.22A   -7.951    0.0018

                                                    Emergent line intensities
 Caution: emergent intensities are not reliable on the first iteration.
general properties.............................      Fe 2                4528.39A   -6.593    0.0417      N  1                3466.50A   -5.843    0.2339
continua.......................................      Fe 2                4509.61A   -6.940    0.0187      N  1                3466.54A   -6.516    0.0497
FIR                 83.0000m   -1.857 2268.0251      Fe 2                4452.10A   -4.963    1.7757      N  1                5197.90A   -3.913   19.9302
TIR                 1800.00m   -4.386    6.7009      Fe 2                3277.55A   -7.098    0.0130      N  1                5200.26A   -3.737   29.8968
NIRa                2.85000m   -1.906 2024.7266      Fe 2                3277.12A   -8.002    0.0016      N  1                1.03977m   -5.348    0.7318
NIRb                3.00000m   -3.049  145.7795      Fe 2                3275.02A   -7.174    0.0109      N  1                1.03982m   -5.871    0.2196
MIRa                15.0000m   -3.144  117.0244      Fe 2                2631.05A   -5.897    0.2066      N  1                1.04072m   -5.696    0.3284
MIRb                22.5000m   -2.038 1493.2566      Fe 2                2620.41A   -7.718    0.0031      N  1                1.04076m   -5.684    0.3379
NMIR                21.7500m   -1.906 2024.7266      Fe 2                2613.82A   -6.691    0.0332      Na 1                5889.95A   -6.652    0.0363
TFIR                611.250m   -2.849  230.8750      Fe 2                2410.52A   -6.577    0.0432      Na 1                5895.92A   -6.652    0.0364
TALL                10000.0A   -1.461 5638.3569      Fe 2                2406.66A   -6.827    0.0243      Ni 1                7.50454m   -6.773    0.0275
F12                 12.0000m   -5.051    1.4514      Fe 2                2404.43A   -7.572    0.0044      O  1                1302.17A   -8.116    0.0012
F25                 25.0000m   -3.663   35.4295      Fe 2                2359.11A   -6.606    0.0404      O  1                1304.86A   -6.485    0.0534
F60                 60.0000m   -1.902 2042.9139      Fe 2                2338.01A   -6.699    0.0326      O  1                1306.03A   -6.869    0.0220
F100                100.000m   -5.263    0.8897      Fe 2                4.67067m   -7.085    0.0134      O  1                1355.60A   -6.555    0.0454
MIPS                24.0000m   -3.663   35.4242      Fe 2                1.29777m   -6.397    0.0653      O  1                1358.51A   -6.896    0.0207
MIPS                70.0000m   -1.903 2039.6697      Fe 2                1.27034m   -6.269    0.0877      O  1                2972.29A   -5.997    0.1642
MIPS                160.000m   -2.942  186.4638      Fe 2                7999.47A   -8.091    0.0013      O  1                5577.34A   -5.048    1.4615
IRAC                3.60000m   -6.269    0.0879      Fe 2                7874.24A   -6.439    0.0594      O  1                6300.30A   -3.357   71.7033
IRAC                4.50000m   -4.950    1.8283      Fe 2                7733.14A   -6.985    0.0169      O  1                6363.78A   -3.852   22.9062
IRAC                5.80000m   -3.238   94.3491      Fe 2                4798.28A   -6.848    0.0231      O  1                6391.73A   -7.181    0.0108
IRAC                8.00000m   -4.245    9.2748      Fe 2                4664.45A   -7.495    0.0052      O  1                44.0453m   -7.545    0.0047
SPR1                250.000m   -5.530    0.4810      Fe 2                4533.01A   -7.488    0.0053      O  1                63.1679m   -1.903 2038.9089
SPR2                350.000m   -3.652   36.3521      Fe 2                4474.90A   -5.275    0.8649      O  1                145.495m   -2.948  183.9011
SPR3                500.000m   -5.774    0.2745      Fe 2                3289.89A   -7.484    0.0054      O  2                2470.34A   -7.967    0.0018
PAC1                70.0000m   -1.903 2040.4819      Fe 2                3289.46A   -7.263    0.0089      O  2                7319.99A   -8.161    0.0011
PAC2                100.000m   -5.261    0.8937      Fe 2                2628.29A   -6.405    0.0642      O  2                3728.81A   -6.175    0.1090
PAC3                160.000m   -2.941  186.7931      Fe 2                2621.67A   -7.259    0.0090      O  2                3726.03A   -6.351    0.0727
PAH                 3.30000m   -7.074    0.0137      Fe 2                2413.31A   -7.099    0.0130      P  2                60.6263m   -5.314    0.7919
PAHC                3.23000m   -7.354    0.0072      Fe 2                2411.07A   -7.103    0.0129      P  2                1532.53A   -8.022    0.0015
PAHC                3.37000m   -7.349    0.0073      Fe 2                2344.28A   -6.825    0.0244      P  2                32.8620m   -5.414    0.6289
PAH                 6.20000m   -7.119    0.0124      Fe 2                17.9311m   -4.226    9.6886      P  2                1.14682m   -5.331    0.7601
PAHC                5.65000m   -6.033    0.1509      Fe 2                1.64355m   -3.332   75.9182      P  2                4669.25A   -6.997    0.0164
PAH                 7.90000m   -6.603    0.0407      Fe 2                1.53348m   -4.457    5.6961      P  2                2195.57A   -7.275    0.0086
PAHC                6.90000m   -4.247    9.2287      Fe 2                8616.95A   -4.721    3.1006      P  2                1536.42A   -7.686    0.0034
PAH                 11.3000m   -6.717    0.0313      Fe 2                7155.17A   -4.848    2.3137      P  2                1535.92A   -7.710    0.0032
PAHC                10.9000m   -6.124    0.1226      Fe 2                6896.17A   -6.301    0.0815      P  2                1.18828m   -4.908    2.0148
PAH                 11.8000m   -7.804    0.0026      Fe 2                5413.37A   -6.757    0.0285      P  2                2210.34A   -6.822    0.0246
PAHC                12.6500m   -5.874    0.2177      Fe 2                5280.27A   -7.295    0.0083      P  2                1542.30A   -7.997    0.0016
PAH                 13.3000m   -7.831    0.0024      Fe 2                5273.36A   -4.848    2.3127      P  2                7875.99A   -6.248    0.0921
PAHC                14.1000m   -5.533    0.4778      Fe 2                5158.79A   -4.237    9.4459      S  1                1483.04A   -7.883    0.0021
Bcon                3640.00A   -2.195 1039.7263      Fe 2                5111.64A   -5.144    1.1702      S  1                1820.34A   -6.559    0.0450
Pcon                5000.00A   -2.603  407.1837      Fe 2                5072.41A   -4.890    2.1024      S  1                1826.24A   -7.044    0.0148
O3bn                5007.00A   -4.473    5.4854      Fe 2                5039.10A   -6.324    0.0773      S  1                25.2421m   -4.513    5.0090
RRC............................................      Fe 2                4814.54A   -5.194    1.0442      S  1                56.2957m   -5.472    0.5500
grains.........................................      Fe 2                4774.73A   -5.634    0.3791      S  2                6730.82A   -3.906   20.2287
H-like iso-sequence............................      Fe 2                4745.49A   -6.685    0.0337      S  2                6716.44A   -3.745   29.3109
H  1                1215.67A   -2.514  498.7728      Fe 2                4661.78A   -7.783    0.0027      S  2                4076.35A   -5.454    0.5731
H  1                6562.80A   -4.451    5.7773      Fe 2                4243.97A   -4.563    4.4558      S  2                4068.60A   -4.963    1.7759
H  1                4861.32A   -5.212    1.0000      Fe 2                4177.20A   -5.653    0.3622      S  2                1.03364m   -5.593    0.4167
H  1                4340.46A   -5.593    0.4162      Fe 2                4146.65A   -7.229    0.0096      S  2                1.02867m   -5.589    0.4198
H  1                4101.73A   -7.263    0.0089      Fe 2                4114.48A   -7.564    0.0045      S  2                1.03705m   -5.914    0.1986
H  1                3970.07A   -7.549    0.0046      Fe 2                3929.35A   -7.816    0.0025      S  2                1.03205m   -5.456    0.5712
H  1                3889.05A   -7.778    0.0027      Fe 2                3387.09A   -6.069    0.1392      S  2                1259.52A   -7.255    0.0091
H  1                3835.38A   -7.970    0.0017      Fe 2                3376.20A   -5.271    0.8734      S  2                1253.81A   -7.325    0.0077
H  1                3797.90A   -8.134    0.0012      Fe 2                2732.45A   -6.308    0.0802      S  2                1250.58A   -7.639    0.0037
H  1                3770.63A   -7.890    0.0021      Fe 2                2493.30A   -3.950   18.3017      Sc 2                4246.82A   -7.765    0.0028
H  1                3750.15A   -8.003    0.0016      Fe 2                2484.20A   -7.274    0.0087      Sc 2                7043.49A   -7.538    0.0047
H  1                3734.37A   -8.106    0.0013      Fe 2                2360.00A   -6.200    0.1028      Sc 2                8261.17A   -8.052    0.0014
H  1                3721.94A   -8.198    0.0010      Fe 2                2348.12A   -6.375    0.0688      Sc 2                8271.28A   -7.938    0.0019
H  1                1.87510m   -5.983    0.1695      Fe 2                2331.31A   -7.683    0.0034      Sc 2                8326.62A   -8.192    0.0010
H  1                1.28181m   -6.297    0.0824      Fe 2                24.5126m   -4.926    1.9345      Sc 2                8347.28A   -7.757    0.0029
H  1                1.09381m   -7.651    0.0036      Fe 2                1.80940m   -3.933   19.0376      Sc 2                8384.33A   -8.069    0.0014
H  1                1.00494m   -7.955    0.0018      Fe 2                1.67688m   -4.882    2.1393      Sc 2                1.07804m   -8.136    0.0012
H  1                9545.97A   -8.196    0.0010      Fe 2                1.59948m   -4.790    2.6467      Sc 2                2.03194m   -7.673    0.0035
H  1                4.05115m   -6.852    0.0229      Fe 2                9051.95A   -4.562    4.4673      Sc 2                2.04712m   -8.020    0.0016
H  1                2.62515m   -7.831    0.0024      Fe 2                8891.93A   -4.987    1.6801      Sc 2                2.07591m   -7.664    0.0035
H  1                2.16553m   -8.178    0.0011      Fe 2                7452.56A   -5.340    0.7453      Sc 2                2.07842m   -7.498    0.0052
H  1                7.45782m   -7.873    0.0022      Fe 2                7172.00A   -5.257    0.9032      Sc 2                2.08152m   -7.767    0.0028
He-like iso-sequence...........................      Fe 2                6275.53A   -7.213    0.0100      Sc 2                2.11129m   -7.941    0.0019
extra Lyman....................................      Fe 2                5527.36A   -5.829    0.2418      Sc 2                2.12445m   -7.939    0.0019
database lines.................................      Fe 2                5440.48A   -7.588    0.0042      Si 1                2519.20A   -7.877    0.0022
CN                  2640.74m   -8.063    0.0014      Fe 2                5433.15A   -5.362    0.7083      Si 1                2528.51A   -7.651    0.0036
CN                  1321.03m   -8.112    0.0013      Fe 2                5261.63A   -4.617    3.9350      Si 1                68.4548m   -7.163    0.0112
CN                  880.858m   -8.205    0.0010      Fe 2                5220.08A   -5.893    0.2087      Si 1                129.641m   -7.235    0.0095
CN                  660.727m   -8.177    0.0011      Fe 2                5184.80A   -5.788    0.2655      Si 2                34.8046m   -2.087 1334.6414
HF                  243.178m   -7.916    0.0020      Fe 2                5158.01A   -5.738    0.2983      Si 2                2334.41A   -5.234    0.9518
CO                  1300.05m   -7.156    0.0114      Fe 2                4947.39A   -5.137    1.1884      Si 2                2328.52A   -5.826    0.2436
CO                  866.727m   -6.531    0.0480      Fe 2                4905.35A   -5.489    0.5292      Si 2                1808.01A   -5.430    0.6061
CO                  650.074m   -6.258    0.0900      Fe 2                4874.50A   -5.532    0.4795      Si 2                1526.71A   -7.544    0.0047
CO                  520.089m   -6.131    0.1205      Fe 2                4852.74A   -6.892    0.0209      Si 2                1260.42A   -7.224    0.0097
CO                  433.438m   -6.061    0.1417      Fe 2                4346.86A   -5.191    1.0508      Si 2                2350.17A   -5.065    1.4053
CO                  371.549m   -6.029    0.1525      Fe 2                4276.84A   -5.115    1.2523      Si 2                2344.20A   -4.676    3.4342
CO                  325.137m   -6.012    0.1587      Fe 2                4244.82A   -5.926    0.1932      Si 2                2334.60A   -4.778    2.7186
CO                  289.041m   -6.006    0.1606      Fe 2                4231.56A   -7.526    0.0049      Si 2                1817.45A   -5.050    1.4543
CO                  260.169m   -6.010    0.1593      Fe 2                4211.11A   -7.498    0.0052      Si 2                1816.93A   -4.819    2.4736
CO                  236.549m   -6.021    0.1554      Fe 2                3455.11A   -6.175    0.1090      Si 2                1533.43A   -5.629    0.3833
CO                  216.868m   -6.041    0.1483      Fe 2                3452.31A   -5.864    0.2232      Si 2                1309.28A   -6.401    0.0648
CO                  200.218m   -6.065    0.1405      Fe 2                3440.99A   -5.750    0.2901      Si 2                1265.00A   -6.189    0.1055
CO                  185.949m   -6.086    0.1338      Fe 2                2774.73A   -7.546    0.0046      Si 2                1264.74A   -6.606    0.0404
CO                  173.584m   -6.110    0.1266      Fe 2                2759.34A   -7.902    0.0020      Si 2                1197.39A   -6.695    0.0329
CO                  162.767m   -6.136    0.1191      Fe 2                2485.07A   -7.769    0.0028      Si 2                1194.50A   -6.991    0.0166
CO                  153.225m   -6.165    0.1116      Fe 2                2391.48A   -6.848    0.0231      Si 2                3862.60A   -7.810    0.0025
CO                  144.745m   -6.194    0.1042      Fe 2                2379.28A   -7.462    0.0056      Si 2                3856.02A   -7.780    0.0027
CO                  137.159m   -6.225    0.0970      Fe 2                2362.02A   -6.366    0.0703      Si 2                6371.37A   -7.728    0.0031
CO                  130.333m   -6.257    0.0903      Fe 2                35.7675m   -5.726    0.3068      Si 2                6347.11A   -7.646    0.0037
CO                  124.160m   -6.294    0.0829      Fe 2                1.95361m   -4.844    2.3364      Zn 2                2062.00A   -7.296    0.0083
CO                  118.548m   -6.334    0.0756      Fe 2                1.80002m   -4.898    2.0633      Zn 2                2025.48A   -7.058    0.0143
CO                  113.427m   -6.374    0.0689      Fe 2                1.71113m   -5.467    0.5559      Al 2                2669.15A   -4.858    2.2613
CO                  108.733m   -6.417    0.0624      Fe 2                1.66377m   -5.087    1.3358      Al 2                2660.35A   -4.684    3.3737
CO                  104.416m   -6.460    0.0565      Fe 2                9399.04A   -4.984    1.6902      Al 2                1670.79A   -5.351    0.7260
CO                  100.433m   -6.505    0.0510      Fe 2                9226.63A   -4.930    1.9135      Al 2                3900.67A   -8.094    0.0013
CO                  96.7462m   -6.552    0.0457      Fe 2                9033.49A   -6.006    0.1609      Ca 2                7323.89A   -3.625   38.6699
CO                  93.3237m   -6.600    0.0409      Fe 2                7388.17A   -5.377    0.6850      Ca 2                7291.47A   -3.458   56.7903
CO                  90.1384m   -6.651    0.0364      Fe 2                6440.41A   -6.328    0.0766      Ca 2                3968.47A   -6.069    0.1392
CO                  87.1666m   -6.703    0.0323      Fe 2                6229.28A   -7.479    0.0054      Ca 2                8662.14A   -4.351    7.2721
CO                  84.3877m   -6.756    0.0286      Fe 2                5654.87A   -6.789    0.0265      Ca 2                3933.66A   -6.018    0.1565
CO                  81.7835m   -6.811    0.0252      Fe 2                5556.31A   -6.031    0.1517      Ca 2                8498.02A   -5.045    1.4694
CO                  79.3383m   -6.868    0.0221      Fe 2                5412.67A   -6.558    0.0451      Ca 2                8542.09A   -4.098   12.9993
CO                  77.0375m   -6.926    0.0193      Fe 2                5333.66A   -4.905    2.0315      Ca 2                3706.02A   -6.720    0.0311
CO                  74.8697m   -6.986    0.0169      Fe 2                5296.84A   -6.188    0.1059      Ca 2                3736.90A   -6.424    0.0615
CO                  72.8231m   -7.047    0.0146      Fe 2                5268.89A   -5.908    0.2017      Ca 2                3158.87A   -6.743    0.0295
CO                  70.8878m   -7.110    0.0127      Fe 2                5107.96A   -6.843    0.0234      Ca 2                3181.27A   -7.448    0.0058
CO                  69.0557m   -7.172    0.0110      Fe 2                5049.30A   -5.311    0.7972      Ca 2                3179.33A   -6.494    0.0523
CO                  67.3181m   -7.237    0.0094      Fe 2                5005.52A   -5.365    0.7037      Ca 2                1.19497m   -8.141    0.0012
CO                  65.6684m   -7.303    0.0081      Fe 2                4973.40A   -5.632    0.3800      Ca 2                1.18390m   -7.850    0.0023
CO                  64.0998m   -7.368    0.0070      Fe 2                4950.76A   -5.978    0.1715      Ca 2                1838.01A   -7.681    0.0034
CO                  62.6072m   -7.434    0.0060      Fe 2                4352.79A   -5.430    0.6052      Ca 2                1840.03A   -7.525    0.0049
CO                  61.1843m   -7.502    0.0051      Fe 2                4319.62A   -5.696    0.3281      Ca 2                2112.76A   -8.152    0.0011
CO                  59.8271m   -7.569    0.0044      Fe 2                4305.90A   -6.499    0.0517      Cl 2                14.3639m   -5.534    0.4763
CO                  58.5311m   -7.637    0.0038      Fe 2                4084.33A   -7.820    0.0025      Cl 2                33.2721m   -6.615    0.0396
CO                  57.2920m   -7.706    0.0032      Fe 2                3504.51A   -6.478    0.0543      Cl 2                8578.70A   -5.223    0.9758
CO                  56.1066m   -7.776    0.0027      Fe 2                3504.02A   -6.335    0.0755      Cl 2                9123.60A   -5.808    0.2539
CO                  54.9712m   -7.846    0.0023      Fe 2                3501.63A   -5.898    0.2061      Cl 2                3677.85A   -7.145    0.0117
CO                  53.8829m   -7.917    0.0020      Fe 2                3489.99A   -6.578    0.0431      Cl 2                6161.84A   -7.099    0.0130
CO                  52.8388m   -7.989    0.0017      Fe 2                2385.01A   -7.179    0.0108      Mg 2                2802.71A   -3.381   67.8789
CO                  51.8365m   -8.061    0.0014      Fe 2                2.06648m   -6.237    0.0944      Mg 2                2795.53A   -3.084  134.3175
CO                  50.8731m   -8.134    0.0012      Fe 2                1.89541m   -5.634    0.3791      Mg 2                2936.52A   -6.311    0.0797
CO                  49.9472m   -8.206    0.0010      Fe 2                1.79711m   -5.121    1.2350      Mg 2                2928.64A   -6.613    0.0398
^13CO               906.599m   -8.074    0.0014      Fe 2                1.74494m   -5.409    0.6356      Mg 2                2797.93A   -7.051    0.0145
^13CO               679.978m   -7.778    0.0027      Fe 2                9652.70A   -5.833    0.2394      Mg 2                2790.77A   -6.349    0.0731
^13CO               544.012m   -7.640    0.0037      Fe 2                9470.94A   -5.321    0.7786      Mg 2                2798.00A   -6.096    0.1308
^13CO               453.374m   -7.565    0.0044      Fe 2                9267.56A   -5.702    0.3237      Mg 2                9244.22A   -8.167    0.0011
^13CO               388.637m   -7.530    0.0048      Fe 2                7544.00A   -8.016    0.0016      Mg 2                9218.22A   -7.872    0.0022
^13CO               340.088m   -7.511    0.0050      Fe 2                6558.51A   -6.542    0.0468      N  2                205.283m   -7.377    0.0069
^13CO               302.332m   -7.505    0.0051      Fe 2                5745.71A   -7.160    0.0113      N  2                121.769m   -7.582    0.0043
^13CO               272.130m   -7.508    0.0051      Fe 2                5643.98A   -7.004    0.0162      N  2                6548.05A   -6.742    0.0296
^13CO               247.423m   -7.518    0.0049      Fe 2                5495.84A   -6.835    0.0239      N  2                6583.45A   -6.272    0.0872
^13CO               226.836m   -7.538    0.0047      Fe 2                5376.47A   -5.299    0.8195      N  2                5754.59A   -8.120    0.0012
^13CO               209.419m   -7.562    0.0045      Fe 2                5347.66A   -6.413    0.0630      N  2                2142.77A   -8.125    0.0012
^13CO               194.493m   -7.584    0.0042      Fe 2                5181.96A   -6.689    0.0334      Ni 2                1.19102m   -4.211   10.0371
^13CO               181.558m   -7.609    0.0040      Fe 2                5076.57A   -5.969    0.1751      Ni 2                6.63416m   -4.837    2.3756
^13CO               170.243m   -7.637    0.0038      Fe 2                5043.53A   -5.839    0.2362      Ni 2                1.07151m   -5.826    0.2431
^13CO               160.261m   -7.667    0.0035      Fe 2                5020.25A   -5.955    0.1807      Ni 2                10.6793m   -5.463    0.5608
^13CO               151.390m   -7.698    0.0033      Fe 2                4372.43A   -5.971    0.1744      Ni 2                1.27792m   -7.650    0.0036
^13CO               143.454m   -7.730    0.0030      Fe 2                4358.37A   -6.182    0.1073      Ni 2                1.16130m   -6.345    0.0736
^13CO               136.314m   -7.763    0.0028      Fe 2                4080.00A   -7.852    0.0023      Ni 2                12.7253m   -5.882    0.2141
^13CO               129.855m   -7.803    0.0026      Fe 2                3539.19A   -6.182    0.1072      Ni 2                9882.95A   -7.094    0.0131
^13CO               123.985m   -7.845    0.0023      Fe 2                3538.69A   -6.476    0.0545      Ni 2                1.09177m   -6.633    0.0380
^13CO               118.627m   -7.889    0.0021      Fe 2                3536.25A   -6.602    0.0408      Ni 2                18.2355m   -6.599    0.0411
^13CO               113.717m   -7.934    0.0019      Fe 2                3524.38A   -7.910    0.0020      Ni 2                9374.87A   -7.387    0.0067
^13CO               109.201m   -7.982    0.0017      Fe 2                22.8961m   -7.231    0.0096      Ni 2                7377.83A   -4.991    1.6641
^13CO               105.034m   -8.033    0.0015      Fe 2                1.81139m   -7.510    0.0050      Ni 2                8300.99A   -6.287    0.0842
^13CO               101.176m   -8.086    0.0013      Fe 2                7764.71A   -6.717    0.0313      Ni 2                1.93877m   -5.699    0.3264
^13CO               97.5955m   -8.142    0.0012      Fe 2                7336.73A   -7.006    0.0161      Ni 2                2.36883m   -6.985    0.0169
^13CO               94.2629m   -8.201    0.0010      Fe 2                7267.25A   -7.975    0.0017      Ni 2                2.91064m   -6.654    0.0362
C  1                1560.31A   -6.861    0.0225      Fe 2                6809.24A   -6.984    0.0169      Ni 2                6666.80A   -5.843    0.2342
C  1                1560.68A   -6.762    0.0282      Fe 2                6729.87A   -7.265    0.0089      Ni 2                7411.61A   -5.624    0.3876
C  1                1560.71A   -7.094    0.0131      Fe 2                6671.93A   -7.828    0.0024      Ni 2                1.76458m   -7.769    0.0028
C  1                1561.34A   -6.481    0.0538      Fe 2                5721.37A   -8.102    0.0013      Ni 2                2.04866m   -7.346    0.0073
C  1                1561.37A   -7.060    0.0142      Fe 2                5163.96A   -7.008    0.0160      Ni 2                2.30794m   -6.803    0.0257
C  1                1561.44A   -6.304    0.0809      Fe 2                4266.35A   -7.714    0.0032      Ni 2                6.91767m   -7.102    0.0129
C  1                1656.27A   -6.081    0.1352      Fe 2                4249.08A   -7.985    0.0017      Ni 2                4326.24A   -5.789    0.2650
C  1                1656.93A   -6.667    0.0351      Fe 2                4157.92A   -7.983    0.0017      Ni 2                4628.05A   -6.211    0.1003
C  1                1657.01A   -5.814    0.2503      Fe 2                3277.35A   -6.436    0.0598      Ni 2                6794.20A   -7.267    0.0088
C  1                1657.38A   -6.741    0.0296      Fe 2                3255.89A   -7.652    0.0036      Ni 2                7255.82A   -6.144    0.1170
C  1                1657.91A   -6.177    0.1086      Fe 2                2926.59A   -7.108    0.0127      Ni 2                7694.56A   -7.214    0.0100
C  1                1658.12A   -6.541    0.0469      Fe 2                2880.76A   -7.044    0.0147      Ni 2                8033.54A   -7.379    0.0068
C  1                1930.90A   -7.708    0.0032      Fe 2                2755.74A   -5.387    0.6692      Ni 2                1.04597m   -6.628    0.0384
C  1                1992.01A   -7.285    0.0085      Fe 2                2739.55A   -6.011    0.1588      Ni 2                1.23230m   -6.655    0.0361
C  1                1993.62A   -6.137    0.1191      Fe 2                2716.70A   -6.293    0.0831      Ni 2                4201.17A   -5.972    0.1738
C  1                2582.90A   -7.401    0.0065      Fe 2                34.6508m   -8.102    0.0013      Ni 2                4485.21A   -6.425    0.0613
C  1                8727.13A   -7.790    0.0026      Fe 2                1.00287m   -6.703    0.0323      Ni 2                7307.65A   -6.320    0.0780
C  1                9824.13A   -3.437   59.5823      Fe 2                8245.16A   -8.202    0.0010      Ni 2                7612.72A   -6.649    0.0366
C  1                9850.26A   -2.962  178.0034      Fe 2                8037.28A   -7.234    0.0095      Ni 2                1.13597m   -7.331    0.0076
C  1                370.269m   -3.655   36.0612      Fe 2                7579.61A   -7.725    0.0031      Ni 2                4285.31A   -7.180    0.0108
C  1                609.590m   -4.406    6.4055      Fe 2                7017.95A   -7.644    0.0037      Ni 2                6791.48A   -6.895    0.0208
C  2                1334.53A   -8.081    0.0014      Fe 2                6933.67A   -8.010    0.0016      Ni 2                7054.20A   -6.800    0.0259
C  2                1335.66A   -7.663    0.0035      Fe 2                6872.19A   -7.176    0.0109      Ni 2                9.61508m   -8.089    0.0013
C  2                1335.71A   -7.718    0.0031      Fe 2                6829.03A   -8.210    0.0010      Ni 2                4033.04A   -6.239    0.0940
C  2                2323.50A   -7.521    0.0049      Fe 2                5746.98A   -7.060    0.0142      Ni 2                4294.09A   -6.358    0.0715
C  2                2324.69A   -7.235    0.0095      Fe 2                5283.12A   -7.616    0.0039      Ni 2                6467.29A   -7.392    0.0066
C  2                2325.40A   -6.646    0.0369      Fe 2                5199.18A   -7.833    0.0024      Ni 2                6813.57A   -6.380    0.0680
C  2                2326.93A   -6.739    0.0297      Fe 2                4351.81A   -7.984    0.0017      Ni 2                7078.04A   -6.929    0.0192
C  2                2328.12A   -7.181    0.0107      Fe 2                4347.36A   -7.353    0.0072      Ni 2                1.02090m   -7.710    0.0032
C  2                157.636m   -4.951    1.8235      Fe 2                4329.43A   -6.700    0.0325      Ni 2                3993.06A   -5.893    0.2087
Ca 1                4226.73A   -6.522    0.0490      Fe 2                2953.77A   -8.008    0.0016      Ni 2                4248.80A   -6.368    0.0699
Ca 1                6439.08A   -7.425    0.0061      Fe 2                2772.73A   -6.072    0.1382      Ni 2                6007.06A   -7.482    0.0054
Ca 1                6462.57A   -7.739    0.0030      Fe 2                2749.32A   -6.258    0.0900      Ni 2                6365.10A   -6.367    0.0701
Ca 1                6493.78A   -7.986    0.0017      Fe 2                9795.19A   -7.481    0.0054      Ni 2                6700.24A   -7.760    0.0028
Cl 1                11.3303m   -6.755    0.0287      Fe 2                8228.13A   -7.397    0.0065      Ni 2                6955.82A   -7.795    0.0026
Co 2                9335.96A   -7.347    0.0073      Fe 2                7613.14A   -7.805    0.0026      Ni 2                8703.87A   -6.822    0.0246
Co 2                9639.13A   -7.785    0.0027      Fe 2                7011.24A   -8.211    0.0010      Ni 2                9956.63A   -7.048    0.0146
Co 2                10.5199m   -6.181    0.1075      Fe 2                6966.33A   -7.569    0.0044      Ni 2                5.18504m   -7.827    0.0024
Co 2                15.4548m   -7.066    0.0140      Fe 2                5477.25A   -7.565    0.0044      Ni 2                3438.88A   -6.082    0.1350
Co 2                2.98382m   -5.669    0.3498      Fe 2                5278.38A   -8.031    0.0015      Ni 2                3626.89A   -6.389    0.0665
Co 2                14.7345m   -6.708    0.0320      Fe 2                4402.59A   -7.819    0.0025      Ni 2                3378.16A   -6.696    0.0328
Co 2                18.7989m   -7.229    0.0096      Fe 2                4384.21A   -7.751    0.0029      Ni 2                3559.41A   -6.675    0.0344
Co 2                25.6819m   -7.918    0.0020      Fe 2                1.05081m   -7.961    0.0018      level 1 lines..................................
Co 2                1.01879m   -6.390    0.0664      Fe 2                7710.80A   -8.116    0.0012      recombination..................................
Co 2                1.12804m   -7.361    0.0071      Fe 2                7048.01A   -7.782    0.0027      level2 lines...................................
Co 2                1.54700m   -6.635    0.0378      Fe 2                5901.28A   -8.010    0.0016      C  1                1247.50A   -7.031    0.0152
Co 2                1.72847m   -7.631    0.0038      Fe 2                5527.62A   -8.123    0.0012      C  1                1314.77A   -6.949    0.0183
Co 2                1.90349m   -7.471    0.0055      Fe 2                2.04602m   -6.648    0.0367      C  1                1233.29A   -7.565    0.0044
Co 2                1.02452m   -7.203    0.0102      Fe 2                1.41956m   -7.202    0.0102      C  1                1250.68A   -7.724    0.0031
Co 2                1.09726m   -7.831    0.0024      Fe 2                1.35904m   -8.009    0.0016      Mg 1                1817.31A   -7.996    0.0016
Co 2                1.49674m   -8.067    0.0014      Fe 2                1.23314m   -6.998    0.0164      Mg 1                1675.74A   -8.209    0.0010
Co 2                1.62622m   -8.055    0.0014      Fe 2                1.09108m   -6.920    0.0196      Mg 1                1660.94A   -8.201    0.0010
Co 2                1.73616m   -7.760    0.0028      Fe 2                1.07084m   -7.359    0.0071      Mg 1                1650.95A   -8.211    0.0010
Co 2                1.02803m   -7.800    0.0026      Fe 2                1.05625m   -7.809    0.0025      Si 2                1179.59A   -7.646    0.0037
Co 2                8580.39A   -7.856    0.0023      Fe 2                1.01565m   -7.611    0.0040      S  1                1356.05A   -7.560    0.0045
Co 2                9342.40A   -6.552    0.0458      Fe 2                8119.18A   -8.086    0.0013      S  1                1392.25A   -8.002    0.0016
Co 2                9943.48A   -6.899    0.0206      Fe 2                5588.16A   -6.914    0.0199      Fe 1                2484.25A   -7.850    0.0023
Co 2                7539.01A   -7.220    0.0098      Fe 2                5586.91A   -7.777    0.0027      Fe 1                2526.51A   -8.090    0.0013
Co 2                8121.00A   -6.932    0.0191      Fe 2                5580.82A   -6.346    0.0735      Sc 2                2555.14A   -8.189    0.0011
Co 2                8571.41A   -7.539    0.0047      Fe 2                5551.32A   -6.064    0.1407      Sc 2                3627.22A   -6.536    0.0474
Co 2                6.21176m   -8.180    0.0011      Fe 2                3227.74A   -7.627    0.0038      Sc 2                3575.45A   -6.658    0.0359
Co 2                8027.34A   -7.399    0.0065      Fe 2                3196.07A   -7.294    0.0083      Sc 2                3368.13A   -7.219    0.0099
Co 2                8467.14A   -7.812    0.0025      Fe 2                2.13278m   -6.903    0.0204      Ti 2                3364.74A   -4.963    1.7762
Co 2                8333.76A   -7.580    0.0043      Fe 2                1.46079m   -7.749    0.0029      Ti 2                3237.15A   -5.202    1.0229
Cr 2                8000.08A   -5.395    0.6573      Fe 2                1.39678m   -7.811    0.0025      Ti 2                1904.17A   -7.073    0.0138
Cr 2                8125.30A   -5.468    0.5545      Fe 2                1.30943m   -7.830    0.0024      Ti 2                1907.36A   -6.815    0.0250
Cr 2                8229.67A   -5.563    0.4463      Fe 2                1.24364m   -8.017    0.0016      V  2                2710.94A   -7.283    0.0085
Cr 2                8308.49A   -5.750    0.2900      Fe 2                1.09413m   -7.118    0.0124      V  2                2684.22A   -7.051    0.0145
Cr 2                8357.64A   -6.048    0.1462      Fe 2                1.07890m   -7.214    0.0100      V  2                2139.33A   -7.662    0.0035
Fe 1                24.0358m   -5.847    0.2319      Fe 2                1.06830m   -7.972    0.0017      Cr 1                4269.56A   -7.926    0.0019
Fe 1                34.7038m   -6.435    0.0599      Fe 2                1.03658m   -7.983    0.0017      Cr 1                3589.90A   -7.746    0.0029
Fe 2                25.9813m   -3.761   28.2771      Fe 2                5650.95A   -6.893    0.0209      Cr 2                2059.78A   -5.562    0.4472
Fe 2                5.33871m   -3.238   94.1967      Fe 2                5649.67A   -6.867    0.0221      Mn 2                1198.85A   -7.924    0.0019
Fe 2                4.11387m   -5.601    0.4090      Fe 2                5643.44A   -8.004    0.0016      Co 2                2060.90A   -7.026    0.0154
Fe 2                1.25668m   -4.510    5.0365      Fe 2                5613.27A   -6.280    0.0856      Co 2                2018.80A   -7.061    0.0142
Fe 2                1.19129m   -7.295    0.0083      Fe 2                2.24366m   -7.241    0.0094      Co 2                1949.74A   -7.139    0.0118
Fe 2                6309.53A   -8.139    0.0012      Fe 2                2.00672m   -6.587    0.0422      Co 2                1575.91A   -7.682    0.0034
Fe 2                4799.30A   -8.038    0.0015      Fe 2                1.10657m   -7.461    0.0056      Co 2                1470.18A   -7.765    0.0028
Fe 2                4704.22A   -7.263    0.0089      Fe 2                1.09542m   -7.565    0.0044      Ni 2                1751.83A   -6.597    0.0413
Fe 2                4632.28A   -5.470    0.5523      Fe 2                5725.92A   -7.164    0.0112      Ni 2                1744.24A   -6.402    0.0645
Fe 2                4604.48A   -7.253    0.0091      Fe 2                5718.22A   -6.614    0.0397      Ni 2                1484.97A   -7.755    0.0029
Fe 2                4416.27A   -5.451    0.5767      Fe 2                2.22379m   -5.995    0.1649      Ni 2                1472.74A   -7.431    0.0060
Fe 2                4382.74A   -6.421    0.0618      Fe 2                2.01513m   -6.317    0.0786      Ni 2                1400.37A   -7.747    0.0029
Fe 2                4287.39A   -4.489    5.2869      Fe 2                9682.08A   -6.825    0.0244      Ni 2                1375.73A   -7.382    0.0068
Fe 2                3931.44A   -8.083    0.0013      Fe 2                9513.85A   -7.633    0.0038      Ni 2                1324.11A   -7.491    0.0053
Fe 2                3874.07A   -7.714    0.0031      Fe 2                8715.81A   -7.457    0.0057      hyperfine structure............................
Fe 2                3175.38A   -6.300    0.0817      Fe 2                6873.84A   -7.122    0.0123      inner shell....................................
Fe 2                2599.40A   -7.292    0.0083      Fe 2                6700.65A   -8.095    0.0013      molecules......................................
Fe 2                2382.04A   -5.508    0.5058      Fe 2                6188.55A   -7.299    0.0082      bands..........................................
Fe 2                2343.50A   -8.117    0.0012      Fe 2                5870.02A   -7.557    0.0045      Fe 2b               2500.00A   -3.397   65.4082
Fe 2                35.3391m   -4.422    6.1663      Fe 2                5673.20A   -7.590    0.0042      Fe 2b               5000.00A   -3.451   57.6942
Fe 2                6.71944m   -4.378    6.8300      Fe 2                4898.61A   -7.326    0.0077      Fe 2b               7000.00A   -4.393    6.5939
Fe 2                4.88781m   -5.264    0.8877      Fe 2                2.25348m   -6.834    0.0239      Fe 2b               10000.0A   -3.074  137.4785
Fe 2                4.07521m   -6.085    0.1339      Fe 2                1.02005m   -8.040    0.0015      Fe 2b               2355.00A   -4.228    9.6362
Fe 2                1.32055m   -5.007    1.6061      Fe 2                1.00139m   -7.485    0.0053      Fe 2b               2430.00A   -3.405   64.1524
Fe 2                1.24854m   -6.040    0.1486      Fe 2                9133.66A   -8.205    0.0010      Fe 2b               2445.00A   -3.405   64.1522
Fe 2                1.20512m   -7.853    0.0023      Fe 2                8885.67A   -7.933    0.0019      Fe 2b               2495.00A   -3.950   18.3145
Fe 2                7637.52A   -5.310    0.7980      Fe 2                7131.14A   -8.097    0.0013      Fe 2b               2610.00A   -3.654   36.1958
Fe 2                7523.28A   -7.358    0.0072      Fe 2                6944.91A   -7.668    0.0035      Fe 2b               2695.00A   -6.292    0.0832
Fe 2                4889.62A   -5.334    0.7557      Fe 2                6473.88A   -7.702    0.0032      Fe 2b               2758.00A   -5.154    1.1431
Fe 2                4750.27A   -8.066    0.0014      Fe 2                6044.10A   -8.136    0.0012      Fe 2b               2780.00A   -5.118    1.2415
Fe 2                4716.37A   -6.348    0.0732      Fe 2                5835.45A   -7.805    0.0026      Fe 2b               2935.00A   -6.736    0.0299
Fe 2                4687.56A   -6.551    0.0458      Fe 2                5060.09A   -7.885    0.0021      Fe 2b               2960.00A   -7.031    0.0152
Fe 2                4492.64A   -6.321    0.0779      Fe 2                4576.40A   -8.138    0.0012      Fe 2b               3180.00A   -5.792    0.2630
Fe 2                4457.95A   -5.719    0.3112      Fe 2                1.34608m   -8.182    0.0011      Fe 2b               3250.00A   -5.107    1.2757
Fe 2                4432.45A   -6.513    0.0500      Fe 2                1.11648m   -7.997    0.0016      Fe 2b               3590.00A   -5.130    1.2078
Fe 2                4359.33A   -4.619    3.9171      Fe 2                5048.19A   -7.852    0.0023      Fe 2b               3910.00A   -7.176    0.0109
Fe 2                3224.54A   -7.397    0.0065      Fe 2                1.71482m   -7.433    0.0060      Fe 2b               4060.00A   -7.836    0.0024
Fe 2                3214.67A   -6.814    0.0250      Fe 2                9949.21A   -7.765    0.0028      Fe 2b               4255.00A   -3.884   21.2763
Fe 2                2625.67A   -3.776   27.3247      Fe 2                7975.22A   -7.951    0.0018      Fe 2b               4558.00A   -4.615    3.9609
Fe 2                2611.87A   -4.547    4.6323      Fe 2                1.47063m   -8.202    0.0010      Fe 2b               4600.00A   -4.585    4.2411
Fe 2                2598.37A   -5.778    0.2719      Fe 2                1.01273m   -7.879    0.0022      Fe 2b               4743.00A   -5.334    0.7562
Fe 2                2395.63A   -4.787    2.6650      Fe 2                6353.11A   -8.002    0.0016      Fe 2b               4855.00A   -4.755    2.8692
Fe 2                2388.63A   -5.863    0.2233      Fe 2                1.80228m   -8.102    0.0013      Fe 2b               4920.00A   -4.240    9.3786
Fe 2                2383.06A   -7.676    0.0034      Fe 2                1.00387m   -8.032    0.0015      Fe 2b               4975.00A   -4.770    2.7693
Fe 2                2364.83A   -5.168    1.1062      Fe 2                9469.41A   -7.917    0.0020      Fe 2b               4971.00A   -4.813    2.5087
Fe 2                2332.80A   -6.302    0.0813      Fe 2                9384.77A   -7.407    0.0064      Fe 2b               5070.00A   -4.692    3.3156
Fe 2                2279.91A   -7.774    0.0027      Fe 2                2.39329m   -7.457    0.0057      Fe 2b               5143.00A   -4.158   11.3315
Fe 2                51.2868m   -4.941    1.8690      Fe 2                4825.73A   -6.859    0.0225      Fe 2b               5270.00A   -3.874   21.8152
Fe 2                5.67236m   -6.076    0.1370      Fe 2                2.50030m   -7.794    0.0026      Fe 2b               5318.00A   -4.192   10.4834
Fe 2                4.60641m   -5.885    0.2125      Fe 2                4867.73A   -7.901    0.0020      Fe 2b               5540.00A   -5.339    0.7476
Fe 2                4.08085m   -6.631    0.0381      Fe 2                2.59860m   -8.177    0.0011      Fe 2b               5865.00A   -5.938    0.1882
Fe 2                1.37181m   -5.250    0.9168      Fe 2                4903.85A   -7.353    0.0072      Fe 2b               6265.00A   -6.748    0.0291
Fe 2                1.29427m   -5.826    0.2436      Fe 2                1.04657m   -8.210    0.0010      Fe 2b               6565.00A   -6.094    0.1314
Fe 2                7806.23A   -7.083    0.0135      Fe 2                3.58120m   -7.801    0.0026      Fe 2b               6910.00A   -6.034    0.1509
Fe 2                7686.93A   -5.388    0.6672      Fe 2                3.15558m   -7.832    0.0024      Fe 2b               7445.00A   -4.415    6.2770
Fe 2                7552.40A   -7.866    0.0022      Fe 2                5171.63A   -7.161    0.0113      Fe 2b               8625.00A   -4.083   13.4724
Fe 2                4958.23A   -7.185    0.0107      Fe 2                5169.03A   -6.384    0.0673      Fe 2b               1.03250m   -5.140    1.1800
Fe 2                4750.57A   -7.182    0.0107      Fe 2                5018.44A   -8.086    0.0013      Fe 2b               1.88900m   -3.789   26.5101
Fe 2                4728.07A   -5.982    0.1698      Fe 2                6044.54A   -7.605    0.0041      Fe 2b               2.20000m   -5.871    0.2192
Fe 2                4514.90A   -6.345    0.0737      Fe 2                5316.61A   -8.070    0.0014      miscellaneous..................................
Fe 2                4488.75A   -6.064    0.1406      Fe 3                22.9190m   -8.111    0.0013      Blnd                8446.00A   -7.929    0.0019
Fe 2                4470.30A   -7.267    0.0088      Fe 3                4985.87A   -7.975    0.0017      Blnd                1304.00A   -6.328    0.0767
Fe 2                4413.78A   -4.771    2.7655      K  1                7664.90A   -7.885    0.0021      Blnd                2798.00A   -2.907  202.1963
Fe 2                3254.24A   -6.874    0.0218      K  1                7698.96A   -8.183    0.0011      Blnd                6720.00A   -3.517   49.5396
Fe 2                3244.18A   -7.169    0.0111      Mg 1                2025.82A   -7.773    0.0028      Blnd                4074.00A   -4.841    2.3489
Fe 2                2631.32A   -4.684    3.3769      Mg 1                2852.13A   -4.794    2.6187      Blnd                1.03300m   -4.950    1.8274
Fe 2                2617.62A   -6.126    0.1221      Mg 1                3832.30A   -7.866    0.0022      Blnd                1256.00A   -6.900    0.0205
Fe 2                2607.09A   -6.058    0.1425      Mg 1                3838.29A   -7.450    0.0058      Blnd                5892.00A   -6.351    0.0727
Fe 2                2404.89A   -5.749    0.2907      Mg 1                4562.60A   -4.601    4.0890      Blnd                2665.00A   -4.461    5.6350
Fe 2                2399.24A   -6.580    0.0429      Mg 1                4571.10A   -5.039    1.4901      Blnd                2335.00A   -4.270    8.7535
Fe 2                2395.42A   -7.525    0.0049      Mg 1                4575.29A   -5.967    0.1759      Blnd                8579.00A   -3.875   21.7408
Fe 2                2380.76A   -4.596    4.1297      Mg 1                5167.32A   -7.125    0.0122      Blnd                7306.00A   -3.232   95.4602
Fe 2                2348.30A   -6.308    0.0802      Mg 1                5172.68A   -6.651    0.0364      Blnd                3933.00A   -5.741    0.2958
Fe 2                2327.40A   -6.893    0.0209      Mg 1                5183.60A   -6.431    0.0604      Blnd                1657.00A   -5.430    0.6058
Fe 2                87.3597m   -5.643    0.3710      Mg 1                8806.76A   -6.708    0.0320      Blnd                9850.00A   -2.836  237.5857
Fe 2                5.06097m   -6.543    0.0467      Mg 1                1.18282m   -6.866    0.0222      Blnd                2326.00A   -6.250    0.0918
Fe 2                4.43363m   -6.461    0.0565      Mg 1                1.50250m   -7.691    0.0033      Blnd                1335.00A   -7.309    0.0080
Fe 2                1.40951m   -7.871    0.0022      Mg 1                1.50402m   -8.136    0.0012      Blnd                3467.00A   -5.760    0.2836
Fe 2                1.32777m   -6.009    0.1596      Mg 1                1.71087m   -7.372    0.0069      Blnd                5199.00A   -3.515   49.8270
Fe 2                1.27877m   -6.066    0.1399      Mn 2                2576.10A   -6.058    0.1427      Blnd                1.04030m   -5.003    1.6177
Fe 2                1.25214m   -7.107    0.0128      Mn 2                2593.72A   -6.152    0.1150      Blnd                2141.00A   -7.977    0.0017
Fe 2                7926.88A   -7.344    0.0074      Mn 2                2605.68A   -6.291    0.0835      Blnd                6300.00A   -3.236   94.6203
Fe 2                7803.89A   -7.085    0.0134      Mn 2                3438.97A   -7.426    0.0061      Blnd                2471.00A   -7.864    0.0022
Fe 2                7665.28A   -6.337    0.0750      Mn 2                3460.03A   -7.967    0.0018      Blnd                7323.00A   -8.032    0.0015
Fe 2                5006.63A   -6.485    0.0534      N  1                1199.55A   -7.373    0.0069      Blnd                7332.00A   -8.114    0.0013
Fe 2                4772.06A   -7.298    0.0082      N  1                1200.22A   -7.546    0.0046      Blnd                3727.00A   -5.953    0.1817
Fe 2                4639.67A   -6.981    0.0170      N  1                1200.71A   -7.849    0.0023      Blnd                7325.00A   -7.770    0.0028



 IC443 grid point v shock=77 km/s  
 Cooling:  H  1c                     0 :0.139 Fe 2c                     0 :0.073 O  1c                     0 :0.402 Si 2c                     0 :0.234  
 Heating:  TotM                      0 :0.147 CT H                      0 :0.176 H- H                      0 :0.674  

 These are some of the most important databases used by Cloudy:
 Many recombination coefficients were taken from http://amdpp.phys.strath.ac.uk/tamoc/RR/ and http://amdpp.phys.strath.ac.uk/tamoc/DR/
      and are based on the following papers:
        Badnell N. R., et al., A&A 406, 1151 (2003) [http://adsabs.harvard.edu/abs/2003A%26A...406.1151B]
        Badnell N. R., ApJS 167, 334 (2006) [http://adsabs.harvard.edu/abs/2006ApJS..167..334B]
 Much of the molecular emission data is from LAMDA as accessed on June 30, 2015. This database is described in:
        Schoeier F.L., et al., A&A 432, 369 (2005) [http://adsabs.harvard.edu/abs/2005A%26A...432..369S]
      This database is in part based on the work of the following groups:
        JPL: Pickett H. M. et al., JQSRT, 60, 883 (1998). [http://adsabs.harvard.edu/abs/1998JQSRT..60..883P]
        CDMS: Mueller H. S. et al., A&A 370, L49 (2001). [http://adsabs.harvard.edu/abs/2001A%26A...370L..49M]
              Mueller H. S. et al., J. Mol. Struct. 742, 215 (2005). [http://adsabs.harvard.edu/abs/2005JMoSt.742..215M]
 Some of the ionic emission data is from version 10.0.1 of CHIANTI. CHIANTI is a collaborative project involving the NRL (USA), the
      Universities of Florence (Italy) and Cambridge (UK), and George Mason University (USA). These papers describe Chianti:
        Dere K. P., et al., A&AS, 125, 149 (1997) [http://adsabs.harvard.edu/abs/1997A%26AS..125..149D]
        Landi E., et al., ApJ, 744, 99 (2012) [http://adsabs.harvard.edu/abs/2012ApJ...744...99L]
 Much of the H_2 data is from this web site: http://molat.obspm.fr/index.php?page=pages/Molecules/H2/H2can94.php. These data are
      described in:
        Abgrall H. et al., Can. J. Phys., 72, 856 (1994) [http://adsabs.harvard.edu/abs/1994CaJPh..72..856A]
        Wrathmall S. A. & Flower D. R., J. Phys. B, 40, 3221 (2007) [http://adsabs.harvard.edu/abs/2007JPhB...40.3221W]
 The Case A and Case B recombination predictions for one-electron systems are from
	Storey, P.J. & Hummer, D.G., 1995, MNRAS 272, 41 http://adsabs.harvard.edu/abs/1995MNRAS.272...41S
 The He I recombination predictions are from
	Porter, R. L.; Ferland, G. J.; Storey, P. J.; Detisch, M. J., 2012, MNRAS, 425, 28p http://adsabs.harvard.edu/abs/2012MNRAS.425L..28P
		http://adsabs.harvard.edu/abs/2013MNRAS.433L..89P

 If you find some process or data set to be particularly critical to a result, please follow the trail of references back to the
 original source and cite that.  This will support and encourage atomic, molecular, and chemical physicists to continue their
 valuable work.

 IONIZE PARMET:  U(1-)-37.0000  U(4-):-37.0000  U(sp):-37.00  Q(ion):   -2.402  L(ion)-12.942    Q(low): 11.538    L(low) -1.798
 ENERGY BUDGET:  Heat:  -5.645  Coolg:  -1.451  Error:1564316.4%  Rec Lin:  -2.744  F-F  H  0.000    P(rad/tot)max     7.47E-04    R(F Con):1.737e+05

     Col(Heff):      1.237E+21  snd travl time  2.29E+12 sec  Te-low: 1.00E+04  Te-hi: 1.00E+04  G0TH85: 0.00E+00  G0DB96:0.00E+00
  Emiss Measure    n(e)n(p) dl       6.736E+17  n(e)n(He+)dl         5.820E+09  En(e)n(He++) dl         0.000E+00  ne nC+:6.85E+14
 He/Ha:2.69E-08  =   0.00*true  Lthin:3.82E+06  itr/zn: 1.57  H2 itr/zn:  0.00  File Opacity: F  MassTot 3.50e-03  (gm/cm^2)
   Temps(21 cm)   T(21cm/Ly a)  4.80E+03        T(<nH/Tkin>)  1.00E+04          T(<nH/Tspin>)    5.14E+03          TB21cm:3.58E+01
                   N(H0/Tspin)  2.88E+17        N(OH/Tkin)    1.36E+08          B(21cm)          0.00E+00
   <a>:1.14E-11  erdeFe0.0E+00  Tcompt0.00E+00  Tthr1.02E+11  <Tden>: 1.00E+04  <dens>:1.91E-21  <MolWgt>1.29E+00
     Mean Jeans  l(cm)1.26E+20  M(sun)1.00E+06  smallest:     len(cm):1.26E+20  M(sun):1.00E+06  a_ox tran:  0.00
 Rion:1.000E+30  Dist:0.00E+00  Diam:0.000E+00
 Hatom level 70  HatomType: add  HInducImp  F  He tot level: 63  He2 level:   70  ExecTime    27.7
 ConvrgError(%)  <eden>  0.207  MaxEden  0.952  <H-C> 100.00  Max(H-C)  100.00  <Press>   0.000  MaxPrs er  0.000
  Continuity(%)  chng Te   0.0  elec den   0.8  n(H2)    0.0  n(CO)        5.1

                                                        Averaged Quantities
             Te      Te(Ne)   Te(NeNp)  Te(NeHe+)Te(NeHe2+) Te(NeO+)  Te(NeO2+)  Te(H2)     N(H)     Ne(O2+)   Ne(Np)
 Radius:  1.00e+04  1.00e+04  1.00e+04  1.00e+04  0.00e+00  1.00e+04  1.00e+04  1.00e+04  8.06e+02  6.60e-01  6.55e-01
 
 Peimbert T(OIIIr)0.00E+00 T(Bac)0.00E+00 T(Hth)7.24E+03 t2(Hstrc) 3.31e-32 T(O3-BAC)5.73E+03 t2(O3-BC)-1.55e-01 t2(O3str) 0.00e+00

 Contin Optical Depths: COMP: 7.91e-07    H-: 5.30e-04 R(1300): 9.92e-03  H2+: 2.11e-06  Bra:7.92E-07
                          Pa: 7.98e-07    Ba: 4.84e-04      Hb: 3.75e-04   La: 2.44e+01     1r:9.387E+03  1.8:2.93E+03 4.:4.426E+02

 Old, new H  1 continuum optical depths:
     1 1.00e+08     2 0.00e+00     3 0.00e+00     4 0.00e+00     5 0.00e+00     6 0.00e+00     7 0.00e+00     8 0.00e+00
     9 0.00e+00    10 0.00e+00    11 0.00e+00    12 0.00e+00    13 0.00e+00    14 0.00e+00    15 0.00e+00    16 0.00e+00
    17 0.00e+00    18 0.00e+00    19 0.00e+00    20 0.00e+00    21 0.00e+00    22 0.00e+00    23 0.00e+00    24 0.00e+00
    25 0.00e+00    26 0.00e+00    27 0.00e+00    28 0.00e+00    29 0.00e+00    30 0.00e+00    31 0.00e+00    32 0.00e+00
    33 0.00e+00    34 0.00e+00    35 0.00e+00    36 0.00e+00    37 0.00e+00    38 0.00e+00    39 0.00e+00    40 0.00e+00
    41 0.00e+00    42 0.00e+00    43 0.00e+00    44 0.00e+00    45 0.00e+00    46 0.00e+00    47 0.00e+00    48 0.00e+00
    49 0.00e+00    50 0.00e+00    51 0.00e+00    52 0.00e+00    53 0.00e+00    54 0.00e+00
     1 9.39e+03     2 2.71e-04     3 5.33e-04     4 5.33e-04     5 5.33e-04     6 1.38e-04     7 1.38e-04     8 1.38e-04
     9 1.38e-04    10 3.18e-17    11 3.18e-17    12 3.18e-17    13 3.18e-17    14 3.18e-17    15 4.59e-17    16 4.59e-17
    17 4.59e-17    18 4.59e-17    19 4.59e-17    20 4.59e-17    21 7.99e-17    22 7.99e-17    23 7.99e-17    24 7.99e-17
    25 7.99e-17    26 7.99e-17    27 7.99e-17    28 1.29e-16    29 1.29e-16    30 1.29e-16    31 1.29e-16    32 1.29e-16
    33 1.29e-16    34 1.29e-16    35 1.29e-16    36 1.98e-16    37 1.98e-16    38 1.98e-16    39 1.98e-16    40 1.98e-16
    41 1.98e-16    42 1.98e-16    43 1.98e-16    44 1.98e-16    45 2.89e-16    46 2.89e-16    47 2.89e-16    48 2.89e-16
    49 2.89e-16    50 2.89e-16    51 2.89e-16    52 2.89e-16    53 2.89e-16    54 2.89e-16

 Old, new H  1 mean line optical depths:
  2- 1 1.81e+08  3- 2 0.00e+00  4- 3 0.00e+00  5- 4 0.00e+00  6- 5 0.00e+00  7- 6 0.00e+00  8- 7 0.00e+00
  9- 8 0.00e+00 10- 9 0.00e+00 11-10 0.00e+00 12-11 0.00e+00 13-12 0.00e+00 14-13 0.00e+00 15-14 0.00e+00 16-15 0.00e+00
 17-16 0.00e+00 18-17 0.00e+00 19-18 0.00e+00 20-19 0.00e+00 21-20 0.00e+00 22-21 0.00e+00 23-22 0.00e+00 24-23 0.00e+00
 25-24 0.00e+00
  2- 1 1.55e+08  3- 2 1.72e-05  4- 3 1.53e-12  5- 4 8.12e-13  6- 5 1.94e-12  7- 6-5.60e-14  8- 7 6.56e-14
  9- 8 6.08e-13 10- 9 2.08e-12 11-10 8.98e-12 12-11 3.59e-14 13-12-1.28e-13 14-13-4.76e-13 15-14-1.14e-12 16-15-2.34e-12
 17-16-4.40e-12 18-17-7.82e-12 19-18-1.34e-11 20-19-2.22e-11 21-20-3.63e-11 22-21-5.99e-11 23-22-1.05e-10 24-23-2.35e-10
 25-24-6.41e-09

 Old, new He 2 continuum optical depths:
     1 3.43e+06     2 9.96e+07     3 0.00e+00     4 0.00e+00     5 0.00e+00     6 0.00e+00     7 0.00e+00     8 0.00e+00
     9 0.00e+00    10 0.00e+00    11 0.00e+00    12 0.00e+00    13 0.00e+00    14 0.00e+00    15 0.00e+00    16 0.00e+00
    17 0.00e+00    18 0.00e+00    19 0.00e+00    20 0.00e+00    21 0.00e+00    22 0.00e+00    23 0.00e+00    24 0.00e+00
    25 0.00e+00    26 0.00e+00    27 0.00e+00    28 0.00e+00    29 0.00e+00    30 0.00e+00    31 0.00e+00    32 0.00e+00
    33 0.00e+00    34 0.00e+00    35 0.00e+00    36 0.00e+00    37 0.00e+00    38 0.00e+00    39 0.00e+00    40 0.00e+00
    41 0.00e+00    42 0.00e+00    43 0.00e+00    44 0.00e+00    45 0.00e+00    46 0.00e+00    47 0.00e+00    48 0.00e+00
    49 0.00e+00    50 0.00e+00    51 0.00e+00    52 0.00e+00    53 0.00e+00    54 0.00e+00
     1 4.43e+02     2 9.34e+03     3 2.20e-04     4 2.20e-04     5 2.20e-04     6 2.71e-04     7 2.71e-04     8 2.71e-04
     9 2.71e-04    10 4.32e-04    11 4.32e-04    12 4.32e-04    13 4.32e-04    14 4.32e-04    15 5.33e-04    16 5.33e-04
    17 5.33e-04    18 5.33e-04    19 5.33e-04    20 5.33e-04    21 4.50e-04    22 4.50e-04    23 4.50e-04    24 4.50e-04
    25 4.50e-04    26 4.50e-04    27 4.50e-04    28 1.38e-04    29 1.38e-04    30 1.38e-04    31 1.38e-04    32 1.38e-04
    33 1.38e-04    34 1.38e-04    35 1.38e-04    36 2.06e-17    37 2.06e-17    38 2.06e-17    39 2.06e-17    40 2.06e-17
    41 2.06e-17    42 2.06e-17    43 2.06e-17    44 2.06e-17    45 3.18e-17    46 3.18e-17    47 3.18e-17    48 3.18e-17
    49 3.18e-17    50 3.18e-17    51 3.18e-17    52 3.18e-17    53 3.18e-17    54 3.18e-17

 Old, new He 2 mean line optical depths:
  2- 1 1.81e+07  3- 2 0.00e+00  4- 3 0.00e+00  5- 4 0.00e+00  6- 5 0.00e+00  7- 6 0.00e+00  8- 7 0.00e+00
  9- 8 0.00e+00 10- 9 0.00e+00 11-10 0.00e+00 12-11 0.00e+00 13-12 0.00e+00 14-13 0.00e+00 15-14 0.00e+00 16-15 0.00e+00
 17-16 0.00e+00 18-17 0.00e+00 19-18 0.00e+00 20-19 0.00e+00 21-20 0.00e+00 22-21 0.00e+00 23-22 0.00e+00 24-23 0.00e+00
 25-24 0.00e+00
  2- 1 0.00e+00  3- 2 0.00e+00  4- 3 0.00e+00  5- 4 0.00e+00  6- 5 0.00e+00  7- 6 0.00e+00  8- 7 0.00e+00
  9- 8 0.00e+00 10- 9 0.00e+00 11-10 0.00e+00 12-11 0.00e+00 13-12 0.00e+00 14-13 0.00e+00 15-14 0.00e+00 16-15 0.00e+00
 17-16 0.00e+00 18-17 0.00e+00 19-18 0.00e+00 20-19 0.00e+00 21-20 0.00e+00 22-21 0.00e+00 23-22 0.00e+00 24-23 0.00e+00
 25-24 0.00e+00

 Old He Is optical depths:    1 2.36e+07    2 0.00e+00    3 0.00e+00    4 0.00e+00    5 0.00e+00
 New He Is optical depths:    1 2.93e+03    2 1.77e-04    3 2.25e-04    4 2.52e-04    5 2.52e-04
          Old He Is Lines:  584 0.00e+00 3889 0.00e+00 5016 0.00e+00 5876 0.00e+00
          New He Is Lines:  584 9.82e+06 3889 5.72e-08 5016 9.75e-14 5876 4.58e-19
IC443 grid point v shock=77 km/s  


          Start Iteration Number 2                                            IC443 grid point v shock=77 km/s  


 ####  1  Te:1.000E+04 Hden:8.056E+02 Ne:4.475E-01 R:1.000E+30 R-R0:1.468E+11 dR:2.935E+11 NTR:  1 Htot:2.996E-25 T912: 1.50e-03###
 Hydrogen      1.00e+00 4.66e-04 H+o/Hden 1.00e+00 6.16e-09 H-    H2 2.75e-06 1.31e-10 H2+ HeH+ 2.00e-11 Ho+ ColD 2.36e+14 1.10e+11
 Helium        1.00e+00 2.85e-12 0.00e+00 HeI 2s3S 2.77e-15 Comp H,C 0.00e+00 0.00e+00 Fill Fac 1.00e+00 Gam1/tot 1.01e-07
 He singlet n  1.00e+00 1.41e-21 1.68e-29 6.45e-29 1.81e-30 8.14e-30 He tripl 2.77e-15 1.67e-27 1.07e-28 1.03e-28 4.62e-30
 Pressure      NgasTgas 8.87e+06 P(total) 1.23e-09 P( gas ) 1.23e-09 P(Radtn) 0.00e+00 Rad accl 0.00e+00 ForceMul 0.00e+00
 Texc(La)      2.34e+03 T(I con) 0.00e+00 T(D con) 5.63e-02 T(U tot) 5.63e-02 nT (c+d) 1.36e+04 Prad/Gas 0.00e+00 Pmag/Gas 0.00e+00
 Molecules     CH/Ctot: 2.06e-06 CH+/Ctot 1.77e-08 CO/Ctot: 4.08e-01 CO+/Ctot 2.04e-08 H2O/Otot 2.74e-12 OH/Ototl 1.32e-06
 Lithium       8.78e-03 9.91e-01 0.00e+00 0.00e+00 Berylliu 9.52e-01 4.81e-02 1.57e-08 0.00e+00 0.00e+00 sec ion: 0.00e+00
 Boron         5.19e-01 4.81e-01 2.63e-14 0.00e+00 0.00e+00 0.00e+00
 Carbon        5.88e-01 4.21e-03 1.19e-14 0.00e+00 0.00e+00 0.00e+00 0.00e+00 H2O+/O   2.30e-10 OH+/Otot 2.89e-06 Hex(tot) 0.00e+00
 Nitrogen      9.82e-01 5.36e-04 1.03e-19 0.00e+00 0.00e+00 0.00e+00 0.00e+00 0.00e+00 O2/Ototl 6.48e-11 O2+/Otot 8.55e-08
 Oxygen        7.96e-01 2.99e-04 3.19e-24 0.00e+00 0.00e+00 0.00e+00 0.00e+00 0.00e+00 0.00e+00
 Fluorine      8.30e-01 8.45e-06 2.68e-21 0.00e+00 0.00e+00 0.00e+00 0.00e+00 0.00e+00 0.00e+00 0.00e+00
 Neon          1.00e+00 3.00e-07 0.00e+00 0.00e+00 0.00e+00 0.00e+00 0.00e+00 0.00e+00 0.00e+00 0.00e+00 0.00e+00
 Sodium        2.02e-03 9.98e-01 5.05e-22 0.00e+00 0.00e+00 0.00e+00 0.00e+00 0.00e+00 0.00e+00 0.00e+00 0.00e+00 0.00e+00
 Magnesium     6.14e-02 9.39e-01 7.27e-05 0.00e+00 0.00e+00 0.00e+00 0.00e+00 0.00e+00 0.00e+00 0.00e+00 0.00e+00 0.00e+00 0.00e+00
 Aluminium  0  9.64e-04 9.99e-01 1.78e-07 0.00e+00 0.00e+00 0.00e+00 0.00e+00 0.00e+00 0.00e+00 0.00e+00 0.00e+00 0.00e+00 0.00e+00
 Silicon    0  1.19e-01 4.18e-01 3.14e-06 0.00e+00 0.00e+00 0.00e+00 0.00e+00 0.00e+00 0.00e+00 0.00e+00 0.00e+00 0.00e+00 0.00e+00
 Phosphorus 0  1.40e-03 9.99e-01 8.17e-10 0.00e+00 0.00e+00 0.00e+00 0.00e+00 0.00e+00 0.00e+00 0.00e+00 0.00e+00 0.00e+00 0.00e+00
 Sulphur    0  1.15e-01 1.31e-02 2.37e-12 0.00e+00 0.00e+00 0.00e+00 0.00e+00 0.00e+00 0.00e+00 0.00e+00 0.00e+00 0.00e+00 0.00e+00
 Chlorine   0  8.00e-03 9.92e-01 1.39e-09 0.00e+00 0.00e+00 0.00e+00 0.00e+00 0.00e+00 0.00e+00 0.00e+00 0.00e+00 0.00e+00 0.00e+00
 Argon      0  1.00e+00 4.03e-05 9.77e-17 0.00e+00 0.00e+00 0.00e+00 0.00e+00 0.00e+00 0.00e+00 0.00e+00 0.00e+00 0.00e+00 0.00e+00
 Potassium  0  4.89e-04 1.00e+00 1.20e-13 0.00e+00 0.00e+00 0.00e+00 0.00e+00 0.00e+00 0.00e+00 0.00e+00 0.00e+00 0.00e+00 0.00e+00
 Calcium    0  9.33e-03 9.81e-01 9.27e-03 0.00e+00 0.00e+00 0.00e+00 0.00e+00 0.00e+00 0.00e+00 0.00e+00 0.00e+00 0.00e+00 0.00e+00
 Scandium   0  4.92e-03 9.88e-01 6.61e-03 0.00e+00 0.00e+00 0.00e+00 0.00e+00 0.00e+00 0.00e+00 0.00e+00 0.00e+00 0.00e+00 0.00e+00
 Titanium   0  3.52e-04 9.99e-01 5.43e-04 0.00e+00 0.00e+00 0.00e+00 0.00e+00 0.00e+00 0.00e+00 0.00e+00 0.00e+00 0.00e+00 0.00e+00
 Vanadium   0  1.27e-02 9.87e-01 4.01e-05 0.00e+00 0.00e+00 0.00e+00 0.00e+00 0.00e+00 0.00e+00 0.00e+00 0.00e+00 0.00e+00 0.00e+00
 Chromium   0  2.07e-02 9.79e-01 1.34e-04 0.00e+00 0.00e+00 0.00e+00 0.00e+00 0.00e+00 0.00e+00 0.00e+00 0.00e+00 0.00e+00 0.00e+00
 Manganese  0  3.69e-04 1.00e+00 7.49e-05 0.00e+00 0.00e+00 0.00e+00 0.00e+00 0.00e+00 0.00e+00 0.00e+00 0.00e+00 0.00e+00 0.00e+00
 Iron       0  3.28e-04 1.00e+00 3.85e-05 0.00e+00 0.00e+00 0.00e+00 0.00e+00 0.00e+00 0.00e+00 0.00e+00 0.00e+00 0.00e+00 0.00e+00
 Cobalt     0  1.09e-01 8.91e-01 3.03e-07 0.00e+00 0.00e+00 0.00e+00 0.00e+00 0.00e+00 0.00e+00 0.00e+00 0.00e+00 0.00e+00 0.00e+00
 Nickel     0  4.63e-04 1.00e+00 1.24e-12 0.00e+00 0.00e+00 0.00e+00 0.00e+00 0.00e+00 0.00e+00 0.00e+00 0.00e+00 0.00e+00 0.00e+00
 Copper     0  2.24e-01 7.76e-01 1.74e-11 0.00e+00 0.00e+00 0.00e+00 0.00e+00 0.00e+00 0.00e+00 0.00e+00 0.00e+00 0.00e+00 0.00e+00
 Zinc       0  6.17e-01 3.83e-01 8.71e-08 0.00e+00 0.00e+00 0.00e+00 0.00e+00 0.00e+00 0.00e+00 0.00e+00 0.00e+00 0.00e+00 0.00e+00
 ####266  Te:1.000E+04 Hden:8.056E+02 Ne:7.178E-01 R:1.000E+30 R-R0:1.835E+18 dR:1.812E+15 NTR:  2 Htot:1.212E-24 T912: 9.39e+03###
 Hydrogen      9.99e-01 7.79e-04 H+o/Hden 1.00e+00 1.02e-08 H-    H2 3.16e-06 2.31e-10 H2+ HeH+ 3.50e-11 Ho+ ColD 1.48e+21 1.02e+18
 Helium        1.00e+00 6.68e-11 0.00e+00 HeI 2s3S 4.05e-15 Comp H,C 1.42e-32 5.10e-32 Fill Fac 1.00e+00 Gam1/tot 6.02e-05
 He singlet n  1.00e+00 2.30e-21 5.80e-27 9.67e-29 5.55e-29 1.20e-29 He tripl 4.05e-15 2.45e-27 1.56e-28 1.51e-28 6.89e-30
 Pressure      NgasTgas 8.88e+06 P(total) 1.23e-09 P( gas ) 1.23e-09 P(Radtn) 4.98e-15 Rad accl 3.03e-11 ForceMul 2.29e+05
 Texc(La)      3.09e+03 T(I con) 0.00e+00 T(D con) 2.89e+00 T(U tot) 2.89e+00 nT (c+d) 6.99e+05 Prad/Gas 4.06e-06 Pmag/Gas 0.00e+00
 Molecules     CH/Ctot: 4.02e-06 CH+/Ctot 2.29e-08 CO/Ctot: 1.59e-05 CO+/Ctot 1.23e-11 H2O/Otot 4.18e-12 OH/Ototl 1.93e-06
 Lithium       1.12e-03 9.99e-01 0.00e+00 0.00e+00 Berylliu 7.19e-02 9.28e-01 4.22e-07 0.00e+00 0.00e+00 sec ion: 0.00e+00
 Boron         4.96e-04 1.00e+00 7.98e-14 0.00e+00 0.00e+00 0.00e+00
 Carbon        9.97e-01 2.67e-03 1.15e-14 0.00e+00 0.00e+00 0.00e+00 0.00e+00 H2O+/O   1.33e-10 OH+/Otot 2.33e-06 Hex(tot) 0.00e+00
 Nitrogen      9.98e-01 9.76e-04 4.36e-18 0.00e+00 0.00e+00 0.00e+00 0.00e+00 0.00e+00 O2/Ototl 7.06e-11 O2+/Otot 5.41e-08
 Oxygen        9.99e-01 6.28e-04 9.80e-24 0.00e+00 0.00e+00 0.00e+00 0.00e+00 0.00e+00 0.00e+00
 Fluorine      9.92e-01 1.15e-05 4.79e-21 0.00e+00 0.00e+00 0.00e+00 0.00e+00 0.00e+00 0.00e+00 0.00e+00
 Neon          1.00e+00 2.67e-07 0.00e+00 0.00e+00 0.00e+00 0.00e+00 0.00e+00 0.00e+00 0.00e+00 0.00e+00 0.00e+00
 Sodium        2.11e-03 9.98e-01 7.08e-22 0.00e+00 0.00e+00 0.00e+00 0.00e+00 0.00e+00 0.00e+00 0.00e+00 0.00e+00 0.00e+00
 Magnesium     3.04e-02 9.70e-01 1.25e-04 0.00e+00 0.00e+00 0.00e+00 0.00e+00 0.00e+00 0.00e+00 0.00e+00 0.00e+00 0.00e+00 0.00e+00
 Aluminium  0  2.63e-04 1.00e+00 2.20e-07 0.00e+00 0.00e+00 0.00e+00 0.00e+00 0.00e+00 0.00e+00 0.00e+00 0.00e+00 0.00e+00 0.00e+00
 Silicon    0  2.62e-04 1.00e+00 1.26e-05 0.00e+00 0.00e+00 0.00e+00 0.00e+00 0.00e+00 0.00e+00 0.00e+00 0.00e+00 0.00e+00 0.00e+00
 Phosphorus 0  1.36e-03 9.99e-01 1.19e-09 0.00e+00 0.00e+00 0.00e+00 0.00e+00 0.00e+00 0.00e+00 0.00e+00 0.00e+00 0.00e+00 0.00e+00
 Sulphur    0  8.03e-01 1.97e-01 5.19e-10 0.00e+00 0.00e+00 0.00e+00 0.00e+00 0.00e+00 0.00e+00 0.00e+00 0.00e+00 0.00e+00 0.00e+00
 Chlorine   0  6.12e-03 9.94e-01 1.77e-09 0.00e+00 0.00e+00 0.00e+00 0.00e+00 0.00e+00 0.00e+00 0.00e+00 0.00e+00 0.00e+00 0.00e+00
 Argon      0  1.00e+00 8.18e-05 4.62e-15 0.00e+00 0.00e+00 0.00e+00 0.00e+00 0.00e+00 0.00e+00 0.00e+00 0.00e+00 0.00e+00 0.00e+00
 Potassium  0  4.80e-04 1.00e+00 1.61e-13 0.00e+00 0.00e+00 0.00e+00 0.00e+00 0.00e+00 0.00e+00 0.00e+00 0.00e+00 0.00e+00 0.00e+00
 Calcium    0  9.61e-04 9.90e-01 8.61e-03 0.00e+00 0.00e+00 0.00e+00 0.00e+00 0.00e+00 0.00e+00 0.00e+00 0.00e+00 0.00e+00 0.00e+00
 Scandium   0  8.52e-04 9.93e-01 6.14e-03 0.00e+00 0.00e+00 0.00e+00 0.00e+00 0.00e+00 0.00e+00 0.00e+00 0.00e+00 0.00e+00 0.00e+00
 Titanium   0  3.30e-04 9.99e-01 4.97e-04 0.00e+00 0.00e+00 0.00e+00 0.00e+00 0.00e+00 0.00e+00 0.00e+00 0.00e+00 0.00e+00 0.00e+00
 Vanadium   0  8.97e-03 9.91e-01 5.17e-05 0.00e+00 0.00e+00 0.00e+00 0.00e+00 0.00e+00 0.00e+00 0.00e+00 0.00e+00 0.00e+00 0.00e+00
 Chromium   0  8.97e-04 9.99e-01 2.28e-04 0.00e+00 0.00e+00 0.00e+00 0.00e+00 0.00e+00 0.00e+00 0.00e+00 0.00e+00 0.00e+00 0.00e+00
 Manganese  0  3.48e-04 1.00e+00 1.25e-04 0.00e+00 0.00e+00 0.00e+00 0.00e+00 0.00e+00 0.00e+00 0.00e+00 0.00e+00 0.00e+00 0.00e+00
 Iron       0  2.85e-04 1.00e+00 6.43e-05 0.00e+00 0.00e+00 0.00e+00 0.00e+00 0.00e+00 0.00e+00 0.00e+00 0.00e+00 0.00e+00 0.00e+00
 Cobalt     0  6.64e-03 9.93e-01 5.65e-07 0.00e+00 0.00e+00 0.00e+00 0.00e+00 0.00e+00 0.00e+00 0.00e+00 0.00e+00 0.00e+00 0.00e+00
 Nickel     0  4.09e-04 1.00e+00 1.81e-12 0.00e+00 0.00e+00 0.00e+00 0.00e+00 0.00e+00 0.00e+00 0.00e+00 0.00e+00 0.00e+00 0.00e+00
 Copper     0  1.48e-02 9.85e-01 3.27e-11 0.00e+00 0.00e+00 0.00e+00 0.00e+00 0.00e+00 0.00e+00 0.00e+00 0.00e+00 0.00e+00 0.00e+00
 Zinc       0  2.14e-02 9.79e-01 3.07e-07 0.00e+00 0.00e+00 0.00e+00 0.00e+00 0.00e+00 0.00e+00 0.00e+00 0.00e+00 0.00e+00 0.00e+00
   IC443 grid point v shock=77 km/s  
   Calculation stopped because H column dens reached. Iteration 2 of 2
   The geometry is plane-parallel.
  !Ionization rate fell below background cosmic ray ionization rate.  Should this be added too?
  !   Use the COSMIC RAY BACKGROUND command.
  !Compton cooling rate underflows to zero.  Is this important?
  !Some input lines contained underscores, these were changed to spaces.
  !There is no hydrogen-ionizing radiation.  Was this intended?
  !Thermal collisional ionization of H reached 83.98% of the local ionization rate.
  !Charge transfer H => H+ reached 88466.5% of the local H ionization rate.
  !Charge transfer heating reached 97.84% of the local heating.
  !Continuum zero at some energies.
  !AGE: Cloud age was not set.  Longest timescale was 9.28e+12 s = 2.94e+05 years.
  !Heating - cooling mismatch =200.0%. Caused by constant temperature assumption. 
  !Mutual neutralization production of H-alpha was significant.
  !Incident radiation field energy density is less than 2.7K.  Add background with CMB command.
  !The CMB was not included.  This is added with the CMB command.
  !The intensity of the incident radiation field is less than 10 times the Habing diffuse ISM field.  Is this OK?
  !   Consider adding diffuse ISM emission with TABLE ISM command.
  !An ionization jump occurred elem S  1, by 164% from 1.15e-01 (zone 1) to 4.55e-01 (zone 2) to 7.48e-01 (zone 3)
   The density is too low to l-mix the lowest H  I collapsed level.  More resolved levels are needed for accurate line ratios.
   The density is too low to l-mix the lowest He I collapsed level.  More resolved levels are needed for accurate line ratios.
   Grains were not present but might survive in this environment (energy density temperature was 0.00e+00K)
   The local H2 cooling rate reached 2.0% of the local cooling.
   H- absorption heating was 62.8% of the total.
   The optical depth to Rayleigh scattering at 1300A is 9.92e-03
   The fraction of F in HF reached 0.798% at some point in the cloud.

                       *********************************> Cloudy 23.01 <**********************************
                       * title IC443 grid point v shock=77 km/s                                          *
                       * hden 2.9061                                                                     *
                       * constant temperature, t=10000 K linear                                          *
                       * stop column density 21.17                                                       *
                       * iterate                                                                         *
                       * save results last "v77.rlt"                                                     *
                       *********************************> Log(U):-37.00 <*********************************

                     Emission Line Spectrum.   Constant  Density Model.    Open geometry.  Iteration 2 of 2.
                                                     Intensity (erg/s/cm^2).


                                                   Intrinsic line intensities
general properties.............................      Co 2                1.02803m   -7.802    0.0026      Fe 2                1.80228m   -8.104    0.0013
TotH                      0    -5.700    0.3270      Co 2                8580.39A   -7.858    0.0023      Fe 2                1.00387m   -8.033    0.0015
TotC                      0    -1.452 5786.1646      Co 2                9342.40A   -6.553    0.0458      Fe 2                9469.41A   -7.918    0.0020
TotM                      0    -6.484    0.0538      Co 2                9943.48A   -6.901    0.0206      Fe 2                9384.77A   -7.409    0.0064
CT H                      0    -6.388    0.0670      Co 2                7539.01A   -7.222    0.0098      Fe 2                2.39329m   -7.459    0.0057
H  1c                     0    -2.309  804.7043      Co 2                8121.00A   -6.934    0.0191      Fe 2                4825.73A   -6.863    0.0225
NOc                       0    -8.063    0.0014      Co 2                8571.41A   -7.541    0.0047      Fe 2                2.50030m   -7.796    0.0026
CNc                       0    -7.060    0.0143      Co 2                6.21176m   -8.183    0.0011      Fe 2                4867.73A   -7.904    0.0020
OHc                       0    -7.694    0.0033      Co 2                8027.34A   -7.400    0.0065      Fe 2                2.59860m   -8.179    0.0011
HFc                       0    -7.819    0.0025      Co 2                8467.14A   -7.813    0.0025      Fe 2                4903.85A   -7.356    0.0072
COc                       0    -4.728    3.0608      Co 2                8333.76A   -7.582    0.0043      Fe 2                1.04657m   -8.212    0.0010
^13COc                    0    -6.250    0.0921      Cr 2                8000.08A   -5.396    0.6577      Fe 2                3.58120m   -7.803    0.0026
OH+c                      0    -7.657    0.0036      Cr 2                8125.30A   -5.470    0.5548      Fe 2                3.15558m   -7.834    0.0024
CHc                       0    -7.871    0.0022      Cr 2                8229.67A   -5.564    0.4465      Fe 2                5171.63A   -7.164    0.0112
CHc                       0    -7.461    0.0057      Cr 2                8308.49A   -5.752    0.2901      Fe 2                5169.03A   -6.386    0.0673
Al 1c                     0    -8.151    0.0012      Cr 2                8357.64A   -6.049    0.1462      Fe 2                5018.44A   -8.092    0.0013
C  1c                     0    -2.765  281.2801      Fe 1                24.0358m   -5.843    0.2349      Fe 2                6044.54A   -7.608    0.0040
C  2c                     0    -4.943    1.8684      Fe 1                34.7038m   -6.431    0.0607      Fe 2                5316.61A   -8.072    0.0014
Ca 1c                     0    -6.430    0.0608      Fe 2                25.9813m   -3.763   28.2593      Fe 3                22.9190m   -8.118    0.0012
Cl 1c                     0    -6.749    0.0292      Fe 2                5.33871m   -3.240   94.1350      Fe 3                4985.87A   -7.982    0.0017
Co 2c                     0    -5.319    0.7858      Fe 2                4.11387m   -5.603    0.4087      K  1                7664.90A   -7.877    0.0022
Cr 2c                     0    -4.893    2.0954      Fe 2                1.25668m   -4.512    5.0372      K  1                7698.96A   -8.174    0.0011
Fe 1c                     0    -5.744    0.2955      Fe 2                1.19129m   -7.296    0.0083      Mg 1                2025.82A   -7.647    0.0037
Fe 2c                     0    -2.590  421.2324      Fe 2                6309.53A   -8.141    0.0012      Mg 1                2852.13A   -4.789    2.6586
Fe 3c                     0    -7.401    0.0065      Fe 2                4799.30A   -8.040    0.0015      Mg 1                3832.30A   -7.862    0.0023
K  1c                     0    -7.702    0.0033      Fe 2                4704.22A   -7.265    0.0089      Mg 1                3838.29A   -7.445    0.0059
Mg 1c                     0    -4.275    8.6926      Fe 2                4632.28A   -5.472    0.5524      Mg 1                4562.60A   -4.596    4.1517
Mn 2c                     0    -5.499    0.5189      Fe 2                4604.48A   -7.255    0.0091      Mg 1                4571.10A   -5.034    1.5129
N  1c                     0    -3.500   51.7669      Fe 2                4416.27A   -5.453    0.5767      Mg 1                4575.29A   -5.962    0.1786
Na 1c                     0    -6.347    0.0736      Fe 2                4382.74A   -6.423    0.0618      Mg 1                5167.32A   -7.121    0.0124
Ni 1c                     0    -6.769    0.0279      Fe 2                4287.39A   -4.491    5.2877      Mg 1                5172.68A   -6.647    0.0370
O  1c                     0    -1.847 2330.3401      Fe 2                3931.44A   -8.085    0.0013      Mg 1                5183.60A   -6.426    0.0614
O  2c                     0    -5.948    0.1844      Fe 2                3874.07A   -7.716    0.0031      Mg 1                8806.76A   -6.703    0.0324
P  2c                     0    -4.576    4.3495      Fe 2                3175.38A   -6.302    0.0817      Mg 1                1.18282m   -6.863    0.0224
S  1c                     0    -4.453    5.7671      Fe 2                2599.40A   -7.304    0.0081      Mg 1                1.50250m   -7.687    0.0034
S  2c                     0    -3.517   49.8473      Fe 2                2382.04A   -5.459    0.5689      Mg 1                1.50402m   -8.131    0.0012
Sc 2c                     0    -6.615    0.0398      Fe 2                2343.50A   -8.168    0.0011      Mg 1                1.71087m   -7.374    0.0069
Si 1c                     0    -6.777    0.0274      Fe 2                35.3391m   -4.424    6.1625      Mn 2                2576.10A   -5.884    0.2139
Si 2c                     0    -2.083 1353.9348      Fe 2                6.71944m   -4.380    6.8254      Mn 2                2593.72A   -5.977    0.1725
Zn 2c                     0    -6.879    0.0216      Fe 2                4.88781m   -5.266    0.8871      Mn 2                2605.68A   -6.118    0.1249
Al 2c                     0    -4.411    6.3538      Fe 2                4.07521m   -6.088    0.1338      Mn 2                3438.97A   -7.453    0.0058
Ca 2c                     0    -3.143  117.7523      Fe 2                1.32055m   -5.008    1.6061      Mn 2                3460.03A   -7.995    0.0017
Cl 2c                     0    -4.966    1.7707      Fe 2                1.24854m   -6.042    0.1486      N  1                1134.41A   -8.192    0.0011
Mg 2c                     0    -2.908  202.5520      Fe 2                1.20512m   -7.855    0.0023      N  1                1134.98A   -8.123    0.0012
N  2c                     0    -6.102    0.1294      Fe 2                7637.52A   -5.312    0.7984      N  1                1199.55A   -7.371    0.0070
Ni 2c                     0    -3.951   18.3439      Fe 2                7523.28A   -7.359    0.0072      N  1                1200.22A   -7.544    0.0047
continua.......................................      Fe 2                4889.62A   -5.336    0.7558      N  1                1200.71A   -7.846    0.0023
Bac                 3646.00A   -5.811    0.2530      Fe 2                4750.27A   -8.067    0.0014      N  1                3466.50A   -5.845    0.2339
nFnu                3645.00A   -3.300   82.0929      Fe 2                4716.37A   -6.349    0.0732      N  1                3466.54A   -6.518    0.0497
nFnu                3647.00A   -3.301   81.8400      Fe 2                4687.56A   -6.553    0.0458      N  1                5197.90A   -3.915   19.9356
cout                3646.00A   -6.112    0.1265      Fe 2                4492.64A   -6.323    0.0779      N  1                5200.26A   -3.738   29.9052
cref                3646.00A   -6.112    0.1265      Fe 2                4457.95A   -5.721    0.3113      N  1                1.03977m   -5.350    0.7321
thin                3646.00A   -5.811    0.2529      Fe 2                4432.45A   -6.515    0.0500      N  1                1.03982m   -5.872    0.2197
Ba C                      0    -6.558    0.0453      Fe 2                4359.33A   -4.621    3.9176      N  1                1.04072m   -5.698    0.3286
PA C                      0    -6.975    0.0173      Fe 2                3224.54A   -7.398    0.0065      N  1                1.04076m   -5.685    0.3380
FIR                 83.0000m   -1.856 2279.1401      Fe 2                3214.67A   -6.816    0.0250      Na 1                5889.95A   -6.648    0.0368
TIR                 1800.00m   -4.388    6.6973      Fe 2                2625.67A   -3.778   27.3196      Na 1                5895.92A   -6.648    0.0368
NIRa                2.85000m   -1.907 2029.6342      Fe 2                2611.87A   -4.549    4.6288      Ni 1                7.50454m   -6.769    0.0279
NIRb                3.00000m   -3.051  145.5752      Fe 2                2598.37A   -5.781    0.2710      O  1                1302.17A   -8.125    0.0012
MIRa                15.0000m   -3.146  116.9517      Fe 2                2395.63A   -4.788    2.6662      O  1                1304.86A   -6.519    0.0495
MIRb                22.5000m   -2.038 1498.6061      Fe 2                2388.63A   -5.867    0.2223      O  1                1306.03A   -6.782    0.0271
NMIR                21.7500m   -1.907 2029.6342      Fe 2                2383.06A   -7.682    0.0034      O  1                1355.60A   -6.547    0.0465
TFIR                611.250m   -2.849  232.0181      Fe 2                2364.83A   -5.172    1.1024      O  1                1358.51A   -6.900    0.0206
TALL                10000.0A   -1.453 5765.4663      Fe 2                2332.80A   -6.299    0.0822      O  1                2972.29A   -5.999    0.1642
F12                 12.0000m   -5.053    1.4508      Fe 2                2279.91A   -7.776    0.0027      O  1                5577.34A   -5.049    1.4620
F25                 25.0000m   -3.663   35.5459      Fe 2                51.2868m   -4.943    1.8678      O  1                6300.30A   -3.358   71.7969
F60                 60.0000m   -1.902 2052.8782      Fe 2                5.67236m   -6.078    0.1369      O  1                6363.78A   -3.854   22.9363
F100                100.000m   -5.263    0.8935      Fe 2                4.60641m   -5.887    0.2123      O  1                6391.73A   -7.182    0.0108
MIPS                24.0000m   -3.663   35.5406      Fe 2                4.08085m   -6.633    0.0381      O  1                44.0453m   -7.543    0.0047
MIPS                70.0000m   -1.902 2049.6208      Fe 2                1.37181m   -5.252    0.9168      O  1                63.1679m   -1.903 2048.8555
MIPS                160.000m   -2.941  187.4382      Fe 2                1.29427m   -5.827    0.2436      O  1                145.495m   -2.947  184.9178
IRAC                3.60000m   -6.271    0.0877      Fe 2                7806.23A   -7.085    0.0135      O  2                2470.34A   -7.975    0.0017
IRAC                4.50000m   -4.952    1.8271      Fe 2                7686.93A   -5.390    0.6676      O  2                7319.99A   -8.168    0.0011
IRAC                5.80000m   -3.240   94.2872      Fe 2                7552.40A   -7.868    0.0022      O  2                3728.81A   -6.182    0.1077
IRAC                8.00000m   -4.247    9.2691      Fe 2                4958.23A   -7.186    0.0107      O  2                3726.03A   -6.358    0.0718
SPR1                250.000m   -5.529    0.4847      Fe 2                4750.57A   -7.183    0.0107      P  2                60.6263m   -5.316    0.7914
SPR2                350.000m   -3.652   36.5140      Fe 2                4728.07A   -5.984    0.1698      P  2                1532.53A   -7.989    0.0017
SPR3                500.000m   -5.772    0.2766      Fe 2                4514.90A   -6.347    0.0737      P  2                32.8620m   -5.416    0.6285
PAC1                70.0000m   -1.902 2050.4329      Fe 2                4488.75A   -6.066    0.1407      P  2                1.14682m   -5.333    0.7603
PAC2                100.000m   -5.261    0.8975      Fe 2                4470.30A   -7.269    0.0088      P  2                4669.25A   -6.998    0.0164
PAC3                160.000m   -2.941  187.7701      Fe 2                4413.78A   -4.772    2.7658      P  2                2195.57A   -7.277    0.0086
PAH                 3.30000m   -7.076    0.0137      Fe 2                3254.24A   -6.876    0.0218      P  2                1536.42A   -7.700    0.0033
PAHC                3.23000m   -7.356    0.0072      Fe 2                3244.18A   -7.170    0.0111      P  2                1535.92A   -7.710    0.0032
PAHC                3.37000m   -7.351    0.0073      Fe 2                2631.32A   -4.685    3.3790      P  2                1.18828m   -4.910    2.0153
PAH                 6.20000m   -7.121    0.0124      Fe 2                2617.62A   -6.128    0.1220      P  2                2210.34A   -6.824    0.0246
PAHC                5.65000m   -6.036    0.1508      Fe 2                2607.09A   -6.061    0.1423      P  2                1542.30A   -7.997    0.0016
PAH                 7.90000m   -6.601    0.0410      Fe 2                2404.89A   -5.749    0.2915      P  2                7875.99A   -6.250    0.0921
PAHC                6.90000m   -4.249    9.2227      Fe 2                2399.24A   -6.583    0.0428      S  1                1483.04A   -7.864    0.0022
PAH                 11.3000m   -6.713    0.0317      Fe 2                2395.42A   -7.529    0.0048      S  1                1820.34A   -6.551    0.0461
PAHC                10.9000m   -6.126    0.1225      Fe 2                2380.76A   -4.598    4.1325      S  1                1826.24A   -7.035    0.0151
PAH                 11.8000m   -7.807    0.0026      Fe 2                2348.30A   -6.314    0.0795      S  1                25.2421m   -4.503    5.1415
PAHC                12.6500m   -5.877    0.2175      Fe 2                2327.40A   -6.895    0.0208      S  1                56.2957m   -5.462    0.5646
PAH                 13.3000m   -7.833    0.0024      Fe 2                87.3597m   -5.645    0.3708      S  2                6730.82A   -3.939   18.8422
PAHC                14.1000m   -5.535    0.4775      Fe 2                5.06097m   -6.545    0.0466      S  2                6716.44A   -3.778   27.3023
Bcon                3640.00A   -2.197 1039.3549      Fe 2                4.43363m   -6.463    0.0564      S  2                4076.35A   -5.487    0.5336
Pcon                5000.00A   -2.608  404.2104      Fe 2                1.40951m   -7.873    0.0022      S  2                4068.60A   -4.996    1.6535
O3bn                5007.00A   -4.475    5.4906      Fe 2                1.32777m   -6.011    0.1596      S  2                1.03364m   -5.625    0.3881
HFFc                      0    -5.357    0.7195      Fe 2                1.27877m   -6.068    0.1399      S  2                1.02867m   -5.622    0.3910
H FF                      0    -6.924    0.0195      Fe 2                1.25214m   -7.108    0.0128      S  2                1.03705m   -5.947    0.1850
MeFB                      0    -7.360    0.0071      Fe 2                7926.88A   -7.346    0.0074      S  2                1.03205m   -5.488    0.5320
MeFF                      0    -7.712    0.0032      Fe 2                7803.89A   -7.086    0.0134      S  2                1259.52A   -7.276    0.0087
ToFF                      0    -6.858    0.0227      Fe 2                7665.28A   -6.339    0.0751      S  2                1253.81A   -7.350    0.0073
Mion                      0    -6.414    0.0631      Fe 2                5006.63A   -6.486    0.0534      S  2                1250.58A   -7.665    0.0035
nFnu                122.400m   -7.881    0.0022      Fe 2                4772.06A   -7.300    0.0082      Sc 2                4246.82A   -7.767    0.0028
nFnu                60.8322m   -7.509    0.0051      Fe 2                4639.67A   -6.983    0.0170      Sc 2                7043.49A   -7.539    0.0047
nFnu                41.2152m   -7.296    0.0083      Fe 2                4528.39A   -6.594    0.0417      Sc 2                8261.17A   -8.053    0.0014
nFnu                30.8695m   -7.135    0.0120      Fe 2                4509.61A   -6.942    0.0187      Sc 2                8271.28A   -7.940    0.0019
nFnu                24.7829m   -7.010    0.0160      Fe 2                4452.10A   -4.965    1.7759      Sc 2                8326.62A   -8.193    0.0010
nFnu                24.2998m   -6.999    0.0164      Fe 2                3277.55A   -7.100    0.0130      Sc 2                8347.28A   -7.758    0.0029
nFnu                22.8302m   -6.965    0.0178      Fe 2                3277.12A   -8.004    0.0016      Sc 2                8384.33A   -8.071    0.0014
nFnu                21.4199m   -6.928    0.0193      Fe 2                3275.02A   -7.176    0.0109      Sc 2                1.07804m   -8.137    0.0012
nFnu                21.1235m   -6.919    0.0198      Fe 2                2631.05A   -5.897    0.2075      Sc 2                2.03194m   -7.675    0.0035
nFnu                19.6199m   -6.876    0.0218      Fe 2                2620.41A   -7.723    0.0031      Sc 2                2.04712m   -8.022    0.0016
nFnu                17.6534m   -6.815    0.0251      Fe 2                2613.82A   -6.692    0.0332      Sc 2                2.07591m   -7.666    0.0035
nFnu                17.3700m   -6.805    0.0256      Fe 2                2410.52A   -6.578    0.0433      Sc 2                2.07842m   -7.500    0.0052
nFnu                15.6901m   -6.744    0.0295      Fe 2                2406.66A   -6.829    0.0243      Sc 2                2.08152m   -7.769    0.0028
nFnu                14.6036m   -6.701    0.0326      Fe 2                2404.43A   -7.577    0.0043      Sc 2                2.11129m   -7.943    0.0019
nFnu                12.4300m   -6.600    0.0411      Fe 2                2359.11A   -6.612    0.0400      Sc 2                2.12445m   -7.941    0.0019
nFnu                11.4000m   -6.546    0.0466      Fe 2                2338.01A   -6.701    0.0326      Si 1                2519.20A   -7.881    0.0022
nFnu                10.4600m   -6.489    0.0531      Fe 2                4.67067m   -7.087    0.0134      Si 1                2528.51A   -7.655    0.0036
nFnu                9.48002m   -6.426    0.0614      Fe 2                1.29777m   -6.399    0.0653      Si 1                68.4548m   -7.167    0.0111
nFnu                9.32488m   -6.415    0.0630      Fe 2                1.27034m   -6.271    0.0878      Si 1                129.641m   -7.239    0.0095
nFnu                8.21035m   -6.328    0.0770      Fe 2                7999.47A   -8.093    0.0013      Si 2                34.8046m   -2.087 1339.9479
nFnu                7.58000m   -6.271    0.0877      Fe 2                7874.24A   -6.440    0.0594      Si 2                2334.41A   -5.235    0.9540
nFnu                7.05026m   -6.218    0.0991      Fe 2                7733.14A   -6.986    0.0169      Si 2                2328.52A   -5.828    0.2435
nFnu                4.11370m   -5.781    0.2710      Fe 2                4798.28A   -6.850    0.0231      Si 2                1808.01A   -5.393    0.6630
nFnu                2.32440m   -5.228    0.9697      Fe 2                4664.45A   -7.497    0.0052      Si 2                1526.71A   -7.594    0.0042
nFnu                1.64313m   -4.862    2.2521      Fe 2                4533.01A   -7.489    0.0053      Si 2                1260.42A   -7.237    0.0095
nFnu                1.48022m   -4.747    2.9348      Fe 2                4474.90A   -5.277    0.8650      Si 2                2350.17A   -5.067    1.4027
nFnu                1.43649m   -4.712    3.1805      Fe 2                3289.89A   -7.486    0.0054      Si 2                2344.20A   -4.678    3.4334
nFnu                1.11867m   -4.432    6.0499      Fe 2                3289.46A   -7.265    0.0089      Si 2                2334.60A   -4.780    2.7178
nFnu                8329.68A   -4.116   12.5368      Fe 2                2628.29A   -6.406    0.0644      Si 2                1817.45A   -5.069    1.3976
nFnu                8078.61A   -4.084   13.5003      Fe 2                2621.67A   -7.262    0.0090      Si 2                1816.93A   -4.821    2.4735
nFnu                6209.66A   -3.816   25.0244      Fe 2                2413.31A   -7.100    0.0130      Si 2                1533.43A   -5.625    0.3880
nFnu                4885.36A   -3.580   43.0564      Fe 2                2411.07A   -7.104    0.0129      Si 2                1309.28A   -6.395    0.0659
nFnu                3704.34A   -3.316   79.1607      Fe 2                2344.28A   -6.827    0.0244      Si 2                1265.00A   -6.178    0.1086
nFnu                3587.67A   -3.286   84.6697      Fe 2                17.9311m   -4.228    9.6824      Si 2                1264.74A   -6.603    0.0409
nFnu                2430.05A   -2.934  190.6414      Fe 2                1.64355m   -3.334   75.8701      Si 2                1197.39A   -6.546    0.0466
nFnu                2392.03A   -2.920  196.9565      Fe 2                1.53348m   -4.459    5.6934      Si 2                1194.50A   -6.837    0.0238
nFnu                2071.34A   -2.801  258.7354      Fe 2                8616.95A   -4.722    3.1022      Si 2                3862.60A   -7.812    0.0025
nFnu                2052.68A   -2.793  263.4587      Fe 2                7155.17A   -4.850    2.3147      Si 2                3856.02A   -7.782    0.0027
nFnu                1793.44A   -2.697  329.2025      Fe 2                6896.17A   -6.303    0.0815      Si 2                6371.37A   -7.729    0.0031
nFnu                1585.12A   -2.632  381.9567      Fe 2                5413.37A   -6.759    0.0285      Si 2                6347.11A   -7.648    0.0037
nFnu                1458.33A   -2.626  387.5936      Fe 2                5280.27A   -7.296    0.0083      Zn 2                2062.00A   -7.297    0.0083
nFnu                1356.96A   -2.666  353.4213      Fe 2                5273.36A   -4.850    2.3133      Zn 2                2025.48A   -7.059    0.0143
nFnu                1297.29A   -2.779  272.5861      Fe 2                5158.79A   -4.239    9.4483      Al 2                2669.15A   -4.860    2.2609
nFnu                1262.79A   -2.958  180.4965      Fe 2                5111.64A   -5.146    1.1705      Al 2                2660.35A   -4.686    3.3731
nFnu                1218.08A   -7.131    0.0121      Fe 2                5072.41A   -4.891    2.1029      Al 2                1670.79A   -5.353    0.7261
nFnu                1196.33A   -6.632    0.0382      Fe 2                5039.10A   -6.326    0.0773      Al 2                3900.67A   -8.095    0.0013
nFnu                1175.06A   -6.580    0.0430      Fe 2                4814.54A   -5.195    1.0444      Ca 2                7323.89A   -3.627   38.6863
nFnu                1143.64A   -6.702    0.0325      Fe 2                4774.73A   -5.635    0.3792      Ca 2                7291.47A   -3.460   56.8184
nFnu                1113.22A   -6.815    0.0251      Fe 2                4745.49A   -6.687    0.0337      Ca 2                3968.47A   -6.052    0.1451
nFnu                1103.23A   -6.844    0.0235      Fe 2                4661.78A   -7.785    0.0027      Ca 2                8662.14A   -4.352    7.2735
nFnu                1073.86A   -7.721    0.0031      Fe 2                4243.97A   -4.565    4.4562      Ca 2                3933.66A   -6.016    0.1577
nFnu                1064.34A   -7.763    0.0028      Fe 2                4177.20A   -5.655    0.3623      Ca 2                8498.02A   -5.047    1.4701
nFnu                1035.92A   -7.875    0.0022      Fe 2                4146.65A   -7.231    0.0096      Ca 2                8542.09A   -4.100   13.0060
nFnu                1000.00A   -8.033    0.0015      Fe 2                4114.48A   -7.566    0.0045      Ca 2                3706.02A   -6.722    0.0311
nFnu                925.144A   -8.006    0.0016      Fe 2                3929.35A   -7.817    0.0025      Ca 2                3736.90A   -6.425    0.0615
RRC............................................      Fe 2                3387.09A   -6.071    0.1392      Ca 2                3158.87A   -6.745    0.0295
H  1                3645.98A   -6.980    0.0171      Fe 2                3376.20A   -5.273    0.8734      Ca 2                3181.27A   -7.450    0.0058
H  1                3645.98A   -6.633    0.0381      Fe 2                2732.45A   -6.310    0.0803      Ca 2                3179.33A   -6.496    0.0523
H  1                8203.57A   -7.715    0.0032      Fe 2                2493.30A   -3.953   18.2378      Ca 2                1.19497m   -8.143    0.0012
H  1                8203.57A   -7.321    0.0078      Fe 2                2484.20A   -7.306    0.0081      Ca 2                1.18390m   -7.852    0.0023
H  1                8203.57A   -7.424    0.0062      Fe 2                2360.00A   -6.199    0.1035      Ca 2                1838.01A   -7.682    0.0034
H  1                1.45842m   -8.201    0.0010      Fe 2                2348.12A   -6.358    0.0718      Ca 2                1840.03A   -7.527    0.0049
H  1                1.45842m   -7.801    0.0026      Fe 2                2331.31A   -7.686    0.0034      Ca 2                2112.76A   -8.154    0.0011
H  1                1.45842m   -7.797    0.0026      Fe 2                24.5126m   -4.928    1.9332      Cl 2                14.3639m   -5.537    0.4759
H  1                1.45842m   -8.138    0.0012      Fe 2                1.80940m   -3.935   19.0255      Cl 2                33.2721m   -6.617    0.0395
H  1                2.27878m   -8.158    0.0011      Fe 2                1.67688m   -4.884    2.1379      Cl 2                8578.70A   -5.225    0.9763
H  1                2.27878m   -8.122    0.0012      Fe 2                1.59948m   -4.792    2.6452      Cl 2                9123.60A   -5.809    0.2540
Al 1                2070.66A   -8.166    0.0011      Fe 2                9051.95A   -4.564    4.4696      Cl 2                3677.85A   -7.147    0.0117
Si 1                1520.96A   -7.179    0.0108      Fe 2                8891.93A   -4.989    1.6810      Cl 2                6161.84A   -7.101    0.0130
S  1                1196.76A   -8.028    0.0015      Fe 2                7452.56A   -5.342    0.7456      Mg 2                2802.71A   -3.383   67.8447
grains.........................................      Fe 2                7172.00A   -5.258    0.9036      Mg 2                2795.53A   -3.086  134.2504
H-like iso-sequence............................      Fe 2                6275.53A   -7.215    0.0100      Mg 2                2936.52A   -6.313    0.0796
Cool                1215.67A   -2.529  484.4343      Fe 2                5527.36A   -5.831    0.2418      Mg 2                2928.64A   -6.615    0.0397
Crst                960.000A   -2.709  320.2701      Fe 2                5440.48A   -7.589    0.0042      Mg 2                2797.93A   -7.053    0.0145
CION                      0    -4.770    2.7834      Fe 2                5433.15A   -5.364    0.7085      Mg 2                2790.77A   -6.351    0.0730
Dest                1215.67A   -8.196    0.0010      Fe 2                5261.63A   -4.619    3.9361      Mg 2                2798.00A   -6.098    0.1307
Ca B                1215.67A   -5.553    0.4581      Fe 2                5220.08A   -5.894    0.2088      Mg 2                9244.22A   -8.169    0.0011
CaBo                4861.32A   -7.087    0.0134      Fe 2                5184.80A   -5.790    0.2656      Mg 2                9218.22A   -7.874    0.0022
Ca A                1215.67A   -5.744    0.2953      Fe 2                5158.01A   -5.739    0.2984      N  2                205.283m   -7.384    0.0068
Ca A                1025.72A   -6.390    0.0666      Fe 2                4947.39A   -5.139    1.1886      N  2                121.769m   -7.590    0.0042
Ca A                972.537A   -6.801    0.0259      Fe 2                4905.35A   -5.490    0.5293      N  2                6548.05A   -6.748    0.0292
Ca A                949.743A   -7.105    0.0129      Fe 2                4874.50A   -5.533    0.4796      N  2                6583.45A   -6.279    0.0861
Ca A                937.803A   -7.347    0.0074      Fe 2                4852.74A   -6.894    0.0209      N  2                5754.59A   -8.127    0.0012
Ca A                930.748A   -7.549    0.0046      Fe 2                4346.86A   -5.193    1.0509      N  2                2142.77A   -8.133    0.0012
Ca A                926.226A   -7.723    0.0031      Fe 2                4276.84A   -5.116    1.2525      Ni 2                1.19102m   -4.212   10.0401
Ca A                923.150A   -7.876    0.0022      Fe 2                4244.82A   -5.928    0.1932      Ni 2                6.63416m   -4.839    2.3742
Ca A                920.963A   -8.012    0.0016      Fe 2                4231.56A   -7.528    0.0049      Ni 2                1.07151m   -5.828    0.2432
Ca A                919.351A   -8.135    0.0012      Fe 2                4211.11A   -7.500    0.0052      Ni 2                10.6793m   -5.466    0.5604
Ca A                6562.80A   -6.813    0.0252      Fe 2                3455.11A   -6.177    0.1090      Ni 2                1.27792m   -7.652    0.0036
Ca A                4861.32A   -7.263    0.0089      Fe 2                3452.31A   -5.866    0.2232      Ni 2                1.16130m   -6.347    0.0737
Ca A                4340.46A   -7.588    0.0042      Fe 2                3440.99A   -5.752    0.2901      Ni 2                12.7253m   -5.884    0.2140
Ca A                4101.73A   -7.842    0.0024      Fe 2                2774.73A   -7.548    0.0046      Ni 2                9882.95A   -7.096    0.0131
Ca A                3970.07A   -8.051    0.0015      Fe 2                2759.34A   -7.908    0.0020      Ni 2                1.09177m   -6.634    0.0380
Ca A                1.87510m   -7.605    0.0041      Fe 2                2485.07A   -7.772    0.0028      Ni 2                18.2355m   -6.601    0.0411
Ca A                1.28181m   -7.932    0.0019      Fe 2                2391.48A   -6.851    0.0231      Ni 2                9374.87A   -7.389    0.0067
Ca A                1.09381m   -8.193    0.0011      Fe 2                2379.28A   -7.468    0.0056      Ni 2                7377.83A   -4.993    1.6647
Ca A                4.05115m   -8.206    0.0010      Fe 2                2362.02A   -6.368    0.0702      Ni 2                8300.99A   -6.289    0.0842
Ca B                6562.80A   -6.631    0.0383      Fe 2                35.7675m   -5.728    0.3066      Ni 2                1.93877m   -5.701    0.3262
Ca B                4861.32A   -7.088    0.0134      Fe 2                1.95361m   -4.846    2.3349      Ni 2                2.36883m   -6.988    0.0169
Ca B                4340.46A   -7.417    0.0063      Fe 2                1.80002m   -4.900    2.0620      Ni 2                2.91064m   -6.656    0.0361
Ca B                4101.73A   -7.675    0.0035      Fe 2                1.71113m   -5.469    0.5555      Ni 2                6666.80A   -5.844    0.2343
Ca B                3970.07A   -7.887    0.0021      Fe 2                1.66377m   -5.089    1.3349      Ni 2                7411.61A   -5.626    0.3878
Ca B                3889.05A   -8.067    0.0014      Fe 2                9399.04A   -4.986    1.6911      Ni 2                1.76458m   -7.771    0.0028
Ca B                1.87510m   -7.558    0.0045      Fe 2                9226.63A   -4.932    1.9145      Ni 2                2.04866m   -7.349    0.0073
Ca B                1.28181m   -7.875    0.0022      Fe 2                9033.49A   -6.007    0.1610      Ni 2                2.30794m   -6.805    0.0256
Ca B                1.09381m   -8.132    0.0012      Fe 2                7388.17A   -5.378    0.6854      Ni 2                6.91767m   -7.104    0.0129
Ca B                4.05115m   -8.184    0.0011      Fe 2                6440.41A   -6.330    0.0766      Ni 2                4326.24A   -5.791    0.2651
H  1                2431.34A   -2.746  293.6623      Fe 2                6229.28A   -7.481    0.0054      Ni 2                4628.05A   -6.213    0.1003
H  1                1215.67A   -2.512  504.1052      Fe 2                5654.87A   -6.791    0.0265      Ni 2                6794.20A   -7.269    0.0088
H  1                6562.80A   -4.452    5.7791      Fe 2                5556.31A   -6.033    0.1517      Ni 2                7255.82A   -6.146    0.1171
H  1                4861.32A   -5.214    1.0000      Fe 2                5412.67A   -6.560    0.0451      Ni 2                7694.56A   -7.216    0.0100
H  1                4340.46A   -5.595    0.4162      Fe 2                5333.66A   -4.906    2.0320      Ni 2                8033.54A   -7.380    0.0068
H  1                4101.73A   -7.268    0.0088      Fe 2                5296.84A   -6.189    0.1059      Ni 2                1.04597m   -6.629    0.0384
H  1                3970.07A   -7.553    0.0046      Fe 2                5268.89A   -5.909    0.2017      Ni 2                1.23230m   -6.657    0.0361
H  1                3889.05A   -7.783    0.0027      Fe 2                5107.96A   -6.844    0.0234      Ni 2                4201.17A   -5.974    0.1739
H  1                3835.38A   -7.975    0.0017      Fe 2                5049.30A   -5.312    0.7974      Ni 2                4485.21A   -6.427    0.0613
H  1                3797.90A   -8.139    0.0012      Fe 2                5005.52A   -5.367    0.7039      Ni 2                7307.65A   -6.322    0.0780
H  1                3770.63A   -7.893    0.0021      Fe 2                4973.40A   -5.634    0.3801      Ni 2                7612.72A   -6.650    0.0366
H  1                3750.15A   -8.007    0.0016      Fe 2                4950.76A   -5.980    0.1715      Ni 2                1.13597m   -7.333    0.0076
H  1                3734.37A   -8.109    0.0013      Fe 2                4352.79A   -5.432    0.6053      Ni 2                4285.31A   -7.182    0.0108
H  1                3721.94A   -8.201    0.0010      Fe 2                4319.62A   -5.698    0.3281      Ni 2                6791.48A   -6.897    0.0208
H  1                1.87510m   -5.986    0.1693      Fe 2                4305.90A   -6.501    0.0517      Ni 2                7054.20A   -6.801    0.0259
H  1                1.28181m   -6.299    0.0823      Fe 2                4084.33A   -7.822    0.0025      Ni 2                9.61508m   -8.091    0.0013
H  1                1.09381m   -7.654    0.0036      Fe 2                3504.51A   -6.480    0.0543      Ni 2                4033.04A   -6.241    0.0940
H  1                1.00494m   -7.959    0.0018      Fe 2                3504.02A   -6.336    0.0754      Ni 2                4294.09A   -6.360    0.0715
H  1                9545.97A   -8.200    0.0010      Fe 2                3501.63A   -5.900    0.2060      Ni 2                6467.29A   -7.394    0.0066
H  1                4.05115m   -6.854    0.0229      Fe 2                3489.99A   -6.580    0.0431      Ni 2                6813.57A   -6.382    0.0680
H  1                2.62515m   -7.835    0.0024      Fe 2                2385.01A   -7.181    0.0108      Ni 2                7078.04A   -6.930    0.0192
H  1                2.16553m   -8.182    0.0011      Fe 2                2.06648m   -6.239    0.0944      Ni 2                1.02090m   -7.712    0.0032
H  1                7.45782m   -7.875    0.0022      Fe 2                1.89541m   -5.636    0.3788      Ni 2                3993.06A   -5.894    0.2088
He-like iso-sequence...........................      Fe 2                1.79711m   -5.123    1.2342      Ni 2                4248.80A   -6.370    0.0699
Pho+                3889.00A   -7.880    0.0022      Fe 2                1.74494m   -5.411    0.6352      Ni 2                6007.06A   -7.484    0.0054
extra Lyman....................................      Fe 2                9652.70A   -5.835    0.2395      Ni 2                6365.10A   -6.368    0.0701
database lines.................................      Fe 2                9470.94A   -5.323    0.7790      Ni 2                6700.24A   -7.762    0.0028
CN                  2640.74m   -8.064    0.0014      Fe 2                9267.56A   -5.704    0.3238      Ni 2                6955.82A   -7.796    0.0026
CN                  1321.03m   -8.117    0.0012      Fe 2                7544.00A   -8.018    0.0016      Ni 2                8703.87A   -6.824    0.0246
CN                  880.858m   -8.210    0.0010      Fe 2                6558.51A   -6.544    0.0468      Ni 2                9956.63A   -7.050    0.0146
CN                  660.727m   -8.182    0.0011      Fe 2                5745.71A   -7.162    0.0113      Ni 2                5.18504m   -7.829    0.0024
HF                  243.178m   -7.919    0.0020      Fe 2                5643.98A   -7.005    0.0162      Ni 2                3438.88A   -6.084    0.1350
CO                  1300.05m   -7.155    0.0115      Fe 2                5495.84A   -6.836    0.0239      Ni 2                3626.89A   -6.391    0.0665
CO                  866.727m   -6.529    0.0484      Fe 2                5376.47A   -5.300    0.8198      Ni 2                3378.16A   -6.698    0.0328
CO                  650.074m   -6.257    0.0907      Fe 2                5347.66A   -6.415    0.0630      Ni 2                3559.41A   -6.677    0.0344
CO                  520.089m   -6.130    0.1215      Fe 2                5181.96A   -6.690    0.0334      level 1 lines..................................
CO                  433.438m   -6.060    0.1428      Fe 2                5076.57A   -5.971    0.1751      recombination..................................
CO                  371.549m   -6.028    0.1537      Fe 2                5043.53A   -5.841    0.2362      level2 lines...................................
CO                  325.137m   -6.010    0.1599      Fe 2                5020.25A   -5.957    0.1808      C  1                1247.50A   -7.028    0.0154
CO                  289.041m   -6.005    0.1619      Fe 2                4372.43A   -5.973    0.1744      C  1                1314.77A   -6.944    0.0186
CO                  260.169m   -6.009    0.1605      Fe 2                4358.37A   -6.184    0.1073      C  1                1233.29A   -7.561    0.0045
CO                  236.549m   -6.019    0.1566      Fe 2                4080.00A   -7.854    0.0023      C  1                1250.68A   -7.718    0.0031
CO                  216.868m   -6.040    0.1495      Fe 2                3539.19A   -6.184    0.1072      Mg 1                1817.31A   -7.990    0.0017
CO                  200.218m   -6.063    0.1416      Fe 2                3538.69A   -6.478    0.0545      Mg 1                1739.09A   -8.207    0.0010
CO                  185.949m   -6.084    0.1348      Fe 2                3536.25A   -6.603    0.0408      Mg 1                1675.74A   -8.200    0.0010
CO                  173.584m   -6.108    0.1276      Fe 2                3524.38A   -7.912    0.0020      Mg 1                1660.94A   -8.192    0.0011
CO                  162.767m   -6.135    0.1201      Fe 2                22.8961m   -7.233    0.0096      Mg 1                1650.95A   -8.201    0.0010
CO                  153.225m   -6.163    0.1125      Fe 2                1.81139m   -7.512    0.0050      Si 2                1179.59A   -7.470    0.0056
CO                  144.745m   -6.193    0.1050      Fe 2                7764.71A   -6.719    0.0313      S  1                1356.05A   -7.538    0.0047
CO                  137.159m   -6.224    0.0978      Fe 2                7336.73A   -7.008    0.0161      S  1                1392.25A   -7.979    0.0017
CO                  130.333m   -6.255    0.0910      Fe 2                7267.25A   -7.976    0.0017      Ca 2                1360.06A   -8.213    0.0010
CO                  124.160m   -6.292    0.0835      Fe 2                6809.24A   -6.986    0.0169      Fe 1                2484.25A   -7.847    0.0023
CO                  118.548m   -6.332    0.0762      Fe 2                6729.87A   -7.267    0.0089      Fe 1                2526.51A   -8.086    0.0013
CO                  113.427m   -6.373    0.0694      Fe 2                6671.93A   -7.830    0.0024      Sc 2                2555.14A   -8.190    0.0011
CO                  108.733m   -6.415    0.0629      Fe 2                5721.37A   -8.103    0.0013      Sc 2                3627.22A   -6.538    0.0475
CO                  104.416m   -6.459    0.0569      Fe 2                5163.96A   -7.010    0.0160      Sc 2                3575.45A   -6.659    0.0359
CO                  100.433m   -6.504    0.0513      Fe 2                4266.35A   -7.715    0.0032      Sc 2                3368.13A   -7.221    0.0099
CO                  96.7462m   -6.551    0.0461      Fe 2                4249.08A   -7.987    0.0017      Ti 2                3364.74A   -4.964    1.7777
CO                  93.3237m   -6.599    0.0412      Fe 2                4157.92A   -7.985    0.0017      Ti 2                3237.15A   -5.204    1.0236
CO                  90.1384m   -6.649    0.0367      Fe 2                3277.35A   -6.437    0.0598      Ti 2                1904.17A   -7.075    0.0138
CO                  87.1666m   -6.701    0.0326      Fe 2                3255.89A   -7.658    0.0036      Ti 2                1907.36A   -6.816    0.0250
CO                  84.3877m   -6.755    0.0288      Fe 2                2926.59A   -7.144    0.0118      V  2                2710.94A   -7.285    0.0085
CO                  81.7835m   -6.809    0.0254      Fe 2                2880.76A   -7.046    0.0147      V  2                2684.22A   -7.053    0.0145
CO                  79.3383m   -6.866    0.0223      Fe 2                2755.74A   -5.389    0.6685      V  2                2139.33A   -7.664    0.0036
CO                  77.0375m   -6.925    0.0195      Fe 2                2739.55A   -6.017    0.1575      Cr 1                4269.56A   -7.927    0.0019
CO                  74.8697m   -6.984    0.0170      Fe 2                2716.70A   -6.294    0.0831      Cr 1                3589.90A   -7.746    0.0029
CO                  72.8231m   -7.046    0.0147      Fe 2                34.6508m   -8.104    0.0013      Cr 2                2059.78A   -5.563    0.4475
CO                  70.8878m   -7.108    0.0128      Fe 2                1.00287m   -6.705    0.0323      Mn 2                1198.85A   -7.921    0.0020
CO                  69.0557m   -7.171    0.0110      Fe 2                8245.16A   -8.203    0.0010      Co 2                2060.90A   -7.028    0.0154
CO                  67.3181m   -7.235    0.0095      Fe 2                8037.28A   -7.236    0.0095      Co 2                2018.80A   -7.063    0.0142
CO                  65.6684m   -7.301    0.0082      Fe 2                7579.61A   -7.727    0.0031      Co 2                1949.74A   -7.141    0.0118
CO                  64.0998m   -7.367    0.0070      Fe 2                7017.95A   -7.646    0.0037      Co 2                1575.91A   -7.678    0.0034
CO                  62.6072m   -7.433    0.0060      Fe 2                6933.67A   -8.011    0.0016      Co 2                1470.18A   -7.757    0.0029
CO                  61.1843m   -7.500    0.0052      Fe 2                6872.19A   -7.177    0.0109      Ni 2                1751.83A   -6.598    0.0413
CO                  59.8271m   -7.568    0.0044      Fe 2                6829.03A   -8.212    0.0010      Ni 2                1744.24A   -6.404    0.0646
CO                  58.5311m   -7.636    0.0038      Fe 2                5746.98A   -7.061    0.0142      Ni 2                1484.97A   -7.746    0.0029
CO                  57.2920m   -7.704    0.0032      Fe 2                5283.12A   -7.618    0.0039      Ni 2                1472.74A   -7.422    0.0062
CO                  56.1066m   -7.774    0.0028      Fe 2                5199.18A   -7.835    0.0024      Ni 2                1400.37A   -7.740    0.0030
CO                  54.9712m   -7.845    0.0023      Fe 2                4351.81A   -7.986    0.0017      Ni 2                1375.73A   -7.375    0.0069
CO                  53.8829m   -7.916    0.0020      Fe 2                4347.36A   -7.355    0.0072      Ni 2                1324.11A   -7.484    0.0054
CO                  52.8388m   -7.987    0.0017      Fe 2                4329.43A   -6.702    0.0325      hyperfine structure............................
CO                  51.8365m   -8.059    0.0014      Fe 2                2953.77A   -8.014    0.0016      inner shell....................................
CO                  50.8731m   -8.132    0.0012      Fe 2                2772.73A   -6.078    0.1370      molecules......................................
CO                  49.9472m   -8.204    0.0010      Fe 2                2749.32A   -6.260    0.0900      H2 l                2.00000m   -3.176  109.2120
^13CO               906.599m   -8.072    0.0014      Fe 2                9795.19A   -7.483    0.0054      H2 v                      0    -4.791    2.6517
^13CO               679.978m   -7.777    0.0027      Fe 2                8228.13A   -7.399    0.0065      H-FB                      0    -5.136    1.1964
^13CO               544.012m   -7.639    0.0038      Fe 2                7613.14A   -7.807    0.0026      H-FF                      0    -5.371    0.6968
^13CO               453.374m   -7.563    0.0045      Fe 2                7011.24A   -8.213    0.0010      H-CT                6562.80A   -6.081    0.1358
^13CO               388.637m   -7.528    0.0049      Fe 2                6966.33A   -7.570    0.0044      H- H                      0    -5.902    0.2053
^13CO               340.088m   -7.510    0.0051      Fe 2                5477.25A   -7.567    0.0044      H2+                       0    -5.536    0.4765
^13CO               302.332m   -7.503    0.0051      Fe 2                5278.38A   -8.033    0.0015      bands..........................................
^13CO               272.130m   -7.506    0.0051      Fe 2                4402.59A   -7.821    0.0025      Fe 2b               2500.00A   -3.399   65.3987
^13CO               247.423m   -7.516    0.0050      Fe 2                4384.21A   -7.753    0.0029      Fe 2b               5000.00A   -3.453   57.7071
^13CO               226.836m   -7.537    0.0048      Fe 2                1.05081m   -7.963    0.0018      Fe 2b               7000.00A   -4.395    6.5968
^13CO               209.419m   -7.561    0.0045      Fe 2                7710.80A   -8.118    0.0012      Fe 2b               10000.0A   -3.076  137.5440
^13CO               194.493m   -7.583    0.0043      Fe 2                7048.01A   -7.784    0.0027      Fe 2b               2355.00A   -4.227    9.7029
^13CO               181.558m   -7.608    0.0040      Fe 2                5901.28A   -8.012    0.0016      Fe 2b               2430.00A   -3.407   64.1462
^13CO               170.243m   -7.636    0.0038      Fe 2                5527.62A   -8.125    0.0012      Fe 2b               2445.00A   -3.407   64.1462
^13CO               160.261m   -7.665    0.0035      Fe 2                2.04602m   -6.650    0.0367      Fe 2b               2495.00A   -3.953   18.2500
^13CO               151.390m   -7.696    0.0033      Fe 2                1.41956m   -7.204    0.0102      Fe 2b               2610.00A   -3.656   36.1888
^13CO               143.454m   -7.729    0.0031      Fe 2                1.35904m   -8.011    0.0016      Fe 2b               2695.00A   -6.294    0.0832
^13CO               136.314m   -7.762    0.0028      Fe 2                1.23314m   -7.000    0.0164      Fe 2b               2758.00A   -5.157    1.1399
^13CO               129.855m   -7.802    0.0026      Fe 2                1.09108m   -6.922    0.0196      Fe 2b               2780.00A   -5.121    1.2382
^13CO               123.985m   -7.843    0.0023      Fe 2                1.07084m   -7.361    0.0071      Fe 2b               2935.00A   -6.753    0.0289
^13CO               118.627m   -7.887    0.0021      Fe 2                1.05625m   -7.811    0.0025      Fe 2b               2960.00A   -7.061    0.0142
^13CO               113.717m   -7.933    0.0019      Fe 2                1.01565m   -7.613    0.0040      Fe 2b               3180.00A   -5.794    0.2629
^13CO               109.201m   -7.981    0.0017      Fe 2                8119.18A   -8.088    0.0013      Fe 2b               3250.00A   -5.108    1.2756
^13CO               105.034m   -8.031    0.0015      Fe 2                5588.16A   -6.916    0.0199      Fe 2b               3590.00A   -5.132    1.2078
^13CO               101.176m   -8.085    0.0013      Fe 2                5586.91A   -7.778    0.0027      Fe 2b               3910.00A   -7.178    0.0109
^13CO               97.5955m   -8.141    0.0012      Fe 2                5580.82A   -6.348    0.0735      Fe 2b               4060.00A   -7.837    0.0024
^13CO               94.2629m   -8.200    0.0010      Fe 2                5551.32A   -6.066    0.1408      Fe 2b               4255.00A   -3.886   21.2787
C  1                1560.31A   -6.853    0.0230      Fe 2                3227.74A   -7.633    0.0038      Fe 2b               4558.00A   -4.616    3.9615
C  1                1560.68A   -6.776    0.0274      Fe 2                3196.07A   -7.296    0.0083      Fe 2b               4600.00A   -4.587    4.2418
C  1                1560.71A   -7.078    0.0137      Fe 2                2.13278m   -6.905    0.0204      Fe 2b               4743.00A   -5.335    0.7564
C  1                1561.34A   -6.467    0.0558      Fe 2                1.46079m   -7.751    0.0029      Fe 2b               4855.00A   -4.756    2.8697
C  1                1561.37A   -7.064    0.0141      Fe 2                1.39678m   -7.813    0.0025      Fe 2b               4920.00A   -4.242    9.3805
C  1                1561.44A   -6.301    0.0818      Fe 2                1.30943m   -7.832    0.0024      Fe 2b               4975.00A   -4.772    2.7699
C  1                1656.27A   -6.071    0.1390      Fe 2                1.24364m   -8.018    0.0016      Fe 2b               4971.00A   -4.815    2.5092
C  1                1656.93A   -6.618    0.0395      Fe 2                1.09413m   -7.120    0.0124      Fe 2b               5070.00A   -4.693    3.3164
C  1                1657.01A   -5.818    0.2489      Fe 2                1.07890m   -7.216    0.0100      Fe 2b               5143.00A   -4.160   11.3342
C  1                1657.38A   -6.675    0.0346      Fe 2                1.06830m   -7.973    0.0017      Fe 2b               5270.00A   -3.875   21.8209
C  1                1657.91A   -6.178    0.1088      Fe 2                1.03658m   -7.985    0.0017      Fe 2b               5318.00A   -4.194   10.4863
C  1                1658.12A   -6.490    0.0530      Fe 2                5650.95A   -6.895    0.0209      Fe 2b               5540.00A   -5.340    0.7478
C  1                1930.90A   -7.705    0.0032      Fe 2                5649.67A   -6.869    0.0222      Fe 2b               5865.00A   -5.939    0.1882
C  1                1992.01A   -7.397    0.0066      Fe 2                5643.44A   -8.006    0.0016      Fe 2b               6265.00A   -6.750    0.0291
C  1                1993.62A   -6.184    0.1071      Fe 2                5613.27A   -6.281    0.0857      Fe 2b               6565.00A   -6.095    0.1315
C  1                2582.90A   -7.449    0.0058      Fe 2                2.24366m   -7.243    0.0094      Fe 2b               6910.00A   -6.035    0.1510
C  1                8727.13A   -7.826    0.0024      Fe 2                2.00672m   -6.589    0.0422      Fe 2b               7445.00A   -4.416    6.2800
C  1                9824.13A   -3.439   59.6166      Fe 2                1.10657m   -7.463    0.0056      Fe 2b               8625.00A   -4.084   13.4794
C  1                9850.26A   -2.963  178.1055      Fe 2                1.09542m   -7.567    0.0044      Fe 2b               1.03250m   -5.142    1.1805
C  1                370.269m   -3.655   36.2208      Fe 2                5725.92A   -7.166    0.0112      Fe 2b               1.88900m   -3.791   26.4932
C  1                609.590m   -4.408    6.3998      Fe 2                5718.22A   -6.616    0.0397      Fe 2b               2.20000m   -5.874    0.2191
C  2                1334.53A   -8.040    0.0015      Fe 2                2.22379m   -5.997    0.1648      miscellaneous..................................
C  2                1335.66A   -7.691    0.0033      Fe 2                2.01513m   -6.319    0.0786      Blnd                8446.00A   -7.931    0.0019
C  2                1335.71A   -7.726    0.0031      Fe 2                9682.08A   -6.827    0.0244      Blnd                1304.00A   -6.323    0.0778
C  2                2323.50A   -7.538    0.0047      Fe 2                9513.85A   -7.635    0.0038      Blnd                2798.00A   -2.909  202.0950
C  2                2324.69A   -7.252    0.0092      Fe 2                8715.81A   -7.458    0.0057      Blnd                6720.00A   -3.550   46.1445
C  2                2325.40A   -6.663    0.0356      Fe 2                6873.84A   -7.124    0.0123      Blnd                4074.00A   -4.874    2.1870
C  2                2326.93A   -6.756    0.0287      Fe 2                6700.65A   -8.097    0.0013      Blnd                1.03300m   -4.983    1.7022
C  2                2328.12A   -7.198    0.0104      Fe 2                6188.55A   -7.301    0.0082      Blnd                1256.00A   -6.924    0.0195
C  2                157.636m   -4.965    1.7761      Fe 2                5870.02A   -7.558    0.0045      Blnd                5892.00A   -6.347    0.0736
Ca 1                4226.73A   -6.525    0.0489      Fe 2                5673.20A   -7.592    0.0042      Blnd                2665.00A   -4.463    5.6340
Ca 1                6439.08A   -7.445    0.0059      Fe 2                4898.61A   -7.328    0.0077      Blnd                2335.00A   -4.272    8.7514
Ca 1                6462.57A   -7.734    0.0030      Fe 2                2.25348m   -6.836    0.0239      Blnd                8579.00A   -3.877   21.7495
Ca 1                6493.78A   -7.971    0.0017      Fe 2                1.02005m   -8.041    0.0015      Blnd                7306.00A   -3.234   95.5047
Cl 1                11.3303m   -6.749    0.0292      Fe 2                1.00139m   -7.486    0.0053      Blnd                3933.00A   -5.733    0.3028
Co 2                9335.96A   -7.349    0.0073      Fe 2                9133.66A   -8.207    0.0010      Blnd                1657.00A   -5.419    0.6238
Co 2                9639.13A   -7.786    0.0027      Fe 2                8885.67A   -7.934    0.0019      Blnd                9850.00A   -2.838  237.7221
Co 2                10.5199m   -6.183    0.1074      Fe 2                7131.14A   -8.098    0.0013      Blnd                2326.00A   -6.267    0.0886
Co 2                15.4548m   -7.069    0.0140      Fe 2                6944.91A   -7.669    0.0035      Blnd                1335.00A   -7.316    0.0079
Co 2                2.98382m   -5.671    0.3495      Fe 2                6473.88A   -7.704    0.0032      Blnd                3467.00A   -5.761    0.2836
Co 2                14.7345m   -6.710    0.0319      Fe 2                6044.10A   -8.138    0.0012      Blnd                5199.00A   -3.517   49.8408
Co 2                18.7989m   -7.232    0.0096      Fe 2                5835.45A   -7.806    0.0026      Blnd                1.04030m   -5.005    1.6184
Co 2                25.6819m   -7.920    0.0020      Fe 2                5060.09A   -7.887    0.0021      Blnd                2141.00A   -7.984    0.0017
Co 2                1.01879m   -6.392    0.0664      Fe 2                4576.40A   -8.140    0.0012      Blnd                6300.00A   -3.238   94.7440
Co 2                1.12804m   -7.363    0.0071      Fe 2                1.34608m   -8.184    0.0011      Blnd                2471.00A   -7.871    0.0022
Co 2                1.54700m   -6.637    0.0377      Fe 2                1.11648m   -7.999    0.0016      Blnd                7323.00A   -8.039    0.0015
Co 2                1.72847m   -7.633    0.0038      Fe 2                5048.19A   -7.854    0.0023      Blnd                7332.00A   -8.121    0.0012
Co 2                1.90349m   -7.473    0.0055      Fe 2                1.71482m   -7.435    0.0060      Blnd                3727.00A   -5.960    0.1795
Co 2                1.02452m   -7.204    0.0102      Fe 2                9949.21A   -7.766    0.0028      Blnd                7325.00A   -7.777    0.0027
Co 2                1.09726m   -7.832    0.0024      Fe 2                7975.22A   -7.953    0.0018      N 1C                5199.00A   -7.558    0.0045
Co 2                1.49674m   -8.069    0.0014      Fe 2                1.47063m   -8.204    0.0010      N 1T                5199.00A   -7.596    0.0042
Co 2                1.62622m   -8.057    0.0014      Fe 2                1.01273m   -7.880    0.0022
Co 2                1.73616m   -7.763    0.0028      Fe 2                6353.11A   -8.004    0.0016

                                                    Emergent line intensities
general properties.............................      Fe 2                4509.61A   -6.943    0.0187      N  1                5197.90A   -3.915   19.9336
continua.......................................      Fe 2                4452.10A   -4.965    1.7761      N  1                5200.26A   -3.739   29.9023
FIR                 83.0000m   -1.856 2282.8899      Fe 2                3277.55A   -7.100    0.0130      N  1                1.03977m   -5.350    0.7318
TIR                 1800.00m   -4.388    6.7084      Fe 2                3277.12A   -8.005    0.0016      N  1                1.03982m   -5.873    0.2196
NIRa                2.85000m   -1.907 2032.9734      Fe 2                3275.02A   -7.176    0.0109      N  1                1.04072m   -5.698    0.3284
NIRb                3.00000m   -3.051  145.8147      Fe 2                2631.05A   -5.898    0.2077      N  1                1.04076m   -5.686    0.3378
MIRa                15.0000m   -3.146  117.1441      Fe 2                2620.41A   -7.723    0.0031      Na 1                5889.95A   -6.649    0.0368
MIRb                22.5000m   -2.038 1501.0717      Fe 2                2613.82A   -6.693    0.0333      Na 1                5895.92A   -6.649    0.0368
NMIR                21.7500m   -1.907 2032.9734      Fe 2                2410.52A   -6.578    0.0433      Ni 1                7.50454m   -6.769    0.0279
TFIR                611.250m   -2.849  232.3998      Fe 2                2406.66A   -6.829    0.0243      O  1                1302.17A   -8.131    0.0012
TALL                10000.0A   -1.462 5658.7173      Fe 2                2404.43A   -7.578    0.0043      O  1                1304.86A   -6.526    0.0489
F12                 12.0000m   -5.053    1.4532      Fe 2                2359.11A   -6.612    0.0400      O  1                1306.03A   -6.787    0.0268
F25                 25.0000m   -3.663   35.6044      Fe 2                2338.01A   -6.701    0.0326      O  1                1355.60A   -6.555    0.0457
F60                 60.0000m   -1.902 2056.2556      Fe 2                4.67067m   -7.087    0.0134      O  1                1358.51A   -6.908    0.0203
F100                100.000m   -5.263    0.8950      Fe 2                1.29777m   -6.400    0.0654      O  1                2972.29A   -5.999    0.1643
MIPS                24.0000m   -3.663   35.5991      Fe 2                1.27034m   -6.272    0.0878      O  1                5577.34A   -5.050    1.4617
MIPS                70.0000m   -1.902 2052.9929      Fe 2                7999.47A   -8.094    0.0013      O  1                6300.30A   -3.359   71.7703
MIPS                160.000m   -2.941  187.7466      Fe 2                7874.24A   -6.441    0.0593      O  1                6363.78A   -3.855   22.9275
IRAC                3.60000m   -6.271    0.0879      Fe 2                7733.14A   -6.987    0.0169      O  1                6391.73A   -7.183    0.0108
IRAC                4.50000m   -4.952    1.8301      Fe 2                4798.28A   -6.850    0.0231      O  1                44.0453m   -7.543    0.0047
IRAC                5.80000m   -3.240   94.4423      Fe 2                4664.45A   -7.498    0.0052      O  1                63.1679m   -1.903 2052.2263
IRAC                8.00000m   -4.247    9.2843      Fe 2                4533.01A   -7.490    0.0053      O  1                145.495m   -2.947  185.2221
SPR1                250.000m   -5.529    0.4855      Fe 2                4474.90A   -5.278    0.8652      O  2                2470.34A   -7.975    0.0017
SPR2                350.000m   -3.652   36.5741      Fe 2                3289.89A   -7.486    0.0054      O  2                7319.99A   -8.169    0.0011
SPR3                500.000m   -5.772    0.2771      Fe 2                3289.46A   -7.265    0.0089      O  2                3728.81A   -6.183    0.1077
PAC1                70.0000m   -1.902 2053.8062      Fe 2                2628.29A   -6.406    0.0644      O  2                3726.03A   -6.358    0.0718
PAC2                100.000m   -5.261    0.8990      Fe 2                2621.67A   -7.262    0.0090      P  2                60.6263m   -5.316    0.7927
PAC3                160.000m   -2.941  188.0790      Fe 2                2413.31A   -7.101    0.0130      P  2                1532.53A   -7.992    0.0017
PAH                 3.30000m   -7.076    0.0138      Fe 2                2411.07A   -7.104    0.0129      P  2                32.8620m   -5.416    0.6295
PAHC                3.23000m   -7.356    0.0072      Fe 2                2344.28A   -6.827    0.0244      P  2                1.14682m   -5.334    0.7601
PAHC                3.37000m   -7.351    0.0073      Fe 2                17.9311m   -4.228    9.6984      P  2                4669.25A   -6.999    0.0164
PAH                 6.20000m   -7.121    0.0124      Fe 2                1.64355m   -3.334   75.9947      P  2                2195.57A   -7.278    0.0087
PAHC                5.65000m   -6.036    0.1511      Fe 2                1.53348m   -4.459    5.7006      P  2                1536.42A   -7.704    0.0032
PAH                 7.90000m   -6.601    0.0411      Fe 2                8616.95A   -4.723    3.1003      P  2                1535.92A   -7.714    0.0032
PAHC                6.90000m   -4.249    9.2379      Fe 2                7155.17A   -4.851    2.3135      P  2                1.18828m   -4.911    2.0151
PAH                 11.3000m   -6.713    0.0318      Fe 2                6896.17A   -6.304    0.0815      P  2                2210.34A   -6.824    0.0246
PAHC                10.9000m   -6.126    0.1227      Fe 2                5413.37A   -6.759    0.0285      P  2                1542.30A   -8.001    0.0016
PAH                 11.8000m   -7.807    0.0026      Fe 2                5280.27A   -7.297    0.0083      P  2                7875.99A   -6.251    0.0921
PAHC                12.6500m   -5.877    0.2179      Fe 2                5273.36A   -4.851    2.3130      S  1                1483.04A   -7.874    0.0022
PAH                 13.3000m   -7.833    0.0024      Fe 2                5158.79A   -4.240    9.4474      S  1                1820.34A   -6.551    0.0461
PAHC                14.1000m   -5.535    0.4782      Fe 2                5111.64A   -5.147    1.1704      S  1                1826.24A   -7.035    0.0151
Bcon                3640.00A   -2.198 1040.0775      Fe 2                5072.41A   -4.892    2.1027      S  1                25.2421m   -4.503    5.1499
Pcon                5000.00A   -2.608  404.1780      Fe 2                5039.10A   -6.326    0.0773      S  1                56.2957m   -5.462    0.5655
O3bn                5007.00A   -4.475    5.4908      Fe 2                4814.54A   -5.196    1.0445      S  2                6730.82A   -3.940   18.8336
RRC............................................      Fe 2                4774.73A   -5.636    0.3792      S  2                6716.44A   -3.779   27.2899
grains.........................................      Fe 2                4745.49A   -6.688    0.0337      S  2                4076.35A   -5.488    0.5337
H-like iso-sequence............................      Fe 2                4661.78A   -7.786    0.0027      S  2                4068.60A   -4.996    1.6539
H  1                1215.67A   -2.517  499.1743      Fe 2                4243.97A   -4.566    4.4571      S  2                1.03364m   -5.626    0.3879
H  1                6562.80A   -4.453    5.7767      Fe 2                4177.20A   -5.656    0.3624      S  2                1.02867m   -5.623    0.3908
H  1                4861.32A   -5.215    1.0000      Fe 2                4146.65A   -7.231    0.0096      S  2                1.03705m   -5.948    0.1849
H  1                4340.46A   -5.596    0.4162      Fe 2                4114.48A   -7.566    0.0045      S  2                1.03205m   -5.489    0.5318
H  1                4101.73A   -7.268    0.0088      Fe 2                3929.35A   -7.818    0.0025      S  2                1259.52A   -7.282    0.0086
H  1                3970.07A   -7.554    0.0046      Fe 2                3387.09A   -6.071    0.1393      S  2                1253.81A   -7.356    0.0072
H  1                3889.05A   -7.783    0.0027      Fe 2                3376.20A   -5.273    0.8738      S  2                1250.58A   -7.671    0.0035
H  1                3835.38A   -7.975    0.0017      Fe 2                2732.45A   -6.310    0.0803      Sc 2                4246.82A   -7.767    0.0028
H  1                3797.90A   -8.140    0.0012      Fe 2                2493.30A   -3.954   18.2532      Sc 2                7043.49A   -7.540    0.0047
H  1                3770.63A   -7.894    0.0021      Fe 2                2484.20A   -7.307    0.0081      Sc 2                8261.17A   -8.054    0.0014
H  1                3750.15A   -8.008    0.0016      Fe 2                2360.00A   -6.199    0.1036      Sc 2                8271.28A   -7.941    0.0019
H  1                3734.37A   -8.110    0.0013      Fe 2                2348.12A   -6.358    0.0719      Sc 2                8326.62A   -8.194    0.0010
H  1                3721.94A   -8.202    0.0010      Fe 2                2331.31A   -7.686    0.0034      Sc 2                8347.28A   -7.759    0.0029
H  1                1.87510m   -5.986    0.1696      Fe 2                24.5126m   -4.928    1.9364      Sc 2                8384.33A   -8.072    0.0014
H  1                1.28181m   -6.299    0.0824      Fe 2                1.80940m   -3.935   19.0568      Sc 2                1.07804m   -8.138    0.0012
H  1                1.09381m   -7.655    0.0036      Fe 2                1.67688m   -4.884    2.1414      Sc 2                2.03194m   -7.675    0.0035
H  1                1.00494m   -7.960    0.0018      Fe 2                1.59948m   -4.792    2.6492      Sc 2                2.04712m   -8.022    0.0016
H  1                9545.97A   -8.201    0.0010      Fe 2                9051.95A   -4.565    4.4669      Sc 2                2.07591m   -7.666    0.0035
H  1                4.05115m   -6.854    0.0229      Fe 2                8891.93A   -4.990    1.6799      Sc 2                2.07842m   -7.500    0.0052
H  1                2.62515m   -7.835    0.0024      Fe 2                7452.56A   -5.343    0.7452      Sc 2                2.08152m   -7.769    0.0028
H  1                2.16553m   -8.182    0.0011      Fe 2                7172.00A   -5.259    0.9031      Sc 2                2.11129m   -7.943    0.0019
H  1                7.45782m   -7.875    0.0022      Fe 2                6275.53A   -7.216    0.0100      Sc 2                2.12445m   -7.941    0.0019
He-like iso-sequence...........................      Fe 2                5527.36A   -5.831    0.2418      Si 1                2519.20A   -7.882    0.0022
extra Lyman....................................      Fe 2                5440.48A   -7.590    0.0042      Si 1                2528.51A   -7.655    0.0036
database lines.................................      Fe 2                5433.15A   -5.365    0.7084      Si 1                68.4548m   -7.167    0.0112
CN                  2640.74m   -8.064    0.0014      Fe 2                5261.63A   -4.620    3.9356      Si 1                129.641m   -7.239    0.0095
CN                  1321.03m   -8.117    0.0013      Fe 2                5220.08A   -5.895    0.2088      Si 2                34.8046m   -2.087 1342.1525
CN                  880.858m   -8.210    0.0010      Fe 2                5184.80A   -5.791    0.2655      Si 2                2334.41A   -5.235    0.9548
CN                  660.727m   -8.182    0.0011      Fe 2                5158.01A   -5.740    0.2983      Si 2                2328.52A   -5.828    0.2438
HF                  243.178m   -7.919    0.0020      Fe 2                4947.39A   -5.140    1.1886      Si 2                1808.01A   -5.393    0.6637
CO                  1300.05m   -7.155    0.0115      Fe 2                4905.35A   -5.491    0.5293      Si 2                1526.71A   -7.597    0.0041
CO                  866.727m   -6.529    0.0485      Fe 2                4874.50A   -5.534    0.4796      Si 2                1260.42A   -7.243    0.0094
CO                  650.074m   -6.257    0.0908      Fe 2                4852.74A   -6.895    0.0209      Si 2                2350.17A   -5.068    1.4039
CO                  520.089m   -6.130    0.1217      Fe 2                4346.86A   -5.193    1.0511      Si 2                2344.20A   -4.679    3.4365
CO                  433.438m   -6.060    0.1430      Fe 2                4276.84A   -5.117    1.2527      Si 2                2334.60A   -4.780    2.7202
CO                  371.549m   -6.028    0.1539      Fe 2                4244.82A   -5.929    0.1933      Si 2                1817.45A   -5.069    1.3985
CO                  325.137m   -6.010    0.1602      Fe 2                4231.56A   -7.529    0.0049      Si 2                1816.93A   -4.821    2.4751
CO                  289.041m   -6.005    0.1622      Fe 2                4211.11A   -7.500    0.0052      Si 2                1533.43A   -5.628    0.3861
CO                  260.169m   -6.009    0.1608      Fe 2                3455.11A   -6.177    0.1090      Si 2                1309.28A   -6.402    0.0651
CO                  236.549m   -6.019    0.1568      Fe 2                3452.31A   -5.866    0.2233      Si 2                1265.00A   -6.184    0.1074
CO                  216.868m   -6.040    0.1497      Fe 2                3440.99A   -5.752    0.2903      Si 2                1264.74A   -6.608    0.0404
CO                  200.218m   -6.063    0.1419      Fe 2                2774.73A   -7.548    0.0046      Si 2                1197.39A   -6.756    0.0287
CO                  185.949m   -6.084    0.1351      Fe 2                2759.34A   -7.908    0.0020      Si 2                1194.50A   -7.050    0.0146
CO                  173.584m   -6.108    0.1278      Fe 2                2485.07A   -7.772    0.0028      Si 2                3862.60A   -7.813    0.0025
CO                  162.767m   -6.135    0.1203      Fe 2                2391.48A   -6.851    0.0231      Si 2                3856.02A   -7.782    0.0027
CO                  153.225m   -6.163    0.1127      Fe 2                2379.28A   -7.468    0.0056      Si 2                6371.37A   -7.730    0.0031
CO                  144.745m   -6.193    0.1052      Fe 2                2362.02A   -6.368    0.0703      Si 2                6347.11A   -7.649    0.0037
CO                  137.159m   -6.224    0.0980      Fe 2                35.7675m   -5.728    0.3071      Zn 2                2062.00A   -7.297    0.0083
CO                  130.333m   -6.255    0.0911      Fe 2                1.95361m   -4.846    2.3388      Zn 2                2025.48A   -7.060    0.0143
CO                  124.160m   -6.292    0.0837      Fe 2                1.80002m   -4.900    2.0654      Al 2                2669.15A   -4.860    2.2627
CO                  118.548m   -6.332    0.0764      Fe 2                1.71113m   -5.469    0.5564      Al 2                2660.35A   -4.687    3.3757
CO                  113.427m   -6.373    0.0695      Fe 2                1.66377m   -5.089    1.3371      Al 2                1670.79A   -5.353    0.7268
CO                  108.733m   -6.415    0.0630      Fe 2                9399.04A   -4.987    1.6901      Al 2                3900.67A   -8.096    0.0013
CO                  104.416m   -6.459    0.0570      Fe 2                9226.63A   -4.933    1.9134      Ca 2                7323.89A   -3.628   38.6654
CO                  100.433m   -6.504    0.0514      Fe 2                9033.49A   -6.008    0.1609      Ca 2                7291.47A   -3.461   56.7880
CO                  96.7462m   -6.551    0.0462      Fe 2                7388.17A   -5.379    0.6850      Ca 2                3968.47A   -6.053    0.1453
CO                  93.3237m   -6.599    0.0413      Fe 2                6440.41A   -6.331    0.0766      Ca 2                8662.14A   -4.353    7.2689
CO                  90.1384m   -6.649    0.0368      Fe 2                6229.28A   -7.481    0.0054      Ca 2                3933.66A   -6.016    0.1579
CO                  87.1666m   -6.701    0.0326      Fe 2                5654.87A   -6.792    0.0265      Ca 2                8498.02A   -5.048    1.4692
CO                  84.3877m   -6.755    0.0289      Fe 2                5556.31A   -6.034    0.1517      Ca 2                8542.09A   -4.101   12.9979
CO                  81.7835m   -6.809    0.0254      Fe 2                5412.67A   -6.561    0.0451      Ca 2                3706.02A   -6.722    0.0311
CO                  79.3383m   -6.866    0.0223      Fe 2                5333.66A   -4.907    2.0317      Ca 2                3736.90A   -6.426    0.0615
CO                  77.0375m   -6.925    0.0195      Fe 2                5296.84A   -6.190    0.1059      Ca 2                3158.87A   -6.745    0.0295
CO                  74.8697m   -6.984    0.0170      Fe 2                5268.89A   -5.910    0.2017      Ca 2                3181.27A   -7.451    0.0058
CO                  72.8231m   -7.046    0.0148      Fe 2                5107.96A   -6.845    0.0234      Ca 2                3179.33A   -6.496    0.0523
CO                  70.8878m   -7.108    0.0128      Fe 2                5049.30A   -5.313    0.7973      Ca 2                1.19497m   -8.144    0.0012
CO                  69.0557m   -7.171    0.0111      Fe 2                5005.52A   -5.367    0.7038      Ca 2                1.18390m   -7.853    0.0023
CO                  67.3181m   -7.235    0.0095      Fe 2                4973.40A   -5.635    0.3801      Ca 2                1838.01A   -7.683    0.0034
CO                  65.6684m   -7.301    0.0082      Fe 2                4950.76A   -5.981    0.1715      Ca 2                1840.03A   -7.527    0.0049
CO                  64.0998m   -7.367    0.0070      Fe 2                4352.79A   -5.433    0.6054      Ca 2                2112.76A   -8.155    0.0011
CO                  62.6072m   -7.433    0.0061      Fe 2                4319.62A   -5.699    0.3282      Cl 2                14.3639m   -5.537    0.4767
CO                  61.1843m   -7.500    0.0052      Fe 2                4305.90A   -6.501    0.0517      Cl 2                33.2721m   -6.617    0.0396
CO                  59.8271m   -7.568    0.0044      Fe 2                4084.33A   -7.823    0.0025      Cl 2                8578.70A   -5.226    0.9757
CO                  58.5311m   -7.636    0.0038      Fe 2                3504.51A   -6.480    0.0543      Cl 2                9123.60A   -5.810    0.2538
CO                  57.2920m   -7.704    0.0032      Fe 2                3504.02A   -6.337    0.0755      Cl 2                3677.85A   -7.148    0.0117
CO                  56.1066m   -7.774    0.0028      Fe 2                3501.63A   -5.901    0.2061      Cl 2                6161.84A   -7.102    0.0130
CO                  54.9712m   -7.845    0.0023      Fe 2                3489.99A   -6.580    0.0431      Mg 2                2802.71A   -3.383   67.9110
CO                  53.8829m   -7.916    0.0020      Fe 2                2385.01A   -7.181    0.0108      Mg 2                2795.53A   -3.087  134.3834
CO                  52.8388m   -7.987    0.0017      Fe 2                2.06648m   -6.239    0.0945      Mg 2                2936.52A   -6.314    0.0797
CO                  51.8365m   -8.059    0.0014      Fe 2                1.89541m   -5.636    0.3795      Mg 2                2928.64A   -6.615    0.0398
CO                  50.8731m   -8.132    0.0012      Fe 2                1.79711m   -5.123    1.2362      Mg 2                2797.93A   -7.054    0.0145
CO                  49.9472m   -8.204    0.0010      Fe 2                1.74494m   -5.411    0.6362      Mg 2                2790.77A   -6.351    0.0731
^13CO               906.599m   -8.072    0.0014      Fe 2                9652.70A   -5.836    0.2394      Mg 2                2798.00A   -6.098    0.1308
^13CO               679.978m   -7.777    0.0027      Fe 2                9470.94A   -5.324    0.7785      Mg 2                9244.22A   -8.170    0.0011
^13CO               544.012m   -7.639    0.0038      Fe 2                9267.56A   -5.705    0.3236      Mg 2                9218.22A   -7.875    0.0022
^13CO               453.374m   -7.563    0.0045      Fe 2                7544.00A   -8.019    0.0016      N  2                205.283m   -7.384    0.0068
^13CO               388.637m   -7.528    0.0049      Fe 2                6558.51A   -6.545    0.0468      N  2                121.769m   -7.590    0.0042
^13CO               340.088m   -7.510    0.0051      Fe 2                5745.71A   -7.163    0.0113      N  2                6548.05A   -6.749    0.0292
^13CO               302.332m   -7.503    0.0051      Fe 2                5643.98A   -7.006    0.0162      N  2                6583.45A   -6.280    0.0861
^13CO               272.130m   -7.506    0.0051      Fe 2                5495.84A   -6.837    0.0239      N  2                5754.59A   -8.128    0.0012
^13CO               247.423m   -7.516    0.0050      Fe 2                5376.47A   -5.301    0.8197      N  2                2142.77A   -8.133    0.0012
^13CO               226.836m   -7.537    0.0048      Fe 2                5347.66A   -6.416    0.0630      Ni 2                1.19102m   -4.213   10.0393
^13CO               209.419m   -7.561    0.0045      Fe 2                5181.96A   -6.691    0.0334      Ni 2                6.63416m   -4.839    2.3781
^13CO               194.493m   -7.583    0.0043      Fe 2                5076.57A   -5.972    0.1751      Ni 2                1.07151m   -5.829    0.2431
^13CO               181.558m   -7.608    0.0040      Fe 2                5043.53A   -5.842    0.2362      Ni 2                10.6793m   -5.466    0.5614
^13CO               170.243m   -7.636    0.0038      Fe 2                5020.25A   -5.958    0.1808      Ni 2                1.27792m   -7.653    0.0036
^13CO               160.261m   -7.665    0.0035      Fe 2                4372.43A   -5.973    0.1745      Ni 2                1.16130m   -6.348    0.0737
^13CO               151.390m   -7.696    0.0033      Fe 2                4358.37A   -6.184    0.1073      Ni 2                12.7253m   -5.884    0.2143
^13CO               143.454m   -7.729    0.0031      Fe 2                4080.00A   -7.854    0.0023      Ni 2                9882.95A   -7.097    0.0131
^13CO               136.314m   -7.762    0.0028      Fe 2                3539.19A   -6.185    0.1072      Ni 2                1.09177m   -6.635    0.0380
^13CO               129.855m   -7.802    0.0026      Fe 2                3538.69A   -6.478    0.0545      Ni 2                18.2355m   -6.601    0.0411
^13CO               123.985m   -7.843    0.0024      Fe 2                3536.25A   -6.604    0.0408      Ni 2                9374.87A   -7.390    0.0067
^13CO               118.627m   -7.887    0.0021      Fe 2                3524.38A   -7.912    0.0020      Ni 2                7377.83A   -4.994    1.6638
^13CO               113.717m   -7.933    0.0019      Fe 2                22.8961m   -7.233    0.0096      Ni 2                8300.99A   -6.290    0.0842
^13CO               109.201m   -7.981    0.0017      Fe 2                1.81139m   -7.512    0.0050      Ni 2                1.93877m   -5.701    0.3267
^13CO               105.034m   -8.031    0.0015      Fe 2                7764.71A   -6.719    0.0313      Ni 2                2.36883m   -6.988    0.0169
^13CO               101.176m   -8.085    0.0014      Fe 2                7336.73A   -7.009    0.0161      Ni 2                2.91064m   -6.656    0.0362
^13CO               97.5955m   -8.141    0.0012      Fe 2                7267.25A   -7.977    0.0017      Ni 2                6666.80A   -5.845    0.2342
^13CO               94.2629m   -8.200    0.0010      Fe 2                6809.24A   -6.986    0.0169      Ni 2                7411.61A   -5.626    0.3876
C  1                1560.31A   -6.856    0.0229      Fe 2                6729.87A   -7.268    0.0089      Ni 2                1.76458m   -7.771    0.0028
C  1                1560.68A   -6.779    0.0273      Fe 2                6671.93A   -7.831    0.0024      Ni 2                2.04866m   -7.349    0.0074
C  1                1560.71A   -7.081    0.0136      Fe 2                5721.37A   -8.104    0.0013      Ni 2                2.30794m   -6.805    0.0257
C  1                1561.34A   -6.470    0.0555      Fe 2                5163.96A   -7.011    0.0160      Ni 2                6.91767m   -7.104    0.0129
C  1                1561.37A   -7.067    0.0140      Fe 2                4266.35A   -7.716    0.0032      Ni 2                4326.24A   -5.791    0.2651
C  1                1561.44A   -6.305    0.0813      Fe 2                4249.08A   -7.987    0.0017      Ni 2                4628.05A   -6.213    0.1003
C  1                1656.27A   -6.071    0.1391      Fe 2                4157.92A   -7.986    0.0017      Ni 2                6794.20A   -7.270    0.0088
C  1                1656.93A   -6.618    0.0395      Fe 2                3277.35A   -6.438    0.0599      Ni 2                7255.82A   -6.147    0.1170
C  1                1657.01A   -5.818    0.2492      Fe 2                3255.89A   -7.658    0.0036      Ni 2                7694.56A   -7.217    0.0100
C  1                1657.38A   -6.675    0.0346      Fe 2                2926.59A   -7.144    0.0118      Ni 2                8033.54A   -7.381    0.0068
C  1                1657.91A   -6.178    0.1089      Fe 2                2880.76A   -7.046    0.0147      Ni 2                1.04597m   -6.630    0.0384
C  1                1658.12A   -6.490    0.0530      Fe 2                2755.74A   -5.389    0.6690      Ni 2                1.23230m   -6.657    0.0361
C  1                1930.90A   -7.705    0.0032      Fe 2                2739.55A   -6.017    0.1576      Ni 2                4201.17A   -5.975    0.1739
C  1                1992.01A   -7.398    0.0066      Fe 2                2716.70A   -6.295    0.0832      Ni 2                4485.21A   -6.427    0.0613
C  1                1993.62A   -6.185    0.1072      Fe 2                34.6508m   -8.104    0.0013      Ni 2                7307.65A   -6.323    0.0780
C  1                2582.90A   -7.449    0.0058      Fe 2                1.00287m   -6.706    0.0323      Ni 2                7612.72A   -6.651    0.0366
C  1                8727.13A   -7.827    0.0024      Fe 2                8245.16A   -8.204    0.0010      Ni 2                1.13597m   -7.334    0.0076
C  1                9824.13A   -3.440   59.5841      Fe 2                8037.28A   -7.237    0.0095      Ni 2                4285.31A   -7.183    0.0108
C  1                9850.26A   -2.964  178.0092      Fe 2                7579.61A   -7.728    0.0031      Ni 2                6791.48A   -6.898    0.0208
C  1                370.269m   -3.655   36.2804      Fe 2                7017.95A   -7.647    0.0037      Ni 2                7054.20A   -6.802    0.0259
C  1                609.590m   -4.408    6.4103      Fe 2                6933.67A   -8.012    0.0016      Ni 2                9.61508m   -8.091    0.0013
C  2                1334.53A   -8.046    0.0015      Fe 2                6872.19A   -7.178    0.0109      Ni 2                4033.04A   -6.242    0.0940
C  2                1335.66A   -7.698    0.0033      Fe 2                6829.03A   -8.213    0.0010      Ni 2                4294.09A   -6.361    0.0715
C  2                1335.71A   -7.733    0.0030      Fe 2                5746.98A   -7.062    0.0142      Ni 2                6467.29A   -7.394    0.0066
C  2                2323.50A   -7.538    0.0047      Fe 2                5283.12A   -7.619    0.0039      Ni 2                6813.57A   -6.383    0.0680
C  2                2324.69A   -7.252    0.0092      Fe 2                5199.18A   -7.835    0.0024      Ni 2                7078.04A   -6.931    0.0192
C  2                2325.40A   -6.663    0.0356      Fe 2                4351.81A   -7.986    0.0017      Ni 2                1.02090m   -7.713    0.0032
C  2                2326.93A   -6.756    0.0288      Fe 2                4347.36A   -7.356    0.0072      Ni 2                3993.06A   -5.895    0.2088
C  2                2328.12A   -7.199    0.0104      Fe 2                4329.43A   -6.702    0.0326      Ni 2                4248.80A   -6.370    0.0699
C  2                157.636m   -4.965    1.7790      Fe 2                2953.77A   -8.014    0.0016      Ni 2                6007.06A   -7.485    0.0054
Ca 1                4226.73A   -6.526    0.0489      Fe 2                2772.73A   -6.078    0.1371      Ni 2                6365.10A   -6.369    0.0701
Ca 1                6439.08A   -7.446    0.0059      Fe 2                2749.32A   -6.260    0.0901      Ni 2                6700.24A   -7.762    0.0028
Ca 1                6462.57A   -7.735    0.0030      Fe 2                9795.19A   -7.484    0.0054      Ni 2                6955.82A   -7.797    0.0026
Ca 1                6493.78A   -7.972    0.0017      Fe 2                8228.13A   -7.400    0.0065      Ni 2                8703.87A   -6.825    0.0246
Cl 1                11.3303m   -6.749    0.0292      Fe 2                7613.14A   -7.808    0.0026      Ni 2                9956.63A   -7.051    0.0146
Co 2                9335.96A   -7.350    0.0073      Fe 2                7011.24A   -8.214    0.0010      Ni 2                5.18504m   -7.829    0.0024
Co 2                9639.13A   -7.787    0.0027      Fe 2                6966.33A   -7.571    0.0044      Ni 2                3438.88A   -6.084    0.1351
Co 2                10.5199m   -6.183    0.1076      Fe 2                5477.25A   -7.568    0.0044      Ni 2                3626.89A   -6.392    0.0665
Co 2                15.4548m   -7.069    0.0140      Fe 2                5278.38A   -8.034    0.0015      Ni 2                3378.16A   -6.698    0.0328
Co 2                2.98382m   -5.671    0.3501      Fe 2                4402.59A   -7.822    0.0025      Ni 2                3559.41A   -6.678    0.0344
Co 2                14.7345m   -6.710    0.0320      Fe 2                4384.21A   -7.754    0.0029      level 1 lines..................................
Co 2                18.7989m   -7.232    0.0096      Fe 2                1.05081m   -7.964    0.0018      recombination..................................
Co 2                25.6819m   -7.920    0.0020      Fe 2                7710.80A   -8.119    0.0012      level2 lines...................................
Co 2                1.01879m   -6.393    0.0664      Fe 2                7048.01A   -7.785    0.0027      C  1                1247.50A   -7.033    0.0152
Co 2                1.12804m   -7.363    0.0071      Fe 2                5901.28A   -8.013    0.0016      C  1                1314.77A   -6.950    0.0184
Co 2                1.54700m   -6.637    0.0378      Fe 2                5527.62A   -8.125    0.0012      C  1                1233.29A   -7.567    0.0044
Co 2                1.72847m   -7.633    0.0038      Fe 2                2.04602m   -6.650    0.0367      C  1                1250.68A   -7.723    0.0031
Co 2                1.90349m   -7.473    0.0055      Fe 2                1.41956m   -7.204    0.0102      Mg 1                1817.31A   -7.990    0.0017
Co 2                1.02452m   -7.205    0.0102      Fe 2                1.35904m   -8.012    0.0016      Mg 1                1739.09A   -8.207    0.0010
Co 2                1.09726m   -7.833    0.0024      Fe 2                1.23314m   -7.000    0.0164      Mg 1                1675.74A   -8.200    0.0010
Co 2                1.49674m   -8.069    0.0014      Fe 2                1.09108m   -6.923    0.0196      Mg 1                1660.94A   -8.192    0.0011
Co 2                1.62622m   -8.057    0.0014      Fe 2                1.07084m   -7.362    0.0071      Mg 1                1650.95A   -8.201    0.0010
Co 2                1.73616m   -7.763    0.0028      Fe 2                1.05625m   -7.812    0.0025      Si 2                1179.59A   -7.653    0.0036
Co 2                1.02803m   -7.803    0.0026      Fe 2                1.01565m   -7.614    0.0040      S  1                1356.05A   -7.544    0.0047
Co 2                8580.39A   -7.859    0.0023      Fe 2                8119.18A   -8.089    0.0013      S  1                1392.25A   -7.986    0.0017
Co 2                9342.40A   -6.554    0.0458      Fe 2                5588.16A   -6.917    0.0199      Fe 1                2484.25A   -7.847    0.0023
Co 2                9943.48A   -6.902    0.0206      Fe 2                5586.91A   -7.779    0.0027      Fe 1                2526.51A   -8.086    0.0013
Co 2                7539.01A   -7.223    0.0098      Fe 2                5580.82A   -6.349    0.0735      Sc 2                2555.14A   -8.190    0.0011
Co 2                8121.00A   -6.935    0.0191      Fe 2                5551.32A   -6.066    0.1408      Sc 2                3627.22A   -6.538    0.0475
Co 2                8571.41A   -7.542    0.0047      Fe 2                3227.74A   -7.633    0.0038      Sc 2                3575.45A   -6.660    0.0359
Co 2                6.21176m   -8.183    0.0011      Fe 2                3196.07A   -7.297    0.0083      Sc 2                3368.13A   -7.221    0.0099
Co 2                8027.34A   -7.401    0.0065      Fe 2                2.13278m   -6.905    0.0204      Ti 2                3364.74A   -4.965    1.7793
Co 2                8467.14A   -7.814    0.0025      Fe 2                1.46079m   -7.751    0.0029      Ti 2                3237.15A   -5.204    1.0246
Co 2                8333.76A   -7.583    0.0043      Fe 2                1.39678m   -7.814    0.0025      Ti 2                1904.17A   -7.075    0.0138
Cr 2                8000.08A   -5.397    0.6573      Fe 2                1.30943m   -7.833    0.0024      Ti 2                1907.36A   -6.817    0.0250
Cr 2                8125.30A   -5.471    0.5544      Fe 2                1.24364m   -8.019    0.0016      V  2                2710.94A   -7.286    0.0085
Cr 2                8229.67A   -5.565    0.4463      Fe 2                1.09413m   -7.120    0.0124      V  2                2684.22A   -7.053    0.0145
Cr 2                8308.49A   -5.753    0.2900      Fe 2                1.07890m   -7.217    0.0100      V  2                2139.33A   -7.664    0.0036
Cr 2                8357.64A   -6.050    0.1461      Fe 2                1.06830m   -7.974    0.0017      Cr 1                4269.56A   -7.927    0.0019
Fe 1                24.0358m   -5.843    0.2352      Fe 2                1.03658m   -7.986    0.0017      Cr 1                3589.90A   -7.747    0.0029
Fe 1                34.7038m   -6.431    0.0608      Fe 2                5650.95A   -6.895    0.0209      Cr 2                2059.78A   -5.564    0.4479
Fe 2                25.9813m   -3.763   28.3058      Fe 2                5649.67A   -6.869    0.0222      Mn 2                1198.85A   -7.925    0.0019
Fe 2                5.33871m   -3.240   94.2899      Fe 2                5643.44A   -8.007    0.0016      Co 2                2060.90A   -7.028    0.0154
Fe 2                4.11387m   -5.603    0.4094      Fe 2                5613.27A   -6.282    0.0856      Co 2                2018.80A   -7.063    0.0142
Fe 2                1.25668m   -4.513    5.0380      Fe 2                2.24366m   -7.243    0.0094      Co 2                1949.74A   -7.141    0.0118
Fe 2                1.19129m   -7.297    0.0083      Fe 2                2.00672m   -6.589    0.0423      Co 2                1575.91A   -7.682    0.0034
Fe 2                6309.53A   -8.141    0.0012      Fe 2                1.10657m   -7.464    0.0056      Co 2                1470.18A   -7.765    0.0028
Fe 2                4799.30A   -8.041    0.0015      Fe 2                1.09542m   -7.568    0.0044      Ni 2                1751.83A   -6.599    0.0413
Fe 2                4704.22A   -7.265    0.0089      Fe 2                5725.92A   -7.167    0.0112      Ni 2                1744.24A   -6.404    0.0646
Fe 2                4632.28A   -5.473    0.5525      Fe 2                5718.22A   -6.616    0.0397      Ni 2                1484.97A   -7.755    0.0029
Fe 2                4604.48A   -7.256    0.0091      Fe 2                2.22379m   -5.997    0.1650      Ni 2                1472.74A   -7.431    0.0061
Fe 2                4416.27A   -5.454    0.5768      Fe 2                2.01513m   -6.319    0.0787      Ni 2                1400.37A   -7.747    0.0029
Fe 2                4382.74A   -6.424    0.0618      Fe 2                9682.08A   -6.828    0.0244      Ni 2                1375.73A   -7.382    0.0068
Fe 2                4287.39A   -4.492    5.2886      Fe 2                9513.85A   -7.636    0.0038      Ni 2                1324.11A   -7.490    0.0053
Fe 2                3931.44A   -8.086    0.0013      Fe 2                8715.81A   -7.459    0.0057      hyperfine structure............................
Fe 2                3874.07A   -7.717    0.0031      Fe 2                6873.84A   -7.125    0.0123      inner shell....................................
Fe 2                3175.38A   -6.303    0.0817      Fe 2                6700.65A   -8.098    0.0013      molecules......................................
Fe 2                2599.40A   -7.304    0.0081      Fe 2                6188.55A   -7.302    0.0082      bands..........................................
Fe 2                2382.04A   -5.459    0.5697      Fe 2                5870.02A   -7.559    0.0045      Fe 2b               2500.00A   -3.399   65.4533
Fe 2                2343.50A   -8.168    0.0011      Fe 2                5673.20A   -7.593    0.0042      Fe 2b               5000.00A   -3.454   57.7049
Fe 2                35.3391m   -4.424    6.1726      Fe 2                4898.61A   -7.329    0.0077      Fe 2b               7000.00A   -4.396    6.5936
Fe 2                6.71944m   -4.380    6.8367      Fe 2                2.25348m   -6.836    0.0239      Fe 2b               10000.0A   -3.077  137.4720
Fe 2                4.88781m   -5.266    0.8886      Fe 2                1.02005m   -8.042    0.0015      Fe 2b               2355.00A   -4.228    9.7115
Fe 2                4.07521m   -6.088    0.1341      Fe 2                1.00139m   -7.487    0.0053      Fe 2b               2430.00A   -3.407   64.2015
Fe 2                1.32055m   -5.009    1.6067      Fe 2                9133.66A   -8.208    0.0010      Fe 2b               2445.00A   -3.407   64.2011
Fe 2                1.24854m   -6.043    0.1487      Fe 2                8885.67A   -7.935    0.0019      Fe 2b               2495.00A   -3.953   18.2652
Fe 2                1.20512m   -7.855    0.0023      Fe 2                7131.14A   -8.099    0.0013      Fe 2b               2610.00A   -3.656   36.2175
Fe 2                7637.52A   -5.313    0.7979      Fe 2                6944.91A   -7.670    0.0035      Fe 2b               2695.00A   -6.295    0.0832
Fe 2                7523.28A   -7.360    0.0072      Fe 2                6473.88A   -7.705    0.0032      Fe 2b               2758.00A   -5.158    1.1407
Fe 2                4889.62A   -5.336    0.7558      Fe 2                6044.10A   -8.139    0.0012      Fe 2b               2780.00A   -5.122    1.2391
Fe 2                4750.27A   -8.068    0.0014      Fe 2                5835.45A   -7.807    0.0026      Fe 2b               2935.00A   -6.753    0.0290
Fe 2                4716.37A   -6.350    0.0732      Fe 2                5060.09A   -7.888    0.0021      Fe 2b               2960.00A   -7.061    0.0142
Fe 2                4687.56A   -6.554    0.0458      Fe 2                4576.40A   -8.141    0.0012      Fe 2b               3180.00A   -5.795    0.2631
Fe 2                4492.64A   -6.323    0.0779      Fe 2                1.34608m   -8.185    0.0011      Fe 2b               3250.00A   -5.109    1.2763
Fe 2                4457.95A   -5.722    0.3113      Fe 2                1.11648m   -8.000    0.0016      Fe 2b               3590.00A   -5.133    1.2083
Fe 2                4432.45A   -6.516    0.0500      Fe 2                5048.19A   -7.855    0.0023      Fe 2b               3910.00A   -7.179    0.0109
Fe 2                4359.33A   -4.622    3.9182      Fe 2                1.71482m   -7.435    0.0060      Fe 2b               4060.00A   -7.838    0.0024
Fe 2                3224.54A   -7.399    0.0065      Fe 2                9949.21A   -7.767    0.0028      Fe 2b               4255.00A   -3.887   21.2828
Fe 2                3214.67A   -6.816    0.0250      Fe 2                7975.22A   -7.954    0.0018      Fe 2b               4558.00A   -4.617    3.9619
Fe 2                2625.67A   -3.778   27.3424      Fe 2                1.47063m   -8.204    0.0010      Fe 2b               4600.00A   -4.587    4.2421
Fe 2                2611.87A   -4.549    4.6330      Fe 2                1.01273m   -7.881    0.0022      Fe 2b               4743.00A   -5.336    0.7564
Fe 2                2598.37A   -5.782    0.2712      Fe 2                6353.11A   -8.005    0.0016      Fe 2b               4855.00A   -4.757    2.8697
Fe 2                2395.63A   -4.789    2.6689      Fe 2                1.80228m   -8.104    0.0013      Fe 2b               4920.00A   -4.243    9.3803
Fe 2                2388.63A   -5.868    0.2225      Fe 2                1.00387m   -8.034    0.0015      Fe 2b               4975.00A   -4.772    2.7698
Fe 2                2383.06A   -7.682    0.0034      Fe 2                9469.41A   -7.919    0.0020      Fe 2b               4971.00A   -4.815    2.5091
Fe 2                2364.83A   -5.172    1.1034      Fe 2                9384.77A   -7.410    0.0064      Fe 2b               5070.00A   -4.694    3.3162
Fe 2                2332.80A   -6.299    0.0823      Fe 2                2.39329m   -7.459    0.0057      Fe 2b               5143.00A   -4.161   11.3333
Fe 2                2279.91A   -7.777    0.0027      Fe 2                4825.73A   -6.863    0.0225      Fe 2b               5270.00A   -3.876   21.8184
Fe 2                51.2868m   -4.943    1.8709      Fe 2                2.50030m   -7.796    0.0026      Fe 2b               5318.00A   -4.194   10.4849
Fe 2                5.67236m   -6.078    0.1372      Fe 2                4867.73A   -7.904    0.0020      Fe 2b               5540.00A   -5.341    0.7477
Fe 2                4.60641m   -5.887    0.2127      Fe 2                2.59860m   -8.179    0.0011      Fe 2b               5865.00A   -5.940    0.1882
Fe 2                4.08085m   -6.633    0.0382      Fe 2                4903.85A   -7.356    0.0072      Fe 2b               6265.00A   -6.751    0.0291
Fe 2                1.37181m   -5.252    0.9173      Fe 2                1.04657m   -8.213    0.0010      Fe 2b               6565.00A   -6.096    0.1314
Fe 2                1.29427m   -5.828    0.2437      Fe 2                3.58120m   -7.803    0.0026      Fe 2b               6910.00A   -6.036    0.1509
Fe 2                7806.23A   -7.086    0.0135      Fe 2                3.15558m   -7.834    0.0024      Fe 2b               7445.00A   -4.417    6.2765
Fe 2                7686.93A   -5.391    0.6672      Fe 2                5171.63A   -7.165    0.0112      Fe 2b               8625.00A   -4.085   13.4711
Fe 2                7552.40A   -7.869    0.0022      Fe 2                5169.03A   -6.387    0.0673      Fe 2b               1.03250m   -5.143    1.1800
Fe 2                4958.23A   -7.187    0.0107      Fe 2                5018.44A   -8.093    0.0013      Fe 2b               1.88900m   -3.791   26.5367
Fe 2                4750.57A   -7.184    0.0107      Fe 2                6044.54A   -7.609    0.0040      Fe 2b               2.20000m   -5.874    0.2195
Fe 2                4728.07A   -5.985    0.1698      Fe 2                5316.61A   -8.073    0.0014      miscellaneous..................................
Fe 2                4514.90A   -6.347    0.0737      Fe 3                22.9190m   -8.118    0.0012      Blnd                8446.00A   -7.932    0.0019
Fe 2                4488.75A   -6.067    0.1407      Fe 3                4985.87A   -7.983    0.0017      Blnd                1304.00A   -6.329    0.0769
Fe 2                4470.30A   -7.270    0.0088      K  1                7664.90A   -7.877    0.0022      Blnd                2798.00A   -2.909  202.2944
Fe 2                4413.78A   -4.773    2.7662      K  1                7698.96A   -8.175    0.0011      Blnd                6720.00A   -3.551   46.1234
Fe 2                3254.24A   -6.876    0.0218      Mg 1                2025.82A   -7.648    0.0037      Blnd                4074.00A   -4.875    2.1876
Fe 2                3244.18A   -7.171    0.0111      Mg 1                2852.13A   -4.790    2.6611      Blnd                1.03300m   -4.984    1.7014
Fe 2                2631.32A   -4.686    3.3818      Mg 1                3832.30A   -7.862    0.0023      Blnd                1256.00A   -6.929    0.0193
Fe 2                2617.62A   -6.128    0.1221      Mg 1                3838.29A   -7.445    0.0059      Blnd                5892.00A   -6.348    0.0736
Fe 2                2607.09A   -6.061    0.1424      Mg 1                4562.60A   -4.597    4.1521      Blnd                2665.00A   -4.464    5.6383
Fe 2                2404.89A   -5.750    0.2918      Mg 1                4571.10A   -5.035    1.5131      Blnd                2335.00A   -4.272    8.7593
Fe 2                2399.24A   -6.583    0.0428      Mg 1                4575.29A   -5.963    0.1786      Blnd                8579.00A   -3.878   21.7360
Fe 2                2395.42A   -7.530    0.0048      Mg 1                5167.32A   -7.121    0.0124      Blnd                7306.00A   -3.235   95.4534
Fe 2                2380.76A   -4.598    4.1362      Mg 1                5172.68A   -6.647    0.0369      Blnd                3933.00A   -5.733    0.3032
Fe 2                2348.30A   -6.314    0.0796      Mg 1                5183.60A   -6.427    0.0614      Blnd                1657.00A   -5.419    0.6244
Fe 2                2327.40A   -6.895    0.0209      Mg 1                8806.76A   -6.704    0.0324      Blnd                9850.00A   -2.839  237.5933
Fe 2                87.3597m   -5.645    0.3714      Mg 1                1.18282m   -6.864    0.0224      Blnd                2326.00A   -6.267    0.0887
Fe 2                5.06097m   -6.545    0.0467      Mg 1                1.50250m   -7.687    0.0034      Blnd                1335.00A   -7.323    0.0078
Fe 2                4.43363m   -6.463    0.0565      Mg 1                1.50402m   -8.131    0.0012      Blnd                3467.00A   -5.762    0.2837
Fe 2                1.40951m   -7.874    0.0022      Mg 1                1.71087m   -7.374    0.0069      Blnd                5199.00A   -3.517   49.8359
Fe 2                1.32777m   -6.012    0.1597      Mn 2                2576.10A   -5.884    0.2141      Blnd                1.04030m   -5.006    1.6176
Fe 2                1.27877m   -6.069    0.1400      Mn 2                2593.72A   -5.978    0.1726      Blnd                2141.00A   -7.985    0.0017
Fe 2                1.25214m   -7.109    0.0128      Mn 2                2605.68A   -6.118    0.1250      Blnd                6300.00A   -3.238   94.7085
Fe 2                7926.88A   -7.347    0.0074      Mn 2                3438.97A   -7.454    0.0058      Blnd                2471.00A   -7.872    0.0022
Fe 2                7803.89A   -7.087    0.0134      Mn 2                3460.03A   -7.996    0.0017      Blnd                7323.00A   -8.040    0.0015
Fe 2                7665.28A   -6.340    0.0750      N  1                1199.55A   -7.376    0.0069      Blnd                7332.00A   -8.122    0.0012
Fe 2                5006.63A   -6.487    0.0534      N  1                1200.22A   -7.549    0.0046      Blnd                3727.00A   -5.961    0.1795
Fe 2                4772.06A   -7.300    0.0082      N  1                1200.71A   -7.851    0.0023      Blnd                7325.00A   -7.778    0.0027
Fe 2                4639.67A   -6.984    0.0170      N  1                3466.50A   -5.846    0.2340
Fe 2                4528.39A   -6.595    0.0417      N  1                3466.54A   -6.519    0.0497



 IC443 grid point v shock=77 km/s  
 Cooling:  H  1c                     0 :0.139 Fe 2c                     0 :0.073 O  1c                     0 :0.403 Si 2c                     0 :0.234  
 Heating:  TotM                      0 :0.164 CT H                      0 :0.205 H- H                      0 :0.628  

 These are some of the most important databases used by Cloudy:
 Many recombination coefficients were taken from http://amdpp.phys.strath.ac.uk/tamoc/RR/ and http://amdpp.phys.strath.ac.uk/tamoc/DR/
      and are based on the following papers:
        Badnell N. R., et al., A&A 406, 1151 (2003) [http://adsabs.harvard.edu/abs/2003A%26A...406.1151B]
        Badnell N. R., ApJS 167, 334 (2006) [http://adsabs.harvard.edu/abs/2006ApJS..167..334B]
 Much of the molecular emission data is from LAMDA as accessed on June 30, 2015. This database is described in:
        Schoeier F.L., et al., A&A 432, 369 (2005) [http://adsabs.harvard.edu/abs/2005A%26A...432..369S]
      This database is in part based on the work of the following groups:
        JPL: Pickett H. M. et al., JQSRT, 60, 883 (1998). [http://adsabs.harvard.edu/abs/1998JQSRT..60..883P]
        CDMS: Mueller H. S. et al., A&A 370, L49 (2001). [http://adsabs.harvard.edu/abs/2001A%26A...370L..49M]
              Mueller H. S. et al., J. Mol. Struct. 742, 215 (2005). [http://adsabs.harvard.edu/abs/2005JMoSt.742..215M]
 Some of the ionic emission data is from version 10.0.1 of CHIANTI. CHIANTI is a collaborative project involving the NRL (USA), the
      Universities of Florence (Italy) and Cambridge (UK), and George Mason University (USA). These papers describe Chianti:
        Dere K. P., et al., A&AS, 125, 149 (1997) [http://adsabs.harvard.edu/abs/1997A%26AS..125..149D]
        Landi E., et al., ApJ, 744, 99 (2012) [http://adsabs.harvard.edu/abs/2012ApJ...744...99L]
 Much of the H_2 data is from this web site: http://molat.obspm.fr/index.php?page=pages/Molecules/H2/H2can94.php. These data are
      described in:
        Abgrall H. et al., Can. J. Phys., 72, 856 (1994) [http://adsabs.harvard.edu/abs/1994CaJPh..72..856A]
        Wrathmall S. A. & Flower D. R., J. Phys. B, 40, 3221 (2007) [http://adsabs.harvard.edu/abs/2007JPhB...40.3221W]
 The Case A and Case B recombination predictions for one-electron systems are from
	Storey, P.J. & Hummer, D.G., 1995, MNRAS 272, 41 http://adsabs.harvard.edu/abs/1995MNRAS.272...41S
 The He I recombination predictions are from
	Porter, R. L.; Ferland, G. J.; Storey, P. J.; Detisch, M. J., 2012, MNRAS, 425, 28p http://adsabs.harvard.edu/abs/2012MNRAS.425L..28P
		http://adsabs.harvard.edu/abs/2013MNRAS.433L..89P

 If you find some process or data set to be particularly critical to a result, please follow the trail of references back to the
 original source and cite that.  This will support and encourage atomic, molecular, and chemical physicists to continue their
 valuable work.

 IONIZE PARMET:  U(1-)-37.0000  U(4-):-37.0000  U(sp):-37.00  Q(ion):   -2.722  L(ion)-13.238    Q(low): 11.536    L(low) -1.800
 ENERGY BUDGET:  Heat:  -5.700  Coolg:  -1.452  Error:1769335.2%  Rec Lin:  -2.746  F-F  H  0.000    P(rad/tot)max     3.78E-04    R(F Con):1.737e+05

     Col(Heff):      1.237E+21  snd travl time  2.29E+12 sec  Te-low: 1.00E+04  Te-hi: 1.00E+04  G0TH85: 0.00E+00  G0DB96:0.00E+00
  Emiss Measure    n(e)n(p) dl       6.612E+17  n(e)n(He+)dl         5.741E+09  En(e)n(He++) dl         0.000E+00  ne nC+:6.57E+14
 He/Ha:2.69E-08  =   0.00*true  Lthin:3.94E+06  itr/zn: 1.62  H2 itr/zn:  0.00  File Opacity: F  MassTot 3.50e-03  (gm/cm^2)
   Temps(21 cm)   T(21cm/Ly a)  5.11E+03        T(<nH/Tkin>)  1.00E+04          T(<nH/Tspin>)    5.47E+03          TB21cm:3.58E+01
                   N(H0/Tspin)  2.70E+17        N(OH/Tkin)    1.37E+08          B(21cm)          0.00E+00
   <a>:1.32E-11  erdeFe0.0E+00  Tcompt0.00E+00  Tthr1.02E+11  <Tden>: 1.00E+04  <dens>:1.91E-21  <MolWgt>1.29E+00
     Mean Jeans  l(cm)1.26E+20  M(sun)1.00E+06  smallest:     len(cm):1.26E+20  M(sun):1.00E+06  a_ox tran:  0.00
 Rion:1.000E+30  Dist:0.00E+00  Diam:0.000E+00
 Hatom level 70  HatomType: add  HInducImp  F  He tot level: 63  He2 level:   70  ExecTime    46.9
 ConvrgError(%)  <eden>  0.180  MaxEden  0.930  <H-C> 100.00  Max(H-C)  100.00  <Press>   0.000  MaxPrs er  0.000
  Continuity(%)  chng Te   0.0  elec den   3.3  n(H2)    0.0  n(CO)        5.2

                                                        Averaged Quantities
             Te      Te(Ne)   Te(NeNp)  Te(NeHe+)Te(NeHe2+) Te(NeO+)  Te(NeO2+)  Te(H2)     N(H)     Ne(O2+)   Ne(Np)
 Radius:  1.00e+04  1.00e+04  1.00e+04  1.00e+04  0.00e+00  1.00e+04  1.00e+04  1.00e+04  8.06e+02  6.52e-01  6.49e-01
 
 Peimbert T(OIIIr)0.00E+00 T(Bac)0.00E+00 T(Hth)7.21E+03 t2(Hstrc) 3.31e-32 T(O3-BAC)5.72E+03 t2(O3-BC)-1.54e-01 t2(O3str) 3.31e-32

 Contin Optical Depths: COMP: 7.86e-07    H-: 5.35e-04 R(1300): 9.92e-03  H2+: 2.11e-06  Bra:7.87E-07
                          Pa: 7.94e-07    Ba: 4.88e-04      Hb: 3.79e-04   La: 2.44e+01     1r:9.387E+03  1.8:2.93E+03 4.:4.426E+02

 Old, new H  1 continuum optical depths:
     1 9.39e+03     2 2.71e-04     3 5.33e-04     4 5.33e-04     5 5.33e-04     6 1.38e-04     7 1.38e-04     8 1.38e-04
     9 1.38e-04    10 3.18e-17    11 3.18e-17    12 3.18e-17    13 3.18e-17    14 3.18e-17    15 4.59e-17    16 4.59e-17
    17 4.59e-17    18 4.59e-17    19 4.59e-17    20 4.59e-17    21 7.99e-17    22 7.99e-17    23 7.99e-17    24 7.99e-17
    25 7.99e-17    26 7.99e-17    27 7.99e-17    28 1.29e-16    29 1.29e-16    30 1.29e-16    31 1.29e-16    32 1.29e-16
    33 1.29e-16    34 1.29e-16    35 1.29e-16    36 1.98e-16    37 1.98e-16    38 1.98e-16    39 1.98e-16    40 1.98e-16
    41 1.98e-16    42 1.98e-16    43 1.98e-16    44 1.98e-16    45 2.89e-16    46 2.89e-16    47 2.89e-16    48 2.89e-16
    49 2.89e-16    50 2.89e-16    51 2.89e-16    52 2.89e-16    53 2.89e-16    54 2.89e-16
     1 9.39e+03     2 2.74e-04     3 5.38e-04     4 5.38e-04     5 5.38e-04     6 1.39e-04     7 1.39e-04     8 1.39e-04
     9 1.39e-04    10 3.16e-17    11 3.16e-17    12 3.16e-17    13 3.16e-17    14 3.16e-17    15 4.56e-17    16 4.56e-17
    17 4.56e-17    18 4.56e-17    19 4.56e-17    20 4.56e-17    21 7.93e-17    22 7.93e-17    23 7.93e-17    24 7.93e-17
    25 7.93e-17    26 7.93e-17    27 7.93e-17    28 1.28e-16    29 1.28e-16    30 1.28e-16    31 1.28e-16    32 1.28e-16
    33 1.28e-16    34 1.28e-16    35 1.28e-16    36 1.96e-16    37 1.96e-16    38 1.96e-16    39 1.96e-16    40 1.96e-16
    41 1.96e-16    42 1.96e-16    43 1.96e-16    44 1.96e-16    45 2.87e-16    46 2.87e-16    47 2.87e-16    48 2.87e-16
    49 2.87e-16    50 2.87e-16    51 2.87e-16    52 2.87e-16    53 2.87e-16    54 2.87e-16

 Old, new H  1 mean line optical depths:
  2- 1 1.55e+08  3- 2 1.72e-05  4- 3 1.53e-12  5- 4 8.12e-13  6- 5 1.94e-12  7- 6-5.60e-14  8- 7 6.56e-14
  9- 8 6.08e-13 10- 9 2.08e-12 11-10 8.98e-12 12-11 3.59e-14 13-12-1.28e-13 14-13-4.76e-13 15-14-1.14e-12 16-15-2.34e-12
 17-16-4.40e-12 18-17-7.82e-12 19-18-1.34e-11 20-19-2.22e-11 21-20-3.63e-11 22-21-5.99e-11 23-22-1.05e-10 24-23-2.35e-10
 25-24-6.41e-09
  2- 1 1.55e+08  3- 2 1.50e-05  4- 3 1.52e-12  5- 4 8.08e-13  6- 5 1.93e-12  7- 6-5.58e-14  8- 7 6.51e-14
  9- 8 6.05e-13 10- 9 2.06e-12 11-10 8.94e-12 12-11 3.50e-14 13-12-1.30e-13 14-13-4.78e-13 15-14-1.15e-12 16-15-2.35e-12
 17-16-4.41e-12 18-17-7.84e-12 19-18-1.34e-11 20-19-2.22e-11 21-20-3.63e-11 22-21-5.98e-11 23-22-1.05e-10 24-23-2.32e-10
 25-24-6.29e-09

 Old, new He 2 continuum optical depths:
     1 4.43e+02     2 9.34e+03     3 2.20e-04     4 2.20e-04     5 2.20e-04     6 2.71e-04     7 2.71e-04     8 2.71e-04
     9 2.71e-04    10 4.32e-04    11 4.32e-04    12 4.32e-04    13 4.32e-04    14 4.32e-04    15 5.33e-04    16 5.33e-04
    17 5.33e-04    18 5.33e-04    19 5.33e-04    20 5.33e-04    21 4.50e-04    22 4.50e-04    23 4.50e-04    24 4.50e-04
    25 4.50e-04    26 4.50e-04    27 4.50e-04    28 1.38e-04    29 1.38e-04    30 1.38e-04    31 1.38e-04    32 1.38e-04
    33 1.38e-04    34 1.38e-04    35 1.38e-04    36 2.06e-17    37 2.06e-17    38 2.06e-17    39 2.06e-17    40 2.06e-17
    41 2.06e-17    42 2.06e-17    43 2.06e-17    44 2.06e-17    45 3.18e-17    46 3.18e-17    47 3.18e-17    48 3.18e-17
    49 3.18e-17    50 3.18e-17    51 3.18e-17    52 3.18e-17    53 3.18e-17    54 3.18e-17
     1 4.43e+02     2 9.34e+03     3 2.21e-04     4 2.21e-04     5 2.21e-04     6 2.74e-04     7 2.74e-04     8 2.74e-04
     9 2.74e-04    10 4.35e-04    11 4.35e-04    12 4.35e-04    13 4.35e-04    14 4.35e-04    15 5.38e-04    16 5.38e-04
    17 5.38e-04    18 5.38e-04    19 5.38e-04    20 5.38e-04    21 4.54e-04    22 4.54e-04    23 4.54e-04    24 4.54e-04
    25 4.54e-04    26 4.54e-04    27 4.54e-04    28 1.39e-04    29 1.39e-04    30 1.39e-04    31 1.39e-04    32 1.39e-04
    33 1.39e-04    34 1.39e-04    35 1.39e-04    36 2.05e-17    37 2.05e-17    38 2.05e-17    39 2.05e-17    40 2.05e-17
    41 2.05e-17    42 2.05e-17    43 2.05e-17    44 2.05e-17    45 3.16e-17    46 3.16e-17    47 3.16e-17    48 3.16e-17
    49 3.16e-17    50 3.16e-17    51 3.16e-17    52 3.16e-17    53 3.16e-17    54 3.16e-17

 Old, new He 2 mean line optical depths:
  2- 1 0.00e+00  3- 2 0.00e+00  4- 3 0.00e+00  5- 4 0.00e+00  6- 5 0.00e+00  7- 6 0.00e+00  8- 7 0.00e+00
  9- 8 0.00e+00 10- 9 0.00e+00 11-10 0.00e+00 12-11 0.00e+00 13-12 0.00e+00 14-13 0.00e+00 15-14 0.00e+00 16-15 0.00e+00
 17-16 0.00e+00 18-17 0.00e+00 19-18 0.00e+00 20-19 0.00e+00 21-20 0.00e+00 22-21 0.00e+00 23-22 0.00e+00 24-23 0.00e+00
 25-24 0.00e+00
  2- 1 0.00e+00  3- 2 0.00e+00  4- 3 0.00e+00  5- 4 0.00e+00  6- 5 0.00e+00  7- 6 0.00e+00  8- 7 0.00e+00
  9- 8 0.00e+00 10- 9 0.00e+00 11-10 0.00e+00 12-11 0.00e+00 13-12 0.00e+00 14-13 0.00e+00 15-14 0.00e+00 16-15 0.00e+00
 17-16 0.00e+00 18-17 0.00e+00 19-18 0.00e+00 20-19 0.00e+00 21-20 0.00e+00 22-21 0.00e+00 23-22 0.00e+00 24-23 0.00e+00
 25-24 0.00e+00

 Old He Is optical depths:    1 2.93e+03    2 1.77e-04    3 2.25e-04    4 2.52e-04    5 2.52e-04
 New He Is optical depths:    1 2.93e+03    2 1.79e-04    3 2.27e-04    4 2.54e-04    5 2.54e-04
          Old He Is Lines:  584 9.82e+06 3889 5.72e-08 5016 9.75e-14 5876 4.58e-19
          New He Is Lines:  584 9.82e+06 3889 5.69e-08 5016 9.70e-14 5876 4.56e-19

==== H      compounds ====           Log10 column densities [cm^-2]
   H2        : 15.662   H2*       : 13.288   H2+       : 11.478   H3+       :  7.534
==== He     compounds ====
   HeH+      : 10.660
==== Li     compounds ====
   LiH       :  3.329   LiH+      :  1.136
==== C      compounds ====
   CH        : 12.157   CH+       :  9.945   CH2       :  7.484   CH2+      :  5.968   CH3       :  1.242   CH3+      :  1.061
   CH4       : -3.902   CH4+      : -5.660   CH5+      :-10.369   C2        : 11.132   C2+       :  9.843   C2H       :  6.271
   C2H+      :  5.760   C2H2      :  0.240   C2H2+     :  1.474   C2H3+     : -8.033   C3        :  0.744   C3+       :  3.617
   C3H       : -1.368   C3H+      : -0.024
==== N      compounds ====
   NH        : 13.823   NH+       : 13.140   NH2       :  9.445   NH2+      :  9.169   NH3       :  4.845   NH3+      :  4.517
   NH4+      : -2.041   CN        : 13.112   CN+       :  7.538   HCN       :  7.461   HCN+      :  6.416   HNC       :  5.638
   HCNH+     :  2.198   HC3N      : -3.758   N2        : 14.014   N2+       : 10.080   N2H+      :  2.572
==== O      compounds ====
   OH        : 12.138   OH+       : 12.275   H2O       :  6.476   H2O+      :  8.078   H3O+      :  3.612   CO        : 14.361
   CO+       :  7.297   HCO+      :  8.030   H2CO      :  3.117   NO        : 12.305   NO+       : 10.654   HNO       :  5.871
   HNO+      :  6.142   OCN       :  4.000   OCN+      :  7.593   N2O       :  6.910   O2        :  7.746   O2+       : 10.694
   NO2       :  5.034   NO2+      :  4.255
==== F      compounds ====
   HF        : 12.179   HF+       :  4.309   H2F+      :  0.237   CF+       :  8.702
==== Ne     compounds ====
   NeH+      :  8.960
==== Si     compounds ====
   SiH       :  4.961   SiH2+     :  3.839   SiN       :  2.658   SiN+      : 10.919   SiO       :  7.421   SiO+      :  9.409
   SiOH+     :  4.802
==== S      compounds ====
   HS        : 11.250   HS+       :  9.952   CS        :  9.549   CS+       :  8.742   HCS+      :  5.462   NS        : 10.461
   NS+       : 10.182   SO        :  9.927   SO+       :  9.114   OCS       :  3.006   OCS+      :  1.727   SO2       :-35.930
   SiS       : 10.832   S2        :  4.357   S2+       :  3.228
==== Cl     compounds ====
   HCl       :  7.201   HCl+      : 10.324   H2Cl+     :  6.359   CCl       :-13.448   CCl+      :  1.700   H2CCl+    :-16.182
   ClO       :-13.771   ClO+      :-18.376
==== Ar     compounds ====
   ArH+      :  9.113


               1      2      3      4      5      6      7      8      9     10     11     12     13     14     15     16     17

 Hydrogen   21.170 18.008 15.664 (H2)                Log10 Column density (cm^-2)
 Helium     20.170  9.946-30.000
 Lithium     9.864 12.479-30.000-30.000
 Beryllium   9.814 10.510  4.138-30.000-30.000
 Boron       9.468 11.959 -1.178-30.000-30.000-30.000
 Carbon     17.558 15.006  3.605-30.000-30.000-30.000-30.000
 Nitrogen   17.099 14.035 -0.359-30.000-30.000-30.000-30.000-30.000
 Oxygen     17.860 14.604 -5.239-30.000-30.000-30.000-30.000-30.000-30.000
 Fluorine   13.635  8.679 -6.726-30.000-30.000-30.000-30.000-30.000-30.000-30.000
 Neon       17.170 10.601-30.000-30.000-30.000-30.000-30.000-30.000-30.000-30.000-30.000
 Sodium     12.833 15.499 -5.684-30.000-30.000-30.000-30.000-30.000-30.000-30.000-30.000-30.000
 Magnesium  15.313 16.693 12.749-30.000-30.000-30.000-30.000-30.000-30.000-30.000-30.000-30.000-30.000
 Aluminium  12.277 15.640  8.961-30.000-30.000-30.000-30.000-30.000-30.000-30.000-30.000-30.000-30.000-30.000
 Silicon    13.975 16.710 11.755-30.000-30.000-30.000-30.000-30.000-30.000-30.000-30.000-30.000-30.000-30.000-30.000
 Phosphorus 11.818 14.675  5.713-30.000-30.000-30.000-30.000-30.000-30.000-30.000-30.000-30.000-30.000-30.000-30.000-30.000
 Sulphur    16.303 15.852  7.245-30.000-30.000-30.000-30.000-30.000-30.000-30.000-30.000-30.000-30.000-30.000-30.000-30.000-30.000
 Chlorine   12.274 14.448  5.674-30.000-30.000-30.000-30.000-30.000-30.000-30.000-30.000-30.000-30.000-30.000-30.000-30.000-30.000
-30.000
 Argon      15.570 11.458  1.164-30.000-30.000-30.000-30.000-30.000-30.000-30.000-30.000-30.000-30.000-30.000-30.000-30.000-30.000
-30.000-30.000
 Potassium  10.977 14.290  1.467-30.000-30.000-30.000-30.000-30.000-30.000-30.000-30.000-30.000-30.000-30.000-30.000-30.000-30.000
-30.000-30.000-30.000
 Calcium    12.879 15.525 13.474-30.000-30.000-30.000-30.000-30.000-30.000-30.000-30.000-30.000-30.000-30.000-30.000-30.000-30.000
-30.000-30.000-30.000-30.000
 Scandium    9.564 12.337 10.135-30.000-30.000-30.000-30.000-30.000-30.000-30.000-30.000-30.000-30.000-30.000-30.000-30.000-30.000
-30.000-30.000-30.000-30.000-30.000
 Titanium   10.727 14.191 10.896-30.000-30.000-30.000-30.000-30.000-30.000-30.000-30.000-30.000-30.000-30.000-30.000-30.000-30.000
-30.000-30.000-30.000-30.000-30.000-30.000
 Vanadium   11.198 13.165  8.858-30.000-30.000-30.000-30.000-30.000-30.000-30.000-30.000-30.000-30.000-30.000-30.000-30.000-30.000
-30.000-30.000-30.000-30.000-30.000-30.000-30.000
 Chromium   12.251 14.839 11.144-30.000-30.000-30.000-30.000-30.000-30.000-30.000-30.000-30.000-30.000-30.000-30.000-30.000-30.000
-30.000-30.000-30.000-30.000-30.000-30.000-30.000-30.000
 Manganese  11.186 14.629 10.673-30.000-30.000-30.000-30.000-30.000-30.000-30.000-30.000-30.000-30.000-30.000-30.000-30.000-30.000
-30.000-30.000-30.000-30.000-30.000-30.000-30.000-30.000-30.000
 Iron       13.103 16.620 12.375-30.000-30.000-30.000-30.000-30.000-30.000-30.000-30.000-30.000-30.000-30.000-30.000-30.000-30.000
-30.000-30.000-30.000-30.000-30.000-30.000-30.000-30.000-30.000-30.000
 Cobalt     12.325 14.083  7.784-30.000-30.000-30.000-30.000-30.000-30.000-30.000-30.000-30.000-30.000-30.000-30.000-30.000-30.000
-30.000-30.000-30.000-30.000-30.000-30.000-30.000-30.000-30.000-30.000-30.000
 Nickel     12.059 15.420  3.639-30.000-30.000-30.000-30.000-30.000-30.000-30.000-30.000-30.000-30.000-30.000-30.000-30.000-30.000
-30.000-30.000-30.000-30.000-30.000-30.000-30.000-30.000-30.000-30.000-30.000-30.000
 Copper     11.958 13.363  2.845-30.000-30.000-30.000-30.000-30.000-30.000-30.000-30.000-30.000-30.000-30.000-30.000-30.000-30.000
-30.000-30.000-30.000-30.000-30.000-30.000-30.000-30.000-30.000-30.000-30.000-30.000-30.000
 Zinc       12.549 13.743  7.208-30.000-30.000-30.000-30.000-30.000-30.000-30.000-30.000-30.000-30.000-30.000-30.000-30.000-30.000
-30.000-30.000-30.000-30.000-30.000-30.000-30.000-30.000-30.000-30.000-30.000-30.000-30.000-30.000
 Exc state                  He[2]  5.738                 C+[2] 14.575                  C[1] 16.648                  C[2] 17.182
                             C[3] 17.216                  O[1] 17.853                  O[2] 15.816                  O[3] 15.676
                           Si+[1] 16.703                C+2[2] -0.929                C+2[3] -9.420                C+2[4] -4.940


 Hydrogen   -0.000 -3.162 -5.205 (H2)                 Log10 Mean Ionisation (over radius)
 Helium      0.000-10.224
 Lithium    -2.615 -0.001
 Beryllium  -0.776 -0.080 -6.452
 Boron      -2.493 -0.001-13.138
 Carbon     -0.002 -2.553-13.954
 Nitrogen   -0.001 -3.065-17.459
 Oxygen     -0.000 -3.256-23.099
 Fluorine   -0.015 -4.971-20.376
 Neon       -0.000 -6.569
 Sodium     -2.668 -0.001-21.185
 Magnesium  -1.398 -0.018 -3.961
 Aluminium  -3.362 -0.000 -6.678
 Silicon    -2.736 -0.001 -4.955
 Phosphorus -2.858 -0.001 -8.963
 Sulphur    -0.132 -0.583 -9.190
 Chlorine   -2.177 -0.003 -8.777
 Argon      -0.000 -4.112-14.406
 Potassium  -3.313 -0.000-12.824
 Calcium    -2.651 -0.005 -2.056
 Scandium   -2.776 -0.003 -2.205
 Titanium   -3.464 -0.000 -3.295
 Vanadium   -1.972 -0.005 -4.312
 Chromium   -2.589 -0.001 -3.697
 Manganese  -3.444 -0.000 -3.956
 Iron       -3.517 -0.000 -4.245
 Cobalt     -1.765 -0.008 -6.306
 Nickel     -3.362 -0.000-11.782
 Copper     -1.421 -0.017-10.534
 Zinc       -1.221 -0.027 -6.562

               1      2      3      4      5      6      7      8      9     10     11     12     13     14     15     16     17

 Hydrogen   -0.000 -3.159 -5.205 (H2)         Log10 Mean Ionisation (over radius*electron density)
 Helium     -0.000-10.220
 Lithium    -2.638 -0.001
 Beryllium  -0.803 -0.074 -6.445
 Boron      -2.556 -0.001-13.136
 Carbon     -0.001 -2.550-13.949
 Nitrogen   -0.001 -3.061-17.452
 Oxygen     -0.000 -3.252-23.093
 Fluorine   -0.014 -4.968-20.372
 Neon       -0.000 -6.569
 Sodium     -2.668 -0.001-21.183
 Magnesium  -1.404 -0.018 -3.958
 Aluminium  -3.376 -0.000 -6.677
 Silicon    -2.799 -0.001 -4.952
 Phosphorus -2.858 -0.001 -8.960
 Sulphur    -0.133 -0.579 -9.184
 Chlorine   -2.179 -0.003 -8.775
 Argon      -0.000 -4.110-14.401
 Potassium  -3.315 -0.000-12.822
 Calcium    -2.675 -0.005 -2.056
 Scandium   -2.795 -0.003 -2.205
 Titanium   -3.466 -0.000 -3.296
 Vanadium   -1.976 -0.005 -4.311
 Chromium   -2.622 -0.001 -3.693
 Manganese  -3.445 -0.000 -3.953
 Iron       -3.519 -0.000 -4.242
 Cobalt     -1.795 -0.007 -6.302
 Nickel     -3.363 -0.000-11.779
 Copper     -1.450 -0.016-10.531
 Zinc       -1.256 -0.025 -6.558

               1      2      3      4      5      6      7      8      9     10     11     12     13     14     15     16     17

 Hydrogen    4.000  4.000  4.000 (H2)                  Log10 Mean Temperature (over radius)
 Helium      4.000  4.000
 Lithium     4.000  4.000
 Beryllium   4.000  4.000  4.000
 Boron       4.000  4.000  4.000
 Carbon      4.000  4.000  4.000
 Nitrogen    4.000  4.000  4.000
 Oxygen      4.000  4.000  4.000
 Fluorine    4.000  4.000  4.000
 Neon        4.000  4.000
 Sodium      4.000  4.000  4.000
 Magnesium   4.000  4.000  4.000
 Aluminium   4.000  4.000  4.000
 Silicon     4.000  4.000  4.000
 Phosphorus  4.000  4.000  4.000
 Sulphur     4.000  4.000  4.000
 Chlorine    4.000  4.000  4.000
 Argon       4.000  4.000  4.000
 Potassium   4.000  4.000  4.000
 Calcium     4.000  4.000  4.000
 Scandium    4.000  4.000  4.000
 Titanium    4.000  4.000  4.000
 Vanadium    4.000  4.000  4.000
 Chromium    4.000  4.000  4.000
 Manganese   4.000  4.000  4.000
 Iron        4.000  4.000  4.000
 Cobalt      4.000  4.000  4.000
 Nickel      4.000  4.000  4.000
 Copper      4.000  4.000  4.000
 Zinc        4.000  4.000  4.000

               1      2      3      4      5      6      7      8      9     10     11     12     13     14     15     16     17

 Hydrogen    4.000  4.000  4.000 (H2)          Log10 Mean Temperature (over radius*electron density)
 Helium      4.000  4.000
 Lithium     4.000  4.000
 Beryllium   4.000  4.000  4.000
 Boron       4.000  4.000  4.000
 Carbon      4.000  4.000  4.000
 Nitrogen    4.000  4.000  4.000
 Oxygen      4.000  4.000  4.000
 Fluorine    4.000  4.000  4.000
 Neon        4.000  4.000
 Sodium      4.000  4.000  4.000
 Magnesium   4.000  4.000  4.000
 Aluminium   4.000  4.000  4.000
 Silicon     4.000  4.000  4.000
 Phosphorus  4.000  4.000  4.000
 Sulphur     4.000  4.000  4.000
 Chlorine    4.000  4.000  4.000
 Argon       4.000  4.000  4.000
 Potassium   4.000  4.000  4.000
 Calcium     4.000  4.000  4.000
 Scandium    4.000  4.000  4.000
 Titanium    4.000  4.000  4.000
 Vanadium    4.000  4.000  4.000
 Chromium    4.000  4.000  4.000
 Manganese   4.000  4.000  4.000
 Iron        4.000  4.000  4.000
 Cobalt      4.000  4.000  4.000
 Nickel      4.000  4.000  4.000
 Copper      4.000  4.000  4.000
 Zinc        4.000  4.000  4.000

               1      2      3      4      5      6      7      8      9     10     11     12     13     14     15     16     17
IC443 grid point v shock=77 km/s  

---------------Convergence statistics---------------
      2.26 mean iterations/state convergence
         3 mean cx acceleration loops/iteration
      1.08 mean iso convergence loops/ion solve
      1.02 mean steps/chemistry solve
         1 mean step length searches/chemistry step
----------------------------------------------------

 Cloudy ends: 266 zones, 2 iterations. (single thread) ExecTime(s) 46.91
 [Stop in cdMain at maincl.cpp:593, Cloudy exited OK]
