                                                          Cloudy 23.01
                                                         www.nublado.org

                                                  PRNG seed: 0x27e4f7cf156ddb8f

                       **************************************23Jul25**************************************
                       *                                                                                 *
                       * title IC443 NE diffuse shock -- v shock=100 km/s, T obs=12000K (upper end test) *
                       * hden 3.0545                                                                     *
                       * constant temperature, t=12000 K linear                                          *
                       * stop column density 21.32                                                       *
                       * iterate                                                                         *
                       * save results last "v100_T12000.rlt"                                             *
                       *                                                                                 *
                       ***********************************************************************************



 NOTE Setcon: continuum has zero intensity starting at  3.0447e-09 Ryd.
  9244 cells in the incident continuum have zero intensity.  Problems???

 NOTE There is no hydrogen-ionizing radiation.
 Was this intended?

 NOTE There is no Balmer continuum radiation.<<<<
 Was this intended?

           9244CellPeak3.04E-09   Lo 3.04e-09=  29.98m   Hi-Con:7.13E+06 Ryd   E(hi):7.35E+06Ryd     E(hi):     100.00 MeV
           I(nu>1ryd):   0.0000   Average nu:0.000E+00   I( X-ray):   0.0000   I(BalC): -30.0000     Phi(BalmrC): -30.0000
           phi(1.0-1.8): 0.0000   phi(1.8-4.0):  0.000   phi(4.0-20):  0.000   phi(20--):  0.000     Ion pht flx:0.000E+00
           I(gam ray):   0.0000   phi(gam r):   0.0000   I(Infred):   0.0000   Alf(ox):   0.0000     Total inten: -35.9298
           U(1.0----):0.000E+00   U(4.0----):0.000E+00   T(En-Den):0.000E+00   T(Comp):0.000E+00     nuJnu(912A):0.000E+00
           Occ(FarIR):0.000E+00   Occ(H n=6):0.000E+00   Occ(1Ryd):0.000E+00   Occ(4R):0.000E+00     Occ (Nu-hi):0.000E+00
           Tbr(FarIR):0.000E+00   Tbr(H n=6):0.000E+00   Tbr(1Ryd):0.000E+00   Tbr(4R):0.000E+00     Tbr (Nu-hi):0.000E+00
  
                                                  Gas Phase Chemical Composition
        H :  0.0000  He: -1.0000  Li: -8.6904  Be:-10.5800  B : -9.2097  C : -3.6108  N : -4.0701  O : -3.3098  F : -7.5200
        Ne: -4.0000  Na: -5.6696  Mg: -4.4597  Al: -5.5302  Si: -4.4597  P : -6.4949  S : -4.7352  Cl: -6.7190  Ar: -5.6003
        K : -6.8794  Ca: -5.6402  Sc: -8.8297  Ti: -6.9788  V : -8.0000  Cr: -6.3298  Mn: -6.5406  Fe: -4.5498  Co: -7.0799
                                               Ni: -5.7496  Cu: -7.7905  Zn: -7.4001
 
 ####  1  Te:1.200E+04 Hden:1.134E+03 Ne:2.342E+01 R:1.000E+30 R-R0:1.064E+11 dR:2.128E+11 NTR:  1 Htot:3.230E-23 T912: 1.50e-03###
 Hydrogen      9.80e-01 2.05e-02 H+o/Hden 1.00e+00 6.50e-08 H-    H2 1.58e-07 2.09e-09 H2+ HeH+ 3.01e-10 Ho+ ColD 2.36e+14 4.94e+12
 Helium        1.00e+00 7.49e-08 0.00e+00 HeI 2s3S 4.79e-12 Comp H,C 0.00e+00 0.00e+00 Fill Fac 1.00e+00 Gam1/tot 1.72e-08
 He singlet n  1.00e+00 2.95e-18 2.28e-26 2.03e-25 3.43e-27 2.77e-26 He tripl 4.79e-12 5.47e-24 3.34e-25 3.74e-25 2.11e-26
 Pressure      NgasTgas 1.53e+07 P(total) 2.11e-09 P( gas ) 2.11e-09 P(Radtn) 0.00e+00 Rad accl 0.00e+00 ForceMul 0.00e+00
 Texc(La)      2.63e+03 T(I con) 0.00e+00 T(D con) 1.30e-01 T(U tot) 1.30e-01 nT (c+d) 3.15e+04 Prad/Gas 0.00e+00 Pmag/Gas 0.00e+00
 Molecules     CH/Ctot: 3.64e-07 CH+/Ctot 7.74e-09 CO/Ctot: 1.16e-04 CO+/Ctot 2.42e-10 H2O/Otot 2.44e-14 OH/Ototl 4.91e-07
 Lithium       1.83e-03 9.98e-01 0.00e+00 0.00e+00 Berylliu 8.43e-01 1.57e-01 1.52e-05 0.00e+00 0.00e+00 sec ion: 0.00e+00
 Boron         1.64e-01 8.36e-01 1.84e-10 0.00e+00 0.00e+00 0.00e+00
 Carbon        8.54e-01 1.46e-01 1.50e-09 0.00e+00 0.00e+00 0.00e+00 0.00e+00 H2O+/O   3.50e-14 OH+/Otot 2.34e-07 Hex(tot) 0.00e+00
 Nitrogen      9.71e-01 2.94e-02 2.79e-13 0.00e+00 0.00e+00 0.00e+00 0.00e+00 0.00e+00 O2/Ototl 9.31e-12 O2+/Otot 2.69e-10
 Oxygen        9.83e-01 1.67e-02 4.46e-18 0.00e+00 0.00e+00 0.00e+00 0.00e+00 0.00e+00 0.00e+00
 Fluorine      9.98e-01 1.73e-03 2.19e-15 0.00e+00 0.00e+00 0.00e+00 0.00e+00 0.00e+00 0.00e+00 0.00e+00
 Neon          1.00e+00 3.43e-05 1.10e-19 0.00e+00 0.00e+00 0.00e+00 0.00e+00 0.00e+00 0.00e+00 0.00e+00 0.00e+00
 Sodium        3.72e-04 1.00e+00 4.47e-17 0.00e+00 0.00e+00 0.00e+00 0.00e+00 0.00e+00 0.00e+00 0.00e+00 0.00e+00 0.00e+00
 Magnesium     5.47e-02 9.41e-01 4.57e-03 0.00e+00 0.00e+00 0.00e+00 0.00e+00 0.00e+00 0.00e+00 0.00e+00 0.00e+00 0.00e+00 0.00e+00
 Aluminium  0  1.17e-03 9.99e-01 1.40e-05 0.00e+00 0.00e+00 0.00e+00 0.00e+00 0.00e+00 0.00e+00 0.00e+00 0.00e+00 0.00e+00 0.00e+00
 Silicon    0  4.38e-02 9.56e-01 5.34e-04 0.00e+00 0.00e+00 0.00e+00 0.00e+00 0.00e+00 0.00e+00 0.00e+00 0.00e+00 0.00e+00 0.00e+00
 Phosphorus 0  7.70e-04 9.99e-01 6.71e-07 0.00e+00 0.00e+00 0.00e+00 0.00e+00 0.00e+00 0.00e+00 0.00e+00 0.00e+00 0.00e+00 0.00e+00
 Sulphur    0  2.65e-01 7.35e-01 6.77e-07 0.00e+00 0.00e+00 0.00e+00 0.00e+00 0.00e+00 0.00e+00 0.00e+00 0.00e+00 0.00e+00 0.00e+00
 Chlorine   0  1.39e-03 9.99e-01 4.95e-07 0.00e+00 0.00e+00 0.00e+00 0.00e+00 0.00e+00 0.00e+00 0.00e+00 0.00e+00 0.00e+00 0.00e+00
 Argon      0  9.90e-01 9.88e-03 6.23e-10 0.00e+00 0.00e+00 0.00e+00 0.00e+00 0.00e+00 0.00e+00 0.00e+00 0.00e+00 0.00e+00 0.00e+00
 Potassium  0  1.04e-04 1.00e+00 2.79e-10 0.00e+00 0.00e+00 0.00e+00 0.00e+00 0.00e+00 0.00e+00 0.00e+00 0.00e+00 0.00e+00 0.00e+00
 Calcium    0  1.75e-03 9.13e-01 8.48e-02 0.00e+00 0.00e+00 0.00e+00 0.00e+00 0.00e+00 0.00e+00 0.00e+00 0.00e+00 0.00e+00 0.00e+00
 Scandium   0  8.47e-04 9.26e-01 7.31e-02 0.00e+00 0.00e+00 0.00e+00 0.00e+00 0.00e+00 0.00e+00 0.00e+00 0.00e+00 0.00e+00 0.00e+00
 Titanium   0  1.55e-04 9.92e-01 7.69e-03 0.00e+00 0.00e+00 0.00e+00 0.00e+00 0.00e+00 0.00e+00 0.00e+00 0.00e+00 0.00e+00 0.00e+00
 Vanadium   0  2.25e-03 9.95e-01 2.78e-03 0.00e+00 0.00e+00 0.00e+00 0.00e+00 0.00e+00 0.00e+00 0.00e+00 0.00e+00 0.00e+00 0.00e+00
 Chromium   0  3.80e-03 9.86e-01 1.05e-02 0.00e+00 0.00e+00 0.00e+00 0.00e+00 0.00e+00 0.00e+00 0.00e+00 0.00e+00 0.00e+00 0.00e+00
 Manganese  0  1.73e-04 9.95e-01 4.96e-03 0.00e+00 0.00e+00 0.00e+00 0.00e+00 0.00e+00 0.00e+00 0.00e+00 0.00e+00 0.00e+00 0.00e+00
 Iron       0  2.74e-04 9.97e-01 2.84e-03 0.00e+00 0.00e+00 0.00e+00 0.00e+00 0.00e+00 0.00e+00 0.00e+00 0.00e+00 0.00e+00 0.00e+00
 Cobalt     0  1.91e-02 9.81e-01 3.83e-05 0.00e+00 0.00e+00 0.00e+00 0.00e+00 0.00e+00 0.00e+00 0.00e+00 0.00e+00 0.00e+00 0.00e+00
 Nickel     0  2.49e-04 1.00e+00 1.33e-09 0.00e+00 0.00e+00 0.00e+00 0.00e+00 0.00e+00 0.00e+00 0.00e+00 0.00e+00 0.00e+00 0.00e+00
 Copper     0  4.58e-02 9.54e-01 2.29e-08 0.00e+00 0.00e+00 0.00e+00 0.00e+00 0.00e+00 0.00e+00 0.00e+00 0.00e+00 0.00e+00 0.00e+00
 Zinc       0  1.62e-01 8.38e-01 4.81e-05 0.00e+00 0.00e+00 0.00e+00 0.00e+00 0.00e+00 0.00e+00 0.00e+00 0.00e+00 0.00e+00 0.00e+00
 ####126  Te:1.200E+04 Hden:1.134E+03 Ne:4.964E+01 R:1.000E+30 R-R0:1.834E+18 dR:1.754E+16 NTR:  1 Htot:8.011E-22 T912: 1.27e+04###
 Hydrogen      9.56e-01 4.36e-02 H+o/Hden 1.00e+00 8.41e-09 H-    H2 7.93e-09 9.37e-10 H2+ HeH+ 1.16e-10 Ho+ ColD 2.00e+21 8.57e+19
 Helium        1.00e+00 4.86e-07 0.00e+00 HeI 2s3S 9.98e-12 Comp H,C 3.21e-28 2.98e-28 Fill Fac 1.00e+00 Gam1/tot 2.00e-03
 He singlet n  1.00e+00 7.40e-18 2.38e-23 4.52e-25 3.14e-25 6.48e-26 He tripl 9.98e-12 1.54e-23 7.51e-25 9.53e-25 6.83e-26
 Pressure      NgasTgas 1.56e+07 P(total) 2.20e-09 P( gas ) 2.15e-09 P(Radtn) 4.61e-11 Rad accl 9.12e-09 ForceMul 1.99e+04
 Texc(La)      4.34e+03 T(I con) 0.00e+00 T(D con) 8.42e+00 T(U tot) 8.42e+00 nT (c+d) 2.03e+06 Prad/Gas 2.10e-02 Pmag/Gas 0.00e+00
 Molecules     CH/Ctot: 2.70e-08 CH+/Ctot 4.86e-09 CO/Ctot: 5.69e-10 CO+/Ctot 4.23e-12 H2O/Otot 8.97e-17 OH/Ototl 3.79e-08
 Lithium       3.09e-05 1.00e+00 0.00e+00 0.00e+00 Berylliu 1.31e-02 9.87e-01 1.11e-04 0.00e+00 0.00e+00 sec ion: 0.00e+00
 Boron         3.99e-05 1.00e+00 4.70e-10 0.00e+00 0.00e+00 0.00e+00
 Carbon        6.25e-01 3.75e-01 7.74e-09 0.00e+00 0.00e+00 0.00e+00 0.00e+00 H2O+/O   8.61e-17 OH+/Otot 2.04e-08 Hex(tot) 0.00e+00
 Nitrogen      9.39e-01 6.11e-02 3.85e-12 0.00e+00 0.00e+00 0.00e+00 0.00e+00 0.00e+00 O2/Ototl 2.04e-12 O2+/Otot 1.13e-11
 Oxygen        9.64e-01 3.56e-02 2.05e-17 0.00e+00 0.00e+00 0.00e+00 0.00e+00 0.00e+00 0.00e+00
 Fluorine      9.98e-01 2.49e-03 3.34e-15 0.00e+00 0.00e+00 0.00e+00 0.00e+00 0.00e+00 0.00e+00 0.00e+00
 Neon          1.00e+00 5.38e-05 1.97e-19 0.00e+00 0.00e+00 0.00e+00 0.00e+00 0.00e+00 0.00e+00 0.00e+00 0.00e+00
 Sodium        1.49e-04 1.00e+00 5.26e-17 0.00e+00 0.00e+00 0.00e+00 0.00e+00 0.00e+00 0.00e+00 0.00e+00 0.00e+00 0.00e+00
 Magnesium     8.00e-03 9.83e-01 8.67e-03 0.00e+00 0.00e+00 0.00e+00 0.00e+00 0.00e+00 0.00e+00 0.00e+00 0.00e+00 0.00e+00 0.00e+00
 Aluminium  0  3.89e-05 1.00e+00 1.44e-05 0.00e+00 0.00e+00 0.00e+00 0.00e+00 0.00e+00 0.00e+00 0.00e+00 0.00e+00 0.00e+00 0.00e+00
 Silicon    0  2.15e-05 9.99e-01 1.21e-03 0.00e+00 0.00e+00 0.00e+00 0.00e+00 0.00e+00 0.00e+00 0.00e+00 0.00e+00 0.00e+00 0.00e+00
 Phosphorus 0  6.10e-04 9.99e-01 1.38e-06 0.00e+00 0.00e+00 0.00e+00 0.00e+00 0.00e+00 0.00e+00 0.00e+00 0.00e+00 0.00e+00 0.00e+00
 Sulphur    0  6.51e-03 9.93e-01 9.67e-07 0.00e+00 0.00e+00 0.00e+00 0.00e+00 0.00e+00 0.00e+00 0.00e+00 0.00e+00 0.00e+00 0.00e+00
 Chlorine   0  1.27e-03 9.99e-01 5.22e-07 0.00e+00 0.00e+00 0.00e+00 0.00e+00 0.00e+00 0.00e+00 0.00e+00 0.00e+00 0.00e+00 0.00e+00
 Argon      0  9.89e-01 1.14e-02 4.65e-09 0.00e+00 0.00e+00 0.00e+00 0.00e+00 0.00e+00 0.00e+00 0.00e+00 0.00e+00 0.00e+00 0.00e+00
 Potassium  0  2.62e-05 1.00e+00 3.01e-10 0.00e+00 0.00e+00 0.00e+00 0.00e+00 0.00e+00 0.00e+00 0.00e+00 0.00e+00 0.00e+00 0.00e+00
 Calcium    0  2.84e-05 9.10e-01 8.95e-02 0.00e+00 0.00e+00 0.00e+00 0.00e+00 0.00e+00 0.00e+00 0.00e+00 0.00e+00 0.00e+00 0.00e+00
 Scandium   0  3.83e-05 9.24e-01 7.56e-02 0.00e+00 0.00e+00 0.00e+00 0.00e+00 0.00e+00 0.00e+00 0.00e+00 0.00e+00 0.00e+00 0.00e+00
 Titanium   0  9.42e-05 9.92e-01 7.77e-03 0.00e+00 0.00e+00 0.00e+00 0.00e+00 0.00e+00 0.00e+00 0.00e+00 0.00e+00 0.00e+00 0.00e+00
 Vanadium   0  4.95e-04 9.97e-01 2.96e-03 0.00e+00 0.00e+00 0.00e+00 0.00e+00 0.00e+00 0.00e+00 0.00e+00 0.00e+00 0.00e+00 0.00e+00
 Chromium   0  4.36e-05 9.77e-01 2.27e-02 0.00e+00 0.00e+00 0.00e+00 0.00e+00 0.00e+00 0.00e+00 0.00e+00 0.00e+00 0.00e+00 0.00e+00
 Manganese  0  9.99e-05 9.89e-01 1.07e-02 0.00e+00 0.00e+00 0.00e+00 0.00e+00 0.00e+00 0.00e+00 0.00e+00 0.00e+00 0.00e+00 0.00e+00
 Iron       0  1.26e-04 9.94e-01 6.16e-03 0.00e+00 0.00e+00 0.00e+00 0.00e+00 0.00e+00 0.00e+00 0.00e+00 0.00e+00 0.00e+00 0.00e+00
 Cobalt     0  3.44e-04 1.00e+00 8.49e-05 0.00e+00 0.00e+00 0.00e+00 0.00e+00 0.00e+00 0.00e+00 0.00e+00 0.00e+00 0.00e+00 0.00e+00
 Nickel     0  1.10e-04 1.00e+00 2.89e-09 0.00e+00 0.00e+00 0.00e+00 0.00e+00 0.00e+00 0.00e+00 0.00e+00 0.00e+00 0.00e+00 0.00e+00
 Copper     0  8.09e-04 9.99e-01 5.26e-08 0.00e+00 0.00e+00 0.00e+00 0.00e+00 0.00e+00 0.00e+00 0.00e+00 0.00e+00 0.00e+00 0.00e+00
 Zinc       0  1.43e-03 9.99e-01 6.59e-05 0.00e+00 0.00e+00 0.00e+00 0.00e+00 0.00e+00 0.00e+00 0.00e+00 0.00e+00 0.00e+00 0.00e+00
   IC443 NE diffuse shock -- v shock=100 km/s, T obs=12000K (upper end test)  
   Calculation stopped because H column dens reached. Iteration 1 of 2
   The geometry is plane-parallel.
  !Compton cooling rate underflows to zero.  Is this important?
  !Some input lines contained underscores, these were changed to spaces.
  !There is no hydrogen-ionizing radiation.  Was this intended?
  !Thermal collisional ionization of H reached 99.50% of the local ionization rate.
  !Charge transfer H => H+ reached 8487.0% of the local H ionization rate.
  !Charge transfer heating reached 108.03% of the local heating.
  !Destruction of He 2TriS reached 40.3% of the total He0 dest rate at zone 126, 39.4% of that was photoionization.
  !Continuum zero at some energies.
  !AGE: Cloud age was not set.  Longest timescale was 2.04e+11 s = 6.46e+03 years.
  !Heating - cooling mismatch =199.9%. Caused by constant temperature assumption. 
  !Mutual neutralization production of H-alpha was significant.
  !Incident radiation field energy density is less than 2.7K.  Add background with CMB command.
  !The CMB was not included.  This is added with the CMB command.
  !The intensity of the incident radiation field is less than 10 times the Habing diffuse ISM field.  Is this OK?
  !   Consider adding diffuse ISM emission with TABLE ISM command.
  !The radiation pressure jumped by 1322% from 5.83e-14 (zone 19) to 2.33e-15 (zone 20) to 3.21e-15 (zone 21)
   The density is too low to l-mix the lowest H  I collapsed level.  More resolved levels are needed for accurate line ratios.
   The density is too low to l-mix the lowest He I collapsed level.  More resolved levels are needed for accurate line ratios.
   Grains were not present but might survive in this environment (energy density temperature was 0.00e+00K)
   The local H2+ photodissociation heating rate reached 2.3% of the total heating.
   H- absorption heating was 88.1% of the total.
   The continuum optical depth at the lowest energy considered (3.045e-09 Ryd) was 4.675e+00.
   The optical depth to Rayleigh scattering at 1300A is 1.34e-02

                       *********************************> Cloudy 23.01 <**********************************
                       * title IC443 NE diffuse shock -- v shock=100 km/s, T obs=12000K (upper end test) *
                       * hden 3.0545                                                                     *
                       * constant temperature, t=12000 K linear                                          *
                       * stop column density 21.32                                                       *
                       * iterate                                                                         *
                       * save results last "v100_T12000.rlt"                                             *
                       *********************************> Log(U):-37.00 <*********************************

                     Emission Line Spectrum.   Constant  Density Model.    Open geometry.  Iteration 1 of 2.
                                                     Intensity (erg/s/cm^2).


                                                   Intrinsic line intensities
general properties.............................      C  1                1992.01A   -4.902    0.0021      Fe 2                6044.54A   -5.109    0.0013
TotH                      0    -2.959    0.1857      C  1                1993.62A   -3.778    0.0282      Fe 3                22.9190m   -4.208    0.0104
TotC                      0     0.599  671.1521      C  1                2478.56A   -5.135    0.0012      Fe 3                4985.87A   -4.028    0.0158
TotM                      0    -4.170    0.0114      C  1                2582.90A   -5.041    0.0015      Fe 3                4881.00A   -4.741    0.0031
CT H                      0    -4.396    0.0068      C  1                8727.13A   -4.554    0.0047      Fe 3                4658.05A   -4.171    0.0114
H FB                      0    -2.726    0.3175      C  1                9824.13A   -1.569    4.5539      Fe 3                3322.54A   -4.898    0.0021
HFBc                      0    -2.726    0.3175      C  1                9850.26A   -1.094   13.6047      Fe 3                3239.74A   -5.037    0.0015
H  1c                     0     0.452  478.0935      C  1                370.269m   -3.590    0.0434      Fe 3                33.0270m   -4.752    0.0030
He 1c                     0    -4.968    0.0018      C  1                609.590m   -4.518    0.0051      Fe 3                5270.40A   -4.385    0.0070
Ar 2c                     0    -4.411    0.0066      C  2                1334.53A   -3.676    0.0356      Fe 3                4754.69A   -4.896    0.0021
C  1c                     0    -0.962   18.4414      C  2                1335.66A   -3.423    0.0638      Fe 3                4701.53A   -4.727    0.0032
C  2c                     0    -1.738    3.0861      C  2                1335.71A   -3.157    0.1175      Fe 3                3371.41A   -5.032    0.0016
Co 2c                     0    -3.375    0.0711      C  2                2323.50A   -3.147    0.1205      Fe 3                5011.26A   -5.056    0.0015
Cr 2c                     0    -2.888    0.2182      C  2                2324.69A   -2.897    0.2139      Fe 3                4769.43A   -5.194    0.0011
Fe 1c                     0    -5.028    0.0016      C  2                2325.40A   -2.182    1.1103      Mg 1                2852.13A   -2.782    0.2789
Fe 2c                     0    -0.539   48.7796      C  2                2326.93A   -2.365    0.7292      Mg 1                4562.60A   -2.730    0.3141
Fe 3c                     0    -3.319    0.0810      C  2                2328.12A   -2.844    0.2420      Mg 1                4571.10A   -3.165    0.1153
Mg 1c                     0    -2.354    0.7470      C  2                157.636m   -2.579    0.4452      Mg 1                4575.29A   -4.081    0.0140
Mn 2c                     0    -3.503    0.0531      Co 2                10.5199m   -4.316    0.0082      Mg 1                5167.32A   -5.045    0.0015
N  1c                     0    -1.383    6.9879      Co 2                15.4548m   -5.192    0.0011      Mg 1                5172.68A   -4.567    0.0046
O  1c                     0    -0.998   16.9491      Co 2                2.98382m   -3.895    0.0215      Mg 1                5183.60A   -4.360    0.0074
O  2c                     0    -1.995    1.7070      Co 2                14.7345m   -4.676    0.0036      Mg 1                8806.76A   -4.584    0.0044
P  2c                     0    -2.629    0.3967      Co 2                1.01879m   -4.175    0.0113      Mg 1                1.18282m   -4.747    0.0030
S  1c                     0    -4.034    0.0156      Co 2                1.12804m   -5.146    0.0012      Mg 1                1.71087m   -5.223    0.0010
S  2c                     0    -0.898   21.3680      Co 2                1.54700m   -4.421    0.0064      Mn 2                2576.10A   -3.888    0.0218
Sc 2c                     0    -4.663    0.0037      Co 2                1.02452m   -5.217    0.0010      Mn 2                2593.72A   -3.984    0.0175
Si 2c                     0    -1.149   11.9911      Co 2                9342.40A   -4.574    0.0045      Mn 2                2605.68A   -4.124    0.0127
Si 3c                     0    -4.492    0.0054      Co 2                9943.48A   -4.921    0.0020      N  1                1134.41A   -4.966    0.0018
Zn 2c                     0    -4.436    0.0062      Co 2                7539.01A   -5.198    0.0011      N  1                1134.98A   -4.785    0.0028
Al 2c                     0    -2.095    1.3569      Co 2                8121.00A   -4.910    0.0021      N  1                1199.55A   -4.556    0.0047
Ca 2c                     0    -1.097   13.5144      Cr 2                8000.08A   -3.389    0.0689      N  1                1200.22A   -4.735    0.0031
Cl 2c                     0    -2.983    0.1755      Cr 2                8125.30A   -3.465    0.0579      N  1                1200.71A   -5.041    0.0015
Mg 2c                     0    -0.633   39.2883      Cr 2                8229.67A   -3.562    0.0463      N  1                1742.73A   -5.082    0.0014
N  2c                     0    -2.252    0.9447      Cr 2                8308.49A   -3.750    0.0300      N  1                3466.50A   -3.580    0.0444
Ni 2c                     0    -1.979    1.7731      Cr 2                8357.64A   -4.049    0.0151      N  1                3466.54A   -4.259    0.0093
continua.......................................      Fe 1                24.0358m   -5.135    0.0012      N  1                5197.90A   -1.789    2.7468
Bac                 3646.00A   -2.219    1.0203      Fe 2                25.9813m   -1.858    2.3425      N  1                5200.26A   -1.640    3.8649
nFnu                3645.00A   -0.543   48.3443      Fe 2                5.33871m   -1.323    8.0318      N  1                1.03977m   -3.084    0.1391
nFnu                3647.00A   -0.552   47.3240      Fe 2                4.11387m   -3.647    0.0381      N  1                1.03982m   -3.613    0.0411
cout                3646.00A   -2.519    0.5111      Fe 2                1.25668m   -2.562    0.4631      N  1                1.04072m   -3.432    0.0624
cref                3646.00A   -2.521    0.5092      Fe 2                4704.22A   -5.156    0.0012      N  1                1.04076m   -3.426    0.0633
thin                3646.00A   -2.218    1.0225      Fe 2                4632.28A   -3.365    0.0728      O  1                1302.17A   -5.034    0.0016
Ba C                      0    -2.828    0.2506      Fe 2                4604.48A   -5.147    0.0012      O  1                1304.86A   -3.743    0.0305
PA C                      0    -3.254    0.0940      Fe 2                4416.27A   -3.329    0.0792      O  1                1306.03A   -4.102    0.0133
FIR                 83.0000m   -1.417    6.4563      Fe 2                4382.74A   -4.303    0.0084      O  1                1355.60A   -3.883    0.0221
TIR                 1800.00m   -4.464    0.0058      Fe 2                4287.39A   -2.345    0.7620      O  1                1358.51A   -4.200    0.0107
NIRa                2.85000m   -0.354   74.7195      Fe 2                3175.38A   -4.086    0.0139      O  1                2972.29A   -3.717    0.0324
NIRb                3.00000m   -1.023   16.0261      Fe 2                2599.40A   -4.412    0.0065      O  1                5577.34A   -2.768    0.2883
MIRa                15.0000m   -1.222   10.1299      Fe 2                2382.04A   -3.196    0.1075      O  1                6300.30A   -1.312    8.2350
MIRb                22.5000m   -0.896   21.4535      Fe 2                35.3391m   -2.512    0.5191      O  1                6363.78A   -1.807    2.6307
NMIR                21.7500m   -0.354   74.7195      Fe 2                6.71944m   -2.462    0.5823      O  1                6391.73A   -5.136    0.0012
TFIR                611.250m   -2.237    0.9791      Fe 2                4.88781m   -3.310    0.0826      O  1                63.1679m   -1.509    5.2235
TALL                10000.0A    0.599  670.0229      Fe 2                4.07521m   -4.105    0.0132      O  1                145.495m   -2.558    0.4673
F12                 12.0000m   -3.017    0.1623      Fe 2                1.32055m   -3.058    0.1476      O  2                2470.22A   -4.439    0.0061
F25                 25.0000m   -1.819    2.5626      Fe 2                1.24854m   -4.044    0.0153      O  2                2470.34A   -3.864    0.0231
F60                 60.0000m   -1.493    5.4248      Fe 2                7637.52A   -3.260    0.0928      O  2                7318.92A   -4.522    0.0051
F100                100.000m   -3.757    0.0296      Fe 2                4889.62A   -3.235    0.0983      O  2                7319.99A   -4.057    0.0148
MIPS                24.0000m   -1.819    2.5592      Fe 2                4716.37A   -4.243    0.0096      O  2                7329.67A   -4.299    0.0085
MIPS                70.0000m   -1.509    5.2263      Fe 2                4687.56A   -4.445    0.0061      O  2                7330.73A   -4.326    0.0080
MIPS                160.000m   -2.266    0.9144      Fe 2                4492.64A   -4.198    0.0107      O  2                3728.81A   -2.242    0.9660
IRAC                3.60000m   -3.579    0.0445      Fe 2                4457.95A   -3.601    0.0423      O  2                3726.03A   -2.398    0.6747
IRAC                4.50000m   -2.883    0.2210      Fe 2                4432.45A   -4.396    0.0068      P  2                60.6263m   -3.579    0.0445
IRAC                5.80000m   -1.321    8.0620      Fe 2                4359.33A   -2.476    0.5647      P  2                32.8620m   -3.519    0.0511
IRAC                8.00000m   -2.329    0.7906      Fe 2                3224.54A   -5.185    0.0011      P  2                1.14682m   -3.352    0.0751
SPR2                350.000m   -3.587    0.0437      Fe 2                3214.67A   -4.599    0.0042      P  2                4669.25A   -4.884    0.0022
PAC1                70.0000m   -1.506    5.2709      Fe 2                2625.67A   -1.554    4.7178      P  2                2195.57A   -4.920    0.0020
PAC2                100.000m   -3.466    0.0577      Fe 2                2611.87A   -2.578    0.4459      P  2                1536.42A   -5.075    0.0014
PAC3                160.000m   -2.266    0.9148      Fe 2                2598.37A   -3.875    0.0225      P  2                1535.92A   -5.089    0.0014
PAH                 3.30000m   -4.360    0.0074      Fe 2                2395.63A   -2.670    0.3610      P  2                1.18828m   -2.929    0.1990
PAHC                3.23000m   -4.633    0.0039      Fe 2                2388.63A   -3.765    0.0290      P  2                2210.34A   -4.467    0.0058
PAHC                3.37000m   -4.715    0.0033      Fe 2                2383.06A   -4.506    0.0053      P  2                7875.99A   -4.135    0.0124
PAH                 6.20000m   -4.482    0.0056      Fe 2                2364.83A   -2.757    0.2954      S  1                25.2421m   -4.096    0.0135
PAHC                5.65000m   -3.944    0.0192      Fe 2                2332.80A   -4.328    0.0079      S  1                56.2957m   -5.056    0.0015
PAH                 7.90000m   -4.239    0.0097      Fe 2                51.2868m   -3.052    0.1496      S  2                6730.82A   -1.318    8.1121
PAHC                6.90000m   -2.336    0.7780      Fe 2                5.67236m   -4.122    0.0127      S  2                6716.44A   -1.179   11.1709
PAH                 11.3000m   -5.130    0.0013      Fe 2                4.60641m   -3.905    0.0210      S  2                4076.35A   -2.756    0.2958
PAHC                10.9000m   -4.001    0.0168      Fe 2                4.08085m   -4.632    0.0039      S  2                4068.60A   -2.264    0.9184
PAH                 11.8000m   -5.109    0.0013      Fe 2                1.37181m   -3.302    0.0843      S  2                1.03364m   -2.895    0.2152
PAHC                12.6500m   -3.841    0.0243      Fe 2                1.29427m   -3.829    0.0250      S  2                1.02867m   -2.891    0.2172
PAH                 13.3000m   -5.142    0.0012      Fe 2                7806.23A   -5.033    0.0016      S  2                1.03705m   -3.216    0.1026
PAHC                14.1000m   -3.630    0.0396      Fe 2                7686.93A   -3.346    0.0760      S  2                1.03205m   -2.757    0.2955
Bcon                3640.00A    0.482  512.0511      Fe 2                4958.23A   -5.086    0.0014      S  2                1259.52A   -4.074    0.0142
Pcon                5000.00A   -0.295   85.5628      Fe 2                4750.57A   -5.075    0.0014      S  2                1253.81A   -4.110    0.0131
O3bn                5007.00A   -2.160    1.1685      Fe 2                4728.07A   -3.863    0.0231      S  2                1250.58A   -4.413    0.0065
HFFc                      0    -2.884    0.2206      Fe 2                4514.90A   -4.226    0.0100      S  2                1550.13A   -4.890    0.0022
H FF                      0    -3.098    0.1347      Fe 2                4488.75A   -3.947    0.0191      Si 2                34.8046m   -1.306    8.3512
MeFB                      0    -4.921    0.0020      Fe 2                4470.30A   -5.141    0.0012      Si 2                2334.41A   -2.917    0.2042
ToFF                      0    -3.096    0.1355      Fe 2                4413.78A   -2.627    0.3987      Si 2                2328.52A   -3.501    0.0533
Mion                      0    -3.945    0.0192      Fe 2                3254.24A   -4.662    0.0037      Si 2                1808.01A   -2.993    0.1714
nFnu                122.400m   -4.846    0.0024      Fe 2                3244.18A   -4.954    0.0019      Si 2                1526.71A   -4.304    0.0084
nFnu                60.8322m   -4.587    0.0044      Fe 2                2631.32A   -2.192    1.0853      Si 2                1304.37A   -4.995    0.0017
nFnu                41.2152m   -4.431    0.0063      Fe 2                2617.62A   -3.454    0.0593      Si 2                1260.42A   -4.580    0.0044
nFnu                30.8695m   -4.316    0.0082      Fe 2                2607.09A   -3.790    0.0274      Si 2                1193.29A   -5.058    0.0015
nFnu                24.7829m   -4.225    0.0101      Fe 2                2404.89A   -3.423    0.0637      Si 2                2350.17A   -2.742    0.3060
nFnu                24.2998m   -4.216    0.0103      Fe 2                2399.24A   -4.227    0.0100      Si 2                2344.20A   -2.352    0.7512
nFnu                22.8302m   -4.190    0.0109      Fe 2                2395.42A   -4.394    0.0068      Si 2                2334.60A   -2.427    0.6318
nFnu                21.4199m   -4.164    0.0116      Fe 2                2380.76A   -2.462    0.5823      Si 2                1817.45A   -2.583    0.4406
nFnu                21.1235m   -4.156    0.0118      Fe 2                2348.30A   -3.967    0.0182      Si 2                1816.93A   -2.349    0.7553
nFnu                19.6199m   -4.123    0.0127      Fe 2                2327.40A   -4.265    0.0092      Si 2                1533.43A   -3.051    0.1503
nFnu                17.6534m   -4.076    0.0142      Fe 2                87.3597m   -3.775    0.0284      Si 2                1309.28A   -3.713    0.0327
nFnu                17.3700m   -4.068    0.0144      Fe 2                5.06097m   -4.563    0.0046      Si 2                1265.00A   -3.422    0.0638
nFnu                15.6901m   -4.021    0.0161      Fe 2                4.43363m   -4.461    0.0058      Si 2                1264.74A   -3.823    0.0254
nFnu                14.6036m   -3.986    0.0174      Fe 2                1.32777m   -4.013    0.0164      Si 2                1197.39A   -3.808    0.0262
nFnu                12.4300m   -3.903    0.0211      Fe 2                1.27877m   -4.085    0.0139      Si 2                1194.50A   -3.954    0.0188
nFnu                11.4000m   -3.858    0.0234      Fe 2                1.25214m   -5.126    0.0013      Si 2                3862.60A   -5.097    0.0014
nFnu                10.4600m   -3.807    0.0263      Fe 2                7803.89A   -5.043    0.0015      Si 2                3856.02A   -5.053    0.0015
nFnu                9.48002m   -3.752    0.0299      Fe 2                7665.28A   -4.207    0.0105      Si 2                6371.37A   -5.014    0.0016
nFnu                9.32488m   -3.742    0.0306      Fe 2                5006.63A   -4.386    0.0069      Si 2                6347.11A   -4.919    0.0020
nFnu                8.21035m   -3.660    0.0369      Fe 2                4772.06A   -5.179    0.0011      Si 3                1892.03A   -4.912    0.0021
nFnu                7.58000m   -3.608    0.0416      Fe 2                4639.67A   -4.805    0.0026      Si 3                1882.71A   -4.733    0.0031
nFnu                7.05026m   -3.552    0.0473      Fe 2                4528.39A   -4.475    0.0057      Zn 2                2062.00A   -4.835    0.0025
nFnu                4.11370m   -3.100    0.1341      Fe 2                4509.61A   -4.814    0.0026      Zn 2                2025.48A   -4.598    0.0043
nFnu                2.32440m   -2.512    0.5196      Fe 2                4452.10A   -2.819    0.2560      Al 2                2669.15A   -2.579    0.4449
nFnu                1.64313m   -2.126    1.2626      Fe 2                3277.55A   -4.884    0.0022      Al 2                2660.35A   -2.403    0.6680
nFnu                1.48022m   -2.013    1.6369      Fe 2                3275.02A   -4.962    0.0018      Al 2                1670.79A   -2.832    0.2485
nFnu                1.43649m   -1.973    1.7980      Fe 2                2631.05A   -3.662    0.0367      Ca 2                7323.89A   -1.605    4.1945
nFnu                1.11867m   -1.706    3.3256      Fe 2                2620.41A   -4.240    0.0097      Ca 2                7291.47A   -1.438    6.1642
nFnu                8329.68A   -1.391    6.8628      Fe 2                2613.82A   -4.331    0.0079      Ca 2                3968.47A   -3.993    0.0171
nFnu                8078.61A   -1.351    7.5183      Fe 2                2410.52A   -4.393    0.0068      Ca 2                8662.14A   -2.218    1.0224
nFnu                6209.66A   -1.080   14.0529      Fe 2                2406.66A   -4.558    0.0047      Ca 2                3933.66A   -3.941    0.0193
nFnu                4885.36A   -0.838   24.5250      Fe 2                2404.43A   -4.521    0.0051      Ca 2                8498.02A   -2.909    0.2082
nFnu                3704.34A   -0.567   45.7492      Fe 2                2359.11A   -4.086    0.0138      Ca 2                8542.09A   -1.964    1.8350
nFnu                3587.67A   -0.530   49.8411      Fe 2                2338.01A   -4.428    0.0063      Ca 2                3706.02A   -4.327    0.0080
nFnu                2430.05A   -0.180  111.6526      Fe 2                4.67067m   -5.086    0.0014      Ca 2                3736.90A   -4.030    0.0157
nFnu                2392.03A   -0.165  115.3464      Fe 2                1.29777m   -4.415    0.0065      Ca 2                3158.87A   -4.298    0.0085
nFnu                2071.34A   -0.047  151.5097      Fe 2                1.27034m   -4.288    0.0087      Ca 2                3181.27A   -5.004    0.0017
nFnu                2052.68A   -0.039  154.2746      Fe 2                7874.24A   -4.397    0.0068      Ca 2                3179.33A   -4.049    0.0151
nFnu                1793.44A    0.058  192.7829      Fe 2                7733.14A   -4.854    0.0024      Ca 2                1838.01A   -5.131    0.0012
nFnu                1585.12A    0.123  223.9172      Fe 2                4798.28A   -4.729    0.0032      Ca 2                1840.03A   -4.975    0.0018
nFnu                1458.33A    0.133  229.5540      Fe 2                4474.90A   -3.132    0.1247      Cl 2                14.3639m   -3.642    0.0385
nFnu                1356.96A    0.093  208.9316      Fe 2                3289.46A   -5.050    0.0015      Cl 2                33.2721m   -4.728    0.0032
nFnu                1297.29A   -0.021  160.8701      Fe 2                2628.29A   -4.360    0.0074      Cl 2                8578.70A   -3.214    0.1031
nFnu                1262.79A   -0.201  106.2611      Fe 2                2621.67A   -4.693    0.0034      Cl 2                9123.60A   -3.799    0.0268
nFnu                1218.08A   -4.445    0.0061      Fe 2                2413.31A   -4.971    0.0018      Cl 2                3677.85A   -4.967    0.0018
nFnu                1196.33A   -3.894    0.0215      Fe 2                2411.07A   -4.984    0.0018      Cl 2                6161.84A   -4.921    0.0020
nFnu                1175.06A   -3.900    0.0213      Fe 2                2344.28A   -4.856    0.0024      Mg 2                2802.71A   -1.110   13.1013
nFnu                1143.64A   -3.984    0.0175      Fe 2                17.9311m   -2.274    0.8987      Mg 2                2795.53A   -0.813   25.9664
nFnu                1113.22A   -4.064    0.0146      Fe 2                1.64355m   -1.384    6.9742      Mg 2                2936.52A   -3.692    0.0343
nFnu                1103.23A   -4.084    0.0139      Fe 2                1.53348m   -2.460    0.5850      Mg 2                2928.64A   -3.993    0.0171
nFnu                1073.86A   -4.690    0.0034      Fe 2                8616.95A   -2.670    0.3605      Mg 2                2797.93A   -4.409    0.0066
nFnu                1064.34A   -4.720    0.0032      Fe 2                7155.17A   -2.705    0.3327      Mg 2                2790.77A   -3.707    0.0332
nFnu                1035.92A   -4.803    0.0027      Fe 2                6896.17A   -4.247    0.0096      Mg 2                2798.00A   -3.453    0.0594
nFnu                1000.00A   -4.920    0.0020      Fe 2                5413.37A   -4.531    0.0050      Mg 2                9218.22A   -5.131    0.0012
nFnu                925.144A   -5.142    0.0012      Fe 2                5280.27A   -5.182    0.0011      N  2                205.283m   -4.077    0.0141
nFnu                897.800A   -5.213    0.0010      Fe 2                5273.36A   -2.749    0.3008      N  2                121.769m   -3.777    0.0282
RRC............................................      Fe 2                5158.79A   -2.130    1.2507      N  2                6548.05A   -2.889    0.2178
H  1                911.753A   -2.172    1.1364      Fe 2                5111.64A   -3.043    0.1530      N  2                6583.45A   -2.420    0.6421
H  1                3645.98A   -3.225    0.1005      Fe 2                5072.41A   -2.785    0.2771      N  2                5754.59A   -4.067    0.0145
H  1                3645.98A   -2.894    0.2154      Fe 2                5039.10A   -4.218    0.0102      N  2                2139.01A   -4.354    0.0075
H  1                8203.57A   -3.949    0.0190      Fe 2                4814.54A   -3.071    0.1434      N  2                2142.77A   -3.963    0.0184
H  1                8203.57A   -3.572    0.0452      Fe 2                4774.73A   -3.515    0.0515      Ni 2                1.19102m   -2.380    0.7043
H  1                8203.57A   -3.697    0.0339      Fe 2                4745.49A   -4.568    0.0046      Ni 2                6.63416m   -2.971    0.1806
H  1                1.45842m   -4.427    0.0063      Fe 2                4243.97A   -2.415    0.6496      Ni 2                1.07151m   -3.722    0.0320
H  1                1.45842m   -4.044    0.0153      Fe 2                4177.20A   -3.500    0.0534      Ni 2                10.6793m   -3.360    0.0737
H  1                1.45842m   -4.063    0.0146      Fe 2                4146.65A   -5.068    0.0014      Ni 2                1.16130m   -4.357    0.0074
H  1                1.45842m   -4.427    0.0063      Fe 2                4114.48A   -5.175    0.0011      Ni 2                12.7253m   -3.894    0.0216
H  1                2.27878m   -4.777    0.0028      Fe 2                3387.09A   -3.857    0.0235      Ni 2                9882.95A   -5.106    0.0013
H  1                2.27878m   -4.395    0.0068      Fe 2                3376.20A   -3.056    0.1482      Ni 2                1.09177m   -4.656    0.0037
H  1                2.27878m   -4.383    0.0070      Fe 2                2732.45A   -2.755    0.2969      Ni 2                18.2355m   -4.622    0.0040
H  1                2.27878m   -4.601    0.0042      Fe 2                2493.30A   -1.631    3.9448      Ni 2                7377.83A   -2.746    0.3030
H  1                2.27878m   -5.115    0.0013      Fe 2                2484.20A   -3.535    0.0493      Ni 2                8300.99A   -4.042    0.0153
H  1                3.28145m   -5.052    0.0015      Fe 2                2476.68A   -4.871    0.0023      Ni 2                1.93877m   -3.454    0.0594
H  1                3.28145m   -4.671    0.0036      Fe 2                24.5126m   -2.946    0.1913      Ni 2                2.36883m   -4.741    0.0031
H  1                3.28145m   -4.648    0.0038      Fe 2                1.80940m   -1.985    1.7489      Ni 2                2.91064m   -4.409    0.0066
H  1                3.28145m   -4.813    0.0026      Fe 2                1.67688m   -2.886    0.2197      Ni 2                6666.80A   -3.790    0.0274
H  1                3.28145m   -5.155    0.0012      Fe 2                1.59948m   -2.808    0.2626      Ni 2                7411.61A   -3.571    0.0453
H  1                4.46642m   -4.899    0.0021      Fe 2                9051.95A   -2.512    0.5194      Ni 2                2.30794m   -4.751    0.0030
H  1                4.46642m   -4.870    0.0023      Fe 2                8891.93A   -2.945    0.1915      Ni 2                6.91767m   -5.050    0.0015
H  1                4.46642m   -5.010    0.0016      Fe 2                7452.56A   -3.197    0.1072      Ni 2                4326.24A   -3.641    0.0385
H  1                5.83369m   -5.092    0.0014      Fe 2                7172.00A   -3.203    0.1058      Ni 2                4628.05A   -4.063    0.0146
H  1                5.83369m   -5.061    0.0015      Fe 2                6275.53A   -5.072    0.0014      Ni 2                6794.20A   -5.120    0.0013
H  1                5.83369m   -5.188    0.0011      Fe 2                5527.36A   -3.613    0.0411      Ni 2                7255.82A   -3.996    0.0170
H  1                7.38326m   -5.227    0.0010      Fe 2                5433.15A   -3.263    0.0921      Ni 2                7694.56A   -5.067    0.0014
H  1                11.0293m   -4.894    0.0022      Fe 2                5261.63A   -2.516    0.5145      Ni 2                1.04597m   -4.480    0.0056
H  1                13.1258m   -5.006    0.0017      Fe 2                5220.08A   -3.788    0.0275      Ni 2                1.23230m   -4.507    0.0052
H  1                15.4046m   -5.109    0.0013      Fe 2                5184.80A   -3.682    0.0351      Ni 2                4201.17A   -3.864    0.0231
H  1                17.8657m   -5.205    0.0011      Fe 2                5158.01A   -3.618    0.0406      Ni 2                4485.21A   -4.317    0.0081
H  1                56.9697m   -4.740    0.0031      Fe 2                4947.39A   -3.015    0.1632      Ni 2                7307.65A   -4.212    0.0103
C  1                1101.07A   -5.142    0.0012      Fe 2                4905.35A   -3.370    0.0720      Ni 2                7612.72A   -4.541    0.0049
Si 1                1520.96A   -5.195    0.0011      Fe 2                4874.50A   -3.414    0.0651      Ni 2                1.13597m   -5.224    0.0010
S  1                1196.76A   -5.054    0.0015      Fe 2                4852.74A   -4.766    0.0029      Ni 2                4285.31A   -5.085    0.0014
grains.........................................      Fe 2                4346.86A   -3.042    0.1532      Ni 2                6791.48A   -4.800    0.0027
H-like iso-sequence............................      Fe 2                4276.84A   -2.961    0.1847      Ni 2                7054.20A   -4.704    0.0033
Cool                1215.67A    0.225  283.4858      Fe 2                4244.82A   -3.765    0.0290      Ni 2                4033.04A   -4.129    0.0125
Crst                960.000A    0.062  194.6077      Fe 2                4211.11A   -5.109    0.0013      Ni 2                4294.09A   -4.250    0.0095
CION                      0    -1.671    3.6005      Fe 2                3455.11A   -3.961    0.0185      Ni 2                6813.57A   -4.271    0.0090
Ca B                1215.67A   -1.837    2.4546      Fe 2                3452.31A   -3.652    0.0376      Ni 2                7078.04A   -4.820    0.0026
CaBo                4861.32A   -3.378    0.0707      Fe 2                3440.99A   -3.535    0.0492      Ni 2                3993.06A   -3.730    0.0315
Ca A                1215.67A   -2.034    1.5611      Fe 2                2774.73A   -3.854    0.0236      Ni 2                4248.80A   -4.205    0.0105
Ca A                1025.72A   -2.671    0.3604      Fe 2                2759.34A   -4.113    0.0130      Ni 2                6365.10A   -4.203    0.0106
Ca A                972.537A   -3.079    0.1408      Fe 2                2519.11A   -4.918    0.0020      Ni 2                8703.87A   -4.659    0.0037
Ca A                949.743A   -3.382    0.0701      Fe 2                2511.37A   -4.733    0.0031      Ni 2                9956.63A   -4.885    0.0022
Ca A                937.803A   -3.624    0.0401      Fe 2                2485.07A   -4.507    0.0053      Ni 2                3438.88A   -3.908    0.0209
Ca A                930.748A   -3.827    0.0252      Fe 2                2391.48A   -4.422    0.0064      Ni 2                3626.89A   -4.215    0.0103
Ca A                926.226A   -4.001    0.0168      Fe 2                2379.28A   -4.953    0.0019      Ni 2                3378.16A   -4.522    0.0051
Ca A                923.150A   -4.154    0.0118      Fe 2                2362.02A   -4.314    0.0082      Ni 2                3559.41A   -4.501    0.0053
Ca A                920.963A   -4.291    0.0086      Fe 2                35.7675m   -3.726    0.0317      level 1 lines..................................
Ca A                919.351A   -4.414    0.0065      Fe 2                1.95361m   -2.896    0.2146      recombination..................................
Ca A                918.129A   -4.526    0.0050      Fe 2                1.80002m   -2.901    0.2119      C  1                1657.00A   -5.187    0.0011
Ca A                917.181A   -4.630    0.0040      Fe 2                1.71113m   -3.486    0.0551      C  1                1140.10A   -4.668    0.0036
Ca A                916.429A   -4.725    0.0032      Fe 2                1.66377m   -3.106    0.1323      level2 lines...................................
Ca A                915.824A   -4.814    0.0026      Fe 2                9399.04A   -2.934    0.1965      C  1                1247.50A   -4.383    0.0070
Ca A                915.329A   -4.897    0.0021      Fe 2                9226.63A   -2.889    0.2181      C  1                1314.77A   -4.330    0.0079
Ca A                914.919A   -4.975    0.0018      Fe 2                9033.49A   -3.876    0.0225      C  1                1165.98A   -5.212    0.0010
Ca A                914.576A   -5.048    0.0015      Fe 2                7388.17A   -3.323    0.0803      C  1                1233.29A   -4.913    0.0021
Ca A                914.286A   -5.117    0.0013      Fe 2                6440.41A   -4.187    0.0110      C  1                1250.68A   -5.071    0.0014
Ca A                914.039A   -5.181    0.0011      Fe 2                5654.87A   -4.573    0.0045      Si 2                1179.59A   -4.266    0.0091
Ca A                6562.80A   -3.114    0.1300      Fe 2                5556.31A   -3.932    0.0197      Sc 2                3627.22A   -4.382    0.0070
Ca A                4861.32A   -3.557    0.0469      Fe 2                5412.67A   -4.382    0.0070      Sc 2                3575.45A   -4.497    0.0054
Ca A                4340.46A   -3.878    0.0223      Fe 2                5333.66A   -2.800    0.2678      Sc 2                3368.13A   -5.026    0.0016
Ca A                4101.73A   -4.131    0.0125      Fe 2                5296.84A   -4.081    0.0140      Ti 2                3364.74A   -2.766    0.2895
Ca A                3970.07A   -4.339    0.0077      Fe 2                5268.89A   -3.789    0.0275      Ti 2                3237.15A   -2.993    0.1715
Ca A                3889.05A   -4.517    0.0051      Fe 2                5107.96A   -4.666    0.0036      Ti 2                1904.17A   -4.618    0.0041
Ca A                3835.38A   -4.673    0.0036      Fe 2                5049.30A   -3.188    0.1095      Ti 2                1907.36A   -4.371    0.0072
Ca A                3797.90A   -4.811    0.0026      Fe 2                5005.52A   -3.247    0.0957      V  2                2710.94A   -4.968    0.0018
Ca A                3770.63A   -4.936    0.0020      Fe 2                4973.40A   -3.515    0.0516      V  2                2684.22A   -4.747    0.0030
Ca A                3750.15A   -5.049    0.0015      Fe 2                4950.76A   -3.852    0.0237      V  2                2139.33A   -5.185    0.0011
Ca A                3734.37A   -5.153    0.0012      Fe 2                4352.79A   -3.277    0.0893      Cr 2                2059.78A   -3.175    0.1129
Ca A                1.87510m   -3.917    0.0204      Fe 2                4319.62A   -3.535    0.0492      Mn 2                1198.85A   -5.164    0.0012
Ca A                1.28181m   -4.237    0.0098      Fe 2                4305.90A   -4.318    0.0081      Co 2                2060.90A   -4.607    0.0042
Ca A                1.09381m   -4.494    0.0054      Fe 2                3504.51A   -4.263    0.0092      Co 2                2018.80A   -4.630    0.0040
Ca A                1.00494m   -4.707    0.0033      Fe 2                3504.02A   -4.122    0.0127      Co 2                1949.74A   -4.687    0.0035
Ca A                9545.97A   -4.888    0.0022      Fe 2                3501.63A   -3.687    0.0347      Co 2                1575.91A   -5.067    0.0014
Ca A                9229.02A   -5.046    0.0015      Fe 2                3489.99A   -4.363    0.0073      Co 2                1470.18A   -5.103    0.0013
Ca A                9014.91A   -5.185    0.0011      Fe 2                2790.75A   -5.040    0.0015      Ni 2                1751.83A   -4.098    0.0135
Ca A                4.05115m   -4.524    0.0050      Fe 2                2385.01A   -4.800    0.0027      Ni 2                1744.24A   -3.901    0.0212
Ca A                2.62515m   -4.771    0.0029      Fe 2                2.06648m   -4.289    0.0087      Ni 2                1484.97A   -5.104    0.0013
Ca A                2.16553m   -4.984    0.0018      Fe 2                1.89541m   -3.637    0.0389      Ni 2                1472.74A   -4.792    0.0027
Ca A                1.94456m   -5.167    0.0011      Fe 2                1.79711m   -3.139    0.1225      Ni 2                1400.37A   -5.066    0.0015
Ca A                7.45782m   -5.018    0.0016      Fe 2                1.74494m   -3.429    0.0629      Ni 2                1375.73A   -4.686    0.0035
Ca A                4.65251m   -5.214    0.0010      Fe 2                9652.70A   -3.783    0.0278      Ni 2                1324.11A   -4.777    0.0028
Ca B                6562.80A   -2.925    0.2008      Fe 2                9470.94A   -3.279    0.0887      hyperfine structure............................
Ca B                4861.32A   -3.376    0.0710      Fe 2                9267.56A   -3.572    0.0452      inner shell....................................
Ca B                4340.46A   -3.703    0.0334      Fe 2                6558.51A   -4.401    0.0067      molecules......................................
Ca B                4101.73A   -3.960    0.0185      Fe 2                5745.71A   -4.944    0.0019      H2 l                2.00000m   -4.814    0.0026
Ca B                3970.07A   -4.171    0.0114      Fe 2                5643.98A   -4.905    0.0021      H-FB                      0    -3.035    0.1558
Ca B                3889.05A   -4.352    0.0075      Fe 2                5495.84A   -4.658    0.0037      H-FF                      0    -3.297    0.0851
Ca B                3835.38A   -4.509    0.0052      Fe 2                5376.47A   -3.193    0.1084      H-CT                6562.80A   -3.677    0.0355
Ca B                3797.90A   -4.649    0.0038      Fe 2                5347.66A   -4.294    0.0086      H- H                      0    -3.013    0.1637
Ca B                3770.63A   -4.775    0.0028      Fe 2                5181.96A   -4.512    0.0052      H2+                       0    -3.396    0.0679
Ca B                3750.15A   -4.889    0.0022      Fe 2                5076.57A   -3.851    0.0238      H2+p                      0    -4.689    0.0035
Ca B                3734.37A   -4.994    0.0017      Fe 2                5043.53A   -3.721    0.0321      bands..........................................
Ca B                3721.94A   -5.091    0.0014      Fe 2                5020.25A   -3.829    0.0250      Fe 2b               2500.00A   -1.118   12.8532
Ca B                3711.97A   -5.181    0.0011      Fe 2                4372.43A   -3.810    0.0262      Fe 2b               5000.00A   -1.317    8.1302
Ca B                1.87510m   -3.867    0.0229      Fe 2                4358.37A   -4.001    0.0168      Fe 2b               7000.00A   -2.289    0.8674
Ca B                1.28181m   -4.177    0.0112      Fe 2                3539.19A   -3.968    0.0182      Fe 2b               10000.0A   -1.107   13.2076
Ca B                1.09381m   -4.430    0.0063      Fe 2                3538.69A   -4.263    0.0092      Fe 2b               2355.00A   -2.034    1.5612
Ca B                1.00494m   -4.641    0.0039      Fe 2                3536.25A   -4.390    0.0069      Fe 2b               2430.00A   -1.148   12.0007
Ca B                9545.97A   -4.821    0.0025      Fe 2                7764.71A   -4.618    0.0041      Fe 2b               2445.00A   -1.148   12.0007
Ca B                9229.02A   -4.979    0.0018      Fe 2                7336.73A   -4.901    0.0021      Fe 2b               2495.00A   -1.625    4.0078
Ca B                9014.91A   -5.118    0.0013      Fe 2                6809.24A   -4.861    0.0023      Fe 2b               2610.00A   -1.419    6.4305
Ca B                4.05115m   -4.501    0.0053      Fe 2                6729.87A   -5.147    0.0012      Fe 2b               2695.00A   -3.881    0.0222
Ca B                2.62515m   -4.741    0.0031      Fe 2                5163.96A   -4.559    0.0047      Fe 2b               2758.00A   -2.420    0.6422
Ca B                2.16553m   -4.952    0.0019      Fe 2                3277.35A   -2.744    0.3047      Fe 2b               2780.00A   -2.386    0.6944
Ca B                1.94456m   -5.133    0.0012      Fe 2                3255.89A   -3.862    0.0232      Fe 2b               2797.00A   -5.031    0.0016
Ca B                7.45782m   -5.003    0.0017      Fe 2                2926.59A   -3.070    0.1437      Fe 2b               2935.00A   -2.958    0.1862
Ca B                4.65251m   -5.196    0.0011      Fe 2                2880.76A   -3.780    0.0280      Fe 2b               2960.00A   -3.029    0.1581
H  1                2431.34A    0.008  172.0628      Fe 2                2755.74A   -2.972    0.1799      Fe 2b               3180.00A   -2.664    0.3660
H  1                1215.67A    0.253  302.0983      Fe 2                2739.55A   -3.508    0.0524      Fe 2b               3250.00A   -2.497    0.5377
H  1                6562.80A   -1.532    4.9630      Fe 2                2716.70A   -3.886    0.0220      Fe 2b               3590.00A   -2.916    0.2047
H  1                4861.32A   -2.227    1.0000      Fe 2                1.00287m   -4.562    0.0046      Fe 2b               3910.00A   -4.703    0.0033
H  1                4340.46A   -2.584    0.4398      Fe 2                8037.28A   -5.135    0.0012      Fe 2b               4255.00A   -1.738    3.0894
H  1                4101.73A   -3.826    0.0252      Fe 2                6872.19A   -5.058    0.0015      Fe 2b               4558.00A   -2.480    0.5591
H  1                3970.07A   -4.067    0.0145      Fe 2                5746.98A   -4.741    0.0031      Fe 2b               4600.00A   -2.452    0.5967
H  1                3889.05A   -4.266    0.0092      Fe 2                5283.12A   -5.168    0.0011      Fe 2b               4743.00A   -3.217    0.1023
H  1                3835.38A   -4.436    0.0062      Fe 2                4347.36A   -5.142    0.0012      Fe 2b               4855.00A   -2.632    0.3939
H  1                3797.90A   -4.585    0.0044      Fe 2                4329.43A   -4.485    0.0055      Fe 2b               4920.00A   -2.121    1.2784
H  1                3770.63A   -4.501    0.0053      Fe 2                3302.86A   -5.045    0.0015      Fe 2b               4975.00A   -2.644    0.3834
H  1                3750.15A   -4.612    0.0041      Fe 2                2953.77A   -4.171    0.0114      Fe 2b               4971.00A   -2.692    0.3428
H  1                3734.37A   -4.714    0.0033      Fe 2                2772.73A   -3.525    0.0504      Fe 2b               5070.00A   -2.580    0.4435
H  1                3721.94A   -4.807    0.0026      Fe 2                2749.32A   -3.816    0.0258      Fe 2b               5143.00A   -2.017    1.6247
H  1                3711.97A   -4.893    0.0022      Fe 2                2970.51A   -5.213    0.0010      Fe 2b               5270.00A   -1.750    3.0048
H  1                3703.85A   -4.973    0.0018      Fe 2                2.04602m   -4.507    0.0053      Fe 2b               5318.00A   -2.088    1.3800
H  1                3697.15A   -5.046    0.0015      Fe 2                1.41956m   -4.986    0.0017      Fe 2b               5540.00A   -3.146    0.1208
H  1                3691.55A   -5.113    0.0013      Fe 2                1.23314m   -4.893    0.0022      Fe 2b               5865.00A   -3.696    0.0340
H  1                3686.83A   -5.175    0.0011      Fe 2                1.09108m   -4.798    0.0027      Fe 2b               6265.00A   -4.401    0.0067
H  1                1.87510m   -2.980    0.1769      Fe 2                5588.16A   -4.700    0.0034      Fe 2b               6565.00A   -3.918    0.0204
H  1                1.28181m   -3.272    0.0902      Fe 2                5580.82A   -4.134    0.0124      Fe 2b               6910.00A   -3.903    0.0211
H  1                1.09381m   -4.267    0.0091      Fe 2                5551.32A   -3.849    0.0239      Fe 2b               7445.00A   -2.315    0.8176
H  1                1.00494m   -4.518    0.0051      Fe 2                3969.40A   -5.200    0.0011      Fe 2b               8625.00A   -2.031    1.5726
H  1                9545.97A   -4.722    0.0032      Fe 2                3227.74A   -5.071    0.0014      Fe 2b               1.03250m   -3.068    0.1443
H  1                9229.02A   -4.896    0.0021      Fe 2                3196.07A   -4.845    0.0024      Fe 2b               1.88900m   -1.832    2.4881
H  1                9014.91A   -5.046    0.0015      Fe 2                2.13278m   -4.762    0.0029      Fe 2b               2.20000m   -3.667    0.0363
H  1                8862.79A   -5.016    0.0016      Fe 2                1.09413m   -4.999    0.0017      miscellaneous..................................
H  1                8750.48A   -5.127    0.0013      Fe 2                1.07890m   -5.096    0.0014      Blnd                8446.00A   -5.044    0.0015
H  1                4.05115m   -3.798    0.0269      Fe 2                5650.95A   -4.678    0.0035      Blnd                1304.00A   -3.570    0.0454
H  1                2.62515m   -4.521    0.0051      Fe 2                5649.67A   -4.654    0.0037      Blnd                2798.00A   -0.636   39.0676
H  1                2.16553m   -4.799    0.0027      Fe 2                5613.27A   -4.065    0.0145      Blnd                6720.00A   -0.942   19.2830
H  1                1.94456m   -5.017    0.0016      Fe 2                2.24366m   -5.100    0.0013      Blnd                4074.00A   -2.143    1.2143
H  1                1.81741m   -5.198    0.0011      Fe 2                2.00672m   -4.469    0.0057      Blnd                1.03300m   -2.252    0.9451
H  1                7.45782m   -4.653    0.0038      Fe 2                5725.92A   -4.950    0.0019      Blnd                1256.00A   -3.698    0.0339
H  1                4.65251m   -4.989    0.0017      Fe 2                5718.22A   -4.402    0.0067      Blnd                2665.00A   -2.181    1.1129
H  1                12.3685m   -5.101    0.0013      Fe 2                2.22379m   -3.769    0.0287      Blnd                2335.00A   -1.938    1.9465
He-like iso-sequence...........................      Fe 2                2.01513m   -4.204    0.0105      Blnd                1888.00A   -4.512    0.0052
He 1                625.563A   -5.101    0.0013      Fe 2                9682.08A   -4.436    0.0062      Blnd                8579.00A   -1.741    3.0656
Pho+                3889.00A   -4.362    0.0073      Fe 2                8715.81A   -5.008    0.0017      Blnd                7306.00A   -1.212   10.3587
extra Lyman....................................      Fe 2                6873.84A   -4.702    0.0034      Blnd                3933.00A   -3.666    0.0365
database lines.................................      Fe 2                6188.55A   -4.739    0.0031      Blnd                1657.00A   -3.038    0.1546
Ar 2                6.98337m   -4.411    0.0066      Fe 2                5870.02A   -5.190    0.0011      Blnd                9850.00A   -0.968   18.1586
C  1                1560.31A   -4.413    0.0065      Fe 2                4898.61A   -4.992    0.0017      Blnd                2326.00A   -1.844    2.4160
C  1                1560.68A   -4.293    0.0086      Fe 2                2.25348m   -4.722    0.0032      Blnd                1335.00A   -2.891    0.2169
C  1                1560.71A   -4.654    0.0037      Fe 2                1.00139m   -5.148    0.0012      Blnd                3467.00A   -3.497    0.0537
C  1                1561.34A   -4.151    0.0119      Fe 2                1.71482m   -5.044    0.0015      Blnd                5199.00A   -1.407    6.6117
C  1                1561.37A   -4.872    0.0023      Fe 2                9384.77A   -5.192    0.0011      Blnd                1.04030m   -2.742    0.3060
C  1                1561.44A   -3.807    0.0263      Fe 2                4825.73A   -4.364    0.0073      Blnd                2141.00A   -3.815    0.0258
C  1                1656.27A   -3.599    0.0425      Fe 2                4903.85A   -4.857    0.0023      Blnd                6300.00A   -1.191   10.8670
C  1                1656.93A   -4.238    0.0097      Fe 2                5171.63A   -4.665    0.0036      Blnd                2471.00A   -3.761    0.0292
C  1                1657.01A   -3.448    0.0601      Fe 2                6516.08A   -5.226    0.0010      Blnd                7323.00A   -3.929    0.0199
C  1                1657.38A   -4.271    0.0090      Fe 2                5284.10A   -4.853    0.0024      Blnd                7332.00A   -4.012    0.0164
C  1                1657.91A   -3.870    0.0228      Fe 2                5169.03A   -3.120    0.1280      Blnd                3727.00A   -2.012    1.6407
C  1                1658.12A   -4.211    0.0104      Fe 2                5018.44A   -4.636    0.0039      Blnd                7325.00A   -3.667    0.0363
C  1                1930.90A   -5.162    0.0012      Fe 2                4923.92A   -5.127    0.0013      C 1R                1656.00A   -5.187    0.0011

                                                    Emergent line intensities
 Caution: emergent intensities are not reliable on the first iteration.
general properties.............................      Fe 2                7155.17A   -2.707    0.3324      P  2                2195.57A   -4.921    0.0020
continua.......................................      Fe 2                6896.17A   -4.249    0.0095      P  2                1536.42A   -5.078    0.0014
FIR                 83.0000m   -1.417    6.4765      Fe 2                5413.37A   -4.532    0.0050      P  2                1535.92A   -5.091    0.0014
TIR                 1800.00m   -4.464    0.0058      Fe 2                5280.27A   -5.183    0.0011      P  2                1.18828m   -2.930    0.1989
NIRa                2.85000m   -0.354   74.9525      Fe 2                5273.36A   -2.751    0.3007      P  2                2210.34A   -4.467    0.0058
NIRb                3.00000m   -1.023   16.0761      Fe 2                5158.79A   -2.132    1.2505      P  2                7875.99A   -4.137    0.0124
MIRa                15.0000m   -1.222   10.1615      Fe 2                5111.64A   -3.044    0.1530      S  1                25.2421m   -4.096    0.0136
MIRb                22.5000m   -0.896   21.5204      Fe 2                5072.41A   -2.786    0.2771      S  1                56.2957m   -5.056    0.0015
NMIR                21.7500m   -0.354   74.9525      Fe 2                5039.10A   -4.219    0.0102      S  2                6730.82A   -1.320    8.1050
TFIR                611.250m   -2.237    0.9821      Fe 2                4814.54A   -3.072    0.1434      S  2                6716.44A   -1.181   11.1611
TALL                10000.0A    0.595  666.5197      Fe 2                4774.73A   -3.517    0.0516      S  2                4076.35A   -2.758    0.2960
F12                 12.0000m   -3.017    0.1628      Fe 2                4745.49A   -4.569    0.0046      S  2                4068.60A   -2.266    0.9189
F25                 25.0000m   -1.819    2.5706      Fe 2                4243.97A   -2.416    0.6499      S  2                1.03364m   -2.896    0.2150
F60                 60.0000m   -1.493    5.4417      Fe 2                4177.20A   -3.501    0.0535      S  2                1.02867m   -2.892    0.2170
F100                100.000m   -3.757    0.0297      Fe 2                4146.65A   -5.069    0.0014      S  2                1.03705m   -3.218    0.1025
MIPS                24.0000m   -1.819    2.5672      Fe 2                4114.48A   -5.176    0.0011      S  2                1.03205m   -2.759    0.2952
MIPS                70.0000m   -1.509    5.2426      Fe 2                3387.09A   -3.858    0.0235      S  2                1259.52A   -4.076    0.0142
MIPS                160.000m   -2.266    0.9172      Fe 2                3376.20A   -3.057    0.1484      S  2                1253.81A   -4.112    0.0131
IRAC                3.60000m   -3.579    0.0447      Fe 2                2732.45A   -2.756    0.2972      S  2                1250.58A   -4.414    0.0065
IRAC                4.50000m   -2.883    0.2217      Fe 2                2493.30A   -1.632    3.9509      S  2                1550.13A   -4.893    0.0022
IRAC                5.80000m   -1.321    8.0872      Fe 2                2484.20A   -3.535    0.0494      Si 2                34.8046m   -1.306    8.3772
IRAC                8.00000m   -2.329    0.7931      Fe 2                2476.68A   -4.872    0.0023      Si 2                2334.41A   -2.918    0.2045
SPR2                350.000m   -3.587    0.0439      Fe 2                24.5126m   -2.946    0.1919      Si 2                2328.52A   -3.501    0.0534
PAC1                70.0000m   -1.506    5.2873      Fe 2                1.80940m   -1.985    1.7544      Si 2                1808.01A   -2.994    0.1718
PAC2                100.000m   -3.466    0.0579      Fe 2                1.67688m   -2.886    0.2203      Si 2                1526.71A   -4.306    0.0084
PAC3                160.000m   -2.266    0.9176      Fe 2                1.59948m   -2.808    0.2633      Si 2                1304.37A   -4.998    0.0017
PAH                 3.30000m   -4.360    0.0074      Fe 2                9051.95A   -2.514    0.5188      Si 2                1260.42A   -4.582    0.0044
PAHC                3.23000m   -4.633    0.0039      Fe 2                8891.93A   -2.947    0.1913      Si 2                1193.29A   -5.080    0.0014
PAHC                3.37000m   -4.715    0.0033      Fe 2                7452.56A   -3.199    0.1071      Si 2                2350.17A   -2.742    0.3065
PAH                 6.20000m   -4.482    0.0056      Fe 2                7172.00A   -3.205    0.1057      Si 2                2344.20A   -2.352    0.7525
PAHC                5.65000m   -3.944    0.0193      Fe 2                6275.53A   -5.074    0.0014      Si 2                2334.60A   -2.427    0.6329
PAH                 7.90000m   -4.239    0.0098      Fe 2                5527.36A   -3.615    0.0411      Si 2                1817.45A   -2.584    0.4414
PAHC                6.90000m   -2.336    0.7805      Fe 2                5433.15A   -3.265    0.0921      Si 2                1816.93A   -2.350    0.7567
PAH                 11.3000m   -5.130    0.0013      Fe 2                5261.63A   -2.518    0.5143      Si 2                1533.43A   -3.053    0.1499
PAHC                10.9000m   -4.001    0.0169      Fe 2                5220.08A   -3.789    0.0275      Si 2                1309.28A   -3.715    0.0326
PAH                 11.8000m   -5.109    0.0013      Fe 2                5184.80A   -3.683    0.0351      Si 2                1265.00A   -3.424    0.0637
PAHC                12.6500m   -3.841    0.0244      Fe 2                5158.01A   -3.620    0.0406      Si 2                1264.74A   -3.825    0.0253
PAH                 13.3000m   -5.142    0.0012      Fe 2                4947.39A   -3.016    0.1632      Si 2                1197.39A   -3.830    0.0250
PAHC                14.1000m   -3.630    0.0397      Fe 2                4905.35A   -3.372    0.0720      Si 2                1194.50A   -3.976    0.0179
Bcon                3640.00A    0.481  512.7889      Fe 2                4874.50A   -3.415    0.0651      Si 2                3862.60A   -5.098    0.0014
Pcon                5000.00A   -0.297   85.4172      Fe 2                4852.74A   -4.767    0.0029      Si 2                3856.02A   -5.054    0.0015
O3bn                5007.00A   -2.162    1.1668      Fe 2                4346.86A   -3.043    0.1533      Si 2                6371.37A   -5.016    0.0016
RRC............................................      Fe 2                4276.84A   -2.962    0.1848      Si 2                6347.11A   -4.921    0.0020
grains.........................................      Fe 2                4244.82A   -3.766    0.0290      Si 3                1892.03A   -4.912    0.0021
H-like iso-sequence............................      Fe 2                4211.11A   -5.110    0.0013      Si 3                1882.71A   -4.733    0.0031
H  1                1215.67A    0.251  301.6730      Fe 2                3455.11A   -3.962    0.0185      Zn 2                2062.00A   -4.835    0.0025
H  1                6562.80A   -1.533    4.9591      Fe 2                3452.31A   -3.653    0.0376      Zn 2                2025.48A   -4.598    0.0043
H  1                4861.32A   -2.229    1.0000      Fe 2                3440.99A   -3.536    0.0493      Al 2                2669.15A   -2.580    0.4455
H  1                4340.46A   -2.585    0.4399      Fe 2                2774.73A   -3.855    0.0236      Al 2                2660.35A   -2.403    0.6690
H  1                4101.73A   -3.827    0.0252      Fe 2                2759.34A   -4.114    0.0130      Al 2                1670.79A   -2.833    0.2490
H  1                3970.07A   -4.068    0.0145      Fe 2                2519.11A   -4.919    0.0020      Ca 2                7323.89A   -1.607    4.1902
H  1                3889.05A   -4.267    0.0092      Fe 2                2511.37A   -4.733    0.0031      Ca 2                7291.47A   -1.439    6.1581
H  1                3835.38A   -4.437    0.0062      Fe 2                2485.07A   -4.507    0.0053      Ca 2                3968.47A   -3.994    0.0172
H  1                3797.90A   -4.586    0.0044      Fe 2                2391.48A   -4.423    0.0064      Ca 2                8662.14A   -2.220    1.0212
H  1                3770.63A   -4.502    0.0053      Fe 2                2379.28A   -4.954    0.0019      Ca 2                3933.66A   -3.942    0.0194
H  1                3750.15A   -4.613    0.0041      Fe 2                2362.02A   -4.315    0.0082      Ca 2                8498.02A   -2.911    0.2079
H  1                3734.37A   -4.715    0.0033      Fe 2                35.7675m   -3.726    0.0318      Ca 2                8542.09A   -1.966    1.8329
H  1                3721.94A   -4.808    0.0026      Fe 2                1.95361m   -2.896    0.2153      Ca 2                3706.02A   -4.328    0.0080
H  1                3711.97A   -4.894    0.0022      Fe 2                1.80002m   -2.901    0.2125      Ca 2                3736.90A   -4.031    0.0158
H  1                3703.85A   -4.974    0.0018      Fe 2                1.71113m   -3.486    0.0553      Ca 2                3158.87A   -4.299    0.0085
H  1                3697.15A   -5.047    0.0015      Fe 2                1.66377m   -3.106    0.1327      Ca 2                3181.27A   -5.004    0.0017
H  1                3691.55A   -5.114    0.0013      Fe 2                9399.04A   -2.936    0.1963      Ca 2                3179.33A   -4.050    0.0151
H  1                3686.83A   -5.176    0.0011      Fe 2                9226.63A   -2.891    0.2179      Ca 2                1838.01A   -5.132    0.0013
H  1                1.87510m   -2.980    0.1775      Fe 2                9033.49A   -3.877    0.0225      Ca 2                1840.03A   -4.976    0.0018
H  1                1.28181m   -3.273    0.0903      Fe 2                7388.17A   -3.325    0.0802      Cl 2                14.3639m   -3.642    0.0386
H  1                1.09381m   -4.268    0.0091      Fe 2                6440.41A   -4.189    0.0110      Cl 2                33.2721m   -4.728    0.0032
H  1                1.00494m   -4.520    0.0051      Fe 2                5654.87A   -4.575    0.0045      Cl 2                8578.70A   -3.216    0.1030
H  1                9545.97A   -4.724    0.0032      Fe 2                5556.31A   -3.934    0.0197      Cl 2                9123.60A   -3.801    0.0268
H  1                9229.02A   -4.897    0.0021      Fe 2                5412.67A   -4.383    0.0070      Cl 2                3677.85A   -4.968    0.0018
H  1                9014.91A   -5.048    0.0015      Fe 2                5333.66A   -2.801    0.2677      Cl 2                6161.84A   -4.923    0.0020
H  1                8862.79A   -5.018    0.0016      Fe 2                5296.84A   -4.083    0.0140      Mg 2                2802.71A   -1.111   13.1186
H  1                8750.48A   -5.129    0.0013      Fe 2                5268.89A   -3.790    0.0275      Mg 2                2795.53A   -0.814   26.0009
H  1                4.05115m   -3.798    0.0270      Fe 2                5107.96A   -4.668    0.0036      Mg 2                2936.52A   -3.692    0.0344
H  1                2.62515m   -4.521    0.0051      Fe 2                5049.30A   -3.190    0.1094      Mg 2                2928.64A   -3.994    0.0172
H  1                2.16553m   -4.799    0.0027      Fe 2                5005.52A   -3.248    0.0957      Mg 2                2797.93A   -4.410    0.0066
H  1                1.94456m   -5.017    0.0016      Fe 2                4973.40A   -3.516    0.0516      Mg 2                2790.77A   -3.707    0.0332
H  1                1.81741m   -5.198    0.0011      Fe 2                4950.76A   -3.853    0.0237      Mg 2                2798.00A   -3.454    0.0595
H  1                7.45782m   -4.653    0.0038      Fe 2                4352.79A   -3.278    0.0893      Mg 2                9218.22A   -5.133    0.0012
H  1                4.65251m   -4.989    0.0017      Fe 2                4319.62A   -3.536    0.0493      N  2                205.283m   -4.077    0.0142
H  1                12.3685m   -5.101    0.0013      Fe 2                4305.90A   -4.320    0.0081      N  2                121.769m   -3.777    0.0283
He-like iso-sequence...........................      Fe 2                3504.51A   -4.264    0.0092      N  2                6548.05A   -2.891    0.2176
extra Lyman....................................      Fe 2                3504.02A   -4.123    0.0128      N  2                6583.45A   -2.422    0.6415
database lines.................................      Fe 2                3501.63A   -3.688    0.0348      N  2                5754.59A   -4.069    0.0145
Ar 2                6.98337m   -4.411    0.0066      Fe 2                3489.99A   -4.364    0.0073      N  2                2139.01A   -4.355    0.0075
C  1                1560.31A   -4.416    0.0065      Fe 2                2790.75A   -5.041    0.0015      N  2                2142.77A   -3.964    0.0184
C  1                1560.68A   -4.296    0.0086      Fe 2                2385.01A   -4.801    0.0027      Ni 2                1.19102m   -2.381    0.7042
C  1                1560.71A   -4.657    0.0037      Fe 2                2.06648m   -4.289    0.0087      Ni 2                6.63416m   -2.971    0.1812
C  1                1561.34A   -4.154    0.0119      Fe 2                1.89541m   -3.637    0.0390      Ni 2                1.07151m   -3.724    0.0320
C  1                1561.37A   -4.874    0.0023      Fe 2                1.79711m   -3.139    0.1229      Ni 2                10.6793m   -3.360    0.0739
C  1                1561.44A   -3.810    0.0263      Fe 2                1.74494m   -3.429    0.0631      Ni 2                1.16130m   -4.359    0.0074
C  1                1656.27A   -3.600    0.0426      Fe 2                9652.70A   -3.785    0.0278      Ni 2                12.7253m   -3.894    0.0216
C  1                1656.93A   -4.239    0.0098      Fe 2                9470.94A   -3.281    0.0886      Ni 2                9882.95A   -5.108    0.0013
C  1                1657.01A   -3.449    0.0603      Fe 2                9267.56A   -3.574    0.0452      Ni 2                1.09177m   -4.657    0.0037
C  1                1657.38A   -4.272    0.0091      Fe 2                6558.51A   -4.403    0.0067      Ni 2                18.2355m   -4.622    0.0040
C  1                1657.91A   -3.871    0.0228      Fe 2                5745.71A   -4.946    0.0019      Ni 2                7377.83A   -2.748    0.3027
C  1                1658.12A   -4.211    0.0104      Fe 2                5643.98A   -4.906    0.0021      Ni 2                8300.99A   -4.044    0.0153
C  1                1930.90A   -5.162    0.0012      Fe 2                5495.84A   -4.660    0.0037      Ni 2                1.93877m   -3.454    0.0596
C  1                1992.01A   -4.903    0.0021      Fe 2                5376.47A   -3.194    0.1083      Ni 2                2.36883m   -4.741    0.0031
C  1                1993.62A   -3.779    0.0282      Fe 2                5347.66A   -4.295    0.0086      Ni 2                2.91064m   -4.409    0.0066
C  1                2478.56A   -5.136    0.0012      Fe 2                5181.96A   -4.514    0.0052      Ni 2                6666.80A   -3.792    0.0274
C  1                2582.90A   -5.042    0.0015      Fe 2                5076.57A   -3.852    0.0238      Ni 2                7411.61A   -3.573    0.0453
C  1                8727.13A   -4.556    0.0047      Fe 2                5043.53A   -3.723    0.0321      Ni 2                2.30794m   -4.751    0.0030
C  1                9824.13A   -1.571    4.5497      Fe 2                5020.25A   -3.830    0.0250      Ni 2                6.91767m   -5.050    0.0015
C  1                9850.26A   -1.095   13.5924      Fe 2                4372.43A   -3.811    0.0262      Ni 2                4326.24A   -3.643    0.0386
C  1                370.269m   -3.590    0.0436      Fe 2                4358.37A   -4.002    0.0168      Ni 2                4628.05A   -4.065    0.0146
C  1                609.590m   -4.518    0.0051      Fe 2                3539.19A   -3.969    0.0182      Ni 2                6794.20A   -5.121    0.0013
C  2                1334.53A   -3.679    0.0355      Fe 2                3538.69A   -4.264    0.0092      Ni 2                7255.82A   -3.998    0.0170
C  2                1335.66A   -3.425    0.0636      Fe 2                3536.25A   -4.391    0.0069      Ni 2                7694.56A   -5.069    0.0014
C  2                1335.71A   -3.160    0.1173      Fe 2                7764.71A   -4.620    0.0041      Ni 2                1.04597m   -4.482    0.0056
C  2                2323.50A   -3.147    0.1207      Fe 2                7336.73A   -4.903    0.0021      Ni 2                1.23230m   -4.509    0.0052
C  2                2324.69A   -2.898    0.2143      Fe 2                6809.24A   -4.863    0.0023      Ni 2                4201.17A   -3.866    0.0231
C  2                2325.40A   -2.183    1.1122      Fe 2                6729.87A   -5.148    0.0012      Ni 2                4485.21A   -4.318    0.0081
C  2                2326.93A   -2.365    0.7304      Fe 2                5163.96A   -4.561    0.0047      Ni 2                7307.65A   -4.214    0.0103
C  2                2328.12A   -2.844    0.2424      Fe 2                3277.35A   -2.745    0.3049      Ni 2                7612.72A   -4.542    0.0049
C  2                157.636m   -2.579    0.4466      Fe 2                3255.89A   -3.863    0.0232      Ni 2                1.13597m   -5.225    0.0010
Co 2                10.5199m   -4.316    0.0082      Fe 2                2926.59A   -3.071    0.1438      Ni 2                4285.31A   -5.086    0.0014
Co 2                15.4548m   -5.192    0.0011      Fe 2                2880.76A   -3.781    0.0280      Ni 2                6791.48A   -4.801    0.0027
Co 2                2.98382m   -3.895    0.0216      Fe 2                2755.74A   -2.973    0.1801      Ni 2                7054.20A   -4.706    0.0033
Co 2                14.7345m   -4.676    0.0036      Fe 2                2739.55A   -3.509    0.0525      Ni 2                4033.04A   -4.130    0.0125
Co 2                1.01879m   -4.177    0.0113      Fe 2                2716.70A   -3.887    0.0220      Ni 2                4294.09A   -4.251    0.0095
Co 2                1.12804m   -5.147    0.0012      Fe 2                1.00287m   -4.564    0.0046      Ni 2                6813.57A   -4.273    0.0090
Co 2                1.54700m   -4.421    0.0064      Fe 2                8037.28A   -5.137    0.0012      Ni 2                7078.04A   -4.822    0.0026
Co 2                1.02452m   -5.219    0.0010      Fe 2                6872.19A   -5.060    0.0015      Ni 2                3993.06A   -3.731    0.0315
Co 2                9342.40A   -4.576    0.0045      Fe 2                5746.98A   -4.743    0.0031      Ni 2                4248.80A   -4.206    0.0105
Co 2                9943.48A   -4.923    0.0020      Fe 2                5283.12A   -5.169    0.0011      Ni 2                6365.10A   -4.205    0.0106
Co 2                7539.01A   -5.200    0.0011      Fe 2                4347.36A   -5.143    0.0012      Ni 2                8703.87A   -4.661    0.0037
Co 2                8121.00A   -4.912    0.0021      Fe 2                4329.43A   -4.486    0.0055      Ni 2                9956.63A   -4.887    0.0022
Cr 2                8000.08A   -3.391    0.0688      Fe 2                3302.86A   -5.046    0.0015      Ni 2                3438.88A   -3.909    0.0209
Cr 2                8125.30A   -3.467    0.0578      Fe 2                2953.77A   -4.172    0.0114      Ni 2                3626.89A   -4.216    0.0103
Cr 2                8229.67A   -3.563    0.0463      Fe 2                2772.73A   -3.526    0.0505      Ni 2                3378.16A   -4.523    0.0051
Cr 2                8308.49A   -3.752    0.0300      Fe 2                2749.32A   -3.817    0.0258      Ni 2                3559.41A   -4.502    0.0053
Cr 2                8357.64A   -4.051    0.0151      Fe 2                2970.51A   -5.214    0.0010      level 1 lines..................................
Fe 1                24.0358m   -5.135    0.0012      Fe 2                2.04602m   -4.507    0.0053      recombination..................................
Fe 2                25.9813m   -1.858    2.3498      Fe 2                1.41956m   -4.987    0.0017      level2 lines...................................
Fe 2                5.33871m   -1.323    8.0568      Fe 2                1.23314m   -4.894    0.0022      C  1                1247.50A   -4.385    0.0070
Fe 2                4.11387m   -3.647    0.0382      Fe 2                1.09108m   -4.799    0.0027      C  1                1314.77A   -4.332    0.0079
Fe 2                1.25668m   -2.563    0.4632      Fe 2                5588.16A   -4.701    0.0034      C  1                1233.29A   -4.915    0.0021
Fe 2                4704.22A   -5.157    0.0012      Fe 2                5580.82A   -4.136    0.0124      C  1                1250.68A   -5.073    0.0014
Fe 2                4632.28A   -3.367    0.0728      Fe 2                5551.32A   -3.851    0.0239      Si 2                1179.59A   -4.288    0.0087
Fe 2                4604.48A   -5.149    0.0012      Fe 2                3969.40A   -5.202    0.0011      Sc 2                3627.22A   -4.383    0.0070
Fe 2                4416.27A   -3.330    0.0792      Fe 2                3227.74A   -5.072    0.0014      Sc 2                3575.45A   -4.498    0.0054
Fe 2                4382.74A   -4.304    0.0084      Fe 2                3196.07A   -4.846    0.0024      Sc 2                3368.13A   -5.027    0.0016
Fe 2                4287.39A   -2.347    0.7622      Fe 2                2.13278m   -4.762    0.0029      Ti 2                3364.74A   -2.767    0.2897
Fe 2                3175.38A   -4.086    0.0139      Fe 2                1.09413m   -5.001    0.0017      Ti 2                3237.15A   -2.994    0.1716
Fe 2                2599.40A   -4.413    0.0066      Fe 2                1.07890m   -5.098    0.0014      Ti 2                1904.17A   -4.619    0.0041
Fe 2                2382.04A   -3.196    0.1077      Fe 2                5650.95A   -4.680    0.0035      Ti 2                1907.36A   -4.371    0.0072
Fe 2                35.3391m   -2.512    0.5207      Fe 2                5649.67A   -4.656    0.0037      V  2                2710.94A   -4.968    0.0018
Fe 2                6.71944m   -2.462    0.5842      Fe 2                5613.27A   -4.066    0.0145      V  2                2684.22A   -4.747    0.0030
Fe 2                4.88781m   -3.310    0.0829      Fe 2                2.24366m   -5.100    0.0013      V  2                2139.33A   -5.185    0.0011
Fe 2                4.07521m   -4.105    0.0133      Fe 2                2.00672m   -4.469    0.0057      Cr 2                2059.78A   -3.175    0.1131
Fe 2                1.32055m   -3.059    0.1477      Fe 2                5725.92A   -4.952    0.0019      Mn 2                1198.85A   -5.166    0.0012
Fe 2                1.24854m   -4.045    0.0153      Fe 2                5718.22A   -4.404    0.0067      Co 2                2060.90A   -4.607    0.0042
Fe 2                7637.52A   -3.262    0.0927      Fe 2                2.22379m   -3.769    0.0288      Co 2                2018.80A   -4.631    0.0040
Fe 2                4889.62A   -3.236    0.0983      Fe 2                2.01513m   -4.204    0.0106      Co 2                1949.74A   -4.687    0.0035
Fe 2                4716.37A   -4.244    0.0097      Fe 2                9682.08A   -4.438    0.0062      Co 2                1575.91A   -5.070    0.0014
Fe 2                4687.56A   -4.446    0.0061      Fe 2                8715.81A   -5.010    0.0017      Co 2                1470.18A   -5.106    0.0013
Fe 2                4492.64A   -4.200    0.0107      Fe 2                6873.84A   -4.704    0.0034      Ni 2                1751.83A   -4.099    0.0135
Fe 2                4457.95A   -3.602    0.0423      Fe 2                6188.55A   -4.740    0.0031      Ni 2                1744.24A   -3.901    0.0212
Fe 2                4432.45A   -4.397    0.0068      Fe 2                5870.02A   -5.192    0.0011      Ni 2                1484.97A   -5.107    0.0013
Fe 2                4359.33A   -2.477    0.5649      Fe 2                4898.61A   -4.993    0.0017      Ni 2                1472.74A   -4.795    0.0027
Fe 2                3224.54A   -5.186    0.0011      Fe 2                2.25348m   -4.722    0.0032      Ni 2                1400.37A   -5.068    0.0014
Fe 2                3214.67A   -4.600    0.0043      Fe 2                1.00139m   -5.150    0.0012      Ni 2                1375.73A   -4.689    0.0035
Fe 2                2625.67A   -1.554    4.7249      Fe 2                1.71482m   -5.044    0.0015      Ni 2                1324.11A   -4.779    0.0028
Fe 2                2611.87A   -2.579    0.4466      Fe 2                9384.77A   -5.194    0.0011      hyperfine structure............................
Fe 2                2598.37A   -3.875    0.0226      Fe 2                4825.73A   -4.365    0.0073      inner shell....................................
Fe 2                2395.63A   -2.671    0.3616      Fe 2                4903.85A   -4.858    0.0023      molecules......................................
Fe 2                2388.63A   -3.766    0.0290      Fe 2                5171.63A   -4.667    0.0036      bands..........................................
Fe 2                2383.06A   -4.506    0.0053      Fe 2                6516.08A   -5.228    0.0010      Fe 2b               2500.00A   -1.119   12.8734
Fe 2                2364.83A   -2.758    0.2959      Fe 2                5284.10A   -4.855    0.0024      Fe 2b               5000.00A   -1.319    8.1295
Fe 2                2332.80A   -4.329    0.0079      Fe 2                5169.03A   -3.122    0.1279      Fe 2b               7000.00A   -2.291    0.8666
Fe 2                51.2868m   -3.052    0.1501      Fe 2                5018.44A   -4.638    0.0039      Fe 2b               10000.0A   -1.108   13.1950
Fe 2                5.67236m   -4.122    0.0128      Fe 2                4923.92A   -5.129    0.0013      Fe 2b               2355.00A   -2.035    1.5640
Fe 2                4.60641m   -3.905    0.0211      Fe 2                6044.54A   -5.111    0.0013      Fe 2b               2430.00A   -1.149   12.0204
Fe 2                4.08085m   -4.632    0.0040      Fe 3                22.9190m   -4.208    0.0105      Fe 2b               2445.00A   -1.149   12.0202
Fe 2                1.37181m   -3.303    0.0844      Fe 3                4985.87A   -4.029    0.0158      Fe 2b               2495.00A   -1.625    4.0139
Fe 2                1.29427m   -3.830    0.0250      Fe 3                4881.00A   -4.742    0.0031      Fe 2b               2610.00A   -1.420    6.4403
Fe 2                7806.23A   -5.034    0.0016      Fe 3                4658.05A   -4.172    0.0114      Fe 2b               2695.00A   -3.882    0.0222
Fe 2                7686.93A   -3.348    0.0760      Fe 3                3322.54A   -4.899    0.0021      Fe 2b               2758.00A   -2.421    0.6430
Fe 2                4958.23A   -5.087    0.0014      Fe 3                3239.74A   -5.038    0.0016      Fe 2b               2780.00A   -2.387    0.6952
Fe 2                4750.57A   -5.077    0.0014      Fe 3                33.0270m   -4.752    0.0030      Fe 2b               2797.00A   -5.032    0.0016
Fe 2                4728.07A   -3.865    0.0231      Fe 3                5270.40A   -4.387    0.0070      Fe 2b               2935.00A   -2.958    0.1863
Fe 2                4514.90A   -4.228    0.0100      Fe 3                4754.69A   -4.898    0.0021      Fe 2b               2960.00A   -3.029    0.1582
Fe 2                4488.75A   -3.948    0.0191      Fe 3                4701.53A   -4.728    0.0032      Fe 2b               3180.00A   -2.665    0.3662
Fe 2                4470.30A   -5.142    0.0012      Fe 3                3371.41A   -5.033    0.0016      Fe 2b               3250.00A   -2.498    0.5381
Fe 2                4413.78A   -2.628    0.3988      Fe 3                5011.26A   -5.058    0.0015      Fe 2b               3590.00A   -2.917    0.2049
Fe 2                3254.24A   -4.663    0.0037      Fe 3                4769.43A   -5.195    0.0011      Fe 2b               3910.00A   -4.704    0.0033
Fe 2                3244.18A   -4.955    0.0019      Mg 1                2852.13A   -2.783    0.2794      Fe 2b               4255.00A   -1.739    3.0904
Fe 2                2631.32A   -2.193    1.0869      Mg 1                4562.60A   -2.731    0.3144      Fe 2b               4558.00A   -2.481    0.5592
Fe 2                2617.62A   -3.455    0.0594      Mg 1                4571.10A   -3.166    0.1154      Fe 2b               4600.00A   -2.453    0.5968
Fe 2                2607.09A   -3.791    0.0274      Mg 1                4575.29A   -4.082    0.0140      Fe 2b               4743.00A   -3.219    0.1024
Fe 2                2404.89A   -3.424    0.0639      Mg 1                5167.32A   -5.046    0.0015      Fe 2b               4855.00A   -2.633    0.3939
Fe 2                2399.24A   -4.228    0.0100      Mg 1                5172.68A   -4.568    0.0046      Fe 2b               4920.00A   -2.122    1.2783
Fe 2                2395.42A   -4.395    0.0068      Mg 1                5183.60A   -4.361    0.0074      Fe 2b               4975.00A   -2.645    0.3833
Fe 2                2380.76A   -2.463    0.5834      Mg 1                8806.76A   -4.586    0.0044      Fe 2b               4971.00A   -2.694    0.3428
Fe 2                2348.30A   -3.967    0.0183      Mg 1                1.18282m   -4.748    0.0030      Fe 2b               5070.00A   -2.582    0.4435
Fe 2                2327.40A   -4.266    0.0092      Mg 1                1.71087m   -5.223    0.0010      Fe 2b               5143.00A   -2.018    1.6244
Fe 2                87.3597m   -3.775    0.0284      Mn 2                2576.10A   -3.889    0.0219      Fe 2b               5270.00A   -1.751    3.0041
Fe 2                5.06097m   -4.563    0.0046      Mn 2                2593.72A   -3.985    0.0175      Fe 2b               5318.00A   -2.089    1.3797
Fe 2                4.43363m   -4.461    0.0059      Mn 2                2605.68A   -4.125    0.0127      Fe 2b               5540.00A   -3.147    0.1207
Fe 2                1.32777m   -4.014    0.0164      N  1                1134.41A   -4.988    0.0017      Fe 2b               5865.00A   -3.698    0.0340
Fe 2                1.27877m   -4.086    0.0139      N  1                1134.98A   -4.807    0.0026      Fe 2b               6265.00A   -4.403    0.0067
Fe 2                1.25214m   -5.127    0.0013      N  1                1199.55A   -4.558    0.0047      Fe 2b               6565.00A   -3.919    0.0204
Fe 2                7803.89A   -5.045    0.0015      N  1                1200.22A   -4.736    0.0031      Fe 2b               6910.00A   -3.905    0.0211
Fe 2                7665.28A   -4.209    0.0105      N  1                1200.71A   -5.042    0.0015      Fe 2b               7445.00A   -2.317    0.8167
Fe 2                5006.63A   -4.387    0.0069      N  1                1742.73A   -5.083    0.0014      Fe 2b               8625.00A   -2.033    1.5708
Fe 2                4772.06A   -5.180    0.0011      N  1                3466.50A   -3.581    0.0445      Fe 2b               1.03250m   -3.070    0.1442
Fe 2                4639.67A   -4.806    0.0026      N  1                3466.54A   -4.260    0.0093      Fe 2b               1.88900m   -1.832    2.4959
Fe 2                4528.39A   -4.476    0.0057      N  1                5197.90A   -1.790    2.7463      Fe 2b               2.20000m   -3.667    0.0364
Fe 2                4509.61A   -4.815    0.0026      N  1                5200.26A   -1.642    3.8642      miscellaneous..................................
Fe 2                4452.10A   -2.820    0.2561      N  1                1.03977m   -3.086    0.1390      Blnd                8446.00A   -5.046    0.0015
Fe 2                3277.55A   -4.885    0.0022      N  1                1.03982m   -3.615    0.0411      Blnd                1304.00A   -3.572    0.0453
Fe 2                3275.02A   -4.963    0.0018      N  1                1.04072m   -3.434    0.0624      Blnd                2798.00A   -0.636   39.1195
Fe 2                2631.05A   -3.663    0.0368      N  1                1.04076m   -3.428    0.0632      Blnd                6720.00A   -0.944   19.2661
Fe 2                2620.41A   -4.241    0.0097      O  1                1302.17A   -5.036    0.0016      Blnd                4074.00A   -2.144    1.2148
Fe 2                2613.82A   -4.332    0.0079      O  1                1304.86A   -3.745    0.0305      Blnd                1.03300m   -2.254    0.9443
Fe 2                2410.52A   -4.393    0.0068      O  1                1306.03A   -4.105    0.0133      Blnd                1256.00A   -3.700    0.0338
Fe 2                2406.66A   -4.559    0.0047      O  1                1355.60A   -3.886    0.0220      Blnd                2665.00A   -2.182    1.1145
Fe 2                2404.43A   -4.522    0.0051      O  1                1358.51A   -4.202    0.0106      Blnd                2335.00A   -1.939    1.9497
Fe 2                2359.11A   -4.087    0.0139      O  1                2972.29A   -3.718    0.0324      Blnd                1888.00A   -4.513    0.0052
Fe 2                2338.01A   -4.428    0.0063      O  1                5577.34A   -2.769    0.2882      Blnd                8579.00A   -1.743    3.0621
Fe 2                4.67067m   -5.086    0.0014      O  1                6300.30A   -1.313    8.2293      Blnd                7306.00A   -1.214   10.3483
Fe 2                1.29777m   -4.417    0.0065      O  1                6363.78A   -1.809    2.6288      Blnd                3933.00A   -3.666    0.0365
Fe 2                1.27034m   -4.289    0.0087      O  1                6391.73A   -5.137    0.0012      Blnd                1657.00A   -3.039    0.1549
Fe 2                7874.24A   -4.399    0.0068      O  1                63.1679m   -1.509    5.2398      Blnd                9850.00A   -0.970   18.1421
Fe 2                7733.14A   -4.856    0.0024      O  1                145.495m   -2.558    0.4688      Blnd                2326.00A   -1.845    2.4199
Fe 2                4798.28A   -4.730    0.0032      O  2                2470.22A   -4.439    0.0062      Blnd                1335.00A   -2.894    0.2164
Fe 2                4474.90A   -3.133    0.1247      O  2                2470.34A   -3.865    0.0231      Blnd                3467.00A   -3.498    0.0538
Fe 2                3289.46A   -5.051    0.0015      O  2                7318.92A   -4.523    0.0051      Blnd                5199.00A   -1.409    6.6105
Fe 2                2628.29A   -4.361    0.0074      O  2                7319.99A   -4.059    0.0148      Blnd                1.04030m   -2.743    0.3057
Fe 2                2621.67A   -4.693    0.0034      O  2                7329.67A   -4.301    0.0085      Blnd                2141.00A   -3.816    0.0259
Fe 2                2413.31A   -4.972    0.0018      O  2                7330.73A   -4.328    0.0080      Blnd                6300.00A   -1.193   10.8594
Fe 2                2411.07A   -4.985    0.0018      O  2                3728.81A   -2.244    0.9666      Blnd                2471.00A   -3.762    0.0293
Fe 2                2344.28A   -4.856    0.0024      O  2                3726.03A   -2.399    0.6752      Blnd                7323.00A   -3.931    0.0199
Fe 2                17.9311m   -2.274    0.9015      P  2                60.6263m   -3.579    0.0446      Blnd                7332.00A   -4.013    0.0164
Fe 2                1.64355m   -1.384    6.9959      P  2                32.8620m   -3.519    0.0513      Blnd                3727.00A   -2.013    1.6418
Fe 2                1.53348m   -2.461    0.5864      P  2                1.14682m   -3.354    0.0750      Blnd                7325.00A   -3.669    0.0363
Fe 2                8616.95A   -2.672    0.3601      P  2                4669.25A   -4.885    0.0022      C 1R                1656.00A   -5.188    0.0011



 IC443 NE diffuse shock -- v shock=100 km/s, T obs=12000K (upper end test)  
 Cooling:  H  1c                     0 :0.712 Fe 2c                     0 :0.073 Mg 2c                     0 :0.059  
 Heating:  TotM                      0 :0.061 H- H                      0 :0.881  

 These are some of the most important databases used by Cloudy:
 Many recombination coefficients were taken from http://amdpp.phys.strath.ac.uk/tamoc/RR/ and http://amdpp.phys.strath.ac.uk/tamoc/DR/
      and are based on the following papers:
        Badnell N. R., et al., A&A 406, 1151 (2003) [http://adsabs.harvard.edu/abs/2003A%26A...406.1151B]
        Badnell N. R., ApJS 167, 334 (2006) [http://adsabs.harvard.edu/abs/2006ApJS..167..334B]
 Much of the molecular emission data is from LAMDA as accessed on June 30, 2015. This database is described in:
        Schoeier F.L., et al., A&A 432, 369 (2005) [http://adsabs.harvard.edu/abs/2005A%26A...432..369S]
      This database is in part based on the work of the following groups:
        JPL: Pickett H. M. et al., JQSRT, 60, 883 (1998). [http://adsabs.harvard.edu/abs/1998JQSRT..60..883P]
        CDMS: Mueller H. S. et al., A&A 370, L49 (2001). [http://adsabs.harvard.edu/abs/2001A%26A...370L..49M]
              Mueller H. S. et al., J. Mol. Struct. 742, 215 (2005). [http://adsabs.harvard.edu/abs/2005JMoSt.742..215M]
 Some of the ionic emission data is from version 10.0.1 of CHIANTI. CHIANTI is a collaborative project involving the NRL (USA), the
      Universities of Florence (Italy) and Cambridge (UK), and George Mason University (USA). These papers describe Chianti:
        Dere K. P., et al., A&AS, 125, 149 (1997) [http://adsabs.harvard.edu/abs/1997A%26AS..125..149D]
        Landi E., et al., ApJ, 744, 99 (2012) [http://adsabs.harvard.edu/abs/2012ApJ...744...99L]
 Much of the H_2 data is from this web site: http://molat.obspm.fr/index.php?page=pages/Molecules/H2/H2can94.php. These data are
      described in:
        Abgrall H. et al., Can. J. Phys., 72, 856 (1994) [http://adsabs.harvard.edu/abs/1994CaJPh..72..856A]
        Wrathmall S. A. & Flower D. R., J. Phys. B, 40, 3221 (2007) [http://adsabs.harvard.edu/abs/2007JPhB...40.3221W]
 The Case A and Case B recombination predictions for one-electron systems are from
	Storey, P.J. & Hummer, D.G., 1995, MNRAS 272, 41 http://adsabs.harvard.edu/abs/1995MNRAS.272...41S
 The He I recombination predictions are from
	Porter, R. L.; Ferland, G. J.; Storey, P. J.; Detisch, M. J., 2012, MNRAS, 425, 28p http://adsabs.harvard.edu/abs/2012MNRAS.425L..28P
		http://adsabs.harvard.edu/abs/2013MNRAS.433L..89P

 If you find some process or data set to be particularly critical to a result, please follow the trail of references back to the
 original source and cite that.  This will support and encourage atomic, molecular, and chemical physicists to continue their
 valuable work.

 IONIZE PARMET:  U(1-)-37.0000  U(4-):-37.0000  U(sp):-37.00  Q(ion):   -7.501  L(ion)-17.946    Q(low): 12.218    L(low)  0.052
 ENERGY BUDGET:  Heat:  -2.959  Coolg:   0.599  Error:361326.1%  Rec Lin:   0.008  F-F  H  0.000    P(rad/tot)max     2.10E-02    R(F Con):1.737e+05

     Col(Heff):      1.743E+21  snd travl time  2.06E+12 sec  Te-low: 1.20E+04  Te-hi: 1.20E+04  G0TH85: 0.00E+00  G0DB96:0.00E+00
  Emiss Measure    n(e)n(p) dl       4.001E+21  n(e)n(He+)dl         2.863E+15  En(e)n(He++) dl         0.000E+00  ne nC+:8.16E+18
 He/Ha:3.60E-07  =   0.00*true  Lthin:1.42E+03  itr/zn: 1.64  H2 itr/zn:  0.00  File Opacity: F  MassTot 4.95e-03  (gm/cm^2)
   Temps(21 cm)   T(21cm/Ly a)  4.03E+03        T(<nH/Tkin>)  1.20E+04          T(<nH/Tspin>)    4.32E+03          TB21cm:4.42E+01
                   N(H0/Tspin)  4.64E+17        N(OH/Tkin)    9.65E+06          B(21cm)          0.00E+00
   <a>:4.04E-09  erdeFe0.0E+00  Tcompt0.00E+00  Tthr2.83E+09  <Tden>: 1.20E+04  <dens>:2.69E-21  <MolWgt>1.25E+00
     Mean Jeans  l(cm)1.18E+20  M(sun)1.18E+06  smallest:     len(cm):1.17E+20  M(sun):1.14E+06  a_ox tran:  0.00
 Rion:1.000E+30  Dist:0.00E+00  Diam:0.000E+00
 Hatom level 70  HatomType: add  HInducImp  F  He tot level: 63  He2 level:   70  ExecTime    16.6
 ConvrgError(%)  <eden>  0.324  MaxEden  0.979  <H-C>  99.99  Max(H-C)  100.00  <Press>   0.000  MaxPrs er  0.000
  Continuity(%)  chng Te   0.0  elec den   9.9  n(H2)    0.0  n(CO)        0.0

                                                        Averaged Quantities
             Te      Te(Ne)   Te(NeNp)  Te(NeHe+)Te(NeHe2+) Te(NeO+)  Te(NeO2+)  Te(H2)     N(H)     Ne(O2+)   Ne(Np)
 Radius:  1.20e+04  1.20e+04  1.20e+04  1.20e+04  0.00e+00  1.20e+04  1.20e+04  1.20e+04  1.13e+03  4.69e+01  4.67e+01
 
 Peimbert T(OIIIr)0.00E+00 T(Bac)0.00E+00 T(Hth)1.14E+04 t2(Hstrc) 2.30e-32 T(O3-BAC)8.07E+03 t2(O3-BC)-2.40e-01 t2(O3str) 2.30e-32

 Contin Optical Depths: COMP: 5.70e-05    H-: 1.73e-03 R(1300): 1.34e-02  H2+: 2.27e-05  Bra:5.71E-05
                          Pa: 5.71e-05    Ba: 1.65e-03      Hb: 1.28e-03   La: 3.31e+01     1r:1.272E+04  1.8:4.03E+03 4.:6.149E+02

 Old, new H  1 continuum optical depths:
     1 1.00e+08     2 0.00e+00     3 0.00e+00     4 0.00e+00     5 0.00e+00     6 0.00e+00     7 0.00e+00     8 0.00e+00
     9 0.00e+00    10 0.00e+00    11 0.00e+00    12 0.00e+00    13 0.00e+00    14 0.00e+00    15 0.00e+00    16 0.00e+00
    17 0.00e+00    18 0.00e+00    19 0.00e+00    20 0.00e+00    21 0.00e+00    22 0.00e+00    23 0.00e+00    24 0.00e+00
    25 0.00e+00    26 0.00e+00    27 0.00e+00    28 0.00e+00    29 0.00e+00    30 0.00e+00    31 0.00e+00    32 0.00e+00
    33 0.00e+00    34 0.00e+00    35 0.00e+00    36 0.00e+00    37 0.00e+00    38 0.00e+00    39 0.00e+00    40 0.00e+00
    41 0.00e+00    42 0.00e+00    43 0.00e+00    44 0.00e+00    45 0.00e+00    46 0.00e+00    47 0.00e+00    48 0.00e+00
    49 0.00e+00    50 0.00e+00    51 0.00e+00    52 0.00e+00    53 0.00e+00    54 0.00e+00
     1 1.27e+04     2 8.92e-04     3 1.75e-03     4 1.75e-03     5 1.75e-03     6 4.50e-04     7 4.50e-04     8 4.50e-04
     9 4.50e-04    10 1.78e-14    11 1.78e-14    12 1.78e-14    13 1.78e-14    14 1.78e-14    15 2.13e-14    16 2.13e-14
    17 2.13e-14    18 2.13e-14    19 2.13e-14    20 2.13e-14    21 4.13e-14    22 4.13e-14    23 4.13e-14    24 4.13e-14
    25 4.13e-14    26 4.13e-14    27 4.13e-14    28 7.49e-14    29 7.49e-14    30 7.49e-14    31 7.49e-14    32 7.49e-14
    33 7.49e-14    34 7.49e-14    35 7.49e-14    36 1.29e-13    37 1.29e-13    38 1.29e-13    39 1.29e-13    40 1.29e-13
    41 1.29e-13    42 1.29e-13    43 1.29e-13    44 1.29e-13    45 2.10e-13    46 2.10e-13    47 2.10e-13    48 2.10e-13
    49 2.10e-13    50 2.10e-13    51 2.10e-13    52 2.10e-13    53 2.10e-13    54 2.10e-13

 Old, new H  1 mean line optical depths:
  2- 1 2.56e+08  3- 2 0.00e+00  4- 3 0.00e+00  5- 4 0.00e+00  6- 5 0.00e+00  7- 6 0.00e+00  8- 7 0.00e+00
  9- 8 0.00e+00 10- 9 0.00e+00 11-10 0.00e+00 12-11 0.00e+00 13-12 0.00e+00 14-13 0.00e+00 15-14 0.00e+00 16-15 0.00e+00
 17-16 0.00e+00 18-17 0.00e+00 19-18 0.00e+00 20-19 0.00e+00 21-20 0.00e+00 22-21 0.00e+00 23-22 0.00e+00 24-23 0.00e+00
 25-24 0.00e+00
  2- 1 1.91e+08  3- 2 1.11e-02  4- 3 1.12e-09  5- 4 6.50e-10  6- 5 1.61e-09  7- 6-6.72e-11  8- 7 7.63e-11
  9- 8 7.05e-10 10- 9 2.38e-09 11-10 1.07e-08 12-11-1.29e-10 13-12-3.52e-10 14-13-7.58e-10 15-14-1.47e-09 16-15-2.73e-09
 17-16-4.93e-09 18-17-8.81e-09 19-18-1.58e-08 20-19-2.86e-08 21-20-5.38e-08 22-21-1.09e-07 23-22-2.51e-07 24-23-7.78e-07
 25-24-2.75e-05

 Old, new He 2 continuum optical depths:
     1 3.43e+06     2 9.96e+07     3 0.00e+00     4 0.00e+00     5 0.00e+00     6 0.00e+00     7 0.00e+00     8 0.00e+00
     9 0.00e+00    10 0.00e+00    11 0.00e+00    12 0.00e+00    13 0.00e+00    14 0.00e+00    15 0.00e+00    16 0.00e+00
    17 0.00e+00    18 0.00e+00    19 0.00e+00    20 0.00e+00    21 0.00e+00    22 0.00e+00    23 0.00e+00    24 0.00e+00
    25 0.00e+00    26 0.00e+00    27 0.00e+00    28 0.00e+00    29 0.00e+00    30 0.00e+00    31 0.00e+00    32 0.00e+00
    33 0.00e+00    34 0.00e+00    35 0.00e+00    36 0.00e+00    37 0.00e+00    38 0.00e+00    39 0.00e+00    40 0.00e+00
    41 0.00e+00    42 0.00e+00    43 0.00e+00    44 0.00e+00    45 0.00e+00    46 0.00e+00    47 0.00e+00    48 0.00e+00
    49 0.00e+00    50 0.00e+00    51 0.00e+00    52 0.00e+00    53 0.00e+00    54 0.00e+00
     1 6.15e+02     2 1.27e+04     3 4.79e-04     4 4.79e-04     5 4.79e-04     6 8.92e-04     7 8.92e-04     8 8.92e-04
     9 8.92e-04    10 1.42e-03    11 1.42e-03    12 1.42e-03    13 1.42e-03    14 1.42e-03    15 1.75e-03    16 1.75e-03
    17 1.75e-03    18 1.75e-03    19 1.75e-03    20 1.75e-03    21 1.47e-03    22 1.47e-03    23 1.47e-03    24 1.47e-03
    25 1.47e-03    26 1.47e-03    27 1.47e-03    28 4.50e-04    29 4.50e-04    30 4.50e-04    31 4.50e-04    32 4.50e-04
    33 4.50e-04    34 4.50e-04    35 4.50e-04    36 1.06e-14    37 1.06e-14    38 1.06e-14    39 1.06e-14    40 1.06e-14
    41 1.06e-14    42 1.06e-14    43 1.06e-14    44 1.06e-14    45 1.78e-14    46 1.78e-14    47 1.78e-14    48 1.78e-14
    49 1.78e-14    50 1.78e-14    51 1.78e-14    52 1.78e-14    53 1.78e-14    54 1.78e-14

 Old, new He 2 mean line optical depths:
  2- 1 2.56e+07  3- 2 0.00e+00  4- 3 0.00e+00  5- 4 0.00e+00  6- 5 0.00e+00  7- 6 0.00e+00  8- 7 0.00e+00
  9- 8 0.00e+00 10- 9 0.00e+00 11-10 0.00e+00 12-11 0.00e+00 13-12 0.00e+00 14-13 0.00e+00 15-14 0.00e+00 16-15 0.00e+00
 17-16 0.00e+00 18-17 0.00e+00 19-18 0.00e+00 20-19 0.00e+00 21-20 0.00e+00 22-21 0.00e+00 23-22 0.00e+00 24-23 0.00e+00
 25-24 0.00e+00
  2- 1 0.00e+00  3- 2 0.00e+00  4- 3 0.00e+00  5- 4 0.00e+00  6- 5 0.00e+00  7- 6 0.00e+00  8- 7 0.00e+00
  9- 8 0.00e+00 10- 9 0.00e+00 11-10 0.00e+00 12-11 0.00e+00 13-12 0.00e+00 14-13 0.00e+00 15-14 0.00e+00 16-15 0.00e+00
 17-16 0.00e+00 18-17 0.00e+00 19-18 0.00e+00 20-19 0.00e+00 21-20 0.00e+00 22-21 0.00e+00 23-22 0.00e+00 24-23 0.00e+00
 25-24 0.00e+00

 Old He Is optical depths:    1 2.36e+07    2 0.00e+00    3 0.00e+00    4 0.00e+00    5 0.00e+00
 New He Is optical depths:    1 4.03e+03    2 5.85e-04    3 7.41e-04    4 8.27e-04    5 8.27e-04
          Old He Is Lines:  584 0.00e+00 3889 0.00e+00 5016 0.00e+00 5876 0.00e+00
          New He Is Lines:  584 1.27e+07 3889 1.86e-04 5016 4.11e-10 5876 3.64e-15
IC443 NE diffuse shock -- v shock=100 km/s, T obs=12000K (upper end test)  


          Start Iteration Number 2   IC443 NE diffuse shock -- v shock=100 km/s, T obs=12000K (upper end test)  


 ####  1  Te:1.200E+04 Hden:1.134E+03 Ne:2.345E+01 R:1.000E+30 R-R0:1.064E+11 dR:2.128E+11 NTR:  1 Htot:3.628E-23 T912: 1.50e-03###
 Hydrogen      9.79e-01 2.05e-02 H+o/Hden 1.00e+00 6.45e-08 H-    H2 1.57e-07 2.08e-09 H2+ HeH+ 3.01e-10 Ho+ ColD 2.36e+14 4.95e+12
 Helium        1.00e+00 7.53e-08 0.00e+00 HeI 2s3S 4.80e-12 Comp H,C 0.00e+00 0.00e+00 Fill Fac 1.00e+00 Gam1/tot 1.13e-06
 He singlet n  1.00e+00 2.96e-18 4.56e-26 2.04e-25 6.72e-27 2.78e-26 He tripl 4.80e-12 5.51e-24 3.34e-25 3.75e-25 2.14e-26
 Pressure      NgasTgas 1.53e+07 P(total) 2.11e-09 P( gas ) 2.11e-09 P(Radtn) 0.00e+00 Rad accl 0.00e+00 ForceMul 0.00e+00
 Texc(La)      2.63e+03 T(I con) 0.00e+00 T(D con) 1.23e-01 T(U tot) 1.23e-01 nT (c+d) 2.97e+04 Prad/Gas 0.00e+00 Pmag/Gas 0.00e+00
 Molecules     CH/Ctot: 3.61e-07 CH+/Ctot 7.72e-09 CO/Ctot: 1.15e-04 CO+/Ctot 2.40e-10 H2O/Otot 2.39e-14 OH/Ototl 4.87e-07
 Lithium       1.74e-03 9.98e-01 0.00e+00 0.00e+00 Berylliu 8.42e-01 1.58e-01 1.53e-05 0.00e+00 0.00e+00 sec ion: 0.00e+00
 Boron         1.61e-01 8.39e-01 1.85e-10 0.00e+00 0.00e+00 0.00e+00
 Carbon        8.53e-01 1.47e-01 1.52e-09 0.00e+00 0.00e+00 0.00e+00 0.00e+00 H2O+/O   3.44e-14 OH+/Otot 2.32e-07 Hex(tot) 0.00e+00
 Nitrogen      9.71e-01 2.94e-02 2.81e-13 0.00e+00 0.00e+00 0.00e+00 0.00e+00 0.00e+00 O2/Ototl 9.25e-12 O2+/Otot 2.66e-10
 Oxygen        9.83e-01 1.67e-02 4.47e-18 0.00e+00 0.00e+00 0.00e+00 0.00e+00 0.00e+00 0.00e+00
 Fluorine      9.98e-01 1.74e-03 2.20e-15 0.00e+00 0.00e+00 0.00e+00 0.00e+00 0.00e+00 0.00e+00 0.00e+00
 Neon          1.00e+00 3.45e-05 1.11e-19 0.00e+00 0.00e+00 0.00e+00 0.00e+00 0.00e+00 0.00e+00 0.00e+00 0.00e+00
 Sodium        3.70e-04 1.00e+00 4.47e-17 0.00e+00 0.00e+00 0.00e+00 0.00e+00 0.00e+00 0.00e+00 0.00e+00 0.00e+00 0.00e+00
 Magnesium     5.47e-02 9.41e-01 4.58e-03 0.00e+00 0.00e+00 0.00e+00 0.00e+00 0.00e+00 0.00e+00 0.00e+00 0.00e+00 0.00e+00 0.00e+00
 Aluminium  0  1.12e-03 9.99e-01 1.40e-05 0.00e+00 0.00e+00 0.00e+00 0.00e+00 0.00e+00 0.00e+00 0.00e+00 0.00e+00 0.00e+00 0.00e+00
 Silicon    0  4.34e-02 9.56e-01 5.35e-04 0.00e+00 0.00e+00 0.00e+00 0.00e+00 0.00e+00 0.00e+00 0.00e+00 0.00e+00 0.00e+00 0.00e+00
 Phosphorus 0  7.68e-04 9.99e-01 6.72e-07 0.00e+00 0.00e+00 0.00e+00 0.00e+00 0.00e+00 0.00e+00 0.00e+00 0.00e+00 0.00e+00 0.00e+00
 Sulphur    0  2.63e-01 7.37e-01 6.78e-07 0.00e+00 0.00e+00 0.00e+00 0.00e+00 0.00e+00 0.00e+00 0.00e+00 0.00e+00 0.00e+00 0.00e+00
 Chlorine   0  1.39e-03 9.99e-01 4.95e-07 0.00e+00 0.00e+00 0.00e+00 0.00e+00 0.00e+00 0.00e+00 0.00e+00 0.00e+00 0.00e+00 0.00e+00
 Argon      0  9.90e-01 9.89e-03 6.27e-10 0.00e+00 0.00e+00 0.00e+00 0.00e+00 0.00e+00 0.00e+00 0.00e+00 0.00e+00 0.00e+00 0.00e+00
 Potassium  0  1.04e-04 1.00e+00 2.79e-10 0.00e+00 0.00e+00 0.00e+00 0.00e+00 0.00e+00 0.00e+00 0.00e+00 0.00e+00 0.00e+00 0.00e+00
 Calcium    0  1.61e-03 9.14e-01 8.49e-02 0.00e+00 0.00e+00 0.00e+00 0.00e+00 0.00e+00 0.00e+00 0.00e+00 0.00e+00 0.00e+00 0.00e+00
 Scandium   0  8.44e-04 9.26e-01 7.31e-02 0.00e+00 0.00e+00 0.00e+00 0.00e+00 0.00e+00 0.00e+00 0.00e+00 0.00e+00 0.00e+00 0.00e+00
 Titanium   0  1.55e-04 9.92e-01 7.69e-03 0.00e+00 0.00e+00 0.00e+00 0.00e+00 0.00e+00 0.00e+00 0.00e+00 0.00e+00 0.00e+00 0.00e+00
 Vanadium   0  2.22e-03 9.95e-01 2.78e-03 0.00e+00 0.00e+00 0.00e+00 0.00e+00 0.00e+00 0.00e+00 0.00e+00 0.00e+00 0.00e+00 0.00e+00
 Chromium   0  3.77e-03 9.86e-01 1.06e-02 0.00e+00 0.00e+00 0.00e+00 0.00e+00 0.00e+00 0.00e+00 0.00e+00 0.00e+00 0.00e+00 0.00e+00
 Manganese  0  1.72e-04 9.95e-01 4.97e-03 0.00e+00 0.00e+00 0.00e+00 0.00e+00 0.00e+00 0.00e+00 0.00e+00 0.00e+00 0.00e+00 0.00e+00
 Iron       0  2.73e-04 9.97e-01 2.85e-03 0.00e+00 0.00e+00 0.00e+00 0.00e+00 0.00e+00 0.00e+00 0.00e+00 0.00e+00 0.00e+00 0.00e+00
 Cobalt     0  1.90e-02 9.81e-01 3.83e-05 0.00e+00 0.00e+00 0.00e+00 0.00e+00 0.00e+00 0.00e+00 0.00e+00 0.00e+00 0.00e+00 0.00e+00
 Nickel     0  2.48e-04 1.00e+00 1.33e-09 0.00e+00 0.00e+00 0.00e+00 0.00e+00 0.00e+00 0.00e+00 0.00e+00 0.00e+00 0.00e+00 0.00e+00
 Copper     0  4.57e-02 9.54e-01 2.29e-08 0.00e+00 0.00e+00 0.00e+00 0.00e+00 0.00e+00 0.00e+00 0.00e+00 0.00e+00 0.00e+00 0.00e+00
 Zinc       0  1.62e-01 8.38e-01 4.82e-05 0.00e+00 0.00e+00 0.00e+00 0.00e+00 0.00e+00 0.00e+00 0.00e+00 0.00e+00 0.00e+00 0.00e+00
 ####127  Te:1.200E+04 Hden:1.134E+03 Ne:4.856E+01 R:1.000E+30 R-R0:1.842E+18 dR:1.436E+15 NTR:  1 Htot:5.785E-22 T912: 1.27e+04###
 Hydrogen      9.57e-01 4.26e-02 H+o/Hden 1.00e+00 1.41e-08 H-    H2 1.34e-08 1.35e-09 H2+ HeH+ 1.68e-10 Ho+ ColD 2.00e+21 8.58e+19
 Helium        1.00e+00 3.51e-07 0.00e+00 HeI 2s3S 9.79e-12 Comp H,C 3.26e-28 2.98e-28 Fill Fac 1.00e+00 Gam1/tot 1.17e-03
 He singlet n  1.00e+00 7.21e-18 2.28e-23 4.41e-25 3.03e-25 6.22e-26 He tripl 9.79e-12 1.48e-23 7.32e-25 9.13e-25 6.30e-26
 Pressure      NgasTgas 1.56e+07 P(total) 2.15e-09 P( gas ) 2.15e-09 P(Radtn) 1.08e-12 Rad accl 1.21e-08 ForceMul 2.63e+04
 Texc(La)      3.67e+03 T(I con) 0.00e+00 T(D con) 8.43e+00 T(U tot) 8.43e+00 nT (c+d) 2.04e+06 Prad/Gas 5.00e-04 Pmag/Gas 0.00e+00
 Molecules     CH/Ctot: 3.82e-08 CH+/Ctot 5.63e-09 CO/Ctot: 7.98e-10 CO+/Ctot 5.99e-12 H2O/Otot 2.51e-16 OH/Ototl 6.28e-08
 Lithium       4.43e-05 1.00e+00 0.00e+00 0.00e+00 Berylliu 1.63e-02 9.84e-01 1.10e-04 0.00e+00 0.00e+00 sec ion: 0.00e+00
 Boron         5.05e-05 1.00e+00 4.60e-10 0.00e+00 0.00e+00 0.00e+00
 Carbon        6.65e-01 3.35e-01 6.68e-09 0.00e+00 0.00e+00 0.00e+00 0.00e+00 H2O+/O   2.37e-16 OH+/Otot 3.29e-08 Hex(tot) 0.00e+00
 Nitrogen      9.40e-01 5.98e-02 2.72e-12 0.00e+00 0.00e+00 0.00e+00 0.00e+00 0.00e+00 O2/Ototl 2.25e-12 O2+/Otot 1.84e-11
 Oxygen        9.65e-01 3.48e-02 1.96e-17 0.00e+00 0.00e+00 0.00e+00 0.00e+00 0.00e+00 0.00e+00
 Fluorine      9.98e-01 2.44e-03 3.27e-15 0.00e+00 0.00e+00 0.00e+00 0.00e+00 0.00e+00 0.00e+00 0.00e+00
 Neon          1.00e+00 5.24e-05 1.91e-19 0.00e+00 0.00e+00 0.00e+00 0.00e+00 0.00e+00 0.00e+00 0.00e+00 0.00e+00
 Sodium        1.69e-04 1.00e+00 5.24e-17 0.00e+00 0.00e+00 0.00e+00 0.00e+00 0.00e+00 0.00e+00 0.00e+00 0.00e+00 0.00e+00
 Magnesium     9.70e-03 9.82e-01 8.51e-03 0.00e+00 0.00e+00 0.00e+00 0.00e+00 0.00e+00 0.00e+00 0.00e+00 0.00e+00 0.00e+00 0.00e+00
 Aluminium  0  5.62e-05 1.00e+00 1.44e-05 0.00e+00 0.00e+00 0.00e+00 0.00e+00 0.00e+00 0.00e+00 0.00e+00 0.00e+00 0.00e+00 0.00e+00
 Silicon    0  2.71e-05 9.99e-01 1.19e-03 0.00e+00 0.00e+00 0.00e+00 0.00e+00 0.00e+00 0.00e+00 0.00e+00 0.00e+00 0.00e+00 0.00e+00
 Phosphorus 0  6.62e-04 9.99e-01 1.36e-06 0.00e+00 0.00e+00 0.00e+00 0.00e+00 0.00e+00 0.00e+00 0.00e+00 0.00e+00 0.00e+00 0.00e+00
 Sulphur    0  7.08e-02 9.29e-01 9.02e-07 0.00e+00 0.00e+00 0.00e+00 0.00e+00 0.00e+00 0.00e+00 0.00e+00 0.00e+00 0.00e+00 0.00e+00
 Chlorine   0  1.28e-03 9.99e-01 5.21e-07 0.00e+00 0.00e+00 0.00e+00 0.00e+00 0.00e+00 0.00e+00 0.00e+00 0.00e+00 0.00e+00 0.00e+00
 Argon      0  9.89e-01 1.14e-02 3.34e-09 0.00e+00 0.00e+00 0.00e+00 0.00e+00 0.00e+00 0.00e+00 0.00e+00 0.00e+00 0.00e+00 0.00e+00
 Potassium  0  3.59e-05 1.00e+00 3.01e-10 0.00e+00 0.00e+00 0.00e+00 0.00e+00 0.00e+00 0.00e+00 0.00e+00 0.00e+00 0.00e+00 0.00e+00
 Calcium    0  4.15e-05 9.12e-01 8.83e-02 0.00e+00 0.00e+00 0.00e+00 0.00e+00 0.00e+00 0.00e+00 0.00e+00 0.00e+00 0.00e+00 0.00e+00
 Scandium   0  4.86e-05 9.24e-01 7.55e-02 0.00e+00 0.00e+00 0.00e+00 0.00e+00 0.00e+00 0.00e+00 0.00e+00 0.00e+00 0.00e+00 0.00e+00
 Titanium   0  9.71e-05 9.92e-01 7.77e-03 0.00e+00 0.00e+00 0.00e+00 0.00e+00 0.00e+00 0.00e+00 0.00e+00 0.00e+00 0.00e+00 0.00e+00
 Vanadium   0  6.65e-04 9.96e-01 2.95e-03 0.00e+00 0.00e+00 0.00e+00 0.00e+00 0.00e+00 0.00e+00 0.00e+00 0.00e+00 0.00e+00 0.00e+00
 Chromium   0  5.62e-05 9.78e-01 2.22e-02 0.00e+00 0.00e+00 0.00e+00 0.00e+00 0.00e+00 0.00e+00 0.00e+00 0.00e+00 0.00e+00 0.00e+00
 Manganese  0  1.08e-04 9.89e-01 1.05e-02 0.00e+00 0.00e+00 0.00e+00 0.00e+00 0.00e+00 0.00e+00 0.00e+00 0.00e+00 0.00e+00 0.00e+00
 Iron       0  1.42e-04 9.94e-01 6.02e-03 0.00e+00 0.00e+00 0.00e+00 0.00e+00 0.00e+00 0.00e+00 0.00e+00 0.00e+00 0.00e+00 0.00e+00
 Cobalt     0  4.40e-04 9.99e-01 8.29e-05 0.00e+00 0.00e+00 0.00e+00 0.00e+00 0.00e+00 0.00e+00 0.00e+00 0.00e+00 0.00e+00 0.00e+00
 Nickel     0  1.23e-04 1.00e+00 2.82e-09 0.00e+00 0.00e+00 0.00e+00 0.00e+00 0.00e+00 0.00e+00 0.00e+00 0.00e+00 0.00e+00 0.00e+00
 Copper     0  1.03e-03 9.99e-01 5.14e-08 0.00e+00 0.00e+00 0.00e+00 0.00e+00 0.00e+00 0.00e+00 0.00e+00 0.00e+00 0.00e+00 0.00e+00
 Zinc       0  1.82e-03 9.98e-01 6.57e-05 0.00e+00 0.00e+00 0.00e+00 0.00e+00 0.00e+00 0.00e+00 0.00e+00 0.00e+00 0.00e+00 0.00e+00
   IC443 NE diffuse shock -- v shock=100 km/s, T obs=12000K (upper end test)  
   Calculation stopped because H column dens reached. Iteration 2 of 2
   The geometry is plane-parallel.
  !Compton cooling rate underflows to zero.  Is this important?
  !Some input lines contained underscores, these were changed to spaces.
  !There is no hydrogen-ionizing radiation.  Was this intended?
  !Thermal collisional ionization of H reached 99.50% of the local ionization rate.
  !Charge transfer H => H+ reached 8477.9% of the local H ionization rate.
  !Charge transfer heating reached 94.40% of the local heating.
  !Destruction of He 2TriS reached 35.9% of the total He0 dest rate at zone 126, 34.4% of that was photoionization.
  !Continuum zero at some energies.
  !AGE: Cloud age was not set.  Longest timescale was 2.03e+11 s = 6.45e+03 years.
  !Heating - cooling mismatch =199.9%. Caused by constant temperature assumption. 
  !Mutual neutralization production of H-alpha was significant.
  !Incident radiation field energy density is less than 2.7K.  Add background with CMB command.
  !The CMB was not included.  This is added with the CMB command.
  !The intensity of the incident radiation field is less than 10 times the Habing diffuse ISM field.  Is this OK?
  !   Consider adding diffuse ISM emission with TABLE ISM command.
   The density is too low to l-mix the lowest H  I collapsed level.  More resolved levels are needed for accurate line ratios.
   The density is too low to l-mix the lowest He I collapsed level.  More resolved levels are needed for accurate line ratios.
   Grains were not present but might survive in this environment (energy density temperature was 0.00e+00K)
   The local H2+ photodissociation heating rate reached 2.1% of the total heating.
   H- absorption heating was 88.0% of the total.
   The continuum optical depth at the lowest energy considered (3.045e-09 Ryd) was 4.686e+00.
   The optical depth to Rayleigh scattering at 1300A is 1.34e-02

                       *********************************> Cloudy 23.01 <**********************************
                       * title IC443 NE diffuse shock -- v shock=100 km/s, T obs=12000K (upper end test) *
                       * hden 3.0545                                                                     *
                       * constant temperature, t=12000 K linear                                          *
                       * stop column density 21.32                                                       *
                       * iterate                                                                         *
                       * save results last "v100_T12000.rlt"                                             *
                       *********************************> Log(U):-37.00 <*********************************

                     Emission Line Spectrum.   Constant  Density Model.    Open geometry.  Iteration 2 of 2.
                                                     Intensity (erg/s/cm^2).


                                                   Intrinsic line intensities
general properties.............................      C  1                2478.56A   -5.218    0.0010      Fe 3                4658.05A   -4.169    0.0114
TotH                      0    -2.964    0.1828      C  1                2582.90A   -5.092    0.0014      Fe 3                3322.54A   -4.897    0.0021
TotC                      0     0.600  671.0325      C  1                8727.13A   -4.559    0.0047      Fe 3                3239.74A   -5.036    0.0015
TotM                      0    -4.172    0.0113      C  1                9824.13A   -1.564    4.6008      Fe 3                33.0270m   -4.751    0.0030
CT H                      0    -4.379    0.0070      C  1                9850.26A   -1.088   13.7449      Fe 3                5270.40A   -4.384    0.0070
H  1c                     0     0.453  478.1082      C  1                370.269m   -3.586    0.0437      Fe 3                4754.69A   -4.895    0.0021
He 1c                     0    -4.967    0.0018      C  1                609.590m   -4.515    0.0051      Fe 3                4701.53A   -4.726    0.0032
Ar 2c                     0    -4.409    0.0066      C  2                1334.53A   -3.724    0.0318      Fe 3                3371.41A   -5.031    0.0016
C  1c                     0    -0.956   18.6321      C  2                1335.66A   -3.409    0.0656      Fe 3                5011.26A   -5.055    0.0015
C  2c                     0    -1.746    3.0256      C  2                1335.71A   -3.165    0.1152      Fe 3                4769.43A   -5.193    0.0011
Co 2c                     0    -3.374    0.0711      C  2                2323.50A   -3.154    0.1181      Mg 1                2852.13A   -2.770    0.2861
Cr 2c                     0    -2.887    0.2183      C  2                2324.69A   -2.905    0.2098      Mg 1                4562.60A   -2.718    0.3221
Fe 1c                     0    -5.020    0.0016      C  2                2325.40A   -2.190    1.0886      Mg 1                4571.10A   -3.154    0.1183
Fe 2c                     0    -0.538   48.7847      C  2                2326.93A   -2.372    0.7150      Mg 1                4575.29A   -4.069    0.0144
Fe 3c                     0    -3.318    0.0811      C  2                2328.12A   -2.851    0.2373      Mg 1                5167.32A   -5.033    0.0016
Mg 1c                     0    -2.342    0.7659      C  2                157.636m   -2.587    0.4363      Mg 1                5172.68A   -4.555    0.0047
Mn 2c                     0    -3.337    0.0775      Co 2                10.5199m   -4.315    0.0082      Mg 1                5183.60A   -4.348    0.0076
N  1c                     0    -1.382    6.9884      Co 2                15.4548m   -5.191    0.0011      Mg 1                8806.76A   -4.573    0.0045
O  1c                     0    -0.997   16.9472      Co 2                2.98382m   -3.894    0.0215      Mg 1                1.18282m   -4.739    0.0031
O  2c                     0    -1.994    1.7074      Co 2                14.7345m   -4.675    0.0036      Mg 1                1.71087m   -5.219    0.0010
P  2c                     0    -2.628    0.3968      Co 2                1.01879m   -4.174    0.0113      Mn 2                2576.10A   -3.718    0.0322
S  1c                     0    -4.049    0.0150      Co 2                1.12804m   -5.145    0.0012      Mn 2                2593.72A   -3.814    0.0259
S  2c                     0    -0.896   21.3873      Co 2                1.54700m   -4.419    0.0064      Mn 2                2605.68A   -3.955    0.0187
Sc 2c                     0    -4.662    0.0037      Co 2                1.02452m   -5.216    0.0010      N  1                1134.41A   -4.952    0.0019
Si 2c                     0    -1.148   11.9883      Co 2                9342.40A   -4.573    0.0045      N  1                1134.98A   -4.771    0.0029
Si 3c                     0    -4.491    0.0054      Co 2                9943.48A   -4.920    0.0020      N  1                1199.55A   -4.555    0.0047
Zn 2c                     0    -4.435    0.0062      Co 2                7539.01A   -5.197    0.0011      N  1                1200.22A   -4.734    0.0031
Al 2c                     0    -2.094    1.3570      Co 2                8121.00A   -4.909    0.0021      N  1                1200.71A   -5.040    0.0015
Ca 2c                     0    -1.095   13.5192      Cr 2                8000.08A   -3.388    0.0689      N  1                1742.73A   -5.093    0.0014
Cl 2c                     0    -2.982    0.1755      Cr 2                8125.30A   -3.464    0.0579      N  1                3466.50A   -3.578    0.0445
Mg 2c                     0    -0.632   39.2722      Cr 2                8229.67A   -3.561    0.0463      N  1                3466.54A   -4.258    0.0093
N  2c                     0    -2.251    0.9449      Cr 2                8308.49A   -3.749    0.0300      N  1                5197.90A   -1.788    2.7471
Ni 2c                     0    -1.978    1.7732      Cr 2                8357.64A   -4.048    0.0151      N  1                5200.26A   -1.639    3.8650
continua.......................................      Fe 1                24.0358m   -5.126    0.0013      N  1                1.03977m   -3.083    0.1391
Bac                 3646.00A   -2.218    1.0206      Fe 2                25.9813m   -1.856    2.3455      N  1                1.03982m   -3.612    0.0411
nFnu                3645.00A   -0.542   48.3196      Fe 2                5.33871m   -1.322    8.0204      N  1                1.04072m   -3.431    0.0624
nFnu                3647.00A   -0.552   47.2991      Fe 2                4.11387m   -3.646    0.0380      N  1                1.04076m   -3.425    0.0633
cout                3646.00A   -2.518    0.5112      Fe 2                1.25668m   -2.562    0.4619      O  1                1302.17A   -5.034    0.0016
cref                3646.00A   -2.519    0.5094      Fe 2                4704.22A   -5.155    0.0012      O  1                1304.86A   -3.793    0.0271
thin                3646.00A   -2.217    1.0227      Fe 2                4632.28A   -3.364    0.0728      O  1                1306.03A   -4.002    0.0168
Ba C                      0    -2.827    0.2507      Fe 2                4604.48A   -5.146    0.0012      O  1                1355.60A   -3.878    0.0223
PA C                      0    -3.253    0.0941      Fe 2                4416.27A   -3.328    0.0791      O  1                1358.51A   -4.208    0.0104
FIR                 83.0000m   -1.417    6.4470      Fe 2                4382.74A   -4.302    0.0084      O  1                2972.29A   -3.716    0.0324
TIR                 1800.00m   -4.461    0.0058      Fe 2                4287.39A   -2.353    0.7473      O  1                5577.34A   -2.767    0.2883
NIRa                2.85000m   -0.352   74.8667      Fe 2                3175.38A   -4.085    0.0139      O  1                6300.30A   -1.311    8.2356
NIRb                3.00000m   -1.022   16.0009      Fe 2                2599.40A   -4.349    0.0075      O  1                6363.78A   -1.806    2.6309
MIRa                15.0000m   -1.221   10.1170      Fe 2                2382.04A   -3.105    0.1323      O  1                6391.73A   -5.135    0.0012
MIRb                22.5000m   -0.895   21.4407      Fe 2                35.3391m   -2.511    0.5199      O  1                63.1679m   -1.509    5.2225
NMIR                21.7500m   -0.352   74.8667      Fe 2                6.71944m   -2.462    0.5815      O  1                145.495m   -2.557    0.4676
TFIR                611.250m   -2.239    0.9708      Fe 2                4.88781m   -3.310    0.0825      O  2                2470.22A   -4.438    0.0062
TALL                10000.0A    0.600  669.9935      Fe 2                4.07521m   -4.104    0.0132      O  2                2470.34A   -3.863    0.0231
F12                 12.0000m   -3.016    0.1624      Fe 2                1.32055m   -3.058    0.1473      O  2                7318.92A   -4.520    0.0051
F25                 25.0000m   -1.817    2.5650      Fe 2                1.24854m   -4.043    0.0153      O  2                7319.99A   -4.056    0.0148
F60                 60.0000m   -1.492    5.4238      Fe 2                7637.52A   -3.259    0.0928      O  2                7329.67A   -4.298    0.0085
F100                100.000m   -3.756    0.0296      Fe 2                4889.62A   -3.234    0.0983      O  2                7330.73A   -4.325    0.0080
MIPS                24.0000m   -1.818    2.5617      Fe 2                4716.37A   -4.242    0.0096      O  2                3728.81A   -2.241    0.9663
MIPS                70.0000m   -1.508    5.2253      Fe 2                4687.56A   -4.444    0.0061      O  2                3726.03A   -2.397    0.6749
MIPS                160.000m   -2.269    0.9057      Fe 2                4492.64A   -4.197    0.0107      P  2                60.6263m   -3.579    0.0444
IRAC                3.60000m   -3.578    0.0445      Fe 2                4457.95A   -3.600    0.0423      P  2                32.8620m   -3.518    0.0511
IRAC                4.50000m   -2.882    0.2209      Fe 2                4432.45A   -4.394    0.0068      P  2                1.14682m   -3.351    0.0751
IRAC                5.80000m   -1.321    8.0507      Fe 2                4359.33A   -2.483    0.5539      P  2                4669.25A   -4.883    0.0022
IRAC                8.00000m   -2.329    0.7898      Fe 2                3224.54A   -5.184    0.0011      P  2                2195.57A   -4.919    0.0020
SPR2                350.000m   -3.582    0.0441      Fe 2                3214.67A   -4.598    0.0042      P  2                1536.42A   -5.092    0.0014
PAC1                70.0000m   -1.505    5.2699      Fe 2                2625.67A   -1.534    4.9197      P  2                1535.92A   -5.081    0.0014
PAC2                100.000m   -3.465    0.0577      Fe 2                2611.87A   -2.604    0.4192      P  2                1.18828m   -2.928    0.1990
PAC3                160.000m   -2.269    0.9061      Fe 2                2598.37A   -3.890    0.0217      P  2                2210.34A   -4.466    0.0058
PAH                 3.30000m   -4.360    0.0074      Fe 2                2395.63A   -2.637    0.3885      P  2                7875.99A   -4.134    0.0124
PAHC                3.23000m   -4.632    0.0039      Fe 2                2388.63A   -3.770    0.0286      S  1                25.2421m   -4.111    0.0130
PAHC                3.37000m   -4.714    0.0033      Fe 2                2383.06A   -4.587    0.0044      S  1                56.2957m   -5.071    0.0014
PAH                 6.20000m   -4.481    0.0056      Fe 2                2364.83A   -2.762    0.2915      S  2                6730.82A   -1.317    8.1195
PAHC                5.65000m   -3.943    0.0192      Fe 2                2332.80A   -4.312    0.0082      S  2                6716.44A   -1.178   11.1807
PAH                 7.90000m   -4.238    0.0097      Fe 2                51.2868m   -3.052    0.1496      S  2                4076.35A   -2.755    0.2961
PAHC                6.90000m   -2.336    0.7772      Fe 2                5.67236m   -4.121    0.0127      S  2                4068.60A   -2.263    0.9192
PAH                 11.3000m   -5.129    0.0013      Fe 2                4.60641m   -3.904    0.0210      S  2                1.03364m   -2.893    0.2154
PAHC                10.9000m   -4.000    0.0168      Fe 2                4.08085m   -4.631    0.0039      S  2                1.02867m   -2.889    0.2174
PAH                 11.8000m   -5.108    0.0013      Fe 2                1.37181m   -3.302    0.0841      S  2                1.03705m   -3.215    0.1027
PAHC                12.6500m   -3.840    0.0243      Fe 2                1.29427m   -3.828    0.0250      S  2                1.03205m   -2.755    0.2958
PAH                 13.3000m   -5.141    0.0012      Fe 2                7806.23A   -5.032    0.0016      S  2                1259.52A   -4.039    0.0154
PAHC                14.1000m   -3.629    0.0396      Fe 2                7686.93A   -3.345    0.0761      S  2                1253.81A   -4.091    0.0137
Bcon                3640.00A    0.483  511.9540      Fe 2                4958.23A   -5.085    0.0014      S  2                1250.58A   -4.404    0.0066
Pcon                5000.00A   -0.294   85.5113      Fe 2                4750.57A   -5.074    0.0014      S  2                1550.13A   -5.050    0.0015
O3bn                5007.00A   -2.159    1.1670      Fe 2                4728.07A   -3.862    0.0231      Si 2                34.8046m   -1.305    8.3479
HFFc                      0    -2.883    0.2206      Fe 2                4514.90A   -4.225    0.0100      Si 2                2334.41A   -2.916    0.2046
H FF                      0    -3.097    0.1347      Fe 2                4488.75A   -3.946    0.0191      Si 2                2328.52A   -3.500    0.0533
MeFB                      0    -4.924    0.0020      Fe 2                4470.30A   -5.140    0.0012      Si 2                1808.01A   -2.952    0.1879
ToFF                      0    -3.095    0.1355      Fe 2                4413.78A   -2.634    0.3910      Si 2                1526.71A   -4.299    0.0085
Mion                      0    -3.938    0.0194      Fe 2                3254.24A   -4.661    0.0037      Si 2                1304.37A   -5.051    0.0015
nFnu                122.400m   -4.845    0.0024      Fe 2                3244.18A   -4.953    0.0019      Si 2                1260.42A   -4.559    0.0046
nFnu                60.8322m   -4.586    0.0044      Fe 2                2631.32A   -2.173    1.1316      Si 2                1193.29A   -5.019    0.0016
nFnu                41.2152m   -4.430    0.0063      Fe 2                2617.62A   -3.463    0.0580      Si 2                2350.17A   -2.741    0.3057
nFnu                30.8695m   -4.315    0.0082      Fe 2                2607.09A   -3.757    0.0295      Si 2                2344.20A   -2.351    0.7513
nFnu                24.7829m   -4.224    0.0101      Fe 2                2404.89A   -3.373    0.0714      Si 2                2334.60A   -2.426    0.6318
nFnu                24.2998m   -4.215    0.0103      Fe 2                2399.24A   -4.190    0.0109      Si 2                1817.45A   -2.599    0.4243
nFnu                22.8302m   -4.189    0.0109      Fe 2                2395.42A   -4.443    0.0061      Si 2                1816.93A   -2.348    0.7554
nFnu                21.4199m   -4.162    0.0116      Fe 2                2380.76A   -2.403    0.6653      Si 2                1533.43A   -3.050    0.1503
nFnu                21.1235m   -4.155    0.0118      Fe 2                2348.30A   -3.926    0.0200      Si 2                1309.28A   -3.709    0.0329
nFnu                19.6199m   -4.122    0.0127      Fe 2                2327.40A   -4.273    0.0090      Si 2                1265.00A   -3.422    0.0637
nFnu                17.6534m   -4.075    0.0142      Fe 2                87.3597m   -3.774    0.0284      Si 2                1264.74A   -3.823    0.0253
nFnu                17.3700m   -4.067    0.0144      Fe 2                5.06097m   -4.562    0.0046      Si 2                1197.39A   -3.809    0.0262
nFnu                15.6901m   -4.020    0.0161      Fe 2                4.43363m   -4.460    0.0058      Si 2                1194.50A   -3.955    0.0187
nFnu                14.6036m   -3.985    0.0174      Fe 2                1.32777m   -4.012    0.0164      Si 2                3862.60A   -5.096    0.0014
nFnu                12.4300m   -3.902    0.0211      Fe 2                1.27877m   -4.084    0.0139      Si 2                3856.02A   -5.052    0.0015
nFnu                11.4000m   -3.857    0.0234      Fe 2                1.25214m   -5.125    0.0013      Si 2                6371.37A   -5.013    0.0016
nFnu                10.4600m   -3.806    0.0263      Fe 2                7803.89A   -5.042    0.0015      Si 2                6347.11A   -4.918    0.0020
nFnu                9.48002m   -3.751    0.0299      Fe 2                7665.28A   -4.206    0.0105      Si 3                1892.03A   -4.911    0.0021
nFnu                9.32488m   -3.741    0.0306      Fe 2                5006.63A   -4.385    0.0069      Si 3                1882.71A   -4.732    0.0031
nFnu                8.21035m   -3.659    0.0369      Fe 2                4772.06A   -5.178    0.0011      Zn 2                2062.00A   -4.833    0.0025
nFnu                7.58000m   -3.607    0.0416      Fe 2                4639.67A   -4.804    0.0026      Zn 2                2025.48A   -4.596    0.0043
nFnu                7.05026m   -3.551    0.0473      Fe 2                4528.39A   -4.474    0.0057      Al 2                2669.15A   -2.578    0.4449
nFnu                4.11370m   -3.099    0.1340      Fe 2                4509.61A   -4.813    0.0026      Al 2                2660.35A   -2.402    0.6681
nFnu                2.32440m   -2.511    0.5193      Fe 2                4452.10A   -2.827    0.2511      Al 2                1670.79A   -2.831    0.2486
nFnu                1.64313m   -2.125    1.2618      Fe 2                3277.55A   -4.883    0.0022      Ca 2                7323.89A   -1.604    4.1958
nFnu                1.48022m   -2.013    1.6360      Fe 2                3275.02A   -4.961    0.0018      Ca 2                7291.47A   -1.436    6.1664
nFnu                1.43649m   -1.972    1.7971      Fe 2                2631.05A   -3.632    0.0393      Ca 2                3968.47A   -3.984    0.0175
nFnu                1.11867m   -1.705    3.3242      Fe 2                2620.41A   -4.375    0.0071      Ca 2                8662.14A   -2.217    1.0226
nFnu                8329.68A   -1.390    6.8601      Fe 2                2613.82A   -4.323    0.0080      Ca 2                3933.66A   -3.941    0.0193
nFnu                8078.61A   -1.350    7.5154      Fe 2                2410.52A   -4.351    0.0075      Ca 2                8498.02A   -2.908    0.2083
nFnu                6209.66A   -1.079   14.0469      Fe 2                2406.66A   -4.502    0.0053      Ca 2                8542.09A   -1.963    1.8357
nFnu                4885.36A   -0.837   24.5133      Fe 2                2404.43A   -4.542    0.0048      Ca 2                3706.02A   -4.326    0.0080
nFnu                3704.34A   -0.566   45.7252      Fe 2                2359.11A   -4.068    0.0144      Ca 2                3736.90A   -4.029    0.0157
nFnu                3587.67A   -0.529   49.8155      Fe 2                2338.01A   -4.387    0.0069      Ca 2                3158.87A   -4.297    0.0085
nFnu                2430.05A   -0.179  111.5877      Fe 2                4.67067m   -5.085    0.0014      Ca 2                3181.27A   -5.002    0.0017
nFnu                2392.03A   -0.165  115.2790      Fe 2                1.29777m   -4.414    0.0065      Ca 2                3179.33A   -4.048    0.0151
nFnu                2071.34A   -0.046  151.4194      Fe 2                1.27034m   -4.287    0.0087      Ca 2                1838.01A   -5.130    0.0012
nFnu                2052.68A   -0.038  154.1826      Fe 2                7874.24A   -4.396    0.0068      Ca 2                1840.03A   -4.974    0.0018
nFnu                1793.44A    0.058  192.6652      Fe 2                7733.14A   -4.853    0.0024      Cl 2                14.3639m   -3.641    0.0385
nFnu                1585.12A    0.123  223.7755      Fe 2                4798.28A   -4.728    0.0032      Cl 2                33.2721m   -4.727    0.0032
nFnu                1458.33A    0.134  229.4242      Fe 2                4474.90A   -3.139    0.1223      Cl 2                8578.70A   -3.213    0.1031
nFnu                1356.96A    0.093  208.8094      Fe 2                3289.46A   -5.049    0.0015      Cl 2                9123.60A   -3.798    0.0268
nFnu                1297.29A   -0.020  160.7718      Fe 2                2628.29A   -4.321    0.0080      Cl 2                3677.85A   -4.966    0.0018
nFnu                1262.79A   -0.200  106.1900      Fe 2                2621.67A   -4.702    0.0033      Cl 2                6161.84A   -4.920    0.0020
nFnu                1218.08A   -4.444    0.0061      Fe 2                2413.31A   -4.907    0.0021      Mg 2                2802.71A   -1.109   13.0979
nFnu                1196.33A   -3.889    0.0217      Fe 2                2411.07A   -4.908    0.0021      Mg 2                2795.53A   -0.812   25.9604
nFnu                1175.06A   -3.895    0.0215      Fe 2                2344.28A   -4.790    0.0027      Mg 2                2936.52A   -3.691    0.0343
nFnu                1143.64A   -3.979    0.0177      Fe 2                17.9311m   -2.273    0.8980      Mg 2                2928.64A   -3.993    0.0171
nFnu                1113.22A   -4.059    0.0147      Fe 2                1.64355m   -1.384    6.9570      Mg 2                2797.93A   -4.408    0.0066
nFnu                1103.23A   -4.079    0.0140      Fe 2                1.53348m   -2.460    0.5845      Mg 2                2790.77A   -3.706    0.0332
nFnu                1073.86A   -4.707    0.0033      Fe 2                8616.95A   -2.670    0.3605      Mg 2                2798.00A   -3.453    0.0594
nFnu                1064.34A   -4.738    0.0031      Fe 2                7155.17A   -2.704    0.3327      Mg 2                9218.22A   -5.130    0.0012
nFnu                1035.92A   -4.820    0.0025      Fe 2                6896.17A   -4.246    0.0096      N  2                205.283m   -4.076    0.0141
nFnu                1000.00A   -4.937    0.0019      Fe 2                5413.37A   -4.530    0.0050      N  2                121.769m   -3.776    0.0282
nFnu                925.144A   -5.158    0.0012      Fe 2                5280.27A   -5.181    0.0011      N  2                6548.05A   -2.888    0.2179
RRC............................................      Fe 2                5273.36A   -2.748    0.3008      N  2                6583.45A   -2.419    0.6423
H  1                3645.98A   -3.225    0.1004      Fe 2                5158.79A   -2.129    1.2506      N  2                5754.59A   -4.066    0.0145
H  1                3645.98A   -2.894    0.2152      Fe 2                5111.64A   -3.042    0.1530      N  2                2139.01A   -4.353    0.0075
H  1                8203.57A   -3.949    0.0189      Fe 2                5072.41A   -2.784    0.2771      N  2                2142.77A   -3.962    0.0184
H  1                8203.57A   -3.572    0.0452      Fe 2                5039.10A   -4.217    0.0102      Ni 2                1.19102m   -2.379    0.7041
H  1                8203.57A   -3.697    0.0338      Fe 2                4814.54A   -3.070    0.1433      Ni 2                6.63416m   -2.970    0.1806
H  1                1.45842m   -4.427    0.0063      Fe 2                4774.73A   -3.514    0.0516      Ni 2                1.07151m   -3.721    0.0320
H  1                1.45842m   -4.043    0.0152      Fe 2                4745.49A   -4.567    0.0046      Ni 2                10.6793m   -3.359    0.0737
H  1                1.45842m   -4.063    0.0146      Fe 2                4243.97A   -2.414    0.6495      Ni 2                1.16130m   -4.356    0.0074
H  1                1.45842m   -4.426    0.0063      Fe 2                4177.20A   -3.499    0.0534      Ni 2                12.7253m   -3.893    0.0216
H  1                2.27878m   -4.777    0.0028      Fe 2                4146.65A   -5.067    0.0014      Ni 2                9882.95A   -5.105    0.0013
H  1                2.27878m   -4.394    0.0068      Fe 2                4114.48A   -5.174    0.0011      Ni 2                1.09177m   -4.655    0.0037
H  1                2.27878m   -4.382    0.0070      Fe 2                3387.09A   -3.856    0.0235      Ni 2                18.2355m   -4.621    0.0040
H  1                2.27878m   -4.600    0.0042      Fe 2                3376.20A   -3.055    0.1483      Ni 2                7377.83A   -2.745    0.3032
H  1                2.27878m   -5.114    0.0013      Fe 2                2732.45A   -2.881    0.2217      Ni 2                8300.99A   -4.041    0.0153
H  1                3.28145m   -5.052    0.0015      Fe 2                2493.30A   -1.633    3.9230      Ni 2                1.93877m   -3.453    0.0594
H  1                3.28145m   -4.671    0.0036      Fe 2                2484.20A   -3.552    0.0473      Ni 2                2.36883m   -4.739    0.0031
H  1                3.28145m   -4.647    0.0038      Fe 2                2476.68A   -4.986    0.0017      Ni 2                2.91064m   -4.408    0.0066
H  1                3.28145m   -4.812    0.0026      Fe 2                24.5126m   -2.945    0.1913      Ni 2                6666.80A   -3.789    0.0274
H  1                3.28145m   -5.154    0.0012      Fe 2                1.80940m   -1.985    1.7446      Ni 2                7411.61A   -3.570    0.0453
H  1                4.46642m   -4.898    0.0021      Fe 2                1.67688m   -2.885    0.2195      Ni 2                2.30794m   -4.750    0.0030
H  1                4.46642m   -4.870    0.0023      Fe 2                1.59948m   -2.807    0.2626      Ni 2                6.91767m   -5.049    0.0015
H  1                4.46642m   -5.010    0.0016      Fe 2                9051.95A   -2.511    0.5194      Ni 2                4326.24A   -3.640    0.0386
H  1                5.83369m   -5.091    0.0014      Fe 2                8891.93A   -2.944    0.1915      Ni 2                4628.05A   -4.062    0.0146
H  1                5.83369m   -5.060    0.0015      Fe 2                7452.56A   -3.196    0.1072      Ni 2                6794.20A   -5.118    0.0013
H  1                5.83369m   -5.187    0.0011      Fe 2                7172.00A   -3.202    0.1058      Ni 2                7255.82A   -3.995    0.0170
H  1                7.38326m   -5.226    0.0010      Fe 2                6275.53A   -5.071    0.0014      Ni 2                7694.56A   -5.066    0.0014
H  1                11.0293m   -4.893    0.0022      Fe 2                5527.36A   -3.612    0.0411      Ni 2                1.04597m   -4.479    0.0056
H  1                13.1258m   -5.005    0.0017      Fe 2                5433.15A   -3.262    0.0921      Ni 2                1.23230m   -4.506    0.0052
H  1                15.4046m   -5.109    0.0013      Fe 2                5261.63A   -2.515    0.5145      Ni 2                4201.17A   -3.863    0.0231
H  1                17.8657m   -5.205    0.0011      Fe 2                5220.08A   -3.787    0.0275      Ni 2                4485.21A   -4.316    0.0081
H  1                56.9697m   -4.739    0.0031      Fe 2                5184.80A   -3.681    0.0351      Ni 2                7307.65A   -4.211    0.0104
Si 1                1520.96A   -5.204    0.0011      Fe 2                5158.01A   -3.617    0.0406      Ni 2                7612.72A   -4.540    0.0049
grains.........................................      Fe 2                4947.39A   -3.014    0.1631      Ni 2                1.13597m   -5.223    0.0010
H-like iso-sequence............................      Fe 2                4905.35A   -3.369    0.0720      Ni 2                4285.31A   -5.084    0.0014
Cool                1215.67A    0.226  283.4945      Fe 2                4874.50A   -3.413    0.0651      Ni 2                6791.48A   -4.799    0.0027
Crst                960.000A    0.063  194.6137      Fe 2                4852.74A   -4.765    0.0029      Ni 2                7054.20A   -4.703    0.0033
CION                      0    -1.670    3.6006      Fe 2                4346.86A   -3.041    0.1532      Ni 2                4033.04A   -4.128    0.0125
Ca B                1215.67A   -1.836    2.4551      Fe 2                4276.84A   -2.960    0.1847      Ni 2                4294.09A   -4.249    0.0095
CaBo                4861.32A   -3.377    0.0707      Fe 2                4244.82A   -3.764    0.0290      Ni 2                6813.57A   -4.270    0.0090
Ca A                1215.67A   -2.033    1.5614      Fe 2                4211.11A   -5.108    0.0013      Ni 2                7078.04A   -4.819    0.0026
Ca A                1025.72A   -2.670    0.3605      Fe 2                3455.11A   -3.960    0.0185      Ni 2                3993.06A   -3.729    0.0315
Ca A                972.537A   -3.078    0.1408      Fe 2                3452.31A   -3.651    0.0376      Ni 2                4248.80A   -4.204    0.0105
Ca A                949.743A   -3.381    0.0701      Fe 2                3440.99A   -3.534    0.0492      Ni 2                6365.10A   -4.202    0.0106
Ca A                937.803A   -3.623    0.0401      Fe 2                2774.73A   -4.010    0.0165      Ni 2                8703.87A   -4.658    0.0037
Ca A                930.748A   -3.826    0.0252      Fe 2                2759.34A   -4.314    0.0082      Ni 2                9956.63A   -4.884    0.0022
Ca A                926.226A   -4.000    0.0169      Fe 2                2519.11A   -4.984    0.0017      Ni 2                3438.88A   -3.907    0.0209
Ca A                923.150A   -4.153    0.0118      Fe 2                2511.37A   -4.876    0.0022      Ni 2                3626.89A   -4.214    0.0103
Ca A                920.963A   -4.289    0.0086      Fe 2                2485.07A   -4.629    0.0040      Ni 2                3378.16A   -4.521    0.0051
Ca A                919.351A   -4.413    0.0065      Fe 2                2391.48A   -4.422    0.0064      Ni 2                3559.41A   -4.500    0.0053
Ca A                918.129A   -4.525    0.0050      Fe 2                2379.28A   -4.952    0.0019      level 1 lines..................................
Ca A                917.181A   -4.629    0.0040      Fe 2                2362.02A   -4.307    0.0083      recombination..................................
Ca A                916.429A   -4.724    0.0032      Fe 2                35.7675m   -3.725    0.0317      C  1                1657.00A   -5.194    0.0011
Ca A                915.824A   -4.813    0.0026      Fe 2                1.95361m   -2.896    0.2141      C  1                1140.10A   -4.676    0.0036
Ca A                915.329A   -4.896    0.0021      Fe 2                1.80002m   -2.901    0.2117      level2 lines...................................
Ca A                914.919A   -4.974    0.0018      Fe 2                1.71113m   -3.485    0.0551      C  1                1247.50A   -4.377    0.0071
Ca A                914.576A   -5.047    0.0015      Fe 2                1.66377m   -3.105    0.1323      C  1                1314.77A   -4.324    0.0080
Ca A                914.286A   -5.116    0.0013      Fe 2                9399.04A   -2.933    0.1965      C  1                1165.98A   -5.196    0.0011
Ca A                914.039A   -5.180    0.0011      Fe 2                9226.63A   -2.888    0.2181      C  1                1233.29A   -4.907    0.0021
Ca A                6562.80A   -3.113    0.1300      Fe 2                9033.49A   -3.875    0.0225      C  1                1250.68A   -5.064    0.0015
Ca A                4861.32A   -3.556    0.0469      Fe 2                7388.17A   -3.322    0.0803      Si 2                1179.59A   -4.262    0.0092
Ca A                4340.46A   -3.877    0.0223      Fe 2                6440.41A   -4.186    0.0110      Sc 2                3627.22A   -4.381    0.0070
Ca A                4101.73A   -4.130    0.0125      Fe 2                5654.87A   -4.572    0.0045      Sc 2                3575.45A   -4.496    0.0054
Ca A                3970.07A   -4.338    0.0077      Fe 2                5556.31A   -3.931    0.0197      Sc 2                3368.13A   -5.024    0.0016
Ca A                3889.05A   -4.516    0.0051      Fe 2                5412.67A   -4.381    0.0070      Ti 2                3364.74A   -2.764    0.2898
Ca A                3835.38A   -4.672    0.0036      Fe 2                5333.66A   -2.799    0.2678      Ti 2                3237.15A   -2.992    0.1716
Ca A                3797.90A   -4.810    0.0026      Fe 2                5296.84A   -4.080    0.0140      Ti 2                1904.17A   -4.617    0.0041
Ca A                3770.63A   -4.934    0.0020      Fe 2                5268.89A   -3.788    0.0275      Ti 2                1907.36A   -4.369    0.0072
Ca A                3750.15A   -5.048    0.0015      Fe 2                5107.96A   -4.665    0.0036      V  2                2710.94A   -4.966    0.0018
Ca A                3734.37A   -5.152    0.0012      Fe 2                5049.30A   -3.187    0.1094      V  2                2684.22A   -4.745    0.0030
Ca A                1.87510m   -3.916    0.0204      Fe 2                5005.52A   -3.246    0.0957      V  2                2139.33A   -5.183    0.0011
Ca A                1.28181m   -4.236    0.0098      Fe 2                4973.40A   -3.514    0.0516      Cr 2                2059.78A   -3.173    0.1130
Ca A                1.09381m   -4.493    0.0054      Fe 2                4950.76A   -3.851    0.0237      Mn 2                1198.85A   -5.163    0.0012
Ca A                1.00494m   -4.706    0.0033      Fe 2                4352.79A   -3.276    0.0893      Co 2                2060.90A   -4.605    0.0042
Ca A                9545.97A   -4.887    0.0022      Fe 2                4319.62A   -3.534    0.0492      Co 2                2018.80A   -4.628    0.0040
Ca A                9229.02A   -5.044    0.0015      Fe 2                4305.90A   -4.317    0.0081      Co 2                1949.74A   -4.685    0.0035
Ca A                9014.91A   -5.184    0.0011      Fe 2                3504.51A   -4.262    0.0092      Co 2                1575.91A   -5.064    0.0015
Ca A                4.05115m   -4.523    0.0050      Fe 2                3504.02A   -4.121    0.0127      Co 2                1470.18A   -5.100    0.0013
Ca A                2.62515m   -4.770    0.0029      Fe 2                3501.63A   -3.686    0.0347      Ni 2                1751.83A   -4.097    0.0135
Ca A                2.16553m   -4.983    0.0018      Fe 2                3489.99A   -4.362    0.0073      Ni 2                1744.24A   -3.900    0.0212
Ca A                1.94456m   -5.166    0.0011      Fe 2                2385.01A   -4.799    0.0027      Ni 2                1484.97A   -5.101    0.0013
Ca A                7.45782m   -5.017    0.0016      Fe 2                2.06648m   -4.289    0.0087      Ni 2                1472.74A   -4.789    0.0027
Ca A                4.65251m   -5.213    0.0010      Fe 2                1.89541m   -3.637    0.0389      Ni 2                1400.37A   -5.063    0.0015
Ca B                6562.80A   -2.924    0.2009      Fe 2                1.79711m   -3.138    0.1225      Ni 2                1375.73A   -4.684    0.0035
Ca B                4861.32A   -3.375    0.0710      Fe 2                1.74494m   -3.428    0.0629      Ni 2                1324.11A   -4.775    0.0028
Ca B                4340.46A   -3.702    0.0334      Fe 2                9652.70A   -3.782    0.0278      hyperfine structure............................
Ca B                4101.73A   -3.959    0.0185      Fe 2                9470.94A   -3.278    0.0887      inner shell....................................
Ca B                3970.07A   -4.170    0.0114      Fe 2                9267.56A   -3.571    0.0452      molecules......................................
Ca B                3889.05A   -4.351    0.0075      Fe 2                6558.51A   -4.400    0.0067      H2 l                2.00000m   -4.827    0.0025
Ca B                3835.38A   -4.508    0.0052      Fe 2                5745.71A   -4.943    0.0019      H-FB                      0    -3.034    0.1558
Ca B                3797.90A   -4.648    0.0038      Fe 2                5643.98A   -4.904    0.0021      H-FF                      0    -3.296    0.0851
Ca B                3770.63A   -4.774    0.0028      Fe 2                5495.84A   -4.657    0.0037      H-CT                6562.80A   -3.678    0.0353
Ca B                3750.15A   -4.888    0.0022      Fe 2                5376.47A   -3.192    0.1084      H- H                      0    -3.020    0.1609
Ca B                3734.37A   -4.993    0.0017      Fe 2                5347.66A   -4.293    0.0086      H2+                       0    -3.395    0.0678
Ca B                3721.94A   -5.090    0.0014      Fe 2                5181.96A   -4.511    0.0052      H2+p                      0    -4.717    0.0032
Ca B                3711.97A   -5.180    0.0011      Fe 2                5076.57A   -3.850    0.0238      bands..........................................
Ca B                1.87510m   -3.866    0.0229      Fe 2                5043.53A   -3.720    0.0321      Fe 2b               2500.00A   -1.110   13.0729
Ca B                1.28181m   -4.176    0.0112      Fe 2                5020.25A   -3.828    0.0250      Fe 2b               5000.00A   -1.320    8.0548
Ca B                1.09381m   -4.429    0.0063      Fe 2                4372.43A   -3.809    0.0262      Fe 2b               7000.00A   -2.288    0.8669
Ca B                1.00494m   -4.640    0.0039      Fe 2                4358.37A   -4.000    0.0168      Fe 2b               10000.0A   -1.106   13.1828
Ca B                9545.97A   -4.820    0.0025      Fe 2                3539.19A   -3.967    0.0182      Fe 2b               2355.00A   -1.995    1.7045
Ca B                9229.02A   -4.978    0.0018      Fe 2                3538.69A   -4.262    0.0092      Fe 2b               2430.00A   -1.135   12.3402
Ca B                9014.91A   -5.117    0.0013      Fe 2                3536.25A   -4.389    0.0069      Fe 2b               2445.00A   -1.135   12.3402
Ca B                4.05115m   -4.500    0.0053      Fe 2                7764.71A   -4.617    0.0041      Fe 2b               2495.00A   -1.626    3.9806
Ca B                2.62515m   -4.740    0.0031      Fe 2                7336.73A   -4.900    0.0021      Fe 2b               2610.00A   -1.403    6.6538
Ca B                2.16553m   -4.950    0.0019      Fe 2                6809.24A   -4.860    0.0023      Fe 2b               2695.00A   -3.883    0.0221
Ca B                1.94456m   -5.132    0.0012      Fe 2                6729.87A   -5.146    0.0012      Fe 2b               2758.00A   -2.482    0.5549
Ca B                7.45782m   -5.002    0.0017      Fe 2                5163.96A   -4.559    0.0047      Fe 2b               2780.00A   -2.449    0.5993
Ca B                4.65251m   -5.195    0.0011      Fe 2                3277.35A   -2.899    0.2125      Fe 2b               2935.00A   -3.038    0.1545
H  1                2431.34A    0.009  171.9454      Fe 2                3255.89A   -4.063    0.0146      Fe 2b               2960.00A   -3.101    0.1334
H  1                1215.67A    0.254  302.2287      Fe 2                2926.59A   -3.136    0.1231      Fe 2b               3180.00A   -2.804    0.2642
H  1                6562.80A   -1.531    4.9632      Fe 2                2880.76A   -3.903    0.0211      Fe 2b               3250.00A   -2.587    0.4360
H  1                4861.32A   -2.226    1.0000      Fe 2                2755.74A   -2.971    0.1799      Fe 2b               3590.00A   -2.915    0.2047
H  1                4340.46A   -2.583    0.4398      Fe 2                2739.55A   -3.507    0.0524      Fe 2b               3910.00A   -4.767    0.0029
H  1                4101.73A   -3.825    0.0252      Fe 2                2716.70A   -3.885    0.0219      Fe 2b               4255.00A   -1.741    3.0561
H  1                3970.07A   -4.066    0.0145      Fe 2                1.00287m   -4.561    0.0046      Fe 2b               4558.00A   -2.485    0.5517
H  1                3889.05A   -4.265    0.0092      Fe 2                8037.28A   -5.134    0.0012      Fe 2b               4600.00A   -2.456    0.5893
H  1                3835.38A   -4.435    0.0062      Fe 2                6872.19A   -5.057    0.0015      Fe 2b               4743.00A   -3.216    0.1023
H  1                3797.90A   -4.583    0.0044      Fe 2                5746.98A   -4.740    0.0031      Fe 2b               4855.00A   -2.632    0.3934
H  1                3770.63A   -4.500    0.0053      Fe 2                5283.12A   -5.167    0.0011      Fe 2b               4920.00A   -2.120    1.2763
H  1                3750.15A   -4.611    0.0041      Fe 2                4347.36A   -5.141    0.0012      Fe 2b               4975.00A   -2.645    0.3818
H  1                3734.37A   -4.713    0.0033      Fe 2                4329.43A   -4.484    0.0055      Fe 2b               4971.00A   -2.691    0.3427
H  1                3721.94A   -4.806    0.0026      Fe 2                2953.77A   -4.316    0.0081      Fe 2b               5070.00A   -2.580    0.4435
H  1                3711.97A   -4.892    0.0022      Fe 2                2772.73A   -3.524    0.0504      Fe 2b               5143.00A   -2.024    1.5928
H  1                3703.85A   -4.972    0.0018      Fe 2                2749.32A   -3.816    0.0257      Fe 2b               5270.00A   -1.753    2.9722
H  1                3697.15A   -5.045    0.0015      Fe 2                2.04602m   -4.506    0.0053      Fe 2b               5318.00A   -2.087    1.3794
H  1                3691.55A   -5.112    0.0013      Fe 2                1.41956m   -4.985    0.0017      Fe 2b               5540.00A   -3.145    0.1208
H  1                3686.83A   -5.174    0.0011      Fe 2                1.23314m   -4.892    0.0022      Fe 2b               5865.00A   -3.697    0.0339
H  1                1.87510m   -2.979    0.1770      Fe 2                1.09108m   -4.797    0.0027      Fe 2b               6265.00A   -4.404    0.0066
H  1                1.28181m   -3.271    0.0902      Fe 2                5588.16A   -4.699    0.0034      Fe 2b               6565.00A   -3.925    0.0200
H  1                1.09381m   -4.266    0.0091      Fe 2                5580.82A   -4.133    0.0124      Fe 2b               6910.00A   -3.902    0.0211
H  1                1.00494m   -4.517    0.0051      Fe 2                5551.32A   -3.848    0.0239      Fe 2b               7445.00A   -2.314    0.8176
H  1                9545.97A   -4.721    0.0032      Fe 2                3227.74A   -5.070    0.0014      Fe 2b               8625.00A   -2.030    1.5725
H  1                9229.02A   -4.895    0.0021      Fe 2                3196.07A   -4.845    0.0024      Fe 2b               1.03250m   -3.067    0.1443
H  1                9014.91A   -5.045    0.0015      Fe 2                2.13278m   -4.761    0.0029      Fe 2b               1.88900m   -1.831    2.4831
H  1                8862.79A   -5.015    0.0016      Fe 2                1.09413m   -4.998    0.0017      Fe 2b               2.20000m   -3.666    0.0363
H  1                8750.48A   -5.126    0.0013      Fe 2                1.07890m   -5.095    0.0014      miscellaneous..................................
H  1                4.05115m   -3.797    0.0269      Fe 2                5650.95A   -4.677    0.0035      Blnd                8446.00A   -5.042    0.0015
H  1                2.62515m   -4.520    0.0051      Fe 2                5649.67A   -4.653    0.0037      Blnd                1304.00A   -3.569    0.0455
H  1                2.16553m   -4.798    0.0027      Fe 2                5613.27A   -4.064    0.0145      Blnd                2798.00A   -0.635   39.0583
H  1                1.94456m   -5.016    0.0016      Fe 2                2.24366m   -5.099    0.0013      Blnd                6720.00A   -0.941   19.3002
H  1                1.81741m   -5.197    0.0011      Fe 2                2.00672m   -4.468    0.0057      Blnd                4074.00A   -2.142    1.2153
H  1                7.45782m   -4.652    0.0038      Fe 2                5725.92A   -4.949    0.0019      Blnd                1.03300m   -2.251    0.9459
H  1                4.65251m   -4.988    0.0017      Fe 2                5718.22A   -4.401    0.0067      Blnd                1256.00A   -3.674    0.0357
H  1                12.3685m   -5.100    0.0013      Fe 2                2.22379m   -3.768    0.0287      Blnd                2665.00A   -2.180    1.1130
He-like iso-sequence...........................      Fe 2                2.01513m   -4.203    0.0105      Blnd                2335.00A   -1.937    1.9467
He 1                625.563A   -5.099    0.0013      Fe 2                9682.08A   -4.435    0.0062      Blnd                1888.00A   -4.511    0.0052
Pho+                3889.00A   -4.361    0.0073      Fe 2                8715.81A   -5.007    0.0017      Blnd                8579.00A   -1.740    3.0666
extra Lyman....................................      Fe 2                6873.84A   -4.701    0.0034      Blnd                7306.00A   -1.211   10.3622
database lines.................................      Fe 2                6188.55A   -4.738    0.0031      Blnd                3933.00A   -3.661    0.0368
Ar 2                6.98337m   -4.409    0.0066      Fe 2                5870.02A   -5.189    0.0011      Blnd                1657.00A   -3.019    0.1614
C  1                1560.31A   -4.403    0.0067      Fe 2                4898.61A   -4.991    0.0017      Blnd                9850.00A   -0.963   18.3456
C  1                1560.68A   -4.290    0.0086      Fe 2                2.25348m   -4.721    0.0032      Blnd                2326.00A   -1.852    2.3687
C  1                1560.71A   -4.643    0.0038      Fe 2                1.00139m   -5.147    0.0012      Blnd                1335.00A   -2.899    0.2126
C  1                1561.34A   -4.141    0.0122      Fe 2                1.71482m   -5.043    0.0015      Blnd                3467.00A   -3.496    0.0538
C  1                1561.37A   -4.873    0.0023      Fe 2                9384.77A   -5.191    0.0011      Blnd                5199.00A   -1.406    6.6121
C  1                1561.44A   -3.800    0.0267      Fe 2                4825.73A   -4.378    0.0071      Blnd                1.04030m   -2.741    0.3060
C  1                1656.27A   -3.579    0.0444      Fe 2                4903.85A   -4.871    0.0023      Blnd                1085.00A   -5.223    0.0010
C  1                1656.93A   -4.172    0.0113      Fe 2                5171.63A   -4.680    0.0035      Blnd                2141.00A   -3.814    0.0259
C  1                1657.01A   -3.449    0.0599      Fe 2                5284.10A   -4.998    0.0017      Blnd                6300.00A   -1.190   10.8678
C  1                1657.38A   -4.195    0.0108      Fe 2                5169.03A   -3.243    0.0963      Blnd                2471.00A   -3.760    0.0293
C  1                1657.91A   -3.864    0.0230      Fe 2                5018.44A   -4.789    0.0027      Blnd                7323.00A   -3.928    0.0199
C  1                1658.12A   -4.150    0.0119      Fe 2                6044.54A   -5.123    0.0013      Blnd                7332.00A   -4.010    0.0164
C  1                1930.90A   -5.055    0.0015      Fe 3                22.9190m   -4.207    0.0105      Blnd                3727.00A   -2.011    1.6411
C  1                1992.01A   -5.010    0.0016      Fe 3                4985.87A   -4.027    0.0158      Blnd                7325.00A   -3.666    0.0363
C  1                1993.62A   -3.829    0.0250      Fe 3                4881.00A   -4.740    0.0031      C 1R                1656.00A   -5.195    0.0011

                                                    Emergent line intensities
general properties.............................      Fe 2                1.53348m   -2.460    0.5866      P  2                1535.92A   -5.085    0.0014
continua.......................................      Fe 2                8616.95A   -2.672    0.3598      P  2                1.18828m   -2.930    0.1989
FIR                 83.0000m   -1.417    6.4772      Fe 2                7155.17A   -2.707    0.3322      P  2                2210.34A   -4.467    0.0058
TIR                 1800.00m   -4.461    0.0059      Fe 2                6896.17A   -4.249    0.0095      P  2                7875.99A   -4.137    0.0123
NIRa                2.85000m   -0.352   75.2180      Fe 2                5413.37A   -4.532    0.0050      S  1                25.2421m   -4.111    0.0131
NIRb                3.00000m   -1.022   16.0760      Fe 2                5280.27A   -5.183    0.0011      S  1                56.2957m   -5.071    0.0014
MIRa                15.0000m   -1.221   10.1645      Fe 2                5273.36A   -2.750    0.3007      S  2                6730.82A   -1.319    8.1090
MIRb                22.5000m   -0.895   21.5413      Fe 2                5158.79A   -2.131    1.2503      S  2                6716.44A   -1.181   11.1663
NMIR                21.7500m   -0.352   75.2180      Fe 2                5111.64A   -3.044    0.1530      S  2                4076.35A   -2.757    0.2963
TFIR                611.250m   -2.239    0.9754      Fe 2                5072.41A   -2.786    0.2770      S  2                4068.60A   -2.265    0.9199
TALL                10000.0A    0.596  667.5276      Fe 2                5039.10A   -4.219    0.0102      S  2                1.03364m   -2.896    0.2151
F12                 12.0000m   -3.016    0.1631      Fe 2                4814.54A   -3.072    0.1433      S  2                1.02867m   -2.892    0.2171
F25                 25.0000m   -1.817    2.5771      Fe 2                4774.73A   -3.516    0.0516      S  2                1.03705m   -3.218    0.1025
F60                 60.0000m   -1.492    5.4492      Fe 2                4745.49A   -4.569    0.0046      S  2                1.03205m   -2.758    0.2954
F100                100.000m   -3.756    0.0297      Fe 2                4243.97A   -2.416    0.6499      S  2                1259.52A   -4.041    0.0154
MIPS                24.0000m   -1.818    2.5737      Fe 2                4177.20A   -3.500    0.0535      S  2                1253.81A   -4.093    0.0137
MIPS                70.0000m   -1.508    5.2499      Fe 2                4146.65A   -5.068    0.0014      S  2                1250.58A   -4.406    0.0066
MIPS                160.000m   -2.269    0.9100      Fe 2                4114.48A   -5.175    0.0011      S  2                1550.13A   -5.054    0.0015
IRAC                3.60000m   -3.578    0.0447      Fe 2                3387.09A   -3.858    0.0235      Si 2                34.8046m   -1.305    8.3871
IRAC                4.50000m   -2.882    0.2220      Fe 2                3376.20A   -3.057    0.1485      Si 2                2334.41A   -2.916    0.2051
IRAC                5.80000m   -1.321    8.0885      Fe 2                2732.45A   -2.882    0.2222      Si 2                2328.52A   -3.501    0.0534
IRAC                8.00000m   -2.329    0.7935      Fe 2                2493.30A   -1.634    3.9329      Si 2                1808.01A   -2.953    0.1886
SPR2                350.000m   -3.582    0.0443      Fe 2                2484.20A   -3.553    0.0474      Si 2                1526.71A   -4.301    0.0085
PAC1                70.0000m   -1.505    5.2947      Fe 2                2476.68A   -4.987    0.0017      Si 2                1304.37A   -5.054    0.0015
PAC2                100.000m   -3.465    0.0580      Fe 2                24.5126m   -2.945    0.1922      Si 2                1260.42A   -4.562    0.0046
PAC3                160.000m   -2.269    0.9104      Fe 2                1.80940m   -1.985    1.7528      Si 2                1193.29A   -5.045    0.0015
PAH                 3.30000m   -4.360    0.0074      Fe 2                1.67688m   -2.885    0.2205      Si 2                2350.17A   -2.742    0.3064
PAHC                3.23000m   -4.632    0.0039      Fe 2                1.59948m   -2.807    0.2637      Si 2                2344.20A   -2.352    0.7532
PAHC                3.37000m   -4.714    0.0033      Fe 2                9051.95A   -2.514    0.5185      Si 2                2334.60A   -2.427    0.6334
PAH                 6.20000m   -4.481    0.0056      Fe 2                8891.93A   -2.947    0.1912      Si 2                1817.45A   -2.600    0.4255
PAHC                5.65000m   -3.943    0.0193      Fe 2                7452.56A   -3.199    0.1070      Si 2                1816.93A   -2.349    0.7577
PAH                 7.90000m   -4.238    0.0098      Fe 2                7172.00A   -3.204    0.1057      Si 2                1533.43A   -3.052    0.1501
PAHC                6.90000m   -2.336    0.7809      Fe 2                6275.53A   -5.074    0.0014      Si 2                1309.28A   -3.711    0.0329
PAH                 11.3000m   -5.129    0.0013      Fe 2                5527.36A   -3.614    0.0411      Si 2                1265.00A   -3.424    0.0637
PAHC                10.9000m   -4.000    0.0169      Fe 2                5433.15A   -3.264    0.0921      Si 2                1264.74A   -3.825    0.0253
PAH                 11.8000m   -5.108    0.0013      Fe 2                5261.63A   -2.517    0.5143      Si 2                1197.39A   -3.835    0.0247
PAHC                12.6500m   -3.840    0.0245      Fe 2                5220.08A   -3.789    0.0275      Si 2                1194.50A   -3.982    0.0177
PAH                 13.3000m   -5.141    0.0012      Fe 2                5184.80A   -3.683    0.0351      Si 2                3862.60A   -5.098    0.0014
PAHC                14.1000m   -3.629    0.0397      Fe 2                5158.01A   -3.620    0.0406      Si 2                3856.02A   -5.054    0.0015
Bcon                3640.00A    0.482  513.4875      Fe 2                4947.39A   -3.016    0.1631      Si 2                6371.37A   -5.016    0.0016
Pcon                5000.00A   -0.297   85.4947      Fe 2                4905.35A   -3.371    0.0720      Si 2                6347.11A   -4.921    0.0020
O3bn                5007.00A   -2.161    1.1671      Fe 2                4874.50A   -3.415    0.0651      Si 3                1892.03A   -4.911    0.0021
RRC............................................      Fe 2                4852.74A   -4.767    0.0029      Si 3                1882.71A   -4.733    0.0031
grains.........................................      Fe 2                4346.86A   -3.043    0.1533      Zn 2                2062.00A   -4.834    0.0025
H-like iso-sequence............................      Fe 2                4276.84A   -2.962    0.1848      Zn 2                2025.48A   -4.597    0.0043
H  1                1215.67A    0.252  302.3675      Fe 2                4244.82A   -3.766    0.0290      Al 2                2669.15A   -2.579    0.4459
H  1                6562.80A   -1.533    4.9573      Fe 2                4211.11A   -5.110    0.0013      Al 2                2660.35A   -2.403    0.6695
H  1                4861.32A   -2.228    1.0000      Fe 2                3455.11A   -3.961    0.0185      Al 2                1670.79A   -2.831    0.2495
H  1                4340.46A   -2.585    0.4400      Fe 2                3452.31A   -3.653    0.0377      Ca 2                7323.89A   -1.606    4.1894
H  1                4101.73A   -3.827    0.0252      Fe 2                3440.99A   -3.536    0.0493      Ca 2                7291.47A   -1.439    6.1571
H  1                3970.07A   -4.068    0.0145      Fe 2                2774.73A   -4.011    0.0165      Ca 2                3968.47A   -3.984    0.0175
H  1                3889.05A   -4.266    0.0092      Fe 2                2759.34A   -4.315    0.0082      Ca 2                8662.14A   -2.220    1.0208
H  1                3835.38A   -4.436    0.0062      Fe 2                2519.11A   -4.985    0.0018      Ca 2                3933.66A   -3.942    0.0193
H  1                3797.90A   -4.585    0.0044      Fe 2                2511.37A   -4.877    0.0022      Ca 2                8498.02A   -2.911    0.2079
H  1                3770.63A   -4.501    0.0053      Fe 2                2485.07A   -4.630    0.0040      Ca 2                8542.09A   -1.965    1.8325
H  1                3750.15A   -4.613    0.0041      Fe 2                2391.48A   -4.423    0.0064      Ca 2                3706.02A   -4.327    0.0080
H  1                3734.37A   -4.715    0.0033      Fe 2                2379.28A   -4.953    0.0019      Ca 2                3736.90A   -4.031    0.0158
H  1                3721.94A   -4.808    0.0026      Fe 2                2362.02A   -4.307    0.0083      Ca 2                3158.87A   -4.298    0.0085
H  1                3711.97A   -4.894    0.0022      Fe 2                35.7675m   -3.725    0.0319      Ca 2                3181.27A   -5.004    0.0017
H  1                3703.85A   -4.973    0.0018      Fe 2                1.95361m   -2.896    0.2151      Ca 2                3179.33A   -4.049    0.0151
H  1                3697.15A   -5.047    0.0015      Fe 2                1.80002m   -2.901    0.2127      Ca 2                1838.01A   -5.131    0.0013
H  1                3691.55A   -5.114    0.0013      Fe 2                1.71113m   -3.485    0.0554      Ca 2                1840.03A   -4.975    0.0018
H  1                3686.83A   -5.176    0.0011      Fe 2                1.66377m   -3.105    0.1329      Cl 2                14.3639m   -3.641    0.0387
H  1                1.87510m   -2.979    0.1778      Fe 2                9399.04A   -2.936    0.1962      Cl 2                33.2721m   -4.727    0.0032
H  1                1.28181m   -3.273    0.0903      Fe 2                9226.63A   -2.891    0.2177      Cl 2                8578.70A   -3.216    0.1029
H  1                1.09381m   -4.268    0.0091      Fe 2                9033.49A   -3.877    0.0224      Cl 2                9123.60A   -3.801    0.0268
H  1                1.00494m   -4.520    0.0051      Fe 2                7388.17A   -3.325    0.0802      Cl 2                3677.85A   -4.968    0.0018
H  1                9545.97A   -4.724    0.0032      Fe 2                6440.41A   -4.189    0.0110      Cl 2                6161.84A   -4.922    0.0020
H  1                9229.02A   -4.897    0.0021      Fe 2                5654.87A   -4.575    0.0045      Mg 2                2802.71A   -1.110   13.1324
H  1                9014.91A   -5.048    0.0015      Fe 2                5556.31A   -3.934    0.0197      Mg 2                2795.53A   -0.813   26.0295
H  1                8862.79A   -5.018    0.0016      Fe 2                5412.67A   -4.383    0.0070      Mg 2                2936.52A   -3.692    0.0344
H  1                8750.48A   -5.129    0.0013      Fe 2                5333.66A   -2.801    0.2677      Mg 2                2928.64A   -3.994    0.0172
H  1                4.05115m   -3.797    0.0270      Fe 2                5296.84A   -4.082    0.0140      Mg 2                2797.93A   -4.409    0.0066
H  1                2.62515m   -4.520    0.0051      Fe 2                5268.89A   -3.790    0.0275      Mg 2                2790.77A   -3.707    0.0332
H  1                2.16553m   -4.798    0.0027      Fe 2                5107.96A   -4.667    0.0036      Mg 2                2798.00A   -3.454    0.0595
H  1                1.94456m   -5.016    0.0016      Fe 2                5049.30A   -3.189    0.1094      Mg 2                9218.22A   -5.133    0.0012
H  1                1.81741m   -5.197    0.0011      Fe 2                5005.52A   -3.248    0.0957      N  2                205.283m   -4.076    0.0142
H  1                7.45782m   -4.652    0.0038      Fe 2                4973.40A   -3.516    0.0516      N  2                121.769m   -3.776    0.0284
H  1                4.65251m   -4.988    0.0017      Fe 2                4950.76A   -3.853    0.0237      N  2                6548.05A   -2.891    0.2176
H  1                12.3685m   -5.100    0.0013      Fe 2                4352.79A   -3.278    0.0893      N  2                6583.45A   -2.421    0.6415
He-like iso-sequence...........................      Fe 2                4319.62A   -3.536    0.0493      N  2                5754.59A   -4.068    0.0145
extra Lyman....................................      Fe 2                4305.90A   -4.319    0.0081      N  2                2139.01A   -4.354    0.0075
database lines.................................      Fe 2                3504.51A   -4.264    0.0092      N  2                2142.77A   -3.963    0.0184
Ar 2                6.98337m   -4.409    0.0066      Fe 2                3504.02A   -4.122    0.0128      Ni 2                1.19102m   -2.381    0.7039
C  1                1560.31A   -4.406    0.0066      Fe 2                3501.63A   -3.687    0.0348      Ni 2                6.63416m   -2.970    0.1815
C  1                1560.68A   -4.293    0.0086      Fe 2                3489.99A   -4.364    0.0073      Ni 2                1.07151m   -3.724    0.0320
C  1                1560.71A   -4.645    0.0038      Fe 2                2385.01A   -4.800    0.0027      Ni 2                10.6793m   -3.359    0.0740
C  1                1561.34A   -4.143    0.0122      Fe 2                2.06648m   -4.289    0.0087      Ni 2                1.16130m   -4.358    0.0074
C  1                1561.37A   -4.876    0.0023      Fe 2                1.89541m   -3.637    0.0391      Ni 2                12.7253m   -3.893    0.0217
C  1                1561.44A   -3.803    0.0266      Fe 2                1.79711m   -3.138    0.1231      Ni 2                9882.95A   -5.108    0.0013
C  1                1656.27A   -3.580    0.0446      Fe 2                1.74494m   -3.428    0.0632      Ni 2                1.09177m   -4.657    0.0037
C  1                1656.93A   -4.172    0.0114      Fe 2                9652.70A   -3.785    0.0278      Ni 2                18.2355m   -4.621    0.0040
C  1                1657.01A   -3.449    0.0602      Fe 2                9470.94A   -3.281    0.0886      Ni 2                7377.83A   -2.747    0.3027
C  1                1657.38A   -4.195    0.0108      Fe 2                9267.56A   -3.574    0.0451      Ni 2                8300.99A   -4.043    0.0153
C  1                1657.91A   -3.865    0.0231      Fe 2                6558.51A   -4.403    0.0067      Ni 2                1.93877m   -3.453    0.0597
C  1                1658.12A   -4.151    0.0120      Fe 2                5745.71A   -4.946    0.0019      Ni 2                2.36883m   -4.739    0.0031
C  1                1930.90A   -5.055    0.0015      Fe 2                5643.98A   -4.906    0.0021      Ni 2                2.91064m   -4.408    0.0066
C  1                1992.01A   -5.011    0.0017      Fe 2                5495.84A   -4.659    0.0037      Ni 2                6666.80A   -3.791    0.0274
C  1                1993.62A   -3.830    0.0250      Fe 2                5376.47A   -3.194    0.1083      Ni 2                7411.61A   -3.573    0.0453
C  1                2478.56A   -5.219    0.0010      Fe 2                5347.66A   -4.295    0.0086      Ni 2                2.30794m   -4.750    0.0030
C  1                2582.90A   -5.093    0.0014      Fe 2                5181.96A   -4.513    0.0052      Ni 2                6.91767m   -5.049    0.0015
C  1                8727.13A   -4.562    0.0046      Fe 2                5076.57A   -3.852    0.0238      Ni 2                4326.24A   -3.642    0.0386
C  1                9824.13A   -1.566    4.5939      Fe 2                5043.53A   -3.722    0.0321      Ni 2                4628.05A   -4.064    0.0146
C  1                9850.26A   -1.091   13.7245      Fe 2                5020.25A   -3.830    0.0250      Ni 2                6794.20A   -5.121    0.0013
C  1                370.269m   -3.586    0.0439      Fe 2                4372.43A   -3.810    0.0262      Ni 2                7255.82A   -3.998    0.0170
C  1                609.590m   -4.515    0.0052      Fe 2                4358.37A   -4.002    0.0168      Ni 2                7694.56A   -5.068    0.0014
C  2                1334.53A   -3.726    0.0318      Fe 2                3539.19A   -3.968    0.0182      Ni 2                1.04597m   -4.481    0.0056
C  2                1335.66A   -3.412    0.0655      Fe 2                3538.69A   -4.264    0.0092      Ni 2                1.23230m   -4.508    0.0053
C  2                1335.71A   -3.168    0.1151      Fe 2                3536.25A   -4.390    0.0069      Ni 2                4201.17A   -3.865    0.0231
C  2                2323.50A   -3.155    0.1184      Fe 2                7764.71A   -4.620    0.0041      Ni 2                4485.21A   -4.318    0.0081
C  2                2324.69A   -2.906    0.2103      Fe 2                7336.73A   -4.903    0.0021      Ni 2                7307.65A   -4.214    0.0103
C  2                2325.40A   -2.190    1.0914      Fe 2                6809.24A   -4.863    0.0023      Ni 2                7612.72A   -4.542    0.0049
C  2                2326.93A   -2.373    0.7168      Fe 2                6729.87A   -5.148    0.0012      Ni 2                1.13597m   -5.225    0.0010
C  2                2328.12A   -2.852    0.2379      Fe 2                5163.96A   -4.561    0.0047      Ni 2                4285.31A   -5.086    0.0014
C  2                157.636m   -2.587    0.4384      Fe 2                3277.35A   -2.901    0.2128      Ni 2                6791.48A   -4.801    0.0027
Co 2                10.5199m   -4.315    0.0082      Fe 2                3255.89A   -4.064    0.0146      Ni 2                7054.20A   -4.706    0.0033
Co 2                15.4548m   -5.191    0.0011      Fe 2                2926.59A   -3.137    0.1233      Ni 2                4033.04A   -4.130    0.0126
Co 2                2.98382m   -3.894    0.0216      Fe 2                2880.76A   -3.904    0.0211      Ni 2                4294.09A   -4.251    0.0095
Co 2                14.7345m   -4.675    0.0036      Fe 2                2755.74A   -2.972    0.1803      Ni 2                6813.57A   -4.273    0.0090
Co 2                1.01879m   -4.177    0.0113      Fe 2                2739.55A   -3.508    0.0526      Ni 2                7078.04A   -4.822    0.0026
Co 2                1.12804m   -5.147    0.0012      Fe 2                2716.70A   -3.886    0.0220      Ni 2                3993.06A   -3.730    0.0315
Co 2                1.54700m   -4.420    0.0064      Fe 2                1.00287m   -4.564    0.0046      Ni 2                4248.80A   -4.206    0.0105
Co 2                1.02452m   -5.219    0.0010      Fe 2                8037.28A   -5.137    0.0012      Ni 2                6365.10A   -4.205    0.0106
Co 2                9342.40A   -4.576    0.0045      Fe 2                6872.19A   -5.060    0.0015      Ni 2                8703.87A   -4.660    0.0037
Co 2                9943.48A   -4.923    0.0020      Fe 2                5746.98A   -4.743    0.0031      Ni 2                9956.63A   -4.887    0.0022
Co 2                7539.01A   -5.199    0.0011      Fe 2                5283.12A   -5.169    0.0011      Ni 2                3438.88A   -3.908    0.0209
Co 2                8121.00A   -4.912    0.0021      Fe 2                4347.36A   -5.142    0.0012      Ni 2                3626.89A   -4.216    0.0103
Cr 2                8000.08A   -3.391    0.0688      Fe 2                4329.43A   -4.486    0.0055      Ni 2                3378.16A   -4.522    0.0051
Cr 2                8125.30A   -3.467    0.0578      Fe 2                2953.77A   -4.317    0.0081      Ni 2                3559.41A   -4.502    0.0053
Cr 2                8229.67A   -3.563    0.0463      Fe 2                2772.73A   -3.525    0.0505      level 1 lines..................................
Cr 2                8308.49A   -3.752    0.0300      Fe 2                2749.32A   -3.817    0.0258      recombination..................................
Cr 2                8357.64A   -4.051    0.0150      Fe 2                2.04602m   -4.506    0.0053      level2 lines...................................
Fe 1                24.0358m   -5.126    0.0013      Fe 2                1.41956m   -4.987    0.0017      C  1                1247.50A   -4.379    0.0071
Fe 2                25.9813m   -1.856    2.3565      Fe 2                1.23314m   -4.894    0.0022      C  1                1314.77A   -4.326    0.0080
Fe 2                5.33871m   -1.322    8.0581      Fe 2                1.09108m   -4.799    0.0027      C  1                1165.98A   -5.222    0.0010
Fe 2                4.11387m   -3.646    0.0382      Fe 2                5588.16A   -4.701    0.0034      C  1                1233.29A   -4.909    0.0021
Fe 2                1.25668m   -2.564    0.4621      Fe 2                5580.82A   -4.136    0.0124      C  1                1250.68A   -5.066    0.0015
Fe 2                4704.22A   -5.157    0.0012      Fe 2                5551.32A   -3.850    0.0239      Si 2                1179.59A   -4.289    0.0087
Fe 2                4632.28A   -3.366    0.0728      Fe 2                3227.74A   -5.071    0.0014      Sc 2                3627.22A   -4.382    0.0070
Fe 2                4604.48A   -5.148    0.0012      Fe 2                3196.07A   -4.846    0.0024      Sc 2                3575.45A   -4.497    0.0054
Fe 2                4416.27A   -3.330    0.0792      Fe 2                2.13278m   -4.761    0.0029      Sc 2                3368.13A   -5.026    0.0016
Fe 2                4382.74A   -4.304    0.0084      Fe 2                1.09413m   -5.001    0.0017      Ti 2                3364.74A   -2.765    0.2904
Fe 2                4287.39A   -2.355    0.7477      Fe 2                1.07890m   -5.098    0.0014      Ti 2                3237.15A   -2.993    0.1720
Fe 2                3175.38A   -4.086    0.0139      Fe 2                5650.95A   -4.680    0.0035      Ti 2                1904.17A   -4.617    0.0041
Fe 2                2599.40A   -4.350    0.0076      Fe 2                5649.67A   -4.655    0.0037      Ti 2                1907.36A   -4.370    0.0072
Fe 2                2382.04A   -3.105    0.1327      Fe 2                5613.27A   -4.066    0.0145      V  2                2710.94A   -4.967    0.0018
Fe 2                35.3391m   -2.511    0.5223      Fe 2                2.24366m   -5.099    0.0013      V  2                2684.22A   -4.746    0.0030
Fe 2                6.71944m   -2.462    0.5843      Fe 2                2.00672m   -4.468    0.0058      V  2                2139.33A   -5.183    0.0011
Fe 2                4.88781m   -3.310    0.0829      Fe 2                5725.92A   -4.951    0.0019      Cr 2                2059.78A   -3.174    0.1134
Fe 2                4.07521m   -4.104    0.0133      Fe 2                5718.22A   -4.404    0.0067      Mn 2                1198.85A   -5.165    0.0012
Fe 2                1.32055m   -3.060    0.1474      Fe 2                2.22379m   -3.768    0.0288      Co 2                2060.90A   -4.606    0.0042
Fe 2                1.24854m   -4.045    0.0153      Fe 2                2.01513m   -4.203    0.0106      Co 2                2018.80A   -4.629    0.0040
Fe 2                7637.52A   -3.262    0.0926      Fe 2                9682.08A   -4.438    0.0062      Co 2                1949.74A   -4.686    0.0035
Fe 2                4889.62A   -3.236    0.0983      Fe 2                8715.81A   -5.010    0.0017      Co 2                1575.91A   -5.067    0.0014
Fe 2                4716.37A   -4.244    0.0096      Fe 2                6873.84A   -4.703    0.0033      Co 2                1470.18A   -5.104    0.0013
Fe 2                4687.56A   -4.446    0.0061      Fe 2                6188.55A   -4.740    0.0031      Ni 2                1751.83A   -4.098    0.0135
Fe 2                4492.64A   -4.199    0.0107      Fe 2                5870.02A   -5.191    0.0011      Ni 2                1744.24A   -3.900    0.0213
Fe 2                4457.95A   -3.602    0.0423      Fe 2                4898.61A   -4.993    0.0017      Ni 2                1484.97A   -5.105    0.0013
Fe 2                4432.45A   -4.396    0.0068      Fe 2                2.25348m   -4.721    0.0032      Ni 2                1472.74A   -4.792    0.0027
Fe 2                4359.33A   -2.485    0.5541      Fe 2                1.00139m   -5.150    0.0012      Ni 2                1400.37A   -5.066    0.0015
Fe 2                3224.54A   -5.185    0.0011      Fe 2                1.71482m   -5.043    0.0015      Ni 2                1375.73A   -4.687    0.0035
Fe 2                3214.67A   -4.600    0.0043      Fe 2                9384.77A   -5.194    0.0011      Ni 2                1324.11A   -4.777    0.0028
Fe 2                2625.67A   -1.535    4.9340      Fe 2                4825.73A   -4.380    0.0071      hyperfine structure............................
Fe 2                2611.87A   -2.605    0.4205      Fe 2                4903.85A   -4.873    0.0023      inner shell....................................
Fe 2                2598.37A   -3.891    0.0217      Fe 2                5171.63A   -4.682    0.0035      molecules......................................
Fe 2                2395.63A   -2.638    0.3897      Fe 2                5284.10A   -5.000    0.0017      bands..........................................
Fe 2                2388.63A   -3.770    0.0287      Fe 2                5169.03A   -3.245    0.0962      Fe 2b               2500.00A   -1.111   13.1035
Fe 2                2383.06A   -4.588    0.0044      Fe 2                5018.44A   -4.791    0.0027      Fe 2b               5000.00A   -1.322    8.0539
Fe 2                2364.83A   -2.763    0.2923      Fe 2                6044.54A   -5.126    0.0013      Fe 2b               7000.00A   -2.291    0.8657
Fe 2                2332.80A   -4.313    0.0082      Fe 3                22.9190m   -4.207    0.0105      Fe 2b               10000.0A   -1.109   13.1640
Fe 2                51.2868m   -3.052    0.1503      Fe 3                4985.87A   -4.029    0.0158      Fe 2b               2355.00A   -1.996    1.7088
Fe 2                5.67236m   -4.121    0.0128      Fe 3                4881.00A   -4.742    0.0031      Fe 2b               2430.00A   -1.136   12.3700
Fe 2                4.60641m   -3.904    0.0211      Fe 3                4658.05A   -4.171    0.0114      Fe 2b               2445.00A   -1.136   12.3698
Fe 2                4.08085m   -4.631    0.0040      Fe 3                3322.54A   -4.898    0.0021      Fe 2b               2495.00A   -1.628    3.9899
Fe 2                1.37181m   -3.303    0.0842      Fe 3                3239.74A   -5.038    0.0016      Fe 2b               2610.00A   -1.404    6.6686
Fe 2                1.29427m   -3.830    0.0250      Fe 3                33.0270m   -4.751    0.0030      Fe 2b               2695.00A   -3.884    0.0221
Fe 2                7806.23A   -5.034    0.0016      Fe 3                5270.40A   -4.386    0.0070      Fe 2b               2758.00A   -2.483    0.5560
Fe 2                7686.93A   -3.348    0.0759      Fe 3                4754.69A   -4.897    0.0021      Fe 2b               2780.00A   -2.450    0.6005
Fe 2                4958.23A   -5.087    0.0014      Fe 3                4701.53A   -4.728    0.0032      Fe 2b               2935.00A   -3.039    0.1548
Fe 2                4750.57A   -5.076    0.0014      Fe 3                3371.41A   -5.032    0.0016      Fe 2b               2960.00A   -3.103    0.1336
Fe 2                4728.07A   -3.864    0.0231      Fe 3                5011.26A   -5.057    0.0015      Fe 2b               3180.00A   -2.806    0.2646
Fe 2                4514.90A   -4.227    0.0100      Fe 3                4769.43A   -5.195    0.0011      Fe 2b               3250.00A   -2.588    0.4366
Fe 2                4488.75A   -3.947    0.0191      Mg 1                2852.13A   -2.771    0.2869      Fe 2b               3590.00A   -2.917    0.2049
Fe 2                4470.30A   -5.142    0.0012      Mg 1                4562.60A   -2.720    0.3221      Fe 2b               3910.00A   -4.769    0.0029
Fe 2                4413.78A   -2.636    0.3912      Mg 1                4571.10A   -3.155    0.1183      Fe 2b               4255.00A   -1.743    3.0577
Fe 2                3254.24A   -4.663    0.0037      Mg 1                4575.29A   -4.071    0.0144      Fe 2b               4558.00A   -2.487    0.5519
Fe 2                3244.18A   -4.954    0.0019      Mg 1                5167.32A   -5.035    0.0016      Fe 2b               4600.00A   -2.458    0.5895
Fe 2                2631.32A   -2.174    1.1349      Mg 1                5172.68A   -4.557    0.0047      Fe 2b               4743.00A   -3.218    0.1024
Fe 2                2617.62A   -3.464    0.0582      Mg 1                5183.60A   -4.350    0.0076      Fe 2b               4855.00A   -2.634    0.3934
Fe 2                2607.09A   -3.758    0.0295      Mg 1                8806.76A   -4.576    0.0045      Fe 2b               4920.00A   -2.123    1.2763
Fe 2                2404.89A   -3.373    0.0716      Mg 1                1.18282m   -4.741    0.0031      Fe 2b               4975.00A   -2.647    0.3817
Fe 2                2399.24A   -4.190    0.0109      Mg 1                1.71087m   -5.219    0.0010      Fe 2b               4971.00A   -2.694    0.3427
Fe 2                2395.42A   -4.444    0.0061      Mn 2                2576.10A   -3.719    0.0323      Fe 2b               5070.00A   -2.582    0.4434
Fe 2                2380.76A   -2.404    0.6674      Mn 2                2593.72A   -3.814    0.0259      Fe 2b               5143.00A   -2.026    1.5924
Fe 2                2348.30A   -3.926    0.0200      Mn 2                2605.68A   -3.955    0.0188      Fe 2b               5270.00A   -1.756    2.9713
Fe 2                2327.40A   -4.274    0.0090      N  1                1134.41A   -4.978    0.0018      Fe 2b               5318.00A   -2.089    1.3789
Fe 2                87.3597m   -3.774    0.0285      N  1                1134.98A   -4.797    0.0027      Fe 2b               5540.00A   -3.147    0.1207
Fe 2                5.06097m   -4.562    0.0046      N  1                1199.55A   -4.557    0.0047      Fe 2b               5865.00A   -3.699    0.0338
Fe 2                4.43363m   -4.460    0.0059      N  1                1200.22A   -4.736    0.0031      Fe 2b               6265.00A   -4.406    0.0066
Fe 2                1.32777m   -4.013    0.0164      N  1                1200.71A   -5.041    0.0015      Fe 2b               6565.00A   -3.927    0.0200
Fe 2                1.27877m   -4.086    0.0139      N  1                1742.73A   -5.094    0.0014      Fe 2b               6910.00A   -3.905    0.0211
Fe 2                1.25214m   -5.127    0.0013      N  1                3466.50A   -3.580    0.0445      Fe 2b               7445.00A   -2.317    0.8163
Fe 2                7803.89A   -5.045    0.0015      N  1                3466.54A   -4.259    0.0093      Fe 2b               8625.00A   -2.033    1.5698
Fe 2                7665.28A   -4.209    0.0105      N  1                5197.90A   -1.790    2.7463      Fe 2b               1.03250m   -3.070    0.1441
Fe 2                5006.63A   -4.387    0.0069      N  1                5200.26A   -1.641    3.8639      Fe 2b               1.88900m   -1.831    2.4947
Fe 2                4772.06A   -5.180    0.0011      N  1                1.03977m   -3.086    0.1390      Fe 2b               2.20000m   -3.666    0.0365
Fe 2                4639.67A   -4.806    0.0026      N  1                1.03982m   -3.615    0.0411      miscellaneous..................................
Fe 2                4528.39A   -4.476    0.0057      N  1                1.04072m   -3.434    0.0624      Blnd                8446.00A   -5.045    0.0015
Fe 2                4509.61A   -4.815    0.0026      N  1                1.04076m   -3.428    0.0632      Blnd                1304.00A   -3.571    0.0455
Fe 2                4452.10A   -2.828    0.2512      O  1                1302.17A   -5.037    0.0016      Blnd                2798.00A   -0.636   39.1618
Fe 2                3277.55A   -4.884    0.0022      O  1                1304.86A   -3.795    0.0271      Blnd                6720.00A   -0.943   19.2753
Fe 2                3275.02A   -4.963    0.0018      O  1                1306.03A   -4.004    0.0168      Blnd                4074.00A   -2.143    1.2162
Fe 2                2631.05A   -3.633    0.0394      O  1                1355.60A   -3.881    0.0223      Blnd                1.03300m   -2.253    0.9447
Fe 2                2620.41A   -4.376    0.0071      O  1                1358.51A   -4.211    0.0104      Blnd                1256.00A   -3.676    0.0357
Fe 2                2613.82A   -4.324    0.0080      O  1                2972.29A   -3.717    0.0324      Blnd                2665.00A   -2.181    1.1154
Fe 2                2410.52A   -4.352    0.0075      O  1                5577.34A   -2.769    0.2881      Blnd                2335.00A   -1.938    1.9516
Fe 2                2406.66A   -4.502    0.0053      O  1                6300.30A   -1.313    8.2269      Blnd                1888.00A   -4.512    0.0052
Fe 2                2404.43A   -4.543    0.0048      O  1                6363.78A   -1.809    2.6280      Blnd                8579.00A   -1.743    3.0613
Fe 2                2359.11A   -4.069    0.0145      O  1                6391.73A   -5.137    0.0012      Blnd                7306.00A   -1.214   10.3465
Fe 2                2338.01A   -4.388    0.0069      O  1                63.1679m   -1.509    5.2471      Blnd                3933.00A   -3.662    0.0369
Fe 2                4.67067m   -5.085    0.0014      O  1                145.495m   -2.557    0.4698      Blnd                1657.00A   -3.019    0.1620
Fe 2                1.29777m   -4.416    0.0065      O  2                2470.22A   -4.439    0.0062      Blnd                9850.00A   -0.966   18.3184
Fe 2                1.27034m   -4.289    0.0087      O  2                2470.34A   -3.864    0.0232      Blnd                2326.00A   -1.853    2.3747
Fe 2                7874.24A   -4.399    0.0068      O  2                7318.92A   -4.523    0.0051      Blnd                1335.00A   -2.901    0.2124
Fe 2                7733.14A   -4.856    0.0024      O  2                7319.99A   -4.059    0.0148      Blnd                3467.00A   -3.497    0.0538
Fe 2                4798.28A   -4.730    0.0032      O  2                7329.67A   -4.301    0.0085      Blnd                5199.00A   -1.408    6.6102
Fe 2                4474.90A   -3.141    0.1223      O  2                7330.73A   -4.328    0.0080      Blnd                1.04030m   -2.743    0.3057
Fe 2                3289.46A   -5.051    0.0015      O  2                3728.81A   -2.243    0.9673      Blnd                2141.00A   -3.815    0.0259
Fe 2                2628.29A   -4.322    0.0081      O  2                3726.03A   -2.399    0.6756      Blnd                6300.00A   -1.193   10.8561
Fe 2                2621.67A   -4.703    0.0034      P  2                60.6263m   -3.579    0.0446      Blnd                2471.00A   -3.761    0.0293
Fe 2                2413.31A   -4.908    0.0021      P  2                32.8620m   -3.518    0.0514      Blnd                7323.00A   -3.931    0.0199
Fe 2                2411.07A   -4.909    0.0021      P  2                1.14682m   -3.353    0.0750      Blnd                7332.00A   -4.013    0.0164
Fe 2                2344.28A   -4.791    0.0027      P  2                4669.25A   -4.885    0.0022      Blnd                3727.00A   -2.013    1.6429
Fe 2                17.9311m   -2.273    0.9022      P  2                2195.57A   -4.920    0.0020      Blnd                7325.00A   -3.669    0.0363
Fe 2                1.64355m   -1.384    6.9896      P  2                1536.42A   -5.095    0.0014      C 1R                1656.00A   -5.195    0.0011



 IC443 NE diffuse shock -- v shock=100 km/s, T obs=12000K (upper end test)  
 Cooling:  H  1c                     0 :0.712 Fe 2c                     0 :0.073 Mg 2c                     0 :0.059  
 Heating:  TotM                      0 :0.062 H- H                      0 :0.880  

 These are some of the most important databases used by Cloudy:
 Many recombination coefficients were taken from http://amdpp.phys.strath.ac.uk/tamoc/RR/ and http://amdpp.phys.strath.ac.uk/tamoc/DR/
      and are based on the following papers:
        Badnell N. R., et al., A&A 406, 1151 (2003) [http://adsabs.harvard.edu/abs/2003A%26A...406.1151B]
        Badnell N. R., ApJS 167, 334 (2006) [http://adsabs.harvard.edu/abs/2006ApJS..167..334B]
 Much of the molecular emission data is from LAMDA as accessed on June 30, 2015. This database is described in:
        Schoeier F.L., et al., A&A 432, 369 (2005) [http://adsabs.harvard.edu/abs/2005A%26A...432..369S]
      This database is in part based on the work of the following groups:
        JPL: Pickett H. M. et al., JQSRT, 60, 883 (1998). [http://adsabs.harvard.edu/abs/1998JQSRT..60..883P]
        CDMS: Mueller H. S. et al., A&A 370, L49 (2001). [http://adsabs.harvard.edu/abs/2001A%26A...370L..49M]
              Mueller H. S. et al., J. Mol. Struct. 742, 215 (2005). [http://adsabs.harvard.edu/abs/2005JMoSt.742..215M]
 Some of the ionic emission data is from version 10.0.1 of CHIANTI. CHIANTI is a collaborative project involving the NRL (USA), the
      Universities of Florence (Italy) and Cambridge (UK), and George Mason University (USA). These papers describe Chianti:
        Dere K. P., et al., A&AS, 125, 149 (1997) [http://adsabs.harvard.edu/abs/1997A%26AS..125..149D]
        Landi E., et al., ApJ, 744, 99 (2012) [http://adsabs.harvard.edu/abs/2012ApJ...744...99L]
 Much of the H_2 data is from this web site: http://molat.obspm.fr/index.php?page=pages/Molecules/H2/H2can94.php. These data are
      described in:
        Abgrall H. et al., Can. J. Phys., 72, 856 (1994) [http://adsabs.harvard.edu/abs/1994CaJPh..72..856A]
        Wrathmall S. A. & Flower D. R., J. Phys. B, 40, 3221 (2007) [http://adsabs.harvard.edu/abs/2007JPhB...40.3221W]
 The Case A and Case B recombination predictions for one-electron systems are from
	Storey, P.J. & Hummer, D.G., 1995, MNRAS 272, 41 http://adsabs.harvard.edu/abs/1995MNRAS.272...41S
 The He I recombination predictions are from
	Porter, R. L.; Ferland, G. J.; Storey, P. J.; Detisch, M. J., 2012, MNRAS, 425, 28p http://adsabs.harvard.edu/abs/2012MNRAS.425L..28P
		http://adsabs.harvard.edu/abs/2013MNRAS.433L..89P

 If you find some process or data set to be particularly critical to a result, please follow the trail of references back to the
 original source and cite that.  This will support and encourage atomic, molecular, and chemical physicists to continue their
 valuable work.

 IONIZE PARMET:  U(1-)-37.0000  U(4-):-37.0000  U(sp):-37.00  Q(ion):    0.764  L(ion) -9.770    Q(low): 12.217    L(low)  0.058
 ENERGY BUDGET:  Heat:  -2.964  Coolg:   0.600  Error:366966.5%  Rec Lin:   0.009  F-F  H  0.000    P(rad/tot)max     9.96E-03    R(F Con):1.737e+05

     Col(Heff):      1.743E+21  snd travl time  2.06E+12 sec  Te-low: 1.20E+04  Te-hi: 1.20E+04  G0TH85: 0.00E+00  G0DB96:0.00E+00
  Emiss Measure    n(e)n(p) dl       4.011E+21  n(e)n(He+)dl         2.639E+15  En(e)n(He++) dl         0.000E+00  ne nC+:8.02E+18
 He/Ha:3.57E-07  =   0.00*true  Lthin:1.42E+03  itr/zn: 1.65  H2 itr/zn:  0.00  File Opacity: F  MassTot 4.95e-03  (gm/cm^2)
   Temps(21 cm)   T(21cm/Ly a)  3.98E+03        T(<nH/Tkin>)  1.20E+04          T(<nH/Tspin>)    4.26E+03          TB21cm:4.42E+01
                   N(H0/Tspin)  4.70E+17        N(OH/Tkin)    9.32E+06          B(21cm)          0.00E+00
   <a>:5.37E-09  erdeFe0.0E+00  Tcompt0.00E+00  Tthr2.83E+09  <Tden>: 1.20E+04  <dens>:2.69E-21  <MolWgt>1.25E+00
     Mean Jeans  l(cm)1.18E+20  M(sun)1.17E+06  smallest:     len(cm):1.17E+20  M(sun):1.14E+06  a_ox tran:  0.00
 Rion:1.000E+30  Dist:0.00E+00  Diam:0.000E+00
 Hatom level 70  HatomType: add  HInducImp  F  He tot level: 63  He2 level:   70  ExecTime    25.8
 ConvrgError(%)  <eden>  0.305  MaxEden  0.959  <H-C>  99.99  Max(H-C)  100.00  <Press>   0.000  MaxPrs er  0.000
  Continuity(%)  chng Te   0.0  elec den   9.9  n(H2)    0.0  n(CO)        0.0

                                                        Averaged Quantities
             Te      Te(Ne)   Te(NeNp)  Te(NeHe+)Te(NeHe2+) Te(NeO+)  Te(NeO2+)  Te(H2)     N(H)     Ne(O2+)   Ne(Np)
 Radius:  1.20e+04  1.20e+04  1.20e+04  1.20e+04  0.00e+00  1.20e+04  1.20e+04  1.20e+04  1.13e+03  4.69e+01  4.68e+01
 
 Peimbert T(OIIIr)0.00E+00 T(Bac)0.00E+00 T(Hth)1.14E+04 t2(Hstrc) 3.68e-31 T(O3-BAC)8.07E+03 t2(O3-BC)-2.40e-01 t2(O3str) 2.30e-32

 Contin Optical Depths: COMP: 5.72e-05    H-: 1.70e-03 R(1300): 1.34e-02  H2+: 2.32e-05  Bra:5.72E-05
                          Pa: 5.72e-05    Ba: 1.62e-03      Hb: 1.26e-03   La: 3.31e+01     1r:1.272E+04  1.8:4.03E+03 4.:6.149E+02

 Old, new H  1 continuum optical depths:
     1 1.27e+04     2 8.92e-04     3 1.75e-03     4 1.75e-03     5 1.75e-03     6 4.50e-04     7 4.50e-04     8 4.50e-04
     9 4.50e-04    10 1.78e-14    11 1.78e-14    12 1.78e-14    13 1.78e-14    14 1.78e-14    15 2.13e-14    16 2.13e-14
    17 2.13e-14    18 2.13e-14    19 2.13e-14    20 2.13e-14    21 4.13e-14    22 4.13e-14    23 4.13e-14    24 4.13e-14
    25 4.13e-14    26 4.13e-14    27 4.13e-14    28 7.49e-14    29 7.49e-14    30 7.49e-14    31 7.49e-14    32 7.49e-14
    33 7.49e-14    34 7.49e-14    35 7.49e-14    36 1.29e-13    37 1.29e-13    38 1.29e-13    39 1.29e-13    40 1.29e-13
    41 1.29e-13    42 1.29e-13    43 1.29e-13    44 1.29e-13    45 2.10e-13    46 2.10e-13    47 2.10e-13    48 2.10e-13
    49 2.10e-13    50 2.10e-13    51 2.10e-13    52 2.10e-13    53 2.10e-13    54 2.10e-13
     1 1.27e+04     2 8.77e-04     3 1.72e-03     4 1.72e-03     5 1.72e-03     6 4.42e-04     7 4.42e-04     8 4.42e-04
     9 4.42e-04    10 1.78e-14    11 1.78e-14    12 1.78e-14    13 1.78e-14    14 1.78e-14    15 2.13e-14    16 2.13e-14
    17 2.13e-14    18 2.13e-14    19 2.13e-14    20 2.13e-14    21 4.14e-14    22 4.14e-14    23 4.14e-14    24 4.14e-14
    25 4.14e-14    26 4.14e-14    27 4.14e-14    28 7.51e-14    29 7.51e-14    30 7.51e-14    31 7.51e-14    32 7.51e-14
    33 7.51e-14    34 7.51e-14    35 7.51e-14    36 1.29e-13    37 1.29e-13    38 1.29e-13    39 1.29e-13    40 1.29e-13
    41 1.29e-13    42 1.29e-13    43 1.29e-13    44 1.29e-13    45 2.10e-13    46 2.10e-13    47 2.10e-13    48 2.10e-13
    49 2.10e-13    50 2.10e-13    51 2.10e-13    52 2.10e-13    53 2.10e-13    54 2.10e-13

 Old, new H  1 mean line optical depths:
  2- 1 1.91e+08  3- 2 1.11e-02  4- 3 1.12e-09  5- 4 6.50e-10  6- 5 1.61e-09  7- 6-6.72e-11  8- 7 7.63e-11
  9- 8 7.05e-10 10- 9 2.38e-09 11-10 1.07e-08 12-11-1.29e-10 13-12-3.52e-10 14-13-7.58e-10 15-14-1.47e-09 16-15-2.73e-09
 17-16-4.93e-09 18-17-8.81e-09 19-18-1.58e-08 20-19-2.86e-08 21-20-5.38e-08 22-21-1.09e-07 23-22-2.51e-07 24-23-7.78e-07
 25-24-2.75e-05
  2- 1 1.91e+08  3- 2 8.79e-03  4- 3 1.13e-09  5- 4 6.52e-10  6- 5 1.62e-09  7- 6-6.74e-11  8- 7 7.65e-11
  9- 8 7.06e-10 10- 9 2.38e-09 11-10 1.08e-08 12-11-1.29e-10 13-12-3.52e-10 14-13-7.59e-10 15-14-1.48e-09 16-15-2.74e-09
 17-16-4.94e-09 18-17-8.82e-09 19-18-1.58e-08 20-19-2.86e-08 21-20-5.39e-08 22-21-1.09e-07 23-22-2.52e-07 24-23-7.80e-07
 25-24-2.75e-05

 Old, new He 2 continuum optical depths:
     1 6.15e+02     2 1.27e+04     3 4.79e-04     4 4.79e-04     5 4.79e-04     6 8.92e-04     7 8.92e-04     8 8.92e-04
     9 8.92e-04    10 1.42e-03    11 1.42e-03    12 1.42e-03    13 1.42e-03    14 1.42e-03    15 1.75e-03    16 1.75e-03
    17 1.75e-03    18 1.75e-03    19 1.75e-03    20 1.75e-03    21 1.47e-03    22 1.47e-03    23 1.47e-03    24 1.47e-03
    25 1.47e-03    26 1.47e-03    27 1.47e-03    28 4.50e-04    29 4.50e-04    30 4.50e-04    31 4.50e-04    32 4.50e-04
    33 4.50e-04    34 4.50e-04    35 4.50e-04    36 1.06e-14    37 1.06e-14    38 1.06e-14    39 1.06e-14    40 1.06e-14
    41 1.06e-14    42 1.06e-14    43 1.06e-14    44 1.06e-14    45 1.78e-14    46 1.78e-14    47 1.78e-14    48 1.78e-14
    49 1.78e-14    50 1.78e-14    51 1.78e-14    52 1.78e-14    53 1.78e-14    54 1.78e-14
     1 6.15e+02     2 1.27e+04     3 4.72e-04     4 4.72e-04     5 4.72e-04     6 8.77e-04     7 8.77e-04     8 8.77e-04
     9 8.77e-04    10 1.40e-03    11 1.40e-03    12 1.40e-03    13 1.40e-03    14 1.40e-03    15 1.72e-03    16 1.72e-03
    17 1.72e-03    18 1.72e-03    19 1.72e-03    20 1.72e-03    21 1.44e-03    22 1.44e-03    23 1.44e-03    24 1.44e-03
    25 1.44e-03    26 1.44e-03    27 1.44e-03    28 4.42e-04    29 4.42e-04    30 4.42e-04    31 4.42e-04    32 4.42e-04
    33 4.42e-04    34 4.42e-04    35 4.42e-04    36 1.07e-14    37 1.07e-14    38 1.07e-14    39 1.07e-14    40 1.07e-14
    41 1.07e-14    42 1.07e-14    43 1.07e-14    44 1.07e-14    45 1.78e-14    46 1.78e-14    47 1.78e-14    48 1.78e-14
    49 1.78e-14    50 1.78e-14    51 1.78e-14    52 1.78e-14    53 1.78e-14    54 1.78e-14

 Old, new He 2 mean line optical depths:
  2- 1 0.00e+00  3- 2 0.00e+00  4- 3 0.00e+00  5- 4 0.00e+00  6- 5 0.00e+00  7- 6 0.00e+00  8- 7 0.00e+00
  9- 8 0.00e+00 10- 9 0.00e+00 11-10 0.00e+00 12-11 0.00e+00 13-12 0.00e+00 14-13 0.00e+00 15-14 0.00e+00 16-15 0.00e+00
 17-16 0.00e+00 18-17 0.00e+00 19-18 0.00e+00 20-19 0.00e+00 21-20 0.00e+00 22-21 0.00e+00 23-22 0.00e+00 24-23 0.00e+00
 25-24 0.00e+00
  2- 1 0.00e+00  3- 2 0.00e+00  4- 3 0.00e+00  5- 4 0.00e+00  6- 5 0.00e+00  7- 6 0.00e+00  8- 7 0.00e+00
  9- 8 0.00e+00 10- 9 0.00e+00 11-10 0.00e+00 12-11 0.00e+00 13-12 0.00e+00 14-13 0.00e+00 15-14 0.00e+00 16-15 0.00e+00
 17-16 0.00e+00 18-17 0.00e+00 19-18 0.00e+00 20-19 0.00e+00 21-20 0.00e+00 22-21 0.00e+00 23-22 0.00e+00 24-23 0.00e+00
 25-24 0.00e+00

 Old He Is optical depths:    1 4.03e+03    2 5.85e-04    3 7.41e-04    4 8.27e-04    5 8.27e-04
 New He Is optical depths:    1 4.03e+03    2 5.76e-04    3 7.29e-04    4 8.14e-04    5 8.14e-04
          Old He Is Lines:  584 1.27e+07 3889 1.86e-04 5016 4.11e-10 5876 3.64e-15
          New He Is Lines:  584 1.27e+07 3889 1.86e-04 5016 4.12e-10 5876 3.65e-15

==== H      compounds ====           Log10 column densities [cm^-2]
   H2        : 13.645   H2*       : 11.948   H2+       : 12.521   H3+       :  6.476
==== He     compounds ====
   HeH+      : 11.620
==== Li     compounds ====
   LiH       :  2.131   LiH+      :  1.622
==== C      compounds ====
   CH        : 10.571   CH+       :  9.459   CH2       :  3.547   CH2+      :  2.303   CH3       : -3.127   CH3+      : -4.610
   CH4       : -9.632   CH4+      :-11.202   CH5+      :-19.443   C2        :  6.840   C2+       :  6.217   C2H       :  0.625
   C2H+      : -0.300   C2H2      : -6.314   C2H2+     : -7.346   C2H3+     :-14.193   C3        : -9.595   C3+       : -3.646
   C3H       : -9.772   C3H+      :-10.247
==== N      compounds ====
   NH        : 10.681   NH+       : 10.241   NH2       :  3.195   NH2+      :  2.710   NH3       : -2.910   NH3+      : -4.500
   NH4+      :-13.814   CN        :  8.601   CN+       :  6.029   HCN       :  1.116   HCN+      :  0.459   HNC       : -0.603
   HCNH+     : -7.017   HC3N      :-14.128   N2        :  9.070   N2+       :  6.660   N2H+      : -4.951
==== O      compounds ====
   OH        : 11.049   OH+       : 10.736   H2O       :  3.046   H2O+      :  2.960   H3O+      : -4.918   CO        : 10.330
   CO+       :  6.693   HCO+      :  2.410   H2CO      : -6.077   NO        :  7.332   NO+       :  6.193   HNO       : -0.087
   HNO+      : -1.367   OCN       : -1.476   OCN+      : -0.612   N2O       : -1.325   O2        :  6.508   O2+       :  7.515
   NO2       : -2.477   NO2+      : -3.694
==== F      compounds ====
   HF        :  8.142   HF+       :  2.970   H2F+      : -5.068   CF+       :  4.971
==== Ne     compounds ====
   NeH+      :  8.301
==== Si     compounds ====
   SiH       :  1.029   SiH2+     :  0.165   SiN       : -3.048   SiN+      :  6.126   SiO       :  4.062   SiO+      :  6.344
   SiOH+     : -1.783
==== S      compounds ====
   HS        :  6.168   HS+       :  7.442   CS        :  3.840   CS+       :  4.754   HCS+      : -1.870   NS        :  4.287
   NS+       :  5.644   SO        :  4.483   SO+       :  5.992   OCS       : -4.458   OCS+      : -5.807   SO2       :-35.930
   SiS       :  4.059   S2        : -3.531   S2+       : -4.555
==== Cl     compounds ====
   HCl       :  2.701   HCl+      :  6.651   H2Cl+     : -0.970   CCl       :-24.080   CCl+      : -2.453   H2CCl+    :-27.871
   ClO       :-24.943   ClO+      :-29.292
==== Ar     compounds ====
   ArH+      :  8.372


               1      2      3      4      5      6      7      8      9     10     11     12     13     14     15     16     17

 Hydrogen   21.302 19.933 13.654 (H2)                Log10 Column density (cm^-2)
 Helium     20.320 13.748-30.000
 Lithium     8.856 12.630-30.000-30.000
 Beryllium   9.555 10.711  6.757-30.000-30.000
 Boron       8.776 12.110  2.755-30.000-30.000-30.000
 Carbon     17.532 17.233  9.516-30.000-30.000-30.000-30.000
 Nitrogen   17.224 16.011  5.556-30.000-30.000-30.000-30.000-30.000
 Oxygen     17.995 16.535  1.270-30.000-30.000-30.000-30.000-30.000-30.000
 Fluorine   13.799 11.176 -0.697-30.000-30.000-30.000-30.000-30.000-30.000-30.000
 Neon       17.320 13.025 -1.415-30.000-30.000-30.000-30.000-30.000-30.000-30.000-30.000
 Sodium     11.943 15.650 -0.633-30.000-30.000-30.000-30.000-30.000-30.000-30.000-30.000-30.000
 Magnesium  15.185 16.847 14.774-30.000-30.000-30.000-30.000-30.000-30.000-30.000-30.000-30.000-30.000
 Aluminium  12.036 15.790 10.949-30.000-30.000-30.000-30.000-30.000-30.000-30.000-30.000-30.000-30.000-30.000
 Silicon    13.210 16.860 13.918-30.000-30.000-30.000-30.000-30.000-30.000-30.000-30.000-30.000-30.000-30.000-30.000
 Phosphorus 11.640 14.825  8.940-30.000-30.000-30.000-30.000-30.000-30.000-30.000-30.000-30.000-30.000-30.000-30.000-30.000
 Sulphur    14.926 16.575 10.561-30.000-30.000-30.000-30.000-30.000-30.000-30.000-30.000-30.000-30.000-30.000-30.000-30.000-30.000
 Chlorine   11.708 14.600  8.316-30.000-30.000-30.000-30.000-30.000-30.000-30.000-30.000-30.000-30.000-30.000-30.000-30.000-30.000
-30.000
 Argon      15.715 13.771  7.123-30.000-30.000-30.000-30.000-30.000-30.000-30.000-30.000-30.000-30.000-30.000-30.000-30.000-30.000
-30.000-30.000
 Potassium  10.088 14.441  4.917-30.000-30.000-30.000-30.000-30.000-30.000-30.000-30.000-30.000-30.000-30.000-30.000-30.000-30.000
-30.000-30.000-30.000
 Calcium    11.876 15.640 14.627-30.000-30.000-30.000-30.000-30.000-30.000-30.000-30.000-30.000-30.000-30.000-30.000-30.000-30.000
-30.000-30.000-30.000-30.000
 Scandium    8.666 12.456 11.368-30.000-30.000-30.000-30.000-30.000-30.000-30.000-30.000-30.000-30.000-30.000-30.000-30.000-30.000
-30.000-30.000-30.000-30.000-30.000
 Titanium   10.378 14.338 12.231-30.000-30.000-30.000-30.000-30.000-30.000-30.000-30.000-30.000-30.000-30.000-30.000-30.000-30.000
-30.000-30.000-30.000-30.000-30.000-30.000
 Vanadium   10.336 13.318 10.789-30.000-30.000-30.000-30.000-30.000-30.000-30.000-30.000-30.000-30.000-30.000-30.000-30.000-30.000
-30.000-30.000-30.000-30.000-30.000-30.000-30.000
 Chromium   11.385 14.981 13.321-30.000-30.000-30.000-30.000-30.000-30.000-30.000-30.000-30.000-30.000-30.000-30.000-30.000-30.000
-30.000-30.000-30.000-30.000-30.000-30.000-30.000-30.000
 Manganese  10.866 14.775 12.783-30.000-30.000-30.000-30.000-30.000-30.000-30.000-30.000-30.000-30.000-30.000-30.000-30.000-30.000
-30.000-30.000-30.000-30.000-30.000-30.000-30.000-30.000-30.000
 Iron       13.039 16.768 14.533-30.000-30.000-30.000-30.000-30.000-30.000-30.000-30.000-30.000-30.000-30.000-30.000-30.000-30.000
-30.000-30.000-30.000-30.000-30.000-30.000-30.000-30.000-30.000-30.000
 Cobalt     11.489 14.239 10.141-30.000-30.000-30.000-30.000-30.000-30.000-30.000-30.000-30.000-30.000-30.000-30.000-30.000-30.000
-30.000-30.000-30.000-30.000-30.000-30.000-30.000-30.000-30.000-30.000-30.000
 Nickel     11.782 15.570  7.003-30.000-30.000-30.000-30.000-30.000-30.000-30.000-30.000-30.000-30.000-30.000-30.000-30.000-30.000
-30.000-30.000-30.000-30.000-30.000-30.000-30.000-30.000-30.000-30.000-30.000-30.000
 Copper     11.158 13.528  6.221-30.000-30.000-30.000-30.000-30.000-30.000-30.000-30.000-30.000-30.000-30.000-30.000-30.000-30.000
-30.000-30.000-30.000-30.000-30.000-30.000-30.000-30.000-30.000-30.000-30.000-30.000-30.000
 Zinc       11.830 13.916  9.732-30.000-30.000-30.000-30.000-30.000-30.000-30.000-30.000-30.000-30.000-30.000-30.000-30.000-30.000
-30.000-30.000-30.000-30.000-30.000-30.000-30.000-30.000-30.000-30.000-30.000-30.000-30.000-30.000
 Exc state                  He[2]  9.294                 C+[2] 16.965                  C[1] 16.579                  C[2] 17.074
                             C[3] 17.265                  O[1] 17.983                  O[2] 16.236                  O[3] 16.068
                           Si+[1] 16.833                C+2[2]  5.518                C+2[3] -1.220                C+2[4]  3.263


 Hydrogen   -0.018 -1.387 -7.365 (H2)                 Log10 Mean Ionisation (over radius)
 Helium     -0.000 -6.572
 Lithium    -3.774 -0.000
 Beryllium  -1.185 -0.029 -3.983
 Boron      -3.334 -0.000 -9.355
 Carbon     -0.177 -0.476 -8.194
 Nitrogen   -0.026 -1.239-11.694
 Oxygen     -0.015 -1.475-16.740
 Fluorine   -0.001 -2.624-14.497
 Neon       -0.000 -4.295-18.735
 Sodium     -3.707 -0.000-16.283
 Magnesium  -1.675 -0.013 -2.087
 Aluminium  -3.754 -0.000 -4.841
 Silicon    -3.650 -0.001 -2.943
 Phosphorus -3.185 -0.000 -5.885
 Sulphur    -1.659 -0.010 -6.024
 Chlorine   -2.893 -0.001 -6.285
 Argon      -0.005 -1.949 -8.597
 Potassium  -4.352 -0.000 -9.523
 Calcium    -3.804 -0.040 -1.053
 Scandium   -3.824 -0.034 -1.123
 Titanium   -3.963 -0.003 -2.110
 Vanadium   -2.984 -0.002 -2.531
 Chromium   -3.605 -0.010 -1.670
 Manganese  -3.914 -0.004 -1.996
 Iron       -3.731 -0.003 -2.237
 Cobalt     -2.751 -0.001 -4.099
 Nickel     -3.789 -0.000 -8.567
 Copper     -2.371 -0.002 -7.309
 Zinc       -2.089 -0.004 -4.188

               1      2      3      4      5      6      7      8      9     10     11     12     13     14     15     16     17

 Hydrogen   -0.018 -1.386 -7.379 (H2)         Log10 Mean Ionisation (over radius*electron density)
 Helium     -0.000 -6.567
 Lithium    -3.801 -0.000
 Beryllium  -1.214 -0.027 -3.981
 Boron      -3.392 -0.000 -9.354
 Carbon     -0.178 -0.474 -8.191
 Nitrogen   -0.026 -1.238-11.688
 Oxygen     -0.015 -1.474-16.738
 Fluorine   -0.001 -2.623-14.496
 Neon       -0.000 -4.294-18.734
 Sodium     -3.711 -0.000-16.283
 Magnesium  -1.687 -0.013 -2.086
 Aluminium  -3.777 -0.000 -4.841
 Silicon    -3.703 -0.001 -2.942
 Phosphorus -3.186 -0.000 -5.884
 Sulphur    -1.677 -0.009 -6.024
 Chlorine   -2.893 -0.001 -6.285
 Argon      -0.005 -1.948 -8.592
 Potassium  -4.358 -0.000 -9.523
 Calcium    -3.831 -0.040 -1.053
 Scandium   -3.844 -0.034 -1.123
 Titanium   -3.965 -0.003 -2.110
 Vanadium   -2.991 -0.002 -2.531
 Chromium   -3.636 -0.010 -1.669
 Manganese  -3.916 -0.004 -1.995
 Iron       -3.734 -0.003 -2.236
 Cobalt     -2.778 -0.001 -4.098
 Nickel     -3.792 -0.000 -8.566
 Copper     -2.399 -0.002 -7.307
 Zinc       -2.123 -0.003 -4.188

               1      2      3      4      5      6      7      8      9     10     11     12     13     14     15     16     17

 Hydrogen    4.079  4.079  4.079 (H2)                  Log10 Mean Temperature (over radius)
 Helium      4.079  4.079
 Lithium     4.079  4.079
 Beryllium   4.079  4.079  4.079
 Boron       4.079  4.079  4.079
 Carbon      4.079  4.079  4.079
 Nitrogen    4.079  4.079  4.079
 Oxygen      4.079  4.079  4.079
 Fluorine    4.079  4.079  4.079
 Neon        4.079  4.079  4.079
 Sodium      4.079  4.079  4.079
 Magnesium   4.079  4.079  4.079
 Aluminium   4.079  4.079  4.079
 Silicon     4.079  4.079  4.079
 Phosphorus  4.079  4.079  4.079
 Sulphur     4.079  4.079  4.079
 Chlorine    4.079  4.079  4.079
 Argon       4.079  4.079  4.079
 Potassium   4.079  4.079  4.079
 Calcium     4.079  4.079  4.079
 Scandium    4.079  4.079  4.079
 Titanium    4.079  4.079  4.079
 Vanadium    4.079  4.079  4.079
 Chromium    4.079  4.079  4.079
 Manganese   4.079  4.079  4.079
 Iron        4.079  4.079  4.079
 Cobalt      4.079  4.079  4.079
 Nickel      4.079  4.079  4.079
 Copper      4.079  4.079  4.079
 Zinc        4.079  4.079  4.079

               1      2      3      4      5      6      7      8      9     10     11     12     13     14     15     16     17

 Hydrogen    4.079  4.079  4.079 (H2)          Log10 Mean Temperature (over radius*electron density)
 Helium      4.079  4.079
 Lithium     4.079  4.079
 Beryllium   4.079  4.079  4.079
 Boron       4.079  4.079  4.079
 Carbon      4.079  4.079  4.079
 Nitrogen    4.079  4.079  4.079
 Oxygen      4.079  4.079  4.079
 Fluorine    4.079  4.079  4.079
 Neon        4.079  4.079  4.079
 Sodium      4.079  4.079  4.079
 Magnesium   4.079  4.079  4.079
 Aluminium   4.079  4.079  4.079
 Silicon     4.079  4.079  4.079
 Phosphorus  4.079  4.079  4.079
 Sulphur     4.079  4.079  4.079
 Chlorine    4.079  4.079  4.079
 Argon       4.079  4.079  4.079
 Potassium   4.079  4.079  4.079
 Calcium     4.079  4.079  4.079
 Scandium    4.079  4.079  4.079
 Titanium    4.079  4.079  4.079
 Vanadium    4.079  4.079  4.079
 Chromium    4.079  4.079  4.079
 Manganese   4.079  4.079  4.079
 Iron        4.079  4.079  4.079
 Cobalt      4.079  4.079  4.079
 Nickel      4.079  4.079  4.079
 Copper      4.079  4.079  4.079
 Zinc        4.079  4.079  4.079

               1      2      3      4      5      6      7      8      9     10     11     12     13     14     15     16     17
IC443 NE diffuse shock -- v shock=100 km/s, T obs=12000K (upper end test)  

---------------Convergence statistics---------------
      2.06 mean iterations/state convergence
      2.99 mean cx acceleration loops/iteration
      1.09 mean iso convergence loops/ion solve
         1 mean steps/chemistry solve
         1 mean step length searches/chemistry step
----------------------------------------------------

 Cloudy ends: 127 zones, 2 iterations. (single thread) ExecTime(s) 25.75
 [Stop in cdMain at maincl.cpp:593, Cloudy exited OK]
