                                                          Cloudy 23.01
                                                         www.nublado.org

                                                  PRNG seed: 0x4bd66e9606f06a44

                       **************************************23Jul25**************************************
                       *                                                                                 *
                       * title IC443 NE diffuse shock -- v shock=65 km/s, T obs=12000K (upper end test)  *
                       * hden 2.6792                                                                     *
                       * constant temperature, t=12000 K linear                                          *
                       * stop column density 20.95                                                       *
                       * iterate                                                                         *
                       * save results last "v65_T12000.rlt"                                              *
                       *                                                                                 *
                       ***********************************************************************************



 NOTE Setcon: continuum has zero intensity starting at  3.0447e-09 Ryd.
  9244 cells in the incident continuum have zero intensity.  Problems???

 NOTE There is no hydrogen-ionizing radiation.
 Was this intended?

 NOTE There is no Balmer continuum radiation.<<<<
 Was this intended?

           9244CellPeak3.04E-09   Lo 3.04e-09=  29.98m   Hi-Con:7.13E+06 Ryd   E(hi):7.35E+06Ryd     E(hi):     100.00 MeV
           I(nu>1ryd):   0.0000   Average nu:0.000E+00   I( X-ray):   0.0000   I(BalC): -30.0000     Phi(BalmrC): -30.0000
           phi(1.0-1.8): 0.0000   phi(1.8-4.0):  0.000   phi(4.0-20):  0.000   phi(20--):  0.000     Ion pht flx:0.000E+00
           I(gam ray):   0.0000   phi(gam r):   0.0000   I(Infred):   0.0000   Alf(ox):   0.0000     Total inten: -35.9298
           U(1.0----):0.000E+00   U(4.0----):0.000E+00   T(En-Den):0.000E+00   T(Comp):0.000E+00     nuJnu(912A):0.000E+00
           Occ(FarIR):0.000E+00   Occ(H n=6):0.000E+00   Occ(1Ryd):0.000E+00   Occ(4R):0.000E+00     Occ (Nu-hi):0.000E+00
           Tbr(FarIR):0.000E+00   Tbr(H n=6):0.000E+00   Tbr(1Ryd):0.000E+00   Tbr(4R):0.000E+00     Tbr (Nu-hi):0.000E+00
  
                                                  Gas Phase Chemical Composition
        H :  0.0000  He: -1.0000  Li: -8.6904  Be:-10.5800  B : -9.2097  C : -3.6108  N : -4.0701  O : -3.3098  F : -7.5200
        Ne: -4.0000  Na: -5.6696  Mg: -4.4597  Al: -5.5302  Si: -4.4597  P : -6.4949  S : -4.7352  Cl: -6.7190  Ar: -5.6003
        K : -6.8794  Ca: -5.6402  Sc: -8.8297  Ti: -6.9788  V : -8.0000  Cr: -6.3298  Mn: -6.5406  Fe: -4.5498  Co: -7.0799
                                               Ni: -5.7496  Cu: -7.7905  Zn: -7.4001
 
 ####  1  Te:1.200E+04 Hden:4.777E+02 Ne:9.859E+00 R:1.000E+30 R-R0:2.524E+11 dR:5.049E+11 NTR:  1 Htot:5.842E-24 T912: 1.50e-03###
 Hydrogen      9.80e-01 2.05e-02 H+o/Hden 1.00e+00 6.48e-08 H-    H2 3.62e-07 2.23e-09 H2+ HeH+ 3.22e-10 Ho+ ColD 2.36e+14 4.94e+12
 Helium        1.00e+00 7.32e-08 0.00e+00 HeI 2s3S 2.03e-12 Comp H,C 0.00e+00 0.00e+00 Fill Fac 1.00e+00 Gam1/tot 1.70e-08
 He singlet n  1.00e+00 1.23e-18 9.50e-27 8.49e-26 1.43e-27 1.15e-26 He tripl 2.03e-12 1.97e-24 1.37e-25 1.52e-25 7.72e-27
 Pressure      NgasTgas 6.43e+06 P(total) 8.88e-10 P( gas ) 8.88e-10 P(Radtn) 0.00e+00 Rad accl 0.00e+00 ForceMul 0.00e+00
 Texc(La)      2.58e+03 T(I con) 0.00e+00 T(D con) 1.05e-01 T(U tot) 1.05e-01 nT (c+d) 2.54e+04 Prad/Gas 0.00e+00 Pmag/Gas 0.00e+00
 Molecules     CH/Ctot: 5.24e-07 CH+/Ctot 1.02e-08 CO/Ctot: 1.48e-04 CO+/Ctot 3.03e-10 H2O/Otot 3.91e-14 OH/Ototl 5.29e-07
 Lithium       1.82e-03 9.98e-01 0.00e+00 0.00e+00 Berylliu 8.45e-01 1.55e-01 1.50e-05 0.00e+00 0.00e+00 sec ion: 0.00e+00
 Boron         1.65e-01 8.35e-01 1.84e-10 0.00e+00 0.00e+00 0.00e+00
 Carbon        8.54e-01 1.45e-01 1.50e-09 0.00e+00 0.00e+00 0.00e+00 0.00e+00 H2O+/O   9.72e-14 OH+/Otot 2.96e-07 Hex(tot) 0.00e+00
 Nitrogen      9.71e-01 2.93e-02 2.73e-13 0.00e+00 0.00e+00 0.00e+00 0.00e+00 0.00e+00 O2/Ototl 9.83e-12 O2+/Otot 3.39e-10
 Oxygen        9.83e-01 1.67e-02 4.45e-18 0.00e+00 0.00e+00 0.00e+00 0.00e+00 0.00e+00 0.00e+00
 Fluorine      9.97e-01 1.71e-03 2.17e-15 0.00e+00 0.00e+00 0.00e+00 0.00e+00 0.00e+00 0.00e+00 0.00e+00
 Neon          1.00e+00 3.44e-05 1.10e-19 0.00e+00 0.00e+00 0.00e+00 0.00e+00 0.00e+00 0.00e+00 0.00e+00 0.00e+00
 Sodium        3.71e-04 1.00e+00 4.47e-17 0.00e+00 0.00e+00 0.00e+00 0.00e+00 0.00e+00 0.00e+00 0.00e+00 0.00e+00 0.00e+00
 Magnesium     5.58e-02 9.40e-01 4.56e-03 0.00e+00 0.00e+00 0.00e+00 0.00e+00 0.00e+00 0.00e+00 0.00e+00 0.00e+00 0.00e+00 0.00e+00
 Aluminium  0  1.19e-03 9.99e-01 1.38e-05 0.00e+00 0.00e+00 0.00e+00 0.00e+00 0.00e+00 0.00e+00 0.00e+00 0.00e+00 0.00e+00 0.00e+00
 Silicon    0  4.38e-02 9.56e-01 5.33e-04 0.00e+00 0.00e+00 0.00e+00 0.00e+00 0.00e+00 0.00e+00 0.00e+00 0.00e+00 0.00e+00 0.00e+00
 Phosphorus 0  7.69e-04 9.99e-01 6.70e-07 0.00e+00 0.00e+00 0.00e+00 0.00e+00 0.00e+00 0.00e+00 0.00e+00 0.00e+00 0.00e+00 0.00e+00
 Sulphur    0  2.66e-01 7.34e-01 6.74e-07 0.00e+00 0.00e+00 0.00e+00 0.00e+00 0.00e+00 0.00e+00 0.00e+00 0.00e+00 0.00e+00 0.00e+00
 Chlorine   0  1.40e-03 9.99e-01 4.94e-07 0.00e+00 0.00e+00 0.00e+00 0.00e+00 0.00e+00 0.00e+00 0.00e+00 0.00e+00 0.00e+00 0.00e+00
 Argon      0  9.90e-01 9.75e-03 6.01e-10 0.00e+00 0.00e+00 0.00e+00 0.00e+00 0.00e+00 0.00e+00 0.00e+00 0.00e+00 0.00e+00 0.00e+00
 Potassium  0  1.04e-04 1.00e+00 2.79e-10 0.00e+00 0.00e+00 0.00e+00 0.00e+00 0.00e+00 0.00e+00 0.00e+00 0.00e+00 0.00e+00 0.00e+00
 Calcium    0  1.81e-03 9.13e-01 8.49e-02 0.00e+00 0.00e+00 0.00e+00 0.00e+00 0.00e+00 0.00e+00 0.00e+00 0.00e+00 0.00e+00 0.00e+00
 Scandium   0  8.78e-04 9.29e-01 7.05e-02 0.00e+00 0.00e+00 0.00e+00 0.00e+00 0.00e+00 0.00e+00 0.00e+00 0.00e+00 0.00e+00 0.00e+00
 Titanium   0  1.60e-04 9.92e-01 7.59e-03 0.00e+00 0.00e+00 0.00e+00 0.00e+00 0.00e+00 0.00e+00 0.00e+00 0.00e+00 0.00e+00 0.00e+00
 Vanadium   0  2.32e-03 9.95e-01 2.74e-03 0.00e+00 0.00e+00 0.00e+00 0.00e+00 0.00e+00 0.00e+00 0.00e+00 0.00e+00 0.00e+00 0.00e+00
 Chromium   0  3.91e-03 9.86e-01 1.05e-02 0.00e+00 0.00e+00 0.00e+00 0.00e+00 0.00e+00 0.00e+00 0.00e+00 0.00e+00 0.00e+00 0.00e+00
 Manganese  0  1.78e-04 9.95e-01 4.96e-03 0.00e+00 0.00e+00 0.00e+00 0.00e+00 0.00e+00 0.00e+00 0.00e+00 0.00e+00 0.00e+00 0.00e+00
 Iron       0  2.85e-04 9.97e-01 2.84e-03 0.00e+00 0.00e+00 0.00e+00 0.00e+00 0.00e+00 0.00e+00 0.00e+00 0.00e+00 0.00e+00 0.00e+00
 Cobalt     0  1.95e-02 9.80e-01 3.82e-05 0.00e+00 0.00e+00 0.00e+00 0.00e+00 0.00e+00 0.00e+00 0.00e+00 0.00e+00 0.00e+00 0.00e+00
 Nickel     0  2.53e-04 1.00e+00 1.33e-09 0.00e+00 0.00e+00 0.00e+00 0.00e+00 0.00e+00 0.00e+00 0.00e+00 0.00e+00 0.00e+00 0.00e+00
 Copper     0  4.65e-02 9.53e-01 2.28e-08 0.00e+00 0.00e+00 0.00e+00 0.00e+00 0.00e+00 0.00e+00 0.00e+00 0.00e+00 0.00e+00 0.00e+00
 Zinc       0  1.64e-01 8.36e-01 4.69e-05 0.00e+00 0.00e+00 0.00e+00 0.00e+00 0.00e+00 0.00e+00 0.00e+00 0.00e+00 0.00e+00 0.00e+00
 ####117  Te:1.200E+04 Hden:4.777E+02 Ne:1.994E+01 R:1.000E+30 R-R0:1.856E+18 dR:1.842E+16 NTR:  1 Htot:1.122E-22 T912: 5.44e+03###
 Hydrogen      9.58e-01 4.16e-02 H+o/Hden 1.00e+00 1.84e-08 H-    H2 4.04e-08 1.57e-09 H2+ HeH+ 1.95e-10 Ho+ ColD 8.57e+20 3.45e+19
 Helium        1.00e+00 1.97e-07 0.00e+00 HeI 2s3S 4.07e-12 Comp H,C 2.42e-29 2.14e-29 Fill Fac 1.00e+00 Gam1/tot 1.72e-03
 He singlet n  1.00e+00 2.89e-18 9.28e-24 1.78e-25 1.21e-25 2.43e-26 He tripl 4.07e-12 4.53e-24 2.82e-25 3.26e-25 1.91e-26
 Pressure      NgasTgas 6.55e+06 P(total) 9.11e-10 P( gas ) 9.05e-10 P(Radtn) 6.92e-12 Rad accl 3.49e-09 ForceMul 4.48e+04
 Texc(La)      4.08e+03 T(I con) 0.00e+00 T(D con) 5.47e+00 T(U tot) 5.47e+00 nT (c+d) 1.32e+06 Prad/Gas 7.59e-03 Pmag/Gas 0.00e+00
 Molecules     CH/Ctot: 6.82e-08 CH+/Ctot 6.23e-09 CO/Ctot: 2.93e-09 CO+/Ctot 9.32e-12 H2O/Otot 7.01e-16 OH/Ototl 9.51e-08
 Lithium       9.21e-05 1.00e+00 0.00e+00 0.00e+00 Berylliu 3.23e-02 9.68e-01 1.08e-04 0.00e+00 0.00e+00 sec ion: 0.00e+00
 Boron         1.15e-04 1.00e+00 4.48e-10 0.00e+00 0.00e+00 0.00e+00
 Carbon        6.44e-01 3.56e-01 6.80e-09 0.00e+00 0.00e+00 0.00e+00 0.00e+00 H2O+/O   1.02e-15 OH+/Otot 5.21e-08 Hex(tot) 0.00e+00
 Nitrogen      9.42e-01 5.84e-02 1.49e-12 0.00e+00 0.00e+00 0.00e+00 0.00e+00 0.00e+00 O2/Ototl 2.93e-12 O2+/Otot 2.98e-11
 Oxygen        9.66e-01 3.39e-02 1.86e-17 0.00e+00 0.00e+00 0.00e+00 0.00e+00 0.00e+00 0.00e+00
 Fluorine      9.98e-01 2.40e-03 3.22e-15 0.00e+00 0.00e+00 0.00e+00 0.00e+00 0.00e+00 0.00e+00 0.00e+00
 Neon          1.00e+00 5.13e-05 1.87e-19 0.00e+00 0.00e+00 0.00e+00 0.00e+00 0.00e+00 0.00e+00 0.00e+00 0.00e+00
 Sodium        1.91e-04 1.00e+00 5.23e-17 0.00e+00 0.00e+00 0.00e+00 0.00e+00 0.00e+00 0.00e+00 0.00e+00 0.00e+00 0.00e+00
 Magnesium     1.89e-02 9.73e-01 8.29e-03 0.00e+00 0.00e+00 0.00e+00 0.00e+00 0.00e+00 0.00e+00 0.00e+00 0.00e+00 0.00e+00 0.00e+00
 Aluminium  0  1.14e-04 1.00e+00 1.42e-05 0.00e+00 0.00e+00 0.00e+00 0.00e+00 0.00e+00 0.00e+00 0.00e+00 0.00e+00 0.00e+00 0.00e+00
 Silicon    0  6.25e-05 9.99e-01 1.16e-03 0.00e+00 0.00e+00 0.00e+00 0.00e+00 0.00e+00 0.00e+00 0.00e+00 0.00e+00 0.00e+00 0.00e+00
 Phosphorus 0  6.46e-04 9.99e-01 1.32e-06 0.00e+00 0.00e+00 0.00e+00 0.00e+00 0.00e+00 0.00e+00 0.00e+00 0.00e+00 0.00e+00 0.00e+00
 Sulphur    0  1.16e-02 9.88e-01 9.56e-07 0.00e+00 0.00e+00 0.00e+00 0.00e+00 0.00e+00 0.00e+00 0.00e+00 0.00e+00 0.00e+00 0.00e+00
 Chlorine   0  1.28e-03 9.99e-01 5.17e-07 0.00e+00 0.00e+00 0.00e+00 0.00e+00 0.00e+00 0.00e+00 0.00e+00 0.00e+00 0.00e+00 0.00e+00
 Argon      0  9.89e-01 1.13e-02 1.87e-09 0.00e+00 0.00e+00 0.00e+00 0.00e+00 0.00e+00 0.00e+00 0.00e+00 0.00e+00 0.00e+00 0.00e+00
 Potassium  0  4.27e-05 1.00e+00 3.00e-10 0.00e+00 0.00e+00 0.00e+00 0.00e+00 0.00e+00 0.00e+00 0.00e+00 0.00e+00 0.00e+00 0.00e+00
 Calcium    0  9.01e-05 9.11e-01 8.92e-02 0.00e+00 0.00e+00 0.00e+00 0.00e+00 0.00e+00 0.00e+00 0.00e+00 0.00e+00 0.00e+00 0.00e+00
 Scandium   0  1.08e-04 9.27e-01 7.26e-02 0.00e+00 0.00e+00 0.00e+00 0.00e+00 0.00e+00 0.00e+00 0.00e+00 0.00e+00 0.00e+00 0.00e+00
 Titanium   0  1.10e-04 9.92e-01 7.67e-03 0.00e+00 0.00e+00 0.00e+00 0.00e+00 0.00e+00 0.00e+00 0.00e+00 0.00e+00 0.00e+00 0.00e+00
 Vanadium   0  1.03e-03 9.96e-01 2.91e-03 0.00e+00 0.00e+00 0.00e+00 0.00e+00 0.00e+00 0.00e+00 0.00e+00 0.00e+00 0.00e+00 0.00e+00
 Chromium   0  1.24e-04 9.78e-01 2.17e-02 0.00e+00 0.00e+00 0.00e+00 0.00e+00 0.00e+00 0.00e+00 0.00e+00 0.00e+00 0.00e+00 0.00e+00
 Manganese  0  1.27e-04 9.90e-01 1.02e-02 0.00e+00 0.00e+00 0.00e+00 0.00e+00 0.00e+00 0.00e+00 0.00e+00 0.00e+00 0.00e+00 0.00e+00
 Iron       0  1.95e-04 9.94e-01 5.87e-03 0.00e+00 0.00e+00 0.00e+00 0.00e+00 0.00e+00 0.00e+00 0.00e+00 0.00e+00 0.00e+00 0.00e+00
 Cobalt     0  1.03e-03 9.99e-01 8.07e-05 0.00e+00 0.00e+00 0.00e+00 0.00e+00 0.00e+00 0.00e+00 0.00e+00 0.00e+00 0.00e+00 0.00e+00
 Nickel     0  1.67e-04 1.00e+00 2.75e-09 0.00e+00 0.00e+00 0.00e+00 0.00e+00 0.00e+00 0.00e+00 0.00e+00 0.00e+00 0.00e+00 0.00e+00
 Copper     0  2.41e-03 9.98e-01 4.99e-08 0.00e+00 0.00e+00 0.00e+00 0.00e+00 0.00e+00 0.00e+00 0.00e+00 0.00e+00 0.00e+00 0.00e+00
 Zinc       0  3.60e-03 9.96e-01 6.35e-05 0.00e+00 0.00e+00 0.00e+00 0.00e+00 0.00e+00 0.00e+00 0.00e+00 0.00e+00 0.00e+00 0.00e+00
   IC443 NE diffuse shock -- v shock=65 km/s, T obs=12000K (upper end test)  
   Calculation stopped because H column dens reached. Iteration 1 of 2
   The geometry is plane-parallel.
  !Compton cooling rate underflows to zero.  Is this important?
  !Some input lines contained underscores, these were changed to spaces.
  !There is no hydrogen-ionizing radiation.  Was this intended?
  !Thermal collisional ionization of H reached 99.50% of the local ionization rate.
  !Charge transfer H => H+ reached 8486.8% of the local H ionization rate.
  !Charge transfer heating reached 108.15% of the local heating.
  !Destruction of He 2TriS reached 18.8% of the total He0 dest rate at zone 117, 17.1% of that was photoionization.
  !Continuum zero at some energies.
  !AGE: Cloud age was not set.  Longest timescale was 4.84e+11 s = 1.53e+04 years.
  !Heating - cooling mismatch =199.9%. Caused by constant temperature assumption. 
  !Mutual neutralization production of H-alpha was significant.
  !Incident radiation field energy density is less than 2.7K.  Add background with CMB command.
  !The CMB was not included.  This is added with the CMB command.
  !The intensity of the incident radiation field is less than 10 times the Habing diffuse ISM field.  Is this OK?
  !   Consider adding diffuse ISM emission with TABLE ISM command.
   The density is too low to l-mix the lowest H  I collapsed level.  More resolved levels are needed for accurate line ratios.
   The density is too low to l-mix the lowest He I collapsed level.  More resolved levels are needed for accurate line ratios.
   Grains were not present but might survive in this environment (energy density temperature was 0.00e+00K)
   The local H2+ photodissociation heating rate reached 1.7% of the total heating.
   H- absorption heating was 84.1% of the total.

                       *********************************> Cloudy 23.01 <**********************************
                       * title IC443 NE diffuse shock -- v shock=65 km/s, T obs=12000K (upper end test)  *
                       * hden 2.6792                                                                     *
                       * constant temperature, t=12000 K linear                                          *
                       * stop column density 20.95                                                       *
                       * iterate                                                                         *
                       * save results last "v65_T12000.rlt"                                              *
                       *********************************> Log(U):-37.00 <*********************************

                     Emission Line Spectrum.   Constant  Density Model.    Open geometry.  Iteration 1 of 2.
                                                     Intensity (erg/s/cm^2).


                                                   Intrinsic line intensities
general properties.............................      C  1                1657.38A   -4.915    0.0121      Fe 3                4881.00A   -5.590    0.0026
TotH                      0    -3.852    0.1401      C  1                1657.91A   -4.609    0.0245      Fe 3                4658.05A   -5.004    0.0099
TotC                      0    -0.169  675.3391      C  1                1658.12A   -4.840    0.0144      Fe 3                3322.54A   -5.691    0.0020
TotM                      0    -5.046    0.0090      C  1                1930.90A   -5.828    0.0015      Fe 3                3239.74A   -5.849    0.0014
CT H                      0    -4.956    0.0110      C  1                1992.01A   -5.913    0.0012      Fe 3                33.0270m   -5.545    0.0028
H FB                      0    -3.521    0.3000      C  1                1993.62A   -4.674    0.0211      Fe 3                5270.40A   -5.190    0.0064
HFBc                      0    -3.521    0.3000      C  1                2582.90A   -5.938    0.0011      Fe 3                4754.69A   -5.730    0.0019
H  1c                     0    -0.317  479.9095      C  1                8727.13A   -5.681    0.0021      Fe 3                4701.53A   -5.553    0.0028
He 1c                     0    -5.739    0.0018      C  1                9824.13A   -2.319    4.7790      Fe 3                3371.41A   -5.825    0.0015
Ar 2c                     0    -5.189    0.0064      C  1                9850.26A   -1.844   14.2774      Fe 3                5011.26A   -5.859    0.0014
C  1c                     0    -1.710   19.4250      C  1                370.269m   -3.959    0.1094      Mg 1                2025.82A   -5.882    0.0013
C  2c                     0    -2.491    3.2146      C  1                609.590m   -4.843    0.0143      Mg 1                2852.13A   -3.357    0.4374
Ca 1c                     0    -5.872    0.0013      C  2                1037.02A   -5.797    0.0016      Mg 1                3838.29A   -5.886    0.0013
Co 2c                     0    -4.141    0.0720      C  2                1334.53A   -4.696    0.0201      Mg 1                4562.60A   -3.305    0.4934
Cr 2c                     0    -3.658    0.2188      C  2                1335.66A   -4.092    0.0806      Mg 1                4571.10A   -3.741    0.1810
Fe 1c                     0    -5.692    0.0020      C  2                1335.71A   -4.013    0.0966      Mg 1                4575.29A   -4.655    0.0220
Fe 2c                     0    -1.308   48.9767      C  2                2323.50A   -3.935    0.1157      Mg 1                5167.32A   -5.623    0.0024
Fe 3c                     0    -4.111    0.0772      C  2                2324.69A   -3.659    0.2183      Mg 1                5172.68A   -5.148    0.0071
Mg 1c                     0    -2.929    1.1726      C  2                2325.40A   -3.032    0.9251      Mg 1                5183.60A   -4.931    0.0117
Mn 2c                     0    -4.113    0.0768      C  2                2326.93A   -3.153    0.7004      Mg 1                8806.76A   -5.160    0.0069
N  1c                     0    -2.146    7.1149      C  2                2328.12A   -3.606    0.2470      Mg 1                1.18282m   -5.328    0.0047
O  1c                     0    -1.754   17.5402      C  2                157.636m   -3.094    0.8030      Mg 1                1.71087m   -5.810    0.0015
O  2c                     0    -2.789    1.6202      Ca 1                4226.73A   -5.977    0.0010      Mn 2                2576.10A   -4.495    0.0318
P  2c                     0    -3.389    0.4065      Co 2                10.5199m   -5.065    0.0086      Mn 2                2593.72A   -4.592    0.0255
S  1c                     0    -4.487    0.0325      Co 2                15.4548m   -5.939    0.0011      Mn 2                2605.68A   -4.732    0.0185
S  2c                     0    -1.676   20.9927      Co 2                2.98382m   -4.583    0.0260      N  1                1134.41A   -5.739    0.0018
Sc 2c                     0    -5.432    0.0037      Co 2                14.7345m   -5.503    0.0031      N  1                1134.98A   -5.561    0.0027
Si 2c                     0    -1.896   12.6540      Co 2                1.01879m   -5.048    0.0089      N  1                1199.55A   -5.335    0.0046
Si 3c                     0    -5.288    0.0051      Co 2                1.54700m   -5.294    0.0051      N  1                1200.22A   -5.511    0.0031
Zn 2c                     0    -5.209    0.0062      Co 2                1.02452m   -5.973    0.0011      N  1                1200.71A   -5.815    0.0015
Al 2c                     0    -2.865    1.3588      Co 2                9342.40A   -5.325    0.0047      N  1                3466.50A   -4.377    0.0418
Ca 2c                     0    -1.867   13.5401      Co 2                9943.48A   -5.673    0.0021      N  1                3466.54A   -5.053    0.0088
Cl 2c                     0    -3.753    0.1758      Co 2                7539.01A   -5.963    0.0011      N  1                5197.90A   -2.559    2.7486
Mg 2c                     0    -1.408   38.8984      Co 2                8121.00A   -5.675    0.0021      N  1                5200.26A   -2.395    4.0108
N  2c                     0    -3.037    0.9141      Cr 2                8000.08A   -4.159    0.0691      N  1                1.03977m   -3.881    0.1309
Ni 2c                     0    -2.736    1.8286      Cr 2                8125.30A   -4.235    0.0580      N  1                1.03982m   -4.407    0.0390
continua.......................................      Cr 2                8229.67A   -4.331    0.0464      N  1                1.04072m   -4.229    0.0588
Bac                 3646.00A   -3.013    0.9668      Cr 2                8308.49A   -4.520    0.0301      N  1                1.04076m   -4.220    0.0600
nFnu                3645.00A   -1.312   48.5797      Cr 2                8357.64A   -4.819    0.0151      O  1                1304.86A   -4.495    0.0319
nFnu                3647.00A   -1.321   47.6129      Fe 1                24.0358m   -5.799    0.0016      O  1                1306.03A   -4.946    0.0113
cout                3646.00A   -3.313    0.4840      Fe 2                25.9813m   -2.620    2.3870      O  1                1355.60A   -4.629    0.0234
cref                3646.00A   -3.315    0.4828      Fe 2                5.33871m   -2.087    8.1578      O  1                1358.51A   -5.034    0.0092
thin                3646.00A   -3.012    0.9681      Fe 2                4.11387m   -4.428    0.0371      O  1                2972.29A   -4.487    0.0325
Ba C                      0    -3.623    0.2372      Fe 2                1.25668m   -3.333    0.4624      O  1                5577.34A   -3.537    0.2891
PA C                      0    -4.048    0.0891      Fe 2                4704.22A   -5.930    0.0012      O  1                6300.30A   -2.081    8.2614
FIR                 83.0000m   -2.125    7.4613      Fe 2                4632.28A   -4.137    0.0727      O  1                6363.78A   -2.577    2.6391
TIR                 1800.00m   -4.824    0.0150      Fe 2                4604.48A   -5.920    0.0012      O  1                6391.73A   -5.905    0.0012
NIRa                2.85000m   -1.116   76.3377      Fe 2                4416.27A   -4.103    0.0785      O  1                63.1679m   -2.241    5.7195
NIRb                3.00000m   -1.793   16.0359      Fe 2                4382.74A   -5.075    0.0084      O  1                145.495m   -3.275    0.5284
MIRa                15.0000m   -1.988   10.2352      Fe 2                4287.39A   -3.138    0.7246      O  2                2470.22A   -5.244    0.0057
MIRb                22.5000m   -1.650   22.2859      Fe 2                3175.38A   -4.855    0.0139      O  2                2470.34A   -4.671    0.0212
NMIR                21.7500m   -1.116   76.3377      Fe 2                2599.40A   -5.359    0.0044      O  2                7318.92A   -5.327    0.0047
TFIR                611.250m   -2.827    1.4820      Fe 2                2382.04A   -3.700    0.1987      O  2                7319.99A   -4.865    0.0136
TALL                10000.0A   -0.170  673.8486      Fe 2                35.3391m   -3.277    0.5261      O  2                7329.67A   -5.105    0.0078
F12                 12.0000m   -3.817    0.1517      Fe 2                6.71944m   -3.226    0.5914      O  2                7330.73A   -5.134    0.0073
F25                 25.0000m   -2.581    2.6156      Fe 2                4.88781m   -4.092    0.0806      O  2                3728.81A   -3.031    0.9279
F60                 60.0000m   -2.225    5.9356      Fe 2                4.07521m   -4.889    0.0129      O  2                3726.03A   -3.198    0.6314
F100                100.000m   -4.512    0.0306      Fe 2                1.32055m   -3.830    0.1474      P  2                60.6263m   -4.261    0.0546
MIPS                24.0000m   -2.581    2.6124      Fe 2                1.24854m   -4.827    0.0148      P  2                32.8620m   -4.289    0.0513
MIPS                70.0000m   -2.241    5.7225      Fe 2                7637.52A   -4.041    0.0906      P  2                1.14682m   -4.124    0.0749
MIPS                160.000m   -2.873    1.3338      Fe 2                4889.62A   -4.007    0.0980      P  2                4669.25A   -5.654    0.0022
IRAC                3.60000m   -4.354    0.0441      Fe 2                4716.37A   -5.015    0.0096      P  2                2195.57A   -5.692    0.0020
IRAC                4.50000m   -3.664    0.2161      Fe 2                4687.56A   -5.218    0.0060      P  2                1536.42A   -5.914    0.0012
IRAC                5.80000m   -2.085    8.1871      Fe 2                4492.64A   -4.973    0.0106      P  2                1535.92A   -5.899    0.0013
IRAC                8.00000m   -3.092    0.8064      Fe 2                4457.95A   -4.373    0.0422      P  2                1.18828m   -3.700    0.1986
SPR2                350.000m   -3.958    0.1096      Fe 2                4432.45A   -5.166    0.0068      P  2                2210.34A   -5.239    0.0057
PAC1                70.0000m   -2.237    5.7772      Fe 2                4359.33A   -3.269    0.5364      P  2                7875.99A   -4.906    0.0124
PAC2                100.000m   -4.234    0.0581      Fe 2                3224.54A   -5.954    0.0011      S  1                1820.34A   -5.993    0.0010
PAC3                160.000m   -2.873    1.3342      Fe 2                3214.67A   -5.368    0.0043      S  1                25.2421m   -4.549    0.0281
PAH                 3.30000m   -5.136    0.0073      Fe 2                2625.67A   -2.265    5.4093      S  1                56.2957m   -5.508    0.0031
PAHC                3.23000m   -5.412    0.0039      Fe 2                2611.87A   -3.239    0.5742      S  2                6730.82A   -2.103    7.8655
PAHC                3.37000m   -5.486    0.0033      Fe 2                2598.37A   -4.498    0.0317      S  2                6716.44A   -1.952   11.1297
PAH                 6.20000m   -5.262    0.0054      Fe 2                2395.63A   -3.275    0.5289      S  2                4076.35A   -3.546    0.2835
PAHC                5.65000m   -4.724    0.0188      Fe 2                2388.63A   -4.420    0.0378      S  2                4068.60A   -3.054    0.8789
PAH                 7.90000m   -5.019    0.0095      Fe 2                2383.06A   -5.700    0.0020      S  2                1.03364m   -3.684    0.2062
PAHC                6.90000m   -3.098    0.7941      Fe 2                2364.83A   -3.521    0.3004      S  2                1.02867m   -3.681    0.2079
PAH                 11.3000m   -5.913    0.0012      Fe 2                2332.80A   -4.881    0.0131      S  2                1.03705m   -4.006    0.0983
PAHC                10.9000m   -4.833    0.0146      Fe 2                51.2868m   -3.815    0.1526      S  2                1.03205m   -3.547    0.2828
PAH                 11.8000m   -5.896    0.0013      Fe 2                5.67236m   -4.903    0.0124      S  2                1259.52A   -4.796    0.0159
PAHC                12.6500m   -4.616    0.0241      Fe 2                4.60641m   -4.688    0.0204      S  2                1253.81A   -4.860    0.0137
PAH                 13.3000m   -5.931    0.0012      Fe 2                4.08085m   -5.419    0.0038      S  2                1250.58A   -5.180    0.0066
PAHC                14.1000m   -4.400    0.0396      Fe 2                1.37181m   -4.073    0.0842      Si 2                34.8046m   -2.043    9.0130
Bcon                3640.00A   -0.287  514.2627      Fe 2                1.29427m   -4.612    0.0243      Si 2                2334.41A   -3.663    0.2165
Pcon                5000.00A   -1.067   85.2746      Fe 2                7806.23A   -5.814    0.0015      Si 2                2328.52A   -4.267    0.0539
O3bn                5007.00A   -2.931    1.1668      Fe 2                7686.93A   -4.123    0.0751      Si 2                1808.01A   -3.622    0.2380
HFFc                      0    -3.669    0.2134      Fe 2                4958.23A   -5.858    0.0014      Si 2                1526.71A   -5.537    0.0029
H FF                      0    -3.894    0.1273      Fe 2                4750.57A   -5.849    0.0014      Si 2                1260.42A   -5.657    0.0022
MeFB                      0    -5.713    0.0019      Fe 2                4728.07A   -4.637    0.0230      Si 2                2350.17A   -3.514    0.3049
ToFF                      0    -3.891    0.1280      Fe 2                4514.90A   -4.999    0.0100      Si 2                2344.20A   -3.118    0.7597
Mion                      0    -4.629    0.0234      Fe 2                4488.75A   -4.717    0.0191      Si 2                2334.60A   -3.211    0.6122
nFnu                122.400m   -5.640    0.0023      Fe 2                4470.30A   -5.916    0.0012      Si 2                1817.45A   -3.420    0.3783
nFnu                60.8322m   -5.380    0.0042      Fe 2                4413.78A   -3.420    0.3787      Si 2                1816.93A   -3.122    0.7514
nFnu                41.2152m   -5.224    0.0060      Fe 2                3254.24A   -5.432    0.0037      Si 2                1533.43A   -3.812    0.1537
nFnu                30.8695m   -5.107    0.0078      Fe 2                3244.18A   -5.723    0.0019      Si 2                1309.28A   -4.480    0.0330
nFnu                24.7829m   -5.016    0.0096      Fe 2                2631.32A   -2.990    1.0202      Si 2                1265.00A   -4.187    0.0648
nFnu                24.2998m   -5.007    0.0098      Fe 2                2617.62A   -4.379    0.0416      Si 2                1264.74A   -4.648    0.0224
nFnu                22.8302m   -4.981    0.0104      Fe 2                2607.09A   -4.518    0.0302      Si 2                1197.39A   -4.546    0.0283
nFnu                21.4199m   -4.954    0.0111      Fe 2                2404.89A   -4.126    0.0746      Si 2                1194.50A   -4.744    0.0180
nFnu                21.1235m   -4.947    0.0113      Fe 2                2399.24A   -4.956    0.0110      Si 2                3862.60A   -5.861    0.0014
nFnu                19.6199m   -4.913    0.0122      Fe 2                2395.42A   -5.538    0.0029      Si 2                3856.02A   -5.831    0.0015
nFnu                17.6534m   -4.865    0.0136      Fe 2                2380.76A   -3.076    0.8352      Si 2                6371.37A   -5.778    0.0017
nFnu                17.3700m   -4.858    0.0138      Fe 2                2348.30A   -4.691    0.0203      Si 2                6347.11A   -5.697    0.0020
nFnu                15.6901m   -4.810    0.0154      Fe 2                2327.40A   -5.158    0.0069      Si 3                1892.03A   -5.709    0.0019
nFnu                14.6036m   -4.774    0.0167      Fe 2                87.3597m   -4.529    0.0295      Si 3                1882.71A   -5.529    0.0029
nFnu                12.4300m   -4.690    0.0203      Fe 2                5.06097m   -5.347    0.0045      Zn 2                2062.00A   -5.603    0.0025
nFnu                11.4000m   -4.644    0.0226      Fe 2                4.43363m   -5.248    0.0056      Zn 2                2025.48A   -5.370    0.0042
nFnu                10.4600m   -4.593    0.0254      Fe 2                1.32777m   -4.796    0.0159      Al 2                2669.15A   -3.350    0.4447
nFnu                9.48002m   -4.537    0.0289      Fe 2                1.27877m   -4.861    0.0137      Al 2                2660.35A   -3.172    0.6698
nFnu                9.32488m   -4.527    0.0296      Fe 2                1.25214m   -5.904    0.0012      Al 2                1670.79A   -3.607    0.2463
nFnu                8.21035m   -4.444    0.0359      Fe 2                7803.89A   -5.820    0.0015      Ca 2                7323.89A   -2.376    4.1910
nFnu                7.58000m   -4.391    0.0405      Fe 2                7665.28A   -5.013    0.0097      Ca 2                7291.47A   -2.208    6.1670
nFnu                7.05026m   -4.334    0.0461      Fe 2                5006.63A   -5.158    0.0069      Ca 2                3968.47A   -4.456    0.0349
nFnu                4.11370m   -3.876    0.1324      Fe 2                4772.06A   -5.953    0.0011      Ca 2                8662.14A   -2.991    1.0161
nFnu                2.32440m   -3.283    0.5188      Fe 2                4639.67A   -5.599    0.0025      Ca 2                3933.66A   -4.408    0.0389
nFnu                1.64313m   -2.896    1.2646      Fe 2                4528.39A   -5.246    0.0057      Ca 2                8498.02A   -3.682    0.2071
nFnu                1.48022m   -2.783    1.6415      Fe 2                4509.61A   -5.589    0.0026      Ca 2                8542.09A   -2.736    1.8309
nFnu                1.43649m   -2.743    1.8017      Fe 2                4452.10A   -3.612    0.2432      Ca 2                3706.02A   -5.099    0.0079
nFnu                1.11867m   -2.474    3.3407      Fe 2                3277.55A   -5.654    0.0022      Ca 2                3736.90A   -4.803    0.0157
nFnu                8329.68A   -2.159    6.9036      Fe 2                3275.02A   -5.732    0.0018      Ca 2                3158.87A   -5.069    0.0085
nFnu                8078.61A   -2.120    7.5554      Fe 2                2631.05A   -4.379    0.0416      Ca 2                3181.27A   -5.774    0.0017
nFnu                6209.66A   -1.848   14.1350      Fe 2                2620.41A   -5.714    0.0019      Ca 2                3179.33A   -4.819    0.0151
nFnu                4885.36A   -1.606   24.6747      Fe 2                2613.82A   -5.147    0.0071      Ca 2                1838.01A   -5.901    0.0012
nFnu                3704.34A   -1.335   46.0286      Fe 2                2410.52A   -5.071    0.0085      Ca 2                1840.03A   -5.745    0.0018
nFnu                3587.67A   -1.299   50.0868      Fe 2                2406.66A   -5.217    0.0060      Cl 2                14.3639m   -4.412    0.0386
nFnu                2430.05A   -0.948  112.2929      Fe 2                2404.43A   -5.560    0.0027      Cl 2                33.2721m   -5.497    0.0032
nFnu                2392.03A   -0.934  116.0087      Fe 2                2359.11A   -4.912    0.0122      Cl 2                8578.70A   -3.984    0.1032
nFnu                2071.34A   -0.815  152.3883      Fe 2                2338.01A   -5.107    0.0078      Cl 2                9123.60A   -4.569    0.0269
nFnu                2052.68A   -0.807  155.1692      Fe 2                4.67067m   -5.873    0.0013      Cl 2                3677.85A   -5.737    0.0018
nFnu                1793.44A   -0.711  193.8986      Fe 2                1.29777m   -5.192    0.0064      Cl 2                6161.84A   -5.691    0.0020
nFnu                1585.12A   -0.645  225.6353      Fe 2                1.27034m   -5.067    0.0085      Mg 2                2802.71A   -1.885   12.9733
nFnu                1458.33A   -0.634  231.2675      Fe 2                7874.24A   -5.174    0.0067      Mg 2                2795.53A   -1.588   25.7147
nFnu                1356.96A   -0.675  210.5064      Fe 2                7733.14A   -5.661    0.0022      Mg 2                2936.52A   -4.467    0.0340
nFnu                1297.29A   -0.788  162.2781      Fe 2                4798.28A   -5.503    0.0031      Mg 2                2928.64A   -4.769    0.0170
nFnu                1262.79A   -0.966  107.6121      Fe 2                4474.90A   -3.925    0.1185      Mg 2                2797.93A   -5.184    0.0065
nFnu                1218.08A   -5.207    0.0062      Fe 2                3289.46A   -5.820    0.0015      Mg 2                2790.77A   -4.482    0.0328
nFnu                1196.33A   -4.659    0.0218      Fe 2                2628.29A   -5.036    0.0092      Mg 2                2798.00A   -4.229    0.0588
nFnu                1175.06A   -4.674    0.0211      Fe 2                2621.67A   -5.614    0.0024      Mg 2                9218.22A   -5.906    0.0012
nFnu                1143.64A   -4.761    0.0173      Fe 2                2413.31A   -5.596    0.0025      N  2                205.283m   -4.646    0.0225
nFnu                1113.22A   -4.841    0.0144      Fe 2                2411.07A   -5.588    0.0026      N  2                121.769m   -4.558    0.0276
nFnu                1103.23A   -4.862    0.0137      Fe 2                2344.28A   -5.411    0.0039      N  2                6548.05A   -3.679    0.2086
nFnu                1073.86A   -5.152    0.0070      Fe 2                17.9311m   -3.054    0.8795      N  2                6583.45A   -3.210    0.6148
nFnu                1064.34A   -5.183    0.0065      Fe 2                1.64355m   -2.155    6.9647      N  2                5754.59A   -4.864    0.0136
nFnu                1035.92A   -5.266    0.0054      Fe 2                1.53348m   -3.243    0.5687      N  2                2139.01A   -5.139    0.0072
nFnu                1000.00A   -5.385    0.0041      Fe 2                8616.95A   -3.452    0.3521      N  2                2142.77A   -4.748    0.0178
nFnu                925.144A   -5.610    0.0024      Fe 2                7155.17A   -3.543    0.2850      Ni 2                1.19102m   -3.070    0.8475
nFnu                897.800A   -5.623    0.0024      Fe 2                6896.17A   -5.041    0.0091      Ni 2                6.63416m   -3.724    0.1879
RRC............................................      Fe 2                5413.37A   -5.399    0.0040      Ni 2                1.07151m   -4.557    0.0276
H  1                911.753A   -2.967    1.0738      Fe 2                5280.27A   -5.991    0.0010      Ni 2                10.6793m   -4.195    0.0636
H  1                3645.98A   -4.020    0.0951      Fe 2                5273.36A   -3.521    0.3000      Ni 2                1.16130m   -5.131    0.0074
H  1                3645.98A   -3.689    0.2037      Fe 2                5158.79A   -2.905    1.2408      Ni 2                12.7253m   -4.668    0.0214
H  1                8203.57A   -4.744    0.0180      Fe 2                5111.64A   -3.815    0.1526      Ni 2                9882.95A   -5.880    0.0013
H  1                8203.57A   -4.367    0.0428      Fe 2                5072.41A   -3.556    0.2766      Ni 2                1.09177m   -5.418    0.0038
H  1                8203.57A   -4.492    0.0321      Fe 2                5039.10A   -4.991    0.0102      Ni 2                18.2355m   -5.385    0.0041
H  1                1.45842m   -5.222    0.0060      Fe 2                4814.54A   -3.846    0.1422      Ni 2                7377.83A   -3.616    0.2412
H  1                1.45842m   -4.839    0.0144      Fe 2                4774.73A   -4.288    0.0514      Ni 2                8300.99A   -4.912    0.0122
H  1                1.45842m   -4.858    0.0138      Fe 2                4745.49A   -5.338    0.0046      Ni 2                1.93877m   -4.324    0.0473
H  1                1.45842m   -5.222    0.0060      Fe 2                4243.97A   -3.187    0.6476      Ni 2                2.36883m   -5.611    0.0024
H  1                2.27878m   -5.572    0.0027      Fe 2                4177.20A   -4.272    0.0533      Ni 2                2.91064m   -5.279    0.0052
H  1                2.27878m   -5.190    0.0064      Fe 2                4146.65A   -5.843    0.0014      Ni 2                6666.80A   -4.556    0.0277
H  1                2.27878m   -5.178    0.0066      Fe 2                3387.09A   -4.627    0.0235      Ni 2                7411.61A   -4.338    0.0458
H  1                2.27878m   -5.396    0.0040      Fe 2                3376.20A   -3.825    0.1489      Ni 2                2.30794m   -5.517    0.0030
H  1                2.27878m   -5.910    0.0012      Fe 2                2732.45A   -4.292    0.0509      Ni 2                6.91767m   -5.816    0.0015
H  1                3.28145m   -5.847    0.0014      Fe 2                2493.30A   -2.405    3.9235      Ni 2                4326.24A   -4.428    0.0372
H  1                3.28145m   -5.466    0.0034      Fe 2                2484.20A   -4.704    0.0197      Ni 2                4628.05A   -4.850    0.0141
H  1                3.28145m   -5.443    0.0036      Fe 2                2360.00A   -5.414    0.0038      Ni 2                6794.20A   -5.906    0.0012
H  1                3.28145m   -5.608    0.0025      Fe 2                2348.12A   -5.625    0.0024      Ni 2                7255.82A   -4.783    0.0164
H  1                3.28145m   -5.950    0.0011      Fe 2                24.5126m   -3.729    0.1858      Ni 2                7694.56A   -5.853    0.0014
H  1                4.46642m   -5.694    0.0020      Fe 2                1.80940m   -2.756    1.7465      Ni 2                1.04597m   -5.267    0.0054
H  1                4.46642m   -5.665    0.0022      Fe 2                1.67688m   -3.669    0.2136      Ni 2                1.23230m   -5.294    0.0051
H  1                4.46642m   -5.806    0.0016      Fe 2                1.59948m   -3.585    0.2591      Ni 2                4201.17A   -4.629    0.0234
H  1                5.83369m   -5.887    0.0013      Fe 2                9051.95A   -3.293    0.5073      Ni 2                4485.21A   -5.082    0.0083
H  1                5.83369m   -5.856    0.0014      Fe 2                8891.93A   -3.722    0.1890      Ni 2                7307.65A   -4.977    0.0105
H  1                5.83369m   -5.983    0.0010      Fe 2                7452.56A   -4.035    0.0918      Ni 2                7612.72A   -5.305    0.0049
H  1                11.0293m   -5.689    0.0020      Fe 2                7172.00A   -3.997    0.1004      Ni 2                1.13597m   -5.988    0.0010
H  1                13.1258m   -5.801    0.0016      Fe 2                6275.53A   -5.904    0.0012      Ni 2                4285.31A   -5.848    0.0014
H  1                15.4046m   -5.905    0.0012      Fe 2                5527.36A   -4.470    0.0337      Ni 2                6791.48A   -5.562    0.0027
H  1                56.9697m   -5.535    0.0029      Fe 2                5433.15A   -4.035    0.0919      Ni 2                7054.20A   -5.467    0.0034
C  1                1101.07A   -5.924    0.0012      Fe 2                5261.63A   -3.288    0.5132      Ni 2                4033.04A   -4.894    0.0127
Si 1                1520.96A   -5.964    0.0011      Fe 2                5220.08A   -4.560    0.0275      Ni 2                4294.09A   -5.014    0.0096
S  1                1196.76A   -5.821    0.0015      Fe 2                5184.80A   -4.455    0.0349      Ni 2                6813.57A   -5.036    0.0092
grains.........................................      Fe 2                5158.01A   -4.393    0.0403      Ni 2                7078.04A   -5.585    0.0026
H-like iso-sequence............................      Fe 2                4947.39A   -3.789    0.1618      Ni 2                3993.06A   -4.509    0.0308
Cool                1215.67A   -0.544  284.5626      Fe 2                4905.35A   -4.143    0.0717      Ni 2                4248.80A   -4.985    0.0103
Crst                960.000A   -0.707  195.3469      Fe 2                4874.50A   -4.185    0.0651      Ni 2                6365.10A   -4.983    0.0104
CION                      0    -2.440    3.6141      Fe 2                4852.74A   -5.541    0.0029      Ni 2                8703.87A   -5.439    0.0036
Ca B                1215.67A   -2.633    2.3193      Fe 2                4346.86A   -3.814    0.1527      Ni 2                9956.63A   -5.665    0.0022
CaBo                4861.32A   -4.173    0.0668      Fe 2                4276.84A   -3.733    0.1842      Ni 2                3438.88A   -4.673    0.0212
Ca A                1215.67A   -2.829    1.4751      Fe 2                4244.82A   -4.541    0.0287      Ni 2                3626.89A   -4.980    0.0104
Ca A                1025.72A   -3.466    0.3406      Fe 2                4211.11A   -5.998    0.0010      Ni 2                3378.16A   -5.282    0.0052
Ca A                972.537A   -3.874    0.1330      Fe 2                3455.11A   -4.731    0.0185      Ni 2                3559.41A   -5.261    0.0055
Ca A                949.743A   -4.178    0.0662      Fe 2                3452.31A   -4.421    0.0377      level 1 lines..................................
Ca A                937.803A   -4.420    0.0379      Fe 2                3440.99A   -4.304    0.0495      recombination..................................
Ca A                930.748A   -4.622    0.0238      Fe 2                2774.73A   -5.498    0.0032      C  1                1657.00A   -5.997    0.0010
Ca A                926.226A   -4.796    0.0159      Fe 2                2759.34A   -5.765    0.0017      C  1                1140.10A   -5.479    0.0033
Ca A                923.150A   -4.949    0.0112      Fe 2                2485.07A   -5.897    0.0013      level2 lines...................................
Ca A                920.963A   -5.086    0.0082      Fe 2                2391.48A   -5.220    0.0060      C  1                1247.50A   -5.168    0.0068
Ca A                919.351A   -5.209    0.0062      Fe 2                2379.28A   -5.781    0.0016      C  1                1314.77A   -5.126    0.0075
Ca A                918.129A   -5.322    0.0047      Fe 2                2362.02A   -4.859    0.0138      C  1                1165.98A   -5.957    0.0011
Ca A                917.181A   -5.425    0.0037      Fe 2                35.7675m   -4.513    0.0305      C  1                1233.29A   -5.680    0.0021
Ca A                916.429A   -5.521    0.0030      Fe 2                1.95361m   -3.667    0.2143      C  1                1250.68A   -5.837    0.0015
Ca A                915.824A   -5.610    0.0024      Fe 2                1.80002m   -3.684    0.2060      Si 2                1179.59A   -5.035    0.0092
Ca A                915.329A   -5.693    0.0020      Fe 2                1.71113m   -4.263    0.0544      Sc 2                3627.22A   -5.152    0.0070
Ca A                914.919A   -5.771    0.0017      Fe 2                1.66377m   -3.884    0.1300      Sc 2                3575.45A   -5.268    0.0054
Ca A                914.576A   -5.844    0.0014      Fe 2                9399.04A   -3.715    0.1919      Sc 2                3368.13A   -5.808    0.0016
Ca A                914.286A   -5.912    0.0012      Fe 2                9226.63A   -3.665    0.2153      Ti 2                3364.74A   -3.535    0.2903
Ca A                914.039A   -5.977    0.0011      Fe 2                9033.49A   -4.682    0.0207      Ti 2                3237.15A   -3.763    0.1719
Ca A                6562.80A   -3.909    0.1228      Fe 2                7388.17A   -4.117    0.0762      Ti 2                1904.17A   -5.383    0.0041
Ca A                4861.32A   -4.352    0.0443      Fe 2                6440.41A   -5.019    0.0095      Ti 2                1907.36A   -5.138    0.0072
Ca A                4340.46A   -4.674    0.0211      Fe 2                5654.87A   -5.430    0.0037      V  2                2710.94A   -5.753    0.0018
Ca A                4101.73A   -4.927    0.0118      Fe 2                5556.31A   -4.704    0.0197      V  2                2684.22A   -5.520    0.0030
Ca A                3970.07A   -5.135    0.0073      Fe 2                5412.67A   -5.208    0.0062      V  2                2139.33A   -5.989    0.0010
Ca A                3889.05A   -5.313    0.0048      Fe 2                5333.66A   -3.571    0.2673      Cr 2                2059.78A   -3.944    0.1132
Ca A                3835.38A   -5.468    0.0034      Fe 2                5296.84A   -4.854    0.0139      Mn 2                1198.85A   -5.934    0.0012
Ca A                3797.90A   -5.607    0.0025      Fe 2                5268.89A   -4.563    0.0273      Co 2                2060.90A   -5.373    0.0042
Ca A                3770.63A   -5.731    0.0019      Fe 2                5107.96A   -5.460    0.0035      Co 2                2018.80A   -5.396    0.0040
Ca A                3750.15A   -5.844    0.0014      Fe 2                5049.30A   -3.963    0.1085      Co 2                1949.74A   -5.451    0.0035
Ca A                3734.37A   -5.948    0.0011      Fe 2                5005.52A   -4.019    0.0954      Co 2                1575.91A   -5.819    0.0015
Ca A                1.87510m   -4.713    0.0193      Fe 2                4973.40A   -4.286    0.0516      Co 2                1470.18A   -5.855    0.0014
Ca A                1.28181m   -5.033    0.0092      Fe 2                4950.76A   -4.627    0.0235      Ni 2                1751.83A   -4.869    0.0135
Ca A                1.09381m   -5.290    0.0051      Fe 2                4352.79A   -4.049    0.0890      Ni 2                1744.24A   -4.674    0.0211
Ca A                1.00494m   -5.502    0.0031      Fe 2                4319.62A   -4.311    0.0487      Ni 2                1484.97A   -5.858    0.0014
Ca A                9545.97A   -5.683    0.0021      Fe 2                4305.90A   -5.105    0.0078      Ni 2                1472.74A   -5.561    0.0027
Ca A                9229.02A   -5.841    0.0014      Fe 2                3504.51A   -5.034    0.0092      Ni 2                1400.37A   -5.828    0.0015
Ca A                9014.91A   -5.981    0.0010      Fe 2                3504.02A   -4.891    0.0128      Ni 2                1375.73A   -5.483    0.0033
Ca A                4.05115m   -5.320    0.0048      Fe 2                3501.63A   -4.456    0.0348      Ni 2                1324.11A   -5.564    0.0027
Ca A                2.62515m   -5.566    0.0027      Fe 2                3489.99A   -5.132    0.0073      hyperfine structure............................
Ca A                2.16553m   -5.780    0.0017      Fe 2                2385.01A   -5.585    0.0026      inner shell....................................
Ca A                1.94456m   -5.963    0.0011      Fe 2                2.06648m   -5.061    0.0087      molecules......................................
Ca A                7.45782m   -5.814    0.0015      Fe 2                1.89541m   -4.420    0.0378      H2 l                2.00000m   -4.955    0.0111
Ca B                6562.80A   -3.720    0.1898      Fe 2                1.79711m   -3.916    0.1209      H-FB                      0    -3.804    0.1563
Ca B                4861.32A   -4.172    0.0671      Fe 2                1.74494m   -4.207    0.0618      H-FF                      0    -4.067    0.0854
Ca B                4340.46A   -4.499    0.0316      Fe 2                9652.70A   -4.564    0.0272      H-CT                6562.80A   -4.248    0.0562
Ca B                4101.73A   -4.756    0.0175      Fe 2                9470.94A   -4.056    0.0876      H- H                      0    -3.927    0.1179
Ca B                3970.07A   -4.967    0.0107      Fe 2                9267.56A   -4.379    0.0417      H2+                       0    -4.165    0.0682
Ca B                3889.05A   -5.147    0.0071      Fe 2                6558.51A   -5.233    0.0058      H2+p                      0    -5.713    0.0019
Ca B                3835.38A   -5.305    0.0049      Fe 2                5745.71A   -5.801    0.0016      bands..........................................
Ca B                3797.90A   -5.444    0.0036      Fe 2                5643.98A   -5.677    0.0021      Fe 2b               2500.00A   -1.864   13.6339
Ca B                3770.63A   -5.570    0.0027      Fe 2                5495.84A   -5.485    0.0033      Fe 2b               5000.00A   -2.102    7.8740
Ca B                3750.15A   -5.685    0.0021      Fe 2                5376.47A   -3.966    0.1078      Fe 2b               7000.00A   -3.104    0.7835
Ca B                3734.37A   -5.789    0.0016      Fe 2                5347.66A   -5.068    0.0085      Fe 2b               10000.0A   -1.881   13.1017
Ca B                3721.94A   -5.886    0.0013      Fe 2                5181.96A   -5.306    0.0049      Fe 2b               2355.00A   -2.674    2.1100
Ca B                3711.97A   -5.977    0.0011      Fe 2                5076.57A   -4.623    0.0237      Fe 2b               2430.00A   -1.877   13.2317
Ca B                1.87510m   -4.663    0.0217      Fe 2                5043.53A   -4.492    0.0321      Fe 2b               2445.00A   -1.877   13.2317
Ca B                1.28181m   -4.972    0.0106      Fe 2                5020.25A   -4.604    0.0248      Fe 2b               2495.00A   -2.402    3.9461
Ca B                1.09381m   -5.226    0.0059      Fe 2                4372.43A   -4.585    0.0259      Fe 2b               2610.00A   -2.143    7.1743
Ca B                1.00494m   -5.437    0.0036      Fe 2                4358.37A   -4.788    0.0162      Fe 2b               2695.00A   -4.691    0.0203
Ca B                9545.97A   -5.617    0.0024      Fe 2                3539.19A   -4.738    0.0182      Fe 2b               2758.00A   -3.469    0.3381
Ca B                9229.02A   -5.774    0.0017      Fe 2                3538.69A   -5.032    0.0092      Fe 2b               2780.00A   -3.435    0.3654
Ca B                9014.91A   -5.914    0.0012      Fe 2                3536.25A   -5.159    0.0069      Fe 2b               2935.00A   -4.359    0.0436
Ca B                4.05115m   -5.296    0.0050      Fe 2                7764.71A   -5.390    0.0041      Fe 2b               2960.00A   -4.432    0.0368
Ca B                2.62515m   -5.537    0.0029      Fe 2                7336.73A   -5.673    0.0021      Fe 2b               3180.00A   -4.099    0.0793
Ca B                2.16553m   -5.747    0.0018      Fe 2                6809.24A   -5.636    0.0023      Fe 2b               3250.00A   -3.597    0.2517
Ca B                1.94456m   -5.928    0.0012      Fe 2                6729.87A   -5.919    0.0012      Fe 2b               3590.00A   -3.686    0.2051
Ca B                7.45782m   -5.798    0.0016      Fe 2                5163.96A   -5.469    0.0034      Fe 2b               3910.00A   -5.704    0.0020
Ca B                4.65251m   -5.991    0.0010      Fe 2                3277.35A   -4.387    0.0408      Fe 2b               4255.00A   -2.522    2.9962
H  1                2431.34A   -0.760  172.9810      Fe 2                3255.89A   -5.514    0.0030      Fe 2b               4558.00A   -3.267    0.5392
H  1                1215.67A   -0.517  302.8462      Fe 2                2926.59A   -4.460    0.0346      Fe 2b               4600.00A   -3.237    0.5765
H  1                6562.80A   -2.302    4.9703      Fe 2                2880.76A   -5.171    0.0067      Fe 2b               4743.00A   -3.990    0.1019
H  1                4861.32A   -2.998    1.0000      Fe 2                2755.74A   -3.762    0.1724      Fe 2b               4855.00A   -3.408    0.3890
H  1                4340.46A   -3.355    0.4396      Fe 2                2739.55A   -4.332    0.0463      Fe 2b               4920.00A   -2.896    1.2651
H  1                4101.73A   -4.614    0.0242      Fe 2                2716.70A   -4.692    0.0203      Fe 2b               4975.00A   -3.422    0.3769
H  1                3970.07A   -4.857    0.0139      Fe 2                1.00287m   -5.394    0.0040      Fe 2b               4971.00A   -3.466    0.3407
H  1                3889.05A   -5.056    0.0087      Fe 2                8037.28A   -5.907    0.0012      Fe 2b               5070.00A   -3.353    0.4419
H  1                3835.38A   -5.227    0.0059      Fe 2                6872.19A   -5.829    0.0015      Fe 2b               5143.00A   -2.818    1.5139
H  1                3797.90A   -5.376    0.0042      Fe 2                5746.98A   -5.596    0.0025      Fe 2b               5270.00A   -2.538    2.8856
H  1                3770.63A   -5.287    0.0051      Fe 2                4347.36A   -5.911    0.0012      Fe 2b               5318.00A   -2.861    1.3716
H  1                3750.15A   -5.399    0.0040      Fe 2                4329.43A   -5.254    0.0055      Fe 2b               5540.00A   -3.946    0.1129
H  1                3734.37A   -5.500    0.0031      Fe 2                2953.77A   -5.759    0.0017      Fe 2b               5865.00A   -4.502    0.0313
H  1                3721.94A   -5.594    0.0025      Fe 2                2772.73A   -4.383    0.0413      Fe 2b               6265.00A   -5.290    0.0051
H  1                3711.97A   -5.679    0.0021      Fe 2                2749.32A   -4.649    0.0223      Fe 2b               6565.00A   -4.769    0.0170
H  1                3703.85A   -5.759    0.0017      Fe 2                2.04602m   -5.339    0.0046      Fe 2b               6910.00A   -4.705    0.0196
H  1                3697.15A   -5.832    0.0015      Fe 2                1.41956m   -5.843    0.0014      Fe 2b               7445.00A   -3.129    0.7405
H  1                3691.55A   -5.899    0.0013      Fe 2                1.23314m   -5.665    0.0022      Fe 2b               8625.00A   -2.812    1.5357
H  1                3686.83A   -5.960    0.0011      Fe 2                1.09108m   -5.572    0.0027      Fe 2b               1.03250m   -3.855    0.1392
H  1                1.87510m   -3.752    0.1763      Fe 2                5588.16A   -5.470    0.0034      Fe 2b               1.88900m   -2.605    2.4723
H  1                1.28181m   -4.044    0.0899      Fe 2                5580.82A   -4.904    0.0124      Fe 2b               2.20000m   -4.525    0.0297
H  1                1.09381m   -5.053    0.0088      Fe 2                5551.32A   -4.618    0.0240      miscellaneous..................................
H  1                1.00494m   -5.306    0.0049      Fe 2                3227.74A   -5.936    0.0012      Blnd                8446.00A   -5.822    0.0015
H  1                9545.97A   -5.512    0.0031      Fe 2                3196.07A   -5.684    0.0021      Blnd                1304.00A   -4.359    0.0435
H  1                9229.02A   -5.686    0.0021      Fe 2                2.13278m   -5.594    0.0025      Blnd                2798.00A   -1.411   38.6880
H  1                9014.91A   -5.837    0.0014      Fe 2                1.09413m   -5.772    0.0017      Blnd                6720.00A   -1.720   18.9952
H  1                8862.79A   -5.802    0.0016      Fe 2                1.07890m   -5.867    0.0014      Blnd                4074.00A   -2.933    1.1624
H  1                8750.48A   -5.913    0.0012      Fe 2                5650.95A   -5.449    0.0035      Blnd                1.03300m   -3.042    0.9047
H  1                4.05115m   -4.572    0.0267      Fe 2                5649.67A   -5.423    0.0038      Blnd                1256.00A   -4.439    0.0363
H  1                2.62515m   -5.304    0.0049      Fe 2                5613.27A   -4.834    0.0146      Blnd                2665.00A   -2.951    1.1145
H  1                2.16553m   -5.585    0.0026      Fe 2                2.24366m   -5.932    0.0012      Blnd                2335.00A   -2.709    1.9472
H  1                1.94456m   -5.805    0.0016      Fe 2                2.00672m   -5.288    0.0051      Blnd                1888.00A   -5.309    0.0049
H  1                1.81741m   -5.987    0.0010      Fe 2                5725.92A   -5.720    0.0019      Blnd                8579.00A   -2.513    3.0541
H  1                7.45782m   -5.432    0.0037      Fe 2                5718.22A   -5.172    0.0067      Blnd                7306.00A   -1.983   10.3581
H  1                4.65251m   -5.772    0.0017      Fe 2                2.22379m   -4.637    0.0230      Blnd                3933.00A   -4.130    0.0738
H  1                12.3685m   -5.879    0.0013      Fe 2                2.01513m   -5.014    0.0097      Blnd                1657.00A   -3.771    0.1687
He-like iso-sequence...........................      Fe 2                9682.08A   -5.325    0.0047      Blnd                9850.00A   -1.718   19.0564
He 1                625.563A   -5.866    0.0014      Fe 2                8715.81A   -5.918    0.0012      Blnd                2326.00A   -2.655    2.2064
Pho+                3889.00A   -5.153    0.0070      Fe 2                6873.84A   -5.590    0.0026      Blnd                1335.00A   -3.703    0.1972
extra Lyman....................................      Fe 2                6188.55A   -5.670    0.0021      Blnd                3467.00A   -4.294    0.0507
database lines.................................      Fe 2                5870.02A   -5.983    0.0010      Blnd                5199.00A   -2.168    6.7593
Ar 2                6.98337m   -5.189    0.0064      Fe 2                4898.61A   -5.812    0.0015      Blnd                1.04030m   -3.538    0.2887
C  1                1560.31A   -5.151    0.0070      Fe 2                2.25348m   -5.531    0.0029      Blnd                2141.00A   -4.600    0.0250
C  1                1560.68A   -5.074    0.0084      Fe 2                1.71482m   -5.933    0.0012      Blnd                6300.00A   -1.961   10.9017
C  1                1560.71A   -5.413    0.0038      Fe 2                9384.77A   -5.961    0.0011      Blnd                2471.00A   -4.569    0.0269
C  1                1561.34A   -4.866    0.0136      Fe 2                4825.73A   -5.272    0.0053      Blnd                7323.00A   -4.736    0.0183
C  1                1561.37A   -5.591    0.0026      Fe 2                4903.85A   -5.766    0.0017      Blnd                7332.00A   -4.818    0.0151
C  1                1561.44A   -4.582    0.0261      Fe 2                5171.63A   -5.574    0.0027      Blnd                3727.00A   -2.805    1.5593
C  1                1656.27A   -4.369    0.0426      Fe 2                5169.03A   -4.511    0.0307      Blnd                7325.00A   -4.474    0.0334
C  1                1656.93A   -4.882    0.0131      Fe 3                22.9190m   -5.002    0.0099      C 1R                1656.00A   -5.997    0.0010
C  1                1657.01A   -4.206    0.0620      Fe 3                4985.87A   -4.733    0.0184

                                                    Emergent line intensities
 Caution: emergent intensities are not reliable on the first iteration.
general properties.............................      Fe 2                17.9311m   -3.054    0.8813      P  2                7875.99A   -4.907    0.0124
continua.......................................      Fe 2                1.64355m   -2.155    6.9786      S  1                1820.34A   -5.993    0.0010
FIR                 83.0000m   -2.125    7.4762      Fe 2                1.53348m   -3.244    0.5696      S  1                25.2421m   -4.549    0.0282
TIR                 1800.00m   -4.824    0.0150      Fe 2                8616.95A   -3.453    0.3518      S  1                56.2957m   -5.508    0.0031
NIRa                2.85000m   -1.116   76.4909      Fe 2                7155.17A   -3.545    0.2849      S  2                6730.82A   -2.104    7.8608
NIRb                3.00000m   -1.793   16.0681      Fe 2                6896.17A   -5.042    0.0091      S  2                6716.44A   -1.953   11.1231
MIRa                15.0000m   -1.988   10.2557      Fe 2                5413.37A   -5.400    0.0040      S  2                4076.35A   -3.546    0.2836
MIRb                22.5000m   -1.650   22.3306      Fe 2                5280.27A   -5.992    0.0010      S  2                4068.60A   -3.055    0.8792
NMIR                21.7500m   -1.116   76.4909      Fe 2                5273.36A   -3.522    0.2999      S  2                1.03364m   -3.685    0.2061
TFIR                611.250m   -2.827    1.4850      Fe 2                5158.79A   -2.905    1.2407      S  2                1.02867m   -3.682    0.2077
TALL                10000.0A   -0.173  670.8326      Fe 2                5111.64A   -3.816    0.1526      S  2                1.03705m   -4.007    0.0982
F12                 12.0000m   -3.817    0.1520      Fe 2                5072.41A   -3.557    0.2766      S  2                1.03205m   -3.548    0.2826
F25                 25.0000m   -2.581    2.6209      Fe 2                5039.10A   -4.992    0.0102      S  2                1259.52A   -4.797    0.0159
F60                 60.0000m   -2.225    5.9475      Fe 2                4814.54A   -3.846    0.1422      S  2                1253.81A   -4.861    0.0137
F100                100.000m   -4.512    0.0307      Fe 2                4774.73A   -4.288    0.0514      S  2                1250.58A   -5.181    0.0066
MIPS                24.0000m   -2.581    2.6177      Fe 2                4745.49A   -5.339    0.0046      Si 2                34.8046m   -2.043    9.0311
MIPS                70.0000m   -2.241    5.7340      Fe 2                4243.97A   -3.188    0.6478      Si 2                2334.41A   -3.663    0.2167
MIPS                160.000m   -2.873    1.3365      Fe 2                4177.20A   -4.272    0.0533      Si 2                2328.52A   -4.267    0.0540
IRAC                3.60000m   -4.354    0.0442      Fe 2                4146.65A   -5.844    0.0014      Si 2                1808.01A   -3.622    0.2383
IRAC                4.50000m   -3.664    0.2166      Fe 2                3387.09A   -4.627    0.0236      Si 2                1526.71A   -5.539    0.0029
IRAC                5.80000m   -2.085    8.2036      Fe 2                3376.20A   -3.826    0.1490      Si 2                1260.42A   -5.658    0.0022
IRAC                8.00000m   -3.092    0.8080      Fe 2                2732.45A   -4.292    0.0509      Si 2                2350.17A   -3.514    0.3053
SPR2                350.000m   -3.958    0.1098      Fe 2                2493.30A   -2.405    3.9274      Si 2                2344.20A   -3.118    0.7605
PAC1                70.0000m   -2.237    5.7888      Fe 2                2484.20A   -4.704    0.0197      Si 2                2334.60A   -3.212    0.6129
PAC2                100.000m   -4.234    0.0583      Fe 2                2360.00A   -5.414    0.0038      Si 2                1817.45A   -3.421    0.3787
PAC3                160.000m   -2.873    1.3368      Fe 2                2348.12A   -5.625    0.0024      Si 2                1816.93A   -3.123    0.7523
PAH                 3.30000m   -5.136    0.0073      Fe 2                24.5126m   -3.729    0.1862      Si 2                1533.43A   -3.813    0.1535
PAHC                3.23000m   -5.412    0.0039      Fe 2                1.80940m   -2.756    1.7500      Si 2                1309.28A   -4.481    0.0330
PAHC                3.37000m   -5.486    0.0033      Fe 2                1.67688m   -3.669    0.2140      Si 2                1265.00A   -4.188    0.0647
PAH                 6.20000m   -5.262    0.0055      Fe 2                1.59948m   -3.585    0.2596      Si 2                1264.74A   -4.649    0.0224
PAHC                5.65000m   -4.724    0.0188      Fe 2                9051.95A   -3.294    0.5069      Si 2                1197.39A   -4.565    0.0272
PAH                 7.90000m   -5.019    0.0096      Fe 2                8891.93A   -3.723    0.1889      Si 2                1194.50A   -4.763    0.0172
PAHC                6.90000m   -3.098    0.7957      Fe 2                7452.56A   -4.037    0.0918      Si 2                3862.60A   -5.862    0.0014
PAH                 11.3000m   -5.913    0.0012      Fe 2                7172.00A   -3.998    0.1003      Si 2                3856.02A   -5.832    0.0015
PAHC                10.9000m   -4.833    0.0147      Fe 2                6275.53A   -5.905    0.0012      Si 2                6371.37A   -5.779    0.0017
PAH                 11.8000m   -5.896    0.0013      Fe 2                5527.36A   -4.471    0.0337      Si 2                6347.11A   -5.698    0.0020
PAHC                12.6500m   -4.616    0.0242      Fe 2                5433.15A   -4.036    0.0919      Si 3                1892.03A   -5.709    0.0020
PAH                 13.3000m   -5.931    0.0012      Fe 2                5261.63A   -3.289    0.5132      Si 3                1882.71A   -5.530    0.0029
PAHC                14.1000m   -4.400    0.0397      Fe 2                5220.08A   -4.560    0.0275      Zn 2                2062.00A   -5.604    0.0025
Bcon                3640.00A   -0.288  514.6857      Fe 2                5184.80A   -4.456    0.0349      Zn 2                2025.48A   -5.371    0.0043
Pcon                5000.00A   -1.069   85.1581      Fe 2                5158.01A   -4.394    0.0403      Al 2                2669.15A   -3.351    0.4451
O3bn                5007.00A   -2.933    1.1655      Fe 2                4947.39A   -3.790    0.1618      Al 2                2660.35A   -3.173    0.6704
RRC............................................      Fe 2                4905.35A   -4.144    0.0717      Al 2                1670.79A   -3.607    0.2466
grains.........................................      Fe 2                4874.50A   -4.186    0.0651      Ca 2                7323.89A   -2.377    4.1883
H-like iso-sequence............................      Fe 2                4852.74A   -5.542    0.0029      Ca 2                7291.47A   -2.209    6.1630
H  1                1215.67A   -0.519  302.4220      Fe 2                4346.86A   -3.815    0.1528      Ca 2                3968.47A   -4.456    0.0349
H  1                6562.80A   -2.303    4.9677      Fe 2                4276.84A   -3.734    0.1843      Ca 2                8662.14A   -2.993    1.0154
H  1                4861.32A   -2.999    1.0000      Fe 2                4244.82A   -4.542    0.0287      Ca 2                3933.66A   -4.409    0.0390
H  1                4340.46A   -3.356    0.4396      Fe 2                4211.11A   -5.998    0.0010      Ca 2                8498.02A   -3.683    0.2069
H  1                4101.73A   -4.615    0.0242      Fe 2                3455.11A   -4.732    0.0185      Ca 2                8542.09A   -2.737    1.8295
H  1                3970.07A   -4.857    0.0139      Fe 2                3452.31A   -4.422    0.0378      Ca 2                3706.02A   -5.100    0.0079
H  1                3889.05A   -5.057    0.0088      Fe 2                3440.99A   -4.305    0.0495      Ca 2                3736.90A   -4.803    0.0157
H  1                3835.38A   -5.228    0.0059      Fe 2                2774.73A   -5.499    0.0032      Ca 2                3158.87A   -5.069    0.0085
H  1                3797.90A   -5.377    0.0042      Fe 2                2759.34A   -5.765    0.0017      Ca 2                3181.27A   -5.775    0.0017
H  1                3770.63A   -5.288    0.0051      Fe 2                2485.07A   -5.897    0.0013      Ca 2                3179.33A   -4.820    0.0151
H  1                3750.15A   -5.399    0.0040      Fe 2                2391.48A   -5.221    0.0060      Ca 2                1838.01A   -5.902    0.0013
H  1                3734.37A   -5.501    0.0031      Fe 2                2379.28A   -5.782    0.0016      Ca 2                1840.03A   -5.746    0.0018
H  1                3721.94A   -5.594    0.0025      Fe 2                2362.02A   -4.859    0.0138      Cl 2                14.3639m   -4.412    0.0387
H  1                3711.97A   -5.680    0.0021      Fe 2                35.7675m   -4.513    0.0306      Cl 2                33.2721m   -5.497    0.0032
H  1                3703.85A   -5.759    0.0017      Fe 2                1.95361m   -3.667    0.2148      Cl 2                8578.70A   -3.986    0.1032
H  1                3697.15A   -5.832    0.0015      Fe 2                1.80002m   -3.684    0.2064      Cl 2                9123.60A   -4.570    0.0268
H  1                3691.55A   -5.899    0.0013      Fe 2                1.71113m   -4.263    0.0545      Cl 2                3677.85A   -5.738    0.0018
H  1                3686.83A   -5.961    0.0011      Fe 2                1.66377m   -3.884    0.1302      Cl 2                6161.84A   -5.692    0.0020
H  1                1.87510m   -3.752    0.1767      Fe 2                9399.04A   -3.716    0.1918      Mg 2                2802.71A   -1.886   12.9845
H  1                1.28181m   -4.045    0.0899      Fe 2                9226.63A   -3.666    0.2151      Mg 2                2795.53A   -1.589   25.7368
H  1                1.09381m   -5.054    0.0088      Fe 2                9033.49A   -4.683    0.0207      Mg 2                2936.52A   -4.467    0.0340
H  1                1.00494m   -5.307    0.0049      Fe 2                7388.17A   -4.118    0.0761      Mg 2                2928.64A   -4.769    0.0170
H  1                9545.97A   -5.513    0.0031      Fe 2                6440.41A   -5.020    0.0095      Mg 2                2797.93A   -5.185    0.0065
H  1                9229.02A   -5.687    0.0021      Fe 2                5654.87A   -5.431    0.0037      Mg 2                2790.77A   -4.483    0.0329
H  1                9014.91A   -5.838    0.0014      Fe 2                5556.31A   -4.705    0.0197      Mg 2                2798.00A   -4.229    0.0589
H  1                8862.79A   -5.803    0.0016      Fe 2                5412.67A   -5.209    0.0062      Mg 2                9218.22A   -5.907    0.0012
H  1                8750.48A   -5.915    0.0012      Fe 2                5333.66A   -3.572    0.2672      N  2                205.283m   -4.646    0.0226
H  1                4.05115m   -4.572    0.0268      Fe 2                5296.84A   -4.855    0.0139      N  2                121.769m   -4.558    0.0276
H  1                2.62515m   -5.304    0.0050      Fe 2                5268.89A   -4.564    0.0273      N  2                6548.05A   -3.680    0.2084
H  1                2.16553m   -5.585    0.0026      Fe 2                5107.96A   -5.461    0.0035      N  2                6583.45A   -3.211    0.6145
H  1                1.94456m   -5.805    0.0016      Fe 2                5049.30A   -3.964    0.1085      N  2                5754.59A   -4.865    0.0136
H  1                1.81741m   -5.987    0.0010      Fe 2                5005.52A   -4.020    0.0954      N  2                2139.01A   -5.140    0.0072
H  1                7.45782m   -5.432    0.0037      Fe 2                4973.40A   -4.287    0.0516      N  2                2142.77A   -4.749    0.0178
H  1                4.65251m   -5.772    0.0017      Fe 2                4950.76A   -4.627    0.0235      Ni 2                1.19102m   -3.071    0.8475
H  1                12.3685m   -5.879    0.0013      Fe 2                4352.79A   -4.049    0.0891      Ni 2                6.63416m   -3.724    0.1883
He-like iso-sequence...........................      Fe 2                4319.62A   -4.312    0.0487      Ni 2                1.07151m   -4.558    0.0276
extra Lyman....................................      Fe 2                4305.90A   -5.106    0.0078      Ni 2                10.6793m   -4.195    0.0637
database lines.................................      Fe 2                3504.51A   -5.034    0.0092      Ni 2                1.16130m   -5.132    0.0074
Ar 2                6.98337m   -5.189    0.0065      Fe 2                3504.02A   -4.892    0.0128      Ni 2                12.7253m   -4.668    0.0215
C  1                1560.31A   -5.153    0.0070      Fe 2                3501.63A   -4.457    0.0349      Ni 2                9882.95A   -5.881    0.0013
C  1                1560.68A   -5.075    0.0084      Fe 2                3489.99A   -5.133    0.0074      Ni 2                1.09177m   -5.419    0.0038
C  1                1560.71A   -5.415    0.0038      Fe 2                2385.01A   -5.585    0.0026      Ni 2                18.2355m   -5.385    0.0041
C  1                1561.34A   -4.867    0.0135      Fe 2                2.06648m   -5.061    0.0087      Ni 2                7377.83A   -3.617    0.2410
C  1                1561.37A   -5.593    0.0026      Fe 2                1.89541m   -4.420    0.0379      Ni 2                8300.99A   -4.913    0.0122
C  1                1561.44A   -4.583    0.0260      Fe 2                1.79711m   -3.916    0.1211      Ni 2                1.93877m   -4.324    0.0474
C  1                1656.27A   -4.369    0.0427      Fe 2                1.74494m   -4.207    0.0620      Ni 2                2.36883m   -5.611    0.0024
C  1                1656.93A   -4.882    0.0131      Fe 2                9652.70A   -4.565    0.0272      Ni 2                2.91064m   -5.279    0.0052
C  1                1657.01A   -4.206    0.0621      Fe 2                9470.94A   -4.057    0.0875      Ni 2                6666.80A   -4.558    0.0276
C  1                1657.38A   -4.915    0.0121      Fe 2                9267.56A   -4.380    0.0416      Ni 2                7411.61A   -4.339    0.0458
C  1                1657.91A   -4.609    0.0245      Fe 2                6558.51A   -5.234    0.0058      Ni 2                2.30794m   -5.517    0.0030
C  1                1658.12A   -4.840    0.0144      Fe 2                5745.71A   -5.802    0.0016      Ni 2                6.91767m   -5.816    0.0015
C  1                1930.90A   -5.829    0.0015      Fe 2                5643.98A   -5.678    0.0021      Ni 2                4326.24A   -4.429    0.0372
C  1                1992.01A   -5.913    0.0012      Fe 2                5495.84A   -5.486    0.0033      Ni 2                4628.05A   -4.851    0.0141
C  1                1993.62A   -4.674    0.0211      Fe 2                5376.47A   -3.967    0.1078      Ni 2                6794.20A   -5.907    0.0012
C  1                2582.90A   -5.939    0.0011      Fe 2                5347.66A   -5.069    0.0085      Ni 2                7255.82A   -4.784    0.0164
C  1                8727.13A   -5.683    0.0021      Fe 2                5181.96A   -5.307    0.0049      Ni 2                7694.56A   -5.855    0.0014
C  1                9824.13A   -2.320    4.7762      Fe 2                5076.57A   -4.624    0.0237      Ni 2                1.04597m   -5.268    0.0054
C  1                9850.26A   -1.845   14.2692      Fe 2                5043.53A   -4.493    0.0321      Ni 2                1.23230m   -5.295    0.0051
C  1                370.269m   -3.959    0.1096      Fe 2                5020.25A   -4.605    0.0248      Ni 2                4201.17A   -4.630    0.0234
C  1                609.590m   -4.843    0.0143      Fe 2                4372.43A   -4.586    0.0259      Ni 2                4485.21A   -5.082    0.0083
C  2                1334.53A   -4.698    0.0200      Fe 2                4358.37A   -4.789    0.0162      Ni 2                7307.65A   -4.978    0.0105
C  2                1335.66A   -4.094    0.0804      Fe 2                3539.19A   -4.739    0.0182      Ni 2                7612.72A   -5.306    0.0049
C  2                1335.71A   -4.015    0.0964      Fe 2                3538.69A   -5.033    0.0093      Ni 2                1.13597m   -5.989    0.0010
C  2                2323.50A   -3.935    0.1158      Fe 2                3536.25A   -5.160    0.0069      Ni 2                4285.31A   -5.848    0.0014
C  2                2324.69A   -3.660    0.2186      Fe 2                7764.71A   -5.391    0.0041      Ni 2                6791.48A   -5.563    0.0027
C  2                2325.40A   -3.033    0.9260      Fe 2                7336.73A   -5.674    0.0021      Ni 2                7054.20A   -5.468    0.0034
C  2                2326.93A   -3.153    0.7011      Fe 2                6809.24A   -5.637    0.0023      Ni 2                4033.04A   -4.894    0.0127
C  2                2328.12A   -3.606    0.2472      Fe 2                6729.87A   -5.920    0.0012      Ni 2                4294.09A   -5.015    0.0096
C  2                157.636m   -3.094    0.8046      Fe 2                5163.96A   -5.470    0.0034      Ni 2                6813.57A   -5.037    0.0092
Ca 1                4226.73A   -5.978    0.0011      Fe 2                3277.35A   -4.388    0.0408      Ni 2                7078.04A   -5.586    0.0026
Co 2                10.5199m   -5.065    0.0086      Fe 2                3255.89A   -5.515    0.0030      Ni 2                3993.06A   -4.510    0.0308
Co 2                15.4548m   -5.939    0.0011      Fe 2                2926.59A   -4.460    0.0346      Ni 2                4248.80A   -4.985    0.0103
Co 2                2.98382m   -4.583    0.0261      Fe 2                2880.76A   -5.171    0.0067      Ni 2                6365.10A   -4.984    0.0103
Co 2                14.7345m   -5.503    0.0031      Fe 2                2755.74A   -3.762    0.1725      Ni 2                8703.87A   -5.440    0.0036
Co 2                1.01879m   -5.050    0.0089      Fe 2                2739.55A   -4.333    0.0464      Ni 2                9956.63A   -5.666    0.0022
Co 2                1.54700m   -5.294    0.0051      Fe 2                2716.70A   -4.692    0.0203      Ni 2                3438.88A   -4.673    0.0212
Co 2                1.02452m   -5.975    0.0011      Fe 2                1.00287m   -5.395    0.0040      Ni 2                3626.89A   -4.981    0.0104
Co 2                9342.40A   -5.327    0.0047      Fe 2                8037.28A   -5.908    0.0012      Ni 2                3378.16A   -5.283    0.0052
Co 2                9943.48A   -5.674    0.0021      Fe 2                6872.19A   -5.830    0.0015      Ni 2                3559.41A   -5.262    0.0055
Co 2                7539.01A   -5.964    0.0011      Fe 2                5746.98A   -5.597    0.0025      level 1 lines..................................
Co 2                8121.00A   -5.676    0.0021      Fe 2                4347.36A   -5.912    0.0012      recombination..................................
Cr 2                8000.08A   -4.160    0.0690      Fe 2                4329.43A   -5.255    0.0056      level2 lines...................................
Cr 2                8125.30A   -4.236    0.0580      Fe 2                2953.77A   -5.759    0.0017      C  1                1247.50A   -5.169    0.0068
Cr 2                8229.67A   -4.333    0.0464      Fe 2                2772.73A   -4.383    0.0413      C  1                1314.77A   -5.127    0.0074
Cr 2                8308.49A   -4.521    0.0301      Fe 2                2749.32A   -4.650    0.0224      C  1                1165.98A   -5.976    0.0011
Cr 2                8357.64A   -4.820    0.0151      Fe 2                2.04602m   -5.339    0.0046      C  1                1233.29A   -5.682    0.0021
Fe 1                24.0358m   -5.799    0.0016      Fe 2                1.41956m   -5.844    0.0014      C  1                1250.68A   -5.838    0.0014
Fe 2                25.9813m   -2.620    2.3918      Fe 2                1.23314m   -5.666    0.0022      Si 2                1179.59A   -5.054    0.0088
Fe 2                5.33871m   -2.087    8.1742      Fe 2                1.09108m   -5.573    0.0027      Sc 2                3627.22A   -5.152    0.0070
Fe 2                4.11387m   -4.428    0.0372      Fe 2                5588.16A   -5.471    0.0034      Sc 2                3575.45A   -5.269    0.0054
Fe 2                1.25668m   -3.334    0.4625      Fe 2                5580.82A   -4.905    0.0124      Sc 2                3368.13A   -5.808    0.0016
Fe 2                4704.22A   -5.931    0.0012      Fe 2                5551.32A   -4.619    0.0240      Ti 2                3364.74A   -3.536    0.2905
Fe 2                4632.28A   -4.138    0.0727      Fe 2                3227.74A   -5.937    0.0012      Ti 2                3237.15A   -3.763    0.1721
Fe 2                4604.48A   -5.921    0.0012      Fe 2                3196.07A   -5.685    0.0021      Ti 2                1904.17A   -5.383    0.0041
Fe 2                4416.27A   -4.104    0.0785      Fe 2                2.13278m   -5.594    0.0025      Ti 2                1907.36A   -5.139    0.0073
Fe 2                4382.74A   -5.076    0.0084      Fe 2                1.09413m   -5.773    0.0017      V  2                2710.94A   -5.754    0.0018
Fe 2                4287.39A   -3.139    0.7248      Fe 2                1.07890m   -5.868    0.0014      V  2                2684.22A   -5.521    0.0030
Fe 2                3175.38A   -4.855    0.0139      Fe 2                5650.95A   -5.450    0.0035      V  2                2139.33A   -5.989    0.0010
Fe 2                2599.40A   -5.359    0.0044      Fe 2                5649.67A   -5.424    0.0038      Cr 2                2059.78A   -3.945    0.1134
Fe 2                2382.04A   -3.700    0.1990      Fe 2                5613.27A   -4.835    0.0146      Mn 2                1198.85A   -5.935    0.0012
Fe 2                35.3391m   -3.277    0.5271      Fe 2                2.24366m   -5.932    0.0012      Co 2                2060.90A   -5.373    0.0042
Fe 2                6.71944m   -3.226    0.5926      Fe 2                2.00672m   -5.288    0.0051      Co 2                2018.80A   -5.396    0.0040
Fe 2                4.88781m   -4.092    0.0808      Fe 2                5725.92A   -5.721    0.0019      Co 2                1949.74A   -5.452    0.0035
Fe 2                4.07521m   -4.889    0.0129      Fe 2                5718.22A   -5.173    0.0067      Co 2                1575.91A   -5.820    0.0015
Fe 2                1.32055m   -3.830    0.1475      Fe 2                2.22379m   -4.637    0.0230      Co 2                1470.18A   -5.858    0.0014
Fe 2                1.24854m   -4.827    0.0149      Fe 2                2.01513m   -5.014    0.0097      Ni 2                1751.83A   -4.870    0.0135
Fe 2                7637.52A   -4.042    0.0905      Fe 2                9682.08A   -5.326    0.0047      Ni 2                1744.24A   -4.674    0.0211
Fe 2                4889.62A   -4.008    0.0980      Fe 2                8715.81A   -5.919    0.0012      Ni 2                1484.97A   -5.861    0.0014
Fe 2                4716.37A   -5.015    0.0096      Fe 2                6873.84A   -5.591    0.0026      Ni 2                1472.74A   -5.563    0.0027
Fe 2                4687.56A   -5.219    0.0060      Fe 2                6188.55A   -5.671    0.0021      Ni 2                1400.37A   -5.830    0.0015
Fe 2                4492.64A   -4.974    0.0106      Fe 2                5870.02A   -5.984    0.0010      Ni 2                1375.73A   -5.485    0.0033
Fe 2                4457.95A   -4.374    0.0422      Fe 2                4898.61A   -5.813    0.0015      Ni 2                1324.11A   -5.565    0.0027
Fe 2                4432.45A   -5.167    0.0068      Fe 2                2.25348m   -5.531    0.0029      hyperfine structure............................
Fe 2                4359.33A   -3.270    0.5365      Fe 2                1.71482m   -5.933    0.0012      inner shell....................................
Fe 2                3224.54A   -5.955    0.0011      Fe 2                9384.77A   -5.963    0.0011      molecules......................................
Fe 2                3214.67A   -5.369    0.0043      Fe 2                4825.73A   -5.273    0.0053      bands..........................................
Fe 2                2625.67A   -2.266    5.4145      Fe 2                4903.85A   -5.766    0.0017      Fe 2b               2500.00A   -1.864   13.6477
Fe 2                2611.87A   -3.240    0.5748      Fe 2                5171.63A   -5.575    0.0027      Fe 2b               5000.00A   -2.103    7.8737
Fe 2                2598.37A   -4.498    0.0317      Fe 2                5169.03A   -4.512    0.0307      Fe 2b               7000.00A   -3.105    0.7830
Fe 2                2395.63A   -3.275    0.5295      Fe 3                22.9190m   -5.002    0.0099      Fe 2b               10000.0A   -1.882   13.0936
Fe 2                2388.63A   -4.421    0.0379      Fe 3                4985.87A   -4.734    0.0184      Fe 2b               2355.00A   -2.674    2.1124
Fe 2                2383.06A   -5.700    0.0020      Fe 3                4881.00A   -5.591    0.0026      Fe 2b               2430.00A   -1.877   13.2455
Fe 2                2364.83A   -3.521    0.3008      Fe 3                4658.05A   -5.005    0.0099      Fe 2b               2445.00A   -1.877   13.2454
Fe 2                2332.80A   -4.881    0.0131      Fe 3                3322.54A   -5.692    0.0020      Fe 2b               2495.00A   -2.403    3.9500
Fe 2                51.2868m   -3.815    0.1529      Fe 3                3239.74A   -5.850    0.0014      Fe 2b               2610.00A   -2.143    7.1812
Fe 2                5.67236m   -4.903    0.0125      Fe 3                33.0270m   -5.545    0.0028      Fe 2b               2695.00A   -4.691    0.0203
Fe 2                4.60641m   -4.688    0.0205      Fe 3                5270.40A   -5.191    0.0064      Fe 2b               2758.00A   -3.470    0.3384
Fe 2                4.08085m   -5.419    0.0038      Fe 3                4754.69A   -5.731    0.0019      Fe 2b               2780.00A   -3.436    0.3657
Fe 2                1.37181m   -4.074    0.0842      Fe 3                4701.53A   -5.554    0.0028      Fe 2b               2935.00A   -4.360    0.0436
Fe 2                1.29427m   -4.613    0.0243      Fe 3                3371.41A   -5.825    0.0015      Fe 2b               2960.00A   -4.433    0.0369
Fe 2                7806.23A   -5.815    0.0015      Fe 3                5011.26A   -5.860    0.0014      Fe 2b               3180.00A   -4.100    0.0793
Fe 2                7686.93A   -4.124    0.0750      Mg 1                2025.82A   -5.882    0.0013      Fe 2b               3250.00A   -3.598    0.2519
Fe 2                4958.23A   -5.859    0.0014      Mg 1                2852.13A   -3.358    0.4378      Fe 2b               3590.00A   -3.687    0.2052
Fe 2                4750.57A   -5.849    0.0014      Mg 1                3838.29A   -5.886    0.0013      Fe 2b               3910.00A   -5.704    0.0020
Fe 2                4728.07A   -4.638    0.0230      Mg 1                4562.60A   -3.306    0.4936      Fe 2b               4255.00A   -2.522    2.9968
Fe 2                4514.90A   -5.000    0.0100      Mg 1                4571.10A   -3.741    0.1810      Fe 2b               4558.00A   -3.267    0.5392
Fe 2                4488.75A   -4.718    0.0191      Mg 1                4575.29A   -4.656    0.0220      Fe 2b               4600.00A   -3.238    0.5766
Fe 2                4470.30A   -5.917    0.0012      Mg 1                5167.32A   -5.624    0.0024      Fe 2b               4743.00A   -3.991    0.1019
Fe 2                4413.78A   -3.421    0.3788      Mg 1                5172.68A   -5.149    0.0071      Fe 2b               4855.00A   -3.409    0.3890
Fe 2                3254.24A   -5.432    0.0037      Mg 1                5183.60A   -4.932    0.0117      Fe 2b               4920.00A   -2.897    1.2651
Fe 2                3244.18A   -5.723    0.0019      Mg 1                8806.76A   -5.161    0.0069      Fe 2b               4975.00A   -3.423    0.3768
Fe 2                2631.32A   -2.990    1.0211      Mg 1                1.18282m   -5.329    0.0047      Fe 2b               4971.00A   -3.467    0.3407
Fe 2                2617.62A   -4.379    0.0417      Mg 1                1.71087m   -5.810    0.0015      Fe 2b               5070.00A   -3.354    0.4419
Fe 2                2607.09A   -4.518    0.0303      Mn 2                2576.10A   -4.496    0.0319      Fe 2b               5143.00A   -2.819    1.5137
Fe 2                2404.89A   -4.126    0.0747      Mn 2                2593.72A   -4.592    0.0255      Fe 2b               5270.00A   -2.539    2.8852
Fe 2                2399.24A   -4.956    0.0110      Mn 2                2605.68A   -4.732    0.0185      Fe 2b               5318.00A   -2.862    1.3714
Fe 2                2395.42A   -5.539    0.0029      N  1                1134.41A   -5.759    0.0017      Fe 2b               5540.00A   -3.947    0.1129
Fe 2                2380.76A   -3.077    0.8361      N  1                1134.98A   -5.581    0.0026      Fe 2b               5865.00A   -4.503    0.0313
Fe 2                2348.30A   -4.691    0.0203      N  1                1199.55A   -5.336    0.0046      Fe 2b               6265.00A   -5.291    0.0051
Fe 2                2327.40A   -5.159    0.0069      N  1                1200.22A   -5.512    0.0031      Fe 2b               6565.00A   -4.770    0.0170
Fe 2                87.3597m   -4.529    0.0296      N  1                1200.71A   -5.817    0.0015      Fe 2b               6910.00A   -4.706    0.0196
Fe 2                5.06097m   -5.347    0.0045      N  1                3466.50A   -4.377    0.0419      Fe 2b               7445.00A   -3.130    0.7400
Fe 2                4.43363m   -5.248    0.0056      N  1                3466.54A   -5.053    0.0088      Fe 2b               8625.00A   -2.813    1.5346
Fe 2                1.32777m   -4.796    0.0160      N  1                5197.90A   -2.560    2.7483      Fe 2b               1.03250m   -3.856    0.1391
Fe 2                1.27877m   -4.862    0.0137      N  1                5200.26A   -2.396    4.0103      Fe 2b               1.88900m   -2.605    2.4772
Fe 2                1.25214m   -5.905    0.0012      N  1                1.03977m   -3.882    0.1309      Fe 2b               2.20000m   -4.525    0.0298
Fe 2                7803.89A   -5.821    0.0015      N  1                1.03982m   -4.408    0.0390      miscellaneous..................................
Fe 2                7665.28A   -5.015    0.0096      N  1                1.04072m   -4.230    0.0587      Blnd                8446.00A   -5.823    0.0015
Fe 2                5006.63A   -5.159    0.0069      N  1                1.04076m   -4.221    0.0600      Blnd                1304.00A   -4.361    0.0435
Fe 2                4772.06A   -5.954    0.0011      O  1                1304.86A   -4.496    0.0318      Blnd                2798.00A   -1.411   38.7213
Fe 2                4639.67A   -5.599    0.0025      O  1                1306.03A   -4.948    0.0113      Blnd                6720.00A   -1.721   18.9839
Fe 2                4528.39A   -5.247    0.0057      O  1                1355.60A   -4.631    0.0233      Blnd                4074.00A   -2.934    1.1627
Fe 2                4509.61A   -5.590    0.0026      O  1                1358.51A   -5.036    0.0092      Blnd                1.03300m   -3.043    0.9042
Fe 2                4452.10A   -3.613    0.2432      O  1                2972.29A   -4.487    0.0325      Blnd                1256.00A   -4.440    0.0362
Fe 2                3277.55A   -5.655    0.0022      O  1                5577.34A   -3.538    0.2890      Blnd                2665.00A   -2.952    1.1155
Fe 2                3275.02A   -5.732    0.0018      O  1                6300.30A   -2.082    8.2577      Blnd                2335.00A   -2.709    1.9493
Fe 2                2631.05A   -4.380    0.0416      O  1                6363.78A   -2.578    2.6379      Blnd                1888.00A   -5.309    0.0049
Fe 2                2620.41A   -5.714    0.0019      O  1                6391.73A   -5.906    0.0012      Blnd                8579.00A   -2.515    3.0518
Fe 2                2613.82A   -5.147    0.0071      O  1                63.1679m   -2.241    5.7310      Blnd                7306.00A   -1.984   10.3513
Fe 2                2410.52A   -5.071    0.0085      O  1                145.495m   -3.275    0.5294      Blnd                3933.00A   -4.131    0.0739
Fe 2                2406.66A   -5.218    0.0060      O  2                2470.22A   -5.245    0.0057      Blnd                1657.00A   -3.771    0.1690
Fe 2                2404.43A   -5.560    0.0027      O  2                2470.34A   -4.672    0.0212      Blnd                9850.00A   -1.719   19.0454
Fe 2                2359.11A   -4.913    0.0122      O  2                7318.92A   -5.329    0.0047      Blnd                2326.00A   -2.655    2.2087
Fe 2                2338.01A   -5.107    0.0078      O  2                7319.99A   -4.866    0.0136      Blnd                1335.00A   -3.705    0.1968
Fe 2                4.67067m   -5.873    0.0013      O  2                7329.67A   -5.106    0.0078      Blnd                3467.00A   -4.294    0.0507
Fe 2                1.29777m   -5.193    0.0064      O  2                7330.73A   -5.135    0.0073      Blnd                5199.00A   -2.169    6.7586
Fe 2                1.27034m   -5.067    0.0085      O  2                3728.81A   -3.031    0.9283      Blnd                1.04030m   -3.539    0.2886
Fe 2                7874.24A   -5.175    0.0067      O  2                3726.03A   -3.199    0.6317      Blnd                2141.00A   -4.601    0.0250
Fe 2                7733.14A   -5.662    0.0022      P  2                60.6263m   -4.261    0.0547      Blnd                6300.00A   -1.962   10.8967
Fe 2                4798.28A   -5.504    0.0031      P  2                32.8620m   -4.289    0.0514      Blnd                2471.00A   -4.569    0.0269
Fe 2                4474.90A   -3.926    0.1185      P  2                1.14682m   -4.125    0.0749      Blnd                7323.00A   -4.737    0.0183
Fe 2                3289.46A   -5.820    0.0015      P  2                4669.25A   -5.655    0.0022      Blnd                7332.00A   -4.819    0.0151
Fe 2                2628.29A   -5.037    0.0092      P  2                2195.57A   -5.692    0.0020      Blnd                3727.00A   -2.806    1.5600
Fe 2                2621.67A   -5.614    0.0024      P  2                1536.42A   -5.916    0.0012      Blnd                7325.00A   -4.475    0.0334
Fe 2                2413.31A   -5.597    0.0025      P  2                1535.92A   -5.901    0.0013      C 1R                1656.00A   -5.998    0.0010
Fe 2                2411.07A   -5.588    0.0026      P  2                1.18828m   -3.701    0.1986
Fe 2                2344.28A   -5.412    0.0039      P  2                2210.34A   -5.239    0.0058



 IC443 NE diffuse shock -- v shock=65 km/s, T obs=12000K (upper end test)  
 Cooling:  H  1c                     0 :0.711 Fe 2c                     0 :0.073 Mg 2c                     0 :0.058  
 Heating:  TotM                      0 :0.064 CT H                      0 :0.079 H- H                      0 :0.841  

 These are some of the most important databases used by Cloudy:
 Many recombination coefficients were taken from http://amdpp.phys.strath.ac.uk/tamoc/RR/ and http://amdpp.phys.strath.ac.uk/tamoc/DR/
      and are based on the following papers:
        Badnell N. R., et al., A&A 406, 1151 (2003) [http://adsabs.harvard.edu/abs/2003A%26A...406.1151B]
        Badnell N. R., ApJS 167, 334 (2006) [http://adsabs.harvard.edu/abs/2006ApJS..167..334B]
 Much of the molecular emission data is from LAMDA as accessed on June 30, 2015. This database is described in:
        Schoeier F.L., et al., A&A 432, 369 (2005) [http://adsabs.harvard.edu/abs/2005A%26A...432..369S]
      This database is in part based on the work of the following groups:
        JPL: Pickett H. M. et al., JQSRT, 60, 883 (1998). [http://adsabs.harvard.edu/abs/1998JQSRT..60..883P]
        CDMS: Mueller H. S. et al., A&A 370, L49 (2001). [http://adsabs.harvard.edu/abs/2001A%26A...370L..49M]
              Mueller H. S. et al., J. Mol. Struct. 742, 215 (2005). [http://adsabs.harvard.edu/abs/2005JMoSt.742..215M]
 Some of the ionic emission data is from version 10.0.1 of CHIANTI. CHIANTI is a collaborative project involving the NRL (USA), the
      Universities of Florence (Italy) and Cambridge (UK), and George Mason University (USA). These papers describe Chianti:
        Dere K. P., et al., A&AS, 125, 149 (1997) [http://adsabs.harvard.edu/abs/1997A%26AS..125..149D]
        Landi E., et al., ApJ, 744, 99 (2012) [http://adsabs.harvard.edu/abs/2012ApJ...744...99L]
 Much of the H_2 data is from this web site: http://molat.obspm.fr/index.php?page=pages/Molecules/H2/H2can94.php. These data are
      described in:
        Abgrall H. et al., Can. J. Phys., 72, 856 (1994) [http://adsabs.harvard.edu/abs/1994CaJPh..72..856A]
        Wrathmall S. A. & Flower D. R., J. Phys. B, 40, 3221 (2007) [http://adsabs.harvard.edu/abs/2007JPhB...40.3221W]
 The Case A and Case B recombination predictions for one-electron systems are from
	Storey, P.J. & Hummer, D.G., 1995, MNRAS 272, 41 http://adsabs.harvard.edu/abs/1995MNRAS.272...41S
 The He I recombination predictions are from
	Porter, R. L.; Ferland, G. J.; Storey, P. J.; Detisch, M. J., 2012, MNRAS, 425, 28p http://adsabs.harvard.edu/abs/2012MNRAS.425L..28P
		http://adsabs.harvard.edu/abs/2013MNRAS.433L..89P

 If you find some process or data set to be particularly critical to a result, please follow the trail of references back to the
 original source and cite that.  This will support and encourage atomic, molecular, and chemical physicists to continue their
 valuable work.

 IONIZE PARMET:  U(1-)-37.0000  U(4-):-37.0000  U(sp):-37.00  Q(ion):   -3.199  L(ion)-13.696    Q(low): 11.505    L(low) -0.696
 ENERGY BUDGET:  Heat:  -3.852  Coolg:  -0.169  Error:481896.0%  Rec Lin:  -0.760  F-F  H  0.000    P(rad/tot)max     7.59E-03    R(F Con):1.737e+05

     Col(Heff):      7.437E+20  snd travl time  2.09E+12 sec  Te-low: 1.20E+04  Te-hi: 1.20E+04  G0TH85: 0.00E+00  G0DB96:0.00E+00
  Emiss Measure    n(e)n(p) dl       6.407E+20  n(e)n(He+)dl         2.720E+14  En(e)n(He++) dl         0.000E+00  ne nC+:1.26E+18
 He/Ha:2.70E-07  =   0.00*true  Lthin:7.48E+05  itr/zn: 1.62  H2 itr/zn:  0.00  File Opacity: F  MassTot 2.11e-03  (gm/cm^2)
   Temps(21 cm)   T(21cm/Ly a)  3.81E+03        T(<nH/Tkin>)  1.20E+04          T(<nH/Tspin>)    4.08E+03          TB21cm:1.89E+01
                   N(H0/Tspin)  2.10E+17        N(OH/Tkin)    6.93E+06          B(21cm)          0.00E+00
   <a>:1.48E-09  erdeFe0.0E+00  Tcompt0.00E+00  Tthr6.72E+09  <Tden>: 1.20E+04  <dens>:1.13E-21  <MolWgt>1.25E+00
     Mean Jeans  l(cm)1.82E+20  M(sun)1.81E+06  smallest:     len(cm):1.81E+20  M(sun):1.76E+06  a_ox tran:  0.00
 Rion:1.000E+30  Dist:0.00E+00  Diam:0.000E+00
 Hatom level 70  HatomType: add  HInducImp  F  He tot level: 63  He2 level:   70  ExecTime    15.9
 ConvrgError(%)  <eden>  0.308  MaxEden  0.980  <H-C>  99.99  Max(H-C)  100.00  <Press>   0.000  MaxPrs er  0.000
  Continuity(%)  chng Te   0.0  elec den   9.9  n(H2)    0.0  n(CO)        0.0

                                                        Averaged Quantities
             Te      Te(Ne)   Te(NeNp)  Te(NeHe+)Te(NeHe2+) Te(NeO+)  Te(NeO2+)  Te(H2)     N(H)     Ne(O2+)   Ne(Np)
 Radius:  1.20e+04  1.20e+04  1.20e+04  1.20e+04  0.00e+00  1.20e+04  1.20e+04  1.20e+04  4.78e+02  1.86e+01  1.86e+01
 
 Peimbert T(OIIIr)0.00E+00 T(Bac)0.00E+00 T(Hth)1.13E+04 t2(Hstrc) 9.19e-32 T(O3-BAC)8.04E+03 t2(O3-BC)-2.40e-01 t2(O3str) 2.30e-32

 Contin Optical Depths: COMP: 2.30e-05    H-: 1.15e-03 R(1300): 5.75e-03  H2+: 1.27e-05  Bra:2.30E-05
                          Pa: 2.30e-05    Ba: 1.08e-03      Hb: 8.34e-04   La: 1.42e+01     1r:5.441E+03  1.8:1.72E+03 4.:2.626E+02

 Old, new H  1 continuum optical depths:
     1 1.00e+08     2 0.00e+00     3 0.00e+00     4 0.00e+00     5 0.00e+00     6 0.00e+00     7 0.00e+00     8 0.00e+00
     9 0.00e+00    10 0.00e+00    11 0.00e+00    12 0.00e+00    13 0.00e+00    14 0.00e+00    15 0.00e+00    16 0.00e+00
    17 0.00e+00    18 0.00e+00    19 0.00e+00    20 0.00e+00    21 0.00e+00    22 0.00e+00    23 0.00e+00    24 0.00e+00
    25 0.00e+00    26 0.00e+00    27 0.00e+00    28 0.00e+00    29 0.00e+00    30 0.00e+00    31 0.00e+00    32 0.00e+00
    33 0.00e+00    34 0.00e+00    35 0.00e+00    36 0.00e+00    37 0.00e+00    38 0.00e+00    39 0.00e+00    40 0.00e+00
    41 0.00e+00    42 0.00e+00    43 0.00e+00    44 0.00e+00    45 0.00e+00    46 0.00e+00    47 0.00e+00    48 0.00e+00
    49 0.00e+00    50 0.00e+00    51 0.00e+00    52 0.00e+00    53 0.00e+00    54 0.00e+00
     1 5.44e+03     2 5.90e-04     3 1.16e-03     4 1.16e-03     5 1.16e-03     6 2.98e-04     7 2.98e-04     8 2.98e-04
     9 2.98e-04    10 2.96e-15    11 2.96e-15    12 2.96e-15    13 2.96e-15    14 2.96e-15    15 3.47e-15    16 3.47e-15
    17 3.47e-15    18 3.47e-15    19 3.47e-15    20 3.47e-15    21 6.73e-15    22 6.73e-15    23 6.73e-15    24 6.73e-15
    25 6.73e-15    26 6.73e-15    27 6.73e-15    28 1.22e-14    29 1.22e-14    30 1.22e-14    31 1.22e-14    32 1.22e-14
    33 1.22e-14    34 1.22e-14    35 1.22e-14    36 2.09e-14    37 2.09e-14    38 2.09e-14    39 2.09e-14    40 2.09e-14
    41 2.09e-14    42 2.09e-14    43 2.09e-14    44 2.09e-14    45 3.40e-14    46 3.40e-14    47 3.40e-14    48 3.40e-14
    49 3.40e-14    50 3.40e-14    51 3.40e-14    52 3.40e-14    53 3.40e-14    54 3.40e-14

 Old, new H  1 mean line optical depths:
  2- 1 1.09e+08  3- 2 0.00e+00  4- 3 0.00e+00  5- 4 0.00e+00  6- 5 0.00e+00  7- 6 0.00e+00  8- 7 0.00e+00
  9- 8 0.00e+00 10- 9 0.00e+00 11-10 0.00e+00 12-11 0.00e+00 13-12 0.00e+00 14-13 0.00e+00 15-14 0.00e+00 16-15 0.00e+00
 17-16 0.00e+00 18-17 0.00e+00 19-18 0.00e+00 20-19 0.00e+00 21-20 0.00e+00 22-21 0.00e+00 23-22 0.00e+00 24-23 0.00e+00
 25-24 0.00e+00
  2- 1 8.18e+07  3- 2 1.21e-03  4- 3 1.89e-10  5- 4 1.10e-10  6- 5 2.74e-10  7- 6-1.16e-11  8- 7 1.27e-11
  9- 8 1.19e-10 10- 9 4.04e-10 11-10 1.82e-09 12-11-2.00e-11 13-12-5.77e-11 14-13-1.27e-10 15-14-2.51e-10 16-15-4.69e-10
 17-16-8.48e-10 18-17-1.51e-09 19-18-2.70e-09 20-19-4.86e-09 21-20-9.04e-09 22-21-1.80e-08 23-22-4.10e-08 24-23-1.25e-07
 25-24-4.40e-06

 Old, new He 2 continuum optical depths:
     1 3.43e+06     2 9.96e+07     3 0.00e+00     4 0.00e+00     5 0.00e+00     6 0.00e+00     7 0.00e+00     8 0.00e+00
     9 0.00e+00    10 0.00e+00    11 0.00e+00    12 0.00e+00    13 0.00e+00    14 0.00e+00    15 0.00e+00    16 0.00e+00
    17 0.00e+00    18 0.00e+00    19 0.00e+00    20 0.00e+00    21 0.00e+00    22 0.00e+00    23 0.00e+00    24 0.00e+00
    25 0.00e+00    26 0.00e+00    27 0.00e+00    28 0.00e+00    29 0.00e+00    30 0.00e+00    31 0.00e+00    32 0.00e+00
    33 0.00e+00    34 0.00e+00    35 0.00e+00    36 0.00e+00    37 0.00e+00    38 0.00e+00    39 0.00e+00    40 0.00e+00
    41 0.00e+00    42 0.00e+00    43 0.00e+00    44 0.00e+00    45 0.00e+00    46 0.00e+00    47 0.00e+00    48 0.00e+00
    49 0.00e+00    50 0.00e+00    51 0.00e+00    52 0.00e+00    53 0.00e+00    54 0.00e+00
     1 2.63e+02     2 5.41e+03     3 3.24e-04     4 3.24e-04     5 3.24e-04     6 5.90e-04     7 5.90e-04     8 5.90e-04
     9 5.90e-04    10 9.39e-04    11 9.39e-04    12 9.39e-04    13 9.39e-04    14 9.39e-04    15 1.16e-03    16 1.16e-03
    17 1.16e-03    18 1.16e-03    19 1.16e-03    20 1.16e-03    21 9.72e-04    22 9.72e-04    23 9.72e-04    24 9.72e-04
    25 9.72e-04    26 9.72e-04    27 9.72e-04    28 2.98e-04    29 2.98e-04    30 2.98e-04    31 2.98e-04    32 2.98e-04
    33 2.98e-04    34 2.98e-04    35 2.98e-04    36 1.77e-15    37 1.77e-15    38 1.77e-15    39 1.77e-15    40 1.77e-15
    41 1.77e-15    42 1.77e-15    43 1.77e-15    44 1.77e-15    45 2.96e-15    46 2.96e-15    47 2.96e-15    48 2.96e-15
    49 2.96e-15    50 2.96e-15    51 2.96e-15    52 2.96e-15    53 2.96e-15    54 2.96e-15

 Old, new He 2 mean line optical depths:
  2- 1 1.09e+07  3- 2 0.00e+00  4- 3 0.00e+00  5- 4 0.00e+00  6- 5 0.00e+00  7- 6 0.00e+00  8- 7 0.00e+00
  9- 8 0.00e+00 10- 9 0.00e+00 11-10 0.00e+00 12-11 0.00e+00 13-12 0.00e+00 14-13 0.00e+00 15-14 0.00e+00 16-15 0.00e+00
 17-16 0.00e+00 18-17 0.00e+00 19-18 0.00e+00 20-19 0.00e+00 21-20 0.00e+00 22-21 0.00e+00 23-22 0.00e+00 24-23 0.00e+00
 25-24 0.00e+00
  2- 1 0.00e+00  3- 2 0.00e+00  4- 3 0.00e+00  5- 4 0.00e+00  6- 5 0.00e+00  7- 6 0.00e+00  8- 7 0.00e+00
  9- 8 0.00e+00 10- 9 0.00e+00 11-10 0.00e+00 12-11 0.00e+00 13-12 0.00e+00 14-13 0.00e+00 15-14 0.00e+00 16-15 0.00e+00
 17-16 0.00e+00 18-17 0.00e+00 19-18 0.00e+00 20-19 0.00e+00 21-20 0.00e+00 22-21 0.00e+00 23-22 0.00e+00 24-23 0.00e+00
 25-24 0.00e+00

 Old He Is optical depths:    1 2.36e+07    2 0.00e+00    3 0.00e+00    4 0.00e+00    5 0.00e+00
 New He Is optical depths:    1 1.72e+03    2 3.87e-04    3 4.90e-04    4 5.47e-04    5 5.47e-04
          Old He Is Lines:  584 0.00e+00 3889 0.00e+00 5016 0.00e+00 5876 0.00e+00
          New He Is Lines:  584 5.40e+06 3889 3.18e-05 5016 6.80e-11 5876 4.63e-16
IC443 NE diffuse shock -- v shock=65 km/s, T obs=12000K (upper end test)  


          Start Iteration Number 2    IC443 NE diffuse shock -- v shock=65 km/s, T obs=12000K (upper end test)  


 ####  1  Te:1.200E+04 Hden:4.777E+02 Ne:9.872E+00 R:1.000E+30 R-R0:2.524E+11 dR:5.049E+11 NTR:  1 Htot:6.524E-24 T912: 1.50e-03###
 Hydrogen      9.79e-01 2.05e-02 H+o/Hden 1.00e+00 6.43e-08 H-    H2 3.59e-07 2.23e-09 H2+ HeH+ 3.22e-10 Ho+ ColD 2.36e+14 4.95e+12
 Helium        1.00e+00 7.35e-08 0.00e+00 HeI 2s3S 2.03e-12 Comp H,C 0.00e+00 0.00e+00 Fill Fac 1.00e+00 Gam1/tot 1.13e-06
 He singlet n  1.00e+00 1.23e-18 1.90e-26 8.51e-26 2.81e-27 1.16e-26 He tripl 2.03e-12 1.98e-24 1.37e-25 1.52e-25 7.83e-27
 Pressure      NgasTgas 6.43e+06 P(total) 8.88e-10 P( gas ) 8.88e-10 P(Radtn) 0.00e+00 Rad accl 0.00e+00 ForceMul 0.00e+00
 Texc(La)      2.58e+03 T(I con) 0.00e+00 T(D con) 9.93e-02 T(U tot) 9.93e-02 nT (c+d) 2.40e+04 Prad/Gas 0.00e+00 Pmag/Gas 0.00e+00
 Molecules     CH/Ctot: 5.20e-07 CH+/Ctot 1.02e-08 CO/Ctot: 1.46e-04 CO+/Ctot 3.01e-10 H2O/Otot 3.85e-14 OH/Ototl 5.25e-07
 Lithium       1.78e-03 9.98e-01 0.00e+00 0.00e+00 Berylliu 8.44e-01 1.56e-01 1.51e-05 0.00e+00 0.00e+00 sec ion: 0.00e+00
 Boron         1.61e-01 8.39e-01 1.85e-10 0.00e+00 0.00e+00 0.00e+00
 Carbon        8.53e-01 1.46e-01 1.51e-09 0.00e+00 0.00e+00 0.00e+00 0.00e+00 H2O+/O   9.55e-14 OH+/Otot 2.94e-07 Hex(tot) 0.00e+00
 Nitrogen      9.71e-01 2.94e-02 2.74e-13 0.00e+00 0.00e+00 0.00e+00 0.00e+00 0.00e+00 O2/Ototl 9.77e-12 O2+/Otot 3.36e-10
 Oxygen        9.83e-01 1.67e-02 4.46e-18 0.00e+00 0.00e+00 0.00e+00 0.00e+00 0.00e+00 0.00e+00
 Fluorine      9.97e-01 1.72e-03 2.18e-15 0.00e+00 0.00e+00 0.00e+00 0.00e+00 0.00e+00 0.00e+00 0.00e+00
 Neon          1.00e+00 3.45e-05 1.11e-19 0.00e+00 0.00e+00 0.00e+00 0.00e+00 0.00e+00 0.00e+00 0.00e+00 0.00e+00
 Sodium        3.69e-04 1.00e+00 4.47e-17 0.00e+00 0.00e+00 0.00e+00 0.00e+00 0.00e+00 0.00e+00 0.00e+00 0.00e+00 0.00e+00
 Magnesium     5.58e-02 9.40e-01 4.57e-03 0.00e+00 0.00e+00 0.00e+00 0.00e+00 0.00e+00 0.00e+00 0.00e+00 0.00e+00 0.00e+00 0.00e+00
 Aluminium  0  1.16e-03 9.99e-01 1.38e-05 0.00e+00 0.00e+00 0.00e+00 0.00e+00 0.00e+00 0.00e+00 0.00e+00 0.00e+00 0.00e+00 0.00e+00
 Silicon    0  4.34e-02 9.56e-01 5.35e-04 0.00e+00 0.00e+00 0.00e+00 0.00e+00 0.00e+00 0.00e+00 0.00e+00 0.00e+00 0.00e+00 0.00e+00
 Phosphorus 0  7.68e-04 9.99e-01 6.71e-07 0.00e+00 0.00e+00 0.00e+00 0.00e+00 0.00e+00 0.00e+00 0.00e+00 0.00e+00 0.00e+00 0.00e+00
 Sulphur    0  2.64e-01 7.36e-01 6.75e-07 0.00e+00 0.00e+00 0.00e+00 0.00e+00 0.00e+00 0.00e+00 0.00e+00 0.00e+00 0.00e+00 0.00e+00
 Chlorine   0  1.40e-03 9.99e-01 4.94e-07 0.00e+00 0.00e+00 0.00e+00 0.00e+00 0.00e+00 0.00e+00 0.00e+00 0.00e+00 0.00e+00 0.00e+00
 Argon      0  9.90e-01 9.76e-03 6.04e-10 0.00e+00 0.00e+00 0.00e+00 0.00e+00 0.00e+00 0.00e+00 0.00e+00 0.00e+00 0.00e+00 0.00e+00
 Potassium  0  1.03e-04 1.00e+00 2.79e-10 0.00e+00 0.00e+00 0.00e+00 0.00e+00 0.00e+00 0.00e+00 0.00e+00 0.00e+00 0.00e+00 0.00e+00
 Calcium    0  1.73e-03 9.13e-01 8.49e-02 0.00e+00 0.00e+00 0.00e+00 0.00e+00 0.00e+00 0.00e+00 0.00e+00 0.00e+00 0.00e+00 0.00e+00
 Scandium   0  8.76e-04 9.29e-01 7.05e-02 0.00e+00 0.00e+00 0.00e+00 0.00e+00 0.00e+00 0.00e+00 0.00e+00 0.00e+00 0.00e+00 0.00e+00
 Titanium   0  1.60e-04 9.92e-01 7.60e-03 0.00e+00 0.00e+00 0.00e+00 0.00e+00 0.00e+00 0.00e+00 0.00e+00 0.00e+00 0.00e+00 0.00e+00
 Vanadium   0  2.30e-03 9.95e-01 2.74e-03 0.00e+00 0.00e+00 0.00e+00 0.00e+00 0.00e+00 0.00e+00 0.00e+00 0.00e+00 0.00e+00 0.00e+00
 Chromium   0  3.90e-03 9.86e-01 1.05e-02 0.00e+00 0.00e+00 0.00e+00 0.00e+00 0.00e+00 0.00e+00 0.00e+00 0.00e+00 0.00e+00 0.00e+00
 Manganese  0  1.78e-04 9.95e-01 4.96e-03 0.00e+00 0.00e+00 0.00e+00 0.00e+00 0.00e+00 0.00e+00 0.00e+00 0.00e+00 0.00e+00 0.00e+00
 Iron       0  2.85e-04 9.97e-01 2.84e-03 0.00e+00 0.00e+00 0.00e+00 0.00e+00 0.00e+00 0.00e+00 0.00e+00 0.00e+00 0.00e+00 0.00e+00
 Cobalt     0  1.94e-02 9.81e-01 3.83e-05 0.00e+00 0.00e+00 0.00e+00 0.00e+00 0.00e+00 0.00e+00 0.00e+00 0.00e+00 0.00e+00 0.00e+00
 Nickel     0  2.53e-04 1.00e+00 1.33e-09 0.00e+00 0.00e+00 0.00e+00 0.00e+00 0.00e+00 0.00e+00 0.00e+00 0.00e+00 0.00e+00 0.00e+00
 Copper     0  4.64e-02 9.54e-01 2.29e-08 0.00e+00 0.00e+00 0.00e+00 0.00e+00 0.00e+00 0.00e+00 0.00e+00 0.00e+00 0.00e+00 0.00e+00
 Zinc       0  1.64e-01 8.36e-01 4.70e-05 0.00e+00 0.00e+00 0.00e+00 0.00e+00 0.00e+00 0.00e+00 0.00e+00 0.00e+00 0.00e+00 0.00e+00
 ####118  Te:1.200E+04 Hden:4.777E+02 Ne:1.937E+01 R:1.000E+30 R-R0:1.865E+18 dR:1.176E+15 NTR:  2 Htot:7.463E-23 T912: 5.44e+03###
 Hydrogen      9.60e-01 4.02e-02 H+o/Hden 1.00e+00 2.65e-08 H-    H2 6.03e-08 1.91e-09 H2+ HeH+ 2.40e-10 Ho+ ColD 8.57e+20 3.45e+19
 Helium        1.00e+00 1.79e-07 0.00e+00 HeI 2s3S 3.95e-12 Comp H,C 2.50e-29 2.15e-29 Fill Fac 1.00e+00 Gam1/tot 6.06e-04
 He singlet n  1.00e+00 2.79e-18 8.70e-24 1.73e-25 1.17e-25 2.35e-26 He tripl 3.95e-12 4.37e-24 2.74e-25 3.15e-25 1.83e-26
 Pressure      NgasTgas 6.54e+06 P(total) 9.04e-10 P( gas ) 9.04e-10 P(Radtn) 1.09e-13 Rad accl 4.58e-09 ForceMul 5.86e+04
 Texc(La)      3.49e+03 T(I con) 0.00e+00 T(D con) 5.49e+00 T(U tot) 5.49e+00 nT (c+d) 1.33e+06 Prad/Gas 1.20e-04 Pmag/Gas 0.00e+00
 Molecules     CH/Ctot: 1.01e-07 CH+/Ctot 7.23e-09 CO/Ctot: 3.47e-09 CO+/Ctot 1.07e-11 H2O/Otot 1.51e-15 OH/Ototl 1.38e-07
 Lithium       1.16e-04 1.00e+00 0.00e+00 0.00e+00 Berylliu 3.47e-02 9.65e-01 1.07e-04 0.00e+00 0.00e+00 sec ion: 0.00e+00
 Boron         1.30e-04 1.00e+00 4.35e-10 0.00e+00 0.00e+00 0.00e+00
 Carbon        7.20e-01 2.80e-01 5.20e-09 0.00e+00 0.00e+00 0.00e+00 0.00e+00 H2O+/O   2.20e-15 OH+/Otot 7.39e-08 Hex(tot) 0.00e+00
 Nitrogen      9.43e-01 5.66e-02 1.32e-12 0.00e+00 0.00e+00 0.00e+00 0.00e+00 0.00e+00 O2/Ototl 3.36e-12 O2+/Otot 4.34e-11
 Oxygen        9.67e-01 3.28e-02 1.75e-17 0.00e+00 0.00e+00 0.00e+00 0.00e+00 0.00e+00 0.00e+00
 Fluorine      9.98e-01 2.33e-03 3.12e-15 0.00e+00 0.00e+00 0.00e+00 0.00e+00 0.00e+00 0.00e+00 0.00e+00
 Neon          1.00e+00 4.94e-05 1.79e-19 0.00e+00 0.00e+00 0.00e+00 0.00e+00 0.00e+00 0.00e+00 0.00e+00 0.00e+00
 Sodium        2.08e-04 1.00e+00 5.20e-17 0.00e+00 0.00e+00 0.00e+00 0.00e+00 0.00e+00 0.00e+00 0.00e+00 0.00e+00 0.00e+00
 Magnesium     2.07e-02 9.71e-01 8.08e-03 0.00e+00 0.00e+00 0.00e+00 0.00e+00 0.00e+00 0.00e+00 0.00e+00 0.00e+00 0.00e+00 0.00e+00
 Aluminium  0  1.42e-04 1.00e+00 1.42e-05 0.00e+00 0.00e+00 0.00e+00 0.00e+00 0.00e+00 0.00e+00 0.00e+00 0.00e+00 0.00e+00 0.00e+00
 Silicon    0  7.04e-05 9.99e-01 1.12e-03 0.00e+00 0.00e+00 0.00e+00 0.00e+00 0.00e+00 0.00e+00 0.00e+00 0.00e+00 0.00e+00 0.00e+00
 Phosphorus 0  6.77e-04 9.99e-01 1.29e-06 0.00e+00 0.00e+00 0.00e+00 0.00e+00 0.00e+00 0.00e+00 0.00e+00 0.00e+00 0.00e+00 0.00e+00
 Sulphur    0  1.56e-01 8.44e-01 8.15e-07 0.00e+00 0.00e+00 0.00e+00 0.00e+00 0.00e+00 0.00e+00 0.00e+00 0.00e+00 0.00e+00 0.00e+00
 Chlorine   0  1.29e-03 9.99e-01 5.16e-07 0.00e+00 0.00e+00 0.00e+00 0.00e+00 0.00e+00 0.00e+00 0.00e+00 0.00e+00 0.00e+00 0.00e+00
 Argon      0  9.89e-01 1.11e-02 1.67e-09 0.00e+00 0.00e+00 0.00e+00 0.00e+00 0.00e+00 0.00e+00 0.00e+00 0.00e+00 0.00e+00 0.00e+00
 Potassium  0  5.09e-05 1.00e+00 2.99e-10 0.00e+00 0.00e+00 0.00e+00 0.00e+00 0.00e+00 0.00e+00 0.00e+00 0.00e+00 0.00e+00 0.00e+00
 Calcium    0  1.14e-04 9.13e-01 8.70e-02 0.00e+00 0.00e+00 0.00e+00 0.00e+00 0.00e+00 0.00e+00 0.00e+00 0.00e+00 0.00e+00 0.00e+00
 Scandium   0  1.24e-04 9.27e-01 7.25e-02 0.00e+00 0.00e+00 0.00e+00 0.00e+00 0.00e+00 0.00e+00 0.00e+00 0.00e+00 0.00e+00 0.00e+00
 Titanium   0  1.11e-04 9.92e-01 7.67e-03 0.00e+00 0.00e+00 0.00e+00 0.00e+00 0.00e+00 0.00e+00 0.00e+00 0.00e+00 0.00e+00 0.00e+00
 Vanadium   0  1.17e-03 9.96e-01 2.90e-03 0.00e+00 0.00e+00 0.00e+00 0.00e+00 0.00e+00 0.00e+00 0.00e+00 0.00e+00 0.00e+00 0.00e+00
 Chromium   0  1.42e-04 9.79e-01 2.10e-02 0.00e+00 0.00e+00 0.00e+00 0.00e+00 0.00e+00 0.00e+00 0.00e+00 0.00e+00 0.00e+00 0.00e+00
 Manganese  0  1.32e-04 9.90e-01 9.89e-03 0.00e+00 0.00e+00 0.00e+00 0.00e+00 0.00e+00 0.00e+00 0.00e+00 0.00e+00 0.00e+00 0.00e+00
 Iron       0  2.03e-04 9.94e-01 5.68e-03 0.00e+00 0.00e+00 0.00e+00 0.00e+00 0.00e+00 0.00e+00 0.00e+00 0.00e+00 0.00e+00 0.00e+00
 Cobalt     0  1.20e-03 9.99e-01 7.80e-05 0.00e+00 0.00e+00 0.00e+00 0.00e+00 0.00e+00 0.00e+00 0.00e+00 0.00e+00 0.00e+00 0.00e+00
 Nickel     0  1.74e-04 1.00e+00 2.67e-09 0.00e+00 0.00e+00 0.00e+00 0.00e+00 0.00e+00 0.00e+00 0.00e+00 0.00e+00 0.00e+00 0.00e+00
 Copper     0  2.82e-03 9.97e-01 4.84e-08 0.00e+00 0.00e+00 0.00e+00 0.00e+00 0.00e+00 0.00e+00 0.00e+00 0.00e+00 0.00e+00 0.00e+00
 Zinc       0  3.94e-03 9.96e-01 6.32e-05 0.00e+00 0.00e+00 0.00e+00 0.00e+00 0.00e+00 0.00e+00 0.00e+00 0.00e+00 0.00e+00 0.00e+00
   IC443 NE diffuse shock -- v shock=65 km/s, T obs=12000K (upper end test)  
   Calculation stopped because H column dens reached. Iteration 2 of 2
   The geometry is plane-parallel.
  !Compton cooling rate underflows to zero.  Is this important?
  !Some input lines contained underscores, these were changed to spaces.
  !There is no hydrogen-ionizing radiation.  Was this intended?
  !Thermal collisional ionization of H reached 99.54% of the local ionization rate.
  !Charge transfer H => H+ reached 8475.8% of the local H ionization rate.
  !Charge transfer heating reached 95.17% of the local heating.
  !Destruction of He 2TriS reached 15.2% of the total He0 dest rate at zone 118, 13.2% of that was photoionization.
  !Continuum zero at some energies.
  !AGE: Cloud age was not set.  Longest timescale was 4.83e+11 s = 1.53e+04 years.
  !Heating - cooling mismatch =199.9%. Caused by constant temperature assumption. 
  !Mutual neutralization production of H-alpha was significant.
  !Incident radiation field energy density is less than 2.7K.  Add background with CMB command.
  !The CMB was not included.  This is added with the CMB command.
  !The intensity of the incident radiation field is less than 10 times the Habing diffuse ISM field.  Is this OK?
  !   Consider adding diffuse ISM emission with TABLE ISM command.
   The density is too low to l-mix the lowest H  I collapsed level.  More resolved levels are needed for accurate line ratios.
   The density is too low to l-mix the lowest He I collapsed level.  More resolved levels are needed for accurate line ratios.
   Grains were not present but might survive in this environment (energy density temperature was 0.00e+00K)
   The local H2+ photodissociation heating rate reached 1.5% of the total heating.
   H- absorption heating was 83.6% of the total.

                       *********************************> Cloudy 23.01 <**********************************
                       * title IC443 NE diffuse shock -- v shock=65 km/s, T obs=12000K (upper end test)  *
                       * hden 2.6792                                                                     *
                       * constant temperature, t=12000 K linear                                          *
                       * stop column density 20.95                                                       *
                       * iterate                                                                         *
                       * save results last "v65_T12000.rlt"                                              *
                       *********************************> Log(U):-37.00 <*********************************

                     Emission Line Spectrum.   Constant  Density Model.    Open geometry.  Iteration 2 of 2.
                                                     Intensity (erg/s/cm^2).


                                                   Intrinsic line intensities
general properties.............................      C  1                1657.91A   -4.602    0.0249      Fe 3                4881.00A   -5.590    0.0026
TotH                      0    -3.863    0.1364      C  1                1658.12A   -4.780    0.0165      Fe 3                4658.05A   -5.004    0.0099
TotC                      0    -0.168  675.2949      C  1                1930.90A   -5.790    0.0016      Fe 3                3322.54A   -5.691    0.0020
TotM                      0    -5.046    0.0089      C  1                1993.62A   -4.772    0.0168      Fe 3                3239.74A   -5.849    0.0014
CT H                      0    -4.945    0.0113      C  1                8727.13A   -5.694    0.0020      Fe 3                33.0270m   -5.545    0.0028
H  1c                     0    -0.317  479.9525      C  1                9824.13A   -2.312    4.8480      Fe 3                5270.40A   -5.190    0.0064
He 1c                     0    -5.739    0.0018      C  1                9850.26A   -1.837   14.4834      Fe 3                4754.69A   -5.730    0.0019
Ar 2c                     0    -5.188    0.0064      C  1                370.269m   -3.954    0.1107      Fe 3                4701.53A   -5.553    0.0028
C  1c                     0    -1.703   19.7061      C  1                609.590m   -4.838    0.0144      Fe 3                3371.41A   -5.825    0.0015
C  2c                     0    -2.504    3.1150      C  2                1037.02A   -5.777    0.0017      Fe 3                5011.26A   -5.860    0.0014
Ca 1c                     0    -5.874    0.0013      C  2                1334.53A   -4.720    0.0190      Mg 1                2025.82A   -5.788    0.0016
Co 2c                     0    -4.141    0.0720      C  2                1335.66A   -4.102    0.0786      Mg 1                2852.13A   -3.351    0.4432
Cr 2c                     0    -3.658    0.2188      C  2                1335.71A   -4.026    0.0936      Mg 1                3838.29A   -5.879    0.0013
Fe 1c                     0    -5.690    0.0020      C  2                2323.50A   -3.948    0.1121      Mg 1                4562.60A   -3.299    0.5000
Fe 2c                     0    -1.308   48.9848      C  2                2324.69A   -3.672    0.2115      Mg 1                4571.10A   -3.735    0.1834
Fe 3c                     0    -4.111    0.0771      C  2                2325.40A   -3.046    0.8959      Mg 1                4575.29A   -4.649    0.0223
Mg 1c                     0    -2.923    1.1883      C  2                2326.93A   -3.166    0.6785      Mg 1                5167.32A   -5.617    0.0024
Mn 2c                     0    -3.957    0.1099      C  2                2328.12A   -3.619    0.2393      Mg 1                5172.68A   -5.142    0.0072
N  1c                     0    -2.146    7.1165      C  2                157.636m   -3.106    0.7789      Mg 1                5183.60A   -4.925    0.0118
O  1c                     0    -1.754   17.5371      Ca 1                4226.73A   -5.977    0.0010      Mg 1                8806.76A   -5.155    0.0070
O  2c                     0    -2.789    1.6184      Co 2                10.5199m   -5.065    0.0086      Mg 1                1.18282m   -5.326    0.0047
P  2c                     0    -3.389    0.4065      Co 2                15.4548m   -5.938    0.0011      Mg 1                1.71087m   -5.812    0.0015
S  1c                     0    -4.477    0.0332      Co 2                2.98382m   -4.582    0.0260      Mn 2                2576.10A   -4.336    0.0459
S  2c                     0    -1.676   20.9735      Co 2                14.7345m   -5.502    0.0031      Mn 2                2593.72A   -4.432    0.0368
Sc 2c                     0    -5.431    0.0037      Co 2                1.01879m   -5.048    0.0089      Mn 2                2605.68A   -4.573    0.0266
Si 2c                     0    -1.896   12.6535      Co 2                1.54700m   -5.293    0.0051      N  1                1134.41A   -5.731    0.0018
Si 3c                     0    -5.289    0.0051      Co 2                1.02452m   -5.973    0.0011      N  1                1134.98A   -5.552    0.0028
Zn 2c                     0    -5.208    0.0062      Co 2                9342.40A   -5.325    0.0047      N  1                1199.55A   -5.334    0.0046
Al 2c                     0    -2.865    1.3590      Co 2                9943.48A   -5.672    0.0021      N  1                1200.22A   -5.510    0.0031
Ca 2c                     0    -1.866   13.5471      Co 2                7539.01A   -5.963    0.0011      N  1                1200.71A   -5.814    0.0015
Cl 2c                     0    -3.753    0.1758      Co 2                8121.00A   -5.675    0.0021      N  1                3466.50A   -4.376    0.0418
Mg 2c                     0    -1.408   38.8882      Cr 2                8000.08A   -4.158    0.0691      N  1                3466.54A   -5.052    0.0088
N  2c                     0    -3.037    0.9131      Cr 2                8125.30A   -4.234    0.0580      N  1                5197.90A   -2.559    2.7492
Ni 2c                     0    -2.736    1.8289      Cr 2                8229.67A   -4.331    0.0464      N  1                5200.26A   -2.395    4.0117
continua.......................................      Cr 2                8308.49A   -4.519    0.0301      N  1                1.03977m   -3.881    0.1310
Bac                 3646.00A   -3.013    0.9657      Cr 2                8357.64A   -4.819    0.0151      N  1                1.03982m   -4.407    0.0390
nFnu                3645.00A   -1.311   48.5796      Fe 1                24.0358m   -5.796    0.0016      N  1                1.04072m   -4.229    0.0588
nFnu                3647.00A   -1.320   47.6139      Fe 2                25.9813m   -2.620    2.3878      N  1                1.04076m   -4.219    0.0600
cout                3646.00A   -3.314    0.4834      Fe 2                5.33871m   -2.086    8.1560      O  1                1304.86A   -4.512    0.0306
cref                3646.00A   -3.315    0.4823      Fe 2                4.11387m   -4.428    0.0371      O  1                1306.03A   -4.899    0.0126
thin                3646.00A   -3.012    0.9670      Fe 2                1.25668m   -3.333    0.4623      O  1                1355.60A   -4.628    0.0234
Ba C                      0    -3.623    0.2369      Fe 2                4704.22A   -5.930    0.0012      O  1                1358.51A   -5.036    0.0092
PA C                      0    -4.048    0.0890      Fe 2                4632.28A   -4.136    0.0727      O  1                2972.29A   -4.486    0.0325
FIR                 83.0000m   -2.127    7.4338      Fe 2                4604.48A   -5.920    0.0012      O  1                5577.34A   -3.537    0.2892
TIR                 1800.00m   -4.819    0.0151      Fe 2                4416.27A   -4.103    0.0785      O  1                6300.30A   -2.081    8.2629
NIRa                2.85000m   -1.114   76.6104      Fe 2                4382.74A   -5.075    0.0084      O  1                6363.78A   -2.576    2.6396
NIRb                3.00000m   -1.793   16.0330      Fe 2                4287.39A   -3.138    0.7234      O  1                6391.73A   -5.905    0.0012
MIRa                15.0000m   -1.988   10.2333      Fe 2                3175.38A   -4.854    0.0139      O  1                63.1679m   -2.241    5.7149
MIRb                22.5000m   -1.650   22.2840      Fe 2                2599.40A   -5.260    0.0055      O  1                145.495m   -3.275    0.5283
NMIR                21.7500m   -1.114   76.6104      Fe 2                2382.04A   -3.635    0.2303      O  2                2470.22A   -5.245    0.0057
TFIR                611.250m   -2.834    1.4593      Fe 2                35.3391m   -3.277    0.5259      O  2                2470.34A   -4.672    0.0212
TALL                10000.0A   -0.169  673.9098      Fe 2                6.71944m   -3.226    0.5913      O  2                7318.92A   -5.327    0.0047
F12                 12.0000m   -3.817    0.1517      Fe 2                4.88781m   -4.091    0.0806      O  2                7319.99A   -4.865    0.0136
F25                 25.0000m   -2.580    2.6171      Fe 2                4.07521m   -4.888    0.0129      O  2                7329.67A   -5.105    0.0078
F60                 60.0000m   -2.225    5.9310      Fe 2                1.32055m   -3.829    0.1474      O  2                7330.73A   -5.134    0.0073
F100                100.000m   -4.511    0.0307      Fe 2                1.24854m   -4.826    0.0148      O  2                3728.81A   -3.031    0.9269
MIPS                24.0000m   -2.581    2.6139      Fe 2                7637.52A   -4.041    0.0906      O  2                3726.03A   -3.198    0.6307
MIPS                70.0000m   -2.241    5.7179      Fe 2                4889.62A   -4.007    0.0980      P  2                60.6263m   -4.261    0.0546
MIPS                160.000m   -2.881    1.3096      Fe 2                4716.37A   -5.014    0.0096      P  2                32.8620m   -4.288    0.0513
IRAC                3.60000m   -4.354    0.0440      Fe 2                4687.56A   -5.218    0.0060      P  2                1.14682m   -4.123    0.0749
IRAC                4.50000m   -3.663    0.2161      Fe 2                4492.64A   -4.972    0.0106      P  2                4669.25A   -5.654    0.0022
IRAC                5.80000m   -2.085    8.1853      Fe 2                4457.95A   -4.373    0.0422      P  2                2195.57A   -5.691    0.0020
IRAC                8.00000m   -3.091    0.8063      Fe 2                4432.45A   -5.166    0.0068      P  2                1536.42A   -5.929    0.0012
SPR2                350.000m   -3.953    0.1109      Fe 2                4359.33A   -3.269    0.5355      P  2                1535.92A   -5.898    0.0013
PAC1                70.0000m   -2.236    5.7726      Fe 2                3224.54A   -5.954    0.0011      P  2                1.18828m   -3.700    0.1986
PAC2                100.000m   -4.234    0.0581      Fe 2                3214.67A   -5.368    0.0043      P  2                2210.34A   -5.238    0.0058
PAC3                160.000m   -2.881    1.3100      Fe 2                2625.67A   -2.263    5.4319      P  2                7875.99A   -4.905    0.0124
PAH                 3.30000m   -5.135    0.0073      Fe 2                2611.87A   -3.201    0.6258      S  1                1820.34A   -5.946    0.0011
PAHC                3.23000m   -5.412    0.0039      Fe 2                2598.37A   -4.461    0.0344      S  1                25.2421m   -4.539    0.0288
PAHC                3.37000m   -5.486    0.0033      Fe 2                2395.63A   -3.258    0.5499      S  1                56.2957m   -5.498    0.0032
PAH                 6.20000m   -5.262    0.0054      Fe 2                2388.63A   -4.401    0.0395      S  2                6730.82A   -2.103    7.8581
PAHC                5.65000m   -4.724    0.0188      Fe 2                2383.06A   -5.775    0.0017      S  2                6716.44A   -1.952   11.1196
PAH                 7.90000m   -5.019    0.0095      Fe 2                2364.83A   -3.535    0.2904      S  2                4076.35A   -3.546    0.2832
PAHC                6.90000m   -3.098    0.7940      Fe 2                2332.80A   -4.855    0.0139      S  2                4068.60A   -3.054    0.8781
PAH                 11.3000m   -5.913    0.0012      Fe 2                51.2868m   -3.814    0.1526      S  2                1.03364m   -3.684    0.2060
PAHC                10.9000m   -4.832    0.0146      Fe 2                5.67236m   -4.903    0.0124      S  2                1.02867m   -3.681    0.2077
PAH                 11.8000m   -5.896    0.0013      Fe 2                4.60641m   -4.688    0.0204      S  2                1.03705m   -4.006    0.0982
PAHC                12.6500m   -4.615    0.0241      Fe 2                4.08085m   -5.418    0.0038      S  2                1.03205m   -3.547    0.2825
PAH                 13.3000m   -5.931    0.0012      Fe 2                1.37181m   -4.073    0.0841      S  2                1259.52A   -4.781    0.0165
PAHC                14.1000m   -4.400    0.0396      Fe 2                1.29427m   -4.612    0.0243      S  2                1253.81A   -4.853    0.0140
Bcon                3640.00A   -0.287  514.0785      Fe 2                7806.23A   -5.813    0.0015      S  2                1250.58A   -5.177    0.0066
Pcon                5000.00A   -1.067   85.2670      Fe 2                7686.93A   -4.122    0.0751      Si 2                34.8046m   -2.043    9.0118
O3bn                5007.00A   -2.931    1.1668      Fe 2                4958.23A   -5.857    0.0014      Si 2                2334.41A   -3.662    0.2166
HFFc                      0    -3.669    0.2133      Fe 2                4750.57A   -5.848    0.0014      Si 2                2328.52A   -4.266    0.0539
H FF                      0    -3.894    0.1271      Fe 2                4728.07A   -4.637    0.0230      Si 2                1808.01A   -3.597    0.2515
MeFB                      0    -5.719    0.0019      Fe 2                4514.90A   -4.998    0.0100      Si 2                1526.71A   -5.593    0.0025
ToFF                      0    -3.891    0.1278      Fe 2                4488.75A   -4.717    0.0191      Si 2                1260.42A   -5.706    0.0020
Mion                      0    -4.624    0.0237      Fe 2                4470.30A   -5.915    0.0012      Si 2                2350.17A   -3.514    0.3049
nFnu                122.400m   -5.640    0.0023      Fe 2                4413.78A   -3.420    0.3781      Si 2                2344.20A   -3.117    0.7598
nFnu                60.8322m   -5.380    0.0042      Fe 2                3254.24A   -5.431    0.0037      Si 2                2334.60A   -3.211    0.6123
nFnu                41.2152m   -5.224    0.0059      Fe 2                3244.18A   -5.722    0.0019      Si 2                1817.45A   -3.436    0.3650
nFnu                30.8695m   -5.107    0.0078      Fe 2                2631.32A   -3.011    0.9712      Si 2                1816.93A   -3.122    0.7515
nFnu                24.7829m   -5.016    0.0096      Fe 2                2617.62A   -4.417    0.0381      Si 2                1533.43A   -3.809    0.1544
nFnu                24.2998m   -5.007    0.0098      Fe 2                2607.09A   -4.522    0.0299      Si 2                1309.28A   -4.478    0.0331
nFnu                22.8302m   -4.981    0.0104      Fe 2                2404.89A   -4.128    0.0741      Si 2                1265.00A   -4.183    0.0652
nFnu                21.4199m   -4.954    0.0111      Fe 2                2399.24A   -4.958    0.0110      Si 2                1264.74A   -4.647    0.0224
nFnu                21.1235m   -4.947    0.0113      Fe 2                2395.42A   -5.597    0.0025      Si 2                1197.39A   -4.541    0.0286
nFnu                19.6199m   -4.913    0.0122      Fe 2                2380.76A   -3.067    0.8524      Si 2                1194.50A   -4.743    0.0180
nFnu                17.6534m   -4.865    0.0136      Fe 2                2348.30A   -4.693    0.0202      Si 2                3862.60A   -5.861    0.0014
nFnu                17.3700m   -4.858    0.0138      Fe 2                2327.40A   -5.177    0.0066      Si 2                3856.02A   -5.830    0.0015
nFnu                15.6901m   -4.810    0.0154      Fe 2                87.3597m   -4.528    0.0295      Si 2                6371.37A   -5.778    0.0017
nFnu                14.6036m   -4.774    0.0167      Fe 2                5.06097m   -5.346    0.0045      Si 2                6347.11A   -5.697    0.0020
nFnu                12.4300m   -4.690    0.0203      Fe 2                4.43363m   -5.248    0.0056      Si 3                1892.03A   -5.709    0.0019
nFnu                11.4000m   -4.644    0.0226      Fe 2                1.32777m   -4.795    0.0159      Si 3                1882.71A   -5.529    0.0029
nFnu                10.4600m   -4.593    0.0254      Fe 2                1.27877m   -4.861    0.0137      Zn 2                2062.00A   -5.602    0.0025
nFnu                9.48002m   -4.537    0.0289      Fe 2                1.25214m   -5.904    0.0012      Zn 2                2025.48A   -5.369    0.0043
nFnu                9.32488m   -4.527    0.0296      Fe 2                7803.89A   -5.819    0.0015      Al 2                2669.15A   -3.350    0.4447
nFnu                8.21035m   -4.443    0.0358      Fe 2                7665.28A   -5.013    0.0097      Al 2                2660.35A   -3.172    0.6699
nFnu                7.58000m   -4.391    0.0405      Fe 2                5006.63A   -5.157    0.0069      Al 2                1670.79A   -3.606    0.2464
nFnu                7.05026m   -4.334    0.0461      Fe 2                4772.06A   -5.952    0.0011      Ca 2                7323.89A   -2.375    4.1922
nFnu                4.11370m   -3.876    0.1324      Fe 2                4639.67A   -5.598    0.0025      Ca 2                7291.47A   -2.208    6.1699
nFnu                2.32440m   -3.283    0.5187      Fe 2                4528.39A   -5.245    0.0057      Ca 2                3968.47A   -4.433    0.0368
nFnu                1.64313m   -2.896    1.2644      Fe 2                4509.61A   -5.588    0.0026      Ca 2                8662.14A   -2.991    1.0158
nFnu                1.48022m   -2.783    1.6414      Fe 2                4452.10A   -3.613    0.2428      Ca 2                3933.66A   -4.401    0.0395
nFnu                1.43649m   -2.742    1.8016      Fe 2                3277.55A   -5.654    0.0022      Ca 2                8498.02A   -3.682    0.2072
nFnu                1.11867m   -2.474    3.3408      Fe 2                3275.02A   -5.731    0.0018      Ca 2                8542.09A   -2.735    1.8316
nFnu                8329.68A   -2.159    6.9039      Fe 2                2631.05A   -4.370    0.0424      Ca 2                3706.02A   -5.098    0.0079
nFnu                8078.61A   -2.120    7.5557      Fe 2                2620.41A   -5.813    0.0015      Ca 2                3736.90A   -4.802    0.0157
nFnu                6209.66A   -1.848   14.1355      Fe 2                2613.82A   -5.141    0.0072      Ca 2                3158.87A   -5.068    0.0085
nFnu                4885.36A   -1.606   24.6755      Fe 2                2410.52A   -5.048    0.0089      Ca 2                3181.27A   -5.773    0.0017
nFnu                3704.34A   -1.335   46.0297      Fe 2                2406.66A   -5.204    0.0062      Ca 2                3179.33A   -4.819    0.0151
nFnu                3587.67A   -1.298   50.0868      Fe 2                2404.43A   -5.605    0.0025      Ca 2                1838.01A   -5.901    0.0013
nFnu                2430.05A   -0.948  112.2929      Fe 2                2359.11A   -4.928    0.0118      Ca 2                1840.03A   -5.745    0.0018
nFnu                2392.03A   -0.933  116.0086      Fe 2                2338.01A   -5.103    0.0078      Cl 2                14.3639m   -4.411    0.0386
nFnu                2071.34A   -0.815  152.3879      Fe 2                4.67067m   -5.873    0.0013      Cl 2                33.2721m   -5.496    0.0032
nFnu                2052.68A   -0.807  155.1688      Fe 2                1.29777m   -5.192    0.0064      Cl 2                8578.70A   -3.984    0.1033
nFnu                1793.44A   -0.710  193.8973      Fe 2                1.27034m   -5.066    0.0085      Cl 2                9123.60A   -4.569    0.0269
nFnu                1585.12A   -0.644  225.6347      Fe 2                7874.24A   -5.173    0.0067      Cl 2                3677.85A   -5.737    0.0018
nFnu                1458.33A   -0.634  231.2801      Fe 2                7733.14A   -5.660    0.0022      Cl 2                6161.84A   -5.691    0.0020
nFnu                1356.96A   -0.675  210.5147      Fe 2                4798.28A   -5.502    0.0031      Mg 2                2802.71A   -1.885   12.9724
nFnu                1297.29A   -0.788  162.2820      Fe 2                4474.90A   -3.925    0.1183      Mg 2                2795.53A   -1.588   25.7132
nFnu                1262.79A   -0.966  107.6117      Fe 2                3289.46A   -5.819    0.0015      Mg 2                2936.52A   -4.466    0.0340
nFnu                1218.08A   -5.208    0.0062      Fe 2                2628.29A   -5.004    0.0099      Mg 2                2928.64A   -4.768    0.0170
nFnu                1196.33A   -4.656    0.0220      Fe 2                2621.67A   -5.627    0.0023      Mg 2                2797.93A   -5.184    0.0065
nFnu                1175.06A   -4.671    0.0212      Fe 2                2413.31A   -5.562    0.0027      Mg 2                2790.77A   -4.482    0.0328
nFnu                1143.64A   -4.758    0.0174      Fe 2                2411.07A   -5.542    0.0029      Mg 2                2798.00A   -4.229    0.0588
nFnu                1113.22A   -4.838    0.0144      Fe 2                2344.28A   -5.379    0.0042      Mg 2                9218.22A   -5.906    0.0012
nFnu                1103.23A   -4.859    0.0138      Fe 2                17.9311m   -3.054    0.8796      N  2                205.283m   -4.645    0.0225
nFnu                1073.86A   -5.173    0.0067      Fe 2                1.64355m   -2.155    6.9629      N  2                121.769m   -4.558    0.0275
nFnu                1064.34A   -5.204    0.0062      Fe 2                1.53348m   -3.243    0.5688      N  2                6548.05A   -3.679    0.2083
nFnu                1035.92A   -5.287    0.0051      Fe 2                8616.95A   -3.451    0.3521      N  2                6583.45A   -3.210    0.6142
nFnu                1000.00A   -5.406    0.0039      Fe 2                7155.17A   -3.543    0.2851      N  2                5754.59A   -4.864    0.0136
nFnu                925.144A   -5.628    0.0023      Fe 2                6896.17A   -5.041    0.0091      N  2                2139.01A   -5.139    0.0072
nFnu                897.800A   -5.635    0.0023      Fe 2                5413.37A   -5.398    0.0040      N  2                2142.77A   -4.748    0.0178
RRC............................................      Fe 2                5280.27A   -5.991    0.0010      Ni 2                1.19102m   -3.070    0.8477
H  1                3645.98A   -4.021    0.0948      Fe 2                5273.36A   -3.521    0.3000      Ni 2                6.63416m   -3.724    0.1880
H  1                3645.98A   -3.690    0.2032      Fe 2                5158.79A   -2.904    1.2410      Ni 2                1.07151m   -4.557    0.0276
H  1                8203.57A   -4.745    0.0179      Fe 2                5111.64A   -3.814    0.1526      Ni 2                10.6793m   -4.194    0.0636
H  1                8203.57A   -4.368    0.0427      Fe 2                5072.41A   -3.556    0.2766      Ni 2                1.16130m   -5.130    0.0074
H  1                8203.57A   -4.493    0.0320      Fe 2                5039.10A   -4.990    0.0102      Ni 2                12.7253m   -4.667    0.0214
H  1                1.45842m   -5.223    0.0060      Fe 2                4814.54A   -3.845    0.1422      Ni 2                9882.95A   -5.879    0.0013
H  1                1.45842m   -4.839    0.0144      Fe 2                4774.73A   -4.287    0.0514      Ni 2                1.09177m   -5.418    0.0038
H  1                1.45842m   -4.859    0.0138      Fe 2                4745.49A   -5.338    0.0046      Ni 2                18.2355m   -5.384    0.0041
H  1                1.45842m   -5.222    0.0060      Fe 2                4243.97A   -3.187    0.6477      Ni 2                7377.83A   -3.615    0.2412
H  1                2.27878m   -5.573    0.0027      Fe 2                4177.20A   -4.271    0.0533      Ni 2                8300.99A   -4.911    0.0122
H  1                2.27878m   -5.190    0.0064      Fe 2                4146.65A   -5.843    0.0014      Ni 2                1.93877m   -4.323    0.0473
H  1                2.27878m   -5.179    0.0066      Fe 2                3387.09A   -4.626    0.0235      Ni 2                2.36883m   -5.610    0.0024
H  1                2.27878m   -5.397    0.0040      Fe 2                3376.20A   -3.825    0.1489      Ni 2                2.91064m   -5.279    0.0052
H  1                2.27878m   -5.910    0.0012      Fe 2                2732.45A   -4.388    0.0407      Ni 2                6666.80A   -4.556    0.0277
H  1                3.28145m   -5.848    0.0014      Fe 2                2493.30A   -2.407    3.8943      Ni 2                7411.61A   -4.337    0.0458
H  1                3.28145m   -5.467    0.0034      Fe 2                2484.20A   -4.859    0.0138      Ni 2                2.30794m   -5.517    0.0030
H  1                3.28145m   -5.443    0.0036      Fe 2                2360.00A   -5.407    0.0039      Ni 2                6.91767m   -5.816    0.0015
H  1                3.28145m   -5.608    0.0025      Fe 2                2348.12A   -5.619    0.0024      Ni 2                4326.24A   -4.428    0.0372
H  1                3.28145m   -5.950    0.0011      Fe 2                24.5126m   -3.729    0.1859      Ni 2                4628.05A   -4.850    0.0141
H  1                4.46642m   -5.695    0.0020      Fe 2                1.80940m   -2.756    1.7461      Ni 2                6794.20A   -5.906    0.0012
H  1                4.46642m   -5.666    0.0021      Fe 2                1.67688m   -3.668    0.2136      Ni 2                7255.82A   -4.782    0.0164
H  1                4.46642m   -5.806    0.0016      Fe 2                1.59948m   -3.584    0.2591      Ni 2                7694.56A   -5.853    0.0014
H  1                5.83369m   -5.887    0.0013      Fe 2                9051.95A   -3.293    0.5073      Ni 2                1.04597m   -5.266    0.0054
H  1                5.83369m   -5.856    0.0014      Fe 2                8891.93A   -3.721    0.1891      Ni 2                1.23230m   -5.294    0.0051
H  1                5.83369m   -5.983    0.0010      Fe 2                7452.56A   -4.035    0.0918      Ni 2                4201.17A   -4.628    0.0234
H  1                11.0293m   -5.689    0.0020      Fe 2                7172.00A   -3.996    0.1004      Ni 2                4485.21A   -5.081    0.0083
H  1                13.1258m   -5.802    0.0016      Fe 2                6275.53A   -5.904    0.0012      Ni 2                7307.65A   -4.976    0.0105
H  1                15.4046m   -5.905    0.0012      Fe 2                5527.36A   -4.470    0.0337      Ni 2                7612.72A   -5.304    0.0049
H  1                56.9697m   -5.535    0.0029      Fe 2                5433.15A   -4.035    0.0919      Ni 2                1.13597m   -5.987    0.0010
Si 1                1520.96A   -5.972    0.0011      Fe 2                5261.63A   -3.287    0.5133      Ni 2                4285.31A   -5.847    0.0014
S  1                1196.76A   -5.994    0.0010      Fe 2                5220.08A   -4.559    0.0275      Ni 2                6791.48A   -5.562    0.0027
grains.........................................      Fe 2                5184.80A   -4.455    0.0349      Ni 2                7054.20A   -5.466    0.0034
H-like iso-sequence............................      Fe 2                5158.01A   -4.392    0.0403      Ni 2                4033.04A   -4.893    0.0127
Cool                1215.67A   -0.544  284.5880      Fe 2                4947.39A   -3.789    0.1618      Ni 2                4294.09A   -5.014    0.0096
Crst                960.000A   -0.707  195.3644      Fe 2                4905.35A   -4.142    0.0717      Ni 2                6813.57A   -5.035    0.0092
CION                      0    -2.440    3.6145      Fe 2                4874.50A   -4.184    0.0651      Ni 2                7078.04A   -5.584    0.0026
Ca B                1215.67A   -2.633    2.3164      Fe 2                4852.74A   -5.540    0.0029      Ni 2                3993.06A   -4.509    0.0308
CaBo                4861.32A   -4.174    0.0667      Fe 2                4346.86A   -3.814    0.1527      Ni 2                4248.80A   -4.984    0.0103
Ca A                1215.67A   -2.830    1.4733      Fe 2                4276.84A   -3.732    0.1843      Ni 2                6365.10A   -4.983    0.0104
Ca A                1025.72A   -3.466    0.3401      Fe 2                4244.82A   -4.541    0.0287      Ni 2                8703.87A   -5.438    0.0036
Ca A                972.537A   -3.875    0.1328      Fe 2                4211.11A   -5.997    0.0010      Ni 2                9956.63A   -5.664    0.0022
Ca A                949.743A   -4.178    0.0661      Fe 2                3455.11A   -4.731    0.0185      Ni 2                3438.88A   -4.672    0.0212
Ca A                937.803A   -4.420    0.0378      Fe 2                3452.31A   -4.421    0.0377      Ni 2                3626.89A   -4.980    0.0104
Ca A                930.748A   -4.622    0.0237      Fe 2                3440.99A   -4.304    0.0495      Ni 2                3378.16A   -5.282    0.0052
Ca A                926.226A   -4.796    0.0159      Fe 2                2774.73A   -5.601    0.0025      Ni 2                3559.41A   -5.261    0.0055
Ca A                923.150A   -4.950    0.0112      Fe 2                2759.34A   -5.880    0.0013      level 1 lines..................................
Ca A                920.963A   -5.086    0.0082      Fe 2                2485.07A   -5.938    0.0011      recombination..................................
Ca A                919.351A   -5.210    0.0061      Fe 2                2391.48A   -5.220    0.0060      C  1                1140.10A   -5.492    0.0032
Ca A                918.129A   -5.322    0.0047      Fe 2                2379.28A   -5.781    0.0016      level2 lines...................................
Ca A                917.181A   -5.425    0.0037      Fe 2                2362.02A   -4.859    0.0138      C  1                1247.50A   -5.160    0.0069
Ca A                916.429A   -5.521    0.0030      Fe 2                35.7675m   -4.513    0.0306      C  1                1314.77A   -5.117    0.0076
Ca A                915.824A   -5.610    0.0024      Fe 2                1.95361m   -3.667    0.2143      C  1                1165.98A   -5.938    0.0011
Ca A                915.329A   -5.693    0.0020      Fe 2                1.80002m   -3.684    0.2060      C  1                1233.29A   -5.672    0.0021
Ca A                914.919A   -5.771    0.0017      Fe 2                1.71113m   -4.262    0.0544      C  1                1250.68A   -5.829    0.0015
Ca A                914.576A   -5.844    0.0014      Fe 2                1.66377m   -3.884    0.1300      Si 2                1179.59A   -5.033    0.0092
Ca A                914.286A   -5.912    0.0012      Fe 2                9399.04A   -3.715    0.1920      Sc 2                3627.22A   -5.151    0.0070
Ca A                914.039A   -5.977    0.0010      Fe 2                9226.63A   -3.665    0.2153      Sc 2                3575.45A   -5.267    0.0054
Ca A                6562.80A   -3.909    0.1226      Fe 2                9033.49A   -4.682    0.0207      Sc 2                3368.13A   -5.807    0.0016
Ca A                4861.32A   -4.352    0.0442      Fe 2                7388.17A   -4.116    0.0762      Ti 2                3364.74A   -3.535    0.2906
Ca A                4340.46A   -4.674    0.0211      Fe 2                6440.41A   -5.019    0.0095      Ti 2                3237.15A   -3.762    0.1721
Ca A                4101.73A   -4.927    0.0118      Fe 2                5654.87A   -5.430    0.0037      Ti 2                1904.17A   -5.382    0.0041
Ca A                3970.07A   -5.135    0.0073      Fe 2                5556.31A   -4.704    0.0197      Ti 2                1907.36A   -5.137    0.0073
Ca A                3889.05A   -5.313    0.0048      Fe 2                5412.67A   -5.208    0.0062      V  2                2710.94A   -5.752    0.0018
Ca A                3835.38A   -5.469    0.0034      Fe 2                5333.66A   -3.571    0.2673      V  2                2684.22A   -5.519    0.0030
Ca A                3797.90A   -5.607    0.0025      Fe 2                5296.84A   -4.854    0.0139      V  2                2139.33A   -5.988    0.0010
Ca A                3770.63A   -5.731    0.0018      Fe 2                5268.89A   -4.562    0.0273      Cr 2                2059.78A   -3.944    0.1133
Ca A                3750.15A   -5.844    0.0014      Fe 2                5107.96A   -5.459    0.0035      Mn 2                1198.85A   -5.933    0.0012
Ca A                3734.37A   -5.948    0.0011      Fe 2                5049.30A   -3.962    0.1085      Co 2                2060.90A   -5.372    0.0042
Ca A                1.87510m   -4.713    0.0193      Fe 2                5005.52A   -4.018    0.0954      Co 2                2018.80A   -5.395    0.0040
Ca A                1.28181m   -5.033    0.0092      Fe 2                4973.40A   -4.285    0.0516      Co 2                1949.74A   -5.450    0.0035
Ca A                1.09381m   -5.290    0.0051      Fe 2                4950.76A   -4.626    0.0235      Co 2                1575.91A   -5.816    0.0015
Ca A                1.00494m   -5.503    0.0031      Fe 2                4352.79A   -4.048    0.0891      Co 2                1470.18A   -5.853    0.0014
Ca A                9545.97A   -5.683    0.0021      Fe 2                4319.62A   -4.311    0.0487      Ni 2                1751.83A   -4.869    0.0135
Ca A                9229.02A   -5.841    0.0014      Fe 2                4305.90A   -5.105    0.0078      Ni 2                1744.24A   -4.673    0.0211
Ca A                9014.91A   -5.981    0.0010      Fe 2                3504.51A   -5.033    0.0092      Ni 2                1484.97A   -5.856    0.0014
Ca A                4.05115m   -5.320    0.0048      Fe 2                3504.02A   -4.891    0.0128      Ni 2                1472.74A   -5.559    0.0027
Ca A                2.62515m   -5.566    0.0027      Fe 2                3501.63A   -4.456    0.0349      Ni 2                1400.37A   -5.826    0.0015
Ca A                2.16553m   -5.780    0.0017      Fe 2                3489.99A   -5.132    0.0073      Ni 2                1375.73A   -5.481    0.0033
Ca A                1.94456m   -5.963    0.0011      Fe 2                2385.01A   -5.584    0.0026      Ni 2                1324.11A   -5.562    0.0027
Ca A                7.45782m   -5.814    0.0015      Fe 2                2.06648m   -5.060    0.0087      hyperfine structure............................
Ca B                6562.80A   -3.720    0.1895      Fe 2                1.89541m   -4.420    0.0378      inner shell....................................
Ca B                4861.32A   -4.172    0.0670      Fe 2                1.79711m   -3.915    0.1209      molecules......................................
Ca B                4340.46A   -4.499    0.0315      Fe 2                1.74494m   -4.207    0.0619      H2 l                2.00000m   -4.958    0.0110
Ca B                4101.73A   -4.756    0.0175      Fe 2                9652.70A   -4.564    0.0272      H-FB                      0    -3.804    0.1563
Ca B                3970.07A   -4.967    0.0107      Fe 2                9470.94A   -4.055    0.0876      H-FF                      0    -4.066    0.0854
Ca B                3889.05A   -5.147    0.0071      Fe 2                9267.56A   -4.378    0.0417      H-CT                6562.80A   -4.244    0.0567
Ca B                3835.38A   -5.305    0.0049      Fe 2                6558.51A   -5.232    0.0058      H- H                      0    -3.941    0.1141
Ca B                3797.90A   -5.445    0.0036      Fe 2                5745.71A   -5.801    0.0016      H2+                       0    -4.165    0.0681
Ca B                3770.63A   -5.570    0.0027      Fe 2                5643.98A   -5.676    0.0021      H2+p                      0    -5.749    0.0018
Ca B                3750.15A   -5.685    0.0021      Fe 2                5495.84A   -5.484    0.0033      bands..........................................
Ca B                3734.37A   -5.790    0.0016      Fe 2                5376.47A   -3.965    0.1078      Fe 2b               2500.00A   -1.862   13.6620
Ca B                3721.94A   -5.887    0.0013      Fe 2                5347.66A   -5.068    0.0085      Fe 2b               5000.00A   -2.102    7.8682
Ca B                3711.97A   -5.977    0.0010      Fe 2                5181.96A   -5.305    0.0049      Fe 2b               7000.00A   -3.104    0.7836
Ca B                1.87510m   -4.663    0.0216      Fe 2                5076.57A   -4.623    0.0237      Fe 2b               10000.0A   -1.881   13.0997
Ca B                1.28181m   -4.972    0.0106      Fe 2                5043.53A   -4.492    0.0321      Fe 2b               2355.00A   -2.661    2.1716
Ca B                1.09381m   -5.226    0.0059      Fe 2                5020.25A   -4.603    0.0248      Fe 2b               2430.00A   -1.875   13.2839
Ca B                1.00494m   -5.437    0.0036      Fe 2                4372.43A   -4.585    0.0259      Fe 2b               2445.00A   -1.875   13.2839
Ca B                9545.97A   -5.617    0.0024      Fe 2                4358.37A   -4.788    0.0162      Fe 2b               2495.00A   -2.406    3.9103
Ca B                9229.02A   -5.774    0.0017      Fe 2                3539.19A   -4.738    0.0182      Fe 2b               2610.00A   -2.140    7.2007
Ca B                9014.91A   -5.914    0.0012      Fe 2                3538.69A   -5.032    0.0092      Fe 2b               2695.00A   -4.691    0.0203
Ca B                4.05115m   -5.296    0.0050      Fe 2                3536.25A   -5.159    0.0069      Fe 2b               2758.00A   -3.483    0.3269
Ca B                2.62515m   -5.537    0.0029      Fe 2                7764.71A   -5.389    0.0041      Fe 2b               2780.00A   -3.449    0.3535
Ca B                2.16553m   -5.747    0.0018      Fe 2                7336.73A   -5.673    0.0021      Fe 2b               2935.00A   -4.510    0.0308
Ca B                1.94456m   -5.928    0.0012      Fe 2                6809.24A   -5.635    0.0023      Fe 2b               2960.00A   -4.606    0.0247
Ca B                7.45782m   -5.798    0.0016      Fe 2                6729.87A   -5.919    0.0012      Fe 2b               3180.00A   -4.154    0.0699
Ca B                4.65251m   -5.991    0.0010      Fe 2                5163.96A   -5.469    0.0034      Fe 2b               3250.00A   -3.613    0.2424
H  1                2431.34A   -0.760  172.9751      Fe 2                3277.35A   -4.490    0.0322      Fe 2b               3590.00A   -3.686    0.2051
H  1                1215.67A   -0.517  302.8818      Fe 2                3255.89A   -5.630    0.0023      Fe 2b               3910.00A   -5.712    0.0019
H  1                6562.80A   -2.301    4.9705      Fe 2                2926.59A   -4.637    0.0230      Fe 2b               4255.00A   -2.522    2.9936
H  1                4861.32A   -2.998    1.0000      Fe 2                2880.76A   -5.212    0.0061      Fe 2b               4558.00A   -3.267    0.5386
H  1                4340.46A   -3.355    0.4396      Fe 2                2755.74A   -3.761    0.1724      Fe 2b               4600.00A   -3.237    0.5760
H  1                4101.73A   -4.614    0.0242      Fe 2                2739.55A   -4.332    0.0463      Fe 2b               4743.00A   -3.990    0.1019
H  1                3970.07A   -4.857    0.0138      Fe 2                2716.70A   -4.691    0.0203      Fe 2b               4855.00A   -3.408    0.3889
H  1                3889.05A   -5.056    0.0087      Fe 2                1.00287m   -5.394    0.0040      Fe 2b               4920.00A   -2.896    1.2651
H  1                3835.38A   -5.227    0.0059      Fe 2                8037.28A   -5.907    0.0012      Fe 2b               4975.00A   -3.422    0.3768
H  1                3797.90A   -5.376    0.0042      Fe 2                6872.19A   -5.828    0.0015      Fe 2b               4971.00A   -3.465    0.3408
H  1                3770.63A   -5.287    0.0051      Fe 2                5746.98A   -5.596    0.0025      Fe 2b               5070.00A   -3.352    0.4419
H  1                3750.15A   -5.399    0.0040      Fe 2                4347.36A   -5.910    0.0012      Fe 2b               5143.00A   -2.819    1.5112
H  1                3734.37A   -5.500    0.0031      Fe 2                4329.43A   -5.254    0.0056      Fe 2b               5270.00A   -2.538    2.8830
H  1                3721.94A   -5.594    0.0025      Fe 2                2953.77A   -5.903    0.0012      Fe 2b               5318.00A   -2.861    1.3717
H  1                3711.97A   -5.679    0.0021      Fe 2                2772.73A   -4.382    0.0413      Fe 2b               5540.00A   -3.945    0.1129
H  1                3703.85A   -5.759    0.0017      Fe 2                2749.32A   -4.648    0.0224      Fe 2b               5865.00A   -4.502    0.0313
H  1                3697.15A   -5.832    0.0015      Fe 2                2.04602m   -5.338    0.0046      Fe 2b               6265.00A   -5.290    0.0051
H  1                3691.55A   -5.899    0.0013      Fe 2                1.41956m   -5.843    0.0014      Fe 2b               6565.00A   -4.769    0.0169
H  1                3686.83A   -5.960    0.0011      Fe 2                1.23314m   -5.664    0.0022      Fe 2b               6910.00A   -4.705    0.0196
H  1                1.87510m   -3.752    0.1763      Fe 2                1.09108m   -5.572    0.0027      Fe 2b               7445.00A   -3.128    0.7406
H  1                1.28181m   -4.044    0.0899      Fe 2                5588.16A   -5.470    0.0034      Fe 2b               8625.00A   -2.811    1.5359
H  1                1.09381m   -5.053    0.0088      Fe 2                5580.82A   -4.903    0.0124      Fe 2b               1.03250m   -3.854    0.1392
H  1                1.00494m   -5.306    0.0049      Fe 2                5551.32A   -4.617    0.0240      Fe 2b               1.88900m   -2.605    2.4718
H  1                9545.97A   -5.512    0.0031      Fe 2                3227.74A   -5.936    0.0012      Fe 2b               2.20000m   -4.525    0.0297
H  1                9229.02A   -5.686    0.0021      Fe 2                3196.07A   -5.684    0.0021      miscellaneous..................................
H  1                9014.91A   -5.837    0.0014      Fe 2                2.13278m   -5.594    0.0025      Blnd                8446.00A   -5.822    0.0015
H  1                8862.79A   -5.802    0.0016      Fe 2                1.09413m   -5.771    0.0017      Blnd                1304.00A   -4.359    0.0436
H  1                8750.48A   -5.913    0.0012      Fe 2                1.07890m   -5.867    0.0014      Blnd                2798.00A   -1.410   38.6856
H  1                4.05115m   -4.571    0.0267      Fe 2                5650.95A   -5.448    0.0035      Blnd                6720.00A   -1.720   18.9778
H  1                2.62515m   -5.304    0.0049      Fe 2                5649.67A   -5.423    0.0038      Blnd                4074.00A   -2.933    1.1613
H  1                2.16553m   -5.585    0.0026      Fe 2                5613.27A   -4.833    0.0146      Blnd                1.03300m   -3.042    0.9039
H  1                1.94456m   -5.805    0.0016      Fe 2                2.24366m   -5.932    0.0012      Blnd                1256.00A   -4.429    0.0371
H  1                1.81741m   -5.987    0.0010      Fe 2                2.00672m   -5.287    0.0051      Blnd                2665.00A   -2.951    1.1146
H  1                7.45782m   -5.431    0.0037      Fe 2                5725.92A   -5.720    0.0019      Blnd                2335.00A   -2.708    1.9475
H  1                4.65251m   -5.772    0.0017      Fe 2                5718.22A   -5.171    0.0067      Blnd                1888.00A   -5.309    0.0049
H  1                12.3685m   -5.879    0.0013      Fe 2                2.22379m   -4.637    0.0230      Blnd                8579.00A   -2.513    3.0546
He-like iso-sequence...........................      Fe 2                2.01513m   -5.013    0.0097      Blnd                7306.00A   -1.982   10.3621
He 1                625.563A   -5.866    0.0014      Fe 2                9682.08A   -5.324    0.0047      Blnd                3933.00A   -4.116    0.0763
Pho+                3889.00A   -5.153    0.0070      Fe 2                8715.81A   -5.918    0.0012      Blnd                1657.00A   -3.748    0.1777
extra Lyman....................................      Fe 2                6873.84A   -5.589    0.0026      Blnd                9850.00A   -1.712   19.3314
database lines.................................      Fe 2                6188.55A   -5.670    0.0021      Blnd                2326.00A   -2.668    2.1373
Ar 2                6.98337m   -5.188    0.0064      Fe 2                5870.02A   -5.982    0.0010      Blnd                1335.00A   -3.716    0.1912
C  1                1560.31A   -5.139    0.0072      Fe 2                4898.61A   -5.811    0.0015      Blnd                3467.00A   -4.293    0.0507
C  1                1560.68A   -5.058    0.0087      Fe 2                2.25348m   -5.531    0.0029      Blnd                5199.00A   -2.168    6.7609
C  1                1560.71A   -5.398    0.0040      Fe 2                1.71482m   -5.932    0.0012      Blnd                1.04030m   -3.537    0.2888
C  1                1561.34A   -4.861    0.0137      Fe 2                9384.77A   -5.961    0.0011      Blnd                2141.00A   -4.600    0.0250
C  1                1561.37A   -5.599    0.0025      Fe 2                4825.73A   -5.276    0.0053      Blnd                6300.00A   -1.960   10.9038
C  1                1561.44A   -4.573    0.0266      Fe 2                4903.85A   -5.770    0.0017      Blnd                2471.00A   -4.569    0.0269
C  1                1656.27A   -4.335    0.0460      Fe 2                5171.63A   -5.578    0.0026      Blnd                7323.00A   -4.736    0.0183
C  1                1656.93A   -4.815    0.0152      Fe 2                5169.03A   -4.553    0.0279      Blnd                7332.00A   -4.818    0.0151
C  1                1657.01A   -4.216    0.0606      Fe 3                22.9190m   -5.002    0.0099      Blnd                3727.00A   -2.805    1.5576
C  1                1657.38A   -4.840    0.0144      Fe 3                4985.87A   -4.733    0.0184      Blnd                7325.00A   -4.474    0.0334

                                                    Emergent line intensities
general properties.............................      Fe 2                1.64355m   -2.155    6.9856      P  2                7875.99A   -4.907    0.0124
continua.......................................      Fe 2                1.53348m   -3.243    0.5702      S  1                1820.34A   -5.947    0.0011
FIR                 83.0000m   -2.127    7.4581      Fe 2                8616.95A   -3.453    0.3517      S  1                25.2421m   -4.539    0.0289
TIR                 1800.00m   -4.819    0.0151      Fe 2                7155.17A   -3.545    0.2848      S  1                56.2957m   -5.498    0.0032
NIRa                2.85000m   -1.114   76.8606      Fe 2                6896.17A   -5.042    0.0091      S  2                6730.82A   -2.104    7.8511
NIRb                3.00000m   -1.793   16.0853      Fe 2                5413.37A   -5.400    0.0040      S  2                6716.44A   -1.954   11.1096
MIRa                15.0000m   -1.988   10.2667      Fe 2                5280.27A   -5.992    0.0010      S  2                4076.35A   -3.547    0.2834
MIRb                22.5000m   -1.650   22.3568      Fe 2                5273.36A   -3.522    0.2999      S  2                4068.60A   -3.056    0.8785
NMIR                21.7500m   -1.114   76.8606      Fe 2                5158.79A   -2.906    1.2408      S  2                1.03364m   -3.686    0.2058
TFIR                611.250m   -2.834    1.4640      Fe 2                5111.64A   -3.816    0.1526      S  2                1.02867m   -3.682    0.2075
TALL                10000.0A   -0.172  671.7117      Fe 2                5072.41A   -3.557    0.2766      S  2                1.03705m   -4.008    0.0981
F12                 12.0000m   -3.817    0.1522      Fe 2                5039.10A   -4.992    0.0102      S  2                1.03205m   -3.549    0.2823
F25                 25.0000m   -2.580    2.6256      Fe 2                4814.54A   -3.846    0.1422      S  2                1259.52A   -4.782    0.0165
F60                 60.0000m   -2.225    5.9504      Fe 2                4774.73A   -4.289    0.0514      S  2                1253.81A   -4.855    0.0140
F100                100.000m   -4.511    0.0308      Fe 2                4745.49A   -5.339    0.0046      S  2                1250.58A   -5.179    0.0066
MIPS                24.0000m   -2.581    2.6224      Fe 2                4243.97A   -3.188    0.6479      Si 2                34.8046m   -2.043    9.0412
MIPS                70.0000m   -2.241    5.7366      Fe 2                4177.20A   -4.272    0.0533      Si 2                2334.41A   -3.663    0.2170
MIPS                160.000m   -2.881    1.3139      Fe 2                4146.65A   -5.844    0.0014      Si 2                2328.52A   -4.267    0.0540
IRAC                3.60000m   -4.354    0.0442      Fe 2                3387.09A   -4.627    0.0236      Si 2                1808.01A   -3.598    0.2520
IRAC                4.50000m   -3.663    0.2168      Fe 2                3376.20A   -3.826    0.1491      Si 2                1526.71A   -5.595    0.0025
IRAC                5.80000m   -2.085    8.2120      Fe 2                2732.45A   -4.389    0.0408      Si 2                1260.42A   -5.707    0.0020
IRAC                8.00000m   -3.091    0.8089      Fe 2                2493.30A   -2.408    3.9008      Si 2                2350.17A   -3.514    0.3054
SPR2                350.000m   -3.953    0.1113      Fe 2                2484.20A   -4.860    0.0138      Si 2                2344.20A   -3.118    0.7611
PAC1                70.0000m   -2.236    5.7915      Fe 2                2360.00A   -5.408    0.0039      Si 2                2334.60A   -3.212    0.6134
PAC2                100.000m   -4.234    0.0583      Fe 2                2348.12A   -5.619    0.0024      Si 2                1817.45A   -3.436    0.3658
PAC3                160.000m   -2.881    1.3143      Fe 2                24.5126m   -3.729    0.1865      Si 2                1816.93A   -3.122    0.7531
PAH                 3.30000m   -5.135    0.0073      Fe 2                1.80940m   -2.756    1.7518      Si 2                1533.43A   -3.811    0.1543
PAHC                3.23000m   -5.412    0.0039      Fe 2                1.67688m   -3.668    0.2143      Si 2                1309.28A   -4.480    0.0331
PAHC                3.37000m   -5.486    0.0033      Fe 2                1.59948m   -3.584    0.2599      Si 2                1265.00A   -4.185    0.0652
PAH                 6.20000m   -5.262    0.0055      Fe 2                9051.95A   -3.294    0.5067      Si 2                1264.74A   -4.649    0.0224
PAHC                5.65000m   -4.724    0.0189      Fe 2                8891.93A   -3.723    0.1888      Si 2                1197.39A   -4.563    0.0273
PAH                 7.90000m   -5.019    0.0096      Fe 2                7452.56A   -4.037    0.0917      Si 2                1194.50A   -4.766    0.0171
PAHC                6.90000m   -3.098    0.7966      Fe 2                7172.00A   -3.998    0.1003      Si 2                3862.60A   -5.862    0.0014
PAH                 11.3000m   -5.913    0.0012      Fe 2                6275.53A   -5.905    0.0012      Si 2                3856.02A   -5.832    0.0015
PAHC                10.9000m   -4.832    0.0147      Fe 2                5527.36A   -4.471    0.0337      Si 2                6371.37A   -5.780    0.0017
PAH                 11.8000m   -5.896    0.0013      Fe 2                5433.15A   -4.036    0.0919      Si 2                6347.11A   -5.699    0.0020
PAHC                12.6500m   -4.615    0.0242      Fe 2                5261.63A   -3.289    0.5132      Si 3                1892.03A   -5.709    0.0019
PAH                 13.3000m   -5.931    0.0012      Fe 2                5220.08A   -4.561    0.0275      Si 3                1882.71A   -5.530    0.0029
PAHC                14.1000m   -4.400    0.0398      Fe 2                5184.80A   -4.456    0.0349      Zn 2                2062.00A   -5.602    0.0025
Bcon                3640.00A   -0.287  515.1464      Fe 2                5158.01A   -4.394    0.0403      Zn 2                2025.48A   -5.370    0.0043
Pcon                5000.00A   -1.069   85.2569      Fe 2                4947.39A   -3.790    0.1618      Al 2                2669.15A   -3.351    0.4454
O3bn                5007.00A   -2.932    1.1669      Fe 2                4905.35A   -4.144    0.0717      Al 2                2660.35A   -3.173    0.6709
RRC............................................      Fe 2                4874.50A   -4.186    0.0651      Al 2                1670.79A   -3.607    0.2470
grains.........................................      Fe 2                4852.74A   -5.542    0.0029      Ca 2                7323.89A   -2.377    4.1877
H-like iso-sequence............................      Fe 2                4346.86A   -3.815    0.1528      Ca 2                7291.47A   -2.209    6.1634
H  1                1215.67A   -0.518  302.8709      Fe 2                4276.84A   -3.734    0.1843      Ca 2                3968.47A   -4.433    0.0368
H  1                6562.80A   -2.303    4.9663      Fe 2                4244.82A   -4.542    0.0287      Ca 2                8662.14A   -2.993    1.0146
H  1                4861.32A   -2.999    1.0000      Fe 2                4211.11A   -5.998    0.0010      Ca 2                3933.66A   -4.402    0.0396
H  1                4340.46A   -3.356    0.4397      Fe 2                3455.11A   -4.732    0.0185      Ca 2                8498.02A   -3.684    0.2069
H  1                4101.73A   -4.615    0.0242      Fe 2                3452.31A   -4.422    0.0378      Ca 2                8542.09A   -2.737    1.8294
H  1                3970.07A   -4.858    0.0139      Fe 2                3440.99A   -4.305    0.0495      Ca 2                3706.02A   -5.100    0.0079
H  1                3889.05A   -5.058    0.0087      Fe 2                2774.73A   -5.602    0.0025      Ca 2                3736.90A   -4.803    0.0157
H  1                3835.38A   -5.228    0.0059      Fe 2                2759.34A   -5.881    0.0013      Ca 2                3158.87A   -5.069    0.0085
H  1                3797.90A   -5.377    0.0042      Fe 2                2485.07A   -5.939    0.0011      Ca 2                3181.27A   -5.774    0.0017
H  1                3770.63A   -5.288    0.0051      Fe 2                2391.48A   -5.220    0.0060      Ca 2                3179.33A   -4.820    0.0151
H  1                3750.15A   -5.400    0.0040      Fe 2                2379.28A   -5.782    0.0016      Ca 2                1838.01A   -5.901    0.0013
H  1                3734.37A   -5.501    0.0031      Fe 2                2362.02A   -4.859    0.0138      Ca 2                1840.03A   -5.745    0.0018
H  1                3721.94A   -5.595    0.0025      Fe 2                35.7675m   -4.513    0.0307      Cl 2                14.3639m   -4.411    0.0387
H  1                3711.97A   -5.680    0.0021      Fe 2                1.95361m   -3.667    0.2150      Cl 2                33.2721m   -5.496    0.0032
H  1                3703.85A   -5.760    0.0017      Fe 2                1.80002m   -3.684    0.2067      Cl 2                8578.70A   -3.986    0.1031
H  1                3697.15A   -5.833    0.0015      Fe 2                1.71113m   -4.262    0.0546      Cl 2                9123.60A   -4.571    0.0268
H  1                3691.55A   -5.900    0.0013      Fe 2                1.66377m   -3.884    0.1304      Cl 2                3677.85A   -5.738    0.0018
H  1                3686.83A   -5.961    0.0011      Fe 2                9399.04A   -3.717    0.1917      Cl 2                6161.84A   -5.693    0.0020
H  1                1.87510m   -3.752    0.1769      Fe 2                9226.63A   -3.667    0.2151      Mg 2                2802.71A   -1.885   12.9965
H  1                1.28181m   -4.045    0.0899      Fe 2                9033.49A   -4.683    0.0207      Mg 2                2795.53A   -1.588   25.7618
H  1                1.09381m   -5.055    0.0088      Fe 2                7388.17A   -4.118    0.0761      Mg 2                2936.52A   -4.467    0.0340
H  1                1.00494m   -5.308    0.0049      Fe 2                6440.41A   -5.020    0.0095      Mg 2                2928.64A   -4.769    0.0170
H  1                9545.97A   -5.514    0.0031      Fe 2                5654.87A   -5.431    0.0037      Mg 2                2797.93A   -5.185    0.0065
H  1                9229.02A   -5.688    0.0020      Fe 2                5556.31A   -4.705    0.0197      Mg 2                2790.77A   -4.483    0.0329
H  1                9014.91A   -5.839    0.0014      Fe 2                5412.67A   -5.210    0.0062      Mg 2                2798.00A   -4.229    0.0589
H  1                8862.79A   -5.804    0.0016      Fe 2                5333.66A   -3.572    0.2672      Mg 2                9218.22A   -5.908    0.0012
H  1                8750.48A   -5.915    0.0012      Fe 2                5296.84A   -4.856    0.0139      N  2                205.283m   -4.645    0.0226
H  1                4.05115m   -4.571    0.0268      Fe 2                5268.89A   -4.564    0.0273      N  2                121.769m   -4.558    0.0276
H  1                2.62515m   -5.304    0.0050      Fe 2                5107.96A   -5.461    0.0035      N  2                6548.05A   -3.681    0.2082
H  1                2.16553m   -5.585    0.0026      Fe 2                5049.30A   -3.964    0.1085      N  2                6583.45A   -3.211    0.6137
H  1                1.94456m   -5.805    0.0016      Fe 2                5005.52A   -4.020    0.0954      N  2                5754.59A   -4.866    0.0136
H  1                1.81741m   -5.987    0.0010      Fe 2                4973.40A   -4.287    0.0516      N  2                2139.01A   -5.140    0.0072
H  1                7.45782m   -5.431    0.0037      Fe 2                4950.76A   -4.628    0.0235      N  2                2142.77A   -4.749    0.0178
H  1                4.65251m   -5.772    0.0017      Fe 2                4352.79A   -4.050    0.0891      Ni 2                1.19102m   -3.071    0.8475
H  1                12.3685m   -5.879    0.0013      Fe 2                4319.62A   -4.312    0.0487      Ni 2                6.63416m   -3.724    0.1886
He-like iso-sequence...........................      Fe 2                4305.90A   -5.106    0.0078      Ni 2                1.07151m   -4.559    0.0276
extra Lyman....................................      Fe 2                3504.51A   -5.034    0.0092      Ni 2                10.6793m   -4.194    0.0638
database lines.................................      Fe 2                3504.02A   -4.892    0.0128      Ni 2                1.16130m   -5.132    0.0074
Ar 2                6.98337m   -5.188    0.0065      Fe 2                3501.63A   -4.457    0.0349      Ni 2                12.7253m   -4.667    0.0215
C  1                1560.31A   -5.140    0.0072      Fe 2                3489.99A   -5.133    0.0074      Ni 2                9882.95A   -5.881    0.0013
C  1                1560.68A   -5.060    0.0087      Fe 2                2385.01A   -5.585    0.0026      Ni 2                1.09177m   -5.419    0.0038
C  1                1560.71A   -5.399    0.0040      Fe 2                2.06648m   -5.060    0.0087      Ni 2                18.2355m   -5.384    0.0041
C  1                1561.34A   -4.863    0.0137      Fe 2                1.89541m   -4.420    0.0380      Ni 2                7377.83A   -3.617    0.2410
C  1                1561.37A   -5.601    0.0025      Fe 2                1.79711m   -3.915    0.1213      Ni 2                8300.99A   -4.913    0.0122
C  1                1561.44A   -4.575    0.0266      Fe 2                1.74494m   -4.207    0.0621      Ni 2                1.93877m   -4.323    0.0474
C  1                1656.27A   -4.335    0.0461      Fe 2                9652.70A   -4.565    0.0272      Ni 2                2.36883m   -5.610    0.0024
C  1                1656.93A   -4.815    0.0153      Fe 2                9470.94A   -4.057    0.0875      Ni 2                2.91064m   -5.279    0.0053
C  1                1657.01A   -4.216    0.0607      Fe 2                9267.56A   -4.380    0.0416      Ni 2                6666.80A   -4.558    0.0276
C  1                1657.38A   -4.840    0.0144      Fe 2                6558.51A   -5.234    0.0058      Ni 2                7411.61A   -4.339    0.0457
C  1                1657.91A   -4.602    0.0249      Fe 2                5745.71A   -5.802    0.0016      Ni 2                2.30794m   -5.517    0.0030
C  1                1658.12A   -4.780    0.0166      Fe 2                5643.98A   -5.678    0.0021      Ni 2                6.91767m   -5.816    0.0015
C  1                1930.90A   -5.791    0.0016      Fe 2                5495.84A   -5.486    0.0033      Ni 2                4326.24A   -4.429    0.0372
C  1                1993.62A   -4.773    0.0168      Fe 2                5376.47A   -3.967    0.1078      Ni 2                4628.05A   -4.851    0.0141
C  1                8727.13A   -5.696    0.0020      Fe 2                5347.66A   -5.069    0.0085      Ni 2                6794.20A   -5.908    0.0012
C  1                9824.13A   -2.314    4.8429      Fe 2                5181.96A   -5.307    0.0049      Ni 2                7255.82A   -4.784    0.0164
C  1                9850.26A   -1.839   14.4683      Fe 2                5076.57A   -4.624    0.0237      Ni 2                7694.56A   -5.855    0.0014
C  1                370.269m   -3.954    0.1111      Fe 2                5043.53A   -4.493    0.0321      Ni 2                1.04597m   -5.268    0.0054
C  1                609.590m   -4.838    0.0145      Fe 2                5020.25A   -4.605    0.0248      Ni 2                1.23230m   -5.295    0.0051
C  2                1334.53A   -4.721    0.0190      Fe 2                4372.43A   -4.586    0.0259      Ni 2                4201.17A   -4.630    0.0234
C  2                1335.66A   -4.104    0.0785      Fe 2                4358.37A   -4.789    0.0162      Ni 2                4485.21A   -5.082    0.0083
C  2                1335.71A   -4.028    0.0935      Fe 2                3539.19A   -4.739    0.0182      Ni 2                7307.65A   -4.978    0.0105
C  2                2323.50A   -3.949    0.1123      Fe 2                3538.69A   -5.033    0.0093      Ni 2                7612.72A   -5.306    0.0049
C  2                2324.69A   -3.673    0.2119      Fe 2                3536.25A   -5.160    0.0069      Ni 2                1.13597m   -5.989    0.0010
C  2                2325.40A   -3.046    0.8975      Fe 2                7764.71A   -5.391    0.0041      Ni 2                4285.31A   -5.848    0.0014
C  2                2326.93A   -3.167    0.6797      Fe 2                7336.73A   -5.675    0.0021      Ni 2                6791.48A   -5.563    0.0027
C  2                2328.12A   -3.620    0.2397      Fe 2                6809.24A   -5.637    0.0023      Ni 2                7054.20A   -5.468    0.0034
C  2                157.636m   -3.106    0.7815      Fe 2                6729.87A   -5.920    0.0012      Ni 2                4033.04A   -4.894    0.0127
Ca 1                4226.73A   -5.978    0.0011      Fe 2                5163.96A   -5.470    0.0034      Ni 2                4294.09A   -5.015    0.0096
Co 2                10.5199m   -5.065    0.0086      Fe 2                3277.35A   -4.491    0.0322      Ni 2                6813.57A   -5.037    0.0092
Co 2                15.4548m   -5.938    0.0012      Fe 2                3255.89A   -5.631    0.0023      Ni 2                7078.04A   -5.586    0.0026
Co 2                2.98382m   -4.582    0.0261      Fe 2                2926.59A   -4.638    0.0230      Ni 2                3993.06A   -4.510    0.0308
Co 2                14.7345m   -5.502    0.0031      Fe 2                2880.76A   -5.213    0.0061      Ni 2                4248.80A   -4.985    0.0103
Co 2                1.01879m   -5.050    0.0089      Fe 2                2755.74A   -3.762    0.1726      Ni 2                6365.10A   -4.985    0.0103
Co 2                1.54700m   -5.294    0.0051      Fe 2                2739.55A   -4.333    0.0464      Ni 2                8703.87A   -5.440    0.0036
Co 2                1.02452m   -5.975    0.0011      Fe 2                2716.70A   -4.692    0.0203      Ni 2                9956.63A   -5.666    0.0022
Co 2                9342.40A   -5.327    0.0047      Fe 2                1.00287m   -5.395    0.0040      Ni 2                3438.88A   -4.673    0.0212
Co 2                9943.48A   -5.674    0.0021      Fe 2                8037.28A   -5.909    0.0012      Ni 2                3626.89A   -4.981    0.0104
Co 2                7539.01A   -5.964    0.0011      Fe 2                6872.19A   -5.830    0.0015      Ni 2                3378.16A   -5.283    0.0052
Co 2                8121.00A   -5.677    0.0021      Fe 2                5746.98A   -5.598    0.0025      Ni 2                3559.41A   -5.262    0.0055
Cr 2                8000.08A   -4.160    0.0690      Fe 2                4347.36A   -5.912    0.0012      level 1 lines..................................
Cr 2                8125.30A   -4.236    0.0580      Fe 2                4329.43A   -5.255    0.0056      recombination..................................
Cr 2                8229.67A   -4.333    0.0464      Fe 2                2953.77A   -5.904    0.0012      level2 lines...................................
Cr 2                8308.49A   -4.521    0.0301      Fe 2                2772.73A   -4.383    0.0413      C  1                1247.50A   -5.162    0.0069
Cr 2                8357.64A   -4.821    0.0151      Fe 2                2749.32A   -4.649    0.0224      C  1                1314.77A   -5.119    0.0076
Fe 1                24.0358m   -5.796    0.0016      Fe 2                2.04602m   -5.338    0.0046      C  1                1165.98A   -5.959    0.0011
Fe 2                25.9813m   -2.620    2.3956      Fe 2                1.41956m   -5.844    0.0014      C  1                1233.29A   -5.674    0.0021
Fe 2                5.33871m   -2.086    8.1826      Fe 2                1.23314m   -5.666    0.0022      C  1                1250.68A   -5.830    0.0015
Fe 2                4.11387m   -4.428    0.0373      Fe 2                1.09108m   -5.573    0.0027      Si 2                1179.59A   -5.055    0.0088
Fe 2                1.25668m   -3.334    0.4625      Fe 2                5588.16A   -5.471    0.0034      Sc 2                3627.22A   -5.152    0.0070
Fe 2                4704.22A   -5.931    0.0012      Fe 2                5580.82A   -4.905    0.0124      Sc 2                3575.45A   -5.268    0.0054
Fe 2                4632.28A   -4.138    0.0727      Fe 2                5551.32A   -4.619    0.0240      Sc 2                3368.13A   -5.808    0.0016
Fe 2                4604.48A   -5.921    0.0012      Fe 2                3227.74A   -5.937    0.0012      Ti 2                3364.74A   -3.535    0.2911
Fe 2                4416.27A   -4.104    0.0785      Fe 2                3196.07A   -5.685    0.0021      Ti 2                3237.15A   -3.763    0.1724
Fe 2                4382.74A   -5.076    0.0084      Fe 2                2.13278m   -5.594    0.0025      Ti 2                1904.17A   -5.382    0.0041
Fe 2                4287.39A   -3.140    0.7237      Fe 2                1.09413m   -5.773    0.0017      Ti 2                1907.36A   -5.138    0.0073
Fe 2                3175.38A   -4.855    0.0139      Fe 2                1.07890m   -5.868    0.0014      V  2                2710.94A   -5.753    0.0018
Fe 2                2599.40A   -5.260    0.0055      Fe 2                5650.95A   -5.450    0.0035      V  2                2684.22A   -5.520    0.0030
Fe 2                2382.04A   -3.636    0.2310      Fe 2                5649.67A   -5.424    0.0038      V  2                2139.33A   -5.988    0.0010
Fe 2                35.3391m   -3.277    0.5276      Fe 2                5613.27A   -4.835    0.0146      Cr 2                2059.78A   -3.944    0.1136
Fe 2                6.71944m   -3.226    0.5932      Fe 2                2.24366m   -5.932    0.0012      Mn 2                1198.85A   -5.934    0.0012
Fe 2                4.88781m   -4.091    0.0809      Fe 2                2.00672m   -5.287    0.0052      Co 2                2060.90A   -5.372    0.0042
Fe 2                4.07521m   -4.888    0.0129      Fe 2                5725.92A   -5.721    0.0019      Co 2                2018.80A   -5.395    0.0040
Fe 2                1.32055m   -3.830    0.1475      Fe 2                5718.22A   -5.173    0.0067      Co 2                1949.74A   -5.451    0.0035
Fe 2                1.24854m   -4.827    0.0149      Fe 2                2.22379m   -4.637    0.0230      Co 2                1575.91A   -5.818    0.0015
Fe 2                7637.52A   -4.043    0.0905      Fe 2                2.01513m   -5.013    0.0097      Co 2                1470.18A   -5.855    0.0014
Fe 2                4889.62A   -4.008    0.0980      Fe 2                9682.08A   -5.326    0.0047      Ni 2                1751.83A   -4.869    0.0135
Fe 2                4716.37A   -5.016    0.0096      Fe 2                8715.81A   -5.919    0.0012      Ni 2                1744.24A   -4.674    0.0212
Fe 2                4687.56A   -5.219    0.0060      Fe 2                6873.84A   -5.591    0.0026      Ni 2                1484.97A   -5.859    0.0014
Fe 2                4492.64A   -4.974    0.0106      Fe 2                6188.55A   -5.671    0.0021      Ni 2                1472.74A   -5.562    0.0027
Fe 2                4457.95A   -4.374    0.0422      Fe 2                5870.02A   -5.984    0.0010      Ni 2                1400.37A   -5.829    0.0015
Fe 2                4432.45A   -5.167    0.0068      Fe 2                4898.61A   -5.813    0.0015      Ni 2                1375.73A   -5.483    0.0033
Fe 2                4359.33A   -3.270    0.5357      Fe 2                2.25348m   -5.531    0.0029      Ni 2                1324.11A   -5.564    0.0027
Fe 2                3224.54A   -5.955    0.0011      Fe 2                1.71482m   -5.932    0.0012      hyperfine structure............................
Fe 2                3214.67A   -5.369    0.0043      Fe 2                9384.77A   -5.963    0.0011      inner shell....................................
Fe 2                2625.67A   -2.263    5.4425      Fe 2                4825.73A   -5.278    0.0053      molecules......................................
Fe 2                2611.87A   -3.202    0.6271      Fe 2                4903.85A   -5.771    0.0017      bands..........................................
Fe 2                2598.37A   -4.461    0.0345      Fe 2                5171.63A   -5.579    0.0026      Fe 2b               2500.00A   -1.863   13.6844
Fe 2                2395.63A   -3.258    0.5511      Fe 2                5169.03A   -4.554    0.0279      Fe 2b               5000.00A   -2.103    7.8676
Fe 2                2388.63A   -4.402    0.0396      Fe 3                22.9190m   -5.002    0.0099      Fe 2b               7000.00A   -3.106    0.7828
Fe 2                2383.06A   -5.776    0.0017      Fe 3                4985.87A   -4.735    0.0184      Fe 2b               10000.0A   -1.882   13.0865
Fe 2                2364.83A   -3.535    0.2910      Fe 3                4881.00A   -5.592    0.0026      Fe 2b               2355.00A   -2.662    2.1754
Fe 2                2332.80A   -4.855    0.0139      Fe 3                4658.05A   -5.006    0.0099      Fe 2b               2430.00A   -1.875   13.3063
Fe 2                51.2868m   -3.814    0.1531      Fe 3                3322.54A   -5.692    0.0020      Fe 2b               2445.00A   -1.875   13.3061
Fe 2                5.67236m   -4.903    0.0125      Fe 3                3239.74A   -5.850    0.0014      Fe 2b               2495.00A   -2.406    3.9167
Fe 2                4.60641m   -4.688    0.0205      Fe 3                33.0270m   -5.545    0.0028      Fe 2b               2610.00A   -2.141    7.2119
Fe 2                4.08085m   -5.418    0.0038      Fe 3                5270.40A   -5.191    0.0064      Fe 2b               2695.00A   -4.691    0.0203
Fe 2                1.37181m   -4.074    0.0842      Fe 3                4754.69A   -5.731    0.0019      Fe 2b               2758.00A   -3.484    0.3273
Fe 2                1.29427m   -4.613    0.0243      Fe 3                4701.53A   -5.554    0.0028      Fe 2b               2780.00A   -3.450    0.3540
Fe 2                7806.23A   -5.815    0.0015      Fe 3                3371.41A   -5.826    0.0015      Fe 2b               2935.00A   -4.511    0.0308
Fe 2                7686.93A   -4.124    0.0750      Fe 3                5011.26A   -5.861    0.0014      Fe 2b               2960.00A   -4.607    0.0247
Fe 2                4958.23A   -5.859    0.0014      Mg 1                2025.82A   -5.789    0.0016      Fe 2b               3180.00A   -4.155    0.0699
Fe 2                4750.57A   -5.850    0.0014      Mg 1                2852.13A   -3.352    0.4440      Fe 2b               3250.00A   -3.614    0.2426
Fe 2                4728.07A   -4.638    0.0230      Mg 1                3838.29A   -5.880    0.0013      Fe 2b               3590.00A   -3.687    0.2053
Fe 2                4514.90A   -5.000    0.0100      Mg 1                4562.60A   -3.300    0.5000      Fe 2b               3910.00A   -5.713    0.0019
Fe 2                4488.75A   -4.718    0.0191      Mg 1                4571.10A   -3.736    0.1834      Fe 2b               4255.00A   -2.523    2.9947
Fe 2                4470.30A   -5.917    0.0012      Mg 1                4575.29A   -4.651    0.0223      Fe 2b               4558.00A   -3.268    0.5387
Fe 2                4413.78A   -3.422    0.3782      Mg 1                5167.32A   -5.619    0.0024      Fe 2b               4600.00A   -3.239    0.5761
Fe 2                3254.24A   -5.432    0.0037      Mg 1                5172.68A   -5.143    0.0072      Fe 2b               4743.00A   -3.991    0.1019
Fe 2                3244.18A   -5.723    0.0019      Mg 1                5183.60A   -4.927    0.0118      Fe 2b               4855.00A   -3.409    0.3889
Fe 2                2631.32A   -3.011    0.9729      Mg 1                8806.76A   -5.157    0.0070      Fe 2b               4920.00A   -2.897    1.2650
Fe 2                2617.62A   -4.417    0.0382      Mg 1                1.18282m   -5.327    0.0047      Fe 2b               4975.00A   -3.423    0.3768
Fe 2                2607.09A   -4.522    0.0300      Mg 1                1.71087m   -5.812    0.0015      Fe 2b               4971.00A   -3.467    0.3408
Fe 2                2404.89A   -4.128    0.0743      Mn 2                2576.10A   -4.337    0.0460      Fe 2b               5070.00A   -3.354    0.4419
Fe 2                2399.24A   -4.959    0.0110      Mn 2                2593.72A   -4.433    0.0369      Fe 2b               5143.00A   -2.820    1.5110
Fe 2                2395.42A   -5.598    0.0025      Mn 2                2605.68A   -4.574    0.0266      Fe 2b               5270.00A   -2.540    2.8823
Fe 2                2380.76A   -3.068    0.8542      N  1                1134.41A   -5.753    0.0018      Fe 2b               5318.00A   -2.862    1.3713
Fe 2                2348.30A   -4.694    0.0202      N  1                1134.98A   -5.574    0.0027      Fe 2b               5540.00A   -3.947    0.1129
Fe 2                2327.40A   -5.178    0.0066      N  1                1199.55A   -5.335    0.0046      Fe 2b               5865.00A   -4.504    0.0313
Fe 2                87.3597m   -4.528    0.0296      N  1                1200.22A   -5.512    0.0031      Fe 2b               6265.00A   -5.292    0.0051
Fe 2                5.06097m   -5.346    0.0045      N  1                1200.71A   -5.816    0.0015      Fe 2b               6565.00A   -4.771    0.0169
Fe 2                4.43363m   -5.248    0.0056      N  1                3466.50A   -4.377    0.0419      Fe 2b               6910.00A   -4.706    0.0196
Fe 2                1.32777m   -4.796    0.0160      N  1                3466.54A   -5.053    0.0088      Fe 2b               7445.00A   -3.130    0.7398
Fe 2                1.27877m   -4.862    0.0137      N  1                5197.90A   -2.560    2.7487      Fe 2b               8625.00A   -2.813    1.5341
Fe 2                1.25214m   -5.905    0.0012      N  1                5200.26A   -2.396    4.0109      Fe 2b               1.03250m   -3.856    0.1391
Fe 2                7803.89A   -5.821    0.0015      N  1                1.03977m   -3.883    0.1308      Fe 2b               1.88900m   -2.605    2.4799
Fe 2                7665.28A   -5.015    0.0096      N  1                1.03982m   -4.408    0.0390      Fe 2b               2.20000m   -4.525    0.0298
Fe 2                5006.63A   -5.159    0.0069      N  1                1.04072m   -4.231    0.0587      miscellaneous..................................
Fe 2                4772.06A   -5.954    0.0011      N  1                1.04076m   -4.221    0.0600      Blnd                8446.00A   -5.824    0.0015
Fe 2                4639.67A   -5.599    0.0025      O  1                1304.86A   -4.513    0.0306      Blnd                1304.00A   -4.361    0.0435
Fe 2                4528.39A   -5.247    0.0057      O  1                1306.03A   -4.901    0.0125      Blnd                2798.00A   -1.411   38.7583
Fe 2                4509.61A   -5.590    0.0026      O  1                1355.60A   -4.630    0.0234      Blnd                6720.00A   -1.721   18.9607
Fe 2                4452.10A   -3.614    0.2428      O  1                1358.51A   -5.039    0.0091      Blnd                4074.00A   -2.934    1.1619
Fe 2                3277.55A   -5.655    0.0022      O  1                2972.29A   -4.487    0.0325      Blnd                1.03300m   -3.044    0.9030
Fe 2                3275.02A   -5.732    0.0018      O  1                5577.34A   -3.538    0.2890      Blnd                1256.00A   -4.430    0.0371
Fe 2                2631.05A   -4.371    0.0425      O  1                6300.30A   -2.082    8.2568      Blnd                2665.00A   -2.951    1.1163
Fe 2                2620.41A   -5.814    0.0015      O  1                6363.78A   -2.578    2.6376      Blnd                2335.00A   -2.709    1.9510
Fe 2                2613.82A   -5.142    0.0072      O  1                6391.73A   -5.906    0.0012      Blnd                1888.00A   -5.309    0.0049
Fe 2                2410.52A   -5.049    0.0089      O  1                63.1679m   -2.241    5.7335      Blnd                8579.00A   -2.515    3.0508
Fe 2                2406.66A   -5.204    0.0062      O  1                145.495m   -3.275    0.5300      Blnd                7306.00A   -1.984   10.3510
Fe 2                2404.43A   -5.605    0.0025      O  2                2470.22A   -5.245    0.0057      Blnd                3933.00A   -4.116    0.0764
Fe 2                2359.11A   -4.928    0.0118      O  2                2470.34A   -4.672    0.0212      Blnd                1657.00A   -3.749    0.1781
Fe 2                2338.01A   -5.104    0.0079      O  2                7318.92A   -5.329    0.0047      Blnd                9850.00A   -1.713   19.3112
Fe 2                4.67067m   -5.873    0.0013      O  2                7319.99A   -4.867    0.0136      Blnd                2326.00A   -2.669    2.1410
Fe 2                1.29777m   -5.193    0.0064      O  2                7329.67A   -5.107    0.0078      Blnd                1335.00A   -3.718    0.1910
Fe 2                1.27034m   -5.067    0.0085      O  2                7330.73A   -5.136    0.0073      Blnd                3467.00A   -4.294    0.0507
Fe 2                7874.24A   -5.175    0.0067      O  2                3728.81A   -3.032    0.9276      Blnd                5199.00A   -2.169    6.7596
Fe 2                7733.14A   -5.662    0.0022      O  2                3726.03A   -3.199    0.6312      Blnd                1.04030m   -3.539    0.2885
Fe 2                4798.28A   -5.504    0.0031      P  2                60.6263m   -4.261    0.0548      Blnd                2141.00A   -4.601    0.0250
Fe 2                4474.90A   -3.926    0.1183      P  2                32.8620m   -4.288    0.0514      Blnd                6300.00A   -1.962   10.8956
Fe 2                3289.46A   -5.820    0.0015      P  2                1.14682m   -4.125    0.0749      Blnd                2471.00A   -4.569    0.0269
Fe 2                2628.29A   -5.004    0.0099      P  2                4669.25A   -5.655    0.0022      Blnd                7323.00A   -4.738    0.0182
Fe 2                2621.67A   -5.628    0.0024      P  2                2195.57A   -5.692    0.0020      Blnd                7332.00A   -4.820    0.0151
Fe 2                2413.31A   -5.563    0.0027      P  2                1536.42A   -5.931    0.0012      Blnd                3727.00A   -2.807    1.5587
Fe 2                2411.07A   -5.543    0.0029      P  2                1535.92A   -5.901    0.0013      Blnd                7325.00A   -4.476    0.0333
Fe 2                2344.28A   -5.379    0.0042      P  2                1.18828m   -3.701    0.1986
Fe 2                17.9311m   -3.054    0.8824      P  2                2210.34A   -5.239    0.0058



 IC443 NE diffuse shock -- v shock=65 km/s, T obs=12000K (upper end test)  
 Cooling:  H  1c                     0 :0.711 Fe 2c                     0 :0.073 Mg 2c                     0 :0.058  
 Heating:  TotM                      0 :0.066 CT H                      0 :0.083 H- H                      0 :0.836  

 These are some of the most important databases used by Cloudy:
 Many recombination coefficients were taken from http://amdpp.phys.strath.ac.uk/tamoc/RR/ and http://amdpp.phys.strath.ac.uk/tamoc/DR/
      and are based on the following papers:
        Badnell N. R., et al., A&A 406, 1151 (2003) [http://adsabs.harvard.edu/abs/2003A%26A...406.1151B]
        Badnell N. R., ApJS 167, 334 (2006) [http://adsabs.harvard.edu/abs/2006ApJS..167..334B]
 Much of the molecular emission data is from LAMDA as accessed on June 30, 2015. This database is described in:
        Schoeier F.L., et al., A&A 432, 369 (2005) [http://adsabs.harvard.edu/abs/2005A%26A...432..369S]
      This database is in part based on the work of the following groups:
        JPL: Pickett H. M. et al., JQSRT, 60, 883 (1998). [http://adsabs.harvard.edu/abs/1998JQSRT..60..883P]
        CDMS: Mueller H. S. et al., A&A 370, L49 (2001). [http://adsabs.harvard.edu/abs/2001A%26A...370L..49M]
              Mueller H. S. et al., J. Mol. Struct. 742, 215 (2005). [http://adsabs.harvard.edu/abs/2005JMoSt.742..215M]
 Some of the ionic emission data is from version 10.0.1 of CHIANTI. CHIANTI is a collaborative project involving the NRL (USA), the
      Universities of Florence (Italy) and Cambridge (UK), and George Mason University (USA). These papers describe Chianti:
        Dere K. P., et al., A&AS, 125, 149 (1997) [http://adsabs.harvard.edu/abs/1997A%26AS..125..149D]
        Landi E., et al., ApJ, 744, 99 (2012) [http://adsabs.harvard.edu/abs/2012ApJ...744...99L]
 Much of the H_2 data is from this web site: http://molat.obspm.fr/index.php?page=pages/Molecules/H2/H2can94.php. These data are
      described in:
        Abgrall H. et al., Can. J. Phys., 72, 856 (1994) [http://adsabs.harvard.edu/abs/1994CaJPh..72..856A]
        Wrathmall S. A. & Flower D. R., J. Phys. B, 40, 3221 (2007) [http://adsabs.harvard.edu/abs/2007JPhB...40.3221W]
 The Case A and Case B recombination predictions for one-electron systems are from
	Storey, P.J. & Hummer, D.G., 1995, MNRAS 272, 41 http://adsabs.harvard.edu/abs/1995MNRAS.272...41S
 The He I recombination predictions are from
	Porter, R. L.; Ferland, G. J.; Storey, P. J.; Detisch, M. J., 2012, MNRAS, 425, 28p http://adsabs.harvard.edu/abs/2012MNRAS.425L..28P
		http://adsabs.harvard.edu/abs/2013MNRAS.433L..89P

 If you find some process or data set to be particularly critical to a result, please follow the trail of references back to the
 original source and cite that.  This will support and encourage atomic, molecular, and chemical physicists to continue their
 valuable work.

 IONIZE PARMET:  U(1-)-37.0000  U(4-):-37.0000  U(sp):-37.00  Q(ion):    1.126  L(ion) -9.455    Q(low): 11.504    L(low) -0.686
 ENERGY BUDGET:  Heat:  -3.863  Coolg:  -0.168  Error:494923.2%  Rec Lin:  -0.760  F-F  H  0.000    P(rad/tot)max     3.62E-03    R(F Con):1.737e+05

     Col(Heff):      7.437E+20  snd travl time  2.09E+12 sec  Te-low: 1.20E+04  Te-hi: 1.20E+04  G0TH85: 0.00E+00  G0DB96:0.00E+00
  Emiss Measure    n(e)n(p) dl       6.406E+20  n(e)n(He+)dl         2.685E+14  En(e)n(He++) dl         0.000E+00  ne nC+:1.23E+18
 He/Ha:2.69E-07  =   0.00*true  Lthin:7.59E+05  itr/zn: 1.61  H2 itr/zn:  0.00  File Opacity: F  MassTot 2.11e-03  (gm/cm^2)
   Temps(21 cm)   T(21cm/Ly a)  3.77E+03        T(<nH/Tkin>)  1.20E+04          T(<nH/Tspin>)    4.04E+03          TB21cm:1.89E+01
                   N(H0/Tspin)  2.12E+17        N(OH/Tkin)    6.87E+06          B(21cm)          0.00E+00
   <a>:1.96E-09  erdeFe0.0E+00  Tcompt0.00E+00  Tthr6.71E+09  <Tden>: 1.20E+04  <dens>:1.13E-21  <MolWgt>1.25E+00
     Mean Jeans  l(cm)1.82E+20  M(sun)1.80E+06  smallest:     len(cm):1.81E+20  M(sun):1.76E+06  a_ox tran:  0.00
 Rion:1.000E+30  Dist:0.00E+00  Diam:0.000E+00
 Hatom level 70  HatomType: add  HInducImp  F  He tot level: 63  He2 level:   70  ExecTime    24.3
 ConvrgError(%)  <eden>  0.281  MaxEden  0.961  <H-C>  99.99  Max(H-C)  100.00  <Press>   0.000  MaxPrs er  0.000
  Continuity(%)  chng Te   0.0  elec den   9.9  n(H2)    0.0  n(CO)        0.0

                                                        Averaged Quantities
             Te      Te(Ne)   Te(NeNp)  Te(NeHe+)Te(NeHe2+) Te(NeO+)  Te(NeO2+)  Te(H2)     N(H)     Ne(O2+)   Ne(Np)
 Radius:  1.20e+04  1.20e+04  1.20e+04  1.20e+04  0.00e+00  1.20e+04  1.20e+04  1.20e+04  4.78e+02  1.86e+01  1.86e+01
 
 Peimbert T(OIIIr)0.00E+00 T(Bac)0.00E+00 T(Hth)1.13E+04 t2(Hstrc) 9.19e-32 T(O3-BAC)8.04E+03 t2(O3-BC)-2.40e-01 t2(O3str) 0.00e+00

 Contin Optical Depths: COMP: 2.30e-05    H-: 1.15e-03 R(1300): 5.75e-03  H2+: 1.29e-05  Bra:2.30E-05
                          Pa: 2.30e-05    Ba: 1.08e-03      Hb: 8.36e-04   La: 1.42e+01     1r:5.440E+03  1.8:1.72E+03 4.:2.626E+02

 Old, new H  1 continuum optical depths:
     1 5.44e+03     2 5.90e-04     3 1.16e-03     4 1.16e-03     5 1.16e-03     6 2.98e-04     7 2.98e-04     8 2.98e-04
     9 2.98e-04    10 2.96e-15    11 2.96e-15    12 2.96e-15    13 2.96e-15    14 2.96e-15    15 3.47e-15    16 3.47e-15
    17 3.47e-15    18 3.47e-15    19 3.47e-15    20 3.47e-15    21 6.73e-15    22 6.73e-15    23 6.73e-15    24 6.73e-15
    25 6.73e-15    26 6.73e-15    27 6.73e-15    28 1.22e-14    29 1.22e-14    30 1.22e-14    31 1.22e-14    32 1.22e-14
    33 1.22e-14    34 1.22e-14    35 1.22e-14    36 2.09e-14    37 2.09e-14    38 2.09e-14    39 2.09e-14    40 2.09e-14
    41 2.09e-14    42 2.09e-14    43 2.09e-14    44 2.09e-14    45 3.40e-14    46 3.40e-14    47 3.40e-14    48 3.40e-14
    49 3.40e-14    50 3.40e-14    51 3.40e-14    52 3.40e-14    53 3.40e-14    54 3.40e-14
     1 5.44e+03     2 5.92e-04     3 1.16e-03     4 1.16e-03     5 1.16e-03     6 2.99e-04     7 2.99e-04     8 2.99e-04
     9 2.99e-04    10 2.96e-15    11 2.96e-15    12 2.96e-15    13 2.96e-15    14 2.96e-15    15 3.47e-15    16 3.47e-15
    17 3.47e-15    18 3.47e-15    19 3.47e-15    20 3.47e-15    21 6.73e-15    22 6.73e-15    23 6.73e-15    24 6.73e-15
    25 6.73e-15    26 6.73e-15    27 6.73e-15    28 1.22e-14    29 1.22e-14    30 1.22e-14    31 1.22e-14    32 1.22e-14
    33 1.22e-14    34 1.22e-14    35 1.22e-14    36 2.09e-14    37 2.09e-14    38 2.09e-14    39 2.09e-14    40 2.09e-14
    41 2.09e-14    42 2.09e-14    43 2.09e-14    44 2.09e-14    45 3.40e-14    46 3.40e-14    47 3.40e-14    48 3.40e-14
    49 3.40e-14    50 3.40e-14    51 3.40e-14    52 3.40e-14    53 3.40e-14    54 3.40e-14

 Old, new H  1 mean line optical depths:
  2- 1 8.18e+07  3- 2 1.21e-03  4- 3 1.89e-10  5- 4 1.10e-10  6- 5 2.74e-10  7- 6-1.16e-11  8- 7 1.27e-11
  9- 8 1.19e-10 10- 9 4.04e-10 11-10 1.82e-09 12-11-2.00e-11 13-12-5.77e-11 14-13-1.27e-10 15-14-2.51e-10 16-15-4.69e-10
 17-16-8.48e-10 18-17-1.51e-09 19-18-2.70e-09 20-19-4.86e-09 21-20-9.04e-09 22-21-1.80e-08 23-22-4.10e-08 24-23-1.25e-07
 25-24-4.40e-06
  2- 1 8.18e+07  3- 2 1.04e-03  4- 3 1.89e-10  5- 4 1.10e-10  6- 5 2.74e-10  7- 6-1.16e-11  8- 7 1.27e-11
  9- 8 1.19e-10 10- 9 4.04e-10 11-10 1.82e-09 12-11-2.00e-11 13-12-5.77e-11 14-13-1.28e-10 15-14-2.51e-10 16-15-4.69e-10
 17-16-8.49e-10 18-17-1.52e-09 19-18-2.70e-09 20-19-4.86e-09 21-20-9.05e-09 22-21-1.80e-08 23-22-4.11e-08 24-23-1.25e-07
 25-24-4.40e-06

 Old, new He 2 continuum optical depths:
     1 2.63e+02     2 5.41e+03     3 3.24e-04     4 3.24e-04     5 3.24e-04     6 5.90e-04     7 5.90e-04     8 5.90e-04
     9 5.90e-04    10 9.39e-04    11 9.39e-04    12 9.39e-04    13 9.39e-04    14 9.39e-04    15 1.16e-03    16 1.16e-03
    17 1.16e-03    18 1.16e-03    19 1.16e-03    20 1.16e-03    21 9.72e-04    22 9.72e-04    23 9.72e-04    24 9.72e-04
    25 9.72e-04    26 9.72e-04    27 9.72e-04    28 2.98e-04    29 2.98e-04    30 2.98e-04    31 2.98e-04    32 2.98e-04
    33 2.98e-04    34 2.98e-04    35 2.98e-04    36 1.77e-15    37 1.77e-15    38 1.77e-15    39 1.77e-15    40 1.77e-15
    41 1.77e-15    42 1.77e-15    43 1.77e-15    44 1.77e-15    45 2.96e-15    46 2.96e-15    47 2.96e-15    48 2.96e-15
    49 2.96e-15    50 2.96e-15    51 2.96e-15    52 2.96e-15    53 2.96e-15    54 2.96e-15
     1 2.63e+02     2 5.41e+03     3 3.24e-04     4 3.24e-04     5 3.24e-04     6 5.92e-04     7 5.92e-04     8 5.92e-04
     9 5.92e-04    10 9.42e-04    11 9.42e-04    12 9.42e-04    13 9.42e-04    14 9.42e-04    15 1.16e-03    16 1.16e-03
    17 1.16e-03    18 1.16e-03    19 1.16e-03    20 1.16e-03    21 9.74e-04    22 9.74e-04    23 9.74e-04    24 9.74e-04
    25 9.74e-04    26 9.74e-04    27 9.74e-04    28 2.99e-04    29 2.99e-04    30 2.99e-04    31 2.99e-04    32 2.99e-04
    33 2.99e-04    34 2.99e-04    35 2.99e-04    36 1.77e-15    37 1.77e-15    38 1.77e-15    39 1.77e-15    40 1.77e-15
    41 1.77e-15    42 1.77e-15    43 1.77e-15    44 1.77e-15    45 2.96e-15    46 2.96e-15    47 2.96e-15    48 2.96e-15
    49 2.96e-15    50 2.96e-15    51 2.96e-15    52 2.96e-15    53 2.96e-15    54 2.96e-15

 Old, new He 2 mean line optical depths:
  2- 1 0.00e+00  3- 2 0.00e+00  4- 3 0.00e+00  5- 4 0.00e+00  6- 5 0.00e+00  7- 6 0.00e+00  8- 7 0.00e+00
  9- 8 0.00e+00 10- 9 0.00e+00 11-10 0.00e+00 12-11 0.00e+00 13-12 0.00e+00 14-13 0.00e+00 15-14 0.00e+00 16-15 0.00e+00
 17-16 0.00e+00 18-17 0.00e+00 19-18 0.00e+00 20-19 0.00e+00 21-20 0.00e+00 22-21 0.00e+00 23-22 0.00e+00 24-23 0.00e+00
 25-24 0.00e+00
  2- 1 0.00e+00  3- 2 0.00e+00  4- 3 0.00e+00  5- 4 0.00e+00  6- 5 0.00e+00  7- 6 0.00e+00  8- 7 0.00e+00
  9- 8 0.00e+00 10- 9 0.00e+00 11-10 0.00e+00 12-11 0.00e+00 13-12 0.00e+00 14-13 0.00e+00 15-14 0.00e+00 16-15 0.00e+00
 17-16 0.00e+00 18-17 0.00e+00 19-18 0.00e+00 20-19 0.00e+00 21-20 0.00e+00 22-21 0.00e+00 23-22 0.00e+00 24-23 0.00e+00
 25-24 0.00e+00

 Old He Is optical depths:    1 1.72e+03    2 3.87e-04    3 4.90e-04    4 5.47e-04    5 5.47e-04
 New He Is optical depths:    1 1.72e+03    2 3.88e-04    3 4.91e-04    4 5.49e-04    5 5.49e-04
          Old He Is Lines:  584 5.40e+06 3889 3.18e-05 5016 6.80e-11 5876 4.63e-16
          New He Is Lines:  584 5.40e+06 3889 3.19e-05 5016 6.80e-11 5876 4.63e-16

==== H      compounds ====           Log10 column densities [cm^-2]
   H2        : 13.856   H2*       : 11.792   H2+       : 12.264   H3+       :  6.313
==== He     compounds ====
   HeH+      : 11.369
==== Li     compounds ====
   LiH       :  2.130   LiH+      :  1.551
==== C      compounds ====
   CH        : 10.504   CH+       :  9.193   CH2       :  3.939   CH2+      :  2.587   CH3       : -2.682   CH3+      : -4.134
   CH4       : -9.174   CH4+      :-10.744   CH5+      :-18.628   C2        :  6.700   C2+       :  6.083   C2H       :  0.732
   C2H+      : -0.136   C2H2      : -6.150   C2H2+     : -6.947   C2H3+     :-13.757   C3        : -9.298   C3+       : -3.531
   C3H       : -9.604   C3H+      : -9.942
==== N      compounds ====
   NH        : 10.703   NH+       : 10.252   NH2       :  3.466   NH2+      :  3.158   NH3       : -2.605   NH3+      : -4.091
   NH4+      :-13.412   CN        :  8.724   CN+       :  6.024   HCN       :  1.508   HCN+      :  0.837   HNC       : -0.227
   HCNH+     : -6.264   HC3N      :-13.754   N2        :  9.208   N2+       :  6.684   N2H+      : -4.688
==== O      compounds ====
   OH        : 10.916   OH+       : 10.634   H2O       :  3.160   H2O+      :  3.316   H3O+      : -4.229   CO        : 10.365
   CO+       :  6.526   HCO+      :  2.442   H2CO      : -5.609   NO        :  7.385   NO+       :  6.169   HNO       :  0.077
   HNO+      : -1.098   OCN       : -1.320   OCN+      : -0.393   N2O       : -1.040   O2        :  6.270   O2+       :  7.430
   NO2       : -2.305   NO2+      : -3.485
==== F      compounds ====
   HF        :  8.474   HF+       :  3.184   H2F+      : -4.354   CF+       :  5.292
==== Ne     compounds ====
   NeH+      :  8.070
==== Si     compounds ====
   SiH       :  1.327   SiH2+     :  0.394   SiN       : -2.738   SiN+      :  6.165   SiO       :  4.075   SiO+      :  6.208
   SiOH+     : -1.474
==== S      compounds ====
   HS        :  6.621   HS+       :  7.661   CS        :  4.020   CS+       :  4.732   HCS+      : -1.422   NS        :  4.530
   NS+       :  5.679   SO        :  4.614   SO+       :  5.874   OCS       : -4.372   OCS+      : -5.714   SO2       :-35.930
   SiS       :  4.424   S2        : -3.355   S2+       : -4.380
==== Cl     compounds ====
   HCl       :  2.936   HCl+      :  6.880   H2Cl+     : -0.245   CCl       :-23.258   CCl+      : -2.235   H2CCl+    :-27.017
   ClO       :-24.127   ClO+      :-28.478
==== Ar     compounds ====
   ArH+      :  8.248


               1      2      3      4      5      6      7      8      9     10     11     12     13     14     15     16     17

 Hydrogen   20.933 19.538 13.860 (H2)                Log10 Column density (cm^-2)
 Helium     19.950 13.159-30.000
 Lithium     8.768 12.259-30.000-30.000
 Beryllium   9.429 10.317  6.360-30.000-30.000
 Boron       8.731 11.740  2.359-30.000-30.000-30.000
 Carbon     17.183 16.818  9.073-30.000-30.000-30.000-30.000
 Nitrogen   16.856 15.616  4.939-30.000-30.000-30.000-30.000-30.000
 Oxygen     17.626 16.140  0.848-30.000-30.000-30.000-30.000-30.000-30.000
 Fluorine   13.429 10.785 -1.089-30.000-30.000-30.000-30.000-30.000-30.000-30.000
 Neon       16.950 12.629 -1.815-30.000-30.000-30.000-30.000-30.000-30.000-30.000-30.000
 Sodium     11.640 15.280 -1.007-30.000-30.000-30.000-30.000-30.000-30.000-30.000-30.000-30.000
 Magnesium  15.000 16.473 14.380-30.000-30.000-30.000-30.000-30.000-30.000-30.000-30.000-30.000-30.000
 Aluminium  11.938 15.420 10.571-30.000-30.000-30.000-30.000-30.000-30.000-30.000-30.000-30.000-30.000-30.000
 Silicon    13.159 16.490 13.521-30.000-30.000-30.000-30.000-30.000-30.000-30.000-30.000-30.000-30.000-30.000-30.000
 Phosphorus 11.285 14.455  8.546-30.000-30.000-30.000-30.000-30.000-30.000-30.000-30.000-30.000-30.000-30.000-30.000-30.000
 Sulphur    14.892 16.194 10.177-30.000-30.000-30.000-30.000-30.000-30.000-30.000-30.000-30.000-30.000-30.000-30.000-30.000-30.000
 Chlorine   11.344 14.230  7.943-30.000-30.000-30.000-30.000-30.000-30.000-30.000-30.000-30.000-30.000-30.000-30.000-30.000-30.000
-30.000
 Argon      15.345 13.393  6.526-30.000-30.000-30.000-30.000-30.000-30.000-30.000-30.000-30.000-30.000-30.000-30.000-30.000-30.000
-30.000-30.000
 Potassium   9.831 14.071  4.545-30.000-30.000-30.000-30.000-30.000-30.000-30.000-30.000-30.000-30.000-30.000-30.000-30.000-30.000
-30.000-30.000-30.000
 Calcium    11.815 15.270 14.253-30.000-30.000-30.000-30.000-30.000-30.000-30.000-30.000-30.000-30.000-30.000-30.000-30.000-30.000
-30.000-30.000-30.000-30.000
 Scandium    8.548 12.088 10.980-30.000-30.000-30.000-30.000-30.000-30.000-30.000-30.000-30.000-30.000-30.000-30.000-30.000-30.000
-30.000-30.000-30.000-30.000-30.000
 Titanium   10.056 13.968 11.856-30.000-30.000-30.000-30.000-30.000-30.000-30.000-30.000-30.000-30.000-30.000-30.000-30.000-30.000
-30.000-30.000-30.000-30.000-30.000-30.000
 Vanadium   10.120 12.948 10.411-30.000-30.000-30.000-30.000-30.000-30.000-30.000-30.000-30.000-30.000-30.000-30.000-30.000-30.000
-30.000-30.000-30.000-30.000-30.000-30.000-30.000
 Chromium   11.297 14.611 12.924-30.000-30.000-30.000-30.000-30.000-30.000-30.000-30.000-30.000-30.000-30.000-30.000-30.000-30.000
-30.000-30.000-30.000-30.000-30.000-30.000-30.000-30.000
 Manganese  10.554 14.405 12.387-30.000-30.000-30.000-30.000-30.000-30.000-30.000-30.000-30.000-30.000-30.000-30.000-30.000-30.000
-30.000-30.000-30.000-30.000-30.000-30.000-30.000-30.000-30.000
 Iron       12.760 16.398 14.137-30.000-30.000-30.000-30.000-30.000-30.000-30.000-30.000-30.000-30.000-30.000-30.000-30.000-30.000
-30.000-30.000-30.000-30.000-30.000-30.000-30.000-30.000-30.000-30.000
 Cobalt     11.404 13.869  9.744-30.000-30.000-30.000-30.000-30.000-30.000-30.000-30.000-30.000-30.000-30.000-30.000-30.000-30.000
-30.000-30.000-30.000-30.000-30.000-30.000-30.000-30.000-30.000-30.000-30.000
 Nickel     11.495 15.200  6.606-30.000-30.000-30.000-30.000-30.000-30.000-30.000-30.000-30.000-30.000-30.000-30.000-30.000-30.000
-30.000-30.000-30.000-30.000-30.000-30.000-30.000-30.000-30.000-30.000-30.000-30.000
 Copper     11.071 13.156  5.822-30.000-30.000-30.000-30.000-30.000-30.000-30.000-30.000-30.000-30.000-30.000-30.000-30.000-30.000
-30.000-30.000-30.000-30.000-30.000-30.000-30.000-30.000-30.000-30.000-30.000-30.000-30.000
 Zinc       11.722 13.543  9.343-30.000-30.000-30.000-30.000-30.000-30.000-30.000-30.000-30.000-30.000-30.000-30.000-30.000-30.000
-30.000-30.000-30.000-30.000-30.000-30.000-30.000-30.000-30.000-30.000-30.000-30.000-30.000-30.000
 Exc state                  He[2]  8.528                 C+[2] 16.442                  C[1] 16.238                  C[2] 16.750
                             C[3] 16.897                  O[1] 17.621                  O[2] 15.413                  O[3] 15.347
                           Si+[1] 16.479                C+2[2]  5.075                C+2[3] -2.064                C+2[4]  2.419


 Hydrogen   -0.017 -1.412 -6.789 (H2)                 Log10 Mean Ionisation (over radius)
 Helium     -0.000 -6.791
 Lithium    -3.492 -0.000
 Beryllium  -0.941 -0.053 -4.010
 Boron      -3.009 -0.000 -9.382
 Carbon     -0.156 -0.521 -8.267
 Nitrogen   -0.024 -1.264-11.941
 Oxygen     -0.014 -1.501-16.793
 Fluorine   -0.001 -2.645-14.519
 Neon       -0.000 -4.321-18.765
 Sodium     -3.640 -0.000-16.287
 Magnesium  -1.491 -0.018 -2.110
 Aluminium  -3.482 -0.000 -4.848
 Silicon    -3.332 -0.001 -2.969
 Phosphorus -3.171 -0.000 -5.909
 Sulphur    -1.323 -0.021 -6.037
 Chlorine   -2.887 -0.001 -6.288
 Argon      -0.005 -1.957 -8.824
 Potassium  -4.239 -0.000 -9.525
 Calcium    -3.495 -0.040 -1.057
 Scandium   -3.572 -0.033 -1.141
 Titanium   -3.915 -0.003 -2.116
 Vanadium   -2.830 -0.002 -2.539
 Chromium   -3.323 -0.009 -1.696
 Manganese  -3.856 -0.004 -2.022
 Iron       -3.640 -0.002 -2.263
 Cobalt     -2.466 -0.002 -4.126
 Nickel     -3.705 -0.000 -8.594
 Copper     -2.088 -0.004 -7.337
 Zinc       -1.828 -0.007 -4.207

               1      2      3      4      5      6      7      8      9     10     11     12     13     14     15     16     17

 Hydrogen   -0.017 -1.411 -6.797 (H2)         Log10 Mean Ionisation (over radius*electron density)
 Helium     -0.000 -6.789
 Lithium    -3.509 -0.000
 Beryllium  -0.961 -0.050 -4.007
 Boron      -3.053 -0.000 -9.381
 Carbon     -0.157 -0.519 -8.264
 Nitrogen   -0.024 -1.263-11.938
 Oxygen     -0.014 -1.500-16.791
 Fluorine   -0.001 -2.644-14.519
 Neon       -0.000 -4.321-18.764
 Sodium     -3.642 -0.000-16.287
 Magnesium  -1.496 -0.018 -2.109
 Aluminium  -3.495 -0.000 -4.848
 Silicon    -3.371 -0.001 -2.968
 Phosphorus -3.171 -0.000 -5.908
 Sulphur    -1.334 -0.021 -6.037
 Chlorine   -2.888 -0.001 -6.288
 Argon      -0.005 -1.957 -8.822
 Potassium  -4.242 -0.000 -9.525
 Calcium    -3.512 -0.040 -1.057
 Scandium   -3.584 -0.033 -1.141
 Titanium   -3.917 -0.003 -2.116
 Vanadium   -2.833 -0.002 -2.539
 Chromium   -3.344 -0.009 -1.695
 Manganese  -3.857 -0.004 -2.022
 Iron       -3.641 -0.002 -2.263
 Cobalt     -2.484 -0.001 -4.125
 Nickel     -3.707 -0.000 -8.593
 Copper     -2.105 -0.003 -7.336
 Zinc       -1.852 -0.006 -4.207

               1      2      3      4      5      6      7      8      9     10     11     12     13     14     15     16     17

 Hydrogen    4.079  4.079  4.079 (H2)                  Log10 Mean Temperature (over radius)
 Helium      4.079  4.079
 Lithium     4.079  4.079
 Beryllium   4.079  4.079  4.079
 Boron       4.079  4.079  4.079
 Carbon      4.079  4.079  4.079
 Nitrogen    4.079  4.079  4.079
 Oxygen      4.079  4.079  4.079
 Fluorine    4.079  4.079  4.079
 Neon        4.079  4.079  4.079
 Sodium      4.079  4.079  4.079
 Magnesium   4.079  4.079  4.079
 Aluminium   4.079  4.079  4.079
 Silicon     4.079  4.079  4.079
 Phosphorus  4.079  4.079  4.079
 Sulphur     4.079  4.079  4.079
 Chlorine    4.079  4.079  4.079
 Argon       4.079  4.079  4.079
 Potassium   4.079  4.079  4.079
 Calcium     4.079  4.079  4.079
 Scandium    4.079  4.079  4.079
 Titanium    4.079  4.079  4.079
 Vanadium    4.079  4.079  4.079
 Chromium    4.079  4.079  4.079
 Manganese   4.079  4.079  4.079
 Iron        4.079  4.079  4.079
 Cobalt      4.079  4.079  4.079
 Nickel      4.079  4.079  4.079
 Copper      4.079  4.079  4.079
 Zinc        4.079  4.079  4.079

               1      2      3      4      5      6      7      8      9     10     11     12     13     14     15     16     17

 Hydrogen    4.079  4.079  4.079 (H2)          Log10 Mean Temperature (over radius*electron density)
 Helium      4.079  4.079
 Lithium     4.079  4.079
 Beryllium   4.079  4.079  4.079
 Boron       4.079  4.079  4.079
 Carbon      4.079  4.079  4.079
 Nitrogen    4.079  4.079  4.079
 Oxygen      4.079  4.079  4.079
 Fluorine    4.079  4.079  4.079
 Neon        4.079  4.079  4.079
 Sodium      4.079  4.079  4.079
 Magnesium   4.079  4.079  4.079
 Aluminium   4.079  4.079  4.079
 Silicon     4.079  4.079  4.079
 Phosphorus  4.079  4.079  4.079
 Sulphur     4.079  4.079  4.079
 Chlorine    4.079  4.079  4.079
 Argon       4.079  4.079  4.079
 Potassium   4.079  4.079  4.079
 Calcium     4.079  4.079  4.079
 Scandium    4.079  4.079  4.079
 Titanium    4.079  4.079  4.079
 Vanadium    4.079  4.079  4.079
 Chromium    4.079  4.079  4.079
 Manganese   4.079  4.079  4.079
 Iron        4.079  4.079  4.079
 Cobalt      4.079  4.079  4.079
 Nickel      4.079  4.079  4.079
 Copper      4.079  4.079  4.079
 Zinc        4.079  4.079  4.079

               1      2      3      4      5      6      7      8      9     10     11     12     13     14     15     16     17
IC443 NE diffuse shock -- v shock=65 km/s, T obs=12000K (upper end test)  

---------------Convergence statistics---------------
      2.08 mean iterations/state convergence
      2.98 mean cx acceleration loops/iteration
      1.09 mean iso convergence loops/ion solve
         1 mean steps/chemistry solve
         1 mean step length searches/chemistry step
----------------------------------------------------

 Cloudy ends: 118 zones, 2 iterations. (single thread) ExecTime(s) 24.32
 [Stop in cdMain at maincl.cpp:593, Cloudy exited OK]
