                                                          Cloudy 23.01
                                                         www.nublado.org

                                                  PRNG seed: 0x6a42df37510549e0

                       **************************************23Jul25**************************************
                       *                                                                                 *
                       * title IC443 NE diffuse shock -- v shock=80 km/s, T obs=10000K                   *
                       * hden 2.9394                                                                     *
                       * constant temperature, t=10000 K linear                                          *
                       * stop column density 21.21                                                       *
                       * iterate                                                                         *
                       * save results last "v80.rlt"                                                     *
                       *                                                                                 *
                       ***********************************************************************************



 NOTE Setcon: continuum has zero intensity starting at  3.0447e-09 Ryd.
  9244 cells in the incident continuum have zero intensity.  Problems???

 NOTE There is no hydrogen-ionizing radiation.
 Was this intended?

 NOTE There is no Balmer continuum radiation.<<<<
 Was this intended?

           9244CellPeak3.04E-09   Lo 3.04e-09=  29.98m   Hi-Con:7.13E+06 Ryd   E(hi):7.35E+06Ryd     E(hi):     100.00 MeV
           I(nu>1ryd):   0.0000   Average nu:0.000E+00   I( X-ray):   0.0000   I(BalC): -30.0000     Phi(BalmrC): -30.0000
           phi(1.0-1.8): 0.0000   phi(1.8-4.0):  0.000   phi(4.0-20):  0.000   phi(20--):  0.000     Ion pht flx:0.000E+00
           I(gam ray):   0.0000   phi(gam r):   0.0000   I(Infred):   0.0000   Alf(ox):   0.0000     Total inten: -35.9298
           U(1.0----):0.000E+00   U(4.0----):0.000E+00   T(En-Den):0.000E+00   T(Comp):0.000E+00     nuJnu(912A):0.000E+00
           Occ(FarIR):0.000E+00   Occ(H n=6):0.000E+00   Occ(1Ryd):0.000E+00   Occ(4R):0.000E+00     Occ (Nu-hi):0.000E+00
           Tbr(FarIR):0.000E+00   Tbr(H n=6):0.000E+00   Tbr(1Ryd):0.000E+00   Tbr(4R):0.000E+00     Tbr (Nu-hi):0.000E+00
  
                                                  Gas Phase Chemical Composition
        H :  0.0000  He: -1.0000  Li: -8.6904  Be:-10.5800  B : -9.2097  C : -3.6108  N : -4.0701  O : -3.3098  F : -7.5200
        Ne: -4.0000  Na: -5.6696  Mg: -4.4597  Al: -5.5302  Si: -4.4597  P : -6.4949  S : -4.7352  Cl: -6.7190  Ar: -5.6003
        K : -6.8794  Ca: -5.6402  Sc: -8.8297  Ti: -6.9788  V : -8.0000  Cr: -6.3298  Mn: -6.5406  Fe: -4.5498  Co: -7.0799
                                               Ni: -5.7496  Cu: -7.7905  Zn: -7.4001
 
 ####  1  Te:1.000E+04 Hden:8.698E+02 Ne:4.898E-01 R:1.000E+30 R-R0:1.359E+11 dR:2.719E+11 NTR:  1 Htot:3.427E-25 T912: 1.50e-03###
 Hydrogen      1.00e+00 4.72e-04 H+o/Hden 1.00e+00 6.44e-09 H-    H2 2.67e-06 1.31e-10 H2+ HeH+ 2.00e-11 Ho+ ColD 2.36e+14 1.12e+11
 Helium        1.00e+00 2.97e-12 0.00e+00 HeI 2s3S 3.02e-15 Comp H,C 0.00e+00 0.00e+00 Fill Fac 1.00e+00 Gam1/tot 5.04e-09
 He singlet n  1.00e+00 1.54e-21 9.20e-30 7.03e-29 1.01e-30 8.86e-30 He tripl 3.02e-15 1.82e-27 1.17e-28 1.12e-28 5.01e-30
 Pressure      NgasTgas 9.58e+06 P(total) 1.32e-09 P( gas ) 1.32e-09 P(Radtn) 0.00e+00 Rad accl 0.00e+00 ForceMul 0.00e+00
 Texc(La)      2.34e+03 T(I con) 0.00e+00 T(D con) 5.97e-02 T(U tot) 5.97e-02 nT (c+d) 1.44e+04 Prad/Gas 0.00e+00 Pmag/Gas 0.00e+00
 Molecules     CH/Ctot: 2.06e-06 CH+/Ctot 1.73e-08 CO/Ctot: 3.93e-01 CO+/Ctot 2.00e-08 H2O/Otot 2.61e-12 OH/Ototl 1.30e-06
 Lithium       9.18e-03 9.91e-01 0.00e+00 0.00e+00 Berylliu 9.52e-01 4.78e-02 1.57e-08 0.00e+00 0.00e+00 sec ion: 0.00e+00
 Boron         5.23e-01 4.77e-01 2.63e-14 0.00e+00 0.00e+00 0.00e+00
 Carbon        6.03e-01 4.10e-03 1.17e-14 0.00e+00 0.00e+00 0.00e+00 0.00e+00 H2O+/O   2.11e-10 OH+/Otot 2.78e-06 Hex(tot) 0.00e+00
 Nitrogen      9.83e-01 5.45e-04 1.10e-19 0.00e+00 0.00e+00 0.00e+00 0.00e+00 0.00e+00 O2/Ototl 6.35e-11 O2+/Otot 8.20e-08
 Oxygen        8.03e-01 3.06e-04 3.30e-24 0.00e+00 0.00e+00 0.00e+00 0.00e+00 0.00e+00 0.00e+00
 Fluorine      8.31e-01 8.66e-06 2.77e-21 0.00e+00 0.00e+00 0.00e+00 0.00e+00 0.00e+00 0.00e+00 0.00e+00
 Neon          1.00e+00 2.93e-07 0.00e+00 0.00e+00 0.00e+00 0.00e+00 0.00e+00 0.00e+00 0.00e+00 0.00e+00 0.00e+00
 Sodium        2.08e-03 9.98e-01 5.10e-22 0.00e+00 0.00e+00 0.00e+00 0.00e+00 0.00e+00 0.00e+00 0.00e+00 0.00e+00 0.00e+00
 Magnesium     6.15e-02 9.38e-01 7.37e-05 0.00e+00 0.00e+00 0.00e+00 0.00e+00 0.00e+00 0.00e+00 0.00e+00 0.00e+00 0.00e+00 0.00e+00
 Aluminium  0  9.82e-04 9.99e-01 1.79e-07 0.00e+00 0.00e+00 0.00e+00 0.00e+00 0.00e+00 0.00e+00 0.00e+00 0.00e+00 0.00e+00 0.00e+00
 Silicon    0  1.20e-01 4.22e-01 3.21e-06 0.00e+00 0.00e+00 0.00e+00 0.00e+00 0.00e+00 0.00e+00 0.00e+00 0.00e+00 0.00e+00 0.00e+00
 Phosphorus 0  1.42e-03 9.99e-01 8.25e-10 0.00e+00 0.00e+00 0.00e+00 0.00e+00 0.00e+00 0.00e+00 0.00e+00 0.00e+00 0.00e+00 0.00e+00
 Sulphur    0  1.23e-01 1.36e-02 2.59e-12 0.00e+00 0.00e+00 0.00e+00 0.00e+00 0.00e+00 0.00e+00 0.00e+00 0.00e+00 0.00e+00 0.00e+00
 Chlorine   0  7.76e-03 9.92e-01 1.40e-09 0.00e+00 0.00e+00 0.00e+00 0.00e+00 0.00e+00 0.00e+00 0.00e+00 0.00e+00 0.00e+00 0.00e+00
 Argon      0  1.00e+00 4.19e-05 1.06e-16 0.00e+00 0.00e+00 0.00e+00 0.00e+00 0.00e+00 0.00e+00 0.00e+00 0.00e+00 0.00e+00 0.00e+00
 Potassium  0  5.06e-04 9.99e-01 1.21e-13 0.00e+00 0.00e+00 0.00e+00 0.00e+00 0.00e+00 0.00e+00 0.00e+00 0.00e+00 0.00e+00 0.00e+00
 Calcium    0  9.96e-03 9.81e-01 9.23e-03 0.00e+00 0.00e+00 0.00e+00 0.00e+00 0.00e+00 0.00e+00 0.00e+00 0.00e+00 0.00e+00 0.00e+00
 Scandium   0  5.01e-03 9.88e-01 6.61e-03 0.00e+00 0.00e+00 0.00e+00 0.00e+00 0.00e+00 0.00e+00 0.00e+00 0.00e+00 0.00e+00 0.00e+00
 Titanium   0  3.57e-04 9.99e-01 5.41e-04 0.00e+00 0.00e+00 0.00e+00 0.00e+00 0.00e+00 0.00e+00 0.00e+00 0.00e+00 0.00e+00 0.00e+00
 Vanadium   0  1.30e-02 9.87e-01 4.04e-05 0.00e+00 0.00e+00 0.00e+00 0.00e+00 0.00e+00 0.00e+00 0.00e+00 0.00e+00 0.00e+00 0.00e+00
 Chromium   0  2.11e-02 9.79e-01 1.35e-04 0.00e+00 0.00e+00 0.00e+00 0.00e+00 0.00e+00 0.00e+00 0.00e+00 0.00e+00 0.00e+00 0.00e+00
 Manganese  0  3.74e-04 1.00e+00 7.59e-05 0.00e+00 0.00e+00 0.00e+00 0.00e+00 0.00e+00 0.00e+00 0.00e+00 0.00e+00 0.00e+00 0.00e+00
 Iron       0  3.31e-04 1.00e+00 3.90e-05 0.00e+00 0.00e+00 0.00e+00 0.00e+00 0.00e+00 0.00e+00 0.00e+00 0.00e+00 0.00e+00 0.00e+00
 Cobalt     0  1.10e-01 8.90e-01 3.07e-07 0.00e+00 0.00e+00 0.00e+00 0.00e+00 0.00e+00 0.00e+00 0.00e+00 0.00e+00 0.00e+00 0.00e+00
 Nickel     0  4.68e-04 1.00e+00 1.25e-12 0.00e+00 0.00e+00 0.00e+00 0.00e+00 0.00e+00 0.00e+00 0.00e+00 0.00e+00 0.00e+00 0.00e+00
 Copper     0  2.27e-01 7.73e-01 1.75e-11 0.00e+00 0.00e+00 0.00e+00 0.00e+00 0.00e+00 0.00e+00 0.00e+00 0.00e+00 0.00e+00 0.00e+00
 Zinc       0  6.20e-01 3.80e-01 8.71e-08 0.00e+00 0.00e+00 0.00e+00 0.00e+00 0.00e+00 0.00e+00 0.00e+00 0.00e+00 0.00e+00 0.00e+00
 ####266  Te:1.000E+04 Hden:8.698E+02 Ne:8.408E-01 R:1.000E+30 R-R0:1.858E+18 dR:1.315E+16 NTR:  2 Htot:3.033E-24 T912: 1.03e+04###
 Hydrogen      9.99e-01 8.55e-04 H+o/Hden 1.00e+00 1.01e-08 H-    H2 2.74e-06 2.34e-10 H2+ HeH+ 3.56e-11 Ho+ ColD 1.62e+21 1.14e+18
 Helium        1.00e+00 7.18e-11 0.00e+00 HeI 2s3S 4.69e-15 Comp H,C 1.95e-32 7.06e-32 Fill Fac 1.00e+00 Gam1/tot 1.77e-04
 He singlet n  1.00e+00 2.67e-21 6.83e-27 1.12e-28 6.43e-29 1.39e-29 He tripl 4.69e-15 2.84e-27 1.81e-28 1.75e-28 7.98e-30
 Pressure      NgasTgas 9.58e+06 P(total) 1.32e-09 P( gas ) 1.32e-09 P(Radtn) 1.08e-12 Rad accl 2.97e-11 ForceMul 1.75e+05
 Texc(La)      3.50e+03 T(I con) 0.00e+00 T(D con) 3.02e+00 T(U tot) 3.02e+00 nT (c+d) 7.30e+05 Prad/Gas 8.12e-04 Pmag/Gas 0.00e+00
 Molecules     CH/Ctot: 3.49e-06 CH+/Ctot 1.93e-08 CO/Ctot: 1.23e-05 CO+/Ctot 1.08e-11 H2O/Otot 3.12e-12 OH/Ototl 1.69e-06
 Lithium       8.75e-04 9.99e-01 0.00e+00 0.00e+00 Berylliu 5.91e-02 9.41e-01 4.54e-07 0.00e+00 0.00e+00 sec ion: 0.00e+00
 Boron         4.08e-04 1.00e+00 8.55e-14 0.00e+00 0.00e+00 0.00e+00
 Carbon        9.97e-01 3.42e-03 1.59e-14 0.00e+00 0.00e+00 0.00e+00 0.00e+00 H2O+/O   8.72e-11 OH+/Otot 1.91e-06 Hex(tot) 0.00e+00
 Nitrogen      9.98e-01 1.07e-03 5.14e-18 0.00e+00 0.00e+00 0.00e+00 0.00e+00 0.00e+00 O2/Ototl 5.94e-11 O2+/Otot 4.09e-08
 Oxygen        9.99e-01 6.89e-04 1.15e-23 0.00e+00 0.00e+00 0.00e+00 0.00e+00 0.00e+00 0.00e+00
 Fluorine      9.94e-01 1.34e-05 5.84e-21 0.00e+00 0.00e+00 0.00e+00 0.00e+00 0.00e+00 0.00e+00 0.00e+00
 Neon          1.00e+00 2.80e-07 0.00e+00 0.00e+00 0.00e+00 0.00e+00 0.00e+00 0.00e+00 0.00e+00 0.00e+00 0.00e+00
 Sodium        1.95e-03 9.98e-01 7.52e-22 0.00e+00 0.00e+00 0.00e+00 0.00e+00 0.00e+00 0.00e+00 0.00e+00 0.00e+00 0.00e+00
 Magnesium     2.72e-02 9.73e-01 1.37e-04 0.00e+00 0.00e+00 0.00e+00 0.00e+00 0.00e+00 0.00e+00 0.00e+00 0.00e+00 0.00e+00 0.00e+00
 Aluminium  0  2.15e-04 1.00e+00 2.28e-07 0.00e+00 0.00e+00 0.00e+00 0.00e+00 0.00e+00 0.00e+00 0.00e+00 0.00e+00 0.00e+00 0.00e+00
 Silicon    0  2.14e-04 1.00e+00 1.38e-05 0.00e+00 0.00e+00 0.00e+00 0.00e+00 0.00e+00 0.00e+00 0.00e+00 0.00e+00 0.00e+00 0.00e+00
 Phosphorus 0  1.30e-03 9.99e-01 1.28e-09 0.00e+00 0.00e+00 0.00e+00 0.00e+00 0.00e+00 0.00e+00 0.00e+00 0.00e+00 0.00e+00 0.00e+00
 Sulphur    0  6.25e-01 3.75e-01 1.08e-09 0.00e+00 0.00e+00 0.00e+00 0.00e+00 0.00e+00 0.00e+00 0.00e+00 0.00e+00 0.00e+00 0.00e+00
 Chlorine   0  5.21e-03 9.95e-01 1.84e-09 0.00e+00 0.00e+00 0.00e+00 0.00e+00 0.00e+00 0.00e+00 0.00e+00 0.00e+00 0.00e+00 0.00e+00
 Argon      0  1.00e+00 9.64e-05 5.85e-15 0.00e+00 0.00e+00 0.00e+00 0.00e+00 0.00e+00 0.00e+00 0.00e+00 0.00e+00 0.00e+00 0.00e+00
 Potassium  0  3.97e-04 1.00e+00 1.69e-13 0.00e+00 0.00e+00 0.00e+00 0.00e+00 0.00e+00 0.00e+00 0.00e+00 0.00e+00 0.00e+00 0.00e+00
 Calcium    0  7.63e-04 9.91e-01 8.55e-03 0.00e+00 0.00e+00 0.00e+00 0.00e+00 0.00e+00 0.00e+00 0.00e+00 0.00e+00 0.00e+00 0.00e+00
 Scandium   0  6.95e-04 9.93e-01 6.10e-03 0.00e+00 0.00e+00 0.00e+00 0.00e+00 0.00e+00 0.00e+00 0.00e+00 0.00e+00 0.00e+00 0.00e+00
 Titanium   0  3.11e-04 9.99e-01 4.92e-04 0.00e+00 0.00e+00 0.00e+00 0.00e+00 0.00e+00 0.00e+00 0.00e+00 0.00e+00 0.00e+00 0.00e+00
 Vanadium   0  7.80e-03 9.92e-01 5.40e-05 0.00e+00 0.00e+00 0.00e+00 0.00e+00 0.00e+00 0.00e+00 0.00e+00 0.00e+00 0.00e+00 0.00e+00
 Chromium   0  7.30e-04 9.99e-01 2.50e-04 0.00e+00 0.00e+00 0.00e+00 0.00e+00 0.00e+00 0.00e+00 0.00e+00 0.00e+00 0.00e+00 0.00e+00
 Manganese  0  3.25e-04 1.00e+00 1.37e-04 0.00e+00 0.00e+00 0.00e+00 0.00e+00 0.00e+00 0.00e+00 0.00e+00 0.00e+00 0.00e+00 0.00e+00
 Iron       0  2.67e-04 1.00e+00 7.06e-05 0.00e+00 0.00e+00 0.00e+00 0.00e+00 0.00e+00 0.00e+00 0.00e+00 0.00e+00 0.00e+00 0.00e+00
 Cobalt     0  5.21e-03 9.95e-01 6.20e-07 0.00e+00 0.00e+00 0.00e+00 0.00e+00 0.00e+00 0.00e+00 0.00e+00 0.00e+00 0.00e+00 0.00e+00
 Nickel     0  3.83e-04 1.00e+00 1.94e-12 0.00e+00 0.00e+00 0.00e+00 0.00e+00 0.00e+00 0.00e+00 0.00e+00 0.00e+00 0.00e+00 0.00e+00
 Copper     0  1.17e-02 9.88e-01 3.51e-11 0.00e+00 0.00e+00 0.00e+00 0.00e+00 0.00e+00 0.00e+00 0.00e+00 0.00e+00 0.00e+00 0.00e+00
 Zinc       0  1.66e-02 9.83e-01 3.26e-07 0.00e+00 0.00e+00 0.00e+00 0.00e+00 0.00e+00 0.00e+00 0.00e+00 0.00e+00 0.00e+00 0.00e+00
   IC443 NE diffuse shock -- v shock=80 km/s, T obs=10000K  
   Calculation stopped because H column dens reached. Iteration 1 of 2
   The geometry is plane-parallel.
  !Ionization rate fell below background cosmic ray ionization rate.  Should this be added too?
  !   Use the COSMIC RAY BACKGROUND command.
  !Compton cooling rate underflows to zero.  Is this important?
  !Some input lines contained underscores, these were changed to spaces.
  !There is no hydrogen-ionizing radiation.  Was this intended?
  !Thermal collisional ionization of H reached 85.04% of the local ionization rate.
  !Charge transfer H => H+ reached 90565.4% of the local H ionization rate.
  !Charge transfer heating reached 101.45% of the local heating.
  !Continuum zero at some energies.
  !AGE: Cloud age was not set.  Longest timescale was 8.49e+12 s = 2.69e+05 years.
  !Heating - cooling mismatch =200.0%. Caused by constant temperature assumption. 
  !Mutual neutralization production of H-alpha was significant.
  !Incident radiation field energy density is less than 2.7K.  Add background with CMB command.
  !The CMB was not included.  This is added with the CMB command.
  !The intensity of the incident radiation field is less than 10 times the Habing diffuse ISM field.  Is this OK?
  !   Consider adding diffuse ISM emission with TABLE ISM command.
  !An ionization jump occurred elem S  1, by 158% from 1.23e-01 (zone 1) to 4.87e-01 (zone 2) to 7.68e-01 (zone 3)
   Destruction of He 2TriS reached 1.1% of the total He0 dest rate at zone 266, 1.0% of that was photoionization.
   The density is too low to l-mix the lowest H  I collapsed level.  More resolved levels are needed for accurate line ratios.
   The density is too low to l-mix the lowest He I collapsed level.  More resolved levels are needed for accurate line ratios.
   Grains were not present but might survive in this environment (energy density temperature was 0.00e+00K)
   The local H2 cooling rate reached 1.9% of the local cooling.
   H- absorption heating was 70.0% of the total.
   The optical depth to Rayleigh scattering at 1300A is 1.09e-02
   The fraction of F in HF reached 0.645% at some point in the cloud.

                       *********************************> Cloudy 23.01 <**********************************
                       * title IC443 NE diffuse shock -- v shock=80 km/s, T obs=10000K                   *
                       * hden 2.9394                                                                     *
                       * constant temperature, t=10000 K linear                                          *
                       * stop column density 21.21                                                       *
                       * iterate                                                                         *
                       * save results last "v80.rlt"                                                     *
                       *********************************> Log(U):-37.00 <*********************************

                     Emission Line Spectrum.   Constant  Density Model.    Open geometry.  Iteration 1 of 2.
                                                     Intensity (erg/s/cm^2).


                                                   Intrinsic line intensities
general properties.............................      Co 2                1.62622m   -7.976    0.0014      Fe 2                7975.22A   -7.872    0.0018
TotH                      0    -5.533    0.3987      Co 2                1.73616m   -7.682    0.0028      Fe 2                1.47063m   -8.122    0.0010
TotC                      0    -1.377 5706.7944      Co 2                1.02803m   -7.721    0.0026      Fe 2                1.01273m   -7.799    0.0022
TotM                      0    -6.386    0.0559      Co 2                8580.39A   -7.777    0.0023      Fe 2                6353.11A   -7.923    0.0016
CT H                      0    -6.337    0.0626      Co 2                9342.40A   -6.473    0.0458      Fe 2                1.80228m   -8.023    0.0013
H FB                      0    -6.431    0.0504      Co 2                9943.48A   -6.820    0.0206      Fe 2                1.00387m   -7.953    0.0015
HFBc                      0    -6.431    0.0504      Co 2                7539.01A   -7.141    0.0098      Fe 2                9469.41A   -7.838    0.0020
H  1c                     0    -2.228  804.3449      Co 2                8121.00A   -6.853    0.0191      Fe 2                9384.77A   -7.329    0.0064
NOc                       0    -8.031    0.0013      Co 2                8571.41A   -7.460    0.0047      Fe 2                2.39329m   -7.378    0.0057
CNc                       0    -7.027    0.0128      Co 2                6.21176m   -8.102    0.0011      Fe 2                4825.73A   -6.779    0.0226
OHc                       0    -7.645    0.0031      Co 2                8027.34A   -7.320    0.0065      Fe 2                2.50030m   -7.716    0.0026
HFc                       0    -7.786    0.0022      Co 2                8467.14A   -7.733    0.0025      Fe 2                4867.73A   -7.820    0.0021
COc                       0    -4.711    2.6463      Co 2                8333.76A   -7.501    0.0043      Fe 2                2.59860m   -8.098    0.0011
^13COc                    0    -6.233    0.0796      Cr 2                8000.08A   -5.316    0.6575      Fe 2                4903.85A   -7.272    0.0073
OH+c                      0    -7.612    0.0033      Cr 2                8125.30A   -5.390    0.5546      Fe 2                1.04657m   -8.131    0.0010
CHc                       0    -7.824    0.0020      Cr 2                8229.67A   -5.484    0.4464      Fe 2                3.58120m   -7.723    0.0026
CHc                       0    -7.414    0.0052      Cr 2                8308.49A   -5.671    0.2900      Fe 2                3.15558m   -7.753    0.0024
Al 1c                     0    -8.095    0.0011      Cr 2                8357.64A   -5.969    0.1462      Fe 2                5171.63A   -7.080    0.0113
C  1c                     0    -2.690  277.7269      Fe 1                24.0358m   -5.775    0.2283      Fe 2                5169.03A   -6.297    0.0686
C  2c                     0    -4.874    1.8157      Fe 1                34.7038m   -6.363    0.0590      Fe 2                5018.44A   -7.995    0.0014
Ca 1c                     0    -6.371    0.0579      Fe 2                25.9813m   -3.683   28.2453      Fe 2                6044.54A   -7.524    0.0041
Cl 1c                     0    -6.700    0.0271      Fe 2                5.33871m   -3.160   94.0910      Fe 2                5316.61A   -7.986    0.0014
Co 2c                     0    -5.238    0.7862      Fe 2                4.11387m   -5.522    0.4086      Fe 3                22.9190m   -8.025    0.0013
Cr 2c                     0    -4.812    2.0947      Fe 2                1.25668m   -4.432    5.0349      Fe 3                4985.87A   -7.890    0.0018
Fe 1c                     0    -5.675    0.2873      Fe 2                1.19129m   -7.216    0.0083      K  1                7664.90A   -7.807    0.0021
Fe 2c                     0    -2.509  421.0359      Fe 2                6309.53A   -8.060    0.0012      K  1                7698.96A   -8.104    0.0011
Fe 3c                     0    -7.308    0.0067      Fe 2                4799.30A   -7.960    0.0015      Mg 1                2025.82A   -7.734    0.0025
K  1c                     0    -7.632    0.0032      Fe 2                4704.22A   -7.184    0.0089      Mg 1                2852.13A   -4.727    2.5470
Mg 1c                     0    -4.213    8.3294      Fe 2                4632.28A   -5.391    0.5522      Mg 1                3832.30A   -7.800    0.0022
Mn 2c                     0    -5.608    0.3352      Fe 2                4604.48A   -7.175    0.0091      Mg 1                3838.29A   -7.383    0.0056
N  1c                     0    -3.420   51.7516      Fe 2                4416.27A   -5.373    0.5765      Mg 1                4562.60A   -4.534    3.9783
Na 1c                     0    -6.269    0.0732      Fe 2                4382.74A   -6.342    0.0618      Mg 1                4571.10A   -4.972    1.4497
Ni 1c                     0    -6.700    0.0272      Fe 2                4287.39A   -4.410    5.2850      Mg 1                4575.29A   -5.900    0.1711
O  1c                     0    -1.775 2283.5693      Fe 2                3931.44A   -8.005    0.0013      Mg 1                5167.32A   -7.059    0.0119
O  2c                     0    -5.855    0.1897      Fe 2                3874.07A   -7.636    0.0031      Mg 1                5172.68A   -6.584    0.0354
P  2c                     0    -4.495    4.3470      Fe 2                3175.38A   -6.222    0.0816      Mg 1                5183.60A   -6.364    0.0588
S  1c                     0    -4.389    5.5466      Fe 2                2599.40A   -7.253    0.0076      Mg 1                8806.76A   -6.640    0.0311
S  2c                     0    -3.392   55.1203      Fe 2                2382.04A   -5.467    0.4641      Mg 1                1.18282m   -6.798    0.0216
Sc 2c                     0    -6.534    0.0397      Fe 2                2343.50A   -8.080    0.0011      Mg 1                1.50250m   -7.625    0.0032
Si 1c                     0    -6.732    0.0252      Fe 2                35.3391m   -4.344    6.1601      Mg 1                1.50402m   -8.069    0.0012
Si 2c                     0    -2.010 1330.4781      Fe 2                6.71944m   -4.300    6.8224      Mg 1                1.71087m   -7.305    0.0067
Zn 2c                     0    -6.798    0.0217      Fe 2                4.88781m   -5.186    0.8868      Mn 2                2576.10A   -5.998    0.1366
Al 2c                     0    -4.331    6.3510      Fe 2                4.07521m   -6.007    0.1338      Mn 2                2593.72A   -6.092    0.1100
Ca 2c                     0    -3.063  117.7126      Fe 2                1.32055m   -4.928    1.6054      Mn 2                2605.68A   -6.231    0.0799
Cl 2c                     0    -4.885    1.7706      Fe 2                1.24854m   -5.962    0.1486      Mn 2                3438.97A   -7.352    0.0060
Mg 2c                     0    -2.826  202.8024      Fe 2                1.20512m   -7.774    0.0023      Mn 2                3460.03A   -7.886    0.0018
N  2c                     0    -6.009    0.1331      Fe 2                7637.52A   -5.231    0.7981      N  1                1199.55A   -7.290    0.0070
Ni 2c                     0    -3.870   18.3334      Fe 2                7523.28A   -7.279    0.0072      N  1                1200.22A   -7.463    0.0047
continua.......................................      Fe 2                4889.62A   -5.255    0.7555      N  1                1200.71A   -7.767    0.0023
Bac                 3646.00A   -5.719    0.2597      Fe 2                4750.27A   -7.987    0.0014      N  1                3466.50A   -5.764    0.2339
nFnu                3645.00A   -3.219   82.0631      Fe 2                4716.37A   -6.269    0.0732      N  1                3466.54A   -6.438    0.0497
nFnu                3647.00A   -3.221   81.8034      Fe 2                4687.56A   -6.472    0.0458      N  1                5197.90A   -3.834   19.9308
cout                3646.00A   -6.020    0.1299      Fe 2                4492.64A   -6.242    0.0779      N  1                5200.26A   -3.658   29.8949
cref                3646.00A   -6.020    0.1299      Fe 2                4457.95A   -5.641    0.3111      N  1                1.03977m   -5.269    0.7321
thin                3646.00A   -5.719    0.2597      Fe 2                4432.45A   -6.434    0.0500      N  1                1.03982m   -5.792    0.2197
Ba C                      0    -6.463    0.0468      Fe 2                4359.33A   -4.541    3.9164      N  1                1.04072m   -5.617    0.3286
PA C                      0    -6.880    0.0179      Fe 2                3224.54A   -7.318    0.0065      N  1                1.04076m   -5.605    0.3380
FIR                 83.0000m   -1.785 2228.8928      Fe 2                3214.67A   -6.736    0.0250      Na 1                5889.95A   -6.571    0.0365
TIR                 1800.00m   -4.353    6.0394      Fe 2                2625.67A   -3.697   27.2999      Na 1                5895.92A   -6.570    0.0366
NIRa                2.85000m   -1.831 2005.7681      Fe 2                2611.87A   -4.476    4.5472      Ni 1                7.50454m   -6.700    0.0272
NIRb                3.00000m   -2.970  145.6635      Fe 2                2598.37A   -5.707    0.2669      O  1                1302.17A   -7.974    0.0014
MIRa                15.0000m   -3.066  116.8902      Fe 2                2395.63A   -4.709    2.6598      O  1                1304.86A   -6.403    0.0537
MIRb                22.5000m   -1.965 1474.8577      Fe 2                2388.63A   -5.791    0.2202      O  1                1306.03A   -6.776    0.0228
NMIR                21.7500m   -1.831 2005.7681      Fe 2                2383.06A   -7.586    0.0035      O  1                1355.60A   -6.474    0.0456
TFIR                611.250m   -2.784  223.7937      Fe 2                2364.83A   -5.088    1.1108      O  1                1358.51A   -6.802    0.0214
TALL                10000.0A   -1.378 5695.2222      Fe 2                2332.80A   -6.230    0.0801      O  1                2972.29A   -5.918    0.1641
F12                 12.0000m   -4.972    1.4491      Fe 2                2279.91A   -7.691    0.0028      O  1                5577.34A   -4.969    1.4614
F25                 25.0000m   -3.585   35.3283      Fe 2                51.2868m   -4.862    1.8668      O  1                6300.30A   -3.279   71.5483
F60                 60.0000m   -1.830 2010.2720      Fe 2                5.67236m   -5.997    0.1369      O  1                6363.78A   -3.774   22.8570
F100                100.000m   -5.217    0.8254      Fe 2                4.60641m   -5.807    0.2123      O  1                6391.73A   -7.103    0.0107
MIPS                24.0000m   -3.585   35.3230      Fe 2                4.08085m   -6.553    0.0381      O  1                44.0453m   -7.474    0.0046
MIPS                70.0000m   -1.831 2007.0419      Fe 2                1.37181m   -5.171    0.9164      O  1                63.1679m   -1.831 2006.3081
MIPS                160.000m   -2.871  182.9530      Fe 2                1.29427m   -5.747    0.2435      O  1                145.495m   -2.877  180.5577
IRAC                3.60000m   -6.190    0.0879      Fe 2                7806.23A   -7.004    0.0135      O  2                2470.34A   -7.882    0.0018
IRAC                4.50000m   -4.872    1.8266      Fe 2                7686.93A   -5.309    0.6673      O  2                7319.99A   -8.075    0.0011
IRAC                5.80000m   -3.159   94.2433      Fe 2                7552.40A   -7.788    0.0022      O  2                3728.81A   -6.089    0.1107
IRAC                8.00000m   -4.167    9.2640      Fe 2                4958.23A   -7.106    0.0107      O  2                3726.03A   -6.265    0.0739
SPR1                250.000m   -5.510    0.4205      Fe 2                4750.57A   -7.103    0.0107      P  2                60.6263m   -5.236    0.7905
SPR2                350.000m   -3.607   33.6122      Fe 2                4728.07A   -5.904    0.1697      P  2                1532.53A   -7.960    0.0015
SPR3                500.000m   -5.759    0.2367      Fe 2                4514.90A   -6.266    0.0737      P  2                32.8620m   -5.335    0.6282
PAC1                70.0000m   -1.831 2007.8502      Fe 2                4488.75A   -5.986    0.1406      P  2                1.14682m   -5.253    0.7600
PAC2                100.000m   -5.215    0.8296      Fe 2                4470.30A   -7.189    0.0088      P  2                4669.25A   -6.918    0.0164
PAC3                160.000m   -2.870  183.2414      Fe 2                4413.78A   -4.692    2.7650      P  2                2195.57A   -7.197    0.0086
PAH                 3.30000m   -6.995    0.0138      Fe 2                3254.24A   -6.795    0.0218      P  2                1536.42A   -7.598    0.0034
PAHC                3.23000m   -7.275    0.0072      Fe 2                3244.18A   -7.090    0.0111      P  2                1535.92A   -7.629    0.0032
PAHC                3.37000m   -7.271    0.0073      Fe 2                2631.32A   -4.595    3.4553      P  2                1.18828m   -4.829    2.0144
PAH                 6.20000m   -7.040    0.0124      Fe 2                2617.62A   -6.036    0.1251      P  2                2210.34A   -6.744    0.0245
PAHC                5.65000m   -5.955    0.1508      Fe 2                2607.09A   -5.978    0.1431      P  2                1542.30A   -7.916    0.0016
PAH                 7.90000m   -6.528    0.0403      Fe 2                2404.89A   -5.666    0.2932      P  2                7875.99A   -6.169    0.0921
PAHC                6.90000m   -4.169    9.2184      Fe 2                2399.24A   -6.500    0.0430      S  1                1483.04A   -7.800    0.0022
PAH                 11.3000m   -6.661    0.0297      Fe 2                2395.42A   -7.435    0.0050      S  1                1820.34A   -6.485    0.0445
PAHC                10.9000m   -6.045    0.1226      Fe 2                2380.76A   -4.519    4.1182      S  1                1826.24A   -6.969    0.0146
PAH                 11.8000m   -7.724    0.0026      Fe 2                2348.30A   -6.226    0.0807      S  1                25.2421m   -4.439    4.9450
PAHC                12.6500m   -5.796    0.2175      Fe 2                2327.40A   -6.809    0.0211      S  1                56.2957m   -5.399    0.5430
PAH                 13.3000m   -7.753    0.0024      Fe 2                87.3597m   -5.565    0.3706      S  2                6730.82A   -3.815   20.8364
PAHC                14.1000m   -5.455    0.4774      Fe 2                5.06097m   -6.465    0.0466      S  2                6716.44A   -3.654   30.1890
Bcon                3640.00A   -2.117 1038.9218      Fe 2                4.43363m   -6.382    0.0564      S  2                4076.35A   -5.363    0.5901
Pcon                5000.00A   -2.522  408.6511      Fe 2                1.40951m   -7.793    0.0022      S  2                4068.60A   -4.871    1.8286
O3bn                5007.00A   -4.394    5.4885      Fe 2                1.32777m   -5.931    0.1596      S  2                1.03364m   -5.501    0.4292
HFFc                      0    -5.275    0.7223      Fe 2                1.27877m   -5.988    0.1399      S  2                1.02867m   -5.498    0.4324
H FF                      0    -6.829    0.0202      Fe 2                1.25214m   -7.028    0.0128      S  2                1.03705m   -5.823    0.2046
MeFB                      0    -7.276    0.0072      Fe 2                7926.88A   -7.265    0.0074      S  2                1.03205m   -5.364    0.5883
MeFF                      0    -7.628    0.0032      Fe 2                7803.89A   -7.006    0.0134      S  2                1259.52A   -7.163    0.0093
ToFF                      0    -6.765    0.0234      Fe 2                7665.28A   -6.258    0.0750      S  2                1253.81A   -7.232    0.0080
Mion                      0    -6.346    0.0614      Fe 2                5006.63A   -6.406    0.0534      S  2                1250.58A   -7.545    0.0039
nFnu                122.400m   -7.797    0.0022      Fe 2                4772.06A   -7.219    0.0082      Sc 2                4246.82A   -7.686    0.0028
nFnu                60.8322m   -7.426    0.0051      Fe 2                4639.67A   -6.903    0.0170      Sc 2                7043.49A   -7.459    0.0047
nFnu                41.2152m   -7.212    0.0083      Fe 2                4528.39A   -6.514    0.0416      Sc 2                8261.17A   -7.973    0.0014
nFnu                30.8695m   -7.051    0.0121      Fe 2                4509.61A   -6.862    0.0187      Sc 2                8271.28A   -7.859    0.0019
nFnu                24.7829m   -6.927    0.0161      Fe 2                4452.10A   -4.884    1.7754      Sc 2                8326.62A   -8.113    0.0010
nFnu                24.2998m   -6.916    0.0165      Fe 2                3277.55A   -7.020    0.0130      Sc 2                8347.28A   -7.678    0.0029
nFnu                22.8302m   -6.882    0.0179      Fe 2                3277.12A   -7.924    0.0016      Sc 2                8384.33A   -7.990    0.0014
nFnu                21.4199m   -6.845    0.0194      Fe 2                3275.02A   -7.095    0.0109      Sc 2                1.07804m   -8.057    0.0012
nFnu                21.1235m   -6.836    0.0199      Fe 2                2631.05A   -5.815    0.2082      Sc 2                2.03194m   -7.595    0.0035
nFnu                19.6199m   -6.793    0.0219      Fe 2                2620.41A   -7.625    0.0032      Sc 2                2.04712m   -7.942    0.0016
nFnu                17.6534m   -6.732    0.0252      Fe 2                2613.82A   -6.612    0.0332      Sc 2                2.07591m   -7.586    0.0035
nFnu                17.3700m   -6.722    0.0258      Fe 2                2410.52A   -6.501    0.0430      Sc 2                2.07842m   -7.420    0.0052
nFnu                15.6901m   -6.661    0.0297      Fe 2                2406.66A   -6.747    0.0243      Sc 2                2.08152m   -7.689    0.0028
nFnu                14.6036m   -6.619    0.0327      Fe 2                2404.43A   -7.480    0.0045      Sc 2                2.11129m   -7.862    0.0019
nFnu                12.4300m   -6.518    0.0413      Fe 2                2359.11A   -6.523    0.0408      Sc 2                2.12445m   -7.861    0.0019
nFnu                11.4000m   -6.463    0.0468      Fe 2                2338.01A   -6.619    0.0327      Si 1                2519.20A   -7.836    0.0020
nFnu                10.4600m   -6.407    0.0533      Fe 2                4.67067m   -7.007    0.0134      Si 1                2528.51A   -7.609    0.0033
nFnu                9.48002m   -6.343    0.0617      Fe 2                1.29777m   -6.318    0.0653      Si 1                68.4548m   -7.122    0.0103
nFnu                9.32488m   -6.332    0.0633      Fe 2                1.27034m   -6.190    0.0877      Si 1                129.641m   -7.194    0.0087
nFnu                8.21035m   -6.246    0.0773      Fe 2                7999.47A   -8.012    0.0013      Si 2                34.8046m   -2.014 1316.4957
nFnu                7.58000m   -6.189    0.0880      Fe 2                7874.24A   -6.360    0.0594      Si 2                2334.41A   -5.158    0.9452
nFnu                7.05026m   -6.136    0.0995      Fe 2                7733.14A   -6.906    0.0169      Si 2                2328.52A   -5.747    0.2434
nFnu                4.11370m   -5.700    0.2715      Fe 2                4798.28A   -6.769    0.0231      Si 2                1808.01A   -5.371    0.5787
nFnu                2.32440m   -5.147    0.9703      Fe 2                4664.45A   -7.417    0.0052      Si 2                1526.71A   -7.413    0.0053
nFnu                1.64313m   -4.781    2.2525      Fe 2                4533.01A   -7.409    0.0053      Si 2                1260.42A   -7.141    0.0098
nFnu                1.48022m   -4.666    2.9350      Fe 2                4474.90A   -5.197    0.8648      Si 2                2350.17A   -4.985    1.4089
nFnu                1.43649m   -4.631    3.1808      Fe 2                3289.89A   -7.405    0.0053      Si 2                2344.20A   -4.598    3.4312
nFnu                1.11867m   -4.352    6.0494      Fe 2                3289.46A   -7.184    0.0089      Si 2                2334.60A   -4.699    2.7201
nFnu                8329.68A   -4.035   12.5341      Fe 2                2628.29A   -6.331    0.0634      Si 2                1817.45A   -4.963    1.4804
nFnu                8078.61A   -4.003   13.4981      Fe 2                2621.67A   -7.178    0.0090      Si 2                1816.93A   -4.740    2.4732
nFnu                6209.66A   -3.735   25.0169      Fe 2                2413.31A   -7.024    0.0129      Si 2                1533.43A   -5.549    0.3842
nFnu                4885.36A   -3.500   43.0398      Fe 2                2411.07A   -7.028    0.0128      Si 2                1309.28A   -6.317    0.0656
nFnu                3704.34A   -3.235   79.1254      Fe 2                2344.28A   -6.752    0.0241      Si 2                1265.00A   -6.102    0.1076
nFnu                3587.67A   -3.206   84.6384      Fe 2                17.9311m   -4.148    9.6788      Si 2                1264.74A   -6.520    0.0411
nFnu                2430.05A   -2.853  190.5533      Fe 2                1.64355m   -3.254   75.8364      Si 2                1197.39A   -6.498    0.0432
nFnu                2392.03A   -2.839  196.8654      Fe 2                1.53348m   -4.378    5.6917      Si 2                1194.50A   -6.803    0.0214
nFnu                2071.34A   -2.721  258.6100      Fe 2                8616.95A   -4.642    3.1010      Si 2                3862.60A   -7.732    0.0025
nFnu                2052.68A   -2.713  263.3311      Fe 2                7155.17A   -4.769    2.3148      Si 2                3856.02A   -7.701    0.0027
nFnu                1793.44A   -2.616  329.0417      Fe 2                6896.17A   -6.222    0.0815      Si 2                6371.37A   -7.649    0.0031
nFnu                1585.12A   -2.552  381.6111      Fe 2                5413.37A   -6.678    0.0286      Si 2                6347.11A   -7.567    0.0037
nFnu                1458.33A   -2.546  387.1505      Fe 2                5280.27A   -7.216    0.0083      Zn 2                2062.00A   -7.216    0.0083
nFnu                1356.96A   -2.586  353.0441      Fe 2                5273.36A   -4.769    2.3123      Zn 2                2025.48A   -6.978    0.0143
nFnu                1297.29A   -2.699  272.2727      Fe 2                5158.79A   -4.158    9.4444      Al 2                2669.15A   -4.779    2.2599
nFnu                1262.79A   -2.878  180.2184      Fe 2                5111.64A   -5.065    1.1699      Al 2                2660.35A   -4.606    3.3716
nFnu                1218.08A   -7.050    0.0121      Fe 2                5072.41A   -4.811    2.1020      Al 2                1670.79A   -5.273    0.7259
nFnu                1196.33A   -6.529    0.0403      Fe 2                5039.10A   -6.245    0.0773      Al 2                3900.67A   -8.015    0.0013
nFnu                1175.06A   -6.482    0.0448      Fe 2                4814.54A   -5.115    1.0440      Ca 2                7323.89A   -3.546   38.6831
nFnu                1143.64A   -6.603    0.0340      Fe 2                4774.73A   -5.555    0.3790      Ca 2                7291.47A   -3.379   56.8057
nFnu                1113.22A   -6.714    0.0262      Fe 2                4745.49A   -6.607    0.0336      Ca 2                3968.47A   -6.025    0.1284
nFnu                1103.23A   -6.743    0.0246      Fe 2                4661.78A   -7.704    0.0027      Ca 2                8662.14A   -4.271    7.2787
nFnu                1073.86A   -7.594    0.0035      Fe 2                4243.97A   -4.485    4.4543      Ca 2                3933.66A   -5.974    0.1443
nFnu                1064.34A   -7.634    0.0032      Fe 2                4177.20A   -5.575    0.3621      Ca 2                8498.02A   -4.966    1.4703
nFnu                1035.92A   -7.744    0.0025      Fe 2                4146.65A   -7.150    0.0096      Ca 2                8542.09A   -4.019   13.0071
nFnu                1000.00A   -7.900    0.0017      Fe 2                4114.48A   -7.485    0.0045      Ca 2                3706.02A   -6.641    0.0311
nFnu                925.144A   -7.914    0.0017      Fe 2                3929.35A   -7.736    0.0025      Ca 2                3736.90A   -6.345    0.0615
RRC............................................      Fe 2                3387.09A   -5.990    0.1391      Ca 2                3158.87A   -6.664    0.0295
H  1                911.753A   -5.821    0.2054      Fe 2                3376.20A   -5.193    0.8730      Ca 2                3181.27A   -7.370    0.0058
H  1                3645.98A   -6.885    0.0177      Fe 2                2732.45A   -6.215    0.0830      Ca 2                3179.33A   -6.415    0.0523
H  1                3645.98A   -6.539    0.0394      Fe 2                2493.30A   -3.870   18.3280      Ca 2                1.19497m   -8.061    0.0012
H  1                8203.57A   -7.620    0.0033      Fe 2                2484.20A   -7.145    0.0097      Ca 2                1.18390m   -7.771    0.0023
H  1                8203.57A   -7.226    0.0081      Fe 2                2360.00A   -6.162    0.0936      Ca 2                1838.01A   -7.602    0.0034
H  1                8203.57A   -7.329    0.0064      Fe 2                2348.12A   -6.349    0.0609      Ca 2                1840.03A   -7.446    0.0049
H  1                1.45842m   -8.106    0.0011      Fe 2                2331.31A   -7.610    0.0033      Ca 2                2112.76A   -8.074    0.0011
H  1                1.45842m   -7.706    0.0027      Fe 2                24.5126m   -4.847    1.9325      Cl 2                14.3639m   -5.456    0.4759
H  1                1.45842m   -7.702    0.0027      Fe 2                1.80940m   -3.854   19.0171      Cl 2                33.2721m   -6.537    0.0395
H  1                1.45842m   -8.043    0.0012      Fe 2                1.67688m   -4.804    2.1373      Cl 2                8578.70A   -5.144    0.9762
H  1                2.27878m   -8.063    0.0012      Fe 2                1.59948m   -4.711    2.6441      Cl 2                9123.60A   -5.729    0.2540
H  1                2.27878m   -8.027    0.0013      Fe 2                9051.95A   -4.483    4.4679      Cl 2                3677.85A   -7.066    0.0117
Al 1                2070.66A   -8.083    0.0011      Fe 2                8891.93A   -4.908    1.6803      Cl 2                6161.84A   -7.020    0.0130
Si 1                1520.96A   -7.085    0.0112      Fe 2                7452.56A   -5.261    0.7457      Mg 2                2802.71A   -3.302   67.9038
S  1                1196.76A   -7.562    0.0037      Fe 2                7172.00A   -5.178    0.9033      Mg 2                2795.53A   -3.005  134.3666
grains.........................................      Fe 2                6275.53A   -7.134    0.0100      Mg 2                2936.52A   -6.232    0.0797
H-like iso-sequence............................      Fe 2                5527.36A   -5.750    0.2419      Mg 2                2928.64A   -6.534    0.0398
Cool                1215.67A   -2.448  484.2179      Fe 2                5440.48A   -7.509    0.0042      Mg 2                2797.93A   -6.972    0.0145
Crst                960.000A   -2.628  320.1270      Fe 2                5433.15A   -5.283    0.7082      Mg 2                2790.77A   -6.270    0.0731
CION                      0    -4.689    2.7821      Fe 2                5261.63A   -4.539    3.9343      Mg 2                2798.00A   -6.017    0.1309
Dest                1215.67A   -8.097    0.0011      Fe 2                5220.08A   -5.814    0.2087      Mg 2                9244.22A   -8.088    0.0011
Ca B                1215.67A   -5.458    0.4732      Fe 2                5184.80A   -5.710    0.2654      Mg 2                9218.22A   -7.793    0.0022
CaBo                4861.32A   -6.992    0.0139      Fe 2                5158.01A   -5.659    0.2982      N  2                205.283m   -7.292    0.0069
Ca A                1215.67A   -5.649    0.3051      Fe 2                4947.39A   -5.059    1.1881      N  2                121.769m   -7.496    0.0043
Ca A                1025.72A   -6.296    0.0688      Fe 2                4905.35A   -5.410    0.5290      N  2                6548.05A   -6.656    0.0301
Ca A                972.537A   -6.706    0.0267      Fe 2                4874.50A   -5.453    0.4794      N  2                6583.45A   -6.186    0.0886
Ca A                949.743A   -7.010    0.0133      Fe 2                4852.74A   -6.814    0.0209      N  2                5754.59A   -8.034    0.0013
Ca A                937.803A   -7.252    0.0076      Fe 2                4346.86A   -5.112    1.0505      N  2                2142.77A   -8.040    0.0012
Ca A                930.748A   -7.455    0.0048      Fe 2                4276.84A   -5.036    1.2519      Ni 2                1.19102m   -4.132   10.0290
Ca A                926.226A   -7.628    0.0032      Fe 2                4244.82A   -5.848    0.1931      Ni 2                6.63416m   -4.758    2.3727
Ca A                923.150A   -7.781    0.0023      Fe 2                4231.56A   -7.448    0.0049      Ni 2                1.07151m   -5.747    0.2433
Ca A                920.963A   -7.917    0.0016      Fe 2                4211.11A   -7.419    0.0052      Ni 2                10.6793m   -5.385    0.5607
Ca A                919.351A   -8.040    0.0012      Fe 2                3455.11A   -6.096    0.1089      Ni 2                1.27792m   -7.571    0.0036
Ca A                6562.80A   -6.718    0.0260      Fe 2                3452.31A   -5.785    0.2231      Ni 2                1.16130m   -6.266    0.0736
Ca A                4861.32A   -7.169    0.0092      Fe 2                3440.99A   -5.671    0.2900      Ni 2                12.7253m   -5.803    0.2139
Ca A                4340.46A   -7.494    0.0044      Fe 2                2774.73A   -7.452    0.0048      Ni 2                9882.95A   -7.016    0.0131
Ca A                4101.73A   -7.747    0.0024      Fe 2                2759.34A   -7.802    0.0021      Ni 2                1.09177m   -6.554    0.0380
Ca A                3970.07A   -7.956    0.0015      Fe 2                2485.07A   -7.683    0.0028      Ni 2                18.2355m   -6.520    0.0410
Ca A                1.87510m   -7.510    0.0042      Fe 2                2391.48A   -6.765    0.0234      Ni 2                9374.87A   -7.309    0.0067
Ca A                1.28181m   -7.837    0.0020      Fe 2                2379.28A   -7.374    0.0057      Ni 2                7377.83A   -4.912    1.6669
Ca A                1.09381m   -8.098    0.0011      Fe 2                2362.02A   -6.289    0.0699      Ni 2                8300.99A   -6.208    0.0843
Ca A                4.05115m   -8.111    0.0011      Fe 2                35.7675m   -5.647    0.3065      Ni 2                1.93877m   -5.619    0.3266
Ca B                6562.80A   -6.536    0.0395      Fe 2                1.95361m   -4.765    2.3339      Ni 2                2.36883m   -6.906    0.0169
Ca B                4861.32A   -6.993    0.0138      Fe 2                1.80002m   -4.819    2.0614      Ni 2                2.91064m   -6.575    0.0362
Ca B                4340.46A   -7.323    0.0065      Fe 2                1.71113m   -5.389    0.5553      Ni 2                6666.80A   -5.764    0.2342
Ca B                4101.73A   -7.580    0.0036      Fe 2                1.66377m   -5.008    1.3344      Ni 2                7411.61A   -5.545    0.3877
Ca B                3970.07A   -7.792    0.0022      Fe 2                9399.04A   -4.906    1.6904      Ni 2                1.76458m   -7.690    0.0028
Ca B                3889.05A   -7.972    0.0015      Fe 2                9226.63A   -4.852    1.9137      Ni 2                2.04866m   -7.268    0.0073
Ca B                3835.38A   -8.129    0.0010      Fe 2                9033.49A   -5.927    0.1610      Ni 2                2.30794m   -6.725    0.0256
Ca B                1.87510m   -7.464    0.0047      Fe 2                7388.17A   -5.298    0.6852      Ni 2                6.91767m   -7.024    0.0129
Ca B                1.28181m   -7.780    0.0023      Fe 2                6440.41A   -6.249    0.0766      Ni 2                4326.24A   -5.710    0.2650
Ca B                1.09381m   -8.037    0.0012      Fe 2                6229.28A   -7.400    0.0054      Ni 2                4628.05A   -6.132    0.1003
Ca B                4.05115m   -8.089    0.0011      Fe 2                5654.87A   -6.710    0.0265      Ni 2                6794.20A   -7.188    0.0088
H  1                2431.34A   -2.666  293.5362      Fe 2                5556.31A   -5.953    0.1517      Ni 2                7255.82A   -6.065    0.1171
H  1                1215.67A   -2.431  503.9358      Fe 2                5412.67A   -6.479    0.0451      Ni 2                7694.56A   -7.136    0.0100
H  1                6562.80A   -4.372    5.7778      Fe 2                5333.66A   -4.826    2.0311      Ni 2                8033.54A   -7.300    0.0068
H  1                4861.32A   -5.134    1.0000      Fe 2                5296.84A   -6.109    0.1059      Ni 2                1.04597m   -6.549    0.0384
H  1                4340.46A   -5.514    0.4162      Fe 2                5268.89A   -5.829    0.2016      Ni 2                1.23230m   -6.576    0.0361
H  1                4101.73A   -7.181    0.0090      Fe 2                5107.96A   -6.764    0.0234      Ni 2                4201.17A   -5.894    0.1738
H  1                3970.07A   -7.466    0.0047      Fe 2                5049.30A   -5.232    0.7970      Ni 2                4485.21A   -6.346    0.0613
H  1                3889.05A   -7.695    0.0027      Fe 2                5005.52A   -5.286    0.7035      Ni 2                7307.65A   -6.242    0.0780
H  1                3835.38A   -7.886    0.0018      Fe 2                4973.40A   -5.554    0.3799      Ni 2                7612.72A   -6.570    0.0366
H  1                3797.90A   -8.050    0.0012      Fe 2                4950.76A   -5.899    0.1714      Ni 2                1.13597m   -7.253    0.0076
H  1                3770.63A   -7.808    0.0021      Fe 2                4352.79A   -5.352    0.6050      Ni 2                4285.31A   -7.102    0.0108
H  1                3750.15A   -7.922    0.0016      Fe 2                4319.62A   -5.618    0.3280      Ni 2                6791.48A   -6.816    0.0208
H  1                3734.37A   -8.024    0.0013      Fe 2                4305.90A   -6.420    0.0517      Ni 2                7054.20A   -6.721    0.0259
H  1                3721.94A   -8.116    0.0010      Fe 2                4084.33A   -7.741    0.0025      Ni 2                9.61508m   -8.011    0.0013
H  1                1.87510m   -5.905    0.1694      Fe 2                3504.51A   -6.399    0.0542      Ni 2                4033.04A   -6.161    0.0939
H  1                1.28181m   -6.218    0.0824      Fe 2                3504.02A   -6.256    0.0754      Ni 2                4294.09A   -6.280    0.0715
H  1                1.09381m   -7.569    0.0037      Fe 2                3501.63A   -5.820    0.2060      Ni 2                6467.29A   -7.313    0.0066
H  1                1.00494m   -7.872    0.0018      Fe 2                3489.99A   -6.499    0.0431      Ni 2                6813.57A   -6.301    0.0680
H  1                9545.97A   -8.113    0.0010      Fe 2                2385.01A   -7.100    0.0108      Ni 2                7078.04A   -6.850    0.0192
H  1                4.05115m   -6.773    0.0229      Fe 2                2.06648m   -6.159    0.0943      Ni 2                1.02090m   -7.631    0.0032
H  1                2.62515m   -7.751    0.0024      Fe 2                1.89541m   -5.555    0.3787      Ni 2                3993.06A   -5.814    0.2087
H  1                2.16553m   -8.096    0.0011      Fe 2                1.79711m   -5.042    1.2337      Ni 2                4248.80A   -6.289    0.0699
H  1                7.45782m   -7.793    0.0022      Fe 2                1.74494m   -5.331    0.6349      Ni 2                6007.06A   -7.403    0.0054
He-like iso-sequence...........................      Fe 2                9652.70A   -5.754    0.2394      Ni 2                6365.10A   -6.288    0.0701
Pho+                3889.00A   -7.791    0.0022      Fe 2                9470.94A   -5.242    0.7786      Ni 2                6700.24A   -7.681    0.0028
extra Lyman....................................      Fe 2                9267.56A   -5.623    0.3238      Ni 2                6955.82A   -7.716    0.0026
database lines.................................      Fe 2                7544.00A   -7.937    0.0016      Ni 2                8703.87A   -6.743    0.0246
CN                  2640.74m   -8.039    0.0012      Fe 2                6558.51A   -6.463    0.0468      Ni 2                9956.63A   -6.969    0.0146
CN                  1321.03m   -8.082    0.0011      Fe 2                5745.71A   -7.081    0.0113      Ni 2                5.18504m   -7.749    0.0024
HF                  243.178m   -7.886    0.0018      Fe 2                5643.98A   -6.925    0.0162      Ni 2                3438.88A   -6.003    0.1350
CO                  1300.05m   -7.184    0.0089      Fe 2                5495.84A   -6.756    0.0239      Ni 2                3626.89A   -6.311    0.0665
CO                  866.727m   -6.538    0.0394      Fe 2                5376.47A   -5.220    0.8194      Ni 2                3378.16A   -6.617    0.0328
CO                  650.074m   -6.253    0.0760      Fe 2                5347.66A   -6.334    0.0630      Ni 2                3559.41A   -6.597    0.0344
CO                  520.089m   -6.119    0.1034      Fe 2                5181.96A   -6.610    0.0334      level 1 lines..................................
CO                  433.438m   -6.045    0.1225      Fe 2                5076.57A   -5.890    0.1750      recombination..................................
CO                  371.549m   -6.011    0.1325      Fe 2                5043.53A   -5.760    0.2361      level2 lines...................................
CO                  325.137m   -5.993    0.1382      Fe 2                5020.25A   -5.877    0.1807      C  1                1247.50A   -6.945    0.0154
CO                  289.041m   -5.987    0.1402      Fe 2                4372.43A   -5.892    0.1744      C  1                1314.77A   -6.861    0.0187
CO                  260.169m   -5.990    0.1391      Fe 2                4358.37A   -6.103    0.1072      C  1                1233.29A   -7.480    0.0045
CO                  236.549m   -6.001    0.1358      Fe 2                4080.00A   -7.773    0.0023      C  1                1250.68A   -7.639    0.0031
CO                  216.868m   -6.020    0.1297      Fe 2                3539.19A   -6.104    0.1071      Mg 1                1817.31A   -7.929    0.0016
CO                  200.218m   -6.044    0.1229      Fe 2                3538.69A   -6.397    0.0545      Mg 1                1660.94A   -8.131    0.0010
CO                  185.949m   -6.065    0.1171      Fe 2                3536.25A   -6.523    0.0408      Si 2                1179.59A   -7.477    0.0045
CO                  173.584m   -6.089    0.1108      Fe 2                3524.38A   -7.831    0.0020      S  1                1356.05A   -7.473    0.0046
CO                  162.767m   -6.115    0.1043      Fe 2                22.8961m   -7.152    0.0096      S  1                1392.25A   -7.921    0.0016
CO                  153.225m   -6.144    0.0977      Fe 2                1.81139m   -7.432    0.0050      Fe 1                2484.25A   -7.775    0.0023
CO                  144.745m   -6.173    0.0913      Fe 2                7764.71A   -6.638    0.0313      Fe 1                2526.51A   -8.016    0.0013
CO                  137.159m   -6.204    0.0850      Fe 2                7336.73A   -6.928    0.0161      Sc 2                2555.14A   -8.105    0.0011
CO                  130.333m   -6.236    0.0791      Fe 2                7267.25A   -7.896    0.0017      Sc 2                3627.22A   -6.458    0.0474
CO                  124.160m   -6.273    0.0726      Fe 2                6809.24A   -6.905    0.0169      Sc 2                3575.45A   -6.579    0.0358
CO                  118.548m   -6.312    0.0662      Fe 2                6729.87A   -7.186    0.0089      Sc 2                3368.13A   -7.140    0.0099
CO                  113.427m   -6.353    0.0603      Fe 2                6671.93A   -7.749    0.0024      Ti 2                3364.74A   -4.884    1.7747
CO                  108.733m   -6.396    0.0547      Fe 2                5721.37A   -8.023    0.0013      Ti 2                3237.15A   -5.124    1.0221
CO                  104.416m   -6.439    0.0495      Fe 2                5163.96A   -6.929    0.0160      Ti 2                1904.17A   -6.995    0.0137
CO                  100.433m   -6.484    0.0446      Fe 2                4266.35A   -7.635    0.0032      Ti 2                1907.36A   -6.736    0.0250
CO                  96.7462m   -6.531    0.0401      Fe 2                4249.08A   -7.906    0.0017      V  2                2710.94A   -7.205    0.0085
CO                  93.3237m   -6.579    0.0359      Fe 2                4157.92A   -7.904    0.0017      V  2                2684.22A   -6.973    0.0145
CO                  90.1384m   -6.629    0.0319      Fe 2                3277.35A   -6.342    0.0619      V  2                2139.33A   -7.583    0.0036
CO                  87.1666m   -6.681    0.0283      Fe 2                3255.89A   -7.552    0.0038      Cr 1                4269.56A   -7.872    0.0018
CO                  84.3877m   -6.735    0.0251      Fe 2                2926.59A   -6.976    0.0144      Cr 1                3589.90A   -7.692    0.0028
CO                  81.7835m   -6.789    0.0221      Fe 2                2880.76A   -6.957    0.0150      Cr 2                2059.78A   -5.483    0.4469
CO                  79.3383m   -6.846    0.0194      Fe 2                2755.74A   -5.303    0.6764      Mn 2                1198.85A   -7.842    0.0020
CO                  77.0375m   -6.905    0.0169      Fe 2                2739.55A   -5.924    0.1622      Co 2                2060.90A   -6.947    0.0154
CO                  74.8697m   -6.964    0.0148      Fe 2                2716.70A   -6.213    0.0832      Co 2                2018.80A   -6.982    0.0142
CO                  72.8231m   -7.025    0.0128      Fe 2                34.6508m   -8.024    0.0013      Co 2                1949.74A   -7.061    0.0118
CO                  70.8878m   -7.088    0.0111      Fe 2                1.00287m   -6.624    0.0323      Co 2                1575.91A   -7.603    0.0034
CO                  69.0557m   -7.150    0.0096      Fe 2                8245.16A   -8.122    0.0010      Co 2                1470.18A   -7.681    0.0028
CO                  67.3181m   -7.215    0.0083      Fe 2                8037.28A   -7.155    0.0095      Ni 2                1751.83A   -6.518    0.0412
CO                  65.6684m   -7.281    0.0071      Fe 2                7579.61A   -7.647    0.0031      Ni 2                1744.24A   -6.324    0.0645
CO                  64.0998m   -7.346    0.0061      Fe 2                7017.95A   -7.565    0.0037      Ni 2                1484.97A   -7.671    0.0029
CO                  62.6072m   -7.412    0.0053      Fe 2                6933.67A   -7.931    0.0016      Ni 2                1472.74A   -7.346    0.0061
CO                  61.1843m   -7.479    0.0045      Fe 2                6872.19A   -7.097    0.0109      Ni 2                1400.37A   -7.663    0.0030
CO                  59.8271m   -7.547    0.0039      Fe 2                6829.03A   -8.131    0.0010      Ni 2                1375.73A   -7.295    0.0069
CO                  58.5311m   -7.615    0.0033      Fe 2                5746.98A   -6.980    0.0142      Ni 2                1324.11A   -7.405    0.0054
CO                  57.2920m   -7.684    0.0028      Fe 2                5283.12A   -7.537    0.0040      hyperfine structure............................
CO                  56.1066m   -7.754    0.0024      Fe 2                5199.18A   -7.754    0.0024      inner shell....................................
CO                  54.9712m   -7.824    0.0020      Fe 2                4351.81A   -7.905    0.0017      molecules......................................
CO                  53.8829m   -7.895    0.0017      Fe 2                4347.36A   -7.275    0.0072      H2 l                2.00000m   -3.134   99.9286
CO                  52.8388m   -7.967    0.0015      Fe 2                4329.43A   -6.621    0.0325      H2 v                      0    -4.745    2.4438
CO                  51.8365m   -8.039    0.0012      Fe 2                2953.77A   -7.908    0.0017      H-FB                      0    -5.054    1.1999
CO                  50.8731m   -8.111    0.0011      Fe 2                2772.73A   -5.984    0.1411      H-FF                      0    -5.289    0.6989
^13CO               906.599m   -8.084    0.0011      Fe 2                2749.32A   -6.179    0.0901      H-CT                6562.80A   -5.990    0.1391
^13CO               679.978m   -7.774    0.0023      Fe 2                9795.19A   -7.402    0.0054      H- H                      0    -5.688    0.2790
^13CO               544.012m   -7.629    0.0032      Fe 2                8228.13A   -7.318    0.0065      H2+                       0    -5.452    0.4801
^13CO               453.374m   -7.550    0.0038      Fe 2                7613.14A   -7.726    0.0026      H2+p                      0    -8.087    0.0011
^13CO               388.637m   -7.512    0.0042      Fe 2                7011.24A   -8.133    0.0010      bands..........................................
^13CO               340.088m   -7.493    0.0044      Fe 2                6966.33A   -7.490    0.0044      Fe 2b               2500.00A   -3.318   65.3494
^13CO               302.332m   -7.485    0.0044      Fe 2                5477.25A   -7.486    0.0044      Fe 2b               5000.00A   -3.372   57.6855
^13CO               272.130m   -7.488    0.0044      Fe 2                5278.38A   -7.952    0.0015      Fe 2b               7000.00A   -4.314    6.5960
^13CO               247.423m   -7.498    0.0043      Fe 2                4402.59A   -7.741    0.0025      Fe 2b               10000.0A   -2.995  137.4860
^13CO               226.836m   -7.517    0.0041      Fe 2                4384.21A   -7.673    0.0029      Fe 2b               2355.00A   -4.153    9.5646
^13CO               209.419m   -7.541    0.0039      Fe 2                1.05081m   -7.882    0.0018      Fe 2b               2430.00A   -3.327   64.0741
^13CO               194.493m   -7.563    0.0037      Fe 2                7710.80A   -8.037    0.0012      Fe 2b               2445.00A   -3.327   64.0741
^13CO               181.558m   -7.588    0.0035      Fe 2                7048.01A   -7.703    0.0027      Fe 2b               2495.00A   -3.870   18.3419
^13CO               170.243m   -7.616    0.0033      Fe 2                5901.28A   -7.931    0.0016      Fe 2b               2610.00A   -3.575   36.1630
^13CO               160.261m   -7.645    0.0031      Fe 2                5527.62A   -8.044    0.0012      Fe 2b               2695.00A   -6.213    0.0832
^13CO               151.390m   -7.676    0.0029      Fe 2                2.04602m   -6.569    0.0367      Fe 2b               2758.00A   -5.069    1.1597
^13CO               143.454m   -7.709    0.0027      Fe 2                1.41956m   -7.123    0.0102      Fe 2b               2780.00A   -5.034    1.2584
^13CO               136.314m   -7.742    0.0025      Fe 2                1.35904m   -7.931    0.0016      Fe 2b               2935.00A   -6.629    0.0319
^13CO               129.855m   -7.782    0.0022      Fe 2                1.23314m   -6.919    0.0164      Fe 2b               2960.00A   -6.904    0.0170
^13CO               123.985m   -7.824    0.0020      Fe 2                1.09108m   -6.841    0.0196      Fe 2b               3180.00A   -5.710    0.2653
^13CO               118.627m   -7.867    0.0018      Fe 2                1.07084m   -7.280    0.0071      Fe 2b               3250.00A   -5.027    1.2775
^13CO               113.717m   -7.913    0.0017      Fe 2                1.05625m   -7.731    0.0025      Fe 2b               3590.00A   -5.052    1.2073
^13CO               109.201m   -7.961    0.0015      Fe 2                1.01565m   -7.532    0.0040      Fe 2b               3910.00A   -7.097    0.0109
^13CO               105.034m   -8.012    0.0013      Fe 2                8119.18A   -8.007    0.0013      Fe 2b               4060.00A   -7.757    0.0024
^13CO               101.176m   -8.065    0.0012      Fe 2                5588.16A   -6.836    0.0199      Fe 2b               4255.00A   -3.806   21.2702
^13CO               97.5955m   -8.121    0.0010      Fe 2                5586.91A   -7.698    0.0027      Fe 2b               4558.00A   -4.536    3.9602
C  1                1560.31A   -6.783    0.0224      Fe 2                5580.82A   -6.267    0.0735      Fe 2b               4600.00A   -4.506    4.2404
C  1                1560.68A   -6.668    0.0292      Fe 2                5551.32A   -5.985    0.1407      Fe 2b               4743.00A   -5.255    0.7560
C  1                1560.71A   -7.014    0.0132      Fe 2                3227.74A   -7.539    0.0039      Fe 2b               4855.00A   -4.676    2.8687
C  1                1561.34A   -6.413    0.0526      Fe 2                3196.07A   -7.215    0.0083      Fe 2b               4920.00A   -4.161    9.3768
C  1                1561.37A   -6.992    0.0139      Fe 2                2.13278m   -6.824    0.0204      Fe 2b               4975.00A   -4.691    2.7688
C  1                1561.44A   -6.218    0.0824      Fe 2                1.46079m   -7.670    0.0029      Fe 2b               4971.00A   -4.734    2.5082
C  1                1656.27A   -5.995    0.1376      Fe 2                1.39678m   -7.733    0.0025      Fe 2b               5070.00A   -4.613    3.3150
C  1                1656.93A   -6.602    0.0340      Fe 2                1.30943m   -7.751    0.0024      Fe 2b               5143.00A   -4.079   11.3309
C  1                1657.01A   -5.737    0.2493      Fe 2                1.24364m   -7.938    0.0016      Fe 2b               5270.00A   -3.795   21.8132
C  1                1657.38A   -6.675    0.0288      Fe 2                1.09413m   -7.039    0.0124      Fe 2b               5318.00A   -4.113   10.4818
C  1                1657.91A   -6.102    0.1074      Fe 2                1.07890m   -7.135    0.0100      Fe 2b               5540.00A   -5.260    0.7476
C  1                1658.12A   -6.484    0.0447      Fe 2                1.06830m   -7.893    0.0017      Fe 2b               5865.00A   -5.859    0.1882
C  1                1930.90A   -7.607    0.0034      Fe 2                1.03658m   -7.904    0.0017      Fe 2b               6265.00A   -6.669    0.0291
C  1                1992.01A   -7.173    0.0091      Fe 2                5650.95A   -6.814    0.0209      Fe 2b               6565.00A   -6.015    0.1315
C  1                1993.62A   -6.047    0.1221      Fe 2                5649.67A   -6.788    0.0221      Fe 2b               6910.00A   -5.955    0.1509
C  1                2582.90A   -7.311    0.0066      Fe 2                5643.44A   -7.926    0.0016      Fe 2b               7445.00A   -4.336    6.2791
C  1                8727.13A   -7.692    0.0028      Fe 2                5613.27A   -6.201    0.0856      Fe 2b               8625.00A   -4.004   13.4744
C  1                9824.13A   -3.358   59.5899      Fe 2                2.24366m   -7.162    0.0094      Fe 2b               1.03250m   -5.062    1.1801
C  1                9850.26A   -2.883  178.0259      Fe 2                2.00672m   -6.508    0.0422      Fe 2b               1.88900m   -3.711   26.4819
C  1                370.269m   -3.610   33.3611      Fe 2                1.10657m   -7.383    0.0056      Fe 2b               2.20000m   -5.793    0.2192
C  1                609.590m   -4.371    5.7893      Fe 2                1.09542m   -7.486    0.0044      miscellaneous..................................
C  2                1334.53A   -7.995    0.0014      Fe 2                5725.92A   -7.086    0.0112      Blnd                8446.00A   -7.850    0.0019
C  2                1335.66A   -7.581    0.0036      Fe 2                5718.22A   -6.535    0.0397      Blnd                1304.00A   -6.242    0.0779
C  2                1335.71A   -7.635    0.0032      Fe 2                2.22379m   -5.917    0.1648      Blnd                2798.00A   -2.828  202.2704
C  2                2323.50A   -7.445    0.0049      Fe 2                2.01513m   -6.238    0.0786      Blnd                6720.00A   -3.426   51.0254
C  2                2324.69A   -7.161    0.0094      Fe 2                9682.08A   -6.746    0.0244      Blnd                4074.00A   -4.750    2.4186
C  2                2325.40A   -6.563    0.0372      Fe 2                9513.85A   -7.554    0.0038      Blnd                1.03300m   -4.859    1.8824
C  2                2326.93A   -6.663    0.0295      Fe 2                8715.81A   -7.377    0.0057      Blnd                1256.00A   -6.807    0.0212
C  2                2328.12A   -7.108    0.0106      Fe 2                6873.84A   -7.043    0.0123      Blnd                5892.00A   -6.270    0.0731
C  2                157.636m   -4.898    1.7202      Fe 2                6700.65A   -8.016    0.0013      Blnd                2665.00A   -4.383    5.6315
Ca 1                4226.73A   -6.468    0.0463      Fe 2                6188.55A   -7.220    0.0082      Blnd                2335.00A   -4.192    8.7488
Ca 1                6439.08A   -7.367    0.0058      Fe 2                5870.02A   -7.478    0.0045      Blnd                8579.00A   -3.796   21.7560
Ca 1                6462.57A   -7.686    0.0028      Fe 2                5673.20A   -7.511    0.0042      Blnd                7306.00A   -3.154   95.4887
Ca 1                6493.78A   -7.936    0.0016      Fe 2                4898.61A   -7.247    0.0077      Blnd                3933.00A   -5.698    0.2727
Cl 1                11.3303m   -6.700    0.0271      Fe 2                2.25348m   -6.756    0.0239      Blnd                1657.00A   -5.354    0.6018
Co 2                9335.96A   -7.268    0.0073      Fe 2                1.02005m   -7.960    0.0015      Blnd                9850.00A   -2.758  237.6158
Co 2                9639.13A   -7.706    0.0027      Fe 2                1.00139m   -7.406    0.0053      Blnd                2326.00A   -6.172    0.0916
Co 2                10.5199m   -6.102    0.1075      Fe 2                9133.66A   -8.126    0.0010      Blnd                1335.00A   -7.225    0.0081
Co 2                15.4548m   -6.988    0.0140      Fe 2                8885.67A   -7.854    0.0019      Blnd                3467.00A   -5.681    0.2836
Co 2                2.98382m   -5.590    0.3495      Fe 2                7131.14A   -8.017    0.0013      Blnd                5199.00A   -3.436   49.8257
Co 2                14.7345m   -6.629    0.0320      Fe 2                6944.91A   -7.589    0.0035      Blnd                1.04030m   -4.924    1.6183
Co 2                18.7989m   -7.151    0.0096      Fe 2                6473.88A   -7.623    0.0032      Blnd                2141.00A   -7.892    0.0017
Co 2                25.6819m   -7.839    0.0020      Fe 2                6044.10A   -8.057    0.0012      Blnd                6300.00A   -3.158   94.4161
Co 2                1.01879m   -6.310    0.0666      Fe 2                5835.45A   -7.726    0.0026      Blnd                2471.00A   -7.779    0.0023
Co 2                1.12804m   -7.281    0.0071      Fe 2                5060.09A   -7.807    0.0021      Blnd                7323.00A   -7.946    0.0015
Co 2                1.54700m   -6.556    0.0378      Fe 2                4576.40A   -8.059    0.0012      Blnd                7332.00A   -8.028    0.0013
Co 2                1.72847m   -7.552    0.0038      Fe 2                1.34608m   -8.104    0.0011      Blnd                3727.00A   -5.867    0.1846
Co 2                1.90349m   -7.391    0.0055      Fe 2                1.11648m   -7.918    0.0016      Blnd                7325.00A   -7.684    0.0028
Co 2                1.02452m   -7.123    0.0102      Fe 2                5048.19A   -7.773    0.0023      N 1C                5199.00A   -7.511    0.0042
Co 2                1.09726m   -7.751    0.0024      Fe 2                1.71482m   -7.354    0.0060      N 1T                5199.00A   -7.512    0.0042
Co 2                1.49674m   -7.988    0.0014      Fe 2                9949.21A   -7.685    0.0028

                                                    Emergent line intensities
 Caution: emergent intensities are not reliable on the first iteration.
general properties.............................      Fe 2                4452.10A   -4.885    1.7755      N  1                3466.50A   -5.765    0.2340
continua.......................................      Fe 2                3277.55A   -7.020    0.0130      N  1                3466.54A   -6.438    0.0497
FIR                 83.0000m   -1.785 2230.9905      Fe 2                3277.12A   -7.924    0.0016      N  1                5197.90A   -3.834   19.9297
TIR                 1800.00m   -4.353    6.0451      Fe 2                3275.02A   -7.096    0.0109      N  1                5200.26A   -3.658   29.8932
NIRa                2.85000m   -1.831 2007.6558      Fe 2                2631.05A   -5.815    0.2083      N  1                1.03977m   -5.269    0.7319
NIRb                3.00000m   -2.970  145.8006      Fe 2                2620.41A   -7.625    0.0032      N  1                1.03982m   -5.792    0.2196
MIRa                15.0000m   -3.066  117.0003      Fe 2                2613.82A   -6.612    0.0332      N  1                1.04072m   -5.617    0.3285
MIRb                22.5000m   -1.965 1476.2457      Fe 2                2410.52A   -6.501    0.0430      N  1                1.04076m   -5.605    0.3379
NMIR                21.7500m   -1.831 2007.6558      Fe 2                2406.66A   -6.748    0.0243      Na 1                5889.95A   -6.571    0.0365
TFIR                611.250m   -2.784  224.0043      Fe 2                2404.43A   -7.480    0.0045      Na 1                5895.92A   -6.571    0.0366
TALL                10000.0A   -1.387 5583.7988      Fe 2                2359.11A   -6.523    0.0408      Ni 1                7.50454m   -6.700    0.0272
F12                 12.0000m   -4.972    1.4505      Fe 2                2338.01A   -6.619    0.0327      O  1                1302.17A   -7.980    0.0014
F25                 25.0000m   -3.585   35.3615      Fe 2                4.67067m   -7.007    0.0134      O  1                1304.86A   -6.409    0.0530
F60                 60.0000m   -1.830 2012.1639      Fe 2                1.29777m   -6.319    0.0653      O  1                1306.03A   -6.782    0.0225
F100                100.000m   -5.217    0.8262      Fe 2                1.27034m   -6.191    0.0877      O  1                1355.60A   -6.481    0.0450
MIPS                24.0000m   -3.585   35.3562      Fe 2                7999.47A   -8.013    0.0013      O  1                1358.51A   -6.809    0.0211
MIPS                70.0000m   -1.831 2008.9308      Fe 2                7874.24A   -6.361    0.0593      O  1                2972.29A   -5.919    0.1642
MIPS                160.000m   -2.871  183.1252      Fe 2                7733.14A   -6.906    0.0169      O  1                5577.34A   -4.969    1.4612
IRAC                3.60000m   -6.190    0.0879      Fe 2                4798.28A   -6.770    0.0231      O  1                6300.30A   -3.279   71.5339
IRAC                4.50000m   -4.872    1.8283      Fe 2                4664.45A   -7.417    0.0052      O  1                6363.78A   -3.775   22.8522
IRAC                5.80000m   -3.159   94.3320      Fe 2                4533.01A   -7.409    0.0053      O  1                6391.73A   -7.103    0.0107
IRAC                8.00000m   -4.167    9.2728      Fe 2                4474.90A   -5.197    0.8649      O  1                44.0453m   -7.474    0.0046
SPR1                250.000m   -5.510    0.4209      Fe 2                3289.89A   -7.405    0.0054      O  1                63.1679m   -1.831 2008.1963
SPR2                350.000m   -3.607   33.6439      Fe 2                3289.46A   -7.185    0.0089      O  1                145.495m   -2.877  180.7276
SPR3                500.000m   -5.759    0.2370      Fe 2                2628.29A   -6.332    0.0634      O  2                2470.34A   -7.882    0.0018
PAC1                70.0000m   -1.831 2009.7399      Fe 2                2621.67A   -7.178    0.0090      O  2                7319.99A   -8.076    0.0011
PAC2                100.000m   -5.215    0.8303      Fe 2                2413.31A   -7.025    0.0129      O  2                3728.81A   -6.090    0.1107
PAC3                160.000m   -2.870  183.4139      Fe 2                2411.07A   -7.028    0.0128      O  2                3726.03A   -6.265    0.0739
PAH                 3.30000m   -6.995    0.0138      Fe 2                2344.28A   -6.753    0.0241      P  2                60.6263m   -5.236    0.7912
PAHC                3.23000m   -7.275    0.0072      Fe 2                17.9311m   -4.148    9.6879      P  2                1532.53A   -7.962    0.0015
PAHC                3.37000m   -7.271    0.0073      Fe 2                1.64355m   -3.254   75.9077      P  2                32.8620m   -5.335    0.6288
PAH                 6.20000m   -7.040    0.0124      Fe 2                1.53348m   -4.378    5.6958      P  2                1.14682m   -5.253    0.7599
PAHC                5.65000m   -5.955    0.1510      Fe 2                8616.95A   -4.643    3.1000      P  2                4669.25A   -6.918    0.0164
PAH                 7.90000m   -6.528    0.0404      Fe 2                7155.17A   -4.770    2.3142      P  2                2195.57A   -7.197    0.0086
PAHC                6.90000m   -4.169    9.2270      Fe 2                6896.17A   -6.223    0.0815      P  2                1536.42A   -7.601    0.0034
PAH                 11.3000m   -6.661    0.0297      Fe 2                5413.37A   -6.678    0.0286      P  2                1535.92A   -7.632    0.0032
PAHC                10.9000m   -6.045    0.1227      Fe 2                5280.27A   -7.216    0.0083      P  2                1.18828m   -4.830    2.0143
PAH                 11.8000m   -7.724    0.0026      Fe 2                5273.36A   -4.770    2.3121      P  2                2210.34A   -6.744    0.0246
PAHC                12.6500m   -5.796    0.2177      Fe 2                5158.79A   -4.159    9.4439      P  2                1542.30A   -7.919    0.0016
PAH                 13.3000m   -7.753    0.0024      Fe 2                5111.64A   -5.066    1.1699      P  2                7875.99A   -6.170    0.0920
PAHC                14.1000m   -5.455    0.4779      Fe 2                5072.41A   -4.811    2.1019      S  1                1483.04A   -7.808    0.0021
Bcon                3640.00A   -2.117 1038.8396      Fe 2                5039.10A   -6.246    0.0773      S  1                1820.34A   -6.485    0.0446
Pcon                5000.00A   -2.523  408.2610      Fe 2                4814.54A   -5.115    1.0440      S  1                1826.24A   -6.969    0.0146
O3bn                5007.00A   -4.395    5.4839      Fe 2                4774.73A   -5.555    0.3790      S  1                25.2421m   -4.439    4.9496
RRC............................................      Fe 2                4745.49A   -6.607    0.0336      S  1                56.2957m   -5.399    0.5435
grains.........................................      Fe 2                4661.78A   -7.705    0.0027      S  2                6730.82A   -3.815   20.8284
H-like iso-sequence............................      Fe 2                4243.97A   -4.485    4.4548      S  2                6716.44A   -3.654   30.1775
H  1                1215.67A   -2.436  498.6027      Fe 2                4177.20A   -5.575    0.3622      S  2                4076.35A   -5.363    0.5901
H  1                6562.80A   -4.372    5.7764      Fe 2                4146.65A   -7.150    0.0096      S  2                4068.60A   -4.872    1.8287
H  1                4861.32A   -5.134    1.0000      Fe 2                4114.48A   -7.485    0.0045      S  2                1.03364m   -5.501    0.4291
H  1                4340.46A   -5.515    0.4162      Fe 2                3929.35A   -7.737    0.0025      S  2                1.02867m   -5.498    0.4323
H  1                4101.73A   -7.182    0.0090      Fe 2                3387.09A   -5.990    0.1392      S  2                1.03705m   -5.823    0.2045
H  1                3970.07A   -7.466    0.0047      Fe 2                3376.20A   -5.193    0.8732      S  2                1.03205m   -5.364    0.5881
H  1                3889.05A   -7.695    0.0027      Fe 2                2732.45A   -6.215    0.0830      S  2                1259.52A   -7.168    0.0092
H  1                3835.38A   -7.886    0.0018      Fe 2                2493.30A   -3.871   18.3366      S  2                1253.81A   -7.237    0.0079
H  1                3797.90A   -8.050    0.0012      Fe 2                2484.20A   -7.145    0.0097      S  2                1250.58A   -7.550    0.0038
H  1                3770.63A   -7.808    0.0021      Fe 2                2360.00A   -6.162    0.0937      Sc 2                4246.82A   -7.687    0.0028
H  1                3750.15A   -7.922    0.0016      Fe 2                2348.12A   -6.349    0.0610      Sc 2                7043.49A   -7.459    0.0047
H  1                3734.37A   -8.024    0.0013      Fe 2                2331.31A   -7.610    0.0033      Sc 2                8261.17A   -7.974    0.0014
H  1                3721.94A   -8.116    0.0010      Fe 2                24.5126m   -4.847    1.9344      Sc 2                8271.28A   -7.860    0.0019
H  1                1.87510m   -5.905    0.1695      Fe 2                1.80940m   -3.854   19.0350      Sc 2                8326.62A   -8.113    0.0010
H  1                1.28181m   -6.218    0.0824      Fe 2                1.67688m   -4.804    2.1393      Sc 2                8347.28A   -7.679    0.0029
H  1                1.09381m   -7.570    0.0037      Fe 2                1.59948m   -4.711    2.6464      Sc 2                8384.33A   -7.991    0.0014
H  1                1.00494m   -7.873    0.0018      Fe 2                9051.95A   -4.484    4.4664      Sc 2                1.07804m   -8.057    0.0012
H  1                9545.97A   -8.114    0.0010      Fe 2                8891.93A   -4.909    1.6797      Sc 2                2.03194m   -7.595    0.0035
H  1                4.05115m   -6.773    0.0229      Fe 2                7452.56A   -5.261    0.7455      Sc 2                2.04712m   -7.942    0.0016
H  1                2.62515m   -7.751    0.0024      Fe 2                7172.00A   -5.178    0.9031      Sc 2                2.07591m   -7.586    0.0035
H  1                2.16553m   -8.096    0.0011      Fe 2                6275.53A   -7.135    0.0100      Sc 2                2.07842m   -7.420    0.0052
H  1                7.45782m   -7.793    0.0022      Fe 2                5527.36A   -5.750    0.2419      Sc 2                2.08152m   -7.689    0.0028
He-like iso-sequence...........................      Fe 2                5440.48A   -7.509    0.0042      Sc 2                2.11129m   -7.862    0.0019
extra Lyman....................................      Fe 2                5433.15A   -5.284    0.7081      Sc 2                2.12445m   -7.861    0.0019
database lines.................................      Fe 2                5261.63A   -4.539    3.9341      Si 1                2519.20A   -7.836    0.0020
CN                  2640.74m   -8.039    0.0012      Fe 2                5220.08A   -5.814    0.2087      Si 1                2528.51A   -7.609    0.0034
CN                  1321.03m   -8.082    0.0011      Fe 2                5184.80A   -5.710    0.2654      Si 1                68.4548m   -7.122    0.0103
HF                  243.178m   -7.886    0.0018      Fe 2                5158.01A   -5.659    0.2982      Si 1                129.641m   -7.194    0.0087
CO                  1300.05m   -7.184    0.0089      Fe 2                4947.39A   -5.059    1.1881      Si 2                34.8046m   -2.014 1317.7347
CO                  866.727m   -6.538    0.0394      Fe 2                4905.35A   -5.410    0.5290      Si 2                2334.41A   -5.158    0.9457
CO                  650.074m   -6.253    0.0761      Fe 2                4874.50A   -5.453    0.4794      Si 2                2328.52A   -5.747    0.2435
CO                  520.089m   -6.119    0.1035      Fe 2                4852.74A   -6.814    0.0209      Si 2                1808.01A   -5.371    0.5790
CO                  433.438m   -6.045    0.1226      Fe 2                4346.86A   -5.112    1.0506      Si 2                1526.71A   -7.415    0.0052
CO                  371.549m   -6.011    0.1326      Fe 2                4276.84A   -5.036    1.2520      Si 2                1260.42A   -7.146    0.0097
CO                  325.137m   -5.993    0.1384      Fe 2                4244.82A   -5.848    0.1932      Si 2                2350.17A   -4.985    1.4096
CO                  289.041m   -5.987    0.1403      Fe 2                4231.56A   -7.448    0.0049      Si 2                2344.20A   -4.598    3.4329
CO                  260.169m   -5.990    0.1393      Fe 2                4211.11A   -7.419    0.0052      Si 2                2334.60A   -4.699    2.7215
CO                  236.549m   -6.001    0.1360      Fe 2                3455.11A   -6.097    0.1089      Si 2                1817.45A   -4.963    1.4808
CO                  216.868m   -6.020    0.1299      Fe 2                3452.31A   -5.785    0.2231      Si 2                1816.93A   -4.741    2.4740
CO                  200.218m   -6.044    0.1231      Fe 2                3440.99A   -5.671    0.2901      Si 2                1533.43A   -5.552    0.3823
CO                  185.949m   -6.065    0.1172      Fe 2                2774.73A   -7.453    0.0048      Si 2                1309.28A   -6.323    0.0648
CO                  173.584m   -6.089    0.1110      Fe 2                2759.34A   -7.803    0.0021      Si 2                1265.00A   -6.107    0.1063
CO                  162.767m   -6.115    0.1044      Fe 2                2485.07A   -7.683    0.0028      Si 2                1264.74A   -6.525    0.0406
CO                  153.225m   -6.144    0.0978      Fe 2                2391.48A   -6.765    0.0234      Si 2                1197.39A   -6.634    0.0316
CO                  144.745m   -6.173    0.0913      Fe 2                2379.28A   -7.374    0.0057      Si 2                1194.50A   -6.935    0.0158
CO                  137.159m   -6.204    0.0851      Fe 2                2362.02A   -6.289    0.0700      Si 2                3862.60A   -7.732    0.0025
CO                  130.333m   -6.236    0.0791      Fe 2                35.7675m   -5.647    0.3068      Si 2                3856.02A   -7.701    0.0027
CO                  124.160m   -6.273    0.0726      Fe 2                1.95361m   -4.765    2.3361      Si 2                6371.37A   -7.649    0.0031
CO                  118.548m   -6.312    0.0663      Fe 2                1.80002m   -4.819    2.0633      Si 2                6347.11A   -7.568    0.0037
CO                  113.427m   -6.353    0.0604      Fe 2                1.71113m   -5.389    0.5558      Zn 2                2062.00A   -7.217    0.0083
CO                  108.733m   -6.396    0.0547      Fe 2                1.66377m   -5.008    1.3357      Zn 2                2025.48A   -6.979    0.0143
CO                  104.416m   -6.439    0.0495      Fe 2                9399.04A   -4.906    1.6899      Al 2                2669.15A   -4.780    2.2609
CO                  100.433m   -6.484    0.0447      Fe 2                9226.63A   -4.852    1.9131      Al 2                2660.35A   -4.606    3.3731
CO                  96.7462m   -6.531    0.0401      Fe 2                9033.49A   -5.927    0.1609      Al 2                1670.79A   -5.273    0.7262
CO                  93.3237m   -6.579    0.0359      Fe 2                7388.17A   -5.298    0.6849      Al 2                3900.67A   -8.015    0.0013
CO                  90.1384m   -6.629    0.0320      Fe 2                6440.41A   -6.250    0.0766      Ca 2                7323.89A   -3.547   38.6711
CO                  87.1666m   -6.681    0.0284      Fe 2                6229.28A   -7.400    0.0054      Ca 2                7291.47A   -3.380   56.7883
CO                  84.3877m   -6.735    0.0251      Fe 2                5654.87A   -6.711    0.0265      Ca 2                3968.47A   -6.025    0.1284
CO                  81.7835m   -6.789    0.0221      Fe 2                5556.31A   -5.953    0.1517      Ca 2                8662.14A   -4.272    7.2760
CO                  79.3383m   -6.846    0.0194      Fe 2                5412.67A   -6.480    0.0451      Ca 2                3933.66A   -5.974    0.1444
CO                  77.0375m   -6.905    0.0170      Fe 2                5333.66A   -4.826    2.0310      Ca 2                8498.02A   -4.967    1.4697
CO                  74.8697m   -6.964    0.0148      Fe 2                5296.84A   -6.109    0.1059      Ca 2                8542.09A   -4.020   13.0025
CO                  72.8231m   -7.025    0.0128      Fe 2                5268.89A   -5.829    0.2016      Ca 2                3706.02A   -6.642    0.0311
CO                  70.8878m   -7.088    0.0111      Fe 2                5107.96A   -6.764    0.0234      Ca 2                3736.90A   -6.345    0.0615
CO                  69.0557m   -7.150    0.0096      Fe 2                5049.30A   -5.232    0.7970      Ca 2                3158.87A   -6.665    0.0295
CO                  67.3181m   -7.215    0.0083      Fe 2                5005.52A   -5.287    0.7035      Ca 2                3181.27A   -7.370    0.0058
CO                  65.6684m   -7.281    0.0071      Fe 2                4973.40A   -5.554    0.3799      Ca 2                3179.33A   -6.415    0.0523
CO                  64.0998m   -7.346    0.0061      Fe 2                4950.76A   -5.900    0.1714      Ca 2                1.19497m   -8.062    0.0012
CO                  62.6072m   -7.412    0.0053      Fe 2                4352.79A   -5.352    0.6051      Ca 2                1.18390m   -7.772    0.0023
CO                  61.1843m   -7.479    0.0045      Fe 2                4319.62A   -5.618    0.3280      Ca 2                1838.01A   -7.602    0.0034
CO                  59.8271m   -7.547    0.0039      Fe 2                4305.90A   -6.421    0.0517      Ca 2                1840.03A   -7.446    0.0049
CO                  58.5311m   -7.615    0.0033      Fe 2                4084.33A   -7.741    0.0025      Ca 2                2112.76A   -8.074    0.0011
CO                  57.2920m   -7.684    0.0028      Fe 2                3504.51A   -6.399    0.0543      Cl 2                14.3639m   -5.456    0.4763
CO                  56.1066m   -7.754    0.0024      Fe 2                3504.02A   -6.256    0.0754      Cl 2                33.2721m   -6.537    0.0396
CO                  54.9712m   -7.824    0.0020      Fe 2                3501.63A   -5.820    0.2060      Cl 2                8578.70A   -5.145    0.9759
CO                  53.8829m   -7.895    0.0017      Fe 2                3489.99A   -6.500    0.0431      Cl 2                9123.60A   -5.729    0.2539
CO                  52.8388m   -7.967    0.0015      Fe 2                2385.01A   -7.100    0.0108      Cl 2                3677.85A   -7.067    0.0117
CO                  51.8365m   -8.039    0.0012      Fe 2                2.06648m   -6.159    0.0944      Cl 2                6161.84A   -7.021    0.0130
CO                  50.8731m   -8.111    0.0011      Fe 2                1.89541m   -5.555    0.3791      Mg 2                2802.71A   -3.302   67.9314
^13CO               906.599m   -8.084    0.0011      Fe 2                1.79711m   -5.042    1.2348      Mg 2                2795.53A   -3.005  134.4216
^13CO               679.978m   -7.774    0.0023      Fe 2                1.74494m   -5.331    0.6355      Mg 2                2936.52A   -6.232    0.0797
^13CO               544.012m   -7.629    0.0032      Fe 2                9652.70A   -5.755    0.2393      Mg 2                2928.64A   -6.534    0.0398
^13CO               453.374m   -7.550    0.0038      Fe 2                9470.94A   -5.243    0.7784      Mg 2                2797.93A   -6.972    0.0145
^13CO               388.637m   -7.512    0.0042      Fe 2                9267.56A   -5.624    0.3237      Mg 2                2790.77A   -6.270    0.0731
^13CO               340.088m   -7.493    0.0044      Fe 2                7544.00A   -7.938    0.0016      Mg 2                2798.00A   -6.017    0.1309
^13CO               302.332m   -7.485    0.0045      Fe 2                6558.51A   -6.464    0.0468      Mg 2                9244.22A   -8.089    0.0011
^13CO               272.130m   -7.488    0.0044      Fe 2                5745.71A   -7.082    0.0113      Mg 2                9218.22A   -7.794    0.0022
^13CO               247.423m   -7.498    0.0043      Fe 2                5643.98A   -6.925    0.0162      N  2                205.283m   -7.292    0.0069
^13CO               226.836m   -7.517    0.0041      Fe 2                5495.84A   -6.756    0.0239      N  2                121.769m   -7.496    0.0043
^13CO               209.419m   -7.541    0.0039      Fe 2                5376.47A   -5.220    0.8194      N  2                6548.05A   -6.656    0.0300
^13CO               194.493m   -7.563    0.0037      Fe 2                5347.66A   -6.335    0.0630      N  2                6583.45A   -6.187    0.0886
^13CO               181.558m   -7.588    0.0035      Fe 2                5181.96A   -6.610    0.0334      N  2                5754.59A   -8.034    0.0013
^13CO               170.243m   -7.616    0.0033      Fe 2                5076.57A   -5.891    0.1750      N  2                2142.77A   -8.040    0.0012
^13CO               160.261m   -7.645    0.0031      Fe 2                5043.53A   -5.761    0.2361      Ni 2                1.19102m   -4.133   10.0285
^13CO               151.390m   -7.676    0.0029      Fe 2                5020.25A   -5.877    0.1807      Ni 2                6.63416m   -4.758    2.3750
^13CO               143.454m   -7.709    0.0027      Fe 2                4372.43A   -5.892    0.1744      Ni 2                1.07151m   -5.748    0.2433
^13CO               136.314m   -7.742    0.0025      Fe 2                4358.37A   -6.103    0.1073      Ni 2                10.6793m   -5.385    0.5612
^13CO               129.855m   -7.782    0.0022      Fe 2                4080.00A   -7.773    0.0023      Ni 2                1.27792m   -7.572    0.0036
^13CO               123.985m   -7.824    0.0020      Fe 2                3539.19A   -6.104    0.1071      Ni 2                1.16130m   -6.267    0.0736
^13CO               118.627m   -7.867    0.0018      Fe 2                3538.69A   -6.398    0.0545      Ni 2                12.7253m   -5.803    0.2141
^13CO               113.717m   -7.913    0.0017      Fe 2                3536.25A   -6.523    0.0408      Ni 2                9882.95A   -7.016    0.0131
^13CO               109.201m   -7.961    0.0015      Fe 2                3524.38A   -7.832    0.0020      Ni 2                1.09177m   -6.554    0.0380
^13CO               105.034m   -8.012    0.0013      Fe 2                22.8961m   -7.152    0.0096      Ni 2                18.2355m   -6.520    0.0411
^13CO               101.176m   -8.065    0.0012      Fe 2                1.81139m   -7.432    0.0050      Ni 2                9374.87A   -7.309    0.0067
^13CO               97.5955m   -8.121    0.0010      Fe 2                7764.71A   -6.639    0.0313      Ni 2                7377.83A   -4.912    1.6664
C  1                1560.31A   -6.785    0.0223      Fe 2                7336.73A   -6.928    0.0161      Ni 2                8300.99A   -6.208    0.0843
C  1                1560.68A   -6.671    0.0291      Fe 2                7267.25A   -7.896    0.0017      Ni 2                1.93877m   -5.619    0.3269
C  1                1560.71A   -7.017    0.0131      Fe 2                6809.24A   -6.906    0.0169      Ni 2                2.36883m   -6.906    0.0169
C  1                1561.34A   -6.416    0.0523      Fe 2                6729.87A   -7.187    0.0089      Ni 2                2.91064m   -6.575    0.0362
C  1                1561.37A   -6.995    0.0138      Fe 2                6671.93A   -7.750    0.0024      Ni 2                6666.80A   -5.764    0.2341
C  1                1561.44A   -6.220    0.0820      Fe 2                5721.37A   -8.023    0.0013      Ni 2                7411.61A   -5.546    0.3875
C  1                1656.27A   -5.995    0.1377      Fe 2                5163.96A   -6.929    0.0160      Ni 2                1.76458m   -7.690    0.0028
C  1                1656.93A   -6.602    0.0341      Fe 2                4266.35A   -7.635    0.0032      Ni 2                2.04866m   -7.268    0.0073
C  1                1657.01A   -5.737    0.2495      Fe 2                4249.08A   -7.906    0.0017      Ni 2                2.30794m   -6.725    0.0257
C  1                1657.38A   -6.675    0.0288      Fe 2                4157.92A   -7.904    0.0017      Ni 2                6.91767m   -7.024    0.0129
C  1                1657.91A   -6.103    0.1075      Fe 2                3277.35A   -6.342    0.0620      Ni 2                4326.24A   -5.711    0.2650
C  1                1658.12A   -6.484    0.0447      Fe 2                3255.89A   -7.552    0.0038      Ni 2                4628.05A   -6.133    0.1003
C  1                1930.90A   -7.607    0.0034      Fe 2                2926.59A   -6.977    0.0144      Ni 2                6794.20A   -7.189    0.0088
C  1                1992.01A   -7.173    0.0091      Fe 2                2880.76A   -6.957    0.0150      Ni 2                7255.82A   -6.066    0.1170
C  1                1993.62A   -6.047    0.1222      Fe 2                2755.74A   -5.304    0.6766      Ni 2                7694.56A   -7.136    0.0100
C  1                2582.90A   -7.311    0.0066      Fe 2                2739.55A   -5.924    0.1622      Ni 2                8033.54A   -7.300    0.0068
C  1                8727.13A   -7.693    0.0028      Fe 2                2716.70A   -6.214    0.0832      Ni 2                1.04597m   -6.549    0.0384
C  1                9824.13A   -3.359   59.5714      Fe 2                34.6508m   -8.024    0.0013      Ni 2                1.23230m   -6.577    0.0361
C  1                9850.26A   -2.884  177.9711      Fe 2                1.00287m   -6.625    0.0323      Ni 2                4201.17A   -5.894    0.1738
C  1                370.269m   -3.610   33.3925      Fe 2                8245.16A   -8.123    0.0010      Ni 2                4485.21A   -6.347    0.0613
C  1                609.590m   -4.371    5.7947      Fe 2                8037.28A   -7.156    0.0095      Ni 2                7307.65A   -6.242    0.0779
C  2                1334.53A   -8.001    0.0014      Fe 2                7579.61A   -7.647    0.0031      Ni 2                7612.72A   -6.570    0.0366
C  2                1335.66A   -7.588    0.0035      Fe 2                7017.95A   -7.566    0.0037      Ni 2                1.13597m   -7.253    0.0076
C  2                1335.71A   -7.641    0.0031      Fe 2                6933.67A   -7.932    0.0016      Ni 2                4285.31A   -7.102    0.0108
C  2                2323.50A   -7.445    0.0049      Fe 2                6872.19A   -7.097    0.0109      Ni 2                6791.48A   -6.817    0.0208
C  2                2324.69A   -7.161    0.0094      Fe 2                6829.03A   -8.132    0.0010      Ni 2                7054.20A   -6.722    0.0258
C  2                2325.40A   -6.563    0.0372      Fe 2                5746.98A   -6.981    0.0142      Ni 2                9.61508m   -8.011    0.0013
C  2                2326.93A   -6.663    0.0296      Fe 2                5283.12A   -7.537    0.0040      Ni 2                4033.04A   -6.161    0.0939
C  2                2328.12A   -7.108    0.0106      Fe 2                5199.18A   -7.754    0.0024      Ni 2                4294.09A   -6.280    0.0715
C  2                157.636m   -4.898    1.7219      Fe 2                4351.81A   -7.906    0.0017      Ni 2                6467.29A   -7.314    0.0066
Ca 1                4226.73A   -6.468    0.0463      Fe 2                4347.36A   -7.275    0.0072      Ni 2                6813.57A   -6.302    0.0680
Ca 1                6439.08A   -7.367    0.0058      Fe 2                4329.43A   -6.622    0.0325      Ni 2                7078.04A   -6.850    0.0192
Ca 1                6462.57A   -7.686    0.0028      Fe 2                2953.77A   -7.908    0.0017      Ni 2                1.02090m   -7.632    0.0032
Ca 1                6493.78A   -7.936    0.0016      Fe 2                2772.73A   -5.984    0.1412      Ni 2                3993.06A   -5.814    0.2087
Cl 1                11.3303m   -6.700    0.0272      Fe 2                2749.32A   -6.179    0.0902      Ni 2                4248.80A   -6.290    0.0699
Co 2                9335.96A   -7.269    0.0073      Fe 2                9795.19A   -7.403    0.0054      Ni 2                6007.06A   -7.404    0.0054
Co 2                9639.13A   -7.706    0.0027      Fe 2                8228.13A   -7.319    0.0065      Ni 2                6365.10A   -6.288    0.0701
Co 2                10.5199m   -6.102    0.1076      Fe 2                7613.14A   -7.727    0.0026      Ni 2                6700.24A   -7.682    0.0028
Co 2                15.4548m   -6.988    0.0140      Fe 2                7011.24A   -8.133    0.0010      Ni 2                6955.82A   -7.716    0.0026
Co 2                2.98382m   -5.590    0.3498      Fe 2                6966.33A   -7.490    0.0044      Ni 2                8703.87A   -6.744    0.0246
Co 2                14.7345m   -6.629    0.0320      Fe 2                5477.25A   -7.487    0.0044      Ni 2                9956.63A   -6.970    0.0146
Co 2                18.7989m   -7.151    0.0096      Fe 2                5278.38A   -7.953    0.0015      Ni 2                5.18504m   -7.749    0.0024
Co 2                25.6819m   -7.839    0.0020      Fe 2                4402.59A   -7.741    0.0025      Ni 2                3438.88A   -6.004    0.1350
Co 2                1.01879m   -6.311    0.0666      Fe 2                4384.21A   -7.673    0.0029      Ni 2                3626.89A   -6.311    0.0665
Co 2                1.12804m   -7.281    0.0071      Fe 2                1.05081m   -7.883    0.0018      Ni 2                3378.16A   -6.618    0.0328
Co 2                1.54700m   -6.556    0.0379      Fe 2                7710.80A   -8.038    0.0012      Ni 2                3559.41A   -6.597    0.0344
Co 2                1.72847m   -7.552    0.0038      Fe 2                7048.01A   -7.704    0.0027      level 1 lines..................................
Co 2                1.90349m   -7.391    0.0055      Fe 2                5901.28A   -7.932    0.0016      recombination..................................
Co 2                1.02452m   -7.124    0.0102      Fe 2                5527.62A   -8.044    0.0012      level2 lines...................................
Co 2                1.09726m   -7.752    0.0024      Fe 2                2.04602m   -6.569    0.0367      C  1                1247.50A   -6.950    0.0153
Co 2                1.49674m   -7.988    0.0014      Fe 2                1.41956m   -7.123    0.0102      C  1                1314.77A   -6.867    0.0185
Co 2                1.62622m   -7.976    0.0014      Fe 2                1.35904m   -7.931    0.0016      C  1                1233.29A   -7.485    0.0045
Co 2                1.73616m   -7.682    0.0028      Fe 2                1.23314m   -6.920    0.0164      C  1                1250.68A   -7.644    0.0031
Co 2                1.02803m   -7.722    0.0026      Fe 2                1.09108m   -6.842    0.0196      Mg 1                1817.31A   -7.930    0.0016
Co 2                8580.39A   -7.778    0.0023      Fe 2                1.07084m   -7.281    0.0071      Mg 1                1660.94A   -8.131    0.0010
Co 2                9342.40A   -6.473    0.0458      Fe 2                1.05625m   -7.731    0.0025      Si 2                1179.59A   -7.593    0.0035
Co 2                9943.48A   -6.820    0.0206      Fe 2                1.01565m   -7.533    0.0040      S  1                1356.05A   -7.479    0.0045
Co 2                7539.01A   -7.141    0.0098      Fe 2                8119.18A   -8.007    0.0013      S  1                1392.25A   -7.928    0.0016
Co 2                8121.00A   -6.853    0.0191      Fe 2                5588.16A   -6.836    0.0199      Fe 1                2484.25A   -7.775    0.0023
Co 2                8571.41A   -7.461    0.0047      Fe 2                5586.91A   -7.698    0.0027      Fe 1                2526.51A   -8.016    0.0013
Co 2                6.21176m   -8.102    0.0011      Fe 2                5580.82A   -6.268    0.0735      Sc 2                2555.14A   -8.105    0.0011
Co 2                8027.34A   -7.320    0.0065      Fe 2                5551.32A   -5.986    0.1407      Sc 2                3627.22A   -6.458    0.0474
Co 2                8467.14A   -7.733    0.0025      Fe 2                3227.74A   -7.539    0.0039      Sc 2                3575.45A   -6.580    0.0358
Co 2                8333.76A   -7.501    0.0043      Fe 2                3196.07A   -7.215    0.0083      Sc 2                3368.13A   -7.140    0.0099
Cr 2                8000.08A   -5.316    0.6572      Fe 2                2.13278m   -6.824    0.0204      Ti 2                3364.74A   -4.885    1.7753
Cr 2                8125.30A   -5.390    0.5544      Fe 2                1.46079m   -7.670    0.0029      Ti 2                3237.15A   -5.124    1.0224
Cr 2                8229.67A   -5.484    0.4462      Fe 2                1.39678m   -7.733    0.0025      Ti 2                1904.17A   -6.996    0.0138
Cr 2                8308.49A   -5.672    0.2899      Fe 2                1.30943m   -7.752    0.0024      Ti 2                1907.36A   -6.737    0.0250
Cr 2                8357.64A   -5.969    0.1461      Fe 2                1.24364m   -7.938    0.0016      V  2                2710.94A   -7.205    0.0085
Fe 1                24.0358m   -5.775    0.2285      Fe 2                1.09413m   -7.040    0.0124      V  2                2684.22A   -6.973    0.0145
Fe 1                34.7038m   -6.363    0.0590      Fe 2                1.07890m   -7.136    0.0100      V  2                2139.33A   -7.583    0.0036
Fe 2                25.9813m   -3.683   28.2719      Fe 2                1.06830m   -7.894    0.0017      Cr 1                4269.56A   -7.872    0.0018
Fe 2                5.33871m   -3.160   94.1796      Fe 2                1.03658m   -7.905    0.0017      Cr 1                3589.90A   -7.692    0.0028
Fe 2                4.11387m   -5.522    0.4089      Fe 2                5650.95A   -6.815    0.0209      Cr 2                2059.78A   -5.484    0.4470
Fe 2                1.25668m   -4.432    5.0354      Fe 2                5649.67A   -6.789    0.0221      Mn 2                1198.85A   -7.846    0.0019
Fe 2                1.19129m   -7.216    0.0083      Fe 2                5643.44A   -7.926    0.0016      Co 2                2060.90A   -6.947    0.0154
Fe 2                6309.53A   -8.060    0.0012      Fe 2                5613.27A   -6.201    0.0856      Co 2                2018.80A   -6.983    0.0142
Fe 2                4799.30A   -7.960    0.0015      Fe 2                2.24366m   -7.162    0.0094      Co 2                1949.74A   -7.061    0.0118
Fe 2                4704.22A   -7.185    0.0089      Fe 2                2.00672m   -6.508    0.0422      Co 2                1575.91A   -7.605    0.0034
Fe 2                4632.28A   -5.392    0.5522      Fe 2                1.10657m   -7.383    0.0056      Co 2                1470.18A   -7.689    0.0028
Fe 2                4604.48A   -7.175    0.0091      Fe 2                1.09542m   -7.487    0.0044      Ni 2                1751.83A   -6.519    0.0412
Fe 2                4416.27A   -5.373    0.5765      Fe 2                5725.92A   -7.086    0.0112      Ni 2                1744.24A   -6.324    0.0645
Fe 2                4382.74A   -6.343    0.0618      Fe 2                5718.22A   -6.536    0.0396      Ni 2                1484.97A   -7.679    0.0029
Fe 2                4287.39A   -4.411    5.2855      Fe 2                2.22379m   -5.917    0.1650      Ni 2                1472.74A   -7.354    0.0060
Fe 2                3931.44A   -8.005    0.0013      Fe 2                2.01513m   -6.238    0.0786      Ni 2                1400.37A   -7.670    0.0029
Fe 2                3874.07A   -7.636    0.0031      Fe 2                9682.08A   -6.746    0.0244      Ni 2                1375.73A   -7.302    0.0068
Fe 2                3175.38A   -6.222    0.0817      Fe 2                9513.85A   -7.555    0.0038      Ni 2                1324.11A   -7.411    0.0053
Fe 2                2599.40A   -7.253    0.0076      Fe 2                8715.81A   -7.378    0.0057      hyperfine structure............................
Fe 2                2382.04A   -5.467    0.4645      Fe 2                6873.84A   -7.044    0.0123      inner shell....................................
Fe 2                2343.50A   -8.080    0.0011      Fe 2                6700.65A   -8.017    0.0013      molecules......................................
Fe 2                35.3391m   -4.344    6.1659      Fe 2                6188.55A   -7.220    0.0082      bands..........................................
Fe 2                6.71944m   -4.300    6.8288      Fe 2                5870.02A   -7.478    0.0045      Fe 2b               2500.00A   -3.318   65.3807
Fe 2                4.88781m   -5.186    0.8876      Fe 2                5673.20A   -7.512    0.0042      Fe 2b               5000.00A   -3.373   57.6843
Fe 2                4.07521m   -6.007    0.1339      Fe 2                4898.61A   -7.248    0.0077      Fe 2b               7000.00A   -4.315    6.5941
Fe 2                1.32055m   -4.928    1.6057      Fe 2                2.25348m   -6.756    0.0239      Fe 2b               10000.0A   -2.996  137.4451
Fe 2                1.24854m   -5.962    0.1486      Fe 2                1.02005m   -7.961    0.0015      Fe 2b               2355.00A   -4.153    9.5696
Fe 2                1.20512m   -7.774    0.0023      Fe 2                1.00139m   -7.406    0.0053      Fe 2b               2430.00A   -3.327   64.1057
Fe 2                7637.52A   -5.232    0.7978      Fe 2                9133.66A   -8.126    0.0010      Fe 2b               2445.00A   -3.327   64.1054
Fe 2                7523.28A   -7.279    0.0072      Fe 2                8885.67A   -7.854    0.0019      Fe 2b               2495.00A   -3.870   18.3505
Fe 2                4889.62A   -5.256    0.7555      Fe 2                7131.14A   -8.018    0.0013      Fe 2b               2610.00A   -3.575   36.1794
Fe 2                4750.27A   -7.987    0.0014      Fe 2                6944.91A   -7.589    0.0035      Fe 2b               2695.00A   -6.213    0.0833
Fe 2                4716.37A   -6.269    0.0732      Fe 2                6473.88A   -7.624    0.0032      Fe 2b               2758.00A   -5.069    1.1602
Fe 2                4687.56A   -6.473    0.0458      Fe 2                6044.10A   -8.058    0.0012      Fe 2b               2780.00A   -5.034    1.2589
Fe 2                4492.64A   -6.243    0.0779      Fe 2                5835.45A   -7.726    0.0026      Fe 2b               2935.00A   -6.629    0.0320
Fe 2                4457.95A   -5.641    0.3111      Fe 2                5060.09A   -7.807    0.0021      Fe 2b               2960.00A   -6.905    0.0170
Fe 2                4432.45A   -6.435    0.0500      Fe 2                4576.40A   -8.060    0.0012      Fe 2b               3180.00A   -5.710    0.2654
Fe 2                4359.33A   -4.541    3.9168      Fe 2                1.34608m   -8.104    0.0011      Fe 2b               3250.00A   -5.027    1.2779
Fe 2                3224.54A   -7.318    0.0065      Fe 2                1.11648m   -7.918    0.0016      Fe 2b               3590.00A   -5.052    1.2076
Fe 2                3214.67A   -6.736    0.0250      Fe 2                5048.19A   -7.774    0.0023      Fe 2b               3910.00A   -7.097    0.0109
Fe 2                2625.67A   -3.698   27.3122      Fe 2                1.71482m   -7.354    0.0060      Fe 2b               4060.00A   -7.757    0.0024
Fe 2                2611.87A   -4.476    4.5494      Fe 2                9949.21A   -7.686    0.0028      Fe 2b               4255.00A   -3.806   21.2725
Fe 2                2598.37A   -5.707    0.2671      Fe 2                7975.22A   -7.873    0.0018      Fe 2b               4558.00A   -4.536    3.9604
Fe 2                2395.63A   -4.709    2.6611      Fe 2                1.47063m   -8.123    0.0010      Fe 2b               4600.00A   -4.506    4.2406
Fe 2                2388.63A   -5.791    0.2203      Fe 2                1.01273m   -7.800    0.0022      Fe 2b               4743.00A   -5.255    0.7560
Fe 2                2383.06A   -7.587    0.0035      Fe 2                6353.11A   -7.924    0.0016      Fe 2b               4855.00A   -4.676    2.8687
Fe 2                2364.83A   -5.088    1.1114      Fe 2                1.80228m   -8.023    0.0013      Fe 2b               4920.00A   -4.162    9.3767
Fe 2                2332.80A   -6.230    0.0801      Fe 2                1.00387m   -7.953    0.0015      Fe 2b               4975.00A   -4.692    2.7687
Fe 2                2279.91A   -7.691    0.0028      Fe 2                9469.41A   -7.839    0.0020      Fe 2b               4971.00A   -4.735    2.5081
Fe 2                51.2868m   -4.862    1.8686      Fe 2                9384.77A   -7.329    0.0064      Fe 2b               5070.00A   -4.613    3.3149
Fe 2                5.67236m   -5.997    0.1370      Fe 2                2.39329m   -7.378    0.0057      Fe 2b               5143.00A   -4.080   11.3304
Fe 2                4.60641m   -5.807    0.2125      Fe 2                4825.73A   -6.779    0.0226      Fe 2b               5270.00A   -3.795   21.8117
Fe 2                4.08085m   -6.553    0.0381      Fe 2                2.50030m   -7.716    0.0026      Fe 2b               5318.00A   -4.114   10.4810
Fe 2                1.37181m   -5.172    0.9167      Fe 2                4867.73A   -7.820    0.0021      Fe 2b               5540.00A   -5.260    0.7476
Fe 2                1.29427m   -5.747    0.2436      Fe 2                2.59860m   -8.098    0.0011      Fe 2b               5865.00A   -5.859    0.1882
Fe 2                7806.23A   -7.005    0.0135      Fe 2                4903.85A   -7.272    0.0073      Fe 2b               6265.00A   -6.670    0.0291
Fe 2                7686.93A   -5.310    0.6671      Fe 2                1.04657m   -8.132    0.0010      Fe 2b               6565.00A   -6.015    0.1315
Fe 2                7552.40A   -7.788    0.0022      Fe 2                3.58120m   -7.723    0.0026      Fe 2b               6910.00A   -5.955    0.1509
Fe 2                4958.23A   -7.106    0.0107      Fe 2                3.15558m   -7.753    0.0024      Fe 2b               7445.00A   -4.336    6.2771
Fe 2                4750.57A   -7.103    0.0107      Fe 2                5171.63A   -7.081    0.0113      Fe 2b               8625.00A   -4.005   13.4696
Fe 2                4728.07A   -5.904    0.1697      Fe 2                5169.03A   -6.298    0.0686      Fe 2b               1.03250m   -5.062    1.1798
Fe 2                4514.90A   -6.267    0.0737      Fe 2                5018.44A   -7.996    0.0014      Fe 2b               1.88900m   -3.711   26.5068
Fe 2                4488.75A   -5.986    0.1406      Fe 2                6044.54A   -7.524    0.0041      Fe 2b               2.20000m   -5.793    0.2194
Fe 2                4470.30A   -7.189    0.0088      Fe 2                5316.61A   -7.987    0.0014      miscellaneous..................................
Fe 2                4413.78A   -4.692    2.7652      Fe 3                22.9190m   -8.025    0.0013      Blnd                8446.00A   -7.850    0.0019
Fe 2                3254.24A   -6.796    0.0218      Fe 3                4985.87A   -7.890    0.0018      Blnd                1304.00A   -6.248    0.0769
Fe 2                3244.18A   -7.090    0.0111      K  1                7664.90A   -7.807    0.0021      Blnd                2798.00A   -2.828  202.3530
Fe 2                2631.32A   -4.595    3.4567      K  1                7698.96A   -8.105    0.0011      Blnd                6720.00A   -3.426   51.0059
Fe 2                2617.62A   -6.037    0.1251      Mg 1                2025.82A   -7.734    0.0025      Blnd                4074.00A   -4.750    2.4188
Fe 2                2607.09A   -5.978    0.1432      Mg 1                2852.13A   -4.728    2.5481      Blnd                1.03300m   -4.859    1.8817
Fe 2                2404.89A   -5.666    0.2934      Mg 1                3832.30A   -7.800    0.0022      Blnd                1256.00A   -6.812    0.0210
Fe 2                2399.24A   -6.500    0.0431      Mg 1                3838.29A   -7.383    0.0056      Blnd                5892.00A   -6.270    0.0731
Fe 2                2395.42A   -7.435    0.0050      Mg 1                4562.60A   -4.534    3.9789      Blnd                2665.00A   -4.383    5.6340
Fe 2                2380.76A   -4.519    4.1203      Mg 1                4571.10A   -4.973    1.4500      Blnd                2335.00A   -4.192    8.7532
Fe 2                2348.30A   -6.227    0.0808      Mg 1                4575.29A   -5.901    0.1711      Blnd                8579.00A   -3.796   21.7482
Fe 2                2327.40A   -6.809    0.0211      Mg 1                5167.32A   -7.059    0.0119      Blnd                7306.00A   -3.154   95.4594
Fe 2                87.3597m   -5.565    0.3709      Mg 1                5172.68A   -6.585    0.0354      Blnd                3933.00A   -5.698    0.2729
Fe 2                5.06097m   -6.465    0.0467      Mg 1                5183.60A   -6.365    0.0588      Blnd                1657.00A   -5.354    0.6021
Fe 2                4.43363m   -6.382    0.0565      Mg 1                8806.76A   -6.641    0.0311      Blnd                9850.00A   -2.758  237.5425
Fe 2                1.40951m   -7.793    0.0022      Mg 1                1.18282m   -6.799    0.0216      Blnd                2326.00A   -6.172    0.0917
Fe 2                1.32777m   -5.931    0.1596      Mg 1                1.50250m   -7.625    0.0032      Blnd                1335.00A   -7.232    0.0080
Fe 2                1.27877m   -5.988    0.1399      Mg 1                1.50402m   -8.069    0.0012      Blnd                3467.00A   -5.681    0.2836
Fe 2                1.25214m   -7.028    0.0128      Mg 1                1.71087m   -7.305    0.0068      Blnd                5199.00A   -3.436   49.8229
Fe 2                7926.88A   -7.266    0.0074      Mn 2                2576.10A   -5.998    0.1366      Blnd                1.04030m   -4.925    1.6179
Fe 2                7803.89A   -7.007    0.0134      Mn 2                2593.72A   -6.092    0.1101      Blnd                2141.00A   -7.892    0.0017
Fe 2                7665.28A   -6.259    0.0750      Mn 2                2605.68A   -6.231    0.0799      Blnd                6300.00A   -3.159   94.3969
Fe 2                5006.63A   -6.406    0.0534      Mn 2                3438.97A   -7.352    0.0060      Blnd                2471.00A   -7.779    0.0023
Fe 2                4772.06A   -7.220    0.0082      Mn 2                3460.03A   -7.887    0.0018      Blnd                7323.00A   -7.947    0.0015
Fe 2                4639.67A   -6.903    0.0170      N  1                1199.55A   -7.295    0.0069      Blnd                7332.00A   -8.028    0.0013
Fe 2                4528.39A   -6.514    0.0416      N  1                1200.22A   -7.468    0.0046      Blnd                3727.00A   -5.868    0.1846
Fe 2                4509.61A   -6.862    0.0187      N  1                1200.71A   -7.771    0.0023      Blnd                7325.00A   -7.685    0.0028



 IC443 NE diffuse shock -- v shock=80 km/s, T obs=10000K  
 Cooling:  H  1c                     0 :0.141 Fe 2c                     0 :0.074 O  1c                     0 :0.400 Si 2c                     0 :0.233  
 Heating:  TotM                      0 :0.140 CT H                      0 :0.157 H- H                      0 :0.700  

 These are some of the most important databases used by Cloudy:
 Many recombination coefficients were taken from http://amdpp.phys.strath.ac.uk/tamoc/RR/ and http://amdpp.phys.strath.ac.uk/tamoc/DR/
      and are based on the following papers:
        Badnell N. R., et al., A&A 406, 1151 (2003) [http://adsabs.harvard.edu/abs/2003A%26A...406.1151B]
        Badnell N. R., ApJS 167, 334 (2006) [http://adsabs.harvard.edu/abs/2006ApJS..167..334B]
 Much of the molecular emission data is from LAMDA as accessed on June 30, 2015. This database is described in:
        Schoeier F.L., et al., A&A 432, 369 (2005) [http://adsabs.harvard.edu/abs/2005A%26A...432..369S]
      This database is in part based on the work of the following groups:
        JPL: Pickett H. M. et al., JQSRT, 60, 883 (1998). [http://adsabs.harvard.edu/abs/1998JQSRT..60..883P]
        CDMS: Mueller H. S. et al., A&A 370, L49 (2001). [http://adsabs.harvard.edu/abs/2001A%26A...370L..49M]
              Mueller H. S. et al., J. Mol. Struct. 742, 215 (2005). [http://adsabs.harvard.edu/abs/2005JMoSt.742..215M]
 Some of the ionic emission data is from version 10.0.1 of CHIANTI. CHIANTI is a collaborative project involving the NRL (USA), the
      Universities of Florence (Italy) and Cambridge (UK), and George Mason University (USA). These papers describe Chianti:
        Dere K. P., et al., A&AS, 125, 149 (1997) [http://adsabs.harvard.edu/abs/1997A%26AS..125..149D]
        Landi E., et al., ApJ, 744, 99 (2012) [http://adsabs.harvard.edu/abs/2012ApJ...744...99L]
 Much of the H_2 data is from this web site: http://molat.obspm.fr/index.php?page=pages/Molecules/H2/H2can94.php. These data are
      described in:
        Abgrall H. et al., Can. J. Phys., 72, 856 (1994) [http://adsabs.harvard.edu/abs/1994CaJPh..72..856A]
        Wrathmall S. A. & Flower D. R., J. Phys. B, 40, 3221 (2007) [http://adsabs.harvard.edu/abs/2007JPhB...40.3221W]
 The Case A and Case B recombination predictions for one-electron systems are from
	Storey, P.J. & Hummer, D.G., 1995, MNRAS 272, 41 http://adsabs.harvard.edu/abs/1995MNRAS.272...41S
 The He I recombination predictions are from
	Porter, R. L.; Ferland, G. J.; Storey, P. J.; Detisch, M. J., 2012, MNRAS, 425, 28p http://adsabs.harvard.edu/abs/2012MNRAS.425L..28P
		http://adsabs.harvard.edu/abs/2013MNRAS.433L..89P

 If you find some process or data set to be particularly critical to a result, please follow the trail of references back to the
 original source and cite that.  This will support and encourage atomic, molecular, and chemical physicists to continue their
 valuable work.

 IONIZE PARMET:  U(1-)-37.0000  U(4-):-37.0000  U(sp):-37.00  Q(ion):   -7.630  L(ion)-18.125    Q(low): 11.607    L(low) -1.725
 ENERGY BUDGET:  Heat:  -5.533  Coolg:  -1.377  Error:1431079.1%  Rec Lin:  -2.666  F-F  H  0.000    P(rad/tot)max     8.12E-04    R(F Con):1.737e+05

     Col(Heff):      1.356E+21  snd travl time  2.33E+12 sec  Te-low: 1.00E+04  Te-hi: 1.00E+04  G0TH85: 0.00E+00  G0DB96:0.00E+00
  Emiss Measure    n(e)n(p) dl       8.223E+17  n(e)n(He+)dl         7.097E+09  En(e)n(He++) dl         0.000E+00  ne nC+:8.22E+14
 He/Ha:2.69E-08  =   0.00*true  Lthin:3.64E+06  itr/zn: 1.60  H2 itr/zn:  0.00  File Opacity: F  MassTot 3.84e-03  (gm/cm^2)
   Temps(21 cm)   T(21cm/Ly a)  4.71E+03        T(<nH/Tkin>)  1.00E+04          T(<nH/Tspin>)    5.05E+03          TB21cm:3.92E+01
                   N(H0/Tspin)  3.21E+17        N(OH/Tkin)    1.42E+08          B(21cm)          0.00E+00
   <a>:1.26E-11  erdeFe0.0E+00  Tcompt0.00E+00  Tthr9.47E+10  <Tden>: 1.00E+04  <dens>:2.06E-21  <MolWgt>1.29E+00
     Mean Jeans  l(cm)1.21E+20  M(sun)9.64E+05  smallest:     len(cm):1.21E+20  M(sun):9.63E+05  a_ox tran:  0.00
 Rion:1.000E+30  Dist:0.00E+00  Diam:0.000E+00
 Hatom level 70  HatomType: add  HInducImp  F  He tot level: 63  He2 level:   70  ExecTime    40.8
 ConvrgError(%)  <eden>  0.200  MaxEden  0.950  <H-C> 100.00  Max(H-C)  100.00  <Press>   0.000  MaxPrs er  0.000
  Continuity(%)  chng Te   0.0  elec den   2.9  n(H2)    0.0  n(CO)        5.1

                                                        Averaged Quantities
             Te      Te(Ne)   Te(NeNp)  Te(NeHe+)Te(NeHe2+) Te(NeO+)  Te(NeO2+)  Te(H2)     N(H)     Ne(O2+)   Ne(Np)
 Radius:  1.00e+04  1.00e+04  1.00e+04  1.00e+04  0.00e+00  1.00e+04  1.00e+04  1.00e+04  8.70e+02  7.25e-01  7.18e-01
 
 Peimbert T(OIIIr)0.00E+00 T(Bac)0.00E+00 T(Hth)7.28E+03 t2(Hstrc) 1.32e-31 T(O3-BAC)5.76E+03 t2(O3-BC)-1.56e-01 t2(O3str) 3.31e-32

 Contin Optical Depths: COMP: 8.79e-07    H-: 5.96e-04 R(1300): 1.09e-02  H2+: 2.29e-06  Bra:8.80E-07
                          Pa: 8.87e-07    Ba: 5.44e-04      Hb: 4.22e-04   La: 2.68e+01     1r:1.029E+04  1.8:3.21E+03 4.:4.853E+02

 Old, new H  1 continuum optical depths:
     1 1.00e+08     2 0.00e+00     3 0.00e+00     4 0.00e+00     5 0.00e+00     6 0.00e+00     7 0.00e+00     8 0.00e+00
     9 0.00e+00    10 0.00e+00    11 0.00e+00    12 0.00e+00    13 0.00e+00    14 0.00e+00    15 0.00e+00    16 0.00e+00
    17 0.00e+00    18 0.00e+00    19 0.00e+00    20 0.00e+00    21 0.00e+00    22 0.00e+00    23 0.00e+00    24 0.00e+00
    25 0.00e+00    26 0.00e+00    27 0.00e+00    28 0.00e+00    29 0.00e+00    30 0.00e+00    31 0.00e+00    32 0.00e+00
    33 0.00e+00    34 0.00e+00    35 0.00e+00    36 0.00e+00    37 0.00e+00    38 0.00e+00    39 0.00e+00    40 0.00e+00
    41 0.00e+00    42 0.00e+00    43 0.00e+00    44 0.00e+00    45 0.00e+00    46 0.00e+00    47 0.00e+00    48 0.00e+00
    49 0.00e+00    50 0.00e+00    51 0.00e+00    52 0.00e+00    53 0.00e+00    54 0.00e+00
     1 1.03e+04     2 3.05e-04     3 5.99e-04     4 5.99e-04     5 5.99e-04     6 1.55e-04     7 1.55e-04     8 1.55e-04
     9 1.55e-04    10 3.81e-17    11 3.81e-17    12 3.81e-17    13 3.81e-17    14 3.81e-17    15 5.51e-17    16 5.51e-17
    17 5.51e-17    18 5.51e-17    19 5.51e-17    20 5.51e-17    21 9.60e-17    22 9.60e-17    23 9.60e-17    24 9.60e-17
    25 9.60e-17    26 9.60e-17    27 9.60e-17    28 1.55e-16    29 1.55e-16    30 1.55e-16    31 1.55e-16    32 1.55e-16
    33 1.55e-16    34 1.55e-16    35 1.55e-16    36 2.38e-16    37 2.38e-16    38 2.38e-16    39 2.38e-16    40 2.38e-16
    41 2.38e-16    42 2.38e-16    43 2.38e-16    44 2.38e-16    45 3.48e-16    46 3.48e-16    47 3.48e-16    48 3.48e-16
    49 3.48e-16    50 3.48e-16    51 3.48e-16    52 3.48e-16    53 3.48e-16    54 3.48e-16

 Old, new H  1 mean line optical depths:
  2- 1 1.98e+08  3- 2 0.00e+00  4- 3 0.00e+00  5- 4 0.00e+00  6- 5 0.00e+00  7- 6 0.00e+00  8- 7 0.00e+00
  9- 8 0.00e+00 10- 9 0.00e+00 11-10 0.00e+00 12-11 0.00e+00 13-12 0.00e+00 14-13 0.00e+00 15-14 0.00e+00 16-15 0.00e+00
 17-16 0.00e+00 18-17 0.00e+00 19-18 0.00e+00 20-19 0.00e+00 21-20 0.00e+00 22-21 0.00e+00 23-22 0.00e+00 24-23 0.00e+00
 25-24 0.00e+00
  2- 1 1.69e+08  3- 2 2.17e-05  4- 3 1.83e-12  5- 4 9.72e-13  6- 5 2.33e-12  7- 6-6.72e-14  8- 7 7.83e-14
  9- 8 7.28e-13 10- 9 2.49e-12 11-10 1.08e-11 12-11 3.73e-14 13-12-1.64e-13 14-13-5.88e-13 15-14-1.40e-12 16-15-2.86e-12
 17-16-5.36e-12 18-17-9.51e-12 19-18-1.62e-11 20-19-2.70e-11 21-20-4.41e-11 22-21-7.29e-11 23-22-1.28e-10 24-23-2.87e-10
 25-24-7.82e-09

 Old, new He 2 continuum optical depths:
     1 3.43e+06     2 9.96e+07     3 0.00e+00     4 0.00e+00     5 0.00e+00     6 0.00e+00     7 0.00e+00     8 0.00e+00
     9 0.00e+00    10 0.00e+00    11 0.00e+00    12 0.00e+00    13 0.00e+00    14 0.00e+00    15 0.00e+00    16 0.00e+00
    17 0.00e+00    18 0.00e+00    19 0.00e+00    20 0.00e+00    21 0.00e+00    22 0.00e+00    23 0.00e+00    24 0.00e+00
    25 0.00e+00    26 0.00e+00    27 0.00e+00    28 0.00e+00    29 0.00e+00    30 0.00e+00    31 0.00e+00    32 0.00e+00
    33 0.00e+00    34 0.00e+00    35 0.00e+00    36 0.00e+00    37 0.00e+00    38 0.00e+00    39 0.00e+00    40 0.00e+00
    41 0.00e+00    42 0.00e+00    43 0.00e+00    44 0.00e+00    45 0.00e+00    46 0.00e+00    47 0.00e+00    48 0.00e+00
    49 0.00e+00    50 0.00e+00    51 0.00e+00    52 0.00e+00    53 0.00e+00    54 0.00e+00
     1 4.85e+02     2 1.02e+04     3 2.41e-04     4 2.41e-04     5 2.41e-04     6 3.05e-04     7 3.05e-04     8 3.05e-04
     9 3.05e-04    10 4.85e-04    11 4.85e-04    12 4.85e-04    13 4.85e-04    14 4.85e-04    15 5.99e-04    16 5.99e-04
    17 5.99e-04    18 5.99e-04    19 5.99e-04    20 5.99e-04    21 5.05e-04    22 5.05e-04    23 5.05e-04    24 5.05e-04
    25 5.05e-04    26 5.05e-04    27 5.05e-04    28 1.55e-04    29 1.55e-04    30 1.55e-04    31 1.55e-04    32 1.55e-04
    33 1.55e-04    34 1.55e-04    35 1.55e-04    36 2.47e-17    37 2.47e-17    38 2.47e-17    39 2.47e-17    40 2.47e-17
    41 2.47e-17    42 2.47e-17    43 2.47e-17    44 2.47e-17    45 3.81e-17    46 3.81e-17    47 3.81e-17    48 3.81e-17
    49 3.81e-17    50 3.81e-17    51 3.81e-17    52 3.81e-17    53 3.81e-17    54 3.81e-17

 Old, new He 2 mean line optical depths:
  2- 1 1.98e+07  3- 2 0.00e+00  4- 3 0.00e+00  5- 4 0.00e+00  6- 5 0.00e+00  7- 6 0.00e+00  8- 7 0.00e+00
  9- 8 0.00e+00 10- 9 0.00e+00 11-10 0.00e+00 12-11 0.00e+00 13-12 0.00e+00 14-13 0.00e+00 15-14 0.00e+00 16-15 0.00e+00
 17-16 0.00e+00 18-17 0.00e+00 19-18 0.00e+00 20-19 0.00e+00 21-20 0.00e+00 22-21 0.00e+00 23-22 0.00e+00 24-23 0.00e+00
 25-24 0.00e+00
  2- 1 0.00e+00  3- 2 0.00e+00  4- 3 0.00e+00  5- 4 0.00e+00  6- 5 0.00e+00  7- 6 0.00e+00  8- 7 0.00e+00
  9- 8 0.00e+00 10- 9 0.00e+00 11-10 0.00e+00 12-11 0.00e+00 13-12 0.00e+00 14-13 0.00e+00 15-14 0.00e+00 16-15 0.00e+00
 17-16 0.00e+00 18-17 0.00e+00 19-18 0.00e+00 20-19 0.00e+00 21-20 0.00e+00 22-21 0.00e+00 23-22 0.00e+00 24-23 0.00e+00
 25-24 0.00e+00

 Old He Is optical depths:    1 2.36e+07    2 0.00e+00    3 0.00e+00    4 0.00e+00    5 0.00e+00
 New He Is optical depths:    1 3.21e+03    2 1.99e-04    3 2.53e-04    4 2.83e-04    5 2.83e-04
          Old He Is Lines:  584 0.00e+00 3889 0.00e+00 5016 0.00e+00 5876 0.00e+00
          New He Is Lines:  584 1.08e+07 3889 6.86e-08 5016 1.17e-13 5876 5.49e-19
IC443 NE diffuse shock -- v shock=80 km/s, T obs=10000K  


          Start Iteration Number 2                     IC443 NE diffuse shock -- v shock=80 km/s, T obs=10000K  


 ####  1  Te:1.000E+04 Hden:8.698E+02 Ne:4.827E-01 R:1.000E+30 R-R0:1.359E+11 dR:2.719E+11 NTR:  1 Htot:3.493E-25 T912: 1.50e-03###
 Hydrogen      1.00e+00 4.66e-04 H+o/Hden 1.00e+00 6.29e-09 H-    H2 2.63e-06 1.29e-10 H2+ HeH+ 1.96e-11 Ho+ ColD 2.36e+14 1.10e+11
 Helium        1.00e+00 2.91e-12 0.00e+00 HeI 2s3S 2.99e-15 Comp H,C 0.00e+00 0.00e+00 Fill Fac 1.00e+00 Gam1/tot 1.01e-07
 He singlet n  1.00e+00 1.52e-21 1.82e-29 6.96e-29 1.95e-30 8.78e-30 He tripl 2.99e-15 1.80e-27 1.15e-28 1.11e-28 4.99e-30
 Pressure      NgasTgas 9.58e+06 P(total) 1.32e-09 P( gas ) 1.32e-09 P(Radtn) 0.00e+00 Rad accl 0.00e+00 ForceMul 0.00e+00
 Texc(La)      2.34e+03 T(I con) 0.00e+00 T(D con) 5.71e-02 T(U tot) 5.71e-02 nT (c+d) 1.38e+04 Prad/Gas 0.00e+00 Pmag/Gas 0.00e+00
 Molecules     CH/Ctot: 2.02e-06 CH+/Ctot 1.72e-08 CO/Ctot: 3.97e-01 CO+/Ctot 1.99e-08 H2O/Otot 2.54e-12 OH/Ototl 1.28e-06
 Lithium       8.92e-03 9.91e-01 0.00e+00 0.00e+00 Berylliu 9.52e-01 4.80e-02 1.56e-08 0.00e+00 0.00e+00 sec ion: 0.00e+00
 Boron         5.21e-01 4.79e-01 2.61e-14 0.00e+00 0.00e+00 0.00e+00
 Carbon        5.99e-01 4.09e-03 1.16e-14 0.00e+00 0.00e+00 0.00e+00 0.00e+00 H2O+/O   2.12e-10 OH+/Otot 2.78e-06 Hex(tot) 0.00e+00
 Nitrogen      9.83e-01 5.37e-04 1.06e-19 0.00e+00 0.00e+00 0.00e+00 0.00e+00 0.00e+00 O2/Ototl 6.33e-11 O2+/Otot 8.31e-08
 Oxygen        8.01e-01 3.01e-04 3.21e-24 0.00e+00 0.00e+00 0.00e+00 0.00e+00 0.00e+00 0.00e+00
 Fluorine      8.32e-01 8.69e-06 2.76e-21 0.00e+00 0.00e+00 0.00e+00 0.00e+00 0.00e+00 0.00e+00 0.00e+00
 Neon          1.00e+00 2.95e-07 0.00e+00 0.00e+00 0.00e+00 0.00e+00 0.00e+00 0.00e+00 0.00e+00 0.00e+00 0.00e+00
 Sodium        2.06e-03 9.98e-01 5.04e-22 0.00e+00 0.00e+00 0.00e+00 0.00e+00 0.00e+00 0.00e+00 0.00e+00 0.00e+00 0.00e+00
 Magnesium     6.14e-02 9.39e-01 7.26e-05 0.00e+00 0.00e+00 0.00e+00 0.00e+00 0.00e+00 0.00e+00 0.00e+00 0.00e+00 0.00e+00 0.00e+00
 Aluminium  0  9.67e-04 9.99e-01 1.78e-07 0.00e+00 0.00e+00 0.00e+00 0.00e+00 0.00e+00 0.00e+00 0.00e+00 0.00e+00 0.00e+00 0.00e+00
 Silicon    0  1.20e-01 4.21e-01 3.16e-06 0.00e+00 0.00e+00 0.00e+00 0.00e+00 0.00e+00 0.00e+00 0.00e+00 0.00e+00 0.00e+00 0.00e+00
 Phosphorus 0  1.41e-03 9.99e-01 8.16e-10 0.00e+00 0.00e+00 0.00e+00 0.00e+00 0.00e+00 0.00e+00 0.00e+00 0.00e+00 0.00e+00 0.00e+00
 Sulphur    0  1.21e-01 1.34e-02 2.49e-12 0.00e+00 0.00e+00 0.00e+00 0.00e+00 0.00e+00 0.00e+00 0.00e+00 0.00e+00 0.00e+00 0.00e+00
 Chlorine   0  7.78e-03 9.92e-01 1.39e-09 0.00e+00 0.00e+00 0.00e+00 0.00e+00 0.00e+00 0.00e+00 0.00e+00 0.00e+00 0.00e+00 0.00e+00
 Argon      0  1.00e+00 4.15e-05 1.03e-16 0.00e+00 0.00e+00 0.00e+00 0.00e+00 0.00e+00 0.00e+00 0.00e+00 0.00e+00 0.00e+00 0.00e+00
 Potassium  0  4.99e-04 1.00e+00 1.19e-13 0.00e+00 0.00e+00 0.00e+00 0.00e+00 0.00e+00 0.00e+00 0.00e+00 0.00e+00 0.00e+00 0.00e+00
 Calcium    0  9.41e-03 9.81e-01 9.27e-03 0.00e+00 0.00e+00 0.00e+00 0.00e+00 0.00e+00 0.00e+00 0.00e+00 0.00e+00 0.00e+00 0.00e+00
 Scandium   0  4.97e-03 9.88e-01 6.63e-03 0.00e+00 0.00e+00 0.00e+00 0.00e+00 0.00e+00 0.00e+00 0.00e+00 0.00e+00 0.00e+00 0.00e+00
 Titanium   0  3.56e-04 9.99e-01 5.43e-04 0.00e+00 0.00e+00 0.00e+00 0.00e+00 0.00e+00 0.00e+00 0.00e+00 0.00e+00 0.00e+00 0.00e+00
 Vanadium   0  1.28e-02 9.87e-01 4.01e-05 0.00e+00 0.00e+00 0.00e+00 0.00e+00 0.00e+00 0.00e+00 0.00e+00 0.00e+00 0.00e+00 0.00e+00
 Chromium   0  2.09e-02 9.79e-01 1.33e-04 0.00e+00 0.00e+00 0.00e+00 0.00e+00 0.00e+00 0.00e+00 0.00e+00 0.00e+00 0.00e+00 0.00e+00
 Manganese  0  3.74e-04 1.00e+00 7.48e-05 0.00e+00 0.00e+00 0.00e+00 0.00e+00 0.00e+00 0.00e+00 0.00e+00 0.00e+00 0.00e+00 0.00e+00
 Iron       0  3.30e-04 1.00e+00 3.84e-05 0.00e+00 0.00e+00 0.00e+00 0.00e+00 0.00e+00 0.00e+00 0.00e+00 0.00e+00 0.00e+00 0.00e+00
 Cobalt     0  1.10e-01 8.90e-01 3.02e-07 0.00e+00 0.00e+00 0.00e+00 0.00e+00 0.00e+00 0.00e+00 0.00e+00 0.00e+00 0.00e+00 0.00e+00
 Nickel     0  4.68e-04 1.00e+00 1.23e-12 0.00e+00 0.00e+00 0.00e+00 0.00e+00 0.00e+00 0.00e+00 0.00e+00 0.00e+00 0.00e+00 0.00e+00
 Copper     0  2.25e-01 7.75e-01 1.73e-11 0.00e+00 0.00e+00 0.00e+00 0.00e+00 0.00e+00 0.00e+00 0.00e+00 0.00e+00 0.00e+00 0.00e+00
 Zinc       0  6.19e-01 3.81e-01 8.66e-08 0.00e+00 0.00e+00 0.00e+00 0.00e+00 0.00e+00 0.00e+00 0.00e+00 0.00e+00 0.00e+00 0.00e+00
 ####268  Te:1.000E+04 Hden:8.698E+02 Ne:7.873E-01 R:1.000E+30 R-R0:1.864E+18 dR:8.272E+14 NTR:  2 Htot:1.533E-24 T912: 1.03e+04###
 Hydrogen      9.99e-01 7.92e-04 H+o/Hden 1.00e+00 1.05e-08 H-    H2 2.98e-06 2.28e-10 H2+ HeH+ 3.47e-11 Ho+ ColD 1.62e+21 1.13e+18
 Helium        1.00e+00 6.77e-11 0.00e+00 HeI 2s3S 4.43e-15 Comp H,C 1.84e-32 6.62e-32 Fill Fac 1.00e+00 Gam1/tot 6.21e-05
 He singlet n  1.00e+00 2.51e-21 6.27e-27 1.06e-28 6.06e-29 1.32e-29 He tripl 4.43e-15 2.68e-27 1.71e-28 1.66e-28 7.54e-30
 Pressure      NgasTgas 9.58e+06 P(total) 1.32e-09 P( gas ) 1.32e-09 P(Radtn) 5.18e-15 Rad accl 3.33e-11 ForceMul 2.09e+05
 Texc(La)      3.05e+03 T(I con) 0.00e+00 T(D con) 3.02e+00 T(U tot) 3.02e+00 nT (c+d) 7.29e+05 Prad/Gas 3.91e-06 Pmag/Gas 0.00e+00
 Molecules     CH/Ctot: 3.80e-06 CH+/Ctot 2.14e-08 CO/Ctot: 1.34e-05 CO+/Ctot 1.13e-11 H2O/Otot 3.74e-12 OH/Ototl 1.84e-06
 Lithium       1.04e-03 9.99e-01 0.00e+00 0.00e+00 Berylliu 6.76e-02 9.32e-01 4.29e-07 0.00e+00 0.00e+00 sec ion: 0.00e+00
 Boron         4.60e-04 1.00e+00 8.09e-14 0.00e+00 0.00e+00 0.00e+00
 Carbon        9.97e-01 2.64e-03 1.16e-14 0.00e+00 0.00e+00 0.00e+00 0.00e+00 H2O+/O   1.15e-10 OH+/Otot 2.17e-06 Hex(tot) 0.00e+00
 Nitrogen      9.98e-01 9.93e-04 4.50e-18 0.00e+00 0.00e+00 0.00e+00 0.00e+00 0.00e+00 O2/Ototl 6.66e-11 O2+/Otot 4.96e-08
 Oxygen        9.99e-01 6.39e-04 1.01e-23 0.00e+00 0.00e+00 0.00e+00 0.00e+00 0.00e+00 0.00e+00
 Fluorine      9.93e-01 1.20e-05 5.05e-21 0.00e+00 0.00e+00 0.00e+00 0.00e+00 0.00e+00 0.00e+00 0.00e+00
 Neon          1.00e+00 2.65e-07 0.00e+00 0.00e+00 0.00e+00 0.00e+00 0.00e+00 0.00e+00 0.00e+00 0.00e+00 0.00e+00
 Sodium        2.11e-03 9.98e-01 7.16e-22 0.00e+00 0.00e+00 0.00e+00 0.00e+00 0.00e+00 0.00e+00 0.00e+00 0.00e+00 0.00e+00
 Magnesium     2.91e-02 9.71e-01 1.27e-04 0.00e+00 0.00e+00 0.00e+00 0.00e+00 0.00e+00 0.00e+00 0.00e+00 0.00e+00 0.00e+00 0.00e+00
 Aluminium  0  2.48e-04 1.00e+00 2.22e-07 0.00e+00 0.00e+00 0.00e+00 0.00e+00 0.00e+00 0.00e+00 0.00e+00 0.00e+00 0.00e+00 0.00e+00
 Silicon    0  2.40e-04 1.00e+00 1.28e-05 0.00e+00 0.00e+00 0.00e+00 0.00e+00 0.00e+00 0.00e+00 0.00e+00 0.00e+00 0.00e+00 0.00e+00
 Phosphorus 0  1.36e-03 9.99e-01 1.21e-09 0.00e+00 0.00e+00 0.00e+00 0.00e+00 0.00e+00 0.00e+00 0.00e+00 0.00e+00 0.00e+00 0.00e+00
 Sulphur    0  8.03e-01 1.97e-01 5.33e-10 0.00e+00 0.00e+00 0.00e+00 0.00e+00 0.00e+00 0.00e+00 0.00e+00 0.00e+00 0.00e+00 0.00e+00
 Chlorine   0  5.83e-03 9.94e-01 1.78e-09 0.00e+00 0.00e+00 0.00e+00 0.00e+00 0.00e+00 0.00e+00 0.00e+00 0.00e+00 0.00e+00 0.00e+00
 Argon      0  1.00e+00 8.63e-05 4.94e-15 0.00e+00 0.00e+00 0.00e+00 0.00e+00 0.00e+00 0.00e+00 0.00e+00 0.00e+00 0.00e+00 0.00e+00
 Potassium  0  4.78e-04 1.00e+00 1.62e-13 0.00e+00 0.00e+00 0.00e+00 0.00e+00 0.00e+00 0.00e+00 0.00e+00 0.00e+00 0.00e+00 0.00e+00
 Calcium    0  8.92e-04 9.91e-01 8.59e-03 0.00e+00 0.00e+00 0.00e+00 0.00e+00 0.00e+00 0.00e+00 0.00e+00 0.00e+00 0.00e+00 0.00e+00
 Scandium   0  7.98e-04 9.93e-01 6.14e-03 0.00e+00 0.00e+00 0.00e+00 0.00e+00 0.00e+00 0.00e+00 0.00e+00 0.00e+00 0.00e+00 0.00e+00
 Titanium   0  3.30e-04 9.99e-01 4.96e-04 0.00e+00 0.00e+00 0.00e+00 0.00e+00 0.00e+00 0.00e+00 0.00e+00 0.00e+00 0.00e+00 0.00e+00
 Vanadium   0  8.71e-03 9.91e-01 5.21e-05 0.00e+00 0.00e+00 0.00e+00 0.00e+00 0.00e+00 0.00e+00 0.00e+00 0.00e+00 0.00e+00 0.00e+00
 Chromium   0  8.36e-04 9.99e-01 2.32e-04 0.00e+00 0.00e+00 0.00e+00 0.00e+00 0.00e+00 0.00e+00 0.00e+00 0.00e+00 0.00e+00 0.00e+00
 Manganese  0  3.47e-04 1.00e+00 1.27e-04 0.00e+00 0.00e+00 0.00e+00 0.00e+00 0.00e+00 0.00e+00 0.00e+00 0.00e+00 0.00e+00 0.00e+00
 Iron       0  2.82e-04 1.00e+00 6.55e-05 0.00e+00 0.00e+00 0.00e+00 0.00e+00 0.00e+00 0.00e+00 0.00e+00 0.00e+00 0.00e+00 0.00e+00
 Cobalt     0  6.15e-03 9.94e-01 5.75e-07 0.00e+00 0.00e+00 0.00e+00 0.00e+00 0.00e+00 0.00e+00 0.00e+00 0.00e+00 0.00e+00 0.00e+00
 Nickel     0  4.06e-04 1.00e+00 1.83e-12 0.00e+00 0.00e+00 0.00e+00 0.00e+00 0.00e+00 0.00e+00 0.00e+00 0.00e+00 0.00e+00 0.00e+00
 Copper     0  1.37e-02 9.86e-01 3.31e-11 0.00e+00 0.00e+00 0.00e+00 0.00e+00 0.00e+00 0.00e+00 0.00e+00 0.00e+00 0.00e+00 0.00e+00
 Zinc       0  2.01e-02 9.80e-01 3.10e-07 0.00e+00 0.00e+00 0.00e+00 0.00e+00 0.00e+00 0.00e+00 0.00e+00 0.00e+00 0.00e+00 0.00e+00
   IC443 NE diffuse shock -- v shock=80 km/s, T obs=10000K  
   Calculation stopped because H column dens reached. Iteration 2 of 2
   The geometry is plane-parallel.
  !Ionization rate fell below background cosmic ray ionization rate.  Should this be added too?
  !   Use the COSMIC RAY BACKGROUND command.
  !Compton cooling rate underflows to zero.  Is this important?
  !Some input lines contained underscores, these were changed to spaces.
  !There is no hydrogen-ionizing radiation.  Was this intended?
  !Thermal collisional ionization of H reached 84.19% of the local ionization rate.
  !Charge transfer H => H+ reached 88820.1% of the local H ionization rate.
  !Charge transfer heating reached 97.34% of the local heating.
  !Continuum zero at some energies.
  !AGE: Cloud age was not set.  Longest timescale was 8.60e+12 s = 2.73e+05 years.
  !Heating - cooling mismatch =200.0%. Caused by constant temperature assumption. 
  !Mutual neutralization production of H-alpha was significant.
  !Incident radiation field energy density is less than 2.7K.  Add background with CMB command.
  !The CMB was not included.  This is added with the CMB command.
  !The intensity of the incident radiation field is less than 10 times the Habing diffuse ISM field.  Is this OK?
  !   Consider adding diffuse ISM emission with TABLE ISM command.
  !An ionization jump occurred elem S  1, by 162% from 1.21e-01 (zone 1) to 4.64e-01 (zone 2) to 7.55e-01 (zone 3)
   The density is too low to l-mix the lowest H  I collapsed level.  More resolved levels are needed for accurate line ratios.
   The density is too low to l-mix the lowest He I collapsed level.  More resolved levels are needed for accurate line ratios.
   Grains were not present but might survive in this environment (energy density temperature was 0.00e+00K)
   The local H2 cooling rate reached 1.9% of the local cooling.
   H- absorption heating was 65.4% of the total.
   The optical depth to Rayleigh scattering at 1300A is 1.09e-02
   The fraction of F in HF reached 0.694% at some point in the cloud.

                       *********************************> Cloudy 23.01 <**********************************
                       * title IC443 NE diffuse shock -- v shock=80 km/s, T obs=10000K                   *
                       * hden 2.9394                                                                     *
                       * constant temperature, t=10000 K linear                                          *
                       * stop column density 21.21                                                       *
                       * iterate                                                                         *
                       * save results last "v80.rlt"                                                     *
                       *********************************> Log(U):-37.00 <*********************************

                     Emission Line Spectrum.   Constant  Density Model.    Open geometry.  Iteration 2 of 2.
                                                     Intensity (erg/s/cm^2).


                                                   Intrinsic line intensities
general properties.............................      Co 2                9342.40A   -6.477    0.0458      Fe 2                6353.11A   -7.928    0.0016
TotH                      0    -5.595    0.3488      Co 2                9943.48A   -6.824    0.0206      Fe 2                1.80228m   -8.027    0.0013
TotC                      0    -1.379 5743.2876      Co 2                7539.01A   -7.145    0.0098      Fe 2                1.00387m   -7.957    0.0015
TotM                      0    -6.396    0.0552      Co 2                8121.00A   -6.857    0.0191      Fe 2                9469.41A   -7.842    0.0020
CT H                      0    -6.329    0.0645      Co 2                8571.41A   -7.465    0.0047      Fe 2                9384.77A   -7.333    0.0064
H  1c                     0    -2.232  804.5672      Co 2                6.21176m   -8.106    0.0011      Fe 2                2.39329m   -7.383    0.0057
NOc                       0    -8.026    0.0013      Co 2                8027.34A   -7.324    0.0065      Fe 2                4825.73A   -6.784    0.0226
CNc                       0    -7.031    0.0128      Co 2                8467.14A   -7.737    0.0025      Fe 2                2.50030m   -7.720    0.0026
OHc                       0    -7.641    0.0031      Co 2                8333.76A   -7.505    0.0043      Fe 2                4867.73A   -7.826    0.0021
HFc                       0    -7.789    0.0022      Cr 2                8000.08A   -5.320    0.6576      Fe 2                2.59860m   -8.103    0.0011
COc                       0    -4.709    2.6839      Cr 2                8125.30A   -5.394    0.5547      Fe 2                4903.85A   -7.277    0.0073
^13COc                    0    -6.231    0.0807      Cr 2                8229.67A   -5.488    0.4465      Fe 2                1.04657m   -8.136    0.0010
OH+c                      0    -7.608    0.0034      Cr 2                8308.49A   -5.675    0.2901      Fe 2                3.58120m   -7.727    0.0026
CHc                       0    -7.820    0.0021      Cr 2                8357.64A   -5.973    0.1462      Fe 2                3.15558m   -7.758    0.0024
CHc                       0    -7.410    0.0053      Fe 1                24.0358m   -5.772    0.2322      Fe 2                5171.63A   -7.086    0.0113
Al 1c                     0    -8.094    0.0011      Fe 1                34.7038m   -6.360    0.0600      Fe 2                5169.03A   -6.302    0.0685
C  1c                     0    -2.694  278.1696      Fe 2                25.9813m   -3.687   28.2528      Fe 2                5018.44A   -8.005    0.0014
C  2c                     0    -4.890    1.7701      Fe 2                5.33871m   -3.164   94.1139      Fe 2                6044.54A   -7.530    0.0041
Ca 1c                     0    -6.379    0.0574      Fe 2                4.11387m   -5.527    0.4087      Fe 2                5316.61A   -7.991    0.0014
Cl 1c                     0    -6.694    0.0278      Fe 2                1.25668m   -4.436    5.0363      Fe 3                22.9190m   -8.037    0.0013
Co 2c                     0    -5.242    0.7863      Fe 2                1.19129m   -7.220    0.0083      Fe 3                4985.87A   -7.902    0.0017
Cr 2c                     0    -4.817    2.0952      Fe 2                6309.53A   -8.064    0.0012      K  1                7664.90A   -7.800    0.0022
Fe 1c                     0    -5.672    0.2922      Fe 2                4799.30A   -7.964    0.0015      K  1                7698.96A   -8.098    0.0011
Fe 2c                     0    -2.514  421.1460      Fe 2                4704.22A   -7.189    0.0089      Mg 1                2025.82A   -7.609    0.0034
Fe 3c                     0    -7.321    0.0066      Fe 2                4632.28A   -5.396    0.5523      Mg 1                2852.13A   -4.725    2.5859
K  1c                     0    -7.626    0.0033      Fe 2                4604.48A   -7.179    0.0091      Mg 1                3832.30A   -7.798    0.0022
Mg 1c                     0    -4.211    8.4547      Fe 2                4416.27A   -5.377    0.5766      Mg 1                3838.29A   -7.381    0.0057
Mn 2c                     0    -5.442    0.4969      Fe 2                4382.74A   -6.347    0.0618      Mg 1                4562.60A   -4.532    4.0381
N  1c                     0    -3.424   51.7656      Fe 2                4287.39A   -4.415    5.2865      Mg 1                4571.10A   -4.970    1.4715
Na 1c                     0    -6.269    0.0740      Fe 2                3931.44A   -8.009    0.0013      Mg 1                4575.29A   -5.898    0.1737
Ni 1c                     0    -6.697    0.0276      Fe 2                3874.07A   -7.640    0.0031      Mg 1                5167.32A   -7.057    0.0121
O  1c                     0    -1.775 2307.9011      Fe 2                3175.38A   -6.226    0.0817      Mg 1                5172.68A   -6.582    0.0359
O  2c                     0    -5.868    0.1864      Fe 2                2599.40A   -7.251    0.0077      Mg 1                5183.60A   -6.362    0.0597
P  2c                     0    -4.500    4.3482      Fe 2                2382.04A   -5.422    0.5205      Mg 1                8806.76A   -6.639    0.0316
S  1c                     0    -4.381    5.7135      Fe 2                2343.50A   -8.117    0.0010      Mg 1                1.18282m   -6.799    0.0218
S  2c                     0    -3.429   51.1198      Fe 2                35.3391m   -4.348    6.1617      Mg 1                1.50250m   -7.623    0.0033
Sc 2c                     0    -6.539    0.0398      Fe 2                6.71944m   -4.304    6.8240      Mg 1                1.50402m   -8.067    0.0012
Si 1c                     0    -6.736    0.0252      Fe 2                4.88781m   -5.190    0.8870      Mg 1                1.71087m   -7.308    0.0068
Si 2c                     0    -2.010 1343.4000      Fe 2                4.07521m   -6.011    0.1338      Mn 2                2576.10A   -5.827    0.2046
Zn 2c                     0    -6.802    0.0217      Fe 2                1.32055m   -4.932    1.6058      Mn 2                2593.72A   -5.920    0.1650
Al 2c                     0    -4.335    6.3527      Fe 2                1.24854m   -5.966    0.1486      Mn 2                2605.68A   -6.061    0.1195
Ca 2c                     0    -3.067  117.7439      Fe 2                1.20512m   -7.778    0.0023      Mn 2                3438.97A   -7.378    0.0058
Cl 2c                     0    -4.890    1.7709      Fe 2                7637.52A   -5.236    0.7983      Mn 2                3460.03A   -7.915    0.0017
Mg 2c                     0    -2.831  202.7378      Fe 2                7523.28A   -7.283    0.0072      N  1                1134.98A   -8.076    0.0012
N  2c                     0    -6.022    0.1307      Fe 2                4889.62A   -5.260    0.7557      N  1                1199.55A   -7.295    0.0070
Ni 2c                     0    -3.875   18.3384      Fe 2                4750.27A   -7.991    0.0014      N  1                1200.22A   -7.467    0.0047
continua.......................................      Fe 2                4716.37A   -6.273    0.0732      N  1                1200.71A   -7.770    0.0023
Bac                 3646.00A   -5.731    0.2554      Fe 2                4687.56A   -6.477    0.0458      N  1                3466.50A   -5.769    0.2340
nFnu                3645.00A   -3.224   82.0774      Fe 2                4492.64A   -6.247    0.0779      N  1                3466.54A   -6.442    0.0497
nFnu                3647.00A   -3.225   81.8220      Fe 2                4457.95A   -5.645    0.3112      N  1                5197.90A   -3.838   19.9360
cout                3646.00A   -6.032    0.1277      Fe 2                4432.45A   -6.439    0.0500      N  1                5200.26A   -3.662   29.9032
cref                3646.00A   -6.032    0.1277      Fe 2                4359.33A   -4.545    3.9173      N  1                1.03977m   -5.273    0.7323
thin                3646.00A   -5.731    0.2554      Fe 2                3224.54A   -7.322    0.0065      N  1                1.03982m   -5.796    0.2197
Ba C                      0    -6.477    0.0458      Fe 2                3214.67A   -6.740    0.0250      N  1                1.04072m   -5.621    0.3286
PA C                      0    -6.894    0.0175      Fe 2                2625.67A   -3.702   27.3072      N  1                1.04076m   -5.609    0.3381
FIR                 83.0000m   -1.785 2253.8521      Fe 2                2611.87A   -4.480    4.5478      Na 1                5889.95A   -6.570    0.0370
TIR                 1800.00m   -4.355    6.0715      Fe 2                2598.37A   -5.713    0.2660      Na 1                5895.92A   -6.570    0.0370
NIRa                2.85000m   -1.833 2018.9204      Fe 2                2395.63A   -4.713    2.6632      Ni 1                7.50454m   -6.697    0.0276
NIRb                3.00000m   -2.975  145.5797      Fe 2                2388.63A   -5.797    0.2192      O  1                1302.17A   -7.983    0.0014
MIRa                15.0000m   -3.070  116.9233      Fe 2                2383.06A   -7.596    0.0035      O  1                1304.86A   -6.450    0.0487
MIRb                22.5000m   -1.965 1487.9786      Fe 2                2364.83A   -5.094    1.1066      O  1                1306.03A   -6.691    0.0280
NMIR                21.7500m   -1.833 2018.9204      Fe 2                2332.80A   -6.229    0.0811      O  1                1355.60A   -6.474    0.0462
TFIR                611.250m   -2.783  226.2953      Fe 2                2279.91A   -7.695    0.0028      O  1                1358.51A   -6.817    0.0210
TALL                10000.0A   -1.380 5731.1016      Fe 2                51.2868m   -4.867    1.8673      O  1                2972.29A   -5.923    0.1641
F12                 12.0000m   -4.977    1.4499      Fe 2                5.67236m   -6.002    0.1369      O  1                5577.34A   -4.973    1.4618
F25                 25.0000m   -3.588   35.4889      Fe 2                4.60641m   -5.811    0.2123      O  1                6300.30A   -3.282   71.7013
F60                 60.0000m   -1.830 2032.7548      Fe 2                4.08085m   -6.557    0.0381      O  1                6363.78A   -3.778   22.9059
F100                100.000m   -5.218    0.8320      Fe 2                1.37181m   -5.176    0.9166      O  1                6391.73A   -7.106    0.0108
MIPS                24.0000m   -3.588   35.4836      Fe 2                1.29427m   -5.751    0.2436      O  1                44.0453m   -7.472    0.0046
MIPS                70.0000m   -1.831 2029.5071      Fe 2                7806.23A   -7.009    0.0135      O  1                63.1679m   -1.831 2028.7645
MIPS                160.000m   -2.871  185.0484      Fe 2                7686.93A   -5.314    0.6675      O  1                145.495m   -2.876  182.6861
IRAC                3.60000m   -6.195    0.0878      Fe 2                7552.40A   -7.792    0.0022      O  2                2470.34A   -7.894    0.0018
IRAC                4.50000m   -4.876    1.8269      Fe 2                4958.23A   -7.110    0.0107      O  2                7319.99A   -8.087    0.0011
IRAC                5.80000m   -3.164   94.2661      Fe 2                4750.57A   -7.107    0.0107      O  2                3728.81A   -6.101    0.1088
IRAC                8.00000m   -4.171    9.2667      Fe 2                4728.07A   -5.908    0.1698      O  2                3726.03A   -6.277    0.0726
SPR1                250.000m   -5.508    0.4265      Fe 2                4514.90A   -6.271    0.0737      P  2                60.6263m   -5.240    0.7907
SPR2                350.000m   -3.607   33.9697      Fe 2                4488.75A   -5.990    0.1406      P  2                1532.53A   -7.928    0.0016
SPR3                500.000m   -5.758    0.2401      Fe 2                4470.30A   -7.193    0.0088      P  2                32.8620m   -5.340    0.6284
PAC1                70.0000m   -1.830 2030.3159      Fe 2                4413.78A   -4.696    2.7656      P  2                1.14682m   -5.257    0.7602
PAC2                100.000m   -5.216    0.8360      Fe 2                3254.24A   -6.800    0.0218      P  2                4669.25A   -6.922    0.0164
PAC3                160.000m   -2.870  185.3409      Fe 2                3244.18A   -7.094    0.0111      P  2                2195.57A   -7.201    0.0086
PAH                 3.30000m   -7.000    0.0137      Fe 2                2631.32A   -4.599    3.4571      P  2                1536.42A   -7.617    0.0033
PAHC                3.23000m   -7.280    0.0072      Fe 2                2617.62A   -6.041    0.1250      P  2                1535.92A   -7.634    0.0032
PAHC                3.37000m   -7.275    0.0073      Fe 2                2607.09A   -5.983    0.1429      P  2                1.18828m   -4.834    2.0149
PAH                 6.20000m   -7.045    0.0124      Fe 2                2404.89A   -5.669    0.2944      P  2                2210.34A   -6.748    0.0245
PAHC                5.65000m   -5.959    0.1508      Fe 2                2399.24A   -6.505    0.0430      P  2                1542.30A   -7.920    0.0017
PAH                 7.90000m   -6.528    0.0408      Fe 2                2395.42A   -7.443    0.0050      P  2                7875.99A   -6.174    0.0921
PAHC                6.90000m   -4.173    9.2206      Fe 2                2380.76A   -4.523    4.1241      S  1                1483.04A   -7.788    0.0022
PAH                 11.3000m   -6.656    0.0303      Fe 2                2348.30A   -6.234    0.0801      S  1                1820.34A   -6.476    0.0459
PAHC                10.9000m   -6.050    0.1226      Fe 2                2327.40A   -6.814    0.0211      S  1                1826.24A   -6.960    0.0151
PAH                 11.8000m   -7.730    0.0026      Fe 2                87.3597m   -5.569    0.3707      S  1                25.2421m   -4.431    5.0938
PAHC                12.6500m   -5.801    0.2175      Fe 2                5.06097m   -6.469    0.0466      S  1                56.2957m   -5.390    0.5594
PAH                 13.3000m   -7.758    0.0024      Fe 2                4.43363m   -6.387    0.0564      S  2                6730.82A   -3.852   19.3239
PAHC                14.1000m   -5.459    0.4775      Fe 2                1.40951m   -7.797    0.0022      S  2                6716.44A   -3.691   27.9982
Bcon                3640.00A   -2.122 1038.5929      Fe 2                1.32777m   -5.935    0.1596      S  2                4076.35A   -5.400    0.5472
Pcon                5000.00A   -2.530  405.1175      Fe 2                1.27877m   -5.992    0.1399      S  2                4068.60A   -4.909    1.6958
O3bn                5007.00A   -4.398    5.4898      Fe 2                1.25214m   -7.032    0.0128      S  2                1.03364m   -5.538    0.3981
HFFc                      0    -5.280    0.7206      Fe 2                7926.88A   -7.270    0.0074      S  2                1.02867m   -5.535    0.4010
H FF                      0    -6.842    0.0198      Fe 2                7803.89A   -7.010    0.0134      S  2                1.03705m   -5.860    0.1897
MeFB                      0    -7.283    0.0072      Fe 2                7665.28A   -6.263    0.0751      S  2                1.03205m   -5.401    0.5456
MeFF                      0    -7.635    0.0032      Fe 2                5006.63A   -6.410    0.0534      S  2                1259.52A   -7.192    0.0088
ToFF                      0    -6.777    0.0229      Fe 2                4772.06A   -7.223    0.0082      S  2                1253.81A   -7.265    0.0075
Mion                      0    -6.345    0.0621      Fe 2                4639.67A   -6.907    0.0170      S  2                1250.58A   -7.581    0.0036
nFnu                122.400m   -7.804    0.0022      Fe 2                4528.39A   -6.518    0.0417      Sc 2                4246.82A   -7.690    0.0028
nFnu                60.8322m   -7.432    0.0051      Fe 2                4509.61A   -6.866    0.0187      Sc 2                7043.49A   -7.463    0.0047
nFnu                41.2152m   -7.218    0.0083      Fe 2                4452.10A   -4.889    1.7758      Sc 2                8261.17A   -7.977    0.0014
nFnu                30.8695m   -7.057    0.0120      Fe 2                3277.55A   -7.024    0.0130      Sc 2                8271.28A   -7.863    0.0019
nFnu                24.7829m   -6.933    0.0160      Fe 2                3277.12A   -7.928    0.0016      Sc 2                8326.62A   -8.117    0.0010
nFnu                24.2998m   -6.922    0.0164      Fe 2                3275.02A   -7.100    0.0109      Sc 2                8347.28A   -7.682    0.0029
nFnu                22.8302m   -6.887    0.0178      Fe 2                2631.05A   -5.817    0.2094      Sc 2                8384.33A   -7.995    0.0014
nFnu                21.4199m   -6.851    0.0194      Fe 2                2620.41A   -7.634    0.0032      Sc 2                1.07804m   -8.061    0.0012
nFnu                21.1235m   -6.842    0.0198      Fe 2                2613.82A   -6.617    0.0332      Sc 2                2.03194m   -7.599    0.0035
nFnu                19.6199m   -6.799    0.0218      Fe 2                2410.52A   -6.504    0.0431      Sc 2                2.04712m   -7.946    0.0016
nFnu                17.6534m   -6.738    0.0251      Fe 2                2406.66A   -6.752    0.0243      Sc 2                2.07591m   -7.590    0.0035
nFnu                17.3700m   -6.728    0.0257      Fe 2                2404.43A   -7.489    0.0045      Sc 2                2.07842m   -7.424    0.0052
nFnu                15.6901m   -6.667    0.0296      Fe 2                2359.11A   -6.531    0.0405      Sc 2                2.08152m   -7.693    0.0028
nFnu                14.6036m   -6.624    0.0326      Fe 2                2338.01A   -6.624    0.0327      Sc 2                2.11129m   -7.867    0.0019
nFnu                12.4300m   -6.523    0.0412      Fe 2                4.67067m   -7.011    0.0134      Sc 2                2.12445m   -7.865    0.0019
nFnu                11.4000m   -6.469    0.0467      Fe 2                1.29777m   -6.323    0.0653      Si 1                2519.20A   -7.841    0.0020
nFnu                10.4600m   -6.413    0.0531      Fe 2                1.27034m   -6.195    0.0877      Si 1                2528.51A   -7.613    0.0033
nFnu                9.48002m   -6.349    0.0615      Fe 2                7999.47A   -8.017    0.0013      Si 1                68.4548m   -7.126    0.0103
nFnu                9.32488m   -6.338    0.0631      Fe 2                7874.24A   -6.364    0.0594      Si 1                129.641m   -7.198    0.0087
nFnu                8.21035m   -6.251    0.0771      Fe 2                7733.14A   -6.910    0.0169      Si 2                34.8046m   -2.014 1329.4138
nFnu                7.58000m   -6.195    0.0878      Fe 2                4798.28A   -6.774    0.0231      Si 2                2334.41A   -5.161    0.9484
nFnu                7.05026m   -6.141    0.0993      Fe 2                4664.45A   -7.421    0.0052      Si 2                2328.52A   -5.752    0.2434
nFnu                4.11370m   -5.705    0.2712      Fe 2                4533.01A   -7.413    0.0053      Si 2                1808.01A   -5.333    0.6375
nFnu                2.32440m   -5.151    0.9699      Fe 2                4474.90A   -5.201    0.8650      Si 2                1526.71A   -7.466    0.0047
nFnu                1.64313m   -4.785    2.2522      Fe 2                3289.89A   -7.410    0.0054      Si 2                1260.42A   -7.159    0.0095
nFnu                1.48022m   -4.670    2.9348      Fe 2                3289.46A   -7.189    0.0089      Si 2                2350.17A   -4.990    1.4065
nFnu                1.43649m   -4.635    3.1805      Fe 2                2628.29A   -6.334    0.0637      Si 2                2344.20A   -4.602    3.4321
nFnu                1.11867m   -4.356    6.0493      Fe 2                2621.67A   -7.183    0.0090      Si 2                2334.60A   -4.703    2.7206
nFnu                8329.68A   -4.040   12.5347      Fe 2                2413.31A   -7.028    0.0129      Si 2                1817.45A   -4.985    1.4225
nFnu                8078.61A   -4.008   13.4983      Fe 2                2411.07A   -7.030    0.0128      Si 2                1816.93A   -4.745    2.4738
nFnu                6209.66A   -3.740   25.0196      Fe 2                2344.28A   -6.756    0.0241      Si 2                1533.43A   -5.550    0.3874
nFnu                4885.36A   -3.504   43.0473      Fe 2                17.9311m   -4.152    9.6812      Si 2                1309.28A   -6.319    0.0659
nFnu                3704.34A   -3.240   79.1433      Fe 2                1.64355m   -3.258   75.8560      Si 2                1265.00A   -6.099    0.1093
nFnu                3587.67A   -3.210   84.6536      Fe 2                1.53348m   -4.383    5.6930      Si 2                1264.74A   -6.524    0.0411
nFnu                2430.05A   -2.858  190.6015      Fe 2                8616.95A   -4.646    3.1018      Si 2                1197.39A   -6.479    0.0456
nFnu                2392.03A   -2.844  196.9153      Fe 2                7155.17A   -4.773    2.3153      Si 2                1194.50A   -6.776    0.0230
nFnu                2071.34A   -2.725  258.6785      Fe 2                6896.17A   -6.227    0.0815      Si 2                3862.60A   -7.736    0.0025
nFnu                2052.68A   -2.717  263.4009      Fe 2                5413.37A   -6.682    0.0286      Si 2                3856.02A   -7.705    0.0027
nFnu                1793.44A   -2.621  329.1305      Fe 2                5280.27A   -7.220    0.0083      Si 2                6371.37A   -7.653    0.0031
nFnu                1585.12A   -2.556  381.7197      Fe 2                5273.36A   -4.774    2.3129      Si 2                6347.11A   -7.572    0.0037
nFnu                1458.33A   -2.550  387.3374      Fe 2                5158.79A   -4.163    9.4467      Zn 2                2062.00A   -7.220    0.0083
nFnu                1356.96A   -2.590  353.2009      Fe 2                5111.64A   -5.070    1.1702      Zn 2                2025.48A   -6.982    0.0143
nFnu                1297.29A   -2.703  272.3828      Fe 2                5072.41A   -4.815    2.1025      Al 2                2669.15A   -4.784    2.2605
nFnu                1262.79A   -2.882  180.2783      Fe 2                5039.10A   -6.250    0.0773      Al 2                2660.35A   -4.610    3.3724
nFnu                1218.08A   -7.056    0.0121      Fe 2                4814.54A   -5.119    1.0443      Al 2                1670.79A   -5.277    0.7264
nFnu                1196.33A   -6.563    0.0375      Fe 2                4774.73A   -5.559    0.3791      Al 2                3900.67A   -8.019    0.0013
nFnu                1175.06A   -6.512    0.0423      Fe 2                4745.49A   -6.611    0.0337      Ca 2                7323.89A   -3.550   38.6914
nFnu                1143.64A   -6.633    0.0320      Fe 2                4661.78A   -7.709    0.0027      Ca 2                7291.47A   -3.383   56.8209
nFnu                1113.22A   -6.746    0.0247      Fe 2                4243.97A   -4.489    4.4554      Ca 2                3968.47A   -6.018    0.1319
nFnu                1103.23A   -6.775    0.0231      Fe 2                4177.20A   -5.579    0.3622      Ca 2                8662.14A   -4.276    7.2790
nFnu                1073.86A   -7.681    0.0029      Fe 2                4146.65A   -7.154    0.0096      Ca 2                3933.66A   -5.979    0.1441
nFnu                1064.34A   -7.722    0.0026      Fe 2                4114.48A   -7.489    0.0045      Ca 2                8498.02A   -4.970    1.4707
nFnu                1035.92A   -7.834    0.0020      Fe 2                3929.35A   -7.741    0.0025      Ca 2                8542.09A   -4.024   13.0107
nFnu                1000.00A   -7.992    0.0014      Fe 2                3387.09A   -5.994    0.1392      Ca 2                3706.02A   -6.646    0.0311
nFnu                925.144A   -7.967    0.0015      Fe 2                3376.20A   -5.197    0.8732      Ca 2                3736.90A   -6.349    0.0615
RRC............................................      Fe 2                2732.45A   -6.219    0.0830      Ca 2                3158.87A   -6.669    0.0295
H  1                3645.98A   -6.899    0.0174      Fe 2                2493.30A   -3.876   18.2794      Ca 2                3181.27A   -7.374    0.0058
H  1                3645.98A   -6.552    0.0385      Fe 2                2484.20A   -7.189    0.0089      Ca 2                3179.33A   -6.419    0.0523
H  1                8203.57A   -7.634    0.0032      Fe 2                2360.00A   -6.164    0.0942      Ca 2                1.19497m   -8.066    0.0012
H  1                8203.57A   -7.240    0.0079      Fe 2                2348.12A   -6.335    0.0635      Ca 2                1.18390m   -7.776    0.0023
H  1                8203.57A   -7.343    0.0062      Fe 2                2331.31A   -7.615    0.0033      Ca 2                1838.01A   -7.606    0.0034
H  1                1.45842m   -8.120    0.0010      Fe 2                24.5126m   -4.852    1.9330      Ca 2                1840.03A   -7.450    0.0049
H  1                1.45842m   -7.719    0.0026      Fe 2                1.80940m   -3.859   19.0220      Ca 2                2112.76A   -8.078    0.0011
H  1                1.45842m   -7.715    0.0026      Fe 2                1.67688m   -4.808    2.1378      Cl 2                14.3639m   -5.460    0.4760
H  1                1.45842m   -8.057    0.0012      Fe 2                1.59948m   -4.716    2.6448      Cl 2                33.2721m   -6.541    0.0395
H  1                2.27878m   -8.077    0.0012      Fe 2                9051.95A   -4.488    4.4690      Cl 2                8578.70A   -5.148    0.9764
H  1                2.27878m   -8.040    0.0013      Fe 2                8891.93A   -4.913    1.6807      Cl 2                9123.60A   -5.733    0.2540
Al 1                2070.66A   -8.089    0.0011      Fe 2                7452.56A   -5.265    0.7458      Cl 2                3677.85A   -7.071    0.0117
Si 1                1520.96A   -7.103    0.0108      Fe 2                7172.00A   -5.182    0.9035      Cl 2                6161.84A   -7.025    0.0130
S  1                1196.76A   -7.960    0.0015      Fe 2                6275.53A   -7.139    0.0100      Mg 2                2802.71A   -3.306   67.9028
grains.........................................      Fe 2                5527.36A   -5.754    0.2419      Mg 2                2795.53A   -3.010  134.3655
H-like iso-sequence............................      Fe 2                5440.48A   -7.513    0.0042      Mg 2                2936.52A   -6.237    0.0797
Cool                1215.67A   -2.453  484.3517      Fe 2                5433.15A   -5.288    0.7084      Mg 2                2928.64A   -6.538    0.0398
Crst                960.000A   -2.633  320.2155      Fe 2                5261.63A   -4.543    3.9353      Mg 2                2797.93A   -6.977    0.0145
CION                      0    -4.693    2.7829      Fe 2                5220.08A   -5.818    0.2088      Mg 2                2790.77A   -6.274    0.0731
Ca B                1215.67A   -5.472    0.4636      Fe 2                5184.80A   -5.714    0.2655      Mg 2                2798.00A   -6.021    0.1308
CaBo                4861.32A   -7.005    0.0136      Fe 2                5158.01A   -5.663    0.2983      Mg 2                9244.22A   -8.093    0.0011
Ca A                1215.67A   -5.662    0.2989      Fe 2                4947.39A   -5.063    1.1884      Mg 2                9218.22A   -7.798    0.0022
Ca A                1025.72A   -6.309    0.0674      Fe 2                4905.35A   -5.414    0.5292      N  2                205.283m   -7.304    0.0068
Ca A                972.537A   -6.720    0.0262      Fe 2                4874.50A   -5.457    0.4795      N  2                121.769m   -7.508    0.0043
Ca A                949.743A   -7.024    0.0130      Fe 2                4852.74A   -6.818    0.0209      N  2                6548.05A   -6.668    0.0295
Ca A                937.803A   -7.266    0.0075      Fe 2                4346.86A   -5.116    1.0507      N  2                6583.45A   -6.198    0.0871
Ca A                930.748A   -7.468    0.0047      Fe 2                4276.84A   -5.040    1.2522      N  2                5754.59A   -8.046    0.0012
Ca A                926.226A   -7.642    0.0031      Fe 2                4244.82A   -5.852    0.1932      N  2                2142.77A   -8.052    0.0012
Ca A                923.150A   -7.794    0.0022      Fe 2                4231.56A   -7.452    0.0049      Ni 2                1.19102m   -4.137   10.0325
Ca A                920.963A   -7.931    0.0016      Fe 2                4211.11A   -7.423    0.0052      Ni 2                6.63416m   -4.763    2.3734
Ca A                919.351A   -8.054    0.0012      Fe 2                3455.11A   -6.101    0.1089      Ni 2                1.07151m   -5.752    0.2434
Ca A                6562.80A   -6.732    0.0255      Fe 2                3452.31A   -5.789    0.2231      Ni 2                10.6793m   -5.389    0.5608
Ca A                4861.32A   -7.182    0.0090      Fe 2                3440.99A   -5.676    0.2901      Ni 2                1.27792m   -7.576    0.0036
Ca A                4340.46A   -7.507    0.0043      Fe 2                2774.73A   -7.457    0.0048      Ni 2                1.16130m   -6.271    0.0737
Ca A                4101.73A   -7.761    0.0024      Fe 2                2759.34A   -7.812    0.0021      Ni 2                12.7253m   -5.808    0.2140
Ca A                3970.07A   -7.970    0.0015      Fe 2                2485.07A   -7.688    0.0028      Ni 2                9882.95A   -7.020    0.0131
Ca A                1.87510m   -7.524    0.0041      Fe 2                2391.48A   -6.770    0.0234      Ni 2                1.09177m   -6.558    0.0380
Ca A                1.28181m   -7.851    0.0019      Fe 2                2379.28A   -7.382    0.0057      Ni 2                18.2355m   -6.525    0.0410
Ca A                1.09381m   -8.111    0.0011      Fe 2                2362.02A   -6.293    0.0699      Ni 2                9374.87A   -7.313    0.0067
Ca A                4.05115m   -8.124    0.0010      Fe 2                35.7675m   -5.652    0.3065      Ni 2                7377.83A   -4.916    1.6669
Ca B                6562.80A   -6.550    0.0387      Fe 2                1.95361m   -4.770    2.3345      Ni 2                8300.99A   -6.212    0.0843
Ca B                4861.32A   -7.007    0.0135      Fe 2                1.80002m   -4.824    2.0618      Ni 2                1.93877m   -5.624    0.3266
Ca B                4340.46A   -7.336    0.0063      Fe 2                1.71113m   -5.393    0.5554      Ni 2                2.36883m   -6.911    0.0169
Ca B                4101.73A   -7.593    0.0035      Fe 2                1.66377m   -5.013    1.3347      Ni 2                2.91064m   -6.579    0.0362
Ca B                3970.07A   -7.805    0.0022      Fe 2                9399.04A   -4.910    1.6909      Ni 2                6666.80A   -5.768    0.2343
Ca B                3889.05A   -7.985    0.0014      Fe 2                9226.63A   -4.856    1.9142      Ni 2                7411.61A   -5.549    0.3878
Ca B                1.87510m   -7.477    0.0046      Fe 2                9033.49A   -5.931    0.1610      Ni 2                1.76458m   -7.695    0.0028
Ca B                1.28181m   -7.794    0.0022      Fe 2                7388.17A   -5.302    0.6853      Ni 2                2.04866m   -7.272    0.0073
Ca B                1.09381m   -8.050    0.0012      Fe 2                6440.41A   -6.254    0.0766      Ni 2                2.30794m   -6.729    0.0256
Ca B                4.05115m   -8.102    0.0011      Fe 2                6229.28A   -7.404    0.0054      Ni 2                6.91767m   -7.028    0.0129
H  1                2431.34A   -2.670  293.6129      Fe 2                5654.87A   -6.714    0.0265      Ni 2                4326.24A   -5.715    0.2651
H  1                1215.67A   -2.435  504.1438      Fe 2                5556.31A   -5.957    0.1517      Ni 2                4628.05A   -6.137    0.1003
H  1                6562.80A   -4.376    5.7786      Fe 2                5412.67A   -6.484    0.0451      Ni 2                6794.20A   -7.193    0.0088
H  1                4861.32A   -5.138    1.0000      Fe 2                5333.66A   -4.830    2.0316      Ni 2                7255.82A   -6.069    0.1171
H  1                4340.46A   -5.519    0.4162      Fe 2                5296.84A   -6.113    0.1059      Ni 2                7694.56A   -7.140    0.0100
H  1                4101.73A   -7.189    0.0089      Fe 2                5268.89A   -5.833    0.2017      Ni 2                8033.54A   -7.304    0.0068
H  1                3970.07A   -7.474    0.0046      Fe 2                5107.96A   -6.768    0.0234      Ni 2                1.04597m   -6.553    0.0384
H  1                3889.05A   -7.704    0.0027      Fe 2                5049.30A   -5.236    0.7972      Ni 2                1.23230m   -6.581    0.0361
H  1                3835.38A   -7.895    0.0017      Fe 2                5005.52A   -5.291    0.7037      Ni 2                4201.17A   -5.898    0.1738
H  1                3797.90A   -8.060    0.0012      Fe 2                4973.40A   -5.558    0.3800      Ni 2                4485.21A   -6.351    0.0613
H  1                3770.63A   -7.815    0.0021      Fe 2                4950.76A   -5.904    0.1715      Ni 2                7307.65A   -6.246    0.0780
H  1                3750.15A   -7.929    0.0016      Fe 2                4352.79A   -5.356    0.6052      Ni 2                7612.72A   -6.574    0.0366
H  1                3734.37A   -8.031    0.0013      Fe 2                4319.62A   -5.622    0.3281      Ni 2                1.13597m   -7.257    0.0076
H  1                3721.94A   -8.123    0.0010      Fe 2                4305.90A   -6.425    0.0517      Ni 2                4285.31A   -7.106    0.0108
H  1                1.87510m   -5.909    0.1693      Fe 2                4084.33A   -7.746    0.0025      Ni 2                6791.48A   -6.821    0.0208
H  1                1.28181m   -6.222    0.0823      Fe 2                3504.51A   -6.404    0.0543      Ni 2                7054.20A   -6.725    0.0259
H  1                1.09381m   -7.577    0.0036      Fe 2                3504.02A   -6.260    0.0754      Ni 2                9.61508m   -8.015    0.0013
H  1                1.00494m   -7.880    0.0018      Fe 2                3501.63A   -5.824    0.2060      Ni 2                4033.04A   -6.165    0.0939
H  1                9545.97A   -8.122    0.0010      Fe 2                3489.99A   -6.504    0.0431      Ni 2                4294.09A   -6.284    0.0715
H  1                4.05115m   -6.778    0.0229      Fe 2                2385.01A   -7.104    0.0108      Ni 2                6467.29A   -7.317    0.0066
H  1                2.62515m   -7.757    0.0024      Fe 2                2.06648m   -6.163    0.0944      Ni 2                6813.57A   -6.306    0.0680
H  1                2.16553m   -8.104    0.0011      Fe 2                1.89541m   -5.560    0.3788      Ni 2                7078.04A   -6.854    0.0192
H  1                7.45782m   -7.799    0.0022      Fe 2                1.79711m   -5.047    1.2340      Ni 2                1.02090m   -7.636    0.0032
He-like iso-sequence...........................      Fe 2                1.74494m   -5.335    0.6351      Ni 2                3993.06A   -5.818    0.2087
Pho+                3889.00A   -7.801    0.0022      Fe 2                9652.70A   -5.759    0.2395      Ni 2                4248.80A   -6.294    0.0699
extra Lyman....................................      Fe 2                9470.94A   -5.247    0.7788      Ni 2                6007.06A   -7.408    0.0054
database lines.................................      Fe 2                9267.56A   -5.628    0.3238      Ni 2                6365.10A   -6.292    0.0701
CN                  2640.74m   -8.040    0.0013      Fe 2                7544.00A   -7.941    0.0016      Ni 2                6700.24A   -7.685    0.0028
CN                  1321.03m   -8.087    0.0011      Fe 2                6558.51A   -6.468    0.0468      Ni 2                6955.82A   -7.720    0.0026
HF                  243.178m   -7.889    0.0018      Fe 2                5745.71A   -7.085    0.0113      Ni 2                8703.87A   -6.747    0.0246
CO                  1300.05m   -7.182    0.0090      Fe 2                5643.98A   -6.929    0.0162      Ni 2                9956.63A   -6.974    0.0146
CO                  866.727m   -6.537    0.0399      Fe 2                5495.84A   -6.760    0.0239      Ni 2                5.18504m   -7.753    0.0024
CO                  650.074m   -6.251    0.0771      Fe 2                5376.47A   -5.224    0.8196      Ni 2                3438.88A   -6.008    0.1350
CO                  520.089m   -6.117    0.1049      Fe 2                5347.66A   -6.339    0.0630      Ni 2                3626.89A   -6.315    0.0665
CO                  433.438m   -6.044    0.1242      Fe 2                5181.96A   -6.614    0.0334      Ni 2                3378.16A   -6.622    0.0328
CO                  371.549m   -6.010    0.1344      Fe 2                5076.57A   -5.895    0.1751      Ni 2                3559.41A   -6.601    0.0344
CO                  325.137m   -5.991    0.1402      Fe 2                5043.53A   -5.765    0.2362      level 1 lines..................................
CO                  289.041m   -5.985    0.1422      Fe 2                5020.25A   -5.881    0.1808      recombination..................................
CO                  260.169m   -5.988    0.1411      Fe 2                4372.43A   -5.896    0.1744      level2 lines...................................
CO                  236.549m   -5.999    0.1378      Fe 2                4358.37A   -6.108    0.1073      C  1                1247.50A   -6.948    0.0155
CO                  216.868m   -6.019    0.1316      Fe 2                4080.00A   -7.777    0.0023      C  1                1314.77A   -6.863    0.0188
CO                  200.218m   -6.042    0.1247      Fe 2                3539.19A   -6.108    0.1071      C  1                1233.29A   -7.483    0.0045
CO                  185.949m   -6.063    0.1188      Fe 2                3538.69A   -6.402    0.0545      C  1                1250.68A   -7.640    0.0031
CO                  173.584m   -6.087    0.1124      Fe 2                3536.25A   -6.527    0.0408      Mg 1                1817.31A   -7.925    0.0016
CO                  162.767m   -6.114    0.1058      Fe 2                3524.38A   -7.836    0.0020      Mg 1                1675.74A   -8.133    0.0010
CO                  153.225m   -6.142    0.0991      Fe 2                22.8961m   -7.157    0.0096      Mg 1                1660.94A   -8.123    0.0010
CO                  144.745m   -6.172    0.0926      Fe 2                1.81139m   -7.436    0.0050      Mg 1                1650.95A   -8.126    0.0010
CO                  137.159m   -6.203    0.0862      Fe 2                7764.71A   -6.642    0.0313      Si 2                1179.59A   -7.412    0.0053
CO                  130.333m   -6.234    0.0802      Fe 2                7336.73A   -6.932    0.0161      S  1                1356.05A   -7.456    0.0048
CO                  124.160m   -6.271    0.0736      Fe 2                7267.25A   -7.900    0.0017      S  1                1392.25A   -7.904    0.0017
CO                  118.548m   -6.311    0.0672      Fe 2                6809.24A   -6.909    0.0169      Fe 1                2484.25A   -7.774    0.0023
CO                  113.427m   -6.351    0.0612      Fe 2                6729.87A   -7.191    0.0089      Fe 1                2526.51A   -8.014    0.0013
CO                  108.733m   -6.394    0.0555      Fe 2                6671.93A   -7.754    0.0024      Sc 2                2555.14A   -8.108    0.0011
CO                  104.416m   -6.437    0.0502      Fe 2                5721.37A   -8.027    0.0013      Sc 2                3627.22A   -6.462    0.0475
CO                  100.433m   -6.482    0.0453      Fe 2                5163.96A   -6.933    0.0160      Sc 2                3575.45A   -6.583    0.0359
CO                  96.7462m   -6.529    0.0406      Fe 2                4266.35A   -7.639    0.0032      Sc 2                3368.13A   -7.144    0.0099
CO                  93.3237m   -6.577    0.0364      Fe 2                4249.08A   -7.910    0.0017      Ti 2                3364.74A   -4.888    1.7771
CO                  90.1384m   -6.628    0.0324      Fe 2                4157.92A   -7.908    0.0017      Ti 2                3237.15A   -5.128    1.0233
CO                  87.1666m   -6.680    0.0287      Fe 2                3277.35A   -6.346    0.0619      Ti 2                1904.17A   -6.999    0.0138
CO                  84.3877m   -6.733    0.0254      Fe 2                3255.89A   -7.562    0.0038      Ti 2                1907.36A   -6.740    0.0250
CO                  81.7835m   -6.788    0.0224      Fe 2                2926.59A   -7.024    0.0130      V  2                2710.94A   -7.209    0.0085
CO                  79.3383m   -6.844    0.0197      Fe 2                2880.76A   -6.962    0.0150      V  2                2684.22A   -6.977    0.0145
CO                  77.0375m   -6.903    0.0172      Fe 2                2755.74A   -5.308    0.6760      V  2                2139.33A   -7.587    0.0036
CO                  74.8697m   -6.962    0.0150      Fe 2                2739.55A   -5.931    0.1611      Cr 1                4269.56A   -7.874    0.0018
CO                  72.8231m   -7.024    0.0130      Fe 2                2716.70A   -6.218    0.0832      Cr 1                3589.90A   -7.694    0.0028
CO                  70.8878m   -7.086    0.0113      Fe 2                34.6508m   -8.028    0.0013      Cr 2                2059.78A   -5.487    0.4474
CO                  69.0557m   -7.149    0.0098      Fe 2                1.00287m   -6.629    0.0323      Mn 2                1198.85A   -7.845    0.0020
CO                  67.3181m   -7.213    0.0084      Fe 2                8245.16A   -8.127    0.0010      Co 2                2060.90A   -6.951    0.0154
CO                  65.6684m   -7.279    0.0072      Fe 2                8037.28A   -7.160    0.0095      Co 2                2018.80A   -6.986    0.0142
CO                  64.0998m   -7.345    0.0062      Fe 2                7579.61A   -7.651    0.0031      Co 2                1949.74A   -7.065    0.0118
CO                  62.6072m   -7.411    0.0053      Fe 2                7017.95A   -7.570    0.0037      Co 2                1575.91A   -7.604    0.0034
CO                  61.1843m   -7.478    0.0046      Fe 2                6933.67A   -7.935    0.0016      Co 2                1470.18A   -7.682    0.0029
CO                  59.8271m   -7.545    0.0039      Fe 2                6872.19A   -7.101    0.0109      Ni 2                1751.83A   -6.522    0.0413
CO                  58.5311m   -7.614    0.0033      Fe 2                6829.03A   -8.136    0.0010      Ni 2                1744.24A   -6.328    0.0646
CO                  57.2920m   -7.682    0.0029      Fe 2                5746.98A   -6.985    0.0142      Ni 2                1484.97A   -7.672    0.0029
CO                  56.1066m   -7.752    0.0024      Fe 2                5283.12A   -7.541    0.0040      Ni 2                1472.74A   -7.346    0.0062
CO                  54.9712m   -7.822    0.0021      Fe 2                5199.18A   -7.758    0.0024      Ni 2                1400.37A   -7.664    0.0030
CO                  53.8829m   -7.893    0.0018      Fe 2                4351.81A   -7.910    0.0017      Ni 2                1375.73A   -7.297    0.0069
CO                  52.8388m   -7.965    0.0015      Fe 2                4347.36A   -7.279    0.0072      Ni 2                1324.11A   -7.407    0.0054
CO                  51.8365m   -8.037    0.0013      Fe 2                4329.43A   -6.626    0.0325      hyperfine structure............................
CO                  50.8731m   -8.110    0.0011      Fe 2                2953.77A   -7.919    0.0017      inner shell....................................
^13CO               906.599m   -8.082    0.0011      Fe 2                2772.73A   -5.991    0.1402      molecules......................................
^13CO               679.978m   -7.773    0.0023      Fe 2                2749.32A   -6.183    0.0902      H2 l                2.00000m   -3.129  102.0095
^13CO               544.012m   -7.627    0.0032      Fe 2                9795.19A   -7.407    0.0054      H2 v                      0    -4.741    2.4945
^13CO               453.374m   -7.548    0.0039      Fe 2                8228.13A   -7.323    0.0065      H-FB                      0    -5.060    1.1977
^13CO               388.637m   -7.511    0.0042      Fe 2                7613.14A   -7.731    0.0026      H-FF                      0    -5.294    0.6976
^13CO               340.088m   -7.491    0.0044      Fe 2                7011.24A   -8.137    0.0010      H-CT                6562.80A   -5.995    0.1388
^13CO               302.332m   -7.484    0.0045      Fe 2                6966.33A   -7.494    0.0044      H- H                      0    -5.780    0.2281
^13CO               272.130m   -7.486    0.0045      Fe 2                5477.25A   -7.491    0.0044      H2+                       0    -5.458    0.4783
^13CO               247.423m   -7.496    0.0044      Fe 2                5278.38A   -7.957    0.0015      bands..........................................
^13CO               226.836m   -7.516    0.0042      Fe 2                4402.59A   -7.745    0.0025      Fe 2b               2500.00A   -3.323   65.3712
^13CO               209.419m   -7.540    0.0040      Fe 2                4384.21A   -7.677    0.0029      Fe 2b               5000.00A   -3.377   57.6998
^13CO               194.493m   -7.562    0.0038      Fe 2                1.05081m   -7.887    0.0018      Fe 2b               7000.00A   -4.319    6.5974
^13CO               181.558m   -7.587    0.0036      Fe 2                7710.80A   -8.042    0.0012      Fe 2b               10000.0A   -3.000  137.5209
^13CO               170.243m   -7.615    0.0033      Fe 2                7048.01A   -7.708    0.0027      Fe 2b               2355.00A   -4.154    9.6296
^13CO               160.261m   -7.644    0.0031      Fe 2                5901.28A   -7.936    0.0016      Fe 2b               2430.00A   -3.331   64.0996
^13CO               151.390m   -7.675    0.0029      Fe 2                5527.62A   -8.048    0.0012      Fe 2b               2445.00A   -3.331   64.0995
^13CO               143.454m   -7.707    0.0027      Fe 2                2.04602m   -6.573    0.0367      Fe 2b               2495.00A   -3.876   18.2925
^13CO               136.314m   -7.740    0.0025      Fe 2                1.41956m   -7.128    0.0102      Fe 2b               2610.00A   -3.580   36.1728
^13CO               129.855m   -7.780    0.0023      Fe 2                1.35904m   -7.935    0.0016      Fe 2b               2695.00A   -6.218    0.0833
^13CO               123.985m   -7.822    0.0021      Fe 2                1.23314m   -6.924    0.0164      Fe 2b               2758.00A   -5.075    1.1574
^13CO               118.627m   -7.866    0.0019      Fe 2                1.09108m   -6.846    0.0196      Fe 2b               2780.00A   -5.039    1.2561
^13CO               113.717m   -7.911    0.0017      Fe 2                1.07084m   -7.285    0.0071      Fe 2b               2935.00A   -6.653    0.0305
^13CO               109.201m   -7.959    0.0015      Fe 2                1.05625m   -7.735    0.0025      Fe 2b               2960.00A   -6.946    0.0156
^13CO               105.034m   -8.010    0.0013      Fe 2                1.01565m   -7.537    0.0040      Fe 2b               3180.00A   -5.714    0.2653
^13CO               101.176m   -8.063    0.0012      Fe 2                8119.18A   -8.011    0.0013      Fe 2b               3250.00A   -5.032    1.2778
^13CO               97.5955m   -8.119    0.0010      Fe 2                5588.16A   -6.840    0.0199      Fe 2b               3590.00A   -5.056    1.2076
C  1                1560.31A   -6.779    0.0229      Fe 2                5586.91A   -7.702    0.0027      Fe 2b               3910.00A   -7.102    0.0109
C  1                1560.68A   -6.691    0.0280      Fe 2                5580.82A   -6.272    0.0735      Fe 2b               4060.00A   -7.761    0.0024
C  1                1560.71A   -7.003    0.0136      Fe 2                5551.32A   -5.989    0.1408      Fe 2b               4255.00A   -3.810   21.2756
C  1                1561.34A   -6.400    0.0547      Fe 2                3227.74A   -7.547    0.0039      Fe 2b               4558.00A   -4.540    3.9611
C  1                1561.37A   -7.000    0.0137      Fe 2                3196.07A   -7.219    0.0083      Fe 2b               4600.00A   -4.510    4.2414
C  1                1561.44A   -6.220    0.0829      Fe 2                2.13278m   -6.829    0.0204      Fe 2b               4743.00A   -5.259    0.7562
C  1                1656.27A   -5.988    0.1411      Fe 2                1.46079m   -7.674    0.0029      Fe 2b               4855.00A   -4.680    2.8694
C  1                1656.93A   -6.553    0.0385      Fe 2                1.39678m   -7.737    0.0025      Fe 2b               4920.00A   -4.166    9.3790
C  1                1657.01A   -5.742    0.2486      Fe 2                1.30943m   -7.756    0.0024      Fe 2b               4975.00A   -4.696    2.7695
C  1                1657.38A   -6.611    0.0336      Fe 2                1.24364m   -7.942    0.0016      Fe 2b               4971.00A   -4.739    2.5088
C  1                1657.91A   -6.106    0.1077      Fe 2                1.09413m   -7.043    0.0124      Fe 2b               5070.00A   -4.617    3.3158
C  1                1658.12A   -6.434    0.0506      Fe 2                1.07890m   -7.140    0.0100      Fe 2b               5143.00A   -4.084   11.3337
C  1                1930.90A   -7.605    0.0034      Fe 2                1.06830m   -7.897    0.0017      Fe 2b               5270.00A   -3.799   21.8185
C  1                1992.01A   -7.289    0.0071      Fe 2                1.03658m   -7.909    0.0017      Fe 2b               5318.00A   -4.117   10.4844
C  1                1993.62A   -6.095    0.1105      Fe 2                5650.95A   -6.819    0.0209      Fe 2b               5540.00A   -5.264    0.7478
C  1                2582.90A   -7.359    0.0060      Fe 2                5649.67A   -6.793    0.0222      Fe 2b               5865.00A   -5.863    0.1882
C  1                8727.13A   -7.729    0.0026      Fe 2                5643.44A   -7.930    0.0016      Fe 2b               6265.00A   -6.674    0.0291
C  1                9824.13A   -3.363   59.6111      Fe 2                5613.27A   -6.205    0.0856      Fe 2b               6565.00A   -6.019    0.1315
C  1                9850.26A   -2.887  178.0891      Fe 2                2.24366m   -7.167    0.0094      Fe 2b               6910.00A   -5.959    0.1510
C  1                370.269m   -3.610   33.7149      Fe 2                2.00672m   -6.513    0.0422      Fe 2b               7445.00A   -4.340    6.2805
C  1                609.590m   -4.373    5.8180      Fe 2                1.10657m   -7.387    0.0056      Fe 2b               8625.00A   -4.008   13.4777
C  2                1334.53A   -7.967    0.0015      Fe 2                1.09542m   -7.491    0.0044      Fe 2b               1.03250m   -5.066    1.1804
C  2                1335.66A   -7.616    0.0033      Fe 2                5725.92A   -7.090    0.0112      Fe 2b               1.88900m   -3.715   26.4886
C  2                1335.71A   -7.652    0.0031      Fe 2                5718.22A   -6.540    0.0397      Fe 2b               2.20000m   -5.797    0.2192
C  2                2323.50A   -7.467    0.0047      Fe 2                2.22379m   -5.921    0.1648      miscellaneous..................................
C  2                2324.69A   -7.183    0.0090      Fe 2                2.01513m   -6.243    0.0786      Blnd                8446.00A   -7.854    0.0019
C  2                2325.40A   -6.585    0.0357      Fe 2                9682.08A   -6.750    0.0244      Blnd                1304.00A   -6.245    0.0781
C  2                2326.93A   -6.685    0.0284      Fe 2                9513.85A   -7.559    0.0038      Blnd                2798.00A   -2.832  202.2683
C  2                2328.12A   -7.130    0.0102      Fe 2                8715.81A   -7.382    0.0057      Blnd                6720.00A   -3.463   47.3221
C  2                157.636m   -4.913    1.6783      Fe 2                6873.84A   -7.048    0.0123      Blnd                4074.00A   -4.787    2.2430
Ca 1                4226.73A   -6.474    0.0462      Fe 2                6700.65A   -8.021    0.0013      Blnd                1.03300m   -4.896    1.7458
Ca 1                6439.08A   -7.391    0.0056      Fe 2                6188.55A   -7.224    0.0082      Blnd                1256.00A   -6.839    0.0199
Ca 1                6462.57A   -7.683    0.0028      Fe 2                5870.02A   -7.482    0.0045      Blnd                5892.00A   -6.269    0.0740
Ca 1                6493.78A   -7.923    0.0016      Fe 2                5673.20A   -7.516    0.0042      Blnd                2665.00A   -4.387    5.6329
Cl 1                11.3303m   -6.694    0.0278      Fe 2                4898.61A   -7.252    0.0077      Blnd                2335.00A   -4.196    8.7511
Co 2                9335.96A   -7.272    0.0073      Fe 2                2.25348m   -6.760    0.0239      Blnd                8579.00A   -3.800   21.7603
Co 2                9639.13A   -7.710    0.0027      Fe 2                1.02005m   -7.965    0.0015      Blnd                7306.00A   -3.158   95.5124
Co 2                10.5199m   -6.107    0.1075      Fe 2                1.00139m   -7.410    0.0053      Blnd                3933.00A   -5.697    0.2761
Co 2                15.4548m   -6.992    0.0140      Fe 2                9133.66A   -8.130    0.0010      Blnd                1657.00A   -5.346    0.6201
Co 2                2.98382m   -5.594    0.3496      Fe 2                8885.67A   -7.858    0.0019      Blnd                9850.00A   -2.762  237.7002
Co 2                14.7345m   -6.633    0.0320      Fe 2                7131.14A   -8.022    0.0013      Blnd                2326.00A   -6.193    0.0880
Co 2                18.7989m   -7.155    0.0096      Fe 2                6944.91A   -7.593    0.0035      Blnd                1335.00A   -7.242    0.0079
Co 2                25.6819m   -7.844    0.0020      Fe 2                6473.88A   -7.627    0.0032      Blnd                3467.00A   -5.685    0.2836
Co 2                1.01879m   -6.315    0.0666      Fe 2                6044.10A   -8.062    0.0012      Blnd                5199.00A   -3.440   49.8392
Co 2                1.12804m   -7.285    0.0071      Fe 2                5835.45A   -7.730    0.0026      Blnd                1.04030m   -4.929    1.6187
Co 2                1.54700m   -6.560    0.0378      Fe 2                5060.09A   -7.811    0.0021      Blnd                2141.00A   -7.904    0.0017
Co 2                1.72847m   -7.556    0.0038      Fe 2                4576.40A   -8.064    0.0012      Blnd                6300.00A   -3.162   94.6179
Co 2                1.90349m   -7.396    0.0055      Fe 2                1.34608m   -8.108    0.0011      Blnd                2471.00A   -7.791    0.0022
Co 2                1.02452m   -7.128    0.0102      Fe 2                1.11648m   -7.922    0.0016      Blnd                7323.00A   -7.958    0.0015
Co 2                1.09726m   -7.756    0.0024      Fe 2                5048.19A   -7.778    0.0023      Blnd                7332.00A   -8.040    0.0013
Co 2                1.49674m   -7.992    0.0014      Fe 2                1.71482m   -7.358    0.0060      Blnd                3727.00A   -5.879    0.1814
Co 2                1.62622m   -7.980    0.0014      Fe 2                9949.21A   -7.690    0.0028      Blnd                7325.00A   -7.696    0.0028
Co 2                1.73616m   -7.686    0.0028      Fe 2                7975.22A   -7.877    0.0018      N 1C                5199.00A   -7.493    0.0044
Co 2                1.02803m   -7.725    0.0026      Fe 2                1.47063m   -8.127    0.0010      N 1T                5199.00A   -7.518    0.0042
Co 2                8580.39A   -7.781    0.0023      Fe 2                1.01273m   -7.804    0.0022

                                                    Emergent line intensities
general properties.............................      Fe 2                3277.55A   -7.024    0.0130      N  1                5197.90A   -3.839   19.9339
continua.......................................      Fe 2                3277.12A   -7.929    0.0016      N  1                5200.26A   -3.663   29.8999
FIR                 83.0000m   -1.785 2257.9653      Fe 2                3275.02A   -7.100    0.0109      N  1                1.03977m   -5.274    0.7319
TIR                 1800.00m   -4.355    6.0826      Fe 2                2631.05A   -5.817    0.2096      N  1                1.03982m   -5.797    0.2196
NIRa                2.85000m   -1.833 2022.6050      Fe 2                2620.41A   -7.634    0.0032      N  1                1.04072m   -5.622    0.3285
NIRb                3.00000m   -2.975  145.8454      Fe 2                2613.82A   -6.617    0.0333      N  1                1.04076m   -5.610    0.3379
MIRa                15.0000m   -3.070  117.1367      Fe 2                2410.52A   -6.504    0.0431      Na 1                5889.95A   -6.571    0.0370
MIRb                22.5000m   -1.965 1490.6942      Fe 2                2406.66A   -6.752    0.0244      Na 1                5895.92A   -6.570    0.0370
NMIR                21.7500m   -1.833 2022.6050      Fe 2                2404.43A   -7.489    0.0045      Ni 1                7.50454m   -6.697    0.0277
TFIR                611.250m   -2.783  226.7083      Fe 2                2359.11A   -6.531    0.0405      O  1                1302.17A   -7.990    0.0014
TALL                10000.0A   -1.389 5623.0508      Fe 2                2338.01A   -6.624    0.0327      O  1                1304.86A   -6.457    0.0481
F12                 12.0000m   -4.977    1.4525      Fe 2                4.67067m   -7.011    0.0134      O  1                1306.03A   -6.697    0.0277
F25                 25.0000m   -3.588   35.5537      Fe 2                1.29777m   -6.323    0.0654      O  1                1355.60A   -6.482    0.0454
F60                 60.0000m   -1.830 2036.4645      Fe 2                1.27034m   -6.195    0.0878      O  1                1358.51A   -6.825    0.0206
F100                100.000m   -5.218    0.8335      Fe 2                7999.47A   -8.018    0.0013      O  1                2972.29A   -5.923    0.1643
MIPS                24.0000m   -3.588   35.5484      Fe 2                7874.24A   -6.365    0.0593      O  1                5577.34A   -4.974    1.4614
MIPS                70.0000m   -1.831 2033.2111      Fe 2                7733.14A   -6.911    0.0169      O  1                6300.30A   -3.283   71.6718
MIPS                160.000m   -2.871  185.3861      Fe 2                4798.28A   -6.774    0.0231      O  1                6363.78A   -3.779   22.8961
IRAC                3.60000m   -6.195    0.0879      Fe 2                4664.45A   -7.422    0.0052      O  1                6391.73A   -7.107    0.0108
IRAC                4.50000m   -4.876    1.8302      Fe 2                4533.01A   -7.414    0.0053      O  1                44.0453m   -7.472    0.0046
IRAC                5.80000m   -3.164   94.4381      Fe 2                4474.90A   -5.202    0.8651      O  1                63.1679m   -1.831 2032.4672
IRAC                8.00000m   -4.171    9.2836      Fe 2                3289.89A   -7.410    0.0054      O  1                145.495m   -2.876  183.0195
SPR1                250.000m   -5.508    0.4272      Fe 2                3289.46A   -7.189    0.0089      O  2                2470.34A   -7.894    0.0018
SPR2                350.000m   -3.607   34.0317      Fe 2                2628.29A   -6.334    0.0637      O  2                7319.99A   -8.088    0.0011
SPR3                500.000m   -5.758    0.2405      Fe 2                2621.67A   -7.183    0.0090      O  2                3728.81A   -6.102    0.1088
PAC1                70.0000m   -1.830 2034.0214      Fe 2                2413.31A   -7.028    0.0129      O  2                3726.03A   -6.278    0.0726
PAC2                100.000m   -5.216    0.8376      Fe 2                2411.07A   -7.031    0.0128      P  2                60.6263m   -5.240    0.7922
PAC3                160.000m   -2.870  185.6792      Fe 2                2344.28A   -6.756    0.0241      P  2                1532.53A   -7.932    0.0016
PAH                 3.30000m   -7.000    0.0138      Fe 2                17.9311m   -4.152    9.6988      P  2                32.8620m   -5.340    0.6295
PAHC                3.23000m   -7.280    0.0072      Fe 2                1.64355m   -3.258   75.9941      P  2                1.14682m   -5.258    0.7600
PAHC                3.37000m   -7.275    0.0073      Fe 2                1.53348m   -4.383    5.7010      P  2                4669.25A   -6.923    0.0164
PAH                 6.20000m   -7.045    0.0124      Fe 2                8616.95A   -4.647    3.0997      P  2                2195.57A   -7.202    0.0087
PAHC                5.65000m   -5.959    0.1511      Fe 2                7155.17A   -4.774    2.3140      P  2                1536.42A   -7.621    0.0033
PAH                 7.90000m   -6.528    0.0408      Fe 2                6896.17A   -6.228    0.0815      P  2                1535.92A   -7.638    0.0032
PAHC                6.90000m   -4.173    9.2374      Fe 2                5413.37A   -6.683    0.0286      P  2                1.18828m   -4.835    2.0147
PAH                 11.3000m   -6.656    0.0304      Fe 2                5280.27A   -7.221    0.0083      P  2                2210.34A   -6.748    0.0246
PAHC                10.9000m   -6.050    0.1228      Fe 2                5273.36A   -4.775    2.3126      P  2                1542.30A   -7.925    0.0016
PAH                 11.8000m   -7.730    0.0026      Fe 2                5158.79A   -4.164    9.4458      P  2                7875.99A   -6.175    0.0920
PAHC                12.6500m   -5.801    0.2179      Fe 2                5111.64A   -5.071    1.1701      S  1                1483.04A   -7.799    0.0022
PAH                 13.3000m   -7.758    0.0024      Fe 2                5072.41A   -4.816    2.1023      S  1                1820.34A   -6.476    0.0460
PAHC                14.1000m   -5.459    0.4784      Fe 2                5039.10A   -6.250    0.0773      S  1                1826.24A   -6.961    0.0151
Bcon                3640.00A   -2.122 1039.4266      Fe 2                4814.54A   -5.120    1.0443      S  1                25.2421m   -4.431    5.1031
Pcon                5000.00A   -2.531  405.0865      Fe 2                4774.73A   -5.560    0.3791      S  1                56.2957m   -5.390    0.5604
O3bn                5007.00A   -4.399    5.4900      Fe 2                4745.49A   -6.612    0.0337      S  2                6730.82A   -3.853   19.3142
RRC............................................      Fe 2                4661.78A   -7.710    0.0027      S  2                6716.44A   -3.692   27.9841
grains.........................................      Fe 2                4243.97A   -4.490    4.4564      S  2                4076.35A   -5.401    0.5474
H-like iso-sequence............................      Fe 2                4177.20A   -5.580    0.3623      S  2                4068.60A   -4.909    1.6963
H  1                1215.67A   -2.441  499.1713      Fe 2                4146.65A   -7.155    0.0096      S  2                1.03364m   -5.539    0.3979
H  1                6562.80A   -4.377    5.7759      Fe 2                4114.48A   -7.490    0.0045      S  2                1.02867m   -5.536    0.4008
H  1                4861.32A   -5.139    1.0000      Fe 2                3929.35A   -7.741    0.0025      S  2                1.03705m   -5.861    0.1896
H  1                4340.46A   -5.519    0.4163      Fe 2                3387.09A   -5.995    0.1392      S  2                1.03205m   -5.402    0.5453
H  1                4101.73A   -7.190    0.0089      Fe 2                3376.20A   -5.197    0.8737      S  2                1259.52A   -7.198    0.0087
H  1                3970.07A   -7.475    0.0046      Fe 2                2732.45A   -6.219    0.0831      S  2                1253.81A   -7.271    0.0074
H  1                3889.05A   -7.704    0.0027      Fe 2                2493.30A   -3.876   18.2965      S  2                1250.58A   -7.587    0.0036
H  1                3835.38A   -7.896    0.0017      Fe 2                2484.20A   -7.189    0.0089      Sc 2                4246.82A   -7.691    0.0028
H  1                3797.90A   -8.060    0.0012      Fe 2                2360.00A   -6.164    0.0944      Sc 2                7043.49A   -7.464    0.0047
H  1                3770.63A   -7.816    0.0021      Fe 2                2348.12A   -6.335    0.0636      Sc 2                8261.17A   -7.978    0.0014
H  1                3750.15A   -7.929    0.0016      Fe 2                2331.31A   -7.615    0.0033      Sc 2                8271.28A   -7.865    0.0019
H  1                3734.37A   -8.031    0.0013      Fe 2                24.5126m   -4.852    1.9365      Sc 2                8326.62A   -8.118    0.0010
H  1                3721.94A   -8.123    0.0010      Fe 2                1.80940m   -3.859   19.0567      Sc 2                8347.28A   -7.683    0.0029
H  1                1.87510m   -5.909    0.1696      Fe 2                1.67688m   -4.808    2.1417      Sc 2                8384.33A   -7.996    0.0014
H  1                1.28181m   -6.223    0.0824      Fe 2                1.59948m   -4.716    2.6493      Sc 2                1.07804m   -8.062    0.0012
H  1                1.09381m   -7.577    0.0036      Fe 2                9051.95A   -4.489    4.4660      Sc 2                2.03194m   -7.599    0.0035
H  1                1.00494m   -7.881    0.0018      Fe 2                8891.93A   -4.914    1.6795      Sc 2                2.04712m   -7.946    0.0016
H  1                9545.97A   -8.123    0.0010      Fe 2                7452.56A   -5.266    0.7454      Sc 2                2.07591m   -7.590    0.0035
H  1                4.05115m   -6.778    0.0230      Fe 2                7172.00A   -5.183    0.9030      Sc 2                2.07842m   -7.424    0.0052
H  1                2.62515m   -7.757    0.0024      Fe 2                6275.53A   -7.140    0.0100      Sc 2                2.08152m   -7.693    0.0028
H  1                2.16553m   -8.104    0.0011      Fe 2                5527.36A   -5.755    0.2419      Sc 2                2.11129m   -7.867    0.0019
H  1                7.45782m   -7.799    0.0022      Fe 2                5440.48A   -7.514    0.0042      Sc 2                2.12445m   -7.865    0.0019
He-like iso-sequence...........................      Fe 2                5433.15A   -5.289    0.7083      Si 1                2519.20A   -7.841    0.0020
extra Lyman....................................      Fe 2                5261.63A   -4.544    3.9348      Si 1                2528.51A   -7.613    0.0034
database lines.................................      Fe 2                5220.08A   -5.819    0.2087      Si 1                68.4548m   -7.126    0.0103
CN                  2640.74m   -8.040    0.0013      Fe 2                5184.80A   -5.715    0.2655      Si 1                129.641m   -7.198    0.0087
CN                  1321.03m   -8.087    0.0011      Fe 2                5158.01A   -5.664    0.2983      Si 2                34.8046m   -2.014 1331.8400
HF                  243.178m   -7.889    0.0018      Fe 2                4947.39A   -5.064    1.1884      Si 2                2334.41A   -5.161    0.9494
CO                  1300.05m   -7.182    0.0090      Fe 2                4905.35A   -5.415    0.5292      Si 2                2328.52A   -5.752    0.2437
CO                  866.727m   -6.537    0.0400      Fe 2                4874.50A   -5.458    0.4795      Si 2                1808.01A   -5.334    0.6382
CO                  650.074m   -6.251    0.0772      Fe 2                4852.74A   -6.819    0.0209      Si 2                1526.71A   -7.469    0.0047
CO                  520.089m   -6.117    0.1051      Fe 2                4346.86A   -5.117    1.0509      Si 2                1260.42A   -7.165    0.0094
CO                  433.438m   -6.044    0.1245      Fe 2                4276.84A   -5.041    1.2525      Si 2                2350.17A   -4.990    1.4079
CO                  371.549m   -6.010    0.1346      Fe 2                4244.82A   -5.853    0.1932      Si 2                2344.20A   -4.603    3.4355
CO                  325.137m   -5.991    0.1404      Fe 2                4231.56A   -7.453    0.0049      Si 2                2334.60A   -4.704    2.7233
CO                  289.041m   -5.985    0.1424      Fe 2                4211.11A   -7.424    0.0052      Si 2                1817.45A   -4.985    1.4235
CO                  260.169m   -5.988    0.1414      Fe 2                3455.11A   -6.101    0.1090      Si 2                1816.93A   -4.745    2.4758
CO                  236.549m   -5.999    0.1380      Fe 2                3452.31A   -5.790    0.2232      Si 2                1533.43A   -5.553    0.3854
CO                  216.868m   -6.019    0.1318      Fe 2                3440.99A   -5.676    0.2902      Si 2                1309.28A   -6.325    0.0651
CO                  200.218m   -6.042    0.1249      Fe 2                2774.73A   -7.457    0.0048      Si 2                1265.00A   -6.105    0.1081
CO                  185.949m   -6.063    0.1190      Fe 2                2759.34A   -7.812    0.0021      Si 2                1264.74A   -6.530    0.0406
CO                  173.584m   -6.087    0.1126      Fe 2                2485.07A   -7.688    0.0028      Si 2                1197.39A   -6.700    0.0275
CO                  162.767m   -6.114    0.1060      Fe 2                2391.48A   -6.770    0.0234      Si 2                1194.50A   -7.001    0.0137
CO                  153.225m   -6.142    0.0993      Fe 2                2379.28A   -7.382    0.0057      Si 2                3862.60A   -7.737    0.0025
CO                  144.745m   -6.172    0.0927      Fe 2                2362.02A   -6.294    0.0700      Si 2                3856.02A   -7.706    0.0027
CO                  137.159m   -6.203    0.0863      Fe 2                35.7675m   -5.652    0.3071      Si 2                6371.37A   -7.654    0.0031
CO                  130.333m   -6.234    0.0803      Fe 2                1.95361m   -4.770    2.3388      Si 2                6347.11A   -7.573    0.0037
CO                  124.160m   -6.271    0.0737      Fe 2                1.80002m   -4.824    2.0656      Zn 2                2062.00A   -7.220    0.0083
CO                  118.548m   -6.311    0.0673      Fe 2                1.71113m   -5.393    0.5564      Zn 2                2025.48A   -6.982    0.0143
CO                  113.427m   -6.351    0.0613      Fe 2                1.66377m   -5.013    1.3372      Al 2                2669.15A   -4.784    2.2625
CO                  108.733m   -6.394    0.0556      Fe 2                9399.04A   -4.911    1.6898      Al 2                2660.35A   -4.610    3.3753
CO                  104.416m   -6.437    0.0503      Fe 2                9226.63A   -4.857    1.9129      Al 2                1670.79A   -5.277    0.7272
CO                  100.433m   -6.482    0.0453      Fe 2                9033.49A   -5.932    0.1609      Al 2                3900.67A   -8.020    0.0013
CO                  96.7462m   -6.529    0.0407      Fe 2                7388.17A   -5.303    0.6849      Ca 2                7323.89A   -3.551   38.6683
CO                  93.3237m   -6.577    0.0364      Fe 2                6440.41A   -6.255    0.0766      Ca 2                7291.47A   -3.385   56.7873
CO                  90.1384m   -6.628    0.0324      Fe 2                6229.28A   -7.405    0.0054      Ca 2                3968.47A   -6.018    0.1321
CO                  87.1666m   -6.680    0.0288      Fe 2                5654.87A   -6.715    0.0265      Ca 2                8662.14A   -4.277    7.2740
CO                  84.3877m   -6.733    0.0255      Fe 2                5556.31A   -5.958    0.1517      Ca 2                3933.66A   -5.980    0.1443
CO                  81.7835m   -6.788    0.0224      Fe 2                5412.67A   -6.485    0.0451      Ca 2                8498.02A   -4.972    1.4696
CO                  79.3383m   -6.844    0.0197      Fe 2                5333.66A   -4.831    2.0313      Ca 2                8542.09A   -4.025   13.0017
CO                  77.0375m   -6.903    0.0172      Fe 2                5296.84A   -6.114    0.1059      Ca 2                3706.02A   -6.646    0.0311
CO                  74.8697m   -6.962    0.0150      Fe 2                5268.89A   -5.834    0.2017      Ca 2                3736.90A   -6.350    0.0615
CO                  72.8231m   -7.024    0.0130      Fe 2                5107.96A   -6.769    0.0234      Ca 2                3158.87A   -6.669    0.0295
CO                  70.8878m   -7.086    0.0113      Fe 2                5049.30A   -5.237    0.7972      Ca 2                3181.27A   -7.375    0.0058
CO                  69.0557m   -7.149    0.0098      Fe 2                5005.52A   -5.291    0.7037      Ca 2                3179.33A   -6.420    0.0523
CO                  67.3181m   -7.213    0.0084      Fe 2                4973.40A   -5.559    0.3800      Ca 2                1.19497m   -8.066    0.0012
CO                  65.6684m   -7.279    0.0072      Fe 2                4950.76A   -5.905    0.1715      Ca 2                1.18390m   -7.776    0.0023
CO                  64.0998m   -7.345    0.0062      Fe 2                4352.79A   -5.357    0.6053      Ca 2                1838.01A   -7.607    0.0034
CO                  62.6072m   -7.411    0.0053      Fe 2                4319.62A   -5.623    0.3281      Ca 2                1840.03A   -7.451    0.0049
CO                  61.1843m   -7.478    0.0046      Fe 2                4305.90A   -6.425    0.0517      Ca 2                2112.76A   -8.079    0.0011
CO                  59.8271m   -7.545    0.0039      Fe 2                4084.33A   -7.746    0.0025      Cl 2                14.3639m   -5.460    0.4768
CO                  58.5311m   -7.614    0.0034      Fe 2                3504.51A   -6.404    0.0543      Cl 2                33.2721m   -6.541    0.0396
CO                  57.2920m   -7.682    0.0029      Fe 2                3504.02A   -6.261    0.0755      Cl 2                8578.70A   -5.149    0.9757
CO                  56.1066m   -7.752    0.0024      Fe 2                3501.63A   -5.825    0.2061      Cl 2                9123.60A   -5.734    0.2538
CO                  54.9712m   -7.822    0.0021      Fe 2                3489.99A   -6.504    0.0431      Cl 2                3677.85A   -7.071    0.0117
CO                  53.8829m   -7.893    0.0018      Fe 2                2385.01A   -7.105    0.0108      Cl 2                6161.84A   -7.026    0.0130
CO                  52.8388m   -7.965    0.0015      Fe 2                2.06648m   -6.163    0.0945      Mg 2                2802.71A   -3.306   67.9763
CO                  51.8365m   -8.037    0.0013      Fe 2                1.89541m   -5.560    0.3795      Mg 2                2795.53A   -3.010  134.5130
CO                  50.8731m   -8.110    0.0011      Fe 2                1.79711m   -5.047    1.2362      Mg 2                2936.52A   -6.237    0.0797
^13CO               906.599m   -8.082    0.0011      Fe 2                1.74494m   -5.335    0.6363      Mg 2                2928.64A   -6.539    0.0398
^13CO               679.978m   -7.773    0.0023      Fe 2                9652.70A   -5.760    0.2393      Mg 2                2797.93A   -6.977    0.0145
^13CO               544.012m   -7.627    0.0032      Fe 2                9470.94A   -5.248    0.7783      Mg 2                2790.77A   -6.275    0.0731
^13CO               453.374m   -7.548    0.0039      Fe 2                9267.56A   -5.629    0.3236      Mg 2                2798.00A   -6.022    0.1309
^13CO               388.637m   -7.511    0.0042      Fe 2                7544.00A   -7.943    0.0016      Mg 2                9244.22A   -8.094    0.0011
^13CO               340.088m   -7.491    0.0044      Fe 2                6558.51A   -6.469    0.0468      Mg 2                9218.22A   -7.799    0.0022
^13CO               302.332m   -7.484    0.0045      Fe 2                5745.71A   -7.086    0.0113      N  2                205.283m   -7.304    0.0068
^13CO               272.130m   -7.486    0.0045      Fe 2                5643.98A   -6.930    0.0162      N  2                121.769m   -7.508    0.0043
^13CO               247.423m   -7.496    0.0044      Fe 2                5495.84A   -6.761    0.0239      N  2                6548.05A   -6.669    0.0295
^13CO               226.836m   -7.516    0.0042      Fe 2                5376.47A   -5.225    0.8195      N  2                6583.45A   -6.199    0.0870
^13CO               209.419m   -7.540    0.0040      Fe 2                5347.66A   -6.340    0.0630      N  2                5754.59A   -8.047    0.0012
^13CO               194.493m   -7.562    0.0038      Fe 2                5181.96A   -6.615    0.0334      N  2                2142.77A   -8.052    0.0012
^13CO               181.558m   -7.587    0.0036      Fe 2                5076.57A   -5.896    0.1751      Ni 2                1.19102m   -4.137   10.0316
^13CO               170.243m   -7.615    0.0033      Fe 2                5043.53A   -5.766    0.2362      Ni 2                6.63416m   -4.763    2.3777
^13CO               160.261m   -7.644    0.0031      Fe 2                5020.25A   -5.882    0.1807      Ni 2                1.07151m   -5.753    0.2432
^13CO               151.390m   -7.675    0.0029      Fe 2                4372.43A   -5.897    0.1744      Ni 2                10.6793m   -5.389    0.5618
^13CO               143.454m   -7.707    0.0027      Fe 2                4358.37A   -6.108    0.1073      Ni 2                1.27792m   -7.577    0.0036
^13CO               136.314m   -7.740    0.0025      Fe 2                4080.00A   -7.778    0.0023      Ni 2                1.16130m   -6.272    0.0736
^13CO               129.855m   -7.780    0.0023      Fe 2                3539.19A   -6.109    0.1072      Ni 2                12.7253m   -5.808    0.2143
^13CO               123.985m   -7.822    0.0021      Fe 2                3538.69A   -6.402    0.0545      Ni 2                9882.95A   -7.021    0.0131
^13CO               118.627m   -7.866    0.0019      Fe 2                3536.25A   -6.528    0.0408      Ni 2                1.09177m   -6.559    0.0380
^13CO               113.717m   -7.911    0.0017      Fe 2                3524.38A   -7.836    0.0020      Ni 2                18.2355m   -6.525    0.0411
^13CO               109.201m   -7.959    0.0015      Fe 2                22.8961m   -7.157    0.0096      Ni 2                9374.87A   -7.314    0.0067
^13CO               105.034m   -8.010    0.0013      Fe 2                1.81139m   -7.436    0.0050      Ni 2                7377.83A   -4.917    1.6659
^13CO               101.176m   -8.063    0.0012      Fe 2                7764.71A   -6.644    0.0313      Ni 2                8300.99A   -6.213    0.0843
^13CO               97.5955m   -8.119    0.0010      Fe 2                7336.73A   -6.933    0.0161      Ni 2                1.93877m   -5.624    0.3272
C  1                1560.31A   -6.782    0.0227      Fe 2                7267.25A   -7.901    0.0017      Ni 2                2.36883m   -6.911    0.0169
C  1                1560.68A   -6.694    0.0278      Fe 2                6809.24A   -6.910    0.0169      Ni 2                2.91064m   -6.579    0.0363
C  1                1560.71A   -7.006    0.0136      Fe 2                6729.87A   -7.192    0.0089      Ni 2                6666.80A   -5.769    0.2341
C  1                1561.34A   -6.404    0.0543      Fe 2                6671.93A   -7.755    0.0024      Ni 2                7411.61A   -5.550    0.3875
C  1                1561.37A   -7.003    0.0137      Fe 2                5721.37A   -8.028    0.0013      Ni 2                1.76458m   -7.695    0.0028
C  1                1561.44A   -6.223    0.0824      Fe 2                5163.96A   -6.934    0.0160      Ni 2                2.04866m   -7.272    0.0074
C  1                1656.27A   -5.989    0.1413      Fe 2                4266.35A   -7.640    0.0032      Ni 2                2.30794m   -6.729    0.0257
C  1                1656.93A   -6.553    0.0385      Fe 2                4249.08A   -7.911    0.0017      Ni 2                6.91767m   -7.028    0.0129
C  1                1657.01A   -5.743    0.2489      Fe 2                4157.92A   -7.909    0.0017      Ni 2                4326.24A   -5.715    0.2651
C  1                1657.38A   -6.612    0.0337      Fe 2                3277.35A   -6.347    0.0620      Ni 2                4628.05A   -6.137    0.1003
C  1                1657.91A   -6.106    0.1078      Fe 2                3255.89A   -7.562    0.0038      Ni 2                6794.20A   -7.194    0.0088
C  1                1658.12A   -6.434    0.0506      Fe 2                2926.59A   -7.025    0.0130      Ni 2                7255.82A   -6.070    0.1170
C  1                1930.90A   -7.605    0.0034      Fe 2                2880.76A   -6.963    0.0150      Ni 2                7694.56A   -7.141    0.0099
C  1                1992.01A   -7.290    0.0071      Fe 2                2755.74A   -5.308    0.6766      Ni 2                8033.54A   -7.305    0.0068
C  1                1993.62A   -6.095    0.1105      Fe 2                2739.55A   -5.931    0.1612      Ni 2                1.04597m   -6.554    0.0384
C  1                2582.90A   -7.360    0.0060      Fe 2                2716.70A   -6.218    0.0833      Ni 2                1.23230m   -6.581    0.0361
C  1                8727.13A   -7.730    0.0026      Fe 2                34.6508m   -8.028    0.0013      Ni 2                4201.17A   -5.899    0.1739
C  1                9824.13A   -3.364   59.5751      Fe 2                1.00287m   -6.630    0.0323      Ni 2                4485.21A   -6.351    0.0613
C  1                9850.26A   -2.888  177.9825      Fe 2                8245.16A   -8.128    0.0010      Ni 2                7307.65A   -6.247    0.0779
C  1                370.269m   -3.610   33.7765      Fe 2                8037.28A   -7.161    0.0095      Ni 2                7612.72A   -6.575    0.0366
C  1                609.590m   -4.373    5.8286      Fe 2                7579.61A   -7.652    0.0031      Ni 2                1.13597m   -7.258    0.0076
C  2                1334.53A   -7.974    0.0015      Fe 2                7017.95A   -7.571    0.0037      Ni 2                4285.31A   -7.107    0.0108
C  2                1335.66A   -7.624    0.0033      Fe 2                6933.67A   -7.936    0.0016      Ni 2                6791.48A   -6.822    0.0208
C  2                1335.71A   -7.659    0.0030      Fe 2                6872.19A   -7.102    0.0109      Ni 2                7054.20A   -6.726    0.0258
C  2                2323.50A   -7.467    0.0047      Fe 2                6829.03A   -8.137    0.0010      Ni 2                9.61508m   -8.015    0.0013
C  2                2324.69A   -7.183    0.0090      Fe 2                5746.98A   -6.986    0.0142      Ni 2                4033.04A   -6.166    0.0939
C  2                2325.40A   -6.585    0.0358      Fe 2                5283.12A   -7.542    0.0040      Ni 2                4294.09A   -6.285    0.0715
C  2                2326.93A   -6.685    0.0284      Fe 2                5199.18A   -7.759    0.0024      Ni 2                6467.29A   -7.318    0.0066
C  2                2328.12A   -7.130    0.0102      Fe 2                4351.81A   -7.910    0.0017      Ni 2                6813.57A   -6.307    0.0680
C  2                157.636m   -4.913    1.6814      Fe 2                4347.36A   -7.280    0.0072      Ni 2                7078.04A   -6.855    0.0192
Ca 1                4226.73A   -6.474    0.0462      Fe 2                4329.43A   -6.626    0.0325      Ni 2                1.02090m   -7.637    0.0032
Ca 1                6439.08A   -7.392    0.0056      Fe 2                2953.77A   -7.919    0.0017      Ni 2                3993.06A   -5.819    0.2088
Ca 1                6462.57A   -7.684    0.0028      Fe 2                2772.73A   -5.992    0.1403      Ni 2                4248.80A   -6.294    0.0699
Ca 1                6493.78A   -7.923    0.0016      Fe 2                2749.32A   -6.183    0.0902      Ni 2                6007.06A   -7.409    0.0054
Cl 1                11.3303m   -6.694    0.0278      Fe 2                9795.19A   -7.408    0.0054      Ni 2                6365.10A   -6.293    0.0701
Co 2                9335.96A   -7.274    0.0073      Fe 2                8228.13A   -7.324    0.0065      Ni 2                6700.24A   -7.686    0.0028
Co 2                9639.13A   -7.711    0.0027      Fe 2                7613.14A   -7.732    0.0026      Ni 2                6955.82A   -7.721    0.0026
Co 2                10.5199m   -6.107    0.1077      Fe 2                7011.24A   -8.138    0.0010      Ni 2                8703.87A   -6.749    0.0246
Co 2                15.4548m   -6.992    0.0140      Fe 2                6966.33A   -7.495    0.0044      Ni 2                9956.63A   -6.975    0.0146
Co 2                2.98382m   -5.594    0.3502      Fe 2                5477.25A   -7.492    0.0044      Ni 2                5.18504m   -7.753    0.0024
Co 2                14.7345m   -6.633    0.0320      Fe 2                5278.38A   -7.957    0.0015      Ni 2                3438.88A   -6.008    0.1351
Co 2                18.7989m   -7.155    0.0096      Fe 2                4402.59A   -7.746    0.0025      Ni 2                3626.89A   -6.316    0.0665
Co 2                25.6819m   -7.844    0.0020      Fe 2                4384.21A   -7.678    0.0029      Ni 2                3378.16A   -6.622    0.0328
Co 2                1.01879m   -6.316    0.0665      Fe 2                1.05081m   -7.888    0.0018      Ni 2                3559.41A   -6.602    0.0344
Co 2                1.12804m   -7.286    0.0071      Fe 2                7710.80A   -8.043    0.0012      level 1 lines..................................
Co 2                1.54700m   -6.560    0.0379      Fe 2                7048.01A   -7.709    0.0027      recombination..................................
Co 2                1.72847m   -7.556    0.0038      Fe 2                5901.28A   -7.936    0.0016      level2 lines...................................
Co 2                1.90349m   -7.396    0.0055      Fe 2                5527.62A   -8.049    0.0012      C  1                1247.50A   -6.953    0.0153
Co 2                1.02452m   -7.129    0.0102      Fe 2                2.04602m   -6.573    0.0368      C  1                1314.77A   -6.870    0.0186
Co 2                1.09726m   -7.757    0.0024      Fe 2                1.41956m   -7.128    0.0103      C  1                1233.29A   -7.489    0.0045
Co 2                1.49674m   -7.993    0.0014      Fe 2                1.35904m   -7.936    0.0016      C  1                1250.68A   -7.646    0.0031
Co 2                1.62622m   -7.980    0.0014      Fe 2                1.23314m   -6.924    0.0164      Mg 1                1817.31A   -7.926    0.0016
Co 2                1.73616m   -7.686    0.0028      Fe 2                1.09108m   -6.847    0.0196      Mg 1                1675.74A   -8.134    0.0010
Co 2                1.02803m   -7.727    0.0026      Fe 2                1.07084m   -7.286    0.0071      Mg 1                1660.94A   -8.123    0.0010
Co 2                8580.39A   -7.783    0.0023      Fe 2                1.05625m   -7.736    0.0025      Mg 1                1650.95A   -8.127    0.0010
Co 2                9342.40A   -6.478    0.0458      Fe 2                1.01565m   -7.538    0.0040      Si 2                1179.59A   -7.604    0.0034
Co 2                9943.48A   -6.825    0.0206      Fe 2                8119.18A   -8.012    0.0013      S  1                1356.05A   -7.463    0.0047
Co 2                7539.01A   -7.146    0.0098      Fe 2                5588.16A   -6.841    0.0199      S  1                1392.25A   -7.911    0.0017
Co 2                8121.00A   -6.858    0.0191      Fe 2                5586.91A   -7.703    0.0027      Fe 1                2484.25A   -7.774    0.0023
Co 2                8571.41A   -7.466    0.0047      Fe 2                5580.82A   -6.273    0.0735      Fe 1                2526.51A   -8.014    0.0013
Co 2                6.21176m   -8.106    0.0011      Fe 2                5551.32A   -5.990    0.1407      Sc 2                2555.14A   -8.108    0.0011
Co 2                8027.34A   -7.325    0.0065      Fe 2                3227.74A   -7.547    0.0039      Sc 2                3627.22A   -6.462    0.0475
Co 2                8467.14A   -7.738    0.0025      Fe 2                3196.07A   -7.220    0.0083      Sc 2                3575.45A   -6.584    0.0359
Co 2                8333.76A   -7.506    0.0043      Fe 2                2.13278m   -6.829    0.0204      Sc 2                3368.13A   -7.145    0.0099
Cr 2                8000.08A   -5.321    0.6572      Fe 2                1.46079m   -7.674    0.0029      Ti 2                3364.74A   -4.889    1.7788
Cr 2                8125.30A   -5.395    0.5544      Fe 2                1.39678m   -7.738    0.0025      Ti 2                3237.15A   -5.128    1.0243
Cr 2                8229.67A   -5.489    0.4462      Fe 2                1.30943m   -7.756    0.0024      Ti 2                1904.17A   -7.000    0.0138
Cr 2                8308.49A   -5.677    0.2899      Fe 2                1.24364m   -7.943    0.0016      Ti 2                1907.36A   -6.741    0.0250
Cr 2                8357.64A   -5.974    0.1461      Fe 2                1.09413m   -7.044    0.0124      V  2                2710.94A   -7.209    0.0085
Fe 1                24.0358m   -5.772    0.2327      Fe 2                1.07890m   -7.141    0.0100      V  2                2684.22A   -6.977    0.0145
Fe 1                34.7038m   -6.360    0.0601      Fe 2                1.06830m   -7.898    0.0017      V  2                2139.33A   -7.587    0.0036
Fe 2                25.9813m   -3.687   28.3044      Fe 2                1.03658m   -7.910    0.0017      Cr 1                4269.56A   -7.874    0.0018
Fe 2                5.33871m   -3.164   94.2857      Fe 2                5650.95A   -6.819    0.0209      Cr 1                3589.90A   -7.694    0.0028
Fe 2                4.11387m   -5.527    0.4094      Fe 2                5649.67A   -6.793    0.0221      Cr 2                2059.78A   -5.488    0.4479
Fe 2                1.25668m   -4.437    5.0371      Fe 2                5643.44A   -7.931    0.0016      Mn 2                1198.85A   -7.850    0.0019
Fe 2                1.19129m   -7.221    0.0083      Fe 2                5613.27A   -6.206    0.0856      Co 2                2060.90A   -6.952    0.0154
Fe 2                6309.53A   -8.065    0.0012      Fe 2                2.24366m   -7.167    0.0094      Co 2                2018.80A   -6.987    0.0142
Fe 2                4799.30A   -7.965    0.0015      Fe 2                2.00672m   -6.513    0.0423      Co 2                1949.74A   -7.065    0.0118
Fe 2                4704.22A   -7.189    0.0089      Fe 2                1.10657m   -7.388    0.0056      Co 2                1575.91A   -7.607    0.0034
Fe 2                4632.28A   -5.397    0.5524      Fe 2                1.09542m   -7.492    0.0044      Co 2                1470.18A   -7.691    0.0028
Fe 2                4604.48A   -7.180    0.0091      Fe 2                5725.92A   -7.091    0.0112      Ni 2                1751.83A   -6.523    0.0413
Fe 2                4416.27A   -5.378    0.5767      Fe 2                5718.22A   -6.541    0.0397      Ni 2                1744.24A   -6.328    0.0647
Fe 2                4382.74A   -6.348    0.0618      Fe 2                2.22379m   -5.921    0.1651      Ni 2                1484.97A   -7.681    0.0029
Fe 2                4287.39A   -4.416    5.2876      Fe 2                2.01513m   -6.243    0.0787      Ni 2                1472.74A   -7.355    0.0061
Fe 2                3931.44A   -8.010    0.0013      Fe 2                9682.08A   -6.751    0.0244      Ni 2                1400.37A   -7.672    0.0029
Fe 2                3874.07A   -7.641    0.0031      Fe 2                9513.85A   -7.560    0.0038      Ni 2                1375.73A   -7.304    0.0068
Fe 2                3175.38A   -6.227    0.0817      Fe 2                8715.81A   -7.383    0.0057      Ni 2                1324.11A   -7.413    0.0053
Fe 2                2599.40A   -7.251    0.0077      Fe 2                6873.84A   -7.049    0.0123      hyperfine structure............................
Fe 2                2382.04A   -5.422    0.5213      Fe 2                6700.65A   -8.022    0.0013      inner shell....................................
Fe 2                2343.50A   -8.117    0.0011      Fe 2                6188.55A   -7.225    0.0082      molecules......................................
Fe 2                35.3391m   -4.348    6.1730      Fe 2                5870.02A   -7.483    0.0045      bands..........................................
Fe 2                6.71944m   -4.304    6.8365      Fe 2                5673.20A   -7.517    0.0042      Fe 2b               2500.00A   -3.323   65.4317
Fe 2                4.88781m   -5.190    0.8886      Fe 2                4898.61A   -7.252    0.0077      Fe 2b               5000.00A   -3.378   57.6973
Fe 2                4.07521m   -6.011    0.1341      Fe 2                2.25348m   -6.760    0.0239      Fe 2b               7000.00A   -4.320    6.5938
Fe 2                1.32055m   -4.933    1.6065      Fe 2                1.02005m   -7.966    0.0015      Fe 2b               10000.0A   -3.001  137.4412
Fe 2                1.24854m   -5.967    0.1486      Fe 2                1.00139m   -7.411    0.0053      Fe 2b               2355.00A   -4.155    9.6391
Fe 2                1.20512m   -7.779    0.0023      Fe 2                9133.66A   -8.131    0.0010      Fe 2b               2430.00A   -3.332   64.1607
Fe 2                7637.52A   -5.237    0.7978      Fe 2                8885.67A   -7.859    0.0019      Fe 2b               2445.00A   -3.332   64.1603
Fe 2                7523.28A   -7.284    0.0072      Fe 2                7131.14A   -8.023    0.0013      Fe 2b               2495.00A   -3.876   18.3094
Fe 2                4889.62A   -5.260    0.7557      Fe 2                6944.91A   -7.594    0.0035      Fe 2b               2610.00A   -3.580   36.2046
Fe 2                4750.27A   -7.992    0.0014      Fe 2                6473.88A   -7.628    0.0032      Fe 2b               2695.00A   -6.218    0.0833
Fe 2                4716.37A   -6.274    0.0732      Fe 2                6044.10A   -8.063    0.0012      Fe 2b               2758.00A   -5.075    1.1583
Fe 2                4687.56A   -6.478    0.0458      Fe 2                5835.45A   -7.731    0.0026      Fe 2b               2780.00A   -5.039    1.2571
Fe 2                4492.64A   -6.247    0.0779      Fe 2                5060.09A   -7.812    0.0021      Fe 2b               2935.00A   -6.654    0.0306
Fe 2                4457.95A   -5.646    0.3112      Fe 2                4576.40A   -8.065    0.0012      Fe 2b               2960.00A   -6.946    0.0156
Fe 2                4432.45A   -6.440    0.0500      Fe 2                1.34608m   -8.109    0.0011      Fe 2b               3180.00A   -5.715    0.2655
Fe 2                4359.33A   -4.546    3.9180      Fe 2                1.11648m   -7.923    0.0016      Fe 2b               3250.00A   -5.032    1.2785
Fe 2                3224.54A   -7.323    0.0065      Fe 2                5048.19A   -7.778    0.0023      Fe 2b               3590.00A   -5.057    1.2082
Fe 2                3214.67A   -6.740    0.0250      Fe 2                1.71482m   -7.358    0.0060      Fe 2b               3910.00A   -7.102    0.0109
Fe 2                2625.67A   -3.702   27.3327      Fe 2                9949.21A   -7.691    0.0028      Fe 2b               4060.00A   -7.762    0.0024
Fe 2                2611.87A   -4.481    4.5523      Fe 2                7975.22A   -7.878    0.0018      Fe 2b               4255.00A   -3.811   21.2801
Fe 2                2598.37A   -5.713    0.2663      Fe 2                1.47063m   -8.127    0.0010      Fe 2b               4558.00A   -4.541    3.9615
Fe 2                2395.63A   -4.713    2.6662      Fe 2                1.01273m   -7.805    0.0022      Fe 2b               4600.00A   -4.511    4.2418
Fe 2                2388.63A   -5.797    0.2195      Fe 2                6353.11A   -7.929    0.0016      Fe 2b               4743.00A   -5.260    0.7563
Fe 2                2383.06A   -7.596    0.0035      Fe 2                1.80228m   -8.027    0.0013      Fe 2b               4855.00A   -4.681    2.8694
Fe 2                2364.83A   -5.094    1.1078      Fe 2                1.00387m   -7.958    0.0015      Fe 2b               4920.00A   -4.167    9.3789
Fe 2                2332.80A   -6.229    0.0812      Fe 2                9469.41A   -7.843    0.0020      Fe 2b               4975.00A   -4.696    2.7694
Fe 2                2279.91A   -7.696    0.0028      Fe 2                9384.77A   -7.334    0.0064      Fe 2b               4971.00A   -4.739    2.5087
Fe 2                51.2868m   -4.867    1.8708      Fe 2                2.39329m   -7.383    0.0057      Fe 2b               5070.00A   -4.618    3.3156
Fe 2                5.67236m   -6.002    0.1372      Fe 2                4825.73A   -6.785    0.0226      Fe 2b               5143.00A   -4.084   11.3326
Fe 2                4.60641m   -5.811    0.2127      Fe 2                2.50030m   -7.720    0.0026      Fe 2b               5270.00A   -3.800   21.8157
Fe 2                4.08085m   -6.557    0.0382      Fe 2                4867.73A   -7.826    0.0021      Fe 2b               5318.00A   -4.118   10.4829
Fe 2                1.37181m   -5.176    0.9172      Fe 2                2.59860m   -8.103    0.0011      Fe 2b               5540.00A   -5.265    0.7477
Fe 2                1.29427m   -5.752    0.2437      Fe 2                4903.85A   -7.278    0.0073      Fe 2b               5865.00A   -5.864    0.1882
Fe 2                7806.23A   -7.010    0.0135      Fe 2                1.04657m   -8.137    0.0010      Fe 2b               6265.00A   -6.675    0.0291
Fe 2                7686.93A   -5.315    0.6670      Fe 2                3.58120m   -7.727    0.0026      Fe 2b               6565.00A   -6.020    0.1315
Fe 2                7552.40A   -7.793    0.0022      Fe 2                3.15558m   -7.758    0.0024      Fe 2b               6910.00A   -5.960    0.1509
Fe 2                4958.23A   -7.111    0.0107      Fe 2                5171.63A   -7.087    0.0113      Fe 2b               7445.00A   -4.341    6.2766
Fe 2                4750.57A   -7.108    0.0107      Fe 2                5169.03A   -6.303    0.0685      Fe 2b               8625.00A   -4.009   13.4685
Fe 2                4728.07A   -5.909    0.1698      Fe 2                5018.44A   -8.006    0.0014      Fe 2b               1.03250m   -5.067    1.1798
Fe 2                4514.90A   -6.271    0.0737      Fe 2                6044.54A   -7.530    0.0041      Fe 2b               1.88900m   -3.715   26.5370
Fe 2                4488.75A   -5.991    0.1407      Fe 2                5316.61A   -7.992    0.0014      Fe 2b               2.20000m   -5.797    0.2196
Fe 2                4470.30A   -7.194    0.0088      Fe 3                22.9190m   -8.037    0.0013      miscellaneous..................................
Fe 2                4413.78A   -4.697    2.7661      Fe 3                4985.87A   -7.903    0.0017      Blnd                8446.00A   -7.855    0.0019
Fe 2                3254.24A   -6.800    0.0218      K  1                7664.90A   -7.801    0.0022      Blnd                1304.00A   -6.251    0.0772
Fe 2                3244.18A   -7.095    0.0111      K  1                7698.96A   -8.099    0.0011      Blnd                2798.00A   -2.832  202.4893
Fe 2                2631.32A   -4.600    3.4602      Mg 1                2025.82A   -7.610    0.0034      Blnd                6720.00A   -3.464   47.2983
Fe 2                2617.62A   -6.042    0.1251      Mg 1                2852.13A   -4.726    2.5887      Blnd                4074.00A   -4.788    2.2436
Fe 2                2607.09A   -5.983    0.1431      Mg 1                3832.30A   -7.798    0.0022      Blnd                1.03300m   -4.897    1.7449
Fe 2                2404.89A   -5.669    0.2947      Mg 1                3838.29A   -7.381    0.0057      Blnd                1256.00A   -6.845    0.0197
Fe 2                2399.24A   -6.505    0.0430      Mg 1                4562.60A   -4.533    4.0385      Blnd                5892.00A   -6.269    0.0740
Fe 2                2395.42A   -7.443    0.0050      Mg 1                4571.10A   -4.971    1.4717      Blnd                2665.00A   -4.388    5.6378
Fe 2                2380.76A   -4.523    4.1283      Mg 1                4575.29A   -5.899    0.1737      Blnd                2335.00A   -4.196    8.7598
Fe 2                2348.30A   -6.234    0.0802      Mg 1                5167.32A   -7.057    0.0121      Blnd                8579.00A   -3.801   21.7454
Fe 2                2327.40A   -6.814    0.0211      Mg 1                5172.68A   -6.583    0.0359      Blnd                7306.00A   -3.159   95.4556
Fe 2                87.3597m   -5.569    0.3713      Mg 1                5183.60A   -6.363    0.0597      Blnd                3933.00A   -5.697    0.2764
Fe 2                5.06097m   -6.469    0.0467      Mg 1                8806.76A   -6.640    0.0315      Blnd                1657.00A   -5.346    0.6208
Fe 2                4.43363m   -6.387    0.0565      Mg 1                1.18282m   -6.799    0.0218      Blnd                9850.00A   -2.763  237.5576
Fe 2                1.40951m   -7.798    0.0022      Mg 1                1.50250m   -7.623    0.0033      Blnd                2326.00A   -6.194    0.0881
Fe 2                1.32777m   -5.936    0.1597      Mg 1                1.50402m   -8.067    0.0012      Blnd                1335.00A   -7.249    0.0078
Fe 2                1.27877m   -5.993    0.1399      Mg 1                1.71087m   -7.308    0.0068      Blnd                3467.00A   -5.686    0.2838
Fe 2                1.25214m   -7.033    0.0128      Mn 2                2576.10A   -5.827    0.2049      Blnd                5199.00A   -3.441   49.8338
Fe 2                7926.88A   -7.271    0.0074      Mn 2                2593.72A   -5.921    0.1652      Blnd                1.04030m   -4.930    1.6178
Fe 2                7803.89A   -7.011    0.0134      Mn 2                2605.68A   -6.061    0.1197      Blnd                2141.00A   -7.904    0.0017
Fe 2                7665.28A   -6.264    0.0750      Mn 2                3438.97A   -7.378    0.0058      Blnd                6300.00A   -3.163   94.5787
Fe 2                5006.63A   -6.411    0.0534      Mn 2                3460.03A   -7.915    0.0017      Blnd                2471.00A   -7.791    0.0022
Fe 2                4772.06A   -7.224    0.0082      N  1                1199.55A   -7.300    0.0069      Blnd                7323.00A   -7.959    0.0015
Fe 2                4639.67A   -6.908    0.0170      N  1                1200.22A   -7.473    0.0046      Blnd                7332.00A   -8.041    0.0013
Fe 2                4528.39A   -6.519    0.0417      N  1                1200.71A   -7.775    0.0023      Blnd                3727.00A   -5.880    0.1815
Fe 2                4509.61A   -6.867    0.0187      N  1                3466.50A   -5.769    0.2341      Blnd                7325.00A   -7.697    0.0028
Fe 2                4452.10A   -4.889    1.7760      N  1                3466.54A   -6.442    0.0497



 IC443 NE diffuse shock -- v shock=80 km/s, T obs=10000K  
 Cooling:  H  1c                     0 :0.140 Fe 2c                     0 :0.073 O  1c                     0 :0.402 Si 2c                     0 :0.234  
 Heating:  TotM                      0 :0.158 CT H                      0 :0.185 H- H                      0 :0.654  

 These are some of the most important databases used by Cloudy:
 Many recombination coefficients were taken from http://amdpp.phys.strath.ac.uk/tamoc/RR/ and http://amdpp.phys.strath.ac.uk/tamoc/DR/
      and are based on the following papers:
        Badnell N. R., et al., A&A 406, 1151 (2003) [http://adsabs.harvard.edu/abs/2003A%26A...406.1151B]
        Badnell N. R., ApJS 167, 334 (2006) [http://adsabs.harvard.edu/abs/2006ApJS..167..334B]
 Much of the molecular emission data is from LAMDA as accessed on June 30, 2015. This database is described in:
        Schoeier F.L., et al., A&A 432, 369 (2005) [http://adsabs.harvard.edu/abs/2005A%26A...432..369S]
      This database is in part based on the work of the following groups:
        JPL: Pickett H. M. et al., JQSRT, 60, 883 (1998). [http://adsabs.harvard.edu/abs/1998JQSRT..60..883P]
        CDMS: Mueller H. S. et al., A&A 370, L49 (2001). [http://adsabs.harvard.edu/abs/2001A%26A...370L..49M]
              Mueller H. S. et al., J. Mol. Struct. 742, 215 (2005). [http://adsabs.harvard.edu/abs/2005JMoSt.742..215M]
 Some of the ionic emission data is from version 10.0.1 of CHIANTI. CHIANTI is a collaborative project involving the NRL (USA), the
      Universities of Florence (Italy) and Cambridge (UK), and George Mason University (USA). These papers describe Chianti:
        Dere K. P., et al., A&AS, 125, 149 (1997) [http://adsabs.harvard.edu/abs/1997A%26AS..125..149D]
        Landi E., et al., ApJ, 744, 99 (2012) [http://adsabs.harvard.edu/abs/2012ApJ...744...99L]
 Much of the H_2 data is from this web site: http://molat.obspm.fr/index.php?page=pages/Molecules/H2/H2can94.php. These data are
      described in:
        Abgrall H. et al., Can. J. Phys., 72, 856 (1994) [http://adsabs.harvard.edu/abs/1994CaJPh..72..856A]
        Wrathmall S. A. & Flower D. R., J. Phys. B, 40, 3221 (2007) [http://adsabs.harvard.edu/abs/2007JPhB...40.3221W]
 The Case A and Case B recombination predictions for one-electron systems are from
	Storey, P.J. & Hummer, D.G., 1995, MNRAS 272, 41 http://adsabs.harvard.edu/abs/1995MNRAS.272...41S
 The He I recombination predictions are from
	Porter, R. L.; Ferland, G. J.; Storey, P. J.; Detisch, M. J., 2012, MNRAS, 425, 28p http://adsabs.harvard.edu/abs/2012MNRAS.425L..28P
		http://adsabs.harvard.edu/abs/2013MNRAS.433L..89P

 If you find some process or data set to be particularly critical to a result, please follow the trail of references back to the
 original source and cite that.  This will support and encourage atomic, molecular, and chemical physicists to continue their
 valuable work.

 IONIZE PARMET:  U(1-)-37.0000  U(4-):-37.0000  U(sp):-37.00  Q(ion):   -2.245  L(ion)-12.787    Q(low): 11.606    L(low) -1.727
 ENERGY BUDGET:  Heat:  -5.595  Coolg:  -1.379  Error:1646288.0%  Rec Lin:  -2.670  F-F  H  0.000    P(rad/tot)max     4.13E-04    R(F Con):1.737e+05

     Col(Heff):      1.356E+21  snd travl time  2.33E+12 sec  Te-low: 1.00E+04  Te-hi: 1.00E+04  G0TH85: 0.00E+00  G0DB96:0.00E+00
  Emiss Measure    n(e)n(p) dl       7.974E+17  n(e)n(He+)dl         6.914E+09  En(e)n(He++) dl         0.000E+00  ne nC+:7.79E+14
 He/Ha:2.69E-08  =   0.00*true  Lthin:3.76E+06  itr/zn: 1.59  H2 itr/zn:  0.00  File Opacity: F  MassTot 3.84e-03  (gm/cm^2)
   Temps(21 cm)   T(21cm/Ly a)  5.01E+03        T(<nH/Tkin>)  1.00E+04          T(<nH/Tspin>)    5.37E+03          TB21cm:3.92E+01
                   N(H0/Tspin)  3.02E+17        N(OH/Tkin)    1.44E+08          B(21cm)          0.00E+00
   <a>:1.45E-11  erdeFe0.0E+00  Tcompt0.00E+00  Tthr9.49E+10  <Tden>: 1.00E+04  <dens>:2.06E-21  <MolWgt>1.29E+00
     Mean Jeans  l(cm)1.21E+20  M(sun)9.64E+05  smallest:     len(cm):1.21E+20  M(sun):9.63E+05  a_ox tran:  0.00
 Rion:1.000E+30  Dist:0.00E+00  Diam:0.000E+00
 Hatom level 70  HatomType: add  HInducImp  F  He tot level: 63  He2 level:   70  ExecTime    69.9
 ConvrgError(%)  <eden>  0.187  MaxEden  0.948  <H-C> 100.00  Max(H-C)  100.00  <Press>   0.000  MaxPrs er  0.000
  Continuity(%)  chng Te   0.0  elec den   1.2  n(H2)    0.0  n(CO)        5.1

                                                        Averaged Quantities
             Te      Te(Ne)   Te(NeNp)  Te(NeHe+)Te(NeHe2+) Te(NeO+)  Te(NeO2+)  Te(H2)     N(H)     Ne(O2+)   Ne(Np)
 Radius:  1.00e+04  1.00e+04  1.00e+04  1.00e+04  0.00e+00  1.00e+04  1.00e+04  1.00e+04  8.70e+02  7.10e-01  7.06e-01
 
 Peimbert T(OIIIr)0.00E+00 T(Bac)0.00E+00 T(Hth)7.24E+03 t2(Hstrc) 0.00e+00 T(O3-BAC)5.73E+03 t2(O3-BC)-1.55e-01 t2(O3str) 3.31e-32

 Contin Optical Depths: COMP: 8.69e-07    H-: 5.98e-04 R(1300): 1.09e-02  H2+: 2.27e-06  Bra:8.70E-07
                          Pa: 8.77e-07    Ba: 5.45e-04      Hb: 4.23e-04   La: 2.68e+01     1r:1.029E+04  1.8:3.21E+03 4.:4.853E+02

 Old, new H  1 continuum optical depths:
     1 1.03e+04     2 3.05e-04     3 5.99e-04     4 5.99e-04     5 5.99e-04     6 1.55e-04     7 1.55e-04     8 1.55e-04
     9 1.55e-04    10 3.81e-17    11 3.81e-17    12 3.81e-17    13 3.81e-17    14 3.81e-17    15 5.51e-17    16 5.51e-17
    17 5.51e-17    18 5.51e-17    19 5.51e-17    20 5.51e-17    21 9.60e-17    22 9.60e-17    23 9.60e-17    24 9.60e-17
    25 9.60e-17    26 9.60e-17    27 9.60e-17    28 1.55e-16    29 1.55e-16    30 1.55e-16    31 1.55e-16    32 1.55e-16
    33 1.55e-16    34 1.55e-16    35 1.55e-16    36 2.38e-16    37 2.38e-16    38 2.38e-16    39 2.38e-16    40 2.38e-16
    41 2.38e-16    42 2.38e-16    43 2.38e-16    44 2.38e-16    45 3.48e-16    46 3.48e-16    47 3.48e-16    48 3.48e-16
    49 3.48e-16    50 3.48e-16    51 3.48e-16    52 3.48e-16    53 3.48e-16    54 3.48e-16
     1 1.03e+04     2 3.06e-04     3 6.01e-04     4 6.01e-04     5 6.01e-04     6 1.56e-04     7 1.56e-04     8 1.56e-04
     9 1.56e-04    10 3.77e-17    11 3.77e-17    12 3.77e-17    13 3.77e-17    14 3.77e-17    15 5.44e-17    16 5.44e-17
    17 5.44e-17    18 5.44e-17    19 5.44e-17    20 5.44e-17    21 9.47e-17    22 9.47e-17    23 9.47e-17    24 9.47e-17
    25 9.47e-17    26 9.47e-17    27 9.47e-17    28 1.53e-16    29 1.53e-16    30 1.53e-16    31 1.53e-16    32 1.53e-16
    33 1.53e-16    34 1.53e-16    35 1.53e-16    36 2.34e-16    37 2.34e-16    38 2.34e-16    39 2.34e-16    40 2.34e-16
    41 2.34e-16    42 2.34e-16    43 2.34e-16    44 2.34e-16    45 3.43e-16    46 3.43e-16    47 3.43e-16    48 3.43e-16
    49 3.43e-16    50 3.43e-16    51 3.43e-16    52 3.43e-16    53 3.43e-16    54 3.43e-16

 Old, new H  1 mean line optical depths:
  2- 1 1.69e+08  3- 2 2.17e-05  4- 3 1.83e-12  5- 4 9.72e-13  6- 5 2.33e-12  7- 6-6.72e-14  8- 7 7.83e-14
  9- 8 7.28e-13 10- 9 2.49e-12 11-10 1.08e-11 12-11 3.73e-14 13-12-1.64e-13 14-13-5.88e-13 15-14-1.40e-12 16-15-2.86e-12
 17-16-5.36e-12 18-17-9.51e-12 19-18-1.62e-11 20-19-2.70e-11 21-20-4.41e-11 22-21-7.29e-11 23-22-1.28e-10 24-23-2.87e-10
 25-24-7.82e-09
  2- 1 1.69e+08  3- 2 1.87e-05  4- 3 1.81e-12  5- 4 9.62e-13  6- 5 2.30e-12  7- 6-6.66e-14  8- 7 7.74e-14
  9- 8 7.20e-13 10- 9 2.46e-12 11-10 1.07e-11 12-11 3.74e-14 13-12-1.62e-13 14-13-5.84e-13 15-14-1.39e-12 16-15-2.84e-12
 17-16-5.33e-12 18-17-9.46e-12 19-18-1.61e-11 20-19-2.68e-11 21-20-4.38e-11 22-21-7.21e-11 23-22-1.26e-10 24-23-2.80e-10
 25-24-7.59e-09

 Old, new He 2 continuum optical depths:
     1 4.85e+02     2 1.02e+04     3 2.41e-04     4 2.41e-04     5 2.41e-04     6 3.05e-04     7 3.05e-04     8 3.05e-04
     9 3.05e-04    10 4.85e-04    11 4.85e-04    12 4.85e-04    13 4.85e-04    14 4.85e-04    15 5.99e-04    16 5.99e-04
    17 5.99e-04    18 5.99e-04    19 5.99e-04    20 5.99e-04    21 5.05e-04    22 5.05e-04    23 5.05e-04    24 5.05e-04
    25 5.05e-04    26 5.05e-04    27 5.05e-04    28 1.55e-04    29 1.55e-04    30 1.55e-04    31 1.55e-04    32 1.55e-04
    33 1.55e-04    34 1.55e-04    35 1.55e-04    36 2.47e-17    37 2.47e-17    38 2.47e-17    39 2.47e-17    40 2.47e-17
    41 2.47e-17    42 2.47e-17    43 2.47e-17    44 2.47e-17    45 3.81e-17    46 3.81e-17    47 3.81e-17    48 3.81e-17
    49 3.81e-17    50 3.81e-17    51 3.81e-17    52 3.81e-17    53 3.81e-17    54 3.81e-17
     1 4.85e+02     2 1.02e+04     3 2.41e-04     4 2.41e-04     5 2.41e-04     6 3.06e-04     7 3.06e-04     8 3.06e-04
     9 3.06e-04    10 4.86e-04    11 4.86e-04    12 4.86e-04    13 4.86e-04    14 4.86e-04    15 6.01e-04    16 6.01e-04
    17 6.01e-04    18 6.01e-04    19 6.01e-04    20 6.01e-04    21 5.07e-04    22 5.07e-04    23 5.07e-04    24 5.07e-04
    25 5.07e-04    26 5.07e-04    27 5.07e-04    28 1.56e-04    29 1.56e-04    30 1.56e-04    31 1.56e-04    32 1.56e-04
    33 1.56e-04    34 1.56e-04    35 1.56e-04    36 2.44e-17    37 2.44e-17    38 2.44e-17    39 2.44e-17    40 2.44e-17
    41 2.44e-17    42 2.44e-17    43 2.44e-17    44 2.44e-17    45 3.77e-17    46 3.77e-17    47 3.77e-17    48 3.77e-17
    49 3.77e-17    50 3.77e-17    51 3.77e-17    52 3.77e-17    53 3.77e-17    54 3.77e-17

 Old, new He 2 mean line optical depths:
  2- 1 0.00e+00  3- 2 0.00e+00  4- 3 0.00e+00  5- 4 0.00e+00  6- 5 0.00e+00  7- 6 0.00e+00  8- 7 0.00e+00
  9- 8 0.00e+00 10- 9 0.00e+00 11-10 0.00e+00 12-11 0.00e+00 13-12 0.00e+00 14-13 0.00e+00 15-14 0.00e+00 16-15 0.00e+00
 17-16 0.00e+00 18-17 0.00e+00 19-18 0.00e+00 20-19 0.00e+00 21-20 0.00e+00 22-21 0.00e+00 23-22 0.00e+00 24-23 0.00e+00
 25-24 0.00e+00
  2- 1 0.00e+00  3- 2 0.00e+00  4- 3 0.00e+00  5- 4 0.00e+00  6- 5 0.00e+00  7- 6 0.00e+00  8- 7 0.00e+00
  9- 8 0.00e+00 10- 9 0.00e+00 11-10 0.00e+00 12-11 0.00e+00 13-12 0.00e+00 14-13 0.00e+00 15-14 0.00e+00 16-15 0.00e+00
 17-16 0.00e+00 18-17 0.00e+00 19-18 0.00e+00 20-19 0.00e+00 21-20 0.00e+00 22-21 0.00e+00 23-22 0.00e+00 24-23 0.00e+00
 25-24 0.00e+00

 Old He Is optical depths:    1 3.21e+03    2 1.99e-04    3 2.53e-04    4 2.83e-04    5 2.83e-04
 New He Is optical depths:    1 3.21e+03    2 2.00e-04    3 2.54e-04    4 2.83e-04    5 2.83e-04
          Old He Is Lines:  584 1.08e+07 3889 6.86e-08 5016 1.17e-13 5876 5.49e-19
          New He Is Lines:  584 1.08e+07 3889 6.78e-08 5016 1.16e-13 5876 5.43e-19

==== H      compounds ====           Log10 column densities [cm^-2]
   H2        : 15.678   H2*       : 13.338   H2+       : 11.511   H3+       :  7.527
==== He     compounds ====
   HeH+      : 10.693
==== Li     compounds ====
   LiH       :  3.354   LiH+      :  1.160
==== C      compounds ====
   CH        : 12.174   CH+       :  9.960   CH2       :  7.478   CH2+      :  5.962   CH3       :  1.224   CH3+      :  1.030
   CH4       : -3.934   CH4+      : -5.690   CH5+      :-10.425   C2        : 11.128   C2+       :  9.839   C2H       :  6.271
   C2H+      :  5.740   C2H2      :  0.244   C2H2+     :  1.431   C2H3+     : -8.044   C3        :  0.700   C3+       :  3.596
   C3H       : -1.364   C3H+      : -0.067
==== N      compounds ====
   NH        : 13.835   NH+       : 13.153   NH2       :  9.430   NH2+      :  9.156   NH3       :  4.813   NH3+      :  4.478
   NH4+      : -2.103   CN        : 13.108   CN+       :  7.547   HCN       :  7.435   HCN+      :  6.391   HNC       :  5.623
   HCNH+     :  2.150   HC3N      : -3.780   N2        : 14.007   N2+       : 10.093   N2H+      :  2.524
==== O      compounds ====
   OH        : 12.158   OH+       : 12.289   H2O       :  6.472   H2O+      :  8.067   H3O+      :  3.575   CO        : 14.347
   CO+       :  7.290   HCO+      :  7.998   H2CO      :  3.084   NO        : 12.311   NO+       : 10.662   HNO       :  5.860
   HNO+      :  6.127   OCN       :  3.976   OCN+      :  7.560   N2O       :  6.890   O2        :  7.763   O2+       : 10.705
   NO2       :  5.004   NO2+      :  4.238
==== F      compounds ====
   HF        : 12.176   HF+       :  4.339   H2F+      :  0.217   CF+       :  8.692
==== Ne     compounds ====
   NeH+      :  8.990
==== Si     compounds ====
   SiH       :  4.968   SiH2+     :  3.852   SiN       :  2.662   SiN+      : 10.928   SiO       :  7.411   SiO+      :  9.420
   SiOH+     :  4.788
==== S      compounds ====
   HS        : 11.257   HS+       :  9.974   CS        :  9.543   CS+       :  8.742   HCS+      :  5.439   NS        : 10.466
   NS+       : 10.195   SO        :  9.928   SO+       :  9.121   OCS       :  2.979   OCS+      :  1.702   SO2       :-35.930
   SiS       : 10.818   S2        :  4.355   S2+       :  3.227
==== Cl     compounds ====
   HCl       :  7.196   HCl+      : 10.338   H2Cl+     :  6.346   CCl       :-13.526   CCl+      :  1.688   H2CCl+    :-16.259
   ClO       :-13.853   ClO+      :-18.465
==== Ar     compounds ====
   ArH+      :  9.146


               1      2      3      4      5      6      7      8      9     10     11     12     13     14     15     16     17

 Hydrogen   21.210 18.053 15.680 (H2)                Log10 Column density (cm^-2)
 Helium     20.210  9.990-30.000
 Lithium     9.884 12.519-30.000-30.000
 Beryllium   9.832 10.555  4.184-30.000-30.000
 Boron       9.477 11.999 -1.135-30.000-30.000-30.000
 Carbon     17.598 15.043  3.645-30.000-30.000-30.000-30.000
 Nitrogen   17.139 14.080 -0.310-30.000-30.000-30.000-30.000-30.000
 Oxygen     17.900 14.649 -5.191-30.000-30.000-30.000-30.000-30.000-30.000
 Fluorine   13.676  8.737 -6.666-30.000-30.000-30.000-30.000-30.000-30.000-30.000
 Neon       17.210 10.638-30.000-30.000-30.000-30.000-30.000-30.000-30.000-30.000-30.000
 Sodium     12.875 15.539 -5.642-30.000-30.000-30.000-30.000-30.000-30.000-30.000-30.000-30.000
 Magnesium  15.341 16.733 12.794-30.000-30.000-30.000-30.000-30.000-30.000-30.000-30.000-30.000-30.000
 Aluminium  12.299 15.680  9.003-30.000-30.000-30.000-30.000-30.000-30.000-30.000-30.000-30.000-30.000-30.000
 Silicon    13.982 16.750 11.800-30.000-30.000-30.000-30.000-30.000-30.000-30.000-30.000-30.000-30.000-30.000-30.000
 Phosphorus 11.858 14.715  5.755-30.000-30.000-30.000-30.000-30.000-30.000-30.000-30.000-30.000-30.000-30.000-30.000-30.000
 Sulphur    16.339 15.903  7.305-30.000-30.000-30.000-30.000-30.000-30.000-30.000-30.000-30.000-30.000-30.000-30.000-30.000-30.000
 Chlorine   12.296 14.488  5.716-30.000-30.000-30.000-30.000-30.000-30.000-30.000-30.000-30.000-30.000-30.000-30.000-30.000-30.000
-30.000
 Argon      15.610 11.518  1.228-30.000-30.000-30.000-30.000-30.000-30.000-30.000-30.000-30.000-30.000-30.000-30.000-30.000-30.000
-30.000-30.000
 Potassium  11.017 14.330  1.509-30.000-30.000-30.000-30.000-30.000-30.000-30.000-30.000-30.000-30.000-30.000-30.000-30.000-30.000
-30.000-30.000-30.000
 Calcium    12.896 15.565 13.514-30.000-30.000-30.000-30.000-30.000-30.000-30.000-30.000-30.000-30.000-30.000-30.000-30.000-30.000
-30.000-30.000-30.000-30.000
 Scandium    9.586 12.377 10.176-30.000-30.000-30.000-30.000-30.000-30.000-30.000-30.000-30.000-30.000-30.000-30.000-30.000-30.000
-30.000-30.000-30.000-30.000-30.000
 Titanium   10.767 14.231 10.935-30.000-30.000-30.000-30.000-30.000-30.000-30.000-30.000-30.000-30.000-30.000-30.000-30.000-30.000
-30.000-30.000-30.000-30.000-30.000-30.000
 Vanadium   11.231 13.205  8.900-30.000-30.000-30.000-30.000-30.000-30.000-30.000-30.000-30.000-30.000-30.000-30.000-30.000-30.000
-30.000-30.000-30.000-30.000-30.000-30.000-30.000
 Chromium   12.269 14.879 11.188-30.000-30.000-30.000-30.000-30.000-30.000-30.000-30.000-30.000-30.000-30.000-30.000-30.000-30.000
-30.000-30.000-30.000-30.000-30.000-30.000-30.000-30.000
 Manganese  11.226 14.669 10.718-30.000-30.000-30.000-30.000-30.000-30.000-30.000-30.000-30.000-30.000-30.000-30.000-30.000-30.000
-30.000-30.000-30.000-30.000-30.000-30.000-30.000-30.000-30.000
 Iron       13.141 16.660 12.420-30.000-30.000-30.000-30.000-30.000-30.000-30.000-30.000-30.000-30.000-30.000-30.000-30.000-30.000
-30.000-30.000-30.000-30.000-30.000-30.000-30.000-30.000-30.000-30.000
 Cobalt     12.341 14.123  7.829-30.000-30.000-30.000-30.000-30.000-30.000-30.000-30.000-30.000-30.000-30.000-30.000-30.000-30.000
-30.000-30.000-30.000-30.000-30.000-30.000-30.000-30.000-30.000-30.000-30.000
 Nickel     12.098 15.460  3.682-30.000-30.000-30.000-30.000-30.000-30.000-30.000-30.000-30.000-30.000-30.000-30.000-30.000-30.000
-30.000-30.000-30.000-30.000-30.000-30.000-30.000-30.000-30.000-30.000-30.000-30.000
 Copper     11.974 13.404  2.889-30.000-30.000-30.000-30.000-30.000-30.000-30.000-30.000-30.000-30.000-30.000-30.000-30.000-30.000
-30.000-30.000-30.000-30.000-30.000-30.000-30.000-30.000-30.000-30.000-30.000-30.000-30.000
 Zinc       12.567 13.784  7.251-30.000-30.000-30.000-30.000-30.000-30.000-30.000-30.000-30.000-30.000-30.000-30.000-30.000-30.000
-30.000-30.000-30.000-30.000-30.000-30.000-30.000-30.000-30.000-30.000-30.000-30.000-30.000-30.000
 Exc state                  He[2]  5.814                 C+[2] 14.627                  C[1] 16.684                  C[2] 17.217
                             C[3] 17.262                  O[1] 17.892                  O[2] 15.900                  O[3] 15.747
                           Si+[1] 16.743                C+2[2] -0.889                C+2[3] -9.344                C+2[4] -4.864


 Hydrogen   -0.000 -3.157 -5.229 (H2)                 Log10 Mean Ionisation (over radius)
 Helium      0.000-10.220
 Lithium    -2.635 -0.001
 Beryllium  -0.798 -0.075 -6.446
 Boron      -2.523 -0.001-13.135
 Carbon     -0.001 -2.556-13.954
 Nitrogen   -0.001 -3.060-17.450
 Oxygen     -0.000 -3.251-23.091
 Fluorine   -0.014 -4.953-20.356
 Neon       -0.000 -6.572
 Sodium     -2.665 -0.001-21.182
 Magnesium  -1.409 -0.017 -3.956
 Aluminium  -3.381 -0.000 -6.677
 Silicon    -2.769 -0.001 -4.951
 Phosphorus -2.857 -0.001 -8.960
 Sulphur    -0.135 -0.572 -9.170
 Chlorine   -2.195 -0.003 -8.775
 Argon      -0.000 -4.092-14.382
 Potassium  -3.313 -0.000-12.822
 Calcium    -2.674 -0.005 -2.056
 Scandium   -2.794 -0.003 -2.204
 Titanium   -3.464 -0.000 -3.296
 Vanadium   -1.979 -0.005 -4.310
 Chromium   -2.612 -0.001 -3.692
 Manganese  -3.443 -0.000 -3.952
 Iron       -3.520 -0.000 -4.241
 Cobalt     -1.789 -0.007 -6.301
 Nickel     -3.363 -0.000-11.779
 Copper     -1.445 -0.016-10.531
 Zinc       -1.243 -0.026 -6.558

               1      2      3      4      5      6      7      8      9     10     11     12     13     14     15     16     17

 Hydrogen   -0.000 -3.154 -5.229 (H2)         Log10 Mean Ionisation (over radius*electron density)
 Helium     -0.000-10.216
 Lithium    -2.659 -0.001
 Beryllium  -0.826 -0.070 -6.439
 Boron      -2.589 -0.001-13.133
 Carbon     -0.001 -2.553-13.949
 Nitrogen   -0.001 -3.056-17.443
 Oxygen     -0.000 -3.248-23.086
 Fluorine   -0.012 -4.950-20.352
 Neon       -0.000 -6.573
 Sodium     -2.666 -0.001-21.180
 Magnesium  -1.416 -0.017 -3.952
 Aluminium  -3.396 -0.000 -6.676
 Silicon    -2.834 -0.001 -4.947
 Phosphorus -2.857 -0.001 -8.957
 Sulphur    -0.137 -0.568 -9.164
 Chlorine   -2.198 -0.003 -8.773
 Argon      -0.000 -4.090-14.376
 Potassium  -3.315 -0.000-12.820
 Calcium    -2.700 -0.005 -2.057
 Scandium   -2.815 -0.003 -2.205
 Titanium   -3.465 -0.000 -3.296
 Vanadium   -1.984 -0.005 -4.309
 Chromium   -2.646 -0.001 -3.688
 Manganese  -3.445 -0.000 -3.948
 Iron       -3.522 -0.000 -4.237
 Cobalt     -1.820 -0.007 -6.297
 Nickel     -3.365 -0.000-11.776
 Copper     -1.476 -0.015-10.527
 Zinc       -1.279 -0.023 -6.554

               1      2      3      4      5      6      7      8      9     10     11     12     13     14     15     16     17

 Hydrogen    4.000  4.000  4.000 (H2)                  Log10 Mean Temperature (over radius)
 Helium      4.000  4.000
 Lithium     4.000  4.000
 Beryllium   4.000  4.000  4.000
 Boron       4.000  4.000  4.000
 Carbon      4.000  4.000  4.000
 Nitrogen    4.000  4.000  4.000
 Oxygen      4.000  4.000  4.000
 Fluorine    4.000  4.000  4.000
 Neon        4.000  4.000
 Sodium      4.000  4.000  4.000
 Magnesium   4.000  4.000  4.000
 Aluminium   4.000  4.000  4.000
 Silicon     4.000  4.000  4.000
 Phosphorus  4.000  4.000  4.000
 Sulphur     4.000  4.000  4.000
 Chlorine    4.000  4.000  4.000
 Argon       4.000  4.000  4.000
 Potassium   4.000  4.000  4.000
 Calcium     4.000  4.000  4.000
 Scandium    4.000  4.000  4.000
 Titanium    4.000  4.000  4.000
 Vanadium    4.000  4.000  4.000
 Chromium    4.000  4.000  4.000
 Manganese   4.000  4.000  4.000
 Iron        4.000  4.000  4.000
 Cobalt      4.000  4.000  4.000
 Nickel      4.000  4.000  4.000
 Copper      4.000  4.000  4.000
 Zinc        4.000  4.000  4.000

               1      2      3      4      5      6      7      8      9     10     11     12     13     14     15     16     17

 Hydrogen    4.000  4.000  4.000 (H2)          Log10 Mean Temperature (over radius*electron density)
 Helium      4.000  4.000
 Lithium     4.000  4.000
 Beryllium   4.000  4.000  4.000
 Boron       4.000  4.000  4.000
 Carbon      4.000  4.000  4.000
 Nitrogen    4.000  4.000  4.000
 Oxygen      4.000  4.000  4.000
 Fluorine    4.000  4.000  4.000
 Neon        4.000  4.000
 Sodium      4.000  4.000  4.000
 Magnesium   4.000  4.000  4.000
 Aluminium   4.000  4.000  4.000
 Silicon     4.000  4.000  4.000
 Phosphorus  4.000  4.000  4.000
 Sulphur     4.000  4.000  4.000
 Chlorine    4.000  4.000  4.000
 Argon       4.000  4.000  4.000
 Potassium   4.000  4.000  4.000
 Calcium     4.000  4.000  4.000
 Scandium    4.000  4.000  4.000
 Titanium    4.000  4.000  4.000
 Vanadium    4.000  4.000  4.000
 Chromium    4.000  4.000  4.000
 Manganese   4.000  4.000  4.000
 Iron        4.000  4.000  4.000
 Cobalt      4.000  4.000  4.000
 Nickel      4.000  4.000  4.000
 Copper      4.000  4.000  4.000
 Zinc        4.000  4.000  4.000

               1      2      3      4      5      6      7      8      9     10     11     12     13     14     15     16     17
IC443 NE diffuse shock -- v shock=80 km/s, T obs=10000K  

---------------Convergence statistics---------------
      2.27 mean iterations/state convergence
         3 mean cx acceleration loops/iteration
      1.08 mean iso convergence loops/ion solve
      1.02 mean steps/chemistry solve
         1 mean step length searches/chemistry step
----------------------------------------------------

 Cloudy ends: 268 zones, 2 iterations. (single thread) ExecTime(s) 69.94
 [Stop in cdMain at maincl.cpp:593, Cloudy exited OK]
